timestamp,usuario,fecha_publicacion,contenido,respuestas,retweets,likes,guardados,vistas
2025-07-09 07:09:49,BanBif,Jul 7,"Tu familia no es un cajero automático, pero nosotros sí podemos ayudarte.💸 Solicita tu Préstamo Efectivo en BanBif y accede a ese dinero que necesitas, al instante.
👉 banbif.com.pe/Home/Personas/…",0,0,0,0,24
2025-07-09 07:09:49,BanBif,Jul 4,"¿Te dicen “NOOOO” cada vez que pides el carro?​
Es momento de manejar el tuyo, con nuestro Préstamo Vehicular BanBif, tener tu auto es más fácil de lo que crees.​
​
Más info aquí: banbif.com.pe/Personas/Prest….​

#AutoPropioYa #BanBif #PréstamoVehicular",0,0,0,0,45
2025-07-09 07:09:49,BanBif,Jul 3,"En BanBif creemos en un mundo donde ningún perrito esté solo. Por eso, fuimos parte de la Patatón 2025, una jornada llena de amor y esperanza para los peluditos que buscan familia.🐶✨
👉 banbif.com.pe/Personas/Fondo…",1,0,0,0,54
2025-07-09 07:09:49,BanBif,Jul 1,"Hay cosas que no funcionan solas...
Pero en tus finanzas si, con tu dúo genial 💪💰👉 Cuenta Ahorro Genial + Cuenta Ahorro Digital de BanBif. Una te da chance de ganar S/50,000, la otra te paga más por ahorrar.

Más info: banbif.com.pe/duo-genial",0,0,0,0,51
2025-07-09 07:09:49,BanBif,Jul 1,"🔒 Recuerda: protege tus datos.​ 👀 Lo que compartes en redes puede poner en riesgo tu seguridad financiera.​ ¡Que no te sorprendan!​

#BanBif #Banco #NoMásFraudes",0,0,1,0,49
2025-07-09 07:09:49,BanBif,Jun 28,"🏠 Acciones que transforman vida.​​

36 voluntarios construyeron 05 nuevas viviendas junto a @Techo y Asociación IF, en la comunidad 17 de Marzo, San Juan de Miraflores. ​
🩵 Gracias por ser parte de la experiencia que suma futuro.​​

#BanBif #Banco #Techo #AsociaciónIF #Volunta",0,0,0,0,79
2025-07-09 07:09:49,BanBif,Jun 26,"Danitza trasladó su CTS a BanBif…y ahora no solo duerme tranquila, también tiene narrador que lo confirma. 😌🎙️

Porque cuando sabes qué es tu CTS y dónde tenerla, vives con más tranquilidad.

banbif.com.pe/Personas/Cuent…",0,1,2,0,77
2025-07-09 07:09:49,BanBif,Jun 26,"☁️ Todo gran sueño empieza con el simple hábito de ahorrar.​

Con tu Cuenta Ahorro Digital, cada sol cuenta: sin monto mínimo, sin mantenimiento y una TREA promocional de 4% en soles.​
​
📍 Más información: banbif.com.pe/Personas/Cuent…​

#BanBif #Banco #CuentaAhorroDigital",0,0,0,0,168
2025-07-09 07:09:49,BanBif,Jun 26,"Encontrar tu match perfecto es más fácil cuando se trata de ahorrar ✨🌺​

Abre tu Dúo Genial en BanBif y podrías ganar S/50,000, acceder a más de 100 descuentos exclusivos con ClubHOLA, y una tasa de 4.3% TREA en soles.​

👉 banbif.com.pe/duo-genial",0,0,0,0,50
2025-07-09 07:09:49,BanBif,Jun 24,"Con el programa de beneficios #ClubHola, consigue descuentos exclusivos en tus marcas favoritas como Crepier y disfruta de muchos más. Además, accede gratis al contenido digital de El Comercio. ¡Y repite las veces que quieras! Más info en 👉 clubhola.pe",0,0,0,0,37
2025-07-09 07:09:49,BanBif,Jun 24,"🩵Pequeños aprendizajes que transforman futuros.​
​
☝️🥸 Con Enseña Perú, llevamos educación financiera a los niños de Ica.​
​
#BanBif #Banco #Voluntariado #EnseñaPeru",0,0,0,0,52
2025-07-09 07:09:49,BanBif,Jun 23,"😔 Hay cosas que no vuelven, que tu plata no sea una de ellas. ​
​
📲 Usa Plin desde tu BanBif App.​
​
📍Conoce más en: banbif.com.pe/bancadigital​
​
#Banco #BanBif",0,0,1,0,165
2025-07-09 07:09:49,BanBif,Jun 19,"🐶 Este año nos volvemos a sumar a la #Patatón2025
Un evento que abre puertas y corazones para que más perritos encuentren un hogar lleno de amor.

Los esperamos:
📅 Fecha: Sábado 28 y domingo 29
⏰ Hora: 10:00 a.m.

📍 Circuito Mágico del Agua – Puerta 4 ¡INGRESO LIBRE!",0,1,1,0,80
2025-07-09 07:09:49,BanBif,Jun 16,"😉 A veces solo necesitas un antojo, y los descuentos del ClubHOLA, para alegrarte el día.​

📍Más información aquí: clubhola.pe​

#BanBif #Banco #ClubHOLA",0,1,0,0,61
2025-07-09 07:09:49,BanBif,Jun 13,"Esta vez, quisimos escuchar a nuestros papis en BanBif. Ellos nos recordaron que ser papá es dejar huella todos los días: en casa, en el trabajo y en cada momento compartido. 👔 ¡Gracias por estar siempre presentes y por enseñar con amor y compromiso! #BanBif",0,0,0,0,57
2025-07-09 07:09:49,BanBif,Jun 13,"📅 Olvídate del viernes 13.​
​
Con HOLACambio$ desde tu BanBif App:​
​
✅ Cambia dólares a soles (y viceversa 🔁)​
✅ Rápido, seguro y 100% digital​
✅ Un tipo de cambio preferencial​

📍Más información aquí: banbif.com.pe/bancadigital​
​
#Banco #BanBif #HolaCambio$",1,0,1,0,275
2025-07-09 07:09:49,BanBif,Jun 12,"¡No necesitas ahorrar millones, solo necesitas empezar!​ 
🎯Con tu Cuenta Ahorro Digital consigues lo que te emociona, sin mantenimiento y sin monto mínimo de apertura.​
​
📍Conoce más información: banbif.com.pe/Personas/Cuent…​
​
#Banco #BanBif #CuentaAhorroDigital",1,0,0,0,190
2025-07-09 07:09:49,BanBif,Jun 7,"🫵🏻 ¡Tienes más potencial del que crees!​​

🌟 Con tu Tarjeta de Crédito Clásica accede a beneficios reales.​
​
📍Más información aquí: banbif.com.pe/Personas/Tarje…​
​
#Banco #BanBif #TarjetaCréditoClásica",1,0,0,0,59
2025-07-09 07:09:49,BanBif,Jun 7,"Y para ti, ¿qué significa OHANA?  💙📷 Bueno, tal vez no sea hazme un PLIN, pero no hay nada mejor que Plinear de manera simple y rápida📷📷Recuerda que desde tu BanBif App puedes plinear en cualquier momento. 📷 Conoce más aquí 📷 banbif.com.pe/plin👉",0,0,0,0,272
2025-07-09 07:09:49,BanBif,Jun 5,"🧚🏻‍♀️Es hora de convertirte en la Premi-hada.​
💳Abre tu Cuenta Ahorro Genial de BanBif y podrías participar todos los meses por S/ 50,000.​
✨Ahorra fácil y con un premio que parece de cuento.​
​
Más información: banbif.com.pe/Personas/Cuent…​

#Banco #BanBif #CuentaAhorroGenial #Hadas",0,0,1,0,66
2025-07-09 07:18:27,BanBif,Jul 7,"Tu familia no es un cajero automático, pero nosotros sí podemos ayudarte.💸 Solicita tu Préstamo Efectivo en BanBif y accede a ese dinero que necesitas, al instante.
👉 banbif.com.pe/Home/Personas/…",0,0,0,0,24
2025-07-09 07:18:27,BanBif,Jul 4,"¿Te dicen “NOOOO” cada vez que pides el carro?​
Es momento de manejar el tuyo, con nuestro Préstamo Vehicular BanBif, tener tu auto es más fácil de lo que crees.​
​
Más info aquí: banbif.com.pe/Personas/Prest….​

#AutoPropioYa #BanBif #PréstamoVehicular",0,0,0,0,45
2025-07-09 07:18:27,BanBif,Jul 3,"En BanBif creemos en un mundo donde ningún perrito esté solo. Por eso, fuimos parte de la Patatón 2025, una jornada llena de amor y esperanza para los peluditos que buscan familia.🐶✨
👉 banbif.com.pe/Personas/Fondo…",1,0,0,0,54
2025-07-09 07:18:27,BanBif,Jul 1,"Hay cosas que no funcionan solas...
Pero en tus finanzas si, con tu dúo genial 💪💰👉 Cuenta Ahorro Genial + Cuenta Ahorro Digital de BanBif. Una te da chance de ganar S/50,000, la otra te paga más por ahorrar.

Más info: banbif.com.pe/duo-genial",0,0,0,0,51
2025-07-09 07:18:27,BanBif,Jul 1,"🔒 Recuerda: protege tus datos.​ 👀 Lo que compartes en redes puede poner en riesgo tu seguridad financiera.​ ¡Que no te sorprendan!​

#BanBif #Banco #NoMásFraudes",0,0,1,0,49
2025-07-09 07:18:27,BanBif,Jun 28,"🏠 Acciones que transforman vida.​​

36 voluntarios construyeron 05 nuevas viviendas junto a @Techo y Asociación IF, en la comunidad 17 de Marzo, San Juan de Miraflores. ​
🩵 Gracias por ser parte de la experiencia que suma futuro.​​

#BanBif #Banco #Techo #AsociaciónIF #Volunta",0,0,0,0,79
2025-07-09 07:18:27,BanBif,Jun 26,"Danitza trasladó su CTS a BanBif…y ahora no solo duerme tranquila, también tiene narrador que lo confirma. 😌🎙️

Porque cuando sabes qué es tu CTS y dónde tenerla, vives con más tranquilidad.

banbif.com.pe/Personas/Cuent…",0,1,2,0,77
2025-07-09 07:18:27,BanBif,Jun 26,"☁️ Todo gran sueño empieza con el simple hábito de ahorrar.​

Con tu Cuenta Ahorro Digital, cada sol cuenta: sin monto mínimo, sin mantenimiento y una TREA promocional de 4% en soles.​
​
📍 Más información: banbif.com.pe/Personas/Cuent…​

#BanBif #Banco #CuentaAhorroDigital",0,0,0,0,168
2025-07-09 07:18:27,BanBif,Jun 26,"Encontrar tu match perfecto es más fácil cuando se trata de ahorrar ✨🌺​

Abre tu Dúo Genial en BanBif y podrías ganar S/50,000, acceder a más de 100 descuentos exclusivos con ClubHOLA, y una tasa de 4.3% TREA en soles.​

👉 banbif.com.pe/duo-genial",0,0,0,0,50
2025-07-09 07:18:27,BanBif,Jun 24,"Con el programa de beneficios #ClubHola, consigue descuentos exclusivos en tus marcas favoritas como Crepier y disfruta de muchos más. Además, accede gratis al contenido digital de El Comercio. ¡Y repite las veces que quieras! Más info en 👉 clubhola.pe",0,0,0,0,37
2025-07-09 07:18:27,BanBif,Jun 24,"🩵Pequeños aprendizajes que transforman futuros.​
​
☝️🥸 Con Enseña Perú, llevamos educación financiera a los niños de Ica.​
​
#BanBif #Banco #Voluntariado #EnseñaPeru",0,0,0,0,52
2025-07-09 07:18:27,BanBif,Jun 23,"😔 Hay cosas que no vuelven, que tu plata no sea una de ellas. ​
​
📲 Usa Plin desde tu BanBif App.​
​
📍Conoce más en: banbif.com.pe/bancadigital​
​
#Banco #BanBif",0,0,1,0,165
2025-07-09 07:18:27,BanBif,Jun 19,"🐶 Este año nos volvemos a sumar a la #Patatón2025
Un evento que abre puertas y corazones para que más perritos encuentren un hogar lleno de amor.

Los esperamos:
📅 Fecha: Sábado 28 y domingo 29
⏰ Hora: 10:00 a.m.

📍 Circuito Mágico del Agua – Puerta 4 ¡INGRESO LIBRE!",0,1,1,0,80
2025-07-09 07:18:27,BanBif,Jun 16,"😉 A veces solo necesitas un antojo, y los descuentos del ClubHOLA, para alegrarte el día.​

📍Más información aquí: clubhola.pe​

#BanBif #Banco #ClubHOLA",0,1,0,0,61
2025-07-09 07:18:27,BanBif,Jun 13,"Esta vez, quisimos escuchar a nuestros papis en BanBif. Ellos nos recordaron que ser papá es dejar huella todos los días: en casa, en el trabajo y en cada momento compartido. 👔 ¡Gracias por estar siempre presentes y por enseñar con amor y compromiso! #BanBif",0,0,0,0,57
2025-07-09 07:18:27,BanBif,Jun 13,"📅 Olvídate del viernes 13.​
​
Con HOLACambio$ desde tu BanBif App:​
​
✅ Cambia dólares a soles (y viceversa 🔁)​
✅ Rápido, seguro y 100% digital​
✅ Un tipo de cambio preferencial​

📍Más información aquí: banbif.com.pe/bancadigital​
​
#Banco #BanBif #HolaCambio$",1,0,1,0,275
2025-07-09 07:18:27,BanBif,Jun 12,"¡No necesitas ahorrar millones, solo necesitas empezar!​ 
🎯Con tu Cuenta Ahorro Digital consigues lo que te emociona, sin mantenimiento y sin monto mínimo de apertura.​
​
📍Conoce más información: banbif.com.pe/Personas/Cuent…​
​
#Banco #BanBif #CuentaAhorroDigital",1,0,0,0,190
2025-07-09 07:18:27,BanBif,Jun 7,"🫵🏻 ¡Tienes más potencial del que crees!​​

🌟 Con tu Tarjeta de Crédito Clásica accede a beneficios reales.​
​
📍Más información aquí: banbif.com.pe/Personas/Tarje…​
​
#Banco #BanBif #TarjetaCréditoClásica",1,0,0,0,59
2025-07-09 07:18:27,BanBif,Jun 7,"Y para ti, ¿qué significa OHANA?  💙📷 Bueno, tal vez no sea hazme un PLIN, pero no hay nada mejor que Plinear de manera simple y rápida📷📷Recuerda que desde tu BanBif App puedes plinear en cualquier momento. 📷 Conoce más aquí 📷 banbif.com.pe/plin👉",0,0,0,0,272
2025-07-09 07:18:27,BanBif,Jun 5,"🧚🏻‍♀️Es hora de convertirte en la Premi-hada.​
💳Abre tu Cuenta Ahorro Genial de BanBif y podrías participar todos los meses por S/ 50,000.​
✨Ahorra fácil y con un premio que parece de cuento.​
​
Más información: banbif.com.pe/Personas/Cuent…​

#Banco #BanBif #CuentaAhorroGenial #Hadas",0,0,1,0,66
2025-07-09 08:27:46,BanBif,Jul 7,"Tu familia no es un cajero automático, pero nosotros sí podemos ayudarte.💸 Solicita tu Préstamo Efectivo en BanBif y accede a ese dinero que necesitas, al instante.
👉 banbif.com.pe/Home/Personas/…",0,0,0,0,24
2025-07-09 08:27:46,BanBif,Jul 4,"¿Te dicen “NOOOO” cada vez que pides el carro?​
Es momento de manejar el tuyo, con nuestro Préstamo Vehicular BanBif, tener tu auto es más fácil de lo que crees.​
​
Más info aquí: banbif.com.pe/Personas/Prest….​

#AutoPropioYa #BanBif #PréstamoVehicular",0,0,0,0,46
2025-07-09 08:27:46,BanBif,Jul 3,"En BanBif creemos en un mundo donde ningún perrito esté solo. Por eso, fuimos parte de la Patatón 2025, una jornada llena de amor y esperanza para los peluditos que buscan familia.🐶✨
👉 banbif.com.pe/Personas/Fondo…",1,0,0,0,54
2025-07-09 08:27:46,BanBif,Jul 1,"Hay cosas que no funcionan solas...
Pero en tus finanzas si, con tu dúo genial 💪💰👉 Cuenta Ahorro Genial + Cuenta Ahorro Digital de BanBif. Una te da chance de ganar S/50,000, la otra te paga más por ahorrar.

Más info: banbif.com.pe/duo-genial",0,0,0,0,51
2025-07-09 08:27:46,BanBif,Jul 1,"🔒 Recuerda: protege tus datos.​ 👀 Lo que compartes en redes puede poner en riesgo tu seguridad financiera.​ ¡Que no te sorprendan!​

#BanBif #Banco #NoMásFraudes",0,0,1,0,49
2025-07-09 08:27:46,BanBif,Jun 28,"🏠 Acciones que transforman vida.​​

36 voluntarios construyeron 05 nuevas viviendas junto a @Techo y Asociación IF, en la comunidad 17 de Marzo, San Juan de Miraflores. ​
🩵 Gracias por ser parte de la experiencia que suma futuro.​​

#BanBif #Banco #Techo #AsociaciónIF #Volunta",0,0,0,0,79
2025-07-09 08:27:46,BanBif,Jun 26,"Danitza trasladó su CTS a BanBif…y ahora no solo duerme tranquila, también tiene narrador que lo confirma. 😌🎙️

Porque cuando sabes qué es tu CTS y dónde tenerla, vives con más tranquilidad.

banbif.com.pe/Personas/Cuent…",0,1,2,0,77
2025-07-09 08:27:46,BanBif,Jun 26,"☁️ Todo gran sueño empieza con el simple hábito de ahorrar.​

Con tu Cuenta Ahorro Digital, cada sol cuenta: sin monto mínimo, sin mantenimiento y una TREA promocional de 4% en soles.​
​
📍 Más información: banbif.com.pe/Personas/Cuent…​

#BanBif #Banco #CuentaAhorroDigital",0,0,0,0,168
2025-07-09 08:27:46,BanBif,Jun 26,"Encontrar tu match perfecto es más fácil cuando se trata de ahorrar ✨🌺​

Abre tu Dúo Genial en BanBif y podrías ganar S/50,000, acceder a más de 100 descuentos exclusivos con ClubHOLA, y una tasa de 4.3% TREA en soles.​

👉 banbif.com.pe/duo-genial",0,0,0,0,50
2025-07-09 08:27:46,BanBif,Jun 24,"Con el programa de beneficios #ClubHola, consigue descuentos exclusivos en tus marcas favoritas como Crepier y disfruta de muchos más. Además, accede gratis al contenido digital de El Comercio. ¡Y repite las veces que quieras! Más info en 👉 clubhola.pe",0,0,0,0,37
2025-07-09 08:27:46,BanBif,Jun 24,"🩵Pequeños aprendizajes que transforman futuros.​
​
☝️🥸 Con Enseña Perú, llevamos educación financiera a los niños de Ica.​
​
#BanBif #Banco #Voluntariado #EnseñaPeru",0,0,0,0,52
2025-07-09 08:27:46,BanBif,Jun 23,"😔 Hay cosas que no vuelven, que tu plata no sea una de ellas. ​
​
📲 Usa Plin desde tu BanBif App.​
​
📍Conoce más en: banbif.com.pe/bancadigital​
​
#Banco #BanBif",0,0,1,0,165
2025-07-09 08:27:46,BanBif,Jun 19,"🐶 Este año nos volvemos a sumar a la #Patatón2025
Un evento que abre puertas y corazones para que más perritos encuentren un hogar lleno de amor.

Los esperamos:
📅 Fecha: Sábado 28 y domingo 29
⏰ Hora: 10:00 a.m.

📍 Circuito Mágico del Agua – Puerta 4 ¡INGRESO LIBRE!",0,1,1,0,80
2025-07-09 08:27:46,BanBif,Jun 16,"😉 A veces solo necesitas un antojo, y los descuentos del ClubHOLA, para alegrarte el día.​

📍Más información aquí: clubhola.pe​

#BanBif #Banco #ClubHOLA",0,1,0,0,61
2025-07-09 08:27:46,BanBif,Jun 13,"Esta vez, quisimos escuchar a nuestros papis en BanBif. Ellos nos recordaron que ser papá es dejar huella todos los días: en casa, en el trabajo y en cada momento compartido. 👔 ¡Gracias por estar siempre presentes y por enseñar con amor y compromiso! #BanBif",0,0,0,0,57
2025-07-09 08:27:46,BanBif,Jun 13,"📅 Olvídate del viernes 13.​
​
Con HOLACambio$ desde tu BanBif App:​
​
✅ Cambia dólares a soles (y viceversa 🔁)​
✅ Rápido, seguro y 100% digital​
✅ Un tipo de cambio preferencial​

📍Más información aquí: banbif.com.pe/bancadigital​
​
#Banco #BanBif #HolaCambio$",1,0,1,0,275
2025-07-09 08:27:46,BanBif,Jun 12,"¡No necesitas ahorrar millones, solo necesitas empezar!​ 
🎯Con tu Cuenta Ahorro Digital consigues lo que te emociona, sin mantenimiento y sin monto mínimo de apertura.​
​
📍Conoce más información: banbif.com.pe/Personas/Cuent…​
​
#Banco #BanBif #CuentaAhorroDigital",1,0,0,0,190
2025-07-09 08:27:46,BanBif,Jun 7,"🫵🏻 ¡Tienes más potencial del que crees!​​

🌟 Con tu Tarjeta de Crédito Clásica accede a beneficios reales.​
​
📍Más información aquí: banbif.com.pe/Personas/Tarje…​
​
#Banco #BanBif #TarjetaCréditoClásica",1,0,0,0,59
2025-07-09 08:27:46,BanBif,Jun 7,"Y para ti, ¿qué significa OHANA?  💙📷 Bueno, tal vez no sea hazme un PLIN, pero no hay nada mejor que Plinear de manera simple y rápida📷📷Recuerda que desde tu BanBif App puedes plinear en cualquier momento. 📷 Conoce más aquí 📷 banbif.com.pe/plin👉",0,0,0,0,272
2025-07-09 08:27:46,BanBif,Jun 5,"🧚🏻‍♀️Es hora de convertirte en la Premi-hada.​
💳Abre tu Cuenta Ahorro Genial de BanBif y podrías participar todos los meses por S/ 50,000.​
✨Ahorra fácil y con un premio que parece de cuento.​
​
Más información: banbif.com.pe/Personas/Cuent…​

#Banco #BanBif #CuentaAhorroGenial #Hadas",0,0,1,0,66
2025-07-09 09:23:20,BanBif,Jul 7,"Tu familia no es un cajero automático, pero nosotros sí podemos ayudarte.💸 Solicita tu Préstamo Efectivo en BanBif y accede a ese dinero que necesitas, al instante.
👉 banbif.com.pe/Home/Personas/…",0,0,0,0,24
2025-07-09 09:23:20,BanBif,Jul 4,"¿Te dicen “NOOOO” cada vez que pides el carro?​
Es momento de manejar el tuyo, con nuestro Préstamo Vehicular BanBif, tener tu auto es más fácil de lo que crees.​
​
Más info aquí: banbif.com.pe/Personas/Prest….​

#AutoPropioYa #BanBif #PréstamoVehicular",0,0,0,0,46
2025-07-09 09:23:20,BanBif,Jul 3,"En BanBif creemos en un mundo donde ningún perrito esté solo. Por eso, fuimos parte de la Patatón 2025, una jornada llena de amor y esperanza para los peluditos que buscan familia.🐶✨
👉 banbif.com.pe/Personas/Fondo…",1,0,0,0,54
2025-07-09 09:23:20,BanBif,Jul 1,"Hay cosas que no funcionan solas...
Pero en tus finanzas si, con tu dúo genial 💪💰👉 Cuenta Ahorro Genial + Cuenta Ahorro Digital de BanBif. Una te da chance de ganar S/50,000, la otra te paga más por ahorrar.

Más info: banbif.com.pe/duo-genial",0,0,0,0,51
2025-07-09 09:23:20,BanBif,Jul 1,"🔒 Recuerda: protege tus datos.​ 👀 Lo que compartes en redes puede poner en riesgo tu seguridad financiera.​ ¡Que no te sorprendan!​

#BanBif #Banco #NoMásFraudes",0,0,1,0,49
2025-07-09 09:23:20,BanBif,Jun 28,"🏠 Acciones que transforman vida.​​

36 voluntarios construyeron 05 nuevas viviendas junto a @Techo y Asociación IF, en la comunidad 17 de Marzo, San Juan de Miraflores. ​
🩵 Gracias por ser parte de la experiencia que suma futuro.​​

#BanBif #Banco #Techo #AsociaciónIF #Volunta",0,0,0,0,79
2025-07-09 09:23:20,BanBif,Jun 26,"Danitza trasladó su CTS a BanBif…y ahora no solo duerme tranquila, también tiene narrador que lo confirma. 😌🎙️

Porque cuando sabes qué es tu CTS y dónde tenerla, vives con más tranquilidad.

banbif.com.pe/Personas/Cuent…",0,1,2,0,77
2025-07-09 09:23:20,BanBif,Jun 26,"☁️ Todo gran sueño empieza con el simple hábito de ahorrar.​

Con tu Cuenta Ahorro Digital, cada sol cuenta: sin monto mínimo, sin mantenimiento y una TREA promocional de 4% en soles.​
​
📍 Más información: banbif.com.pe/Personas/Cuent…​

#BanBif #Banco #CuentaAhorroDigital",0,0,0,0,168
2025-07-09 09:23:20,BanBif,Jun 26,"Encontrar tu match perfecto es más fácil cuando se trata de ahorrar ✨🌺​

Abre tu Dúo Genial en BanBif y podrías ganar S/50,000, acceder a más de 100 descuentos exclusivos con ClubHOLA, y una tasa de 4.3% TREA en soles.​

👉 banbif.com.pe/duo-genial",0,0,0,0,50
2025-07-09 09:23:20,BanBif,Jun 24,"Con el programa de beneficios #ClubHola, consigue descuentos exclusivos en tus marcas favoritas como Crepier y disfruta de muchos más. Además, accede gratis al contenido digital de El Comercio. ¡Y repite las veces que quieras! Más info en 👉 clubhola.pe",0,0,0,0,37
2025-07-09 09:23:20,BanBif,Jun 24,"🩵Pequeños aprendizajes que transforman futuros.​
​
☝️🥸 Con Enseña Perú, llevamos educación financiera a los niños de Ica.​
​
#BanBif #Banco #Voluntariado #EnseñaPeru",0,0,0,0,52
2025-07-09 09:23:20,BanBif,Jun 23,"😔 Hay cosas que no vuelven, que tu plata no sea una de ellas. ​
​
📲 Usa Plin desde tu BanBif App.​
​
📍Conoce más en: banbif.com.pe/bancadigital​
​
#Banco #BanBif",0,0,1,0,165
2025-07-09 09:23:20,BanBif,Jun 19,"🐶 Este año nos volvemos a sumar a la #Patatón2025
Un evento que abre puertas y corazones para que más perritos encuentren un hogar lleno de amor.

Los esperamos:
📅 Fecha: Sábado 28 y domingo 29
⏰ Hora: 10:00 a.m.

📍 Circuito Mágico del Agua – Puerta 4 ¡INGRESO LIBRE!",0,1,1,0,80
2025-07-09 09:23:20,BanBif,Jun 16,"😉 A veces solo necesitas un antojo, y los descuentos del ClubHOLA, para alegrarte el día.​

📍Más información aquí: clubhola.pe​

#BanBif #Banco #ClubHOLA",0,1,0,0,61
2025-07-09 09:23:20,BanBif,Jun 13,"Esta vez, quisimos escuchar a nuestros papis en BanBif. Ellos nos recordaron que ser papá es dejar huella todos los días: en casa, en el trabajo y en cada momento compartido. 👔 ¡Gracias por estar siempre presentes y por enseñar con amor y compromiso! #BanBif",0,0,0,0,57
2025-07-09 09:23:20,BanBif,Jun 13,"📅 Olvídate del viernes 13.​
​
Con HOLACambio$ desde tu BanBif App:​
​
✅ Cambia dólares a soles (y viceversa 🔁)​
✅ Rápido, seguro y 100% digital​
✅ Un tipo de cambio preferencial​

📍Más información aquí: banbif.com.pe/bancadigital​
​
#Banco #BanBif #HolaCambio$",1,0,1,0,276
2025-07-09 09:23:20,BanBif,Jun 12,"¡No necesitas ahorrar millones, solo necesitas empezar!​ 
🎯Con tu Cuenta Ahorro Digital consigues lo que te emociona, sin mantenimiento y sin monto mínimo de apertura.​
​
📍Conoce más información: banbif.com.pe/Personas/Cuent…​
​
#Banco #BanBif #CuentaAhorroDigital",1,0,0,0,191
2025-07-09 09:23:20,BanBif,Jun 7,"🫵🏻 ¡Tienes más potencial del que crees!​​

🌟 Con tu Tarjeta de Crédito Clásica accede a beneficios reales.​
​
📍Más información aquí: banbif.com.pe/Personas/Tarje…​
​
#Banco #BanBif #TarjetaCréditoClásica",1,0,0,0,59
2025-07-09 09:23:20,BanBif,Jun 7,"Y para ti, ¿qué significa OHANA?  💙📷 Bueno, tal vez no sea hazme un PLIN, pero no hay nada mejor que Plinear de manera simple y rápida📷📷Recuerda que desde tu BanBif App puedes plinear en cualquier momento. 📷 Conoce más aquí 📷 banbif.com.pe/plin👉",0,0,0,0,272
2025-07-09 09:23:20,BanBif,Jun 5,"🧚🏻‍♀️Es hora de convertirte en la Premi-hada.​
💳Abre tu Cuenta Ahorro Genial de BanBif y podrías participar todos los meses por S/ 50,000.​
✨Ahorra fácil y con un premio que parece de cuento.​
​
Más información: banbif.com.pe/Personas/Cuent…​

#Banco #BanBif #CuentaAhorroGenial #Hadas",0,0,1,0,66
2025-07-09 10:22:13,BanBif,Jul 7,"Tu familia no es un cajero automático, pero nosotros sí podemos ayudarte.💸 Solicita tu Préstamo Efectivo en BanBif y accede a ese dinero que necesitas, al instante.
👉 banbif.com.pe/Home/Personas/…",0,0,0,0,24
2025-07-09 10:22:13,BanBif,Jul 4,"¿Te dicen “NOOOO” cada vez que pides el carro?​
Es momento de manejar el tuyo, con nuestro Préstamo Vehicular BanBif, tener tu auto es más fácil de lo que crees.​
​
Más info aquí: banbif.com.pe/Personas/Prest….​

#AutoPropioYa #BanBif #PréstamoVehicular",0,0,0,0,46
2025-07-09 10:22:13,BanBif,Jul 3,"En BanBif creemos en un mundo donde ningún perrito esté solo. Por eso, fuimos parte de la Patatón 2025, una jornada llena de amor y esperanza para los peluditos que buscan familia.🐶✨
👉 banbif.com.pe/Personas/Fondo…",1,0,0,0,54
2025-07-09 10:22:13,BanBif,Jul 1,"Hay cosas que no funcionan solas...
Pero en tus finanzas si, con tu dúo genial 💪💰👉 Cuenta Ahorro Genial + Cuenta Ahorro Digital de BanBif. Una te da chance de ganar S/50,000, la otra te paga más por ahorrar.

Más info: banbif.com.pe/duo-genial",0,0,0,0,51
2025-07-09 10:22:13,BanBif,Jul 1,"🔒 Recuerda: protege tus datos.​ 👀 Lo que compartes en redes puede poner en riesgo tu seguridad financiera.​ ¡Que no te sorprendan!​

#BanBif #Banco #NoMásFraudes",0,0,1,0,49
2025-07-09 10:22:13,BanBif,Jun 28,"🏠 Acciones que transforman vida.​​

36 voluntarios construyeron 05 nuevas viviendas junto a @Techo y Asociación IF, en la comunidad 17 de Marzo, San Juan de Miraflores. ​
🩵 Gracias por ser parte de la experiencia que suma futuro.​​

#BanBif #Banco #Techo #AsociaciónIF #Volunta",0,0,0,0,79
2025-07-09 10:22:13,BanBif,Jun 26,"Danitza trasladó su CTS a BanBif…y ahora no solo duerme tranquila, también tiene narrador que lo confirma. 😌🎙️

Porque cuando sabes qué es tu CTS y dónde tenerla, vives con más tranquilidad.

banbif.com.pe/Personas/Cuent…",0,1,2,0,77
2025-07-09 10:22:13,BanBif,Jun 26,"☁️ Todo gran sueño empieza con el simple hábito de ahorrar.​

Con tu Cuenta Ahorro Digital, cada sol cuenta: sin monto mínimo, sin mantenimiento y una TREA promocional de 4% en soles.​
​
📍 Más información: banbif.com.pe/Personas/Cuent…​

#BanBif #Banco #CuentaAhorroDigital",0,0,0,0,168
2025-07-09 10:22:13,BanBif,Jun 26,"Encontrar tu match perfecto es más fácil cuando se trata de ahorrar ✨🌺​

Abre tu Dúo Genial en BanBif y podrías ganar S/50,000, acceder a más de 100 descuentos exclusivos con ClubHOLA, y una tasa de 4.3% TREA en soles.​

👉 banbif.com.pe/duo-genial",0,0,0,0,50
2025-07-09 10:22:13,BanBif,Jun 24,"Con el programa de beneficios #ClubHola, consigue descuentos exclusivos en tus marcas favoritas como Crepier y disfruta de muchos más. Además, accede gratis al contenido digital de El Comercio. ¡Y repite las veces que quieras! Más info en 👉 clubhola.pe",0,0,0,0,37
2025-07-09 10:22:13,BanBif,Jun 24,"🩵Pequeños aprendizajes que transforman futuros.​
​
☝️🥸 Con Enseña Perú, llevamos educación financiera a los niños de Ica.​
​
#BanBif #Banco #Voluntariado #EnseñaPeru",0,0,0,0,52
2025-07-09 10:22:13,BanBif,Jun 23,"😔 Hay cosas que no vuelven, que tu plata no sea una de ellas. ​
​
📲 Usa Plin desde tu BanBif App.​
​
📍Conoce más en: banbif.com.pe/bancadigital​
​
#Banco #BanBif",0,0,1,0,165
2025-07-09 10:22:13,BanBif,Jun 19,"🐶 Este año nos volvemos a sumar a la #Patatón2025
Un evento que abre puertas y corazones para que más perritos encuentren un hogar lleno de amor.

Los esperamos:
📅 Fecha: Sábado 28 y domingo 29
⏰ Hora: 10:00 a.m.

📍 Circuito Mágico del Agua – Puerta 4 ¡INGRESO LIBRE!",0,1,1,0,80
2025-07-09 10:22:13,BanBif,Jun 16,"😉 A veces solo necesitas un antojo, y los descuentos del ClubHOLA, para alegrarte el día.​

📍Más información aquí: clubhola.pe​

#BanBif #Banco #ClubHOLA",0,1,0,0,61
2025-07-09 10:22:13,BanBif,Jun 13,"Esta vez, quisimos escuchar a nuestros papis en BanBif. Ellos nos recordaron que ser papá es dejar huella todos los días: en casa, en el trabajo y en cada momento compartido. 👔 ¡Gracias por estar siempre presentes y por enseñar con amor y compromiso! #BanBif",0,0,0,0,57
2025-07-09 10:22:13,BanBif,Jun 13,"📅 Olvídate del viernes 13.​
​
Con HOLACambio$ desde tu BanBif App:​
​
✅ Cambia dólares a soles (y viceversa 🔁)​
✅ Rápido, seguro y 100% digital​
✅ Un tipo de cambio preferencial​

📍Más información aquí: banbif.com.pe/bancadigital​
​
#Banco #BanBif #HolaCambio$",1,0,1,0,276
2025-07-09 10:22:13,BanBif,Jun 12,"¡No necesitas ahorrar millones, solo necesitas empezar!​ 
🎯Con tu Cuenta Ahorro Digital consigues lo que te emociona, sin mantenimiento y sin monto mínimo de apertura.​
​
📍Conoce más información: banbif.com.pe/Personas/Cuent…​
​
#Banco #BanBif #CuentaAhorroDigital",1,0,0,0,191
2025-07-09 10:22:13,BanBif,Jun 7,"🫵🏻 ¡Tienes más potencial del que crees!​​

🌟 Con tu Tarjeta de Crédito Clásica accede a beneficios reales.​
​
📍Más información aquí: banbif.com.pe/Personas/Tarje…​
​
#Banco #BanBif #TarjetaCréditoClásica",1,0,0,0,59
2025-07-09 10:22:13,BanBif,Jun 7,"Y para ti, ¿qué significa OHANA?  💙📷 Bueno, tal vez no sea hazme un PLIN, pero no hay nada mejor que Plinear de manera simple y rápida📷📷Recuerda que desde tu BanBif App puedes plinear en cualquier momento. 📷 Conoce más aquí 📷 banbif.com.pe/plin👉",0,0,0,0,272
2025-07-09 10:22:13,BanBif,Jun 5,"🧚🏻‍♀️Es hora de convertirte en la Premi-hada.​
💳Abre tu Cuenta Ahorro Genial de BanBif y podrías participar todos los meses por S/ 50,000.​
✨Ahorra fácil y con un premio que parece de cuento.​
​
Más información: banbif.com.pe/Personas/Cuent…​

#Banco #BanBif #CuentaAhorroGenial #Hadas",0,0,1,0,66
2025-07-09 11:17:41,BanBif,Jul 7,"Tu familia no es un cajero automático, pero nosotros sí podemos ayudarte.💸 Solicita tu Préstamo Efectivo en BanBif y accede a ese dinero que necesitas, al instante.
👉 banbif.com.pe/Home/Personas/…",0,0,0,0,24
2025-07-09 11:17:41,BanBif,Jul 4,"¿Te dicen “NOOOO” cada vez que pides el carro?​
Es momento de manejar el tuyo, con nuestro Préstamo Vehicular BanBif, tener tu auto es más fácil de lo que crees.​
​
Más info aquí: banbif.com.pe/Personas/Prest….​

#AutoPropioYa #BanBif #PréstamoVehicular",0,0,0,0,46
2025-07-09 11:17:41,BanBif,Jul 3,"En BanBif creemos en un mundo donde ningún perrito esté solo. Por eso, fuimos parte de la Patatón 2025, una jornada llena de amor y esperanza para los peluditos que buscan familia.🐶✨
👉 banbif.com.pe/Personas/Fondo…",1,0,0,0,54
2025-07-09 11:17:41,BanBif,Jul 1,"Hay cosas que no funcionan solas...
Pero en tus finanzas si, con tu dúo genial 💪💰👉 Cuenta Ahorro Genial + Cuenta Ahorro Digital de BanBif. Una te da chance de ganar S/50,000, la otra te paga más por ahorrar.

Más info: banbif.com.pe/duo-genial",0,0,0,0,51
2025-07-09 11:17:41,BanBif,Jul 1,"🔒 Recuerda: protege tus datos.​ 👀 Lo que compartes en redes puede poner en riesgo tu seguridad financiera.​ ¡Que no te sorprendan!​

#BanBif #Banco #NoMásFraudes",0,0,1,0,49
2025-07-09 11:17:41,BanBif,Jun 28,"🏠 Acciones que transforman vida.​​

36 voluntarios construyeron 05 nuevas viviendas junto a @Techo y Asociación IF, en la comunidad 17 de Marzo, San Juan de Miraflores. ​
🩵 Gracias por ser parte de la experiencia que suma futuro.​​

#BanBif #Banco #Techo #AsociaciónIF #Volunta",0,0,0,0,79
2025-07-09 11:17:41,BanBif,Jun 26,"Danitza trasladó su CTS a BanBif…y ahora no solo duerme tranquila, también tiene narrador que lo confirma. 😌🎙️

Porque cuando sabes qué es tu CTS y dónde tenerla, vives con más tranquilidad.

banbif.com.pe/Personas/Cuent…",0,1,2,0,77
2025-07-09 11:17:41,BanBif,Jun 26,"☁️ Todo gran sueño empieza con el simple hábito de ahorrar.​

Con tu Cuenta Ahorro Digital, cada sol cuenta: sin monto mínimo, sin mantenimiento y una TREA promocional de 4% en soles.​
​
📍 Más información: banbif.com.pe/Personas/Cuent…​

#BanBif #Banco #CuentaAhorroDigital",0,0,0,0,168
2025-07-09 11:17:41,BanBif,Jun 26,"Encontrar tu match perfecto es más fácil cuando se trata de ahorrar ✨🌺​

Abre tu Dúo Genial en BanBif y podrías ganar S/50,000, acceder a más de 100 descuentos exclusivos con ClubHOLA, y una tasa de 4.3% TREA en soles.​

👉 banbif.com.pe/duo-genial",0,0,0,0,50
2025-07-09 11:17:41,BanBif,Jun 24,"Con el programa de beneficios #ClubHola, consigue descuentos exclusivos en tus marcas favoritas como Crepier y disfruta de muchos más. Además, accede gratis al contenido digital de El Comercio. ¡Y repite las veces que quieras! Más info en 👉 clubhola.pe",0,0,0,0,37
2025-07-09 11:17:41,BanBif,Jun 24,"🩵Pequeños aprendizajes que transforman futuros.​
​
☝️🥸 Con Enseña Perú, llevamos educación financiera a los niños de Ica.​
​
#BanBif #Banco #Voluntariado #EnseñaPeru",0,0,0,0,52
2025-07-09 11:17:41,BanBif,Jun 23,"😔 Hay cosas que no vuelven, que tu plata no sea una de ellas. ​
​
📲 Usa Plin desde tu BanBif App.​
​
📍Conoce más en: banbif.com.pe/bancadigital​
​
#Banco #BanBif",0,0,1,0,165
2025-07-09 11:17:41,BanBif,Jun 19,"🐶 Este año nos volvemos a sumar a la #Patatón2025
Un evento que abre puertas y corazones para que más perritos encuentren un hogar lleno de amor.

Los esperamos:
📅 Fecha: Sábado 28 y domingo 29
⏰ Hora: 10:00 a.m.

📍 Circuito Mágico del Agua – Puerta 4 ¡INGRESO LIBRE!",0,1,1,0,80
2025-07-09 11:17:41,BanBif,Jun 16,"😉 A veces solo necesitas un antojo, y los descuentos del ClubHOLA, para alegrarte el día.​

📍Más información aquí: clubhola.pe​

#BanBif #Banco #ClubHOLA",0,1,0,0,61
2025-07-09 11:17:41,BanBif,Jun 13,"Esta vez, quisimos escuchar a nuestros papis en BanBif. Ellos nos recordaron que ser papá es dejar huella todos los días: en casa, en el trabajo y en cada momento compartido. 👔 ¡Gracias por estar siempre presentes y por enseñar con amor y compromiso! #BanBif",0,0,0,0,57
2025-07-09 11:17:41,BanBif,Jun 13,"📅 Olvídate del viernes 13.​
​
Con HOLACambio$ desde tu BanBif App:​
​
✅ Cambia dólares a soles (y viceversa 🔁)​
✅ Rápido, seguro y 100% digital​
✅ Un tipo de cambio preferencial​

📍Más información aquí: banbif.com.pe/bancadigital​
​
#Banco #BanBif #HolaCambio$",1,0,1,0,276
2025-07-09 11:17:41,BanBif,Jun 12,"¡No necesitas ahorrar millones, solo necesitas empezar!​ 
🎯Con tu Cuenta Ahorro Digital consigues lo que te emociona, sin mantenimiento y sin monto mínimo de apertura.​
​
📍Conoce más información: banbif.com.pe/Personas/Cuent…​
​
#Banco #BanBif #CuentaAhorroDigital",1,0,0,0,193
2025-07-09 11:17:41,BanBif,Jun 7,"🫵🏻 ¡Tienes más potencial del que crees!​​

🌟 Con tu Tarjeta de Crédito Clásica accede a beneficios reales.​
​
📍Más información aquí: banbif.com.pe/Personas/Tarje…​
​
#Banco #BanBif #TarjetaCréditoClásica",1,0,0,0,59
2025-07-09 11:17:41,BanBif,Jun 7,"Y para ti, ¿qué significa OHANA?  💙📷 Bueno, tal vez no sea hazme un PLIN, pero no hay nada mejor que Plinear de manera simple y rápida📷📷Recuerda que desde tu BanBif App puedes plinear en cualquier momento. 📷 Conoce más aquí 📷 banbif.com.pe/plin👉",0,0,0,0,272
2025-07-09 11:17:41,BanBif,Jun 5,"🧚🏻‍♀️Es hora de convertirte en la Premi-hada.​
💳Abre tu Cuenta Ahorro Genial de BanBif y podrías participar todos los meses por S/ 50,000.​
✨Ahorra fácil y con un premio que parece de cuento.​
​
Más información: banbif.com.pe/Personas/Cuent…​

#Banco #BanBif #CuentaAhorroGenial #Hadas",0,0,1,0,66
2025-07-09 12:41:04,BanBif,Jul 7,"Tu familia no es un cajero automático, pero nosotros sí podemos ayudarte.💸 Solicita tu Préstamo Efectivo en BanBif y accede a ese dinero que necesitas, al instante.
👉 banbif.com.pe/Home/Personas/…",0,0,0,0,27
2025-07-09 12:41:04,BanBif,Jul 4,"¿Te dicen “NOOOO” cada vez que pides el carro?​
Es momento de manejar el tuyo, con nuestro Préstamo Vehicular BanBif, tener tu auto es más fácil de lo que crees.​
​
Más info aquí: banbif.com.pe/Personas/Prest….​

#AutoPropioYa #BanBif #PréstamoVehicular",0,0,0,0,46
2025-07-09 12:41:04,BanBif,Jul 3,"En BanBif creemos en un mundo donde ningún perrito esté solo. Por eso, fuimos parte de la Patatón 2025, una jornada llena de amor y esperanza para los peluditos que buscan familia.🐶✨
👉 banbif.com.pe/Personas/Fondo…",1,0,0,0,54
2025-07-09 12:41:04,BanBif,Jul 1,"Hay cosas que no funcionan solas...
Pero en tus finanzas si, con tu dúo genial 💪💰👉 Cuenta Ahorro Genial + Cuenta Ahorro Digital de BanBif. Una te da chance de ganar S/50,000, la otra te paga más por ahorrar.

Más info: banbif.com.pe/duo-genial",0,0,0,0,51
2025-07-09 12:41:04,BanBif,Jul 1,"🔒 Recuerda: protege tus datos.​ 👀 Lo que compartes en redes puede poner en riesgo tu seguridad financiera.​ ¡Que no te sorprendan!​

#BanBif #Banco #NoMásFraudes",0,0,1,0,49
2025-07-09 12:41:04,BanBif,Jun 28,"🏠 Acciones que transforman vida.​​

36 voluntarios construyeron 05 nuevas viviendas junto a @Techo y Asociación IF, en la comunidad 17 de Marzo, San Juan de Miraflores. ​
🩵 Gracias por ser parte de la experiencia que suma futuro.​​

#BanBif #Banco #Techo #AsociaciónIF #Volunta",0,0,0,0,79
2025-07-09 12:41:04,BanBif,Jun 26,"Danitza trasladó su CTS a BanBif…y ahora no solo duerme tranquila, también tiene narrador que lo confirma. 😌🎙️

Porque cuando sabes qué es tu CTS y dónde tenerla, vives con más tranquilidad.

banbif.com.pe/Personas/Cuent…",0,1,2,0,77
2025-07-09 12:41:04,BanBif,Jun 26,"☁️ Todo gran sueño empieza con el simple hábito de ahorrar.​

Con tu Cuenta Ahorro Digital, cada sol cuenta: sin monto mínimo, sin mantenimiento y una TREA promocional de 4% en soles.​
​
📍 Más información: banbif.com.pe/Personas/Cuent…​

#BanBif #Banco #CuentaAhorroDigital",0,0,0,0,168
2025-07-09 12:41:04,BanBif,Jun 26,"Encontrar tu match perfecto es más fácil cuando se trata de ahorrar ✨🌺​

Abre tu Dúo Genial en BanBif y podrías ganar S/50,000, acceder a más de 100 descuentos exclusivos con ClubHOLA, y una tasa de 4.3% TREA en soles.​

👉 banbif.com.pe/duo-genial",0,0,0,0,50
2025-07-09 12:41:04,BanBif,Jun 24,"Con el programa de beneficios #ClubHola, consigue descuentos exclusivos en tus marcas favoritas como Crepier y disfruta de muchos más. Además, accede gratis al contenido digital de El Comercio. ¡Y repite las veces que quieras! Más info en 👉 clubhola.pe",0,0,0,0,37
2025-07-09 12:41:04,BanBif,Jun 24,"🩵Pequeños aprendizajes que transforman futuros.​
​
☝️🥸 Con Enseña Perú, llevamos educación financiera a los niños de Ica.​
​
#BanBif #Banco #Voluntariado #EnseñaPeru",0,0,0,0,52
2025-07-09 12:41:04,BanBif,Jun 23,"😔 Hay cosas que no vuelven, que tu plata no sea una de ellas. ​
​
📲 Usa Plin desde tu BanBif App.​
​
📍Conoce más en: banbif.com.pe/bancadigital​
​
#Banco #BanBif",0,0,1,0,165
2025-07-09 12:41:04,BanBif,Jun 19,"🐶 Este año nos volvemos a sumar a la #Patatón2025
Un evento que abre puertas y corazones para que más perritos encuentren un hogar lleno de amor.

Los esperamos:
📅 Fecha: Sábado 28 y domingo 29
⏰ Hora: 10:00 a.m.

📍 Circuito Mágico del Agua – Puerta 4 ¡INGRESO LIBRE!",0,1,1,0,80
2025-07-09 12:41:04,BanBif,Jun 16,"😉 A veces solo necesitas un antojo, y los descuentos del ClubHOLA, para alegrarte el día.​

📍Más información aquí: clubhola.pe​

#BanBif #Banco #ClubHOLA",0,1,0,0,61
2025-07-09 12:41:04,BanBif,Jun 13,"Esta vez, quisimos escuchar a nuestros papis en BanBif. Ellos nos recordaron que ser papá es dejar huella todos los días: en casa, en el trabajo y en cada momento compartido. 👔 ¡Gracias por estar siempre presentes y por enseñar con amor y compromiso! #BanBif",0,0,0,0,57
2025-07-09 12:41:04,BanBif,Jun 13,"📅 Olvídate del viernes 13.​
​
Con HOLACambio$ desde tu BanBif App:​
​
✅ Cambia dólares a soles (y viceversa 🔁)​
✅ Rápido, seguro y 100% digital​
✅ Un tipo de cambio preferencial​

📍Más información aquí: banbif.com.pe/bancadigital​
​
#Banco #BanBif #HolaCambio$",1,0,1,0,277
2025-07-09 12:41:04,BanBif,Jun 12,"¡No necesitas ahorrar millones, solo necesitas empezar!​ 
🎯Con tu Cuenta Ahorro Digital consigues lo que te emociona, sin mantenimiento y sin monto mínimo de apertura.​
​
📍Conoce más información: banbif.com.pe/Personas/Cuent…​
​
#Banco #BanBif #CuentaAhorroDigital",1,0,0,0,194
2025-07-09 12:41:04,BanBif,Jun 7,"🫵🏻 ¡Tienes más potencial del que crees!​​

🌟 Con tu Tarjeta de Crédito Clásica accede a beneficios reales.​
​
📍Más información aquí: banbif.com.pe/Personas/Tarje…​
​
#Banco #BanBif #TarjetaCréditoClásica",1,0,0,0,59
2025-07-09 12:41:04,BanBif,Jun 7,"Y para ti, ¿qué significa OHANA?  💙📷 Bueno, tal vez no sea hazme un PLIN, pero no hay nada mejor que Plinear de manera simple y rápida📷📷Recuerda que desde tu BanBif App puedes plinear en cualquier momento. 📷 Conoce más aquí 📷 banbif.com.pe/plin👉",0,0,0,0,272
2025-07-09 12:41:04,BanBif,Jun 5,"🧚🏻‍♀️Es hora de convertirte en la Premi-hada.​
💳Abre tu Cuenta Ahorro Genial de BanBif y podrías participar todos los meses por S/ 50,000.​
✨Ahorra fácil y con un premio que parece de cuento.​
​
Más información: banbif.com.pe/Personas/Cuent…​

#Banco #BanBif #CuentaAhorroGenial #Hadas",0,0,1,0,66
2025-07-09 15:21:46,BanBif,Jul 7,"Tu familia no es un cajero automático, pero nosotros sí podemos ayudarte.💸 Solicita tu Préstamo Efectivo en BanBif y accede a ese dinero que necesitas, al instante.
👉 banbif.com.pe/Home/Personas/…",0,0,0,0,31
2025-07-09 15:21:46,BanBif,Jul 4,"¿Te dicen “NOOOO” cada vez que pides el carro?​
Es momento de manejar el tuyo, con nuestro Préstamo Vehicular BanBif, tener tu auto es más fácil de lo que crees.​
​
Más info aquí: banbif.com.pe/Personas/Prest….​

#AutoPropioYa #BanBif #PréstamoVehicular",0,0,0,0,46
2025-07-09 15:21:46,BanBif,Jul 3,"En BanBif creemos en un mundo donde ningún perrito esté solo. Por eso, fuimos parte de la Patatón 2025, una jornada llena de amor y esperanza para los peluditos que buscan familia.🐶✨
👉 banbif.com.pe/Personas/Fondo…",1,0,0,0,55
2025-07-09 15:21:46,BanBif,Jul 1,"Hay cosas que no funcionan solas...
Pero en tus finanzas si, con tu dúo genial 💪💰👉 Cuenta Ahorro Genial + Cuenta Ahorro Digital de BanBif. Una te da chance de ganar S/50,000, la otra te paga más por ahorrar.

Más info: banbif.com.pe/duo-genial",0,0,0,0,51
2025-07-09 15:21:46,BanBif,Jul 1,"🔒 Recuerda: protege tus datos.​ 👀 Lo que compartes en redes puede poner en riesgo tu seguridad financiera.​ ¡Que no te sorprendan!​

#BanBif #Banco #NoMásFraudes",0,0,1,0,49
2025-07-09 15:21:46,BanBif,Jun 28,"🏠 Acciones que transforman vida.​​

36 voluntarios construyeron 05 nuevas viviendas junto a @Techo y Asociación IF, en la comunidad 17 de Marzo, San Juan de Miraflores. ​
🩵 Gracias por ser parte de la experiencia que suma futuro.​​

#BanBif #Banco #Techo #AsociaciónIF #Volunta",0,0,0,0,79
2025-07-09 15:21:46,BanBif,Jun 26,"Danitza trasladó su CTS a BanBif…y ahora no solo duerme tranquila, también tiene narrador que lo confirma. 😌🎙️

Porque cuando sabes qué es tu CTS y dónde tenerla, vives con más tranquilidad.

banbif.com.pe/Personas/Cuent…",0,1,2,0,77
2025-07-09 15:21:46,BanBif,Jun 26,"☁️ Todo gran sueño empieza con el simple hábito de ahorrar.​

Con tu Cuenta Ahorro Digital, cada sol cuenta: sin monto mínimo, sin mantenimiento y una TREA promocional de 4% en soles.​
​
📍 Más información: banbif.com.pe/Personas/Cuent…​

#BanBif #Banco #CuentaAhorroDigital",0,0,0,0,168
2025-07-09 15:21:46,BanBif,Jun 26,"Encontrar tu match perfecto es más fácil cuando se trata de ahorrar ✨🌺​

Abre tu Dúo Genial en BanBif y podrías ganar S/50,000, acceder a más de 100 descuentos exclusivos con ClubHOLA, y una tasa de 4.3% TREA en soles.​

👉 banbif.com.pe/duo-genial",0,0,0,0,50
2025-07-09 15:21:46,BanBif,Jun 24,"Con el programa de beneficios #ClubHola, consigue descuentos exclusivos en tus marcas favoritas como Crepier y disfruta de muchos más. Además, accede gratis al contenido digital de El Comercio. ¡Y repite las veces que quieras! Más info en 👉 clubhola.pe",0,0,0,0,37
2025-07-09 15:21:46,BanBif,Jun 24,"🩵Pequeños aprendizajes que transforman futuros.​
​
☝️🥸 Con Enseña Perú, llevamos educación financiera a los niños de Ica.​
​
#BanBif #Banco #Voluntariado #EnseñaPeru",0,0,0,0,52
2025-07-09 15:21:46,BanBif,Jun 23,"😔 Hay cosas que no vuelven, que tu plata no sea una de ellas. ​
​
📲 Usa Plin desde tu BanBif App.​
​
📍Conoce más en: banbif.com.pe/bancadigital​
​
#Banco #BanBif",0,0,1,0,165
2025-07-09 15:21:46,BanBif,Jun 19,"🐶 Este año nos volvemos a sumar a la #Patatón2025
Un evento que abre puertas y corazones para que más perritos encuentren un hogar lleno de amor.

Los esperamos:
📅 Fecha: Sábado 28 y domingo 29
⏰ Hora: 10:00 a.m.

📍 Circuito Mágico del Agua – Puerta 4 ¡INGRESO LIBRE!",0,1,1,0,80
2025-07-09 15:21:46,BanBif,Jun 16,"😉 A veces solo necesitas un antojo, y los descuentos del ClubHOLA, para alegrarte el día.​

📍Más información aquí: clubhola.pe​

#BanBif #Banco #ClubHOLA",0,1,0,0,61
2025-07-09 15:21:46,BanBif,Jun 13,"Esta vez, quisimos escuchar a nuestros papis en BanBif. Ellos nos recordaron que ser papá es dejar huella todos los días: en casa, en el trabajo y en cada momento compartido. 👔 ¡Gracias por estar siempre presentes y por enseñar con amor y compromiso! #BanBif",0,0,0,0,57
2025-07-09 15:21:46,BanBif,Jun 13,"📅 Olvídate del viernes 13.​
​
Con HOLACambio$ desde tu BanBif App:​
​
✅ Cambia dólares a soles (y viceversa 🔁)​
✅ Rápido, seguro y 100% digital​
✅ Un tipo de cambio preferencial​

📍Más información aquí: banbif.com.pe/bancadigital​
​
#Banco #BanBif #HolaCambio$",1,0,1,0,278
2025-07-09 15:21:46,BanBif,Jun 12,"¡No necesitas ahorrar millones, solo necesitas empezar!​ 
🎯Con tu Cuenta Ahorro Digital consigues lo que te emociona, sin mantenimiento y sin monto mínimo de apertura.​
​
📍Conoce más información: banbif.com.pe/Personas/Cuent…​
​
#Banco #BanBif #CuentaAhorroDigital",1,0,0,0,195
2025-07-09 15:21:46,BanBif,Jun 7,"🫵🏻 ¡Tienes más potencial del que crees!​​

🌟 Con tu Tarjeta de Crédito Clásica accede a beneficios reales.​
​
📍Más información aquí: banbif.com.pe/Personas/Tarje…​
​
#Banco #BanBif #TarjetaCréditoClásica",1,0,0,0,59
2025-07-09 15:21:46,BanBif,Jun 7,"Y para ti, ¿qué significa OHANA?  💙📷 Bueno, tal vez no sea hazme un PLIN, pero no hay nada mejor que Plinear de manera simple y rápida📷📷Recuerda que desde tu BanBif App puedes plinear en cualquier momento. 📷 Conoce más aquí 📷 banbif.com.pe/plin👉",0,0,0,0,272
2025-07-09 15:21:46,BanBif,Jun 5,"🧚🏻‍♀️Es hora de convertirte en la Premi-hada.​
💳Abre tu Cuenta Ahorro Genial de BanBif y podrías participar todos los meses por S/ 50,000.​
✨Ahorra fácil y con un premio que parece de cuento.​
​
Más información: banbif.com.pe/Personas/Cuent…​

#Banco #BanBif #CuentaAhorroGenial #Hadas",0,0,1,0,66
2025-07-09 16:24:09,BanBif,Jul 7,"Tu familia no es un cajero automático, pero nosotros sí podemos ayudarte.💸 Solicita tu Préstamo Efectivo en BanBif y accede a ese dinero que necesitas, al instante.
👉 banbif.com.pe/Home/Personas/…",0,0,0,0,32
2025-07-09 16:24:09,BanBif,Jul 4,"¿Te dicen “NOOOO” cada vez que pides el carro?​
Es momento de manejar el tuyo, con nuestro Préstamo Vehicular BanBif, tener tu auto es más fácil de lo que crees.​
​
Más info aquí: banbif.com.pe/Personas/Prest….​

#AutoPropioYa #BanBif #PréstamoVehicular",0,0,0,0,46
2025-07-09 16:24:09,BanBif,Jul 3,"En BanBif creemos en un mundo donde ningún perrito esté solo. Por eso, fuimos parte de la Patatón 2025, una jornada llena de amor y esperanza para los peluditos que buscan familia.🐶✨
👉 banbif.com.pe/Personas/Fondo…",1,0,0,0,55
2025-07-09 16:24:09,BanBif,Jul 1,"Hay cosas que no funcionan solas...
Pero en tus finanzas si, con tu dúo genial 💪💰👉 Cuenta Ahorro Genial + Cuenta Ahorro Digital de BanBif. Una te da chance de ganar S/50,000, la otra te paga más por ahorrar.

Más info: banbif.com.pe/duo-genial",0,0,0,0,51
2025-07-09 16:24:09,BanBif,Jul 1,"🔒 Recuerda: protege tus datos.​ 👀 Lo que compartes en redes puede poner en riesgo tu seguridad financiera.​ ¡Que no te sorprendan!​

#BanBif #Banco #NoMásFraudes",0,0,1,0,49
2025-07-09 16:24:09,BanBif,Jun 28,"🏠 Acciones que transforman vida.​​

36 voluntarios construyeron 05 nuevas viviendas junto a @Techo y Asociación IF, en la comunidad 17 de Marzo, San Juan de Miraflores. ​
🩵 Gracias por ser parte de la experiencia que suma futuro.​​

#BanBif #Banco #Techo #AsociaciónIF #Volunta",0,0,0,0,79
2025-07-09 16:24:09,BanBif,Jun 26,"Danitza trasladó su CTS a BanBif…y ahora no solo duerme tranquila, también tiene narrador que lo confirma. 😌🎙️

Porque cuando sabes qué es tu CTS y dónde tenerla, vives con más tranquilidad.

banbif.com.pe/Personas/Cuent…",0,1,2,0,77
2025-07-09 16:24:09,BanBif,Jun 26,"☁️ Todo gran sueño empieza con el simple hábito de ahorrar.​

Con tu Cuenta Ahorro Digital, cada sol cuenta: sin monto mínimo, sin mantenimiento y una TREA promocional de 4% en soles.​
​
📍 Más información: banbif.com.pe/Personas/Cuent…​

#BanBif #Banco #CuentaAhorroDigital",0,0,0,0,168
2025-07-09 16:24:09,BanBif,Jun 26,"Encontrar tu match perfecto es más fácil cuando se trata de ahorrar ✨🌺​

Abre tu Dúo Genial en BanBif y podrías ganar S/50,000, acceder a más de 100 descuentos exclusivos con ClubHOLA, y una tasa de 4.3% TREA en soles.​

👉 banbif.com.pe/duo-genial",0,0,0,0,50
2025-07-09 16:24:09,BanBif,Jun 24,"Con el programa de beneficios #ClubHola, consigue descuentos exclusivos en tus marcas favoritas como Crepier y disfruta de muchos más. Además, accede gratis al contenido digital de El Comercio. ¡Y repite las veces que quieras! Más info en 👉 clubhola.pe",0,0,0,0,37
2025-07-09 16:24:09,BanBif,Jun 24,"🩵Pequeños aprendizajes que transforman futuros.​
​
☝️🥸 Con Enseña Perú, llevamos educación financiera a los niños de Ica.​
​
#BanBif #Banco #Voluntariado #EnseñaPeru",0,0,0,0,52
2025-07-09 16:24:09,BanBif,Jun 23,"😔 Hay cosas que no vuelven, que tu plata no sea una de ellas. ​
​
📲 Usa Plin desde tu BanBif App.​
​
📍Conoce más en: banbif.com.pe/bancadigital​
​
#Banco #BanBif",0,0,1,0,165
2025-07-09 16:24:09,BanBif,Jun 19,"🐶 Este año nos volvemos a sumar a la #Patatón2025
Un evento que abre puertas y corazones para que más perritos encuentren un hogar lleno de amor.

Los esperamos:
📅 Fecha: Sábado 28 y domingo 29
⏰ Hora: 10:00 a.m.

📍 Circuito Mágico del Agua – Puerta 4 ¡INGRESO LIBRE!",0,1,1,0,80
2025-07-09 16:24:09,BanBif,Jun 16,"😉 A veces solo necesitas un antojo, y los descuentos del ClubHOLA, para alegrarte el día.​

📍Más información aquí: clubhola.pe​

#BanBif #Banco #ClubHOLA",0,1,0,0,61
2025-07-09 16:24:09,BanBif,Jun 13,"Esta vez, quisimos escuchar a nuestros papis en BanBif. Ellos nos recordaron que ser papá es dejar huella todos los días: en casa, en el trabajo y en cada momento compartido. 👔 ¡Gracias por estar siempre presentes y por enseñar con amor y compromiso! #BanBif",0,0,0,0,57
2025-07-09 16:24:09,BanBif,Jun 13,"📅 Olvídate del viernes 13.​
​
Con HOLACambio$ desde tu BanBif App:​
​
✅ Cambia dólares a soles (y viceversa 🔁)​
✅ Rápido, seguro y 100% digital​
✅ Un tipo de cambio preferencial​

📍Más información aquí: banbif.com.pe/bancadigital​
​
#Banco #BanBif #HolaCambio$",1,0,1,0,278
2025-07-09 16:24:09,BanBif,Jun 12,"¡No necesitas ahorrar millones, solo necesitas empezar!​ 
🎯Con tu Cuenta Ahorro Digital consigues lo que te emociona, sin mantenimiento y sin monto mínimo de apertura.​
​
📍Conoce más información: banbif.com.pe/Personas/Cuent…​
​
#Banco #BanBif #CuentaAhorroDigital",1,0,0,0,195
2025-07-09 16:24:09,BanBif,Jun 7,"🫵🏻 ¡Tienes más potencial del que crees!​​

🌟 Con tu Tarjeta de Crédito Clásica accede a beneficios reales.​
​
📍Más información aquí: banbif.com.pe/Personas/Tarje…​
​
#Banco #BanBif #TarjetaCréditoClásica",1,0,0,0,59
2025-07-09 16:24:09,BanBif,Jun 7,"Y para ti, ¿qué significa OHANA?  💙📷 Bueno, tal vez no sea hazme un PLIN, pero no hay nada mejor que Plinear de manera simple y rápida📷📷Recuerda que desde tu BanBif App puedes plinear en cualquier momento. 📷 Conoce más aquí 📷 banbif.com.pe/plin👉",0,0,0,0,272
2025-07-09 16:24:09,BanBif,Jun 5,"🧚🏻‍♀️Es hora de convertirte en la Premi-hada.​
💳Abre tu Cuenta Ahorro Genial de BanBif y podrías participar todos los meses por S/ 50,000.​
✨Ahorra fácil y con un premio que parece de cuento.​
​
Más información: banbif.com.pe/Personas/Cuent…​

#Banco #BanBif #CuentaAhorroGenial #Hadas",0,0,1,0,66
2025-07-09 17:19:32,BanBif,18 m,"🎁 Cuando le compras un regalo a tu bestie… pero eres cero buena guardando secretos.😂
Así como ella no puede ocultarlo, nosotros tampoco.
Con nuestra Cuenta Ahorro Digital, no hay cobros escondidos.
👉 banbif.com.pe/Personas/Cuent…",0,0,0,0,7
2025-07-09 17:19:32,BanBif,Jul 7,"Tu familia no es un cajero automático, pero nosotros sí podemos ayudarte.💸 Solicita tu Préstamo Efectivo en BanBif y accede a ese dinero que necesitas, al instante.
👉 banbif.com.pe/Home/Personas/…",0,0,0,0,34
2025-07-09 17:19:32,BanBif,Jul 4,"¿Te dicen “NOOOO” cada vez que pides el carro?​
Es momento de manejar el tuyo, con nuestro Préstamo Vehicular BanBif, tener tu auto es más fácil de lo que crees.​
​
Más info aquí: banbif.com.pe/Personas/Prest….​

#AutoPropioYa #BanBif #PréstamoVehicular",0,0,0,0,46
2025-07-09 17:19:32,BanBif,Jul 3,"En BanBif creemos en un mundo donde ningún perrito esté solo. Por eso, fuimos parte de la Patatón 2025, una jornada llena de amor y esperanza para los peluditos que buscan familia.🐶✨
👉 banbif.com.pe/Personas/Fondo…",1,0,0,0,55
2025-07-09 17:19:32,BanBif,Jul 1,"Hay cosas que no funcionan solas...
Pero en tus finanzas si, con tu dúo genial 💪💰👉 Cuenta Ahorro Genial + Cuenta Ahorro Digital de BanBif. Una te da chance de ganar S/50,000, la otra te paga más por ahorrar.

Más info: banbif.com.pe/duo-genial",0,0,0,0,51
2025-07-09 17:19:32,BanBif,Jul 1,"🔒 Recuerda: protege tus datos.​ 👀 Lo que compartes en redes puede poner en riesgo tu seguridad financiera.​ ¡Que no te sorprendan!​

#BanBif #Banco #NoMásFraudes",0,0,1,0,49
2025-07-09 17:19:32,BanBif,Jun 28,"🏠 Acciones que transforman vida.​​

36 voluntarios construyeron 05 nuevas viviendas junto a @Techo y Asociación IF, en la comunidad 17 de Marzo, San Juan de Miraflores. ​
🩵 Gracias por ser parte de la experiencia que suma futuro.​​

#BanBif #Banco #Techo #AsociaciónIF #Volunta",0,0,0,0,79
2025-07-09 17:19:32,BanBif,Jun 26,"Danitza trasladó su CTS a BanBif…y ahora no solo duerme tranquila, también tiene narrador que lo confirma. 😌🎙️

Porque cuando sabes qué es tu CTS y dónde tenerla, vives con más tranquilidad.

banbif.com.pe/Personas/Cuent…",0,1,2,0,77
2025-07-09 17:19:32,BanBif,Jun 26,"☁️ Todo gran sueño empieza con el simple hábito de ahorrar.​

Con tu Cuenta Ahorro Digital, cada sol cuenta: sin monto mínimo, sin mantenimiento y una TREA promocional de 4% en soles.​
​
📍 Más información: banbif.com.pe/Personas/Cuent…​

#BanBif #Banco #CuentaAhorroDigital",0,0,0,0,168
2025-07-09 17:19:32,BanBif,Jun 26,"Encontrar tu match perfecto es más fácil cuando se trata de ahorrar ✨🌺​

Abre tu Dúo Genial en BanBif y podrías ganar S/50,000, acceder a más de 100 descuentos exclusivos con ClubHOLA, y una tasa de 4.3% TREA en soles.​

👉 banbif.com.pe/duo-genial",0,0,0,0,50
2025-07-09 17:19:32,BanBif,Jun 24,"Con el programa de beneficios #ClubHola, consigue descuentos exclusivos en tus marcas favoritas como Crepier y disfruta de muchos más. Además, accede gratis al contenido digital de El Comercio. ¡Y repite las veces que quieras! Más info en 👉 clubhola.pe",0,0,0,0,37
2025-07-09 17:19:32,BanBif,Jun 24,"🩵Pequeños aprendizajes que transforman futuros.​
​
☝️🥸 Con Enseña Perú, llevamos educación financiera a los niños de Ica.​
​
#BanBif #Banco #Voluntariado #EnseñaPeru",0,0,0,0,52
2025-07-09 17:19:32,BanBif,Jun 23,"😔 Hay cosas que no vuelven, que tu plata no sea una de ellas. ​
​
📲 Usa Plin desde tu BanBif App.​
​
📍Conoce más en: banbif.com.pe/bancadigital​
​
#Banco #BanBif",0,0,1,0,165
2025-07-09 17:19:32,BanBif,Jun 19,"🐶 Este año nos volvemos a sumar a la #Patatón2025
Un evento que abre puertas y corazones para que más perritos encuentren un hogar lleno de amor.

Los esperamos:
📅 Fecha: Sábado 28 y domingo 29
⏰ Hora: 10:00 a.m.

📍 Circuito Mágico del Agua – Puerta 4 ¡INGRESO LIBRE!",0,1,1,0,80
2025-07-09 17:19:32,BanBif,Jun 16,"😉 A veces solo necesitas un antojo, y los descuentos del ClubHOLA, para alegrarte el día.​

📍Más información aquí: clubhola.pe​

#BanBif #Banco #ClubHOLA",0,1,0,0,61
2025-07-09 17:19:32,BanBif,Jun 13,"Esta vez, quisimos escuchar a nuestros papis en BanBif. Ellos nos recordaron que ser papá es dejar huella todos los días: en casa, en el trabajo y en cada momento compartido. 👔 ¡Gracias por estar siempre presentes y por enseñar con amor y compromiso! #BanBif",0,0,0,0,57
2025-07-09 17:19:32,BanBif,Jun 13,"📅 Olvídate del viernes 13.​
​
Con HOLACambio$ desde tu BanBif App:​
​
✅ Cambia dólares a soles (y viceversa 🔁)​
✅ Rápido, seguro y 100% digital​
✅ Un tipo de cambio preferencial​

📍Más información aquí: banbif.com.pe/bancadigital​
​
#Banco #BanBif #HolaCambio$",1,0,1,0,279
2025-07-09 17:19:32,BanBif,Jun 12,"¡No necesitas ahorrar millones, solo necesitas empezar!​ 
🎯Con tu Cuenta Ahorro Digital consigues lo que te emociona, sin mantenimiento y sin monto mínimo de apertura.​
​
📍Conoce más información: banbif.com.pe/Personas/Cuent…​
​
#Banco #BanBif #CuentaAhorroDigital",1,0,0,0,196
2025-07-09 17:19:32,BanBif,Jun 7,"🫵🏻 ¡Tienes más potencial del que crees!​​

🌟 Con tu Tarjeta de Crédito Clásica accede a beneficios reales.​
​
📍Más información aquí: banbif.com.pe/Personas/Tarje…​
​
#Banco #BanBif #TarjetaCréditoClásica",1,0,0,0,59
2025-07-09 17:19:32,BanBif,Jun 7,"Y para ti, ¿qué significa OHANA?  💙📷 Bueno, tal vez no sea hazme un PLIN, pero no hay nada mejor que Plinear de manera simple y rápida📷📷Recuerda que desde tu BanBif App puedes plinear en cualquier momento. 📷 Conoce más aquí 📷 banbif.com.pe/plin👉",0,0,0,0,272
2025-07-09 18:29:07,BanBif,1 h,"🎁 Cuando le compras un regalo a tu bestie… pero eres cero buena guardando secretos.😂
Así como ella no puede ocultarlo, nosotros tampoco.
Con nuestra Cuenta Ahorro Digital, no hay cobros escondidos.
👉 banbif.com.pe/Personas/Cuent…",0,0,0,0,10
2025-07-09 18:29:07,BanBif,Jul 7,"Tu familia no es un cajero automático, pero nosotros sí podemos ayudarte.💸 Solicita tu Préstamo Efectivo en BanBif y accede a ese dinero que necesitas, al instante.
👉 banbif.com.pe/Home/Personas/…",0,0,0,0,34
2025-07-09 18:29:07,BanBif,Jul 4,"¿Te dicen “NOOOO” cada vez que pides el carro?​
Es momento de manejar el tuyo, con nuestro Préstamo Vehicular BanBif, tener tu auto es más fácil de lo que crees.​
​
Más info aquí: banbif.com.pe/Personas/Prest….​

#AutoPropioYa #BanBif #PréstamoVehicular",0,0,0,0,46
2025-07-09 18:29:07,BanBif,Jul 3,"En BanBif creemos en un mundo donde ningún perrito esté solo. Por eso, fuimos parte de la Patatón 2025, una jornada llena de amor y esperanza para los peluditos que buscan familia.🐶✨
👉 banbif.com.pe/Personas/Fondo…",1,0,0,0,55
2025-07-09 18:29:07,BanBif,Jul 1,"Hay cosas que no funcionan solas...
Pero en tus finanzas si, con tu dúo genial 💪💰👉 Cuenta Ahorro Genial + Cuenta Ahorro Digital de BanBif. Una te da chance de ganar S/50,000, la otra te paga más por ahorrar.

Más info: banbif.com.pe/duo-genial",0,0,0,0,51
2025-07-09 18:29:07,BanBif,Jul 1,"🔒 Recuerda: protege tus datos.​ 👀 Lo que compartes en redes puede poner en riesgo tu seguridad financiera.​ ¡Que no te sorprendan!​

#BanBif #Banco #NoMásFraudes",0,0,1,0,49
2025-07-09 18:29:07,BanBif,Jun 28,"🏠 Acciones que transforman vida.​​

36 voluntarios construyeron 05 nuevas viviendas junto a @Techo y Asociación IF, en la comunidad 17 de Marzo, San Juan de Miraflores. ​
🩵 Gracias por ser parte de la experiencia que suma futuro.​​

#BanBif #Banco #Techo #AsociaciónIF #Volunta",0,0,0,0,80
2025-07-09 18:29:07,BanBif,Jun 26,"Danitza trasladó su CTS a BanBif…y ahora no solo duerme tranquila, también tiene narrador que lo confirma. 😌🎙️

Porque cuando sabes qué es tu CTS y dónde tenerla, vives con más tranquilidad.

banbif.com.pe/Personas/Cuent…",0,1,2,0,77
2025-07-09 18:29:07,BanBif,Jun 26,"☁️ Todo gran sueño empieza con el simple hábito de ahorrar.​

Con tu Cuenta Ahorro Digital, cada sol cuenta: sin monto mínimo, sin mantenimiento y una TREA promocional de 4% en soles.​
​
📍 Más información: banbif.com.pe/Personas/Cuent…​

#BanBif #Banco #CuentaAhorroDigital",0,0,0,0,168
2025-07-09 18:29:07,BanBif,Jun 26,"Encontrar tu match perfecto es más fácil cuando se trata de ahorrar ✨🌺​

Abre tu Dúo Genial en BanBif y podrías ganar S/50,000, acceder a más de 100 descuentos exclusivos con ClubHOLA, y una tasa de 4.3% TREA en soles.​

👉 banbif.com.pe/duo-genial",0,0,0,0,50
2025-07-09 18:29:07,BanBif,Jun 24,"Con el programa de beneficios #ClubHola, consigue descuentos exclusivos en tus marcas favoritas como Crepier y disfruta de muchos más. Además, accede gratis al contenido digital de El Comercio. ¡Y repite las veces que quieras! Más info en 👉 clubhola.pe",0,0,0,0,37
2025-07-09 18:29:07,BanBif,Jun 24,"🩵Pequeños aprendizajes que transforman futuros.​
​
☝️🥸 Con Enseña Perú, llevamos educación financiera a los niños de Ica.​
​
#BanBif #Banco #Voluntariado #EnseñaPeru",0,0,0,0,52
2025-07-09 18:29:07,BanBif,Jun 23,"😔 Hay cosas que no vuelven, que tu plata no sea una de ellas. ​
​
📲 Usa Plin desde tu BanBif App.​
​
📍Conoce más en: banbif.com.pe/bancadigital​
​
#Banco #BanBif",0,0,1,0,165
2025-07-09 18:29:07,BanBif,Jun 19,"🐶 Este año nos volvemos a sumar a la #Patatón2025
Un evento que abre puertas y corazones para que más perritos encuentren un hogar lleno de amor.

Los esperamos:
📅 Fecha: Sábado 28 y domingo 29
⏰ Hora: 10:00 a.m.

📍 Circuito Mágico del Agua – Puerta 4 ¡INGRESO LIBRE!",0,1,1,0,80
2025-07-09 18:29:07,BanBif,Jun 16,"😉 A veces solo necesitas un antojo, y los descuentos del ClubHOLA, para alegrarte el día.​

📍Más información aquí: clubhola.pe​

#BanBif #Banco #ClubHOLA",0,1,0,0,61
2025-07-09 18:29:07,BanBif,Jun 13,"Esta vez, quisimos escuchar a nuestros papis en BanBif. Ellos nos recordaron que ser papá es dejar huella todos los días: en casa, en el trabajo y en cada momento compartido. 👔 ¡Gracias por estar siempre presentes y por enseñar con amor y compromiso! #BanBif",0,0,0,0,57
2025-07-09 18:29:07,BanBif,Jun 13,"📅 Olvídate del viernes 13.​
​
Con HOLACambio$ desde tu BanBif App:​
​
✅ Cambia dólares a soles (y viceversa 🔁)​
✅ Rápido, seguro y 100% digital​
✅ Un tipo de cambio preferencial​

📍Más información aquí: banbif.com.pe/bancadigital​
​
#Banco #BanBif #HolaCambio$",1,0,1,0,279
2025-07-09 18:29:07,BanBif,Jun 12,"¡No necesitas ahorrar millones, solo necesitas empezar!​ 
🎯Con tu Cuenta Ahorro Digital consigues lo que te emociona, sin mantenimiento y sin monto mínimo de apertura.​
​
📍Conoce más información: banbif.com.pe/Personas/Cuent…​
​
#Banco #BanBif #CuentaAhorroDigital",1,0,0,0,196
2025-07-09 18:29:07,BanBif,Jun 7,"🫵🏻 ¡Tienes más potencial del que crees!​​

🌟 Con tu Tarjeta de Crédito Clásica accede a beneficios reales.​
​
📍Más información aquí: banbif.com.pe/Personas/Tarje…​
​
#Banco #BanBif #TarjetaCréditoClásica",1,0,0,0,59
2025-07-09 18:29:07,BanBif,Jun 7,"Y para ti, ¿qué significa OHANA?  💙📷 Bueno, tal vez no sea hazme un PLIN, pero no hay nada mejor que Plinear de manera simple y rápida📷📷Recuerda que desde tu BanBif App puedes plinear en cualquier momento. 📷 Conoce más aquí 📷 banbif.com.pe/plin👉",0,0,0,0,272
2025-07-10 20:22:03,BanBif,Jul 9,"🎁 Cuando le compras un regalo a tu bestie… pero eres cero buena guardando secretos.😂
Así como ella no puede ocultarlo, nosotros tampoco.
Con nuestra Cuenta Ahorro Digital, no hay cobros escondidos.
👉 banbif.com.pe/Personas/Cuent…",0,0,0,0,25
2025-07-10 20:22:03,BanBif,Jul 7,"Tu familia no es un cajero automático, pero nosotros sí podemos ayudarte.💸 Solicita tu Préstamo Efectivo en BanBif y accede a ese dinero que necesitas, al instante.
👉 banbif.com.pe/Home/Personas/…",0,0,0,0,57
2025-07-10 20:22:03,BanBif,Jul 4,"¿Te dicen “NOOOO” cada vez que pides el carro?​
Es momento de manejar el tuyo, con nuestro Préstamo Vehicular BanBif, tener tu auto es más fácil de lo que crees.​
​
Más info aquí: banbif.com.pe/Personas/Prest….​

#AutoPropioYa #BanBif #PréstamoVehicular",0,0,0,0,56
2025-07-10 20:22:03,BanBif,Jul 3,"En BanBif creemos en un mundo donde ningún perrito esté solo. Por eso, fuimos parte de la Patatón 2025, una jornada llena de amor y esperanza para los peluditos que buscan familia.🐶✨
👉 banbif.com.pe/Personas/Fondo…",1,0,0,0,61
2025-07-10 20:22:03,BanBif,Jul 1,"Hay cosas que no funcionan solas...
Pero en tus finanzas si, con tu dúo genial 💪💰👉 Cuenta Ahorro Genial + Cuenta Ahorro Digital de BanBif. Una te da chance de ganar S/50,000, la otra te paga más por ahorrar.

Más info: banbif.com.pe/duo-genial",0,0,0,0,55
2025-07-10 20:22:03,BanBif,Jul 1,"🔒 Recuerda: protege tus datos.​ 👀 Lo que compartes en redes puede poner en riesgo tu seguridad financiera.​ ¡Que no te sorprendan!​

#BanBif #Banco #NoMásFraudes",0,0,1,0,52
2025-07-10 20:22:03,BanBif,Jun 28,"🏠 Acciones que transforman vida.​​

36 voluntarios construyeron 05 nuevas viviendas junto a @Techo y Asociación IF, en la comunidad 17 de Marzo, San Juan de Miraflores. ​
🩵 Gracias por ser parte de la experiencia que suma futuro.​​

#BanBif #Banco #Techo #AsociaciónIF #Volunta",0,0,0,0,86
2025-07-10 20:22:03,BanBif,Jun 26,"Danitza trasladó su CTS a BanBif…y ahora no solo duerme tranquila, también tiene narrador que lo confirma. 😌🎙️

Porque cuando sabes qué es tu CTS y dónde tenerla, vives con más tranquilidad.

banbif.com.pe/Personas/Cuent…",0,1,2,0,77
2025-07-10 20:22:03,BanBif,Jun 26,"☁️ Todo gran sueño empieza con el simple hábito de ahorrar.​

Con tu Cuenta Ahorro Digital, cada sol cuenta: sin monto mínimo, sin mantenimiento y una TREA promocional de 4% en soles.​
​
📍 Más información: banbif.com.pe/Personas/Cuent…​

#BanBif #Banco #CuentaAhorroDigital",0,0,0,0,169
2025-07-10 20:22:03,BanBif,Jun 26,"Encontrar tu match perfecto es más fácil cuando se trata de ahorrar ✨🌺​

Abre tu Dúo Genial en BanBif y podrías ganar S/50,000, acceder a más de 100 descuentos exclusivos con ClubHOLA, y una tasa de 4.3% TREA en soles.​

👉 banbif.com.pe/duo-genial",0,0,0,0,50
2025-07-10 20:22:03,BanBif,Jun 24,"Con el programa de beneficios #ClubHola, consigue descuentos exclusivos en tus marcas favoritas como Crepier y disfruta de muchos más. Además, accede gratis al contenido digital de El Comercio. ¡Y repite las veces que quieras! Más info en 👉 clubhola.pe",0,0,0,0,37
2025-07-10 20:22:03,BanBif,Jun 24,"🩵Pequeños aprendizajes que transforman futuros.​
​
☝️🥸 Con Enseña Perú, llevamos educación financiera a los niños de Ica.​
​
#BanBif #Banco #Voluntariado #EnseñaPeru",0,0,0,0,53
2025-07-10 20:22:03,BanBif,Jun 23,"😔 Hay cosas que no vuelven, que tu plata no sea una de ellas. ​
​
📲 Usa Plin desde tu BanBif App.​
​
📍Conoce más en: banbif.com.pe/bancadigital​
​
#Banco #BanBif",0,0,1,0,165
2025-07-10 20:22:03,BanBif,Jun 19,"🐶 Este año nos volvemos a sumar a la #Patatón2025
Un evento que abre puertas y corazones para que más perritos encuentren un hogar lleno de amor.

Los esperamos:
📅 Fecha: Sábado 28 y domingo 29
⏰ Hora: 10:00 a.m.

📍 Circuito Mágico del Agua – Puerta 4 ¡INGRESO LIBRE!",0,1,1,0,81
2025-07-10 20:22:03,BanBif,Jun 16,"😉 A veces solo necesitas un antojo, y los descuentos del ClubHOLA, para alegrarte el día.​

📍Más información aquí: clubhola.pe​

#BanBif #Banco #ClubHOLA",0,1,0,0,61
2025-07-10 20:22:03,BanBif,Jun 13,"Esta vez, quisimos escuchar a nuestros papis en BanBif. Ellos nos recordaron que ser papá es dejar huella todos los días: en casa, en el trabajo y en cada momento compartido. 👔 ¡Gracias por estar siempre presentes y por enseñar con amor y compromiso! #BanBif",0,0,0,0,57
2025-07-10 20:22:03,BanBif,Jun 13,"📅 Olvídate del viernes 13.​
​
Con HOLACambio$ desde tu BanBif App:​
​
✅ Cambia dólares a soles (y viceversa 🔁)​
✅ Rápido, seguro y 100% digital​
✅ Un tipo de cambio preferencial​

📍Más información aquí: banbif.com.pe/bancadigital​
​
#Banco #BanBif #HolaCambio$",1,0,1,0,283
2025-07-10 20:22:03,BanBif,Jun 12,"¡No necesitas ahorrar millones, solo necesitas empezar!​ 
🎯Con tu Cuenta Ahorro Digital consigues lo que te emociona, sin mantenimiento y sin monto mínimo de apertura.​
​
📍Conoce más información: banbif.com.pe/Personas/Cuent…​
​
#Banco #BanBif #CuentaAhorroDigital",1,0,0,0,202
2025-07-10 20:22:03,BanBif,Jun 7,"🫵🏻 ¡Tienes más potencial del que crees!​​

🌟 Con tu Tarjeta de Crédito Clásica accede a beneficios reales.​
​
📍Más información aquí: banbif.com.pe/Personas/Tarje…​
​
#Banco #BanBif #TarjetaCréditoClásica",1,0,0,0,59
2025-07-10 20:22:03,BanBif,Jun 7,"Y para ti, ¿qué significa OHANA?  💙📷 Bueno, tal vez no sea hazme un PLIN, pero no hay nada mejor que Plinear de manera simple y rápida📷📷Recuerda que desde tu BanBif App puedes plinear en cualquier momento. 📷 Conoce más aquí 📷 banbif.com.pe/plin👉",0,0,0,0,272
2025-07-10 21:20:15,BanBif,Jul 9,"🎁 Cuando le compras un regalo a tu bestie… pero eres cero buena guardando secretos.😂
Así como ella no puede ocultarlo, nosotros tampoco.
Con nuestra Cuenta Ahorro Digital, no hay cobros escondidos.
👉 banbif.com.pe/Personas/Cuent…",0,0,0,0,25
2025-07-10 21:20:15,BanBif,Jul 7,"Tu familia no es un cajero automático, pero nosotros sí podemos ayudarte.💸 Solicita tu Préstamo Efectivo en BanBif y accede a ese dinero que necesitas, al instante.
👉 banbif.com.pe/Home/Personas/…",0,0,0,0,57
2025-07-10 21:20:15,BanBif,Jul 4,"¿Te dicen “NOOOO” cada vez que pides el carro?​
Es momento de manejar el tuyo, con nuestro Préstamo Vehicular BanBif, tener tu auto es más fácil de lo que crees.​
​
Más info aquí: banbif.com.pe/Personas/Prest….​

#AutoPropioYa #BanBif #PréstamoVehicular",0,0,0,0,56
2025-07-10 21:20:15,BanBif,Jul 3,"En BanBif creemos en un mundo donde ningún perrito esté solo. Por eso, fuimos parte de la Patatón 2025, una jornada llena de amor y esperanza para los peluditos que buscan familia.🐶✨
👉 banbif.com.pe/Personas/Fondo…",1,0,0,0,61
2025-07-10 21:20:15,BanBif,Jul 1,"Hay cosas que no funcionan solas...
Pero en tus finanzas si, con tu dúo genial 💪💰👉 Cuenta Ahorro Genial + Cuenta Ahorro Digital de BanBif. Una te da chance de ganar S/50,000, la otra te paga más por ahorrar.

Más info: banbif.com.pe/duo-genial",0,0,0,0,55
2025-07-10 21:20:15,BanBif,Jul 1,"🔒 Recuerda: protege tus datos.​ 👀 Lo que compartes en redes puede poner en riesgo tu seguridad financiera.​ ¡Que no te sorprendan!​

#BanBif #Banco #NoMásFraudes",0,0,1,0,52
2025-07-10 21:20:15,BanBif,Jun 28,"🏠 Acciones que transforman vida.​​

36 voluntarios construyeron 05 nuevas viviendas junto a @Techo y Asociación IF, en la comunidad 17 de Marzo, San Juan de Miraflores. ​
🩵 Gracias por ser parte de la experiencia que suma futuro.​​

#BanBif #Banco #Techo #AsociaciónIF #Volunta",0,0,0,0,86
2025-07-10 21:20:15,BanBif,Jun 26,"Danitza trasladó su CTS a BanBif…y ahora no solo duerme tranquila, también tiene narrador que lo confirma. 😌🎙️

Porque cuando sabes qué es tu CTS y dónde tenerla, vives con más tranquilidad.

banbif.com.pe/Personas/Cuent…",0,1,2,0,77
2025-07-10 21:20:15,BanBif,Jun 26,"☁️ Todo gran sueño empieza con el simple hábito de ahorrar.​

Con tu Cuenta Ahorro Digital, cada sol cuenta: sin monto mínimo, sin mantenimiento y una TREA promocional de 4% en soles.​
​
📍 Más información: banbif.com.pe/Personas/Cuent…​

#BanBif #Banco #CuentaAhorroDigital",0,0,0,0,169
2025-07-10 21:20:15,BanBif,Jun 26,"Encontrar tu match perfecto es más fácil cuando se trata de ahorrar ✨🌺​

Abre tu Dúo Genial en BanBif y podrías ganar S/50,000, acceder a más de 100 descuentos exclusivos con ClubHOLA, y una tasa de 4.3% TREA en soles.​

👉 banbif.com.pe/duo-genial",0,0,0,0,50
2025-07-10 21:20:15,BanBif,Jun 24,"Con el programa de beneficios #ClubHola, consigue descuentos exclusivos en tus marcas favoritas como Crepier y disfruta de muchos más. Además, accede gratis al contenido digital de El Comercio. ¡Y repite las veces que quieras! Más info en 👉 clubhola.pe",0,0,0,0,37
2025-07-10 21:20:15,BanBif,Jun 24,"🩵Pequeños aprendizajes que transforman futuros.​
​
☝️🥸 Con Enseña Perú, llevamos educación financiera a los niños de Ica.​
​
#BanBif #Banco #Voluntariado #EnseñaPeru",0,0,0,0,53
2025-07-10 21:20:15,BanBif,Jun 23,"😔 Hay cosas que no vuelven, que tu plata no sea una de ellas. ​
​
📲 Usa Plin desde tu BanBif App.​
​
📍Conoce más en: banbif.com.pe/bancadigital​
​
#Banco #BanBif",0,0,1,0,165
2025-07-10 21:20:15,BanBif,Jun 19,"🐶 Este año nos volvemos a sumar a la #Patatón2025
Un evento que abre puertas y corazones para que más perritos encuentren un hogar lleno de amor.

Los esperamos:
📅 Fecha: Sábado 28 y domingo 29
⏰ Hora: 10:00 a.m.

📍 Circuito Mágico del Agua – Puerta 4 ¡INGRESO LIBRE!",0,1,1,0,81
2025-07-10 21:20:15,BanBif,Jun 16,"😉 A veces solo necesitas un antojo, y los descuentos del ClubHOLA, para alegrarte el día.​

📍Más información aquí: clubhola.pe​

#BanBif #Banco #ClubHOLA",0,1,0,0,61
2025-07-10 21:20:15,BanBif,Jun 13,"Esta vez, quisimos escuchar a nuestros papis en BanBif. Ellos nos recordaron que ser papá es dejar huella todos los días: en casa, en el trabajo y en cada momento compartido. 👔 ¡Gracias por estar siempre presentes y por enseñar con amor y compromiso! #BanBif",0,0,0,0,57
2025-07-10 21:20:15,BanBif,Jun 13,"📅 Olvídate del viernes 13.​
​
Con HOLACambio$ desde tu BanBif App:​
​
✅ Cambia dólares a soles (y viceversa 🔁)​
✅ Rápido, seguro y 100% digital​
✅ Un tipo de cambio preferencial​

📍Más información aquí: banbif.com.pe/bancadigital​
​
#Banco #BanBif #HolaCambio$",1,0,1,0,284
2025-07-10 21:20:15,BanBif,Jun 12,"¡No necesitas ahorrar millones, solo necesitas empezar!​ 
🎯Con tu Cuenta Ahorro Digital consigues lo que te emociona, sin mantenimiento y sin monto mínimo de apertura.​
​
📍Conoce más información: banbif.com.pe/Personas/Cuent…​
​
#Banco #BanBif #CuentaAhorroDigital",1,0,0,0,203
2025-07-10 21:20:15,BanBif,Jun 7,"🫵🏻 ¡Tienes más potencial del que crees!​​

🌟 Con tu Tarjeta de Crédito Clásica accede a beneficios reales.​
​
📍Más información aquí: banbif.com.pe/Personas/Tarje…​
​
#Banco #BanBif #TarjetaCréditoClásica",1,0,0,0,59
2025-07-10 21:20:15,BanBif,Jun 7,"Y para ti, ¿qué significa OHANA?  💙📷 Bueno, tal vez no sea hazme un PLIN, pero no hay nada mejor que Plinear de manera simple y rápida📷📷Recuerda que desde tu BanBif App puedes plinear en cualquier momento. 📷 Conoce más aquí 📷 banbif.com.pe/plin👉",0,0,0,0,272
2025-07-10 22:18:58,BanBif,Jul 9,"🎁 Cuando le compras un regalo a tu bestie… pero eres cero buena guardando secretos.😂
Así como ella no puede ocultarlo, nosotros tampoco.
Con nuestra Cuenta Ahorro Digital, no hay cobros escondidos.
👉 banbif.com.pe/Personas/Cuent…",0,0,0,0,26
2025-07-10 22:18:58,BanBif,Jul 7,"Tu familia no es un cajero automático, pero nosotros sí podemos ayudarte.💸 Solicita tu Préstamo Efectivo en BanBif y accede a ese dinero que necesitas, al instante.
👉 banbif.com.pe/Home/Personas/…",0,0,0,0,58
2025-07-10 22:18:58,BanBif,Jul 4,"¿Te dicen “NOOOO” cada vez que pides el carro?​
Es momento de manejar el tuyo, con nuestro Préstamo Vehicular BanBif, tener tu auto es más fácil de lo que crees.​
​
Más info aquí: banbif.com.pe/Personas/Prest….​

#AutoPropioYa #BanBif #PréstamoVehicular",0,0,0,0,58
2025-07-10 22:18:58,BanBif,Jul 3,"En BanBif creemos en un mundo donde ningún perrito esté solo. Por eso, fuimos parte de la Patatón 2025, una jornada llena de amor y esperanza para los peluditos que buscan familia.🐶✨
👉 banbif.com.pe/Personas/Fondo…",1,0,0,0,62
2025-07-10 22:18:58,BanBif,Jul 1,"Hay cosas que no funcionan solas...
Pero en tus finanzas si, con tu dúo genial 💪💰👉 Cuenta Ahorro Genial + Cuenta Ahorro Digital de BanBif. Una te da chance de ganar S/50,000, la otra te paga más por ahorrar.

Más info: banbif.com.pe/duo-genial",0,0,0,0,56
2025-07-10 22:18:58,BanBif,Jul 1,"🔒 Recuerda: protege tus datos.​ 👀 Lo que compartes en redes puede poner en riesgo tu seguridad financiera.​ ¡Que no te sorprendan!​

#BanBif #Banco #NoMásFraudes",0,0,1,0,53
2025-07-10 22:18:58,BanBif,Jun 28,"🏠 Acciones que transforman vida.​​

36 voluntarios construyeron 05 nuevas viviendas junto a @Techo y Asociación IF, en la comunidad 17 de Marzo, San Juan de Miraflores. ​
🩵 Gracias por ser parte de la experiencia que suma futuro.​​

#BanBif #Banco #Techo #AsociaciónIF #Volunta",0,0,0,0,87
2025-07-10 22:18:58,BanBif,Jun 26,"Danitza trasladó su CTS a BanBif…y ahora no solo duerme tranquila, también tiene narrador que lo confirma. 😌🎙️

Porque cuando sabes qué es tu CTS y dónde tenerla, vives con más tranquilidad.

banbif.com.pe/Personas/Cuent…",0,1,2,0,78
2025-07-10 22:18:58,BanBif,Jun 26,"☁️ Todo gran sueño empieza con el simple hábito de ahorrar.​

Con tu Cuenta Ahorro Digital, cada sol cuenta: sin monto mínimo, sin mantenimiento y una TREA promocional de 4% en soles.​
​
📍 Más información: banbif.com.pe/Personas/Cuent…​

#BanBif #Banco #CuentaAhorroDigital",0,0,0,0,170
2025-07-10 22:18:58,BanBif,Jun 26,"Encontrar tu match perfecto es más fácil cuando se trata de ahorrar ✨🌺​

Abre tu Dúo Genial en BanBif y podrías ganar S/50,000, acceder a más de 100 descuentos exclusivos con ClubHOLA, y una tasa de 4.3% TREA en soles.​

👉 banbif.com.pe/duo-genial",0,0,0,0,51
2025-07-10 22:18:58,BanBif,Jun 24,"Con el programa de beneficios #ClubHola, consigue descuentos exclusivos en tus marcas favoritas como Crepier y disfruta de muchos más. Además, accede gratis al contenido digital de El Comercio. ¡Y repite las veces que quieras! Más info en 👉 clubhola.pe",0,0,0,0,38
2025-07-10 22:18:58,BanBif,Jun 24,"🩵Pequeños aprendizajes que transforman futuros.​
​
☝️🥸 Con Enseña Perú, llevamos educación financiera a los niños de Ica.​
​
#BanBif #Banco #Voluntariado #EnseñaPeru",0,0,0,0,54
2025-07-10 22:18:58,BanBif,Jun 23,"😔 Hay cosas que no vuelven, que tu plata no sea una de ellas. ​
​
📲 Usa Plin desde tu BanBif App.​
​
📍Conoce más en: banbif.com.pe/bancadigital​
​
#Banco #BanBif",0,0,1,0,166
2025-07-10 22:18:58,BanBif,Jun 19,"🐶 Este año nos volvemos a sumar a la #Patatón2025
Un evento que abre puertas y corazones para que más perritos encuentren un hogar lleno de amor.

Los esperamos:
📅 Fecha: Sábado 28 y domingo 29
⏰ Hora: 10:00 a.m.

📍 Circuito Mágico del Agua – Puerta 4 ¡INGRESO LIBRE!",0,1,1,0,82
2025-07-10 22:18:58,BanBif,Jun 16,"😉 A veces solo necesitas un antojo, y los descuentos del ClubHOLA, para alegrarte el día.​

📍Más información aquí: clubhola.pe​

#BanBif #Banco #ClubHOLA",0,1,0,0,62
2025-07-10 22:18:58,BanBif,Jun 13,"Esta vez, quisimos escuchar a nuestros papis en BanBif. Ellos nos recordaron que ser papá es dejar huella todos los días: en casa, en el trabajo y en cada momento compartido. 👔 ¡Gracias por estar siempre presentes y por enseñar con amor y compromiso! #BanBif",0,0,0,0,58
2025-07-10 22:18:58,BanBif,Jun 13,"📅 Olvídate del viernes 13.​
​
Con HOLACambio$ desde tu BanBif App:​
​
✅ Cambia dólares a soles (y viceversa 🔁)​
✅ Rápido, seguro y 100% digital​
✅ Un tipo de cambio preferencial​

📍Más información aquí: banbif.com.pe/bancadigital​
​
#Banco #BanBif #HolaCambio$",1,0,1,0,285
2025-07-10 22:18:58,BanBif,Jun 12,"¡No necesitas ahorrar millones, solo necesitas empezar!​ 
🎯Con tu Cuenta Ahorro Digital consigues lo que te emociona, sin mantenimiento y sin monto mínimo de apertura.​
​
📍Conoce más información: banbif.com.pe/Personas/Cuent…​
​
#Banco #BanBif #CuentaAhorroDigital",1,0,0,0,204
2025-07-10 22:18:58,BanBif,Jun 7,"🫵🏻 ¡Tienes más potencial del que crees!​​

🌟 Con tu Tarjeta de Crédito Clásica accede a beneficios reales.​
​
📍Más información aquí: banbif.com.pe/Personas/Tarje…​
​
#Banco #BanBif #TarjetaCréditoClásica",1,0,0,0,60
2025-07-10 22:18:58,BanBif,Jun 7,"Y para ti, ¿qué significa OHANA?  💙📷 Bueno, tal vez no sea hazme un PLIN, pero no hay nada mejor que Plinear de manera simple y rápida📷📷Recuerda que desde tu BanBif App puedes plinear en cualquier momento. 📷 Conoce más aquí 📷 banbif.com.pe/plin👉",0,0,0,0,273
2025-07-10 23:19:26,BanBif,Jul 9,"🎁 Cuando le compras un regalo a tu bestie… pero eres cero buena guardando secretos.😂
Así como ella no puede ocultarlo, nosotros tampoco.
Con nuestra Cuenta Ahorro Digital, no hay cobros escondidos.
👉 banbif.com.pe/Personas/Cuent…",0,0,0,0,26
2025-07-10 23:19:26,BanBif,Jul 7,"Tu familia no es un cajero automático, pero nosotros sí podemos ayudarte.💸 Solicita tu Préstamo Efectivo en BanBif y accede a ese dinero que necesitas, al instante.
👉 banbif.com.pe/Home/Personas/…",0,0,0,0,58
2025-07-10 23:19:26,BanBif,Jul 4,"¿Te dicen “NOOOO” cada vez que pides el carro?​
Es momento de manejar el tuyo, con nuestro Préstamo Vehicular BanBif, tener tu auto es más fácil de lo que crees.​
​
Más info aquí: banbif.com.pe/Personas/Prest….​

#AutoPropioYa #BanBif #PréstamoVehicular",0,0,0,0,58
2025-07-10 23:19:26,BanBif,Jul 3,"En BanBif creemos en un mundo donde ningún perrito esté solo. Por eso, fuimos parte de la Patatón 2025, una jornada llena de amor y esperanza para los peluditos que buscan familia.🐶✨
👉 banbif.com.pe/Personas/Fondo…",1,0,0,0,62
2025-07-10 23:19:26,BanBif,Jul 1,"Hay cosas que no funcionan solas...
Pero en tus finanzas si, con tu dúo genial 💪💰👉 Cuenta Ahorro Genial + Cuenta Ahorro Digital de BanBif. Una te da chance de ganar S/50,000, la otra te paga más por ahorrar.

Más info: banbif.com.pe/duo-genial",0,0,0,0,56
2025-07-10 23:19:26,BanBif,Jul 1,"🔒 Recuerda: protege tus datos.​ 👀 Lo que compartes en redes puede poner en riesgo tu seguridad financiera.​ ¡Que no te sorprendan!​

#BanBif #Banco #NoMásFraudes",0,0,1,0,53
2025-07-10 23:19:26,BanBif,Jun 28,"🏠 Acciones que transforman vida.​​

36 voluntarios construyeron 05 nuevas viviendas junto a @Techo y Asociación IF, en la comunidad 17 de Marzo, San Juan de Miraflores. ​
🩵 Gracias por ser parte de la experiencia que suma futuro.​​

#BanBif #Banco #Techo #AsociaciónIF #Volunta",0,0,0,0,87
2025-07-10 23:19:26,BanBif,Jun 26,"Danitza trasladó su CTS a BanBif…y ahora no solo duerme tranquila, también tiene narrador que lo confirma. 😌🎙️

Porque cuando sabes qué es tu CTS y dónde tenerla, vives con más tranquilidad.

banbif.com.pe/Personas/Cuent…",0,1,2,0,78
2025-07-10 23:19:26,BanBif,Jun 26,"☁️ Todo gran sueño empieza con el simple hábito de ahorrar.​

Con tu Cuenta Ahorro Digital, cada sol cuenta: sin monto mínimo, sin mantenimiento y una TREA promocional de 4% en soles.​
​
📍 Más información: banbif.com.pe/Personas/Cuent…​

#BanBif #Banco #CuentaAhorroDigital",0,0,0,0,170
2025-07-10 23:19:26,BanBif,Jun 26,"Encontrar tu match perfecto es más fácil cuando se trata de ahorrar ✨🌺​

Abre tu Dúo Genial en BanBif y podrías ganar S/50,000, acceder a más de 100 descuentos exclusivos con ClubHOLA, y una tasa de 4.3% TREA en soles.​

👉 banbif.com.pe/duo-genial",0,0,0,0,51
2025-07-10 23:19:26,BanBif,Jun 24,"Con el programa de beneficios #ClubHola, consigue descuentos exclusivos en tus marcas favoritas como Crepier y disfruta de muchos más. Además, accede gratis al contenido digital de El Comercio. ¡Y repite las veces que quieras! Más info en 👉 clubhola.pe",0,0,0,0,38
2025-07-10 23:19:26,BanBif,Jun 24,"🩵Pequeños aprendizajes que transforman futuros.​
​
☝️🥸 Con Enseña Perú, llevamos educación financiera a los niños de Ica.​
​
#BanBif #Banco #Voluntariado #EnseñaPeru",0,0,0,0,54
2025-07-10 23:19:26,BanBif,Jun 23,"😔 Hay cosas que no vuelven, que tu plata no sea una de ellas. ​
​
📲 Usa Plin desde tu BanBif App.​
​
📍Conoce más en: banbif.com.pe/bancadigital​
​
#Banco #BanBif",0,0,1,0,166
2025-07-10 23:19:26,BanBif,Jun 19,"🐶 Este año nos volvemos a sumar a la #Patatón2025
Un evento que abre puertas y corazones para que más perritos encuentren un hogar lleno de amor.

Los esperamos:
📅 Fecha: Sábado 28 y domingo 29
⏰ Hora: 10:00 a.m.

📍 Circuito Mágico del Agua – Puerta 4 ¡INGRESO LIBRE!",0,1,1,0,82
2025-07-10 23:19:26,BanBif,Jun 16,"😉 A veces solo necesitas un antojo, y los descuentos del ClubHOLA, para alegrarte el día.​

📍Más información aquí: clubhola.pe​

#BanBif #Banco #ClubHOLA",0,1,0,0,62
2025-07-10 23:19:26,BanBif,Jun 13,"Esta vez, quisimos escuchar a nuestros papis en BanBif. Ellos nos recordaron que ser papá es dejar huella todos los días: en casa, en el trabajo y en cada momento compartido. 👔 ¡Gracias por estar siempre presentes y por enseñar con amor y compromiso! #BanBif",0,0,0,0,58
2025-07-10 23:19:26,BanBif,Jun 13,"📅 Olvídate del viernes 13.​
​
Con HOLACambio$ desde tu BanBif App:​
​
✅ Cambia dólares a soles (y viceversa 🔁)​
✅ Rápido, seguro y 100% digital​
✅ Un tipo de cambio preferencial​

📍Más información aquí: banbif.com.pe/bancadigital​
​
#Banco #BanBif #HolaCambio$",1,0,1,0,285
2025-07-10 23:19:26,BanBif,Jun 12,"¡No necesitas ahorrar millones, solo necesitas empezar!​ 
🎯Con tu Cuenta Ahorro Digital consigues lo que te emociona, sin mantenimiento y sin monto mínimo de apertura.​
​
📍Conoce más información: banbif.com.pe/Personas/Cuent…​
​
#Banco #BanBif #CuentaAhorroDigital",1,0,0,0,204
2025-07-10 23:19:26,BanBif,Jun 7,"🫵🏻 ¡Tienes más potencial del que crees!​​

🌟 Con tu Tarjeta de Crédito Clásica accede a beneficios reales.​
​
📍Más información aquí: banbif.com.pe/Personas/Tarje…​
​
#Banco #BanBif #TarjetaCréditoClásica",1,0,0,0,60
2025-07-10 23:19:26,BanBif,Jun 7,"Y para ti, ¿qué significa OHANA?  💙📷 Bueno, tal vez no sea hazme un PLIN, pero no hay nada mejor que Plinear de manera simple y rápida📷📷Recuerda que desde tu BanBif App puedes plinear en cualquier momento. 📷 Conoce más aquí 📷 banbif.com.pe/plin👉",0,0,0,0,273
2025-07-11 01:43:41,BanBif,Jul 9,"🎁 Cuando le compras un regalo a tu bestie… pero eres cero buena guardando secretos.😂
Así como ella no puede ocultarlo, nosotros tampoco.
Con nuestra Cuenta Ahorro Digital, no hay cobros escondidos.
👉 banbif.com.pe/Personas/Cuent…",0,0,0,0,26
2025-07-11 01:43:41,BanBif,Jul 7,"Tu familia no es un cajero automático, pero nosotros sí podemos ayudarte.💸 Solicita tu Préstamo Efectivo en BanBif y accede a ese dinero que necesitas, al instante.
👉 banbif.com.pe/Home/Personas/…",0,0,0,0,58
2025-07-11 01:43:41,BanBif,Jul 4,"¿Te dicen “NOOOO” cada vez que pides el carro?​
Es momento de manejar el tuyo, con nuestro Préstamo Vehicular BanBif, tener tu auto es más fácil de lo que crees.​
​
Más info aquí: banbif.com.pe/Personas/Prest….​

#AutoPropioYa #BanBif #PréstamoVehicular",0,0,0,0,60
2025-07-11 01:43:41,BanBif,Jul 3,"En BanBif creemos en un mundo donde ningún perrito esté solo. Por eso, fuimos parte de la Patatón 2025, una jornada llena de amor y esperanza para los peluditos que buscan familia.🐶✨
👉 banbif.com.pe/Personas/Fondo…",1,0,0,0,62
2025-07-11 01:43:41,BanBif,Jul 1,"Hay cosas que no funcionan solas...
Pero en tus finanzas si, con tu dúo genial 💪💰👉 Cuenta Ahorro Genial + Cuenta Ahorro Digital de BanBif. Una te da chance de ganar S/50,000, la otra te paga más por ahorrar.

Más info: banbif.com.pe/duo-genial",0,0,0,0,56
2025-07-11 01:43:41,BanBif,Jul 1,"🔒 Recuerda: protege tus datos.​ 👀 Lo que compartes en redes puede poner en riesgo tu seguridad financiera.​ ¡Que no te sorprendan!​

#BanBif #Banco #NoMásFraudes",0,0,1,0,53
2025-07-11 01:43:41,BanBif,Jun 28,"🏠 Acciones que transforman vida.​​

36 voluntarios construyeron 05 nuevas viviendas junto a @Techo y Asociación IF, en la comunidad 17 de Marzo, San Juan de Miraflores. ​
🩵 Gracias por ser parte de la experiencia que suma futuro.​​

#BanBif #Banco #Techo #AsociaciónIF #Volunta",0,0,0,0,88
2025-07-11 01:43:41,BanBif,Jun 26,"Danitza trasladó su CTS a BanBif…y ahora no solo duerme tranquila, también tiene narrador que lo confirma. 😌🎙️

Porque cuando sabes qué es tu CTS y dónde tenerla, vives con más tranquilidad.

banbif.com.pe/Personas/Cuent…",0,1,2,0,79
2025-07-11 01:43:41,BanBif,Jun 26,"☁️ Todo gran sueño empieza con el simple hábito de ahorrar.​

Con tu Cuenta Ahorro Digital, cada sol cuenta: sin monto mínimo, sin mantenimiento y una TREA promocional de 4% en soles.​
​
📍 Más información: banbif.com.pe/Personas/Cuent…​

#BanBif #Banco #CuentaAhorroDigital",0,0,0,0,171
2025-07-11 01:43:41,BanBif,Jun 26,"Encontrar tu match perfecto es más fácil cuando se trata de ahorrar ✨🌺​

Abre tu Dúo Genial en BanBif y podrías ganar S/50,000, acceder a más de 100 descuentos exclusivos con ClubHOLA, y una tasa de 4.3% TREA en soles.​

👉 banbif.com.pe/duo-genial",0,0,0,0,52
2025-07-11 01:43:41,BanBif,Jun 24,"Con el programa de beneficios #ClubHola, consigue descuentos exclusivos en tus marcas favoritas como Crepier y disfruta de muchos más. Además, accede gratis al contenido digital de El Comercio. ¡Y repite las veces que quieras! Más info en 👉 clubhola.pe",0,0,0,0,39
2025-07-11 01:43:41,BanBif,Jun 24,"🩵Pequeños aprendizajes que transforman futuros.​
​
☝️🥸 Con Enseña Perú, llevamos educación financiera a los niños de Ica.​
​
#BanBif #Banco #Voluntariado #EnseñaPeru",0,0,0,0,54
2025-07-11 01:43:41,BanBif,Jun 23,"😔 Hay cosas que no vuelven, que tu plata no sea una de ellas. ​
​
📲 Usa Plin desde tu BanBif App.​
​
📍Conoce más en: banbif.com.pe/bancadigital​
​
#Banco #BanBif",0,0,1,0,166
2025-07-11 01:43:41,BanBif,Jun 19,"🐶 Este año nos volvemos a sumar a la #Patatón2025
Un evento que abre puertas y corazones para que más perritos encuentren un hogar lleno de amor.

Los esperamos:
📅 Fecha: Sábado 28 y domingo 29
⏰ Hora: 10:00 a.m.

📍 Circuito Mágico del Agua – Puerta 4 ¡INGRESO LIBRE!",0,1,1,0,82
2025-07-11 01:43:41,BanBif,Jun 16,"😉 A veces solo necesitas un antojo, y los descuentos del ClubHOLA, para alegrarte el día.​

📍Más información aquí: clubhola.pe​

#BanBif #Banco #ClubHOLA",0,1,0,0,62
2025-07-11 01:43:41,BanBif,Jun 13,"Esta vez, quisimos escuchar a nuestros papis en BanBif. Ellos nos recordaron que ser papá es dejar huella todos los días: en casa, en el trabajo y en cada momento compartido. 👔 ¡Gracias por estar siempre presentes y por enseñar con amor y compromiso! #BanBif",0,0,0,0,58
2025-07-11 01:43:41,BanBif,Jun 13,"📅 Olvídate del viernes 13.​
​
Con HOLACambio$ desde tu BanBif App:​
​
✅ Cambia dólares a soles (y viceversa 🔁)​
✅ Rápido, seguro y 100% digital​
✅ Un tipo de cambio preferencial​

📍Más información aquí: banbif.com.pe/bancadigital​
​
#Banco #BanBif #HolaCambio$",1,0,1,0,285
2025-07-11 01:43:41,BanBif,Jun 12,"¡No necesitas ahorrar millones, solo necesitas empezar!​ 
🎯Con tu Cuenta Ahorro Digital consigues lo que te emociona, sin mantenimiento y sin monto mínimo de apertura.​
​
📍Conoce más información: banbif.com.pe/Personas/Cuent…​
​
#Banco #BanBif #CuentaAhorroDigital",1,0,0,0,205
2025-07-11 01:43:41,BanBif,Jun 7,"🫵🏻 ¡Tienes más potencial del que crees!​​

🌟 Con tu Tarjeta de Crédito Clásica accede a beneficios reales.​
​
📍Más información aquí: banbif.com.pe/Personas/Tarje…​
​
#Banco #BanBif #TarjetaCréditoClásica",1,0,0,0,60
2025-07-11 01:43:41,BanBif,Jun 7,"Y para ti, ¿qué significa OHANA?  💙📷 Bueno, tal vez no sea hazme un PLIN, pero no hay nada mejor que Plinear de manera simple y rápida📷📷Recuerda que desde tu BanBif App puedes plinear en cualquier momento. 📷 Conoce más aquí 📷 banbif.com.pe/plin👉",0,0,0,0,273
2025-07-11 03:27:32,BanBif,Jul 9,"🎁 Cuando le compras un regalo a tu bestie… pero eres cero buena guardando secretos.😂
Así como ella no puede ocultarlo, nosotros tampoco.
Con nuestra Cuenta Ahorro Digital, no hay cobros escondidos.
👉 banbif.com.pe/Personas/Cuent…",0,0,0,0,26
2025-07-11 03:27:32,BanBif,Jul 7,"Tu familia no es un cajero automático, pero nosotros sí podemos ayudarte.💸 Solicita tu Préstamo Efectivo en BanBif y accede a ese dinero que necesitas, al instante.
👉 banbif.com.pe/Home/Personas/…",0,0,0,0,60
2025-07-11 03:27:32,BanBif,Jul 4,"¿Te dicen “NOOOO” cada vez que pides el carro?​
Es momento de manejar el tuyo, con nuestro Préstamo Vehicular BanBif, tener tu auto es más fácil de lo que crees.​
​
Más info aquí: banbif.com.pe/Personas/Prest….​

#AutoPropioYa #BanBif #PréstamoVehicular",0,0,0,0,60
2025-07-11 03:27:32,BanBif,Jul 3,"En BanBif creemos en un mundo donde ningún perrito esté solo. Por eso, fuimos parte de la Patatón 2025, una jornada llena de amor y esperanza para los peluditos que buscan familia.🐶✨
👉 banbif.com.pe/Personas/Fondo…",1,0,0,0,62
2025-07-11 03:27:32,BanBif,Jul 1,"Hay cosas que no funcionan solas...
Pero en tus finanzas si, con tu dúo genial 💪💰👉 Cuenta Ahorro Genial + Cuenta Ahorro Digital de BanBif. Una te da chance de ganar S/50,000, la otra te paga más por ahorrar.

Más info: banbif.com.pe/duo-genial",0,0,0,0,56
2025-07-11 03:27:32,BanBif,Jul 1,"🔒 Recuerda: protege tus datos.​ 👀 Lo que compartes en redes puede poner en riesgo tu seguridad financiera.​ ¡Que no te sorprendan!​

#BanBif #Banco #NoMásFraudes",0,0,1,0,53
2025-07-11 03:27:32,BanBif,Jun 28,"🏠 Acciones que transforman vida.​​

36 voluntarios construyeron 05 nuevas viviendas junto a @Techo y Asociación IF, en la comunidad 17 de Marzo, San Juan de Miraflores. ​
🩵 Gracias por ser parte de la experiencia que suma futuro.​​

#BanBif #Banco #Techo #AsociaciónIF #Volunta",0,0,0,0,89
2025-07-11 03:27:32,BanBif,Jun 26,"Danitza trasladó su CTS a BanBif…y ahora no solo duerme tranquila, también tiene narrador que lo confirma. 😌🎙️

Porque cuando sabes qué es tu CTS y dónde tenerla, vives con más tranquilidad.

banbif.com.pe/Personas/Cuent…",0,1,2,0,79
2025-07-11 03:27:32,BanBif,Jun 26,"☁️ Todo gran sueño empieza con el simple hábito de ahorrar.​

Con tu Cuenta Ahorro Digital, cada sol cuenta: sin monto mínimo, sin mantenimiento y una TREA promocional de 4% en soles.​
​
📍 Más información: banbif.com.pe/Personas/Cuent…​

#BanBif #Banco #CuentaAhorroDigital",0,0,0,0,171
2025-07-11 03:27:32,BanBif,Jun 26,"Encontrar tu match perfecto es más fácil cuando se trata de ahorrar ✨🌺​

Abre tu Dúo Genial en BanBif y podrías ganar S/50,000, acceder a más de 100 descuentos exclusivos con ClubHOLA, y una tasa de 4.3% TREA en soles.​

👉 banbif.com.pe/duo-genial",0,0,0,0,52
2025-07-11 03:27:32,BanBif,Jun 24,"Con el programa de beneficios #ClubHola, consigue descuentos exclusivos en tus marcas favoritas como Crepier y disfruta de muchos más. Además, accede gratis al contenido digital de El Comercio. ¡Y repite las veces que quieras! Más info en 👉 clubhola.pe",0,0,0,0,39
2025-07-11 03:27:32,BanBif,Jun 24,"🩵Pequeños aprendizajes que transforman futuros.​
​
☝️🥸 Con Enseña Perú, llevamos educación financiera a los niños de Ica.​
​
#BanBif #Banco #Voluntariado #EnseñaPeru",0,0,0,0,54
2025-07-11 03:27:32,BanBif,Jun 23,"😔 Hay cosas que no vuelven, que tu plata no sea una de ellas. ​
​
📲 Usa Plin desde tu BanBif App.​
​
📍Conoce más en: banbif.com.pe/bancadigital​
​
#Banco #BanBif",0,0,1,0,166
2025-07-11 03:27:32,BanBif,Jun 19,"🐶 Este año nos volvemos a sumar a la #Patatón2025
Un evento que abre puertas y corazones para que más perritos encuentren un hogar lleno de amor.

Los esperamos:
📅 Fecha: Sábado 28 y domingo 29
⏰ Hora: 10:00 a.m.

📍 Circuito Mágico del Agua – Puerta 4 ¡INGRESO LIBRE!",0,1,1,0,82
2025-07-11 03:27:32,BanBif,Jun 16,"😉 A veces solo necesitas un antojo, y los descuentos del ClubHOLA, para alegrarte el día.​

📍Más información aquí: clubhola.pe​

#BanBif #Banco #ClubHOLA",0,1,0,0,62
2025-07-11 03:27:32,BanBif,Jun 13,"Esta vez, quisimos escuchar a nuestros papis en BanBif. Ellos nos recordaron que ser papá es dejar huella todos los días: en casa, en el trabajo y en cada momento compartido. 👔 ¡Gracias por estar siempre presentes y por enseñar con amor y compromiso! #BanBif",0,0,0,0,58
2025-07-11 03:27:32,BanBif,Jun 13,"📅 Olvídate del viernes 13.​
​
Con HOLACambio$ desde tu BanBif App:​
​
✅ Cambia dólares a soles (y viceversa 🔁)​
✅ Rápido, seguro y 100% digital​
✅ Un tipo de cambio preferencial​

📍Más información aquí: banbif.com.pe/bancadigital​
​
#Banco #BanBif #HolaCambio$",1,0,1,0,286
2025-07-11 03:27:32,BanBif,Jun 12,"¡No necesitas ahorrar millones, solo necesitas empezar!​ 
🎯Con tu Cuenta Ahorro Digital consigues lo que te emociona, sin mantenimiento y sin monto mínimo de apertura.​
​
📍Conoce más información: banbif.com.pe/Personas/Cuent…​
​
#Banco #BanBif #CuentaAhorroDigital",1,0,0,0,205
2025-07-11 03:27:32,BanBif,Jun 7,"🫵🏻 ¡Tienes más potencial del que crees!​​

🌟 Con tu Tarjeta de Crédito Clásica accede a beneficios reales.​
​
📍Más información aquí: banbif.com.pe/Personas/Tarje…​
​
#Banco #BanBif #TarjetaCréditoClásica",1,0,0,0,60
2025-07-11 03:27:32,BanBif,Jun 7,"Y para ti, ¿qué significa OHANA?  💙📷 Bueno, tal vez no sea hazme un PLIN, pero no hay nada mejor que Plinear de manera simple y rápida📷📷Recuerda que desde tu BanBif App puedes plinear en cualquier momento. 📷 Conoce más aquí 📷 banbif.com.pe/plin👉",0,0,0,0,273
2025-07-11 06:30:44,BanBif,Jul 9,"🎁 Cuando le compras un regalo a tu bestie… pero eres cero buena guardando secretos.😂
Así como ella no puede ocultarlo, nosotros tampoco.
Con nuestra Cuenta Ahorro Digital, no hay cobros escondidos.
👉 banbif.com.pe/Personas/Cuent…",0,0,0,0,26
2025-07-11 06:30:44,BanBif,Jul 7,"Tu familia no es un cajero automático, pero nosotros sí podemos ayudarte.💸 Solicita tu Préstamo Efectivo en BanBif y accede a ese dinero que necesitas, al instante.
👉 banbif.com.pe/Home/Personas/…",0,0,0,0,62
2025-07-11 06:30:44,BanBif,Jul 4,"¿Te dicen “NOOOO” cada vez que pides el carro?​
Es momento de manejar el tuyo, con nuestro Préstamo Vehicular BanBif, tener tu auto es más fácil de lo que crees.​
​
Más info aquí: banbif.com.pe/Personas/Prest….​

#AutoPropioYa #BanBif #PréstamoVehicular",0,0,0,0,60
2025-07-11 06:30:44,BanBif,Jul 3,"En BanBif creemos en un mundo donde ningún perrito esté solo. Por eso, fuimos parte de la Patatón 2025, una jornada llena de amor y esperanza para los peluditos que buscan familia.🐶✨
👉 banbif.com.pe/Personas/Fondo…",1,0,0,0,62
2025-07-11 06:30:44,BanBif,Jul 1,"Hay cosas que no funcionan solas...
Pero en tus finanzas si, con tu dúo genial 💪💰👉 Cuenta Ahorro Genial + Cuenta Ahorro Digital de BanBif. Una te da chance de ganar S/50,000, la otra te paga más por ahorrar.

Más info: banbif.com.pe/duo-genial",0,0,0,0,56
2025-07-11 06:30:44,BanBif,Jul 1,"🔒 Recuerda: protege tus datos.​ 👀 Lo que compartes en redes puede poner en riesgo tu seguridad financiera.​ ¡Que no te sorprendan!​

#BanBif #Banco #NoMásFraudes",0,0,1,0,53
2025-07-11 06:30:44,BanBif,Jun 28,"🏠 Acciones que transforman vida.​​

36 voluntarios construyeron 05 nuevas viviendas junto a @Techo y Asociación IF, en la comunidad 17 de Marzo, San Juan de Miraflores. ​
🩵 Gracias por ser parte de la experiencia que suma futuro.​​

#BanBif #Banco #Techo #AsociaciónIF #Volunta",0,0,0,0,89
2025-07-11 06:30:44,BanBif,Jun 26,"Danitza trasladó su CTS a BanBif…y ahora no solo duerme tranquila, también tiene narrador que lo confirma. 😌🎙️

Porque cuando sabes qué es tu CTS y dónde tenerla, vives con más tranquilidad.

banbif.com.pe/Personas/Cuent…",0,1,2,0,79
2025-07-11 06:30:44,BanBif,Jun 26,"☁️ Todo gran sueño empieza con el simple hábito de ahorrar.​

Con tu Cuenta Ahorro Digital, cada sol cuenta: sin monto mínimo, sin mantenimiento y una TREA promocional de 4% en soles.​
​
📍 Más información: banbif.com.pe/Personas/Cuent…​

#BanBif #Banco #CuentaAhorroDigital",0,0,0,0,171
2025-07-11 06:30:44,BanBif,Jun 26,"Encontrar tu match perfecto es más fácil cuando se trata de ahorrar ✨🌺​

Abre tu Dúo Genial en BanBif y podrías ganar S/50,000, acceder a más de 100 descuentos exclusivos con ClubHOLA, y una tasa de 4.3% TREA en soles.​

👉 banbif.com.pe/duo-genial",0,0,0,0,52
2025-07-11 06:30:44,BanBif,Jun 24,"Con el programa de beneficios #ClubHola, consigue descuentos exclusivos en tus marcas favoritas como Crepier y disfruta de muchos más. Además, accede gratis al contenido digital de El Comercio. ¡Y repite las veces que quieras! Más info en 👉 clubhola.pe",0,0,0,0,39
2025-07-11 06:30:44,BanBif,Jun 24,"🩵Pequeños aprendizajes que transforman futuros.​
​
☝️🥸 Con Enseña Perú, llevamos educación financiera a los niños de Ica.​
​
#BanBif #Banco #Voluntariado #EnseñaPeru",0,0,0,0,54
2025-07-11 06:30:44,BanBif,Jun 23,"😔 Hay cosas que no vuelven, que tu plata no sea una de ellas. ​
​
📲 Usa Plin desde tu BanBif App.​
​
📍Conoce más en: banbif.com.pe/bancadigital​
​
#Banco #BanBif",0,0,1,0,166
2025-07-11 06:30:44,BanBif,Jun 19,"🐶 Este año nos volvemos a sumar a la #Patatón2025
Un evento que abre puertas y corazones para que más perritos encuentren un hogar lleno de amor.

Los esperamos:
📅 Fecha: Sábado 28 y domingo 29
⏰ Hora: 10:00 a.m.

📍 Circuito Mágico del Agua – Puerta 4 ¡INGRESO LIBRE!",0,1,1,0,82
2025-07-11 06:30:44,BanBif,Jun 16,"😉 A veces solo necesitas un antojo, y los descuentos del ClubHOLA, para alegrarte el día.​

📍Más información aquí: clubhola.pe​

#BanBif #Banco #ClubHOLA",0,1,0,0,62
2025-07-11 06:30:44,BanBif,Jun 13,"Esta vez, quisimos escuchar a nuestros papis en BanBif. Ellos nos recordaron que ser papá es dejar huella todos los días: en casa, en el trabajo y en cada momento compartido. 👔 ¡Gracias por estar siempre presentes y por enseñar con amor y compromiso! #BanBif",0,0,0,0,58
2025-07-11 06:30:44,BanBif,Jun 13,"📅 Olvídate del viernes 13.​
​
Con HOLACambio$ desde tu BanBif App:​
​
✅ Cambia dólares a soles (y viceversa 🔁)​
✅ Rápido, seguro y 100% digital​
✅ Un tipo de cambio preferencial​

📍Más información aquí: banbif.com.pe/bancadigital​
​
#Banco #BanBif #HolaCambio$",1,0,1,0,287
2025-07-11 06:30:44,BanBif,Jun 12,"¡No necesitas ahorrar millones, solo necesitas empezar!​ 
🎯Con tu Cuenta Ahorro Digital consigues lo que te emociona, sin mantenimiento y sin monto mínimo de apertura.​
​
📍Conoce más información: banbif.com.pe/Personas/Cuent…​
​
#Banco #BanBif #CuentaAhorroDigital",1,0,0,0,206
2025-07-11 06:30:44,BanBif,Jun 7,"🫵🏻 ¡Tienes más potencial del que crees!​​

🌟 Con tu Tarjeta de Crédito Clásica accede a beneficios reales.​
​
📍Más información aquí: banbif.com.pe/Personas/Tarje…​
​
#Banco #BanBif #TarjetaCréditoClásica",1,0,0,0,60
2025-07-11 06:30:44,BanBif,Jun 7,"Y para ti, ¿qué significa OHANA?  💙📷 Bueno, tal vez no sea hazme un PLIN, pero no hay nada mejor que Plinear de manera simple y rápida📷📷Recuerda que desde tu BanBif App puedes plinear en cualquier momento. 📷 Conoce más aquí 📷 banbif.com.pe/plin👉",0,0,0,0,273
2025-07-11 07:20:49,BanBif,Jul 9,"🎁 Cuando le compras un regalo a tu bestie… pero eres cero buena guardando secretos.😂
Así como ella no puede ocultarlo, nosotros tampoco.
Con nuestra Cuenta Ahorro Digital, no hay cobros escondidos.
👉 banbif.com.pe/Personas/Cuent…",0,0,0,0,26
2025-07-11 07:20:49,BanBif,Jul 7,"Tu familia no es un cajero automático, pero nosotros sí podemos ayudarte.💸 Solicita tu Préstamo Efectivo en BanBif y accede a ese dinero que necesitas, al instante.
👉 banbif.com.pe/Home/Personas/…",0,0,0,0,62
2025-07-11 07:20:49,BanBif,Jul 4,"¿Te dicen “NOOOO” cada vez que pides el carro?​
Es momento de manejar el tuyo, con nuestro Préstamo Vehicular BanBif, tener tu auto es más fácil de lo que crees.​
​
Más info aquí: banbif.com.pe/Personas/Prest….​

#AutoPropioYa #BanBif #PréstamoVehicular",0,0,0,0,60
2025-07-11 07:20:49,BanBif,Jul 3,"En BanBif creemos en un mundo donde ningún perrito esté solo. Por eso, fuimos parte de la Patatón 2025, una jornada llena de amor y esperanza para los peluditos que buscan familia.🐶✨
👉 banbif.com.pe/Personas/Fondo…",1,0,0,0,62
2025-07-11 07:20:49,BanBif,Jul 1,"Hay cosas que no funcionan solas...
Pero en tus finanzas si, con tu dúo genial 💪💰👉 Cuenta Ahorro Genial + Cuenta Ahorro Digital de BanBif. Una te da chance de ganar S/50,000, la otra te paga más por ahorrar.

Más info: banbif.com.pe/duo-genial",0,0,0,0,56
2025-07-11 07:20:49,BanBif,Jul 1,"🔒 Recuerda: protege tus datos.​ 👀 Lo que compartes en redes puede poner en riesgo tu seguridad financiera.​ ¡Que no te sorprendan!​

#BanBif #Banco #NoMásFraudes",0,0,1,0,53
2025-07-11 07:20:49,BanBif,Jun 28,"🏠 Acciones que transforman vida.​​

36 voluntarios construyeron 05 nuevas viviendas junto a @Techo y Asociación IF, en la comunidad 17 de Marzo, San Juan de Miraflores. ​
🩵 Gracias por ser parte de la experiencia que suma futuro.​​

#BanBif #Banco #Techo #AsociaciónIF #Volunta",0,0,0,0,89
2025-07-11 07:20:49,BanBif,Jun 26,"Danitza trasladó su CTS a BanBif…y ahora no solo duerme tranquila, también tiene narrador que lo confirma. 😌🎙️

Porque cuando sabes qué es tu CTS y dónde tenerla, vives con más tranquilidad.

banbif.com.pe/Personas/Cuent…",0,1,2,0,79
2025-07-11 07:20:49,BanBif,Jun 26,"☁️ Todo gran sueño empieza con el simple hábito de ahorrar.​

Con tu Cuenta Ahorro Digital, cada sol cuenta: sin monto mínimo, sin mantenimiento y una TREA promocional de 4% en soles.​
​
📍 Más información: banbif.com.pe/Personas/Cuent…​

#BanBif #Banco #CuentaAhorroDigital",0,0,0,0,171
2025-07-11 07:20:49,BanBif,Jun 26,"Encontrar tu match perfecto es más fácil cuando se trata de ahorrar ✨🌺​

Abre tu Dúo Genial en BanBif y podrías ganar S/50,000, acceder a más de 100 descuentos exclusivos con ClubHOLA, y una tasa de 4.3% TREA en soles.​

👉 banbif.com.pe/duo-genial",0,0,0,0,52
2025-07-11 07:20:49,BanBif,Jun 24,"Con el programa de beneficios #ClubHola, consigue descuentos exclusivos en tus marcas favoritas como Crepier y disfruta de muchos más. Además, accede gratis al contenido digital de El Comercio. ¡Y repite las veces que quieras! Más info en 👉 clubhola.pe",0,0,0,0,39
2025-07-11 07:20:49,BanBif,Jun 24,"🩵Pequeños aprendizajes que transforman futuros.​
​
☝️🥸 Con Enseña Perú, llevamos educación financiera a los niños de Ica.​
​
#BanBif #Banco #Voluntariado #EnseñaPeru",0,0,0,0,54
2025-07-11 07:20:49,BanBif,Jun 23,"😔 Hay cosas que no vuelven, que tu plata no sea una de ellas. ​
​
📲 Usa Plin desde tu BanBif App.​
​
📍Conoce más en: banbif.com.pe/bancadigital​
​
#Banco #BanBif",0,0,1,0,166
2025-07-11 07:20:49,BanBif,Jun 19,"🐶 Este año nos volvemos a sumar a la #Patatón2025
Un evento que abre puertas y corazones para que más perritos encuentren un hogar lleno de amor.

Los esperamos:
📅 Fecha: Sábado 28 y domingo 29
⏰ Hora: 10:00 a.m.

📍 Circuito Mágico del Agua – Puerta 4 ¡INGRESO LIBRE!",0,1,1,0,82
2025-07-11 07:20:49,BanBif,Jun 16,"😉 A veces solo necesitas un antojo, y los descuentos del ClubHOLA, para alegrarte el día.​

📍Más información aquí: clubhola.pe​

#BanBif #Banco #ClubHOLA",0,1,0,0,62
2025-07-11 07:20:49,BanBif,Jun 13,"Esta vez, quisimos escuchar a nuestros papis en BanBif. Ellos nos recordaron que ser papá es dejar huella todos los días: en casa, en el trabajo y en cada momento compartido. 👔 ¡Gracias por estar siempre presentes y por enseñar con amor y compromiso! #BanBif",0,0,0,0,58
2025-07-11 07:20:49,BanBif,Jun 13,"📅 Olvídate del viernes 13.​
​
Con HOLACambio$ desde tu BanBif App:​
​
✅ Cambia dólares a soles (y viceversa 🔁)​
✅ Rápido, seguro y 100% digital​
✅ Un tipo de cambio preferencial​

📍Más información aquí: banbif.com.pe/bancadigital​
​
#Banco #BanBif #HolaCambio$",1,0,1,0,287
2025-07-11 07:20:49,BanBif,Jun 12,"¡No necesitas ahorrar millones, solo necesitas empezar!​ 
🎯Con tu Cuenta Ahorro Digital consigues lo que te emociona, sin mantenimiento y sin monto mínimo de apertura.​
​
📍Conoce más información: banbif.com.pe/Personas/Cuent…​
​
#Banco #BanBif #CuentaAhorroDigital",1,0,0,0,206
2025-07-11 07:20:49,BanBif,Jun 7,"🫵🏻 ¡Tienes más potencial del que crees!​​

🌟 Con tu Tarjeta de Crédito Clásica accede a beneficios reales.​
​
📍Más información aquí: banbif.com.pe/Personas/Tarje…​
​
#Banco #BanBif #TarjetaCréditoClásica",1,0,0,0,60
2025-07-11 07:20:49,BanBif,Jun 7,"Y para ti, ¿qué significa OHANA?  💙📷 Bueno, tal vez no sea hazme un PLIN, pero no hay nada mejor que Plinear de manera simple y rápida📷📷Recuerda que desde tu BanBif App puedes plinear en cualquier momento. 📷 Conoce más aquí 📷 banbif.com.pe/plin👉",0,0,0,0,273
2025-07-11 08:27:32,BanBif,Jul 9,"🎁 Cuando le compras un regalo a tu bestie… pero eres cero buena guardando secretos.😂
Así como ella no puede ocultarlo, nosotros tampoco.
Con nuestra Cuenta Ahorro Digital, no hay cobros escondidos.
👉 banbif.com.pe/Personas/Cuent…",0,0,0,0,26
2025-07-11 08:27:32,BanBif,Jul 7,"Tu familia no es un cajero automático, pero nosotros sí podemos ayudarte.💸 Solicita tu Préstamo Efectivo en BanBif y accede a ese dinero que necesitas, al instante.
👉 banbif.com.pe/Home/Personas/…",0,0,0,0,63
2025-07-11 08:27:32,BanBif,Jul 4,"¿Te dicen “NOOOO” cada vez que pides el carro?​
Es momento de manejar el tuyo, con nuestro Préstamo Vehicular BanBif, tener tu auto es más fácil de lo que crees.​
​
Más info aquí: banbif.com.pe/Personas/Prest….​

#AutoPropioYa #BanBif #PréstamoVehicular",0,0,0,0,61
2025-07-11 08:27:32,BanBif,Jul 3,"En BanBif creemos en un mundo donde ningún perrito esté solo. Por eso, fuimos parte de la Patatón 2025, una jornada llena de amor y esperanza para los peluditos que buscan familia.🐶✨
👉 banbif.com.pe/Personas/Fondo…",1,0,0,0,62
2025-07-11 08:27:32,BanBif,Jul 1,"Hay cosas que no funcionan solas...
Pero en tus finanzas si, con tu dúo genial 💪💰👉 Cuenta Ahorro Genial + Cuenta Ahorro Digital de BanBif. Una te da chance de ganar S/50,000, la otra te paga más por ahorrar.

Más info: banbif.com.pe/duo-genial",0,0,0,0,56
2025-07-11 08:27:32,BanBif,Jul 1,"🔒 Recuerda: protege tus datos.​ 👀 Lo que compartes en redes puede poner en riesgo tu seguridad financiera.​ ¡Que no te sorprendan!​

#BanBif #Banco #NoMásFraudes",0,0,1,0,53
2025-07-11 08:27:32,BanBif,Jun 28,"🏠 Acciones que transforman vida.​​

36 voluntarios construyeron 05 nuevas viviendas junto a @Techo y Asociación IF, en la comunidad 17 de Marzo, San Juan de Miraflores. ​
🩵 Gracias por ser parte de la experiencia que suma futuro.​​

#BanBif #Banco #Techo #AsociaciónIF #Volunta",0,0,0,0,89
2025-07-11 08:27:32,BanBif,Jun 26,"Danitza trasladó su CTS a BanBif…y ahora no solo duerme tranquila, también tiene narrador que lo confirma. 😌🎙️

Porque cuando sabes qué es tu CTS y dónde tenerla, vives con más tranquilidad.

banbif.com.pe/Personas/Cuent…",0,1,2,0,79
2025-07-11 08:27:32,BanBif,Jun 26,"☁️ Todo gran sueño empieza con el simple hábito de ahorrar.​

Con tu Cuenta Ahorro Digital, cada sol cuenta: sin monto mínimo, sin mantenimiento y una TREA promocional de 4% en soles.​
​
📍 Más información: banbif.com.pe/Personas/Cuent…​

#BanBif #Banco #CuentaAhorroDigital",0,0,0,0,171
2025-07-11 08:27:32,BanBif,Jun 26,"Encontrar tu match perfecto es más fácil cuando se trata de ahorrar ✨🌺​

Abre tu Dúo Genial en BanBif y podrías ganar S/50,000, acceder a más de 100 descuentos exclusivos con ClubHOLA, y una tasa de 4.3% TREA en soles.​

👉 banbif.com.pe/duo-genial",0,0,0,0,52
2025-07-11 08:27:32,BanBif,Jun 24,"Con el programa de beneficios #ClubHola, consigue descuentos exclusivos en tus marcas favoritas como Crepier y disfruta de muchos más. Además, accede gratis al contenido digital de El Comercio. ¡Y repite las veces que quieras! Más info en 👉 clubhola.pe",0,0,0,0,39
2025-07-11 08:27:32,BanBif,Jun 24,"🩵Pequeños aprendizajes que transforman futuros.​
​
☝️🥸 Con Enseña Perú, llevamos educación financiera a los niños de Ica.​
​
#BanBif #Banco #Voluntariado #EnseñaPeru",0,0,0,0,54
2025-07-11 08:27:32,BanBif,Jun 23,"😔 Hay cosas que no vuelven, que tu plata no sea una de ellas. ​
​
📲 Usa Plin desde tu BanBif App.​
​
📍Conoce más en: banbif.com.pe/bancadigital​
​
#Banco #BanBif",0,0,1,0,166
2025-07-11 08:27:32,BanBif,Jun 19,"🐶 Este año nos volvemos a sumar a la #Patatón2025
Un evento que abre puertas y corazones para que más perritos encuentren un hogar lleno de amor.

Los esperamos:
📅 Fecha: Sábado 28 y domingo 29
⏰ Hora: 10:00 a.m.

📍 Circuito Mágico del Agua – Puerta 4 ¡INGRESO LIBRE!",0,1,1,0,82
2025-07-11 08:27:32,BanBif,Jun 16,"😉 A veces solo necesitas un antojo, y los descuentos del ClubHOLA, para alegrarte el día.​

📍Más información aquí: clubhola.pe​

#BanBif #Banco #ClubHOLA",0,1,0,0,62
2025-07-11 08:27:32,BanBif,Jun 13,"Esta vez, quisimos escuchar a nuestros papis en BanBif. Ellos nos recordaron que ser papá es dejar huella todos los días: en casa, en el trabajo y en cada momento compartido. 👔 ¡Gracias por estar siempre presentes y por enseñar con amor y compromiso! #BanBif",0,0,0,0,58
2025-07-11 08:27:32,BanBif,Jun 13,"📅 Olvídate del viernes 13.​
​
Con HOLACambio$ desde tu BanBif App:​
​
✅ Cambia dólares a soles (y viceversa 🔁)​
✅ Rápido, seguro y 100% digital​
✅ Un tipo de cambio preferencial​

📍Más información aquí: banbif.com.pe/bancadigital​
​
#Banco #BanBif #HolaCambio$",1,0,1,0,287
2025-07-11 08:27:32,BanBif,Jun 12,"¡No necesitas ahorrar millones, solo necesitas empezar!​ 
🎯Con tu Cuenta Ahorro Digital consigues lo que te emociona, sin mantenimiento y sin monto mínimo de apertura.​
​
📍Conoce más información: banbif.com.pe/Personas/Cuent…​
​
#Banco #BanBif #CuentaAhorroDigital",1,0,0,0,206
2025-07-11 08:27:32,BanBif,Jun 7,"🫵🏻 ¡Tienes más potencial del que crees!​​

🌟 Con tu Tarjeta de Crédito Clásica accede a beneficios reales.​
​
📍Más información aquí: banbif.com.pe/Personas/Tarje…​
​
#Banco #BanBif #TarjetaCréditoClásica",1,0,0,0,60
2025-07-11 08:27:32,BanBif,Jun 7,"Y para ti, ¿qué significa OHANA?  💙📷 Bueno, tal vez no sea hazme un PLIN, pero no hay nada mejor que Plinear de manera simple y rápida📷📷Recuerda que desde tu BanBif App puedes plinear en cualquier momento. 📷 Conoce más aquí 📷 banbif.com.pe/plin👉",0,0,0,0,273
2025-07-11 09:22:18,BanBif,Jul 9,"🎁 Cuando le compras un regalo a tu bestie… pero eres cero buena guardando secretos.😂
Así como ella no puede ocultarlo, nosotros tampoco.
Con nuestra Cuenta Ahorro Digital, no hay cobros escondidos.
👉 banbif.com.pe/Personas/Cuent…",0,0,0,0,26
2025-07-11 09:22:18,BanBif,Jul 7,"Tu familia no es un cajero automático, pero nosotros sí podemos ayudarte.💸 Solicita tu Préstamo Efectivo en BanBif y accede a ese dinero que necesitas, al instante.
👉 banbif.com.pe/Home/Personas/…",0,0,0,0,63
2025-07-11 09:22:18,BanBif,Jul 4,"¿Te dicen “NOOOO” cada vez que pides el carro?​
Es momento de manejar el tuyo, con nuestro Préstamo Vehicular BanBif, tener tu auto es más fácil de lo que crees.​
​
Más info aquí: banbif.com.pe/Personas/Prest….​

#AutoPropioYa #BanBif #PréstamoVehicular",0,0,0,0,61
2025-07-11 09:22:18,BanBif,Jul 3,"En BanBif creemos en un mundo donde ningún perrito esté solo. Por eso, fuimos parte de la Patatón 2025, una jornada llena de amor y esperanza para los peluditos que buscan familia.🐶✨
👉 banbif.com.pe/Personas/Fondo…",1,0,0,0,62
2025-07-11 09:22:18,BanBif,Jul 1,"Hay cosas que no funcionan solas...
Pero en tus finanzas si, con tu dúo genial 💪💰👉 Cuenta Ahorro Genial + Cuenta Ahorro Digital de BanBif. Una te da chance de ganar S/50,000, la otra te paga más por ahorrar.

Más info: banbif.com.pe/duo-genial",0,0,0,0,56
2025-07-11 09:22:18,BanBif,Jul 1,"🔒 Recuerda: protege tus datos.​ 👀 Lo que compartes en redes puede poner en riesgo tu seguridad financiera.​ ¡Que no te sorprendan!​

#BanBif #Banco #NoMásFraudes",0,0,1,0,53
2025-07-11 09:22:18,BanBif,Jun 28,"🏠 Acciones que transforman vida.​​

36 voluntarios construyeron 05 nuevas viviendas junto a @Techo y Asociación IF, en la comunidad 17 de Marzo, San Juan de Miraflores. ​
🩵 Gracias por ser parte de la experiencia que suma futuro.​​

#BanBif #Banco #Techo #AsociaciónIF #Volunta",0,0,0,0,89
2025-07-11 09:22:18,BanBif,Jun 26,"Danitza trasladó su CTS a BanBif…y ahora no solo duerme tranquila, también tiene narrador que lo confirma. 😌🎙️

Porque cuando sabes qué es tu CTS y dónde tenerla, vives con más tranquilidad.

banbif.com.pe/Personas/Cuent…",0,1,2,0,79
2025-07-11 09:22:18,BanBif,Jun 26,"☁️ Todo gran sueño empieza con el simple hábito de ahorrar.​

Con tu Cuenta Ahorro Digital, cada sol cuenta: sin monto mínimo, sin mantenimiento y una TREA promocional de 4% en soles.​
​
📍 Más información: banbif.com.pe/Personas/Cuent…​

#BanBif #Banco #CuentaAhorroDigital",0,0,0,0,171
2025-07-11 09:22:18,BanBif,Jun 26,"Encontrar tu match perfecto es más fácil cuando se trata de ahorrar ✨🌺​

Abre tu Dúo Genial en BanBif y podrías ganar S/50,000, acceder a más de 100 descuentos exclusivos con ClubHOLA, y una tasa de 4.3% TREA en soles.​

👉 banbif.com.pe/duo-genial",0,0,0,0,52
2025-07-11 09:22:18,BanBif,Jun 24,"Con el programa de beneficios #ClubHola, consigue descuentos exclusivos en tus marcas favoritas como Crepier y disfruta de muchos más. Además, accede gratis al contenido digital de El Comercio. ¡Y repite las veces que quieras! Más info en 👉 clubhola.pe",0,0,0,0,39
2025-07-11 09:22:18,BanBif,Jun 24,"🩵Pequeños aprendizajes que transforman futuros.​
​
☝️🥸 Con Enseña Perú, llevamos educación financiera a los niños de Ica.​
​
#BanBif #Banco #Voluntariado #EnseñaPeru",0,0,0,0,54
2025-07-11 09:22:18,BanBif,Jun 23,"😔 Hay cosas que no vuelven, que tu plata no sea una de ellas. ​
​
📲 Usa Plin desde tu BanBif App.​
​
📍Conoce más en: banbif.com.pe/bancadigital​
​
#Banco #BanBif",0,0,1,0,166
2025-07-11 09:22:18,BanBif,Jun 19,"🐶 Este año nos volvemos a sumar a la #Patatón2025
Un evento que abre puertas y corazones para que más perritos encuentren un hogar lleno de amor.

Los esperamos:
📅 Fecha: Sábado 28 y domingo 29
⏰ Hora: 10:00 a.m.

📍 Circuito Mágico del Agua – Puerta 4 ¡INGRESO LIBRE!",0,1,1,0,82
2025-07-11 09:22:18,BanBif,Jun 16,"😉 A veces solo necesitas un antojo, y los descuentos del ClubHOLA, para alegrarte el día.​

📍Más información aquí: clubhola.pe​

#BanBif #Banco #ClubHOLA",0,1,0,0,62
2025-07-11 09:22:18,BanBif,Jun 13,"Esta vez, quisimos escuchar a nuestros papis en BanBif. Ellos nos recordaron que ser papá es dejar huella todos los días: en casa, en el trabajo y en cada momento compartido. 👔 ¡Gracias por estar siempre presentes y por enseñar con amor y compromiso! #BanBif",0,0,0,0,58
2025-07-11 09:22:18,BanBif,Jun 13,"📅 Olvídate del viernes 13.​
​
Con HOLACambio$ desde tu BanBif App:​
​
✅ Cambia dólares a soles (y viceversa 🔁)​
✅ Rápido, seguro y 100% digital​
✅ Un tipo de cambio preferencial​

📍Más información aquí: banbif.com.pe/bancadigital​
​
#Banco #BanBif #HolaCambio$",1,0,1,0,287
2025-07-11 09:22:18,BanBif,Jun 12,"¡No necesitas ahorrar millones, solo necesitas empezar!​ 
🎯Con tu Cuenta Ahorro Digital consigues lo que te emociona, sin mantenimiento y sin monto mínimo de apertura.​
​
📍Conoce más información: banbif.com.pe/Personas/Cuent…​
​
#Banco #BanBif #CuentaAhorroDigital",1,0,0,0,207
2025-07-11 09:22:18,BanBif,Jun 7,"🫵🏻 ¡Tienes más potencial del que crees!​​

🌟 Con tu Tarjeta de Crédito Clásica accede a beneficios reales.​
​
📍Más información aquí: banbif.com.pe/Personas/Tarje…​
​
#Banco #BanBif #TarjetaCréditoClásica",1,0,0,0,60
2025-07-11 09:22:18,BanBif,Jun 7,"Y para ti, ¿qué significa OHANA?  💙📷 Bueno, tal vez no sea hazme un PLIN, pero no hay nada mejor que Plinear de manera simple y rápida📷📷Recuerda que desde tu BanBif App puedes plinear en cualquier momento. 📷 Conoce más aquí 📷 banbif.com.pe/plin👉",0,0,0,0,273
2025-07-11 10:21:30,BanBif,Jul 9,"🎁 Cuando le compras un regalo a tu bestie… pero eres cero buena guardando secretos.😂
Así como ella no puede ocultarlo, nosotros tampoco.
Con nuestra Cuenta Ahorro Digital, no hay cobros escondidos.
👉 banbif.com.pe/Personas/Cuent…",0,0,0,0,26
2025-07-11 10:21:30,BanBif,Jul 7,"Tu familia no es un cajero automático, pero nosotros sí podemos ayudarte.💸 Solicita tu Préstamo Efectivo en BanBif y accede a ese dinero que necesitas, al instante.
👉 banbif.com.pe/Home/Personas/…",0,0,0,0,64
2025-07-11 10:21:30,BanBif,Jul 4,"¿Te dicen “NOOOO” cada vez que pides el carro?​
Es momento de manejar el tuyo, con nuestro Préstamo Vehicular BanBif, tener tu auto es más fácil de lo que crees.​
​
Más info aquí: banbif.com.pe/Personas/Prest….​

#AutoPropioYa #BanBif #PréstamoVehicular",0,0,0,0,61
2025-07-11 10:21:30,BanBif,Jul 3,"En BanBif creemos en un mundo donde ningún perrito esté solo. Por eso, fuimos parte de la Patatón 2025, una jornada llena de amor y esperanza para los peluditos que buscan familia.🐶✨
👉 banbif.com.pe/Personas/Fondo…",1,0,0,0,62
2025-07-11 10:21:30,BanBif,Jul 1,"Hay cosas que no funcionan solas...
Pero en tus finanzas si, con tu dúo genial 💪💰👉 Cuenta Ahorro Genial + Cuenta Ahorro Digital de BanBif. Una te da chance de ganar S/50,000, la otra te paga más por ahorrar.

Más info: banbif.com.pe/duo-genial",0,0,0,0,56
2025-07-11 10:21:30,BanBif,Jul 1,"🔒 Recuerda: protege tus datos.​ 👀 Lo que compartes en redes puede poner en riesgo tu seguridad financiera.​ ¡Que no te sorprendan!​

#BanBif #Banco #NoMásFraudes",0,0,1,0,53
2025-07-11 10:21:30,BanBif,Jun 28,"🏠 Acciones que transforman vida.​​

36 voluntarios construyeron 05 nuevas viviendas junto a @Techo y Asociación IF, en la comunidad 17 de Marzo, San Juan de Miraflores. ​
🩵 Gracias por ser parte de la experiencia que suma futuro.​​

#BanBif #Banco #Techo #AsociaciónIF #Volunta",0,0,0,0,89
2025-07-11 10:21:30,BanBif,Jun 26,"Danitza trasladó su CTS a BanBif…y ahora no solo duerme tranquila, también tiene narrador que lo confirma. 😌🎙️

Porque cuando sabes qué es tu CTS y dónde tenerla, vives con más tranquilidad.

banbif.com.pe/Personas/Cuent…",0,1,2,0,79
2025-07-11 10:21:30,BanBif,Jun 26,"☁️ Todo gran sueño empieza con el simple hábito de ahorrar.​

Con tu Cuenta Ahorro Digital, cada sol cuenta: sin monto mínimo, sin mantenimiento y una TREA promocional de 4% en soles.​
​
📍 Más información: banbif.com.pe/Personas/Cuent…​

#BanBif #Banco #CuentaAhorroDigital",0,0,0,0,171
2025-07-11 10:21:30,BanBif,Jun 26,"Encontrar tu match perfecto es más fácil cuando se trata de ahorrar ✨🌺​

Abre tu Dúo Genial en BanBif y podrías ganar S/50,000, acceder a más de 100 descuentos exclusivos con ClubHOLA, y una tasa de 4.3% TREA en soles.​

👉 banbif.com.pe/duo-genial",0,0,0,0,52
2025-07-11 10:21:30,BanBif,Jun 24,"Con el programa de beneficios #ClubHola, consigue descuentos exclusivos en tus marcas favoritas como Crepier y disfruta de muchos más. Además, accede gratis al contenido digital de El Comercio. ¡Y repite las veces que quieras! Más info en 👉 clubhola.pe",0,0,0,0,39
2025-07-11 10:21:30,BanBif,Jun 24,"🩵Pequeños aprendizajes que transforman futuros.​
​
☝️🥸 Con Enseña Perú, llevamos educación financiera a los niños de Ica.​
​
#BanBif #Banco #Voluntariado #EnseñaPeru",0,0,0,0,54
2025-07-11 10:21:30,BanBif,Jun 23,"😔 Hay cosas que no vuelven, que tu plata no sea una de ellas. ​
​
📲 Usa Plin desde tu BanBif App.​
​
📍Conoce más en: banbif.com.pe/bancadigital​
​
#Banco #BanBif",0,0,1,0,166
2025-07-11 10:21:30,BanBif,Jun 19,"🐶 Este año nos volvemos a sumar a la #Patatón2025
Un evento que abre puertas y corazones para que más perritos encuentren un hogar lleno de amor.

Los esperamos:
📅 Fecha: Sábado 28 y domingo 29
⏰ Hora: 10:00 a.m.

📍 Circuito Mágico del Agua – Puerta 4 ¡INGRESO LIBRE!",0,1,1,0,82
2025-07-11 10:21:30,BanBif,Jun 16,"😉 A veces solo necesitas un antojo, y los descuentos del ClubHOLA, para alegrarte el día.​

📍Más información aquí: clubhola.pe​

#BanBif #Banco #ClubHOLA",0,1,0,0,62
2025-07-11 10:21:30,BanBif,Jun 13,"Esta vez, quisimos escuchar a nuestros papis en BanBif. Ellos nos recordaron que ser papá es dejar huella todos los días: en casa, en el trabajo y en cada momento compartido. 👔 ¡Gracias por estar siempre presentes y por enseñar con amor y compromiso! #BanBif",0,0,0,0,58
2025-07-11 10:21:30,BanBif,Jun 13,"📅 Olvídate del viernes 13.​
​
Con HOLACambio$ desde tu BanBif App:​
​
✅ Cambia dólares a soles (y viceversa 🔁)​
✅ Rápido, seguro y 100% digital​
✅ Un tipo de cambio preferencial​

📍Más información aquí: banbif.com.pe/bancadigital​
​
#Banco #BanBif #HolaCambio$",1,0,1,0,287
2025-07-11 10:21:30,BanBif,Jun 12,"¡No necesitas ahorrar millones, solo necesitas empezar!​ 
🎯Con tu Cuenta Ahorro Digital consigues lo que te emociona, sin mantenimiento y sin monto mínimo de apertura.​
​
📍Conoce más información: banbif.com.pe/Personas/Cuent…​
​
#Banco #BanBif #CuentaAhorroDigital",1,0,0,0,207
2025-07-11 10:21:30,BanBif,Jun 7,"🫵🏻 ¡Tienes más potencial del que crees!​​

🌟 Con tu Tarjeta de Crédito Clásica accede a beneficios reales.​
​
📍Más información aquí: banbif.com.pe/Personas/Tarje…​
​
#Banco #BanBif #TarjetaCréditoClásica",1,0,0,0,60
2025-07-11 10:21:30,BanBif,Jun 7,"Y para ti, ¿qué significa OHANA?  💙📷 Bueno, tal vez no sea hazme un PLIN, pero no hay nada mejor que Plinear de manera simple y rápida📷📷Recuerda que desde tu BanBif App puedes plinear en cualquier momento. 📷 Conoce más aquí 📷 banbif.com.pe/plin👉",0,0,0,0,273
2025-07-11 12:40:27,BanBif,Jul 9,"🎁 Cuando le compras un regalo a tu bestie… pero eres cero buena guardando secretos.😂
Así como ella no puede ocultarlo, nosotros tampoco.
Con nuestra Cuenta Ahorro Digital, no hay cobros escondidos.
👉 banbif.com.pe/Personas/Cuent…",0,0,0,0,26
2025-07-11 12:40:27,BanBif,Jul 7,"Tu familia no es un cajero automático, pero nosotros sí podemos ayudarte.💸 Solicita tu Préstamo Efectivo en BanBif y accede a ese dinero que necesitas, al instante.
👉 banbif.com.pe/Home/Personas/…",0,0,0,0,65
2025-07-11 12:40:27,BanBif,Jul 4,"¿Te dicen “NOOOO” cada vez que pides el carro?​
Es momento de manejar el tuyo, con nuestro Préstamo Vehicular BanBif, tener tu auto es más fácil de lo que crees.​
​
Más info aquí: banbif.com.pe/Personas/Prest….​

#AutoPropioYa #BanBif #PréstamoVehicular",0,0,0,0,61
2025-07-11 12:40:27,BanBif,Jul 3,"En BanBif creemos en un mundo donde ningún perrito esté solo. Por eso, fuimos parte de la Patatón 2025, una jornada llena de amor y esperanza para los peluditos que buscan familia.🐶✨
👉 banbif.com.pe/Personas/Fondo…",1,0,0,0,62
2025-07-11 12:40:27,BanBif,Jul 1,"Hay cosas que no funcionan solas...
Pero en tus finanzas si, con tu dúo genial 💪💰👉 Cuenta Ahorro Genial + Cuenta Ahorro Digital de BanBif. Una te da chance de ganar S/50,000, la otra te paga más por ahorrar.

Más info: banbif.com.pe/duo-genial",0,0,0,0,56
2025-07-11 12:40:27,BanBif,Jul 1,"🔒 Recuerda: protege tus datos.​ 👀 Lo que compartes en redes puede poner en riesgo tu seguridad financiera.​ ¡Que no te sorprendan!​

#BanBif #Banco #NoMásFraudes",0,0,1,0,53
2025-07-11 12:40:27,BanBif,Jun 28,"🏠 Acciones que transforman vida.​​

36 voluntarios construyeron 05 nuevas viviendas junto a @Techo y Asociación IF, en la comunidad 17 de Marzo, San Juan de Miraflores. ​
🩵 Gracias por ser parte de la experiencia que suma futuro.​​

#BanBif #Banco #Techo #AsociaciónIF #Volunta",0,0,0,0,89
2025-07-11 12:40:27,BanBif,Jun 26,"Danitza trasladó su CTS a BanBif…y ahora no solo duerme tranquila, también tiene narrador que lo confirma. 😌🎙️

Porque cuando sabes qué es tu CTS y dónde tenerla, vives con más tranquilidad.

banbif.com.pe/Personas/Cuent…",0,1,2,0,79
2025-07-11 12:40:27,BanBif,Jun 26,"☁️ Todo gran sueño empieza con el simple hábito de ahorrar.​

Con tu Cuenta Ahorro Digital, cada sol cuenta: sin monto mínimo, sin mantenimiento y una TREA promocional de 4% en soles.​
​
📍 Más información: banbif.com.pe/Personas/Cuent…​

#BanBif #Banco #CuentaAhorroDigital",0,0,0,0,171
2025-07-11 12:40:27,BanBif,Jun 26,"Encontrar tu match perfecto es más fácil cuando se trata de ahorrar ✨🌺​

Abre tu Dúo Genial en BanBif y podrías ganar S/50,000, acceder a más de 100 descuentos exclusivos con ClubHOLA, y una tasa de 4.3% TREA en soles.​

👉 banbif.com.pe/duo-genial",0,0,0,0,52
2025-07-11 12:40:27,BanBif,Jun 24,"Con el programa de beneficios #ClubHola, consigue descuentos exclusivos en tus marcas favoritas como Crepier y disfruta de muchos más. Además, accede gratis al contenido digital de El Comercio. ¡Y repite las veces que quieras! Más info en 👉 clubhola.pe",0,0,0,0,39
2025-07-11 12:40:27,BanBif,Jun 24,"🩵Pequeños aprendizajes que transforman futuros.​
​
☝️🥸 Con Enseña Perú, llevamos educación financiera a los niños de Ica.​
​
#BanBif #Banco #Voluntariado #EnseñaPeru",0,0,0,0,54
2025-07-11 12:40:27,BanBif,Jun 23,"😔 Hay cosas que no vuelven, que tu plata no sea una de ellas. ​
​
📲 Usa Plin desde tu BanBif App.​
​
📍Conoce más en: banbif.com.pe/bancadigital​
​
#Banco #BanBif",0,0,1,0,166
2025-07-11 12:40:27,BanBif,Jun 19,"🐶 Este año nos volvemos a sumar a la #Patatón2025
Un evento que abre puertas y corazones para que más perritos encuentren un hogar lleno de amor.

Los esperamos:
📅 Fecha: Sábado 28 y domingo 29
⏰ Hora: 10:00 a.m.

📍 Circuito Mágico del Agua – Puerta 4 ¡INGRESO LIBRE!",0,1,1,0,82
2025-07-11 12:40:27,BanBif,Jun 16,"😉 A veces solo necesitas un antojo, y los descuentos del ClubHOLA, para alegrarte el día.​

📍Más información aquí: clubhola.pe​

#BanBif #Banco #ClubHOLA",0,1,0,0,62
2025-07-11 12:40:27,BanBif,Jun 13,"Esta vez, quisimos escuchar a nuestros papis en BanBif. Ellos nos recordaron que ser papá es dejar huella todos los días: en casa, en el trabajo y en cada momento compartido. 👔 ¡Gracias por estar siempre presentes y por enseñar con amor y compromiso! #BanBif",0,0,0,0,58
2025-07-11 12:40:27,BanBif,Jun 13,"📅 Olvídate del viernes 13.​
​
Con HOLACambio$ desde tu BanBif App:​
​
✅ Cambia dólares a soles (y viceversa 🔁)​
✅ Rápido, seguro y 100% digital​
✅ Un tipo de cambio preferencial​

📍Más información aquí: banbif.com.pe/bancadigital​
​
#Banco #BanBif #HolaCambio$",1,0,1,0,287
2025-07-11 12:40:27,BanBif,Jun 12,"¡No necesitas ahorrar millones, solo necesitas empezar!​ 
🎯Con tu Cuenta Ahorro Digital consigues lo que te emociona, sin mantenimiento y sin monto mínimo de apertura.​
​
📍Conoce más información: banbif.com.pe/Personas/Cuent…​
​
#Banco #BanBif #CuentaAhorroDigital",1,0,0,0,208
2025-07-11 12:40:27,BanBif,Jun 7,"🫵🏻 ¡Tienes más potencial del que crees!​​

🌟 Con tu Tarjeta de Crédito Clásica accede a beneficios reales.​
​
📍Más información aquí: banbif.com.pe/Personas/Tarje…​
​
#Banco #BanBif #TarjetaCréditoClásica",1,0,0,0,60
2025-07-11 12:40:27,BanBif,Jun 7,"Y para ti, ¿qué significa OHANA?  💙📷 Bueno, tal vez no sea hazme un PLIN, pero no hay nada mejor que Plinear de manera simple y rápida📷📷Recuerda que desde tu BanBif App puedes plinear en cualquier momento. 📷 Conoce más aquí 📷 banbif.com.pe/plin👉",0,0,0,0,273
2025-07-11 13:32:49,BanBif,Jul 9,"🎁 Cuando le compras un regalo a tu bestie… pero eres cero buena guardando secretos.😂
Así como ella no puede ocultarlo, nosotros tampoco.
Con nuestra Cuenta Ahorro Digital, no hay cobros escondidos.
👉 banbif.com.pe/Personas/Cuent…",0,0,0,0,26
2025-07-11 13:32:49,BanBif,Jul 7,"Tu familia no es un cajero automático, pero nosotros sí podemos ayudarte.💸 Solicita tu Préstamo Efectivo en BanBif y accede a ese dinero que necesitas, al instante.
👉 banbif.com.pe/Home/Personas/…",0,0,0,0,65
2025-07-11 13:32:49,BanBif,Jul 4,"¿Te dicen “NOOOO” cada vez que pides el carro?​
Es momento de manejar el tuyo, con nuestro Préstamo Vehicular BanBif, tener tu auto es más fácil de lo que crees.​
​
Más info aquí: banbif.com.pe/Personas/Prest….​

#AutoPropioYa #BanBif #PréstamoVehicular",0,0,0,0,61
2025-07-11 13:32:49,BanBif,Jul 3,"En BanBif creemos en un mundo donde ningún perrito esté solo. Por eso, fuimos parte de la Patatón 2025, una jornada llena de amor y esperanza para los peluditos que buscan familia.🐶✨
👉 banbif.com.pe/Personas/Fondo…",1,0,0,0,62
2025-07-11 13:32:49,BanBif,Jul 1,"Hay cosas que no funcionan solas...
Pero en tus finanzas si, con tu dúo genial 💪💰👉 Cuenta Ahorro Genial + Cuenta Ahorro Digital de BanBif. Una te da chance de ganar S/50,000, la otra te paga más por ahorrar.

Más info: banbif.com.pe/duo-genial",0,0,0,0,56
2025-07-11 13:32:49,BanBif,Jul 1,"🔒 Recuerda: protege tus datos.​ 👀 Lo que compartes en redes puede poner en riesgo tu seguridad financiera.​ ¡Que no te sorprendan!​

#BanBif #Banco #NoMásFraudes",0,0,1,0,53
2025-07-11 13:32:49,BanBif,Jun 28,"🏠 Acciones que transforman vida.​​

36 voluntarios construyeron 05 nuevas viviendas junto a @Techo y Asociación IF, en la comunidad 17 de Marzo, San Juan de Miraflores. ​
🩵 Gracias por ser parte de la experiencia que suma futuro.​​

#BanBif #Banco #Techo #AsociaciónIF #Volunta",0,0,0,0,89
2025-07-11 13:32:49,BanBif,Jun 26,"Danitza trasladó su CTS a BanBif…y ahora no solo duerme tranquila, también tiene narrador que lo confirma. 😌🎙️

Porque cuando sabes qué es tu CTS y dónde tenerla, vives con más tranquilidad.

banbif.com.pe/Personas/Cuent…",0,1,2,0,79
2025-07-11 13:32:49,BanBif,Jun 26,"☁️ Todo gran sueño empieza con el simple hábito de ahorrar.​

Con tu Cuenta Ahorro Digital, cada sol cuenta: sin monto mínimo, sin mantenimiento y una TREA promocional de 4% en soles.​
​
📍 Más información: banbif.com.pe/Personas/Cuent…​

#BanBif #Banco #CuentaAhorroDigital",0,0,0,0,171
2025-07-11 13:32:49,BanBif,Jun 26,"Encontrar tu match perfecto es más fácil cuando se trata de ahorrar ✨🌺​

Abre tu Dúo Genial en BanBif y podrías ganar S/50,000, acceder a más de 100 descuentos exclusivos con ClubHOLA, y una tasa de 4.3% TREA en soles.​

👉 banbif.com.pe/duo-genial",0,0,0,0,52
2025-07-11 13:32:49,BanBif,Jun 24,"Con el programa de beneficios #ClubHola, consigue descuentos exclusivos en tus marcas favoritas como Crepier y disfruta de muchos más. Además, accede gratis al contenido digital de El Comercio. ¡Y repite las veces que quieras! Más info en 👉 clubhola.pe",0,0,0,0,39
2025-07-11 13:32:49,BanBif,Jun 24,"🩵Pequeños aprendizajes que transforman futuros.​
​
☝️🥸 Con Enseña Perú, llevamos educación financiera a los niños de Ica.​
​
#BanBif #Banco #Voluntariado #EnseñaPeru",0,0,0,0,54
2025-07-11 13:32:49,BanBif,Jun 23,"😔 Hay cosas que no vuelven, que tu plata no sea una de ellas. ​
​
📲 Usa Plin desde tu BanBif App.​
​
📍Conoce más en: banbif.com.pe/bancadigital​
​
#Banco #BanBif",0,0,1,0,166
2025-07-11 13:32:49,BanBif,Jun 19,"🐶 Este año nos volvemos a sumar a la #Patatón2025
Un evento que abre puertas y corazones para que más perritos encuentren un hogar lleno de amor.

Los esperamos:
📅 Fecha: Sábado 28 y domingo 29
⏰ Hora: 10:00 a.m.

📍 Circuito Mágico del Agua – Puerta 4 ¡INGRESO LIBRE!",0,1,1,0,82
2025-07-11 13:32:49,BanBif,Jun 16,"😉 A veces solo necesitas un antojo, y los descuentos del ClubHOLA, para alegrarte el día.​

📍Más información aquí: clubhola.pe​

#BanBif #Banco #ClubHOLA",0,1,0,0,62
2025-07-11 13:32:49,BanBif,Jun 13,"Esta vez, quisimos escuchar a nuestros papis en BanBif. Ellos nos recordaron que ser papá es dejar huella todos los días: en casa, en el trabajo y en cada momento compartido. 👔 ¡Gracias por estar siempre presentes y por enseñar con amor y compromiso! #BanBif",0,0,0,0,58
2025-07-11 13:32:49,BanBif,Jun 13,"📅 Olvídate del viernes 13.​
​
Con HOLACambio$ desde tu BanBif App:​
​
✅ Cambia dólares a soles (y viceversa 🔁)​
✅ Rápido, seguro y 100% digital​
✅ Un tipo de cambio preferencial​

📍Más información aquí: banbif.com.pe/bancadigital​
​
#Banco #BanBif #HolaCambio$",1,0,1,0,287
2025-07-11 13:32:49,BanBif,Jun 12,"¡No necesitas ahorrar millones, solo necesitas empezar!​ 
🎯Con tu Cuenta Ahorro Digital consigues lo que te emociona, sin mantenimiento y sin monto mínimo de apertura.​
​
📍Conoce más información: banbif.com.pe/Personas/Cuent…​
​
#Banco #BanBif #CuentaAhorroDigital",1,0,0,0,208
2025-07-11 13:32:49,BanBif,Jun 7,"🫵🏻 ¡Tienes más potencial del que crees!​​

🌟 Con tu Tarjeta de Crédito Clásica accede a beneficios reales.​
​
📍Más información aquí: banbif.com.pe/Personas/Tarje…​
​
#Banco #BanBif #TarjetaCréditoClásica",1,0,0,0,60
2025-07-11 13:32:49,BanBif,Jun 7,"Y para ti, ¿qué significa OHANA?  💙📷 Bueno, tal vez no sea hazme un PLIN, pero no hay nada mejor que Plinear de manera simple y rápida📷📷Recuerda que desde tu BanBif App puedes plinear en cualquier momento. 📷 Conoce más aquí 📷 banbif.com.pe/plin👉",0,0,0,0,273
2025-07-11 14:20:03,BanBif,Jul 9,"🎁 Cuando le compras un regalo a tu bestie… pero eres cero buena guardando secretos.😂
Así como ella no puede ocultarlo, nosotros tampoco.
Con nuestra Cuenta Ahorro Digital, no hay cobros escondidos.
👉 banbif.com.pe/Personas/Cuent…",0,0,0,0,26
2025-07-11 14:20:03,BanBif,Jul 7,"Tu familia no es un cajero automático, pero nosotros sí podemos ayudarte.💸 Solicita tu Préstamo Efectivo en BanBif y accede a ese dinero que necesitas, al instante.
👉 banbif.com.pe/Home/Personas/…",0,0,0,0,65
2025-07-11 14:20:03,BanBif,Jul 4,"¿Te dicen “NOOOO” cada vez que pides el carro?​
Es momento de manejar el tuyo, con nuestro Préstamo Vehicular BanBif, tener tu auto es más fácil de lo que crees.​
​
Más info aquí: banbif.com.pe/Personas/Prest….​

#AutoPropioYa #BanBif #PréstamoVehicular",0,0,0,0,61
2025-07-11 14:20:03,BanBif,Jul 3,"En BanBif creemos en un mundo donde ningún perrito esté solo. Por eso, fuimos parte de la Patatón 2025, una jornada llena de amor y esperanza para los peluditos que buscan familia.🐶✨
👉 banbif.com.pe/Personas/Fondo…",1,0,0,0,62
2025-07-11 14:20:03,BanBif,Jul 1,"Hay cosas que no funcionan solas...
Pero en tus finanzas si, con tu dúo genial 💪💰👉 Cuenta Ahorro Genial + Cuenta Ahorro Digital de BanBif. Una te da chance de ganar S/50,000, la otra te paga más por ahorrar.

Más info: banbif.com.pe/duo-genial",0,0,0,0,56
2025-07-11 14:20:03,BanBif,Jul 1,"🔒 Recuerda: protege tus datos.​ 👀 Lo que compartes en redes puede poner en riesgo tu seguridad financiera.​ ¡Que no te sorprendan!​

#BanBif #Banco #NoMásFraudes",0,0,1,0,53
2025-07-11 14:20:03,BanBif,Jun 28,"🏠 Acciones que transforman vida.​​

36 voluntarios construyeron 05 nuevas viviendas junto a @Techo y Asociación IF, en la comunidad 17 de Marzo, San Juan de Miraflores. ​
🩵 Gracias por ser parte de la experiencia que suma futuro.​​

#BanBif #Banco #Techo #AsociaciónIF #Volunta",0,0,0,0,89
2025-07-11 14:20:03,BanBif,Jun 26,"Danitza trasladó su CTS a BanBif…y ahora no solo duerme tranquila, también tiene narrador que lo confirma. 😌🎙️

Porque cuando sabes qué es tu CTS y dónde tenerla, vives con más tranquilidad.

banbif.com.pe/Personas/Cuent…",0,1,2,0,79
2025-07-11 14:20:03,BanBif,Jun 26,"☁️ Todo gran sueño empieza con el simple hábito de ahorrar.​

Con tu Cuenta Ahorro Digital, cada sol cuenta: sin monto mínimo, sin mantenimiento y una TREA promocional de 4% en soles.​
​
📍 Más información: banbif.com.pe/Personas/Cuent…​

#BanBif #Banco #CuentaAhorroDigital",0,0,0,0,171
2025-07-11 14:20:03,BanBif,Jun 26,"Encontrar tu match perfecto es más fácil cuando se trata de ahorrar ✨🌺​

Abre tu Dúo Genial en BanBif y podrías ganar S/50,000, acceder a más de 100 descuentos exclusivos con ClubHOLA, y una tasa de 4.3% TREA en soles.​

👉 banbif.com.pe/duo-genial",0,0,0,0,52
2025-07-11 14:20:03,BanBif,Jun 24,"Con el programa de beneficios #ClubHola, consigue descuentos exclusivos en tus marcas favoritas como Crepier y disfruta de muchos más. Además, accede gratis al contenido digital de El Comercio. ¡Y repite las veces que quieras! Más info en 👉 clubhola.pe",0,0,0,0,39
2025-07-11 14:20:03,BanBif,Jun 24,"🩵Pequeños aprendizajes que transforman futuros.​
​
☝️🥸 Con Enseña Perú, llevamos educación financiera a los niños de Ica.​
​
#BanBif #Banco #Voluntariado #EnseñaPeru",0,0,0,0,54
2025-07-11 14:20:03,BanBif,Jun 23,"😔 Hay cosas que no vuelven, que tu plata no sea una de ellas. ​
​
📲 Usa Plin desde tu BanBif App.​
​
📍Conoce más en: banbif.com.pe/bancadigital​
​
#Banco #BanBif",0,0,1,0,166
2025-07-11 14:20:03,BanBif,Jun 19,"🐶 Este año nos volvemos a sumar a la #Patatón2025
Un evento que abre puertas y corazones para que más perritos encuentren un hogar lleno de amor.

Los esperamos:
📅 Fecha: Sábado 28 y domingo 29
⏰ Hora: 10:00 a.m.

📍 Circuito Mágico del Agua – Puerta 4 ¡INGRESO LIBRE!",0,1,1,0,82
2025-07-11 14:20:03,BanBif,Jun 16,"😉 A veces solo necesitas un antojo, y los descuentos del ClubHOLA, para alegrarte el día.​

📍Más información aquí: clubhola.pe​

#BanBif #Banco #ClubHOLA",0,1,0,0,62
2025-07-11 14:20:03,BanBif,Jun 13,"Esta vez, quisimos escuchar a nuestros papis en BanBif. Ellos nos recordaron que ser papá es dejar huella todos los días: en casa, en el trabajo y en cada momento compartido. 👔 ¡Gracias por estar siempre presentes y por enseñar con amor y compromiso! #BanBif",0,0,0,0,58
2025-07-11 14:20:03,BanBif,Jun 13,"📅 Olvídate del viernes 13.​
​
Con HOLACambio$ desde tu BanBif App:​
​
✅ Cambia dólares a soles (y viceversa 🔁)​
✅ Rápido, seguro y 100% digital​
✅ Un tipo de cambio preferencial​

📍Más información aquí: banbif.com.pe/bancadigital​
​
#Banco #BanBif #HolaCambio$",1,0,1,0,287
2025-07-11 14:20:03,BanBif,Jun 12,"¡No necesitas ahorrar millones, solo necesitas empezar!​ 
🎯Con tu Cuenta Ahorro Digital consigues lo que te emociona, sin mantenimiento y sin monto mínimo de apertura.​
​
📍Conoce más información: banbif.com.pe/Personas/Cuent…​
​
#Banco #BanBif #CuentaAhorroDigital",1,0,0,0,208
2025-07-11 14:20:03,BanBif,Jun 7,"🫵🏻 ¡Tienes más potencial del que crees!​​

🌟 Con tu Tarjeta de Crédito Clásica accede a beneficios reales.​
​
📍Más información aquí: banbif.com.pe/Personas/Tarje…​
​
#Banco #BanBif #TarjetaCréditoClásica",1,0,0,0,60
2025-07-11 14:20:03,BanBif,Jun 7,"Y para ti, ¿qué significa OHANA?  💙📷 Bueno, tal vez no sea hazme un PLIN, pero no hay nada mejor que Plinear de manera simple y rápida📷📷Recuerda que desde tu BanBif App puedes plinear en cualquier momento. 📷 Conoce más aquí 📷 banbif.com.pe/plin👉",0,0,0,0,273
2025-07-11 15:21:32,BanBif,Jul 9,"🎁 Cuando le compras un regalo a tu bestie… pero eres cero buena guardando secretos.😂
Así como ella no puede ocultarlo, nosotros tampoco.
Con nuestra Cuenta Ahorro Digital, no hay cobros escondidos.
👉 banbif.com.pe/Personas/Cuent…",0,0,0,0,26
2025-07-11 15:21:32,BanBif,Jul 7,"Tu familia no es un cajero automático, pero nosotros sí podemos ayudarte.💸 Solicita tu Préstamo Efectivo en BanBif y accede a ese dinero que necesitas, al instante.
👉 banbif.com.pe/Home/Personas/…",0,0,0,0,66
2025-07-11 15:21:32,BanBif,Jul 4,"¿Te dicen “NOOOO” cada vez que pides el carro?​
Es momento de manejar el tuyo, con nuestro Préstamo Vehicular BanBif, tener tu auto es más fácil de lo que crees.​
​
Más info aquí: banbif.com.pe/Personas/Prest….​

#AutoPropioYa #BanBif #PréstamoVehicular",0,0,0,0,61
2025-07-11 15:21:32,BanBif,Jul 3,"En BanBif creemos en un mundo donde ningún perrito esté solo. Por eso, fuimos parte de la Patatón 2025, una jornada llena de amor y esperanza para los peluditos que buscan familia.🐶✨
👉 banbif.com.pe/Personas/Fondo…",1,0,0,0,62
2025-07-11 15:21:32,BanBif,Jul 1,"Hay cosas que no funcionan solas...
Pero en tus finanzas si, con tu dúo genial 💪💰👉 Cuenta Ahorro Genial + Cuenta Ahorro Digital de BanBif. Una te da chance de ganar S/50,000, la otra te paga más por ahorrar.

Más info: banbif.com.pe/duo-genial",0,0,0,0,56
2025-07-11 15:21:32,BanBif,Jul 1,"🔒 Recuerda: protege tus datos.​ 👀 Lo que compartes en redes puede poner en riesgo tu seguridad financiera.​ ¡Que no te sorprendan!​

#BanBif #Banco #NoMásFraudes",0,0,1,0,53
2025-07-11 15:21:32,BanBif,Jun 28,"🏠 Acciones que transforman vida.​​

36 voluntarios construyeron 05 nuevas viviendas junto a @Techo y Asociación IF, en la comunidad 17 de Marzo, San Juan de Miraflores. ​
🩵 Gracias por ser parte de la experiencia que suma futuro.​​

#BanBif #Banco #Techo #AsociaciónIF #Volunta",0,0,0,0,89
2025-07-11 15:21:32,BanBif,Jun 26,"Danitza trasladó su CTS a BanBif…y ahora no solo duerme tranquila, también tiene narrador que lo confirma. 😌🎙️

Porque cuando sabes qué es tu CTS y dónde tenerla, vives con más tranquilidad.

banbif.com.pe/Personas/Cuent…",0,1,2,0,79
2025-07-11 15:21:32,BanBif,Jun 26,"☁️ Todo gran sueño empieza con el simple hábito de ahorrar.​

Con tu Cuenta Ahorro Digital, cada sol cuenta: sin monto mínimo, sin mantenimiento y una TREA promocional de 4% en soles.​
​
📍 Más información: banbif.com.pe/Personas/Cuent…​

#BanBif #Banco #CuentaAhorroDigital",0,0,0,0,171
2025-07-11 15:21:32,BanBif,Jun 26,"Encontrar tu match perfecto es más fácil cuando se trata de ahorrar ✨🌺​

Abre tu Dúo Genial en BanBif y podrías ganar S/50,000, acceder a más de 100 descuentos exclusivos con ClubHOLA, y una tasa de 4.3% TREA en soles.​

👉 banbif.com.pe/duo-genial",0,0,0,0,52
2025-07-11 15:21:32,BanBif,Jun 24,"Con el programa de beneficios #ClubHola, consigue descuentos exclusivos en tus marcas favoritas como Crepier y disfruta de muchos más. Además, accede gratis al contenido digital de El Comercio. ¡Y repite las veces que quieras! Más info en 👉 clubhola.pe",0,0,0,0,39
2025-07-11 15:21:32,BanBif,Jun 24,"🩵Pequeños aprendizajes que transforman futuros.​
​
☝️🥸 Con Enseña Perú, llevamos educación financiera a los niños de Ica.​
​
#BanBif #Banco #Voluntariado #EnseñaPeru",0,0,0,0,54
2025-07-11 15:21:32,BanBif,Jun 23,"😔 Hay cosas que no vuelven, que tu plata no sea una de ellas. ​
​
📲 Usa Plin desde tu BanBif App.​
​
📍Conoce más en: banbif.com.pe/bancadigital​
​
#Banco #BanBif",0,0,1,0,166
2025-07-11 15:21:32,BanBif,Jun 19,"🐶 Este año nos volvemos a sumar a la #Patatón2025
Un evento que abre puertas y corazones para que más perritos encuentren un hogar lleno de amor.

Los esperamos:
📅 Fecha: Sábado 28 y domingo 29
⏰ Hora: 10:00 a.m.

📍 Circuito Mágico del Agua – Puerta 4 ¡INGRESO LIBRE!",0,1,1,0,82
2025-07-11 15:21:32,BanBif,Jun 16,"😉 A veces solo necesitas un antojo, y los descuentos del ClubHOLA, para alegrarte el día.​

📍Más información aquí: clubhola.pe​

#BanBif #Banco #ClubHOLA",0,1,0,0,62
2025-07-11 15:21:32,BanBif,Jun 13,"Esta vez, quisimos escuchar a nuestros papis en BanBif. Ellos nos recordaron que ser papá es dejar huella todos los días: en casa, en el trabajo y en cada momento compartido. 👔 ¡Gracias por estar siempre presentes y por enseñar con amor y compromiso! #BanBif",0,0,0,0,58
2025-07-11 15:21:32,BanBif,Jun 13,"📅 Olvídate del viernes 13.​
​
Con HOLACambio$ desde tu BanBif App:​
​
✅ Cambia dólares a soles (y viceversa 🔁)​
✅ Rápido, seguro y 100% digital​
✅ Un tipo de cambio preferencial​

📍Más información aquí: banbif.com.pe/bancadigital​
​
#Banco #BanBif #HolaCambio$",1,0,1,0,287
2025-07-11 15:21:32,BanBif,Jun 12,"¡No necesitas ahorrar millones, solo necesitas empezar!​ 
🎯Con tu Cuenta Ahorro Digital consigues lo que te emociona, sin mantenimiento y sin monto mínimo de apertura.​
​
📍Conoce más información: banbif.com.pe/Personas/Cuent…​
​
#Banco #BanBif #CuentaAhorroDigital",1,0,0,0,208
2025-07-11 15:21:32,BanBif,Jun 7,"🫵🏻 ¡Tienes más potencial del que crees!​​

🌟 Con tu Tarjeta de Crédito Clásica accede a beneficios reales.​
​
📍Más información aquí: banbif.com.pe/Personas/Tarje…​
​
#Banco #BanBif #TarjetaCréditoClásica",1,0,0,0,60
2025-07-11 15:21:32,BanBif,Jun 7,"Y para ti, ¿qué significa OHANA?  💙📷 Bueno, tal vez no sea hazme un PLIN, pero no hay nada mejor que Plinear de manera simple y rápida📷📷Recuerda que desde tu BanBif App puedes plinear en cualquier momento. 📷 Conoce más aquí 📷 banbif.com.pe/plin👉",0,0,0,0,273
2025-07-11 16:25:43,BanBif,32 m,"📅 ¿Cuál es el calendario de tu Tarjeta de Crédito?​ Este es clave para organizarte y sacarle el máximo provecho.🧠💳 
✅ Conoce tu ciclo de facturación y pago ​
✅ Planifica ​
✅ Usa tu tarjeta y aprovecha sus beneficios 
#BanBif #EducaciónFinanciera #TuTarjetaTuControl",0,0,0,0,7
2025-07-11 16:25:43,BanBif,Jul 9,"🎁 Cuando le compras un regalo a tu bestie… pero eres cero buena guardando secretos.😂
Así como ella no puede ocultarlo, nosotros tampoco.
Con nuestra Cuenta Ahorro Digital, no hay cobros escondidos.
👉 banbif.com.pe/Personas/Cuent…",0,0,0,0,26
2025-07-11 16:25:43,BanBif,Jul 7,"Tu familia no es un cajero automático, pero nosotros sí podemos ayudarte.💸 Solicita tu Préstamo Efectivo en BanBif y accede a ese dinero que necesitas, al instante.
👉 banbif.com.pe/Home/Personas/…",0,0,0,0,66
2025-07-11 16:25:43,BanBif,Jul 4,"¿Te dicen “NOOOO” cada vez que pides el carro?​
Es momento de manejar el tuyo, con nuestro Préstamo Vehicular BanBif, tener tu auto es más fácil de lo que crees.​
​
Más info aquí: banbif.com.pe/Personas/Prest….​

#AutoPropioYa #BanBif #PréstamoVehicular",0,0,0,0,61
2025-07-11 16:25:43,BanBif,Jul 3,"En BanBif creemos en un mundo donde ningún perrito esté solo. Por eso, fuimos parte de la Patatón 2025, una jornada llena de amor y esperanza para los peluditos que buscan familia.🐶✨
👉 banbif.com.pe/Personas/Fondo…",1,0,0,0,62
2025-07-11 16:25:43,BanBif,Jul 1,"Hay cosas que no funcionan solas...
Pero en tus finanzas si, con tu dúo genial 💪💰👉 Cuenta Ahorro Genial + Cuenta Ahorro Digital de BanBif. Una te da chance de ganar S/50,000, la otra te paga más por ahorrar.

Más info: banbif.com.pe/duo-genial",0,0,0,0,56
2025-07-11 16:25:43,BanBif,Jul 1,"🔒 Recuerda: protege tus datos.​ 👀 Lo que compartes en redes puede poner en riesgo tu seguridad financiera.​ ¡Que no te sorprendan!​

#BanBif #Banco #NoMásFraudes",0,0,1,0,53
2025-07-11 16:25:43,BanBif,Jun 28,"🏠 Acciones que transforman vida.​​

36 voluntarios construyeron 05 nuevas viviendas junto a @Techo y Asociación IF, en la comunidad 17 de Marzo, San Juan de Miraflores. ​
🩵 Gracias por ser parte de la experiencia que suma futuro.​​

#BanBif #Banco #Techo #AsociaciónIF #Volunta",0,0,0,0,90
2025-07-11 16:25:43,BanBif,Jun 26,"Danitza trasladó su CTS a BanBif…y ahora no solo duerme tranquila, también tiene narrador que lo confirma. 😌🎙️

Porque cuando sabes qué es tu CTS y dónde tenerla, vives con más tranquilidad.

banbif.com.pe/Personas/Cuent…",0,1,2,0,79
2025-07-11 16:25:43,BanBif,Jun 26,"☁️ Todo gran sueño empieza con el simple hábito de ahorrar.​

Con tu Cuenta Ahorro Digital, cada sol cuenta: sin monto mínimo, sin mantenimiento y una TREA promocional de 4% en soles.​
​
📍 Más información: banbif.com.pe/Personas/Cuent…​

#BanBif #Banco #CuentaAhorroDigital",0,0,0,0,171
2025-07-11 16:25:43,BanBif,Jun 26,"Encontrar tu match perfecto es más fácil cuando se trata de ahorrar ✨🌺​

Abre tu Dúo Genial en BanBif y podrías ganar S/50,000, acceder a más de 100 descuentos exclusivos con ClubHOLA, y una tasa de 4.3% TREA en soles.​

👉 banbif.com.pe/duo-genial",0,0,0,0,52
2025-07-11 16:25:43,BanBif,Jun 24,"Con el programa de beneficios #ClubHola, consigue descuentos exclusivos en tus marcas favoritas como Crepier y disfruta de muchos más. Además, accede gratis al contenido digital de El Comercio. ¡Y repite las veces que quieras! Más info en 👉 clubhola.pe",0,0,0,0,39
2025-07-11 16:25:43,BanBif,Jun 24,"🩵Pequeños aprendizajes que transforman futuros.​
​
☝️🥸 Con Enseña Perú, llevamos educación financiera a los niños de Ica.​
​
#BanBif #Banco #Voluntariado #EnseñaPeru",0,0,0,0,54
2025-07-11 16:25:43,BanBif,Jun 23,"😔 Hay cosas que no vuelven, que tu plata no sea una de ellas. ​
​
📲 Usa Plin desde tu BanBif App.​
​
📍Conoce más en: banbif.com.pe/bancadigital​
​
#Banco #BanBif",0,0,1,0,166
2025-07-11 16:25:43,BanBif,Jun 19,"🐶 Este año nos volvemos a sumar a la #Patatón2025
Un evento que abre puertas y corazones para que más perritos encuentren un hogar lleno de amor.

Los esperamos:
📅 Fecha: Sábado 28 y domingo 29
⏰ Hora: 10:00 a.m.

📍 Circuito Mágico del Agua – Puerta 4 ¡INGRESO LIBRE!",0,1,1,0,82
2025-07-11 16:25:43,BanBif,Jun 16,"😉 A veces solo necesitas un antojo, y los descuentos del ClubHOLA, para alegrarte el día.​

📍Más información aquí: clubhola.pe​

#BanBif #Banco #ClubHOLA",0,1,0,0,62
2025-07-11 16:25:43,BanBif,Jun 13,"Esta vez, quisimos escuchar a nuestros papis en BanBif. Ellos nos recordaron que ser papá es dejar huella todos los días: en casa, en el trabajo y en cada momento compartido. 👔 ¡Gracias por estar siempre presentes y por enseñar con amor y compromiso! #BanBif",0,0,0,0,58
2025-07-11 16:25:43,BanBif,Jun 13,"📅 Olvídate del viernes 13.​
​
Con HOLACambio$ desde tu BanBif App:​
​
✅ Cambia dólares a soles (y viceversa 🔁)​
✅ Rápido, seguro y 100% digital​
✅ Un tipo de cambio preferencial​

📍Más información aquí: banbif.com.pe/bancadigital​
​
#Banco #BanBif #HolaCambio$",1,0,1,0,287
2025-07-11 16:25:43,BanBif,Jun 12,"¡No necesitas ahorrar millones, solo necesitas empezar!​ 
🎯Con tu Cuenta Ahorro Digital consigues lo que te emociona, sin mantenimiento y sin monto mínimo de apertura.​
​
📍Conoce más información: banbif.com.pe/Personas/Cuent…​
​
#Banco #BanBif #CuentaAhorroDigital",1,0,0,0,209
2025-07-11 16:25:43,BanBif,Jun 7,"🫵🏻 ¡Tienes más potencial del que crees!​​

🌟 Con tu Tarjeta de Crédito Clásica accede a beneficios reales.​
​
📍Más información aquí: banbif.com.pe/Personas/Tarje…​
​
#Banco #BanBif #TarjetaCréditoClásica",1,0,0,0,60
2025-07-11 17:18:37,BanBif,33 m,"🐶 Activa tu instinto protector.
✨Con tu Seguro Pet Lover, el seguro para ti con beneficios para tu mascota, tu engreído cuenta con protección, asistencia y beneficios exclusivos.
📷 banbif.com.pe/Personas/Fondo…",0,0,1,0,21
2025-07-11 17:18:37,BanBif,1 h,"📅 ¿Cuál es el calendario de tu Tarjeta de Crédito?​ Este es clave para organizarte y sacarle el máximo provecho.🧠💳 
✅ Conoce tu ciclo de facturación y pago ​
✅ Planifica ​
✅ Usa tu tarjeta y aprovecha sus beneficios 
#BanBif #EducaciónFinanciera #TuTarjetaTuControl",0,0,0,0,11
2025-07-11 17:18:37,BanBif,Jul 9,"🎁 Cuando le compras un regalo a tu bestie… pero eres cero buena guardando secretos.😂
Así como ella no puede ocultarlo, nosotros tampoco.
Con nuestra Cuenta Ahorro Digital, no hay cobros escondidos.
👉 banbif.com.pe/Personas/Cuent…",0,0,0,0,26
2025-07-11 17:18:37,BanBif,Jul 7,"Tu familia no es un cajero automático, pero nosotros sí podemos ayudarte.💸 Solicita tu Préstamo Efectivo en BanBif y accede a ese dinero que necesitas, al instante.
👉 banbif.com.pe/Home/Personas/…",0,0,0,0,66
2025-07-11 17:18:37,BanBif,Jul 4,"¿Te dicen “NOOOO” cada vez que pides el carro?​
Es momento de manejar el tuyo, con nuestro Préstamo Vehicular BanBif, tener tu auto es más fácil de lo que crees.​
​
Más info aquí: banbif.com.pe/Personas/Prest….​

#AutoPropioYa #BanBif #PréstamoVehicular",0,0,0,0,61
2025-07-11 17:18:37,BanBif,Jul 3,"En BanBif creemos en un mundo donde ningún perrito esté solo. Por eso, fuimos parte de la Patatón 2025, una jornada llena de amor y esperanza para los peluditos que buscan familia.🐶✨
👉 banbif.com.pe/Personas/Fondo…",1,0,0,0,62
2025-07-11 17:18:37,BanBif,Jul 1,"Hay cosas que no funcionan solas...
Pero en tus finanzas si, con tu dúo genial 💪💰👉 Cuenta Ahorro Genial + Cuenta Ahorro Digital de BanBif. Una te da chance de ganar S/50,000, la otra te paga más por ahorrar.

Más info: banbif.com.pe/duo-genial",0,0,0,0,56
2025-07-11 17:18:37,BanBif,Jul 1,"🔒 Recuerda: protege tus datos.​ 👀 Lo que compartes en redes puede poner en riesgo tu seguridad financiera.​ ¡Que no te sorprendan!​

#BanBif #Banco #NoMásFraudes",0,0,1,0,53
2025-07-11 17:18:37,BanBif,Jun 28,"🏠 Acciones que transforman vida.​​

36 voluntarios construyeron 05 nuevas viviendas junto a @Techo y Asociación IF, en la comunidad 17 de Marzo, San Juan de Miraflores. ​
🩵 Gracias por ser parte de la experiencia que suma futuro.​​

#BanBif #Banco #Techo #AsociaciónIF #Volunta",0,0,0,0,90
2025-07-11 17:18:37,BanBif,Jun 26,"Danitza trasladó su CTS a BanBif…y ahora no solo duerme tranquila, también tiene narrador que lo confirma. 😌🎙️

Porque cuando sabes qué es tu CTS y dónde tenerla, vives con más tranquilidad.

banbif.com.pe/Personas/Cuent…",0,1,2,0,79
2025-07-11 17:18:37,BanBif,Jun 26,"☁️ Todo gran sueño empieza con el simple hábito de ahorrar.​

Con tu Cuenta Ahorro Digital, cada sol cuenta: sin monto mínimo, sin mantenimiento y una TREA promocional de 4% en soles.​
​
📍 Más información: banbif.com.pe/Personas/Cuent…​

#BanBif #Banco #CuentaAhorroDigital",0,0,0,0,171
2025-07-11 17:18:37,BanBif,Jun 26,"Encontrar tu match perfecto es más fácil cuando se trata de ahorrar ✨🌺​

Abre tu Dúo Genial en BanBif y podrías ganar S/50,000, acceder a más de 100 descuentos exclusivos con ClubHOLA, y una tasa de 4.3% TREA en soles.​

👉 banbif.com.pe/duo-genial",0,0,0,0,52
2025-07-11 17:18:37,BanBif,Jun 24,"Con el programa de beneficios #ClubHola, consigue descuentos exclusivos en tus marcas favoritas como Crepier y disfruta de muchos más. Además, accede gratis al contenido digital de El Comercio. ¡Y repite las veces que quieras! Más info en 👉 clubhola.pe",0,0,0,0,39
2025-07-11 17:18:37,BanBif,Jun 24,"🩵Pequeños aprendizajes que transforman futuros.​
​
☝️🥸 Con Enseña Perú, llevamos educación financiera a los niños de Ica.​
​
#BanBif #Banco #Voluntariado #EnseñaPeru",0,0,0,0,54
2025-07-11 17:18:37,BanBif,Jun 23,"😔 Hay cosas que no vuelven, que tu plata no sea una de ellas. ​
​
📲 Usa Plin desde tu BanBif App.​
​
📍Conoce más en: banbif.com.pe/bancadigital​
​
#Banco #BanBif",0,0,1,0,166
2025-07-11 17:18:37,BanBif,Jun 19,"🐶 Este año nos volvemos a sumar a la #Patatón2025
Un evento que abre puertas y corazones para que más perritos encuentren un hogar lleno de amor.

Los esperamos:
📅 Fecha: Sábado 28 y domingo 29
⏰ Hora: 10:00 a.m.

📍 Circuito Mágico del Agua – Puerta 4 ¡INGRESO LIBRE!",0,1,1,0,82
2025-07-11 17:18:37,BanBif,Jun 16,"😉 A veces solo necesitas un antojo, y los descuentos del ClubHOLA, para alegrarte el día.​

📍Más información aquí: clubhola.pe​

#BanBif #Banco #ClubHOLA",0,1,0,0,62
2025-07-11 17:18:37,BanBif,Jun 13,"Esta vez, quisimos escuchar a nuestros papis en BanBif. Ellos nos recordaron que ser papá es dejar huella todos los días: en casa, en el trabajo y en cada momento compartido. 👔 ¡Gracias por estar siempre presentes y por enseñar con amor y compromiso! #BanBif",0,0,0,0,58
2025-07-11 17:18:37,BanBif,Jun 13,"📅 Olvídate del viernes 13.​
​
Con HOLACambio$ desde tu BanBif App:​
​
✅ Cambia dólares a soles (y viceversa 🔁)​
✅ Rápido, seguro y 100% digital​
✅ Un tipo de cambio preferencial​

📍Más información aquí: banbif.com.pe/bancadigital​
​
#Banco #BanBif #HolaCambio$",1,0,1,0,287
2025-07-11 17:18:37,BanBif,Jun 12,"¡No necesitas ahorrar millones, solo necesitas empezar!​ 
🎯Con tu Cuenta Ahorro Digital consigues lo que te emociona, sin mantenimiento y sin monto mínimo de apertura.​
​
📍Conoce más información: banbif.com.pe/Personas/Cuent…​
​
#Banco #BanBif #CuentaAhorroDigital",1,0,0,0,209
2025-07-11 18:28:21,BanBif,1 h,"¿Enfermo? No exactamente...​
Solo tengo viajitis aguda.🏖️🕶️​
Y la única receta es:​
✔️ Sol​
✔️ Descanso​
✔️ Y descuentos ilimitados con ClubHOLA​

ClubHOLA: tú pon la excusa, nosotros los destinos. ✈️​
Más información en clubhola.pe​
#ClubHola #DescuentosConEstilo",0,0,0,0,7
2025-07-11 18:28:21,BanBif,2 h,"🐶 Activa tu instinto protector.
✨Con tu Seguro Pet Lover, el seguro para ti con beneficios para tu mascota, tu engreído cuenta con protección, asistencia y beneficios exclusivos.
📷 banbif.com.pe/Personas/Fondo…",0,0,1,0,21
2025-07-11 18:28:21,BanBif,3 h,"📅 ¿Cuál es el calendario de tu Tarjeta de Crédito?​ Este es clave para organizarte y sacarle el máximo provecho.🧠💳 
✅ Conoce tu ciclo de facturación y pago ​
✅ Planifica ​
✅ Usa tu tarjeta y aprovecha sus beneficios 
#BanBif #EducaciónFinanciera #TuTarjetaTuControl",0,0,0,0,12
2025-07-11 18:28:21,BanBif,Jul 9,"🎁 Cuando le compras un regalo a tu bestie… pero eres cero buena guardando secretos.😂
Así como ella no puede ocultarlo, nosotros tampoco.
Con nuestra Cuenta Ahorro Digital, no hay cobros escondidos.
👉 banbif.com.pe/Personas/Cuent…",0,0,0,0,27
2025-07-11 18:28:21,BanBif,Jul 7,"Tu familia no es un cajero automático, pero nosotros sí podemos ayudarte.💸 Solicita tu Préstamo Efectivo en BanBif y accede a ese dinero que necesitas, al instante.
👉 banbif.com.pe/Home/Personas/…",0,0,0,0,66
2025-07-11 18:28:21,BanBif,Jul 4,"¿Te dicen “NOOOO” cada vez que pides el carro?​
Es momento de manejar el tuyo, con nuestro Préstamo Vehicular BanBif, tener tu auto es más fácil de lo que crees.​
​
Más info aquí: banbif.com.pe/Personas/Prest….​

#AutoPropioYa #BanBif #PréstamoVehicular",0,0,0,0,61
2025-07-11 18:28:21,BanBif,Jul 3,"En BanBif creemos en un mundo donde ningún perrito esté solo. Por eso, fuimos parte de la Patatón 2025, una jornada llena de amor y esperanza para los peluditos que buscan familia.🐶✨
👉 banbif.com.pe/Personas/Fondo…",1,0,0,0,62
2025-07-11 18:28:21,BanBif,Jul 1,"Hay cosas que no funcionan solas...
Pero en tus finanzas si, con tu dúo genial 💪💰👉 Cuenta Ahorro Genial + Cuenta Ahorro Digital de BanBif. Una te da chance de ganar S/50,000, la otra te paga más por ahorrar.

Más info: banbif.com.pe/duo-genial",0,0,0,0,56
2025-07-11 18:28:21,BanBif,Jul 1,"🔒 Recuerda: protege tus datos.​ 👀 Lo que compartes en redes puede poner en riesgo tu seguridad financiera.​ ¡Que no te sorprendan!​

#BanBif #Banco #NoMásFraudes",0,0,1,0,53
2025-07-11 18:28:21,BanBif,Jun 28,"🏠 Acciones que transforman vida.​​

36 voluntarios construyeron 05 nuevas viviendas junto a @Techo y Asociación IF, en la comunidad 17 de Marzo, San Juan de Miraflores. ​
🩵 Gracias por ser parte de la experiencia que suma futuro.​​

#BanBif #Banco #Techo #AsociaciónIF #Volunta",0,0,0,0,90
2025-07-11 18:28:21,BanBif,Jun 26,"Danitza trasladó su CTS a BanBif…y ahora no solo duerme tranquila, también tiene narrador que lo confirma. 😌🎙️

Porque cuando sabes qué es tu CTS y dónde tenerla, vives con más tranquilidad.

banbif.com.pe/Personas/Cuent…",0,1,2,0,79
2025-07-11 18:28:21,BanBif,Jun 26,"☁️ Todo gran sueño empieza con el simple hábito de ahorrar.​

Con tu Cuenta Ahorro Digital, cada sol cuenta: sin monto mínimo, sin mantenimiento y una TREA promocional de 4% en soles.​
​
📍 Más información: banbif.com.pe/Personas/Cuent…​

#BanBif #Banco #CuentaAhorroDigital",0,0,0,0,171
2025-07-11 18:28:21,BanBif,Jun 26,"Encontrar tu match perfecto es más fácil cuando se trata de ahorrar ✨🌺​

Abre tu Dúo Genial en BanBif y podrías ganar S/50,000, acceder a más de 100 descuentos exclusivos con ClubHOLA, y una tasa de 4.3% TREA en soles.​

👉 banbif.com.pe/duo-genial",0,0,0,0,52
2025-07-11 18:28:21,BanBif,Jun 24,"Con el programa de beneficios #ClubHola, consigue descuentos exclusivos en tus marcas favoritas como Crepier y disfruta de muchos más. Además, accede gratis al contenido digital de El Comercio. ¡Y repite las veces que quieras! Más info en 👉 clubhola.pe",0,0,0,0,39
2025-07-11 18:28:21,BanBif,Jun 24,"🩵Pequeños aprendizajes que transforman futuros.​
​
☝️🥸 Con Enseña Perú, llevamos educación financiera a los niños de Ica.​
​
#BanBif #Banco #Voluntariado #EnseñaPeru",0,0,0,0,54
2025-07-11 18:28:21,BanBif,Jun 23,"😔 Hay cosas que no vuelven, que tu plata no sea una de ellas. ​
​
📲 Usa Plin desde tu BanBif App.​
​
📍Conoce más en: banbif.com.pe/bancadigital​
​
#Banco #BanBif",0,0,1,0,166
2025-07-11 18:28:21,BanBif,Jun 19,"🐶 Este año nos volvemos a sumar a la #Patatón2025
Un evento que abre puertas y corazones para que más perritos encuentren un hogar lleno de amor.

Los esperamos:
📅 Fecha: Sábado 28 y domingo 29
⏰ Hora: 10:00 a.m.

📍 Circuito Mágico del Agua – Puerta 4 ¡INGRESO LIBRE!",0,1,1,0,82
2025-07-11 18:28:21,BanBif,Jun 16,"😉 A veces solo necesitas un antojo, y los descuentos del ClubHOLA, para alegrarte el día.​

📍Más información aquí: clubhola.pe​

#BanBif #Banco #ClubHOLA",0,1,0,0,62
2025-07-11 18:28:21,BanBif,Jun 13,"Esta vez, quisimos escuchar a nuestros papis en BanBif. Ellos nos recordaron que ser papá es dejar huella todos los días: en casa, en el trabajo y en cada momento compartido. 👔 ¡Gracias por estar siempre presentes y por enseñar con amor y compromiso! #BanBif",0,0,0,0,58
2025-07-11 18:28:21,BanBif,Jun 13,"📅 Olvídate del viernes 13.​
​
Con HOLACambio$ desde tu BanBif App:​
​
✅ Cambia dólares a soles (y viceversa 🔁)​
✅ Rápido, seguro y 100% digital​
✅ Un tipo de cambio preferencial​

📍Más información aquí: banbif.com.pe/bancadigital​
​
#Banco #BanBif #HolaCambio$",1,0,1,0,288
2025-07-11 19:16:11,BanBif,2 h,"¿Enfermo? No exactamente...​
Solo tengo viajitis aguda.🏖️🕶️​
Y la única receta es:​
✔️ Sol​
✔️ Descanso​
✔️ Y descuentos ilimitados con ClubHOLA​

ClubHOLA: tú pon la excusa, nosotros los destinos. ✈️​
Más información en clubhola.pe​
#ClubHola #DescuentosConEstilo",0,0,0,0,7
2025-07-11 19:16:11,BanBif,3 h,"🐶 Activa tu instinto protector.
✨Con tu Seguro Pet Lover, el seguro para ti con beneficios para tu mascota, tu engreído cuenta con protección, asistencia y beneficios exclusivos.
📷 banbif.com.pe/Personas/Fondo…",0,0,1,0,21
2025-07-11 19:16:11,BanBif,3 h,"📅 ¿Cuál es el calendario de tu Tarjeta de Crédito?​ Este es clave para organizarte y sacarle el máximo provecho.🧠💳 
✅ Conoce tu ciclo de facturación y pago ​
✅ Planifica ​
✅ Usa tu tarjeta y aprovecha sus beneficios 
#BanBif #EducaciónFinanciera #TuTarjetaTuControl",0,0,0,0,12
2025-07-11 19:16:11,BanBif,Jul 9,"🎁 Cuando le compras un regalo a tu bestie… pero eres cero buena guardando secretos.😂
Así como ella no puede ocultarlo, nosotros tampoco.
Con nuestra Cuenta Ahorro Digital, no hay cobros escondidos.
👉 banbif.com.pe/Personas/Cuent…",0,0,0,0,28
2025-07-11 19:16:11,BanBif,Jul 7,"Tu familia no es un cajero automático, pero nosotros sí podemos ayudarte.💸 Solicita tu Préstamo Efectivo en BanBif y accede a ese dinero que necesitas, al instante.
👉 banbif.com.pe/Home/Personas/…",0,0,0,0,66
2025-07-11 19:16:11,BanBif,Jul 4,"¿Te dicen “NOOOO” cada vez que pides el carro?​
Es momento de manejar el tuyo, con nuestro Préstamo Vehicular BanBif, tener tu auto es más fácil de lo que crees.​
​
Más info aquí: banbif.com.pe/Personas/Prest….​

#AutoPropioYa #BanBif #PréstamoVehicular",0,0,0,0,61
2025-07-11 19:16:11,BanBif,Jul 3,"En BanBif creemos en un mundo donde ningún perrito esté solo. Por eso, fuimos parte de la Patatón 2025, una jornada llena de amor y esperanza para los peluditos que buscan familia.🐶✨
👉 banbif.com.pe/Personas/Fondo…",1,0,0,0,62
2025-07-11 19:16:11,BanBif,Jul 1,"Hay cosas que no funcionan solas...
Pero en tus finanzas si, con tu dúo genial 💪💰👉 Cuenta Ahorro Genial + Cuenta Ahorro Digital de BanBif. Una te da chance de ganar S/50,000, la otra te paga más por ahorrar.

Más info: banbif.com.pe/duo-genial",0,0,0,0,56
2025-07-11 19:16:11,BanBif,Jul 1,"🔒 Recuerda: protege tus datos.​ 👀 Lo que compartes en redes puede poner en riesgo tu seguridad financiera.​ ¡Que no te sorprendan!​

#BanBif #Banco #NoMásFraudes",0,0,1,0,53
2025-07-11 19:16:11,BanBif,Jun 28,"🏠 Acciones que transforman vida.​​

36 voluntarios construyeron 05 nuevas viviendas junto a @Techo y Asociación IF, en la comunidad 17 de Marzo, San Juan de Miraflores. ​
🩵 Gracias por ser parte de la experiencia que suma futuro.​​

#BanBif #Banco #Techo #AsociaciónIF #Volunta",0,0,0,0,90
2025-07-11 19:16:11,BanBif,Jun 26,"Danitza trasladó su CTS a BanBif…y ahora no solo duerme tranquila, también tiene narrador que lo confirma. 😌🎙️

Porque cuando sabes qué es tu CTS y dónde tenerla, vives con más tranquilidad.

banbif.com.pe/Personas/Cuent…",0,1,2,0,79
2025-07-11 19:16:11,BanBif,Jun 26,"☁️ Todo gran sueño empieza con el simple hábito de ahorrar.​

Con tu Cuenta Ahorro Digital, cada sol cuenta: sin monto mínimo, sin mantenimiento y una TREA promocional de 4% en soles.​
​
📍 Más información: banbif.com.pe/Personas/Cuent…​

#BanBif #Banco #CuentaAhorroDigital",0,0,0,0,171
2025-07-11 19:16:11,BanBif,Jun 26,"Encontrar tu match perfecto es más fácil cuando se trata de ahorrar ✨🌺​

Abre tu Dúo Genial en BanBif y podrías ganar S/50,000, acceder a más de 100 descuentos exclusivos con ClubHOLA, y una tasa de 4.3% TREA en soles.​

👉 banbif.com.pe/duo-genial",0,0,0,0,52
2025-07-11 19:16:11,BanBif,Jun 24,"Con el programa de beneficios #ClubHola, consigue descuentos exclusivos en tus marcas favoritas como Crepier y disfruta de muchos más. Además, accede gratis al contenido digital de El Comercio. ¡Y repite las veces que quieras! Más info en 👉 clubhola.pe",0,0,0,0,39
2025-07-11 19:16:11,BanBif,Jun 24,"🩵Pequeños aprendizajes que transforman futuros.​
​
☝️🥸 Con Enseña Perú, llevamos educación financiera a los niños de Ica.​
​
#BanBif #Banco #Voluntariado #EnseñaPeru",0,0,0,0,54
2025-07-11 19:16:11,BanBif,Jun 23,"😔 Hay cosas que no vuelven, que tu plata no sea una de ellas. ​
​
📲 Usa Plin desde tu BanBif App.​
​
📍Conoce más en: banbif.com.pe/bancadigital​
​
#Banco #BanBif",0,0,1,0,166
2025-07-11 19:16:11,BanBif,Jun 19,"🐶 Este año nos volvemos a sumar a la #Patatón2025
Un evento que abre puertas y corazones para que más perritos encuentren un hogar lleno de amor.

Los esperamos:
📅 Fecha: Sábado 28 y domingo 29
⏰ Hora: 10:00 a.m.

📍 Circuito Mágico del Agua – Puerta 4 ¡INGRESO LIBRE!",0,1,1,0,82
2025-07-11 19:16:11,BanBif,Jun 16,"😉 A veces solo necesitas un antojo, y los descuentos del ClubHOLA, para alegrarte el día.​

📍Más información aquí: clubhola.pe​

#BanBif #Banco #ClubHOLA",0,1,0,0,62
2025-07-11 19:16:11,BanBif,Jun 13,"Esta vez, quisimos escuchar a nuestros papis en BanBif. Ellos nos recordaron que ser papá es dejar huella todos los días: en casa, en el trabajo y en cada momento compartido. 👔 ¡Gracias por estar siempre presentes y por enseñar con amor y compromiso! #BanBif",0,0,0,0,58
2025-07-11 19:16:11,BanBif,Jun 13,"📅 Olvídate del viernes 13.​
​
Con HOLACambio$ desde tu BanBif App:​
​
✅ Cambia dólares a soles (y viceversa 🔁)​
✅ Rápido, seguro y 100% digital​
✅ Un tipo de cambio preferencial​

📍Más información aquí: banbif.com.pe/bancadigital​
​
#Banco #BanBif #HolaCambio$",1,0,1,0,288
2025-07-11 20:22:11,BanBif,3 h,"¿Enfermo? No exactamente...​
Solo tengo viajitis aguda.🏖️🕶️​
Y la única receta es:​
✔️ Sol​
✔️ Descanso​
✔️ Y descuentos ilimitados con ClubHOLA​

ClubHOLA: tú pon la excusa, nosotros los destinos. ✈️​
Más información en clubhola.pe​
#ClubHola #DescuentosConEstilo",0,0,0,0,10
2025-07-11 20:22:11,BanBif,4 h,"🐶 Activa tu instinto protector.
✨Con tu Seguro Pet Lover, el seguro para ti con beneficios para tu mascota, tu engreído cuenta con protección, asistencia y beneficios exclusivos.
📷 banbif.com.pe/Personas/Fondo…",0,0,1,0,23
2025-07-11 20:22:11,BanBif,4 h,"📅 ¿Cuál es el calendario de tu Tarjeta de Crédito?​ Este es clave para organizarte y sacarle el máximo provecho.🧠💳 
✅ Conoce tu ciclo de facturación y pago ​
✅ Planifica ​
✅ Usa tu tarjeta y aprovecha sus beneficios 
#BanBif #EducaciónFinanciera #TuTarjetaTuControl",0,0,0,0,15
2025-07-11 20:22:11,BanBif,Jul 9,"🎁 Cuando le compras un regalo a tu bestie… pero eres cero buena guardando secretos.😂
Así como ella no puede ocultarlo, nosotros tampoco.
Con nuestra Cuenta Ahorro Digital, no hay cobros escondidos.
👉 banbif.com.pe/Personas/Cuent…",0,0,0,0,29
2025-07-11 20:22:11,BanBif,Jul 7,"Tu familia no es un cajero automático, pero nosotros sí podemos ayudarte.💸 Solicita tu Préstamo Efectivo en BanBif y accede a ese dinero que necesitas, al instante.
👉 banbif.com.pe/Home/Personas/…",0,0,0,0,69
2025-07-11 20:22:11,BanBif,Jul 4,"¿Te dicen “NOOOO” cada vez que pides el carro?​
Es momento de manejar el tuyo, con nuestro Préstamo Vehicular BanBif, tener tu auto es más fácil de lo que crees.​
​
Más info aquí: banbif.com.pe/Personas/Prest….​

#AutoPropioYa #BanBif #PréstamoVehicular",0,0,0,0,62
2025-07-11 20:22:11,BanBif,Jul 3,"En BanBif creemos en un mundo donde ningún perrito esté solo. Por eso, fuimos parte de la Patatón 2025, una jornada llena de amor y esperanza para los peluditos que buscan familia.🐶✨
👉 banbif.com.pe/Personas/Fondo…",1,0,0,0,63
2025-07-11 20:22:11,BanBif,Jul 1,"Hay cosas que no funcionan solas...
Pero en tus finanzas si, con tu dúo genial 💪💰👉 Cuenta Ahorro Genial + Cuenta Ahorro Digital de BanBif. Una te da chance de ganar S/50,000, la otra te paga más por ahorrar.

Más info: banbif.com.pe/duo-genial",0,0,0,0,56
2025-07-11 20:22:11,BanBif,Jul 1,"🔒 Recuerda: protege tus datos.​ 👀 Lo que compartes en redes puede poner en riesgo tu seguridad financiera.​ ¡Que no te sorprendan!​

#BanBif #Banco #NoMásFraudes",0,0,1,0,54
2025-07-11 20:22:11,BanBif,Jun 28,"🏠 Acciones que transforman vida.​​

36 voluntarios construyeron 05 nuevas viviendas junto a @Techo y Asociación IF, en la comunidad 17 de Marzo, San Juan de Miraflores. ​
🩵 Gracias por ser parte de la experiencia que suma futuro.​​

#BanBif #Banco #Techo #AsociaciónIF #Volunta",0,0,0,0,91
2025-07-11 20:22:11,BanBif,Jun 26,"Danitza trasladó su CTS a BanBif…y ahora no solo duerme tranquila, también tiene narrador que lo confirma. 😌🎙️

Porque cuando sabes qué es tu CTS y dónde tenerla, vives con más tranquilidad.

banbif.com.pe/Personas/Cuent…",0,1,2,0,79
2025-07-11 20:22:11,BanBif,Jun 26,"☁️ Todo gran sueño empieza con el simple hábito de ahorrar.​

Con tu Cuenta Ahorro Digital, cada sol cuenta: sin monto mínimo, sin mantenimiento y una TREA promocional de 4% en soles.​
​
📍 Más información: banbif.com.pe/Personas/Cuent…​

#BanBif #Banco #CuentaAhorroDigital",0,0,0,0,171
2025-07-11 20:22:11,BanBif,Jun 26,"Encontrar tu match perfecto es más fácil cuando se trata de ahorrar ✨🌺​

Abre tu Dúo Genial en BanBif y podrías ganar S/50,000, acceder a más de 100 descuentos exclusivos con ClubHOLA, y una tasa de 4.3% TREA en soles.​

👉 banbif.com.pe/duo-genial",0,0,0,0,52
2025-07-11 20:22:11,BanBif,Jun 24,"Con el programa de beneficios #ClubHola, consigue descuentos exclusivos en tus marcas favoritas como Crepier y disfruta de muchos más. Además, accede gratis al contenido digital de El Comercio. ¡Y repite las veces que quieras! Más info en 👉 clubhola.pe",0,0,0,0,39
2025-07-11 20:22:11,BanBif,Jun 24,"🩵Pequeños aprendizajes que transforman futuros.​
​
☝️🥸 Con Enseña Perú, llevamos educación financiera a los niños de Ica.​
​
#BanBif #Banco #Voluntariado #EnseñaPeru",0,0,0,0,55
2025-07-11 20:22:11,BanBif,Jun 23,"😔 Hay cosas que no vuelven, que tu plata no sea una de ellas. ​
​
📲 Usa Plin desde tu BanBif App.​
​
📍Conoce más en: banbif.com.pe/bancadigital​
​
#Banco #BanBif",0,0,1,0,167
2025-07-11 20:22:11,BanBif,Jun 19,"🐶 Este año nos volvemos a sumar a la #Patatón2025
Un evento que abre puertas y corazones para que más perritos encuentren un hogar lleno de amor.

Los esperamos:
📅 Fecha: Sábado 28 y domingo 29
⏰ Hora: 10:00 a.m.

📍 Circuito Mágico del Agua – Puerta 4 ¡INGRESO LIBRE!",0,1,1,0,82
2025-07-11 20:22:11,BanBif,Jun 16,"😉 A veces solo necesitas un antojo, y los descuentos del ClubHOLA, para alegrarte el día.​

📍Más información aquí: clubhola.pe​

#BanBif #Banco #ClubHOLA",0,1,0,0,62
2025-07-11 20:22:11,BanBif,Jun 13,"Esta vez, quisimos escuchar a nuestros papis en BanBif. Ellos nos recordaron que ser papá es dejar huella todos los días: en casa, en el trabajo y en cada momento compartido. 👔 ¡Gracias por estar siempre presentes y por enseñar con amor y compromiso! #BanBif",0,0,0,0,59
2025-07-11 20:22:11,BanBif,Jun 13,"📅 Olvídate del viernes 13.​
​
Con HOLACambio$ desde tu BanBif App:​
​
✅ Cambia dólares a soles (y viceversa 🔁)​
✅ Rápido, seguro y 100% digital​
✅ Un tipo de cambio preferencial​

📍Más información aquí: banbif.com.pe/bancadigital​
​
#Banco #BanBif #HolaCambio$",1,0,1,0,288
2025-07-11 21:19:17,BanBif,4 h,"¿Enfermo? No exactamente...​
Solo tengo viajitis aguda.🏖️🕶️​
Y la única receta es:​
✔️ Sol​
✔️ Descanso​
✔️ Y descuentos ilimitados con ClubHOLA​

ClubHOLA: tú pon la excusa, nosotros los destinos. ✈️​
Más información en clubhola.pe​
#ClubHola #DescuentosConEstilo",0,0,0,0,12
2025-07-11 21:19:17,BanBif,5 h,"🐶 Activa tu instinto protector.
✨Con tu Seguro Pet Lover, el seguro para ti con beneficios para tu mascota, tu engreído cuenta con protección, asistencia y beneficios exclusivos.
📷 banbif.com.pe/Personas/Fondo…",0,0,1,0,25
2025-07-11 21:19:17,BanBif,5 h,"📅 ¿Cuál es el calendario de tu Tarjeta de Crédito?​ Este es clave para organizarte y sacarle el máximo provecho.🧠💳 
✅ Conoce tu ciclo de facturación y pago ​
✅ Planifica ​
✅ Usa tu tarjeta y aprovecha sus beneficios 
#BanBif #EducaciónFinanciera #TuTarjetaTuControl",0,0,0,0,20
2025-07-11 21:19:17,BanBif,Jul 9,"🎁 Cuando le compras un regalo a tu bestie… pero eres cero buena guardando secretos.😂
Así como ella no puede ocultarlo, nosotros tampoco.
Con nuestra Cuenta Ahorro Digital, no hay cobros escondidos.
👉 banbif.com.pe/Personas/Cuent…",0,0,0,0,30
2025-07-11 21:19:17,BanBif,Jul 7,"Tu familia no es un cajero automático, pero nosotros sí podemos ayudarte.💸 Solicita tu Préstamo Efectivo en BanBif y accede a ese dinero que necesitas, al instante.
👉 banbif.com.pe/Home/Personas/…",0,0,0,0,73
2025-07-11 21:19:17,BanBif,Jul 4,"¿Te dicen “NOOOO” cada vez que pides el carro?​
Es momento de manejar el tuyo, con nuestro Préstamo Vehicular BanBif, tener tu auto es más fácil de lo que crees.​
​
Más info aquí: banbif.com.pe/Personas/Prest….​

#AutoPropioYa #BanBif #PréstamoVehicular",0,0,0,0,64
2025-07-11 21:19:17,BanBif,Jul 3,"En BanBif creemos en un mundo donde ningún perrito esté solo. Por eso, fuimos parte de la Patatón 2025, una jornada llena de amor y esperanza para los peluditos que buscan familia.🐶✨
👉 banbif.com.pe/Personas/Fondo…",1,0,0,0,65
2025-07-11 21:19:17,BanBif,Jul 1,"Hay cosas que no funcionan solas...
Pero en tus finanzas si, con tu dúo genial 💪💰👉 Cuenta Ahorro Genial + Cuenta Ahorro Digital de BanBif. Una te da chance de ganar S/50,000, la otra te paga más por ahorrar.

Más info: banbif.com.pe/duo-genial",0,0,0,0,56
2025-07-11 21:19:17,BanBif,Jul 1,"🔒 Recuerda: protege tus datos.​ 👀 Lo que compartes en redes puede poner en riesgo tu seguridad financiera.​ ¡Que no te sorprendan!​

#BanBif #Banco #NoMásFraudes",0,0,1,0,54
2025-07-11 21:19:17,BanBif,Jun 28,"🏠 Acciones que transforman vida.​​

36 voluntarios construyeron 05 nuevas viviendas junto a @Techo y Asociación IF, en la comunidad 17 de Marzo, San Juan de Miraflores. ​
🩵 Gracias por ser parte de la experiencia que suma futuro.​​

#BanBif #Banco #Techo #AsociaciónIF #Volunta",0,0,0,0,91
2025-07-11 21:19:17,BanBif,Jun 26,"Danitza trasladó su CTS a BanBif…y ahora no solo duerme tranquila, también tiene narrador que lo confirma. 😌🎙️

Porque cuando sabes qué es tu CTS y dónde tenerla, vives con más tranquilidad.

banbif.com.pe/Personas/Cuent…",0,1,2,0,79
2025-07-11 21:19:17,BanBif,Jun 26,"☁️ Todo gran sueño empieza con el simple hábito de ahorrar.​

Con tu Cuenta Ahorro Digital, cada sol cuenta: sin monto mínimo, sin mantenimiento y una TREA promocional de 4% en soles.​
​
📍 Más información: banbif.com.pe/Personas/Cuent…​

#BanBif #Banco #CuentaAhorroDigital",0,0,0,0,171
2025-07-11 21:19:17,BanBif,Jun 26,"Encontrar tu match perfecto es más fácil cuando se trata de ahorrar ✨🌺​

Abre tu Dúo Genial en BanBif y podrías ganar S/50,000, acceder a más de 100 descuentos exclusivos con ClubHOLA, y una tasa de 4.3% TREA en soles.​

👉 banbif.com.pe/duo-genial",0,0,0,0,52
2025-07-11 21:19:17,BanBif,Jun 24,"Con el programa de beneficios #ClubHola, consigue descuentos exclusivos en tus marcas favoritas como Crepier y disfruta de muchos más. Además, accede gratis al contenido digital de El Comercio. ¡Y repite las veces que quieras! Más info en 👉 clubhola.pe",0,0,0,0,39
2025-07-11 21:19:17,BanBif,Jun 24,"🩵Pequeños aprendizajes que transforman futuros.​
​
☝️🥸 Con Enseña Perú, llevamos educación financiera a los niños de Ica.​
​
#BanBif #Banco #Voluntariado #EnseñaPeru",0,0,0,0,55
2025-07-11 21:19:17,BanBif,Jun 23,"😔 Hay cosas que no vuelven, que tu plata no sea una de ellas. ​
​
📲 Usa Plin desde tu BanBif App.​
​
📍Conoce más en: banbif.com.pe/bancadigital​
​
#Banco #BanBif",0,0,1,0,167
2025-07-11 21:19:17,BanBif,Jun 19,"🐶 Este año nos volvemos a sumar a la #Patatón2025
Un evento que abre puertas y corazones para que más perritos encuentren un hogar lleno de amor.

Los esperamos:
📅 Fecha: Sábado 28 y domingo 29
⏰ Hora: 10:00 a.m.

📍 Circuito Mágico del Agua – Puerta 4 ¡INGRESO LIBRE!",0,1,1,0,82
2025-07-11 21:19:17,BanBif,Jun 16,"😉 A veces solo necesitas un antojo, y los descuentos del ClubHOLA, para alegrarte el día.​

📍Más información aquí: clubhola.pe​

#BanBif #Banco #ClubHOLA",0,1,0,0,62
2025-07-11 21:19:17,BanBif,Jun 13,"Esta vez, quisimos escuchar a nuestros papis en BanBif. Ellos nos recordaron que ser papá es dejar huella todos los días: en casa, en el trabajo y en cada momento compartido. 👔 ¡Gracias por estar siempre presentes y por enseñar con amor y compromiso! #BanBif",0,0,0,0,59
2025-07-11 21:19:17,BanBif,Jun 13,"📅 Olvídate del viernes 13.​
​
Con HOLACambio$ desde tu BanBif App:​
​
✅ Cambia dólares a soles (y viceversa 🔁)​
✅ Rápido, seguro y 100% digital​
✅ Un tipo de cambio preferencial​

📍Más información aquí: banbif.com.pe/bancadigital​
​
#Banco #BanBif #HolaCambio$",1,0,1,0,288
2025-07-11 22:19:17,BanBif,5 h,"¿Enfermo? No exactamente...​
Solo tengo viajitis aguda.🏖️🕶️​
Y la única receta es:​
✔️ Sol​
✔️ Descanso​
✔️ Y descuentos ilimitados con ClubHOLA​

ClubHOLA: tú pon la excusa, nosotros los destinos. ✈️​
Más información en clubhola.pe​
#ClubHola #DescuentosConEstilo",0,0,0,0,13
2025-07-11 22:19:17,BanBif,6 h,"🐶 Activa tu instinto protector.
✨Con tu Seguro Pet Lover, el seguro para ti con beneficios para tu mascota, tu engreído cuenta con protección, asistencia y beneficios exclusivos.
📷 banbif.com.pe/Personas/Fondo…",0,0,1,0,25
2025-07-11 22:19:17,BanBif,6 h,"📅 ¿Cuál es el calendario de tu Tarjeta de Crédito?​ Este es clave para organizarte y sacarle el máximo provecho.🧠💳 
✅ Conoce tu ciclo de facturación y pago ​
✅ Planifica ​
✅ Usa tu tarjeta y aprovecha sus beneficios 
#BanBif #EducaciónFinanciera #TuTarjetaTuControl",0,0,0,0,21
2025-07-11 22:19:17,BanBif,Jul 9,"🎁 Cuando le compras un regalo a tu bestie… pero eres cero buena guardando secretos.😂
Así como ella no puede ocultarlo, nosotros tampoco.
Con nuestra Cuenta Ahorro Digital, no hay cobros escondidos.
👉 banbif.com.pe/Personas/Cuent…",0,0,0,0,30
2025-07-11 22:19:17,BanBif,Jul 7,"Tu familia no es un cajero automático, pero nosotros sí podemos ayudarte.💸 Solicita tu Préstamo Efectivo en BanBif y accede a ese dinero que necesitas, al instante.
👉 banbif.com.pe/Home/Personas/…",0,0,0,0,74
2025-07-11 22:19:17,BanBif,Jul 4,"¿Te dicen “NOOOO” cada vez que pides el carro?​
Es momento de manejar el tuyo, con nuestro Préstamo Vehicular BanBif, tener tu auto es más fácil de lo que crees.​
​
Más info aquí: banbif.com.pe/Personas/Prest….​

#AutoPropioYa #BanBif #PréstamoVehicular",0,0,0,0,64
2025-07-11 22:19:17,BanBif,Jul 3,"En BanBif creemos en un mundo donde ningún perrito esté solo. Por eso, fuimos parte de la Patatón 2025, una jornada llena de amor y esperanza para los peluditos que buscan familia.🐶✨
👉 banbif.com.pe/Personas/Fondo…",1,0,0,0,65
2025-07-11 22:19:17,BanBif,Jul 1,"Hay cosas que no funcionan solas...
Pero en tus finanzas si, con tu dúo genial 💪💰👉 Cuenta Ahorro Genial + Cuenta Ahorro Digital de BanBif. Una te da chance de ganar S/50,000, la otra te paga más por ahorrar.

Más info: banbif.com.pe/duo-genial",0,0,0,0,56
2025-07-11 22:19:17,BanBif,Jul 1,"🔒 Recuerda: protege tus datos.​ 👀 Lo que compartes en redes puede poner en riesgo tu seguridad financiera.​ ¡Que no te sorprendan!​

#BanBif #Banco #NoMásFraudes",0,0,1,0,54
2025-07-11 22:19:17,BanBif,Jun 28,"🏠 Acciones que transforman vida.​​

36 voluntarios construyeron 05 nuevas viviendas junto a @Techo y Asociación IF, en la comunidad 17 de Marzo, San Juan de Miraflores. ​
🩵 Gracias por ser parte de la experiencia que suma futuro.​​

#BanBif #Banco #Techo #AsociaciónIF #Volunta",0,0,0,0,92
2025-07-11 22:19:17,BanBif,Jun 26,"Danitza trasladó su CTS a BanBif…y ahora no solo duerme tranquila, también tiene narrador que lo confirma. 😌🎙️

Porque cuando sabes qué es tu CTS y dónde tenerla, vives con más tranquilidad.

banbif.com.pe/Personas/Cuent…",0,1,2,0,79
2025-07-11 22:19:17,BanBif,Jun 26,"☁️ Todo gran sueño empieza con el simple hábito de ahorrar.​

Con tu Cuenta Ahorro Digital, cada sol cuenta: sin monto mínimo, sin mantenimiento y una TREA promocional de 4% en soles.​
​
📍 Más información: banbif.com.pe/Personas/Cuent…​

#BanBif #Banco #CuentaAhorroDigital",0,0,0,0,171
2025-07-11 22:19:17,BanBif,Jun 26,"Encontrar tu match perfecto es más fácil cuando se trata de ahorrar ✨🌺​

Abre tu Dúo Genial en BanBif y podrías ganar S/50,000, acceder a más de 100 descuentos exclusivos con ClubHOLA, y una tasa de 4.3% TREA en soles.​

👉 banbif.com.pe/duo-genial",0,0,0,0,52
2025-07-11 22:19:17,BanBif,Jun 24,"Con el programa de beneficios #ClubHola, consigue descuentos exclusivos en tus marcas favoritas como Crepier y disfruta de muchos más. Además, accede gratis al contenido digital de El Comercio. ¡Y repite las veces que quieras! Más info en 👉 clubhola.pe",0,0,0,0,39
2025-07-11 22:19:17,BanBif,Jun 24,"🩵Pequeños aprendizajes que transforman futuros.​
​
☝️🥸 Con Enseña Perú, llevamos educación financiera a los niños de Ica.​
​
#BanBif #Banco #Voluntariado #EnseñaPeru",0,0,0,0,55
2025-07-11 22:19:17,BanBif,Jun 23,"😔 Hay cosas que no vuelven, que tu plata no sea una de ellas. ​
​
📲 Usa Plin desde tu BanBif App.​
​
📍Conoce más en: banbif.com.pe/bancadigital​
​
#Banco #BanBif",0,0,1,0,167
2025-07-11 22:19:17,BanBif,Jun 19,"🐶 Este año nos volvemos a sumar a la #Patatón2025
Un evento que abre puertas y corazones para que más perritos encuentren un hogar lleno de amor.

Los esperamos:
📅 Fecha: Sábado 28 y domingo 29
⏰ Hora: 10:00 a.m.

📍 Circuito Mágico del Agua – Puerta 4 ¡INGRESO LIBRE!",0,1,1,0,82
2025-07-11 22:19:17,BanBif,Jun 16,"😉 A veces solo necesitas un antojo, y los descuentos del ClubHOLA, para alegrarte el día.​

📍Más información aquí: clubhola.pe​

#BanBif #Banco #ClubHOLA",0,1,0,0,62
2025-07-11 22:19:17,BanBif,Jun 13,"Esta vez, quisimos escuchar a nuestros papis en BanBif. Ellos nos recordaron que ser papá es dejar huella todos los días: en casa, en el trabajo y en cada momento compartido. 👔 ¡Gracias por estar siempre presentes y por enseñar con amor y compromiso! #BanBif",0,0,0,0,59
2025-07-11 22:19:17,BanBif,Jun 13,"📅 Olvídate del viernes 13.​
​
Con HOLACambio$ desde tu BanBif App:​
​
✅ Cambia dólares a soles (y viceversa 🔁)​
✅ Rápido, seguro y 100% digital​
✅ Un tipo de cambio preferencial​

📍Más información aquí: banbif.com.pe/bancadigital​
​
#Banco #BanBif #HolaCambio$",1,0,1,0,288
2025-07-11 23:19:19,BanBif,6 h,"¿Enfermo? No exactamente...​
Solo tengo viajitis aguda.🏖️🕶️​
Y la única receta es:​
✔️ Sol​
✔️ Descanso​
✔️ Y descuentos ilimitados con ClubHOLA​

ClubHOLA: tú pon la excusa, nosotros los destinos. ✈️​
Más información en clubhola.pe​
#ClubHola #DescuentosConEstilo",0,0,0,0,13
2025-07-11 23:19:19,BanBif,7 h,"🐶 Activa tu instinto protector.
✨Con tu Seguro Pet Lover, el seguro para ti con beneficios para tu mascota, tu engreído cuenta con protección, asistencia y beneficios exclusivos.
📷 banbif.com.pe/Personas/Fondo…",0,0,1,0,25
2025-07-11 23:19:19,BanBif,7 h,"📅 ¿Cuál es el calendario de tu Tarjeta de Crédito?​ Este es clave para organizarte y sacarle el máximo provecho.🧠💳 
✅ Conoce tu ciclo de facturación y pago ​
✅ Planifica ​
✅ Usa tu tarjeta y aprovecha sus beneficios 
#BanBif #EducaciónFinanciera #TuTarjetaTuControl",0,0,0,0,21
2025-07-11 23:19:19,BanBif,Jul 9,"🎁 Cuando le compras un regalo a tu bestie… pero eres cero buena guardando secretos.😂
Así como ella no puede ocultarlo, nosotros tampoco.
Con nuestra Cuenta Ahorro Digital, no hay cobros escondidos.
👉 banbif.com.pe/Personas/Cuent…",0,0,0,0,30
2025-07-11 23:19:19,BanBif,Jul 7,"Tu familia no es un cajero automático, pero nosotros sí podemos ayudarte.💸 Solicita tu Préstamo Efectivo en BanBif y accede a ese dinero que necesitas, al instante.
👉 banbif.com.pe/Home/Personas/…",0,0,0,0,74
2025-07-11 23:19:19,BanBif,Jul 4,"¿Te dicen “NOOOO” cada vez que pides el carro?​
Es momento de manejar el tuyo, con nuestro Préstamo Vehicular BanBif, tener tu auto es más fácil de lo que crees.​
​
Más info aquí: banbif.com.pe/Personas/Prest….​

#AutoPropioYa #BanBif #PréstamoVehicular",0,0,0,0,64
2025-07-11 23:19:19,BanBif,Jul 3,"En BanBif creemos en un mundo donde ningún perrito esté solo. Por eso, fuimos parte de la Patatón 2025, una jornada llena de amor y esperanza para los peluditos que buscan familia.🐶✨
👉 banbif.com.pe/Personas/Fondo…",1,0,0,0,65
2025-07-11 23:19:19,BanBif,Jul 1,"Hay cosas que no funcionan solas...
Pero en tus finanzas si, con tu dúo genial 💪💰👉 Cuenta Ahorro Genial + Cuenta Ahorro Digital de BanBif. Una te da chance de ganar S/50,000, la otra te paga más por ahorrar.

Más info: banbif.com.pe/duo-genial",0,0,0,0,56
2025-07-11 23:19:19,BanBif,Jul 1,"🔒 Recuerda: protege tus datos.​ 👀 Lo que compartes en redes puede poner en riesgo tu seguridad financiera.​ ¡Que no te sorprendan!​

#BanBif #Banco #NoMásFraudes",0,0,1,0,54
2025-07-11 23:19:19,BanBif,Jun 28,"🏠 Acciones que transforman vida.​​

36 voluntarios construyeron 05 nuevas viviendas junto a @Techo y Asociación IF, en la comunidad 17 de Marzo, San Juan de Miraflores. ​
🩵 Gracias por ser parte de la experiencia que suma futuro.​​

#BanBif #Banco #Techo #AsociaciónIF #Volunta",0,0,0,0,92
2025-07-11 23:19:19,BanBif,Jun 26,"Danitza trasladó su CTS a BanBif…y ahora no solo duerme tranquila, también tiene narrador que lo confirma. 😌🎙️

Porque cuando sabes qué es tu CTS y dónde tenerla, vives con más tranquilidad.

banbif.com.pe/Personas/Cuent…",0,1,2,0,79
2025-07-11 23:19:19,BanBif,Jun 26,"☁️ Todo gran sueño empieza con el simple hábito de ahorrar.​

Con tu Cuenta Ahorro Digital, cada sol cuenta: sin monto mínimo, sin mantenimiento y una TREA promocional de 4% en soles.​
​
📍 Más información: banbif.com.pe/Personas/Cuent…​

#BanBif #Banco #CuentaAhorroDigital",0,0,0,0,171
2025-07-11 23:19:19,BanBif,Jun 26,"Encontrar tu match perfecto es más fácil cuando se trata de ahorrar ✨🌺​

Abre tu Dúo Genial en BanBif y podrías ganar S/50,000, acceder a más de 100 descuentos exclusivos con ClubHOLA, y una tasa de 4.3% TREA en soles.​

👉 banbif.com.pe/duo-genial",0,0,0,0,52
2025-07-11 23:19:19,BanBif,Jun 24,"Con el programa de beneficios #ClubHola, consigue descuentos exclusivos en tus marcas favoritas como Crepier y disfruta de muchos más. Además, accede gratis al contenido digital de El Comercio. ¡Y repite las veces que quieras! Más info en 👉 clubhola.pe",0,0,0,0,39
2025-07-11 23:19:19,BanBif,Jun 24,"🩵Pequeños aprendizajes que transforman futuros.​
​
☝️🥸 Con Enseña Perú, llevamos educación financiera a los niños de Ica.​
​
#BanBif #Banco #Voluntariado #EnseñaPeru",0,0,0,0,55
2025-07-11 23:19:19,BanBif,Jun 23,"😔 Hay cosas que no vuelven, que tu plata no sea una de ellas. ​
​
📲 Usa Plin desde tu BanBif App.​
​
📍Conoce más en: banbif.com.pe/bancadigital​
​
#Banco #BanBif",0,0,1,0,167
2025-07-11 23:19:19,BanBif,Jun 19,"🐶 Este año nos volvemos a sumar a la #Patatón2025
Un evento que abre puertas y corazones para que más perritos encuentren un hogar lleno de amor.

Los esperamos:
📅 Fecha: Sábado 28 y domingo 29
⏰ Hora: 10:00 a.m.

📍 Circuito Mágico del Agua – Puerta 4 ¡INGRESO LIBRE!",0,1,1,0,82
2025-07-11 23:19:19,BanBif,Jun 16,"😉 A veces solo necesitas un antojo, y los descuentos del ClubHOLA, para alegrarte el día.​

📍Más información aquí: clubhola.pe​

#BanBif #Banco #ClubHOLA",0,1,0,0,62
2025-07-11 23:19:19,BanBif,Jun 13,"Esta vez, quisimos escuchar a nuestros papis en BanBif. Ellos nos recordaron que ser papá es dejar huella todos los días: en casa, en el trabajo y en cada momento compartido. 👔 ¡Gracias por estar siempre presentes y por enseñar con amor y compromiso! #BanBif",0,0,0,0,59
2025-07-11 23:19:19,BanBif,Jun 13,"📅 Olvídate del viernes 13.​
​
Con HOLACambio$ desde tu BanBif App:​
​
✅ Cambia dólares a soles (y viceversa 🔁)​
✅ Rápido, seguro y 100% digital​
✅ Un tipo de cambio preferencial​

📍Más información aquí: banbif.com.pe/bancadigital​
​
#Banco #BanBif #HolaCambio$",1,0,1,0,288
2025-07-12 01:45:21,BanBif,8 h,"¿Enfermo? No exactamente...​
Solo tengo viajitis aguda.🏖️🕶️​
Y la única receta es:​
✔️ Sol​
✔️ Descanso​
✔️ Y descuentos ilimitados con ClubHOLA​

ClubHOLA: tú pon la excusa, nosotros los destinos. ✈️​
Más información en clubhola.pe​
#ClubHola #DescuentosConEstilo",0,0,0,0,16
2025-07-12 01:45:21,BanBif,9 h,"🐶 Activa tu instinto protector.
✨Con tu Seguro Pet Lover, el seguro para ti con beneficios para tu mascota, tu engreído cuenta con protección, asistencia y beneficios exclusivos.
📷 banbif.com.pe/Personas/Fondo…",0,0,1,0,27
2025-07-12 01:45:21,BanBif,10 h,"📅 ¿Cuál es el calendario de tu Tarjeta de Crédito?​ Este es clave para organizarte y sacarle el máximo provecho.🧠💳 
✅ Conoce tu ciclo de facturación y pago ​
✅ Planifica ​
✅ Usa tu tarjeta y aprovecha sus beneficios 
#BanBif #EducaciónFinanciera #TuTarjetaTuControl",0,0,0,0,22
2025-07-12 01:45:21,BanBif,Jul 9,"🎁 Cuando le compras un regalo a tu bestie… pero eres cero buena guardando secretos.😂
Así como ella no puede ocultarlo, nosotros tampoco.
Con nuestra Cuenta Ahorro Digital, no hay cobros escondidos.
👉 banbif.com.pe/Personas/Cuent…",0,0,0,0,30
2025-07-12 01:45:21,BanBif,Jul 7,"Tu familia no es un cajero automático, pero nosotros sí podemos ayudarte.💸 Solicita tu Préstamo Efectivo en BanBif y accede a ese dinero que necesitas, al instante.
👉 banbif.com.pe/Home/Personas/…",0,0,0,0,76
2025-07-12 01:45:21,BanBif,Jul 4,"¿Te dicen “NOOOO” cada vez que pides el carro?​
Es momento de manejar el tuyo, con nuestro Préstamo Vehicular BanBif, tener tu auto es más fácil de lo que crees.​
​
Más info aquí: banbif.com.pe/Personas/Prest….​

#AutoPropioYa #BanBif #PréstamoVehicular",0,0,0,0,64
2025-07-12 01:45:21,BanBif,Jul 3,"En BanBif creemos en un mundo donde ningún perrito esté solo. Por eso, fuimos parte de la Patatón 2025, una jornada llena de amor y esperanza para los peluditos que buscan familia.🐶✨
👉 banbif.com.pe/Personas/Fondo…",1,0,0,0,65
2025-07-12 01:45:21,BanBif,Jul 1,"Hay cosas que no funcionan solas...
Pero en tus finanzas si, con tu dúo genial 💪💰👉 Cuenta Ahorro Genial + Cuenta Ahorro Digital de BanBif. Una te da chance de ganar S/50,000, la otra te paga más por ahorrar.

Más info: banbif.com.pe/duo-genial",0,0,0,0,56
2025-07-12 01:45:21,BanBif,Jul 1,"🔒 Recuerda: protege tus datos.​ 👀 Lo que compartes en redes puede poner en riesgo tu seguridad financiera.​ ¡Que no te sorprendan!​

#BanBif #Banco #NoMásFraudes",0,0,1,0,54
2025-07-12 01:45:21,BanBif,Jun 28,"🏠 Acciones que transforman vida.​​

36 voluntarios construyeron 05 nuevas viviendas junto a @Techo y Asociación IF, en la comunidad 17 de Marzo, San Juan de Miraflores. ​
🩵 Gracias por ser parte de la experiencia que suma futuro.​​

#BanBif #Banco #Techo #AsociaciónIF #Volunta",0,0,0,0,92
2025-07-12 01:45:21,BanBif,Jun 26,"Danitza trasladó su CTS a BanBif…y ahora no solo duerme tranquila, también tiene narrador que lo confirma. 😌🎙️

Porque cuando sabes qué es tu CTS y dónde tenerla, vives con más tranquilidad.

banbif.com.pe/Personas/Cuent…",0,1,2,0,79
2025-07-12 01:45:21,BanBif,Jun 26,"☁️ Todo gran sueño empieza con el simple hábito de ahorrar.​

Con tu Cuenta Ahorro Digital, cada sol cuenta: sin monto mínimo, sin mantenimiento y una TREA promocional de 4% en soles.​
​
📍 Más información: banbif.com.pe/Personas/Cuent…​

#BanBif #Banco #CuentaAhorroDigital",0,0,0,0,171
2025-07-12 01:45:21,BanBif,Jun 26,"Encontrar tu match perfecto es más fácil cuando se trata de ahorrar ✨🌺​

Abre tu Dúo Genial en BanBif y podrías ganar S/50,000, acceder a más de 100 descuentos exclusivos con ClubHOLA, y una tasa de 4.3% TREA en soles.​

👉 banbif.com.pe/duo-genial",0,0,0,0,52
2025-07-12 01:45:21,BanBif,Jun 24,"Con el programa de beneficios #ClubHola, consigue descuentos exclusivos en tus marcas favoritas como Crepier y disfruta de muchos más. Además, accede gratis al contenido digital de El Comercio. ¡Y repite las veces que quieras! Más info en 👉 clubhola.pe",0,0,0,0,39
2025-07-12 01:45:21,BanBif,Jun 24,"🩵Pequeños aprendizajes que transforman futuros.​
​
☝️🥸 Con Enseña Perú, llevamos educación financiera a los niños de Ica.​
​
#BanBif #Banco #Voluntariado #EnseñaPeru",0,0,0,0,55
2025-07-12 01:45:21,BanBif,Jun 23,"😔 Hay cosas que no vuelven, que tu plata no sea una de ellas. ​
​
📲 Usa Plin desde tu BanBif App.​
​
📍Conoce más en: banbif.com.pe/bancadigital​
​
#Banco #BanBif",0,0,1,0,167
2025-07-12 01:45:21,BanBif,Jun 19,"🐶 Este año nos volvemos a sumar a la #Patatón2025
Un evento que abre puertas y corazones para que más perritos encuentren un hogar lleno de amor.

Los esperamos:
📅 Fecha: Sábado 28 y domingo 29
⏰ Hora: 10:00 a.m.

📍 Circuito Mágico del Agua – Puerta 4 ¡INGRESO LIBRE!",0,1,1,0,82
2025-07-12 01:45:21,BanBif,Jun 16,"😉 A veces solo necesitas un antojo, y los descuentos del ClubHOLA, para alegrarte el día.​

📍Más información aquí: clubhola.pe​

#BanBif #Banco #ClubHOLA",0,1,0,0,62
2025-07-12 01:45:21,BanBif,Jun 13,"Esta vez, quisimos escuchar a nuestros papis en BanBif. Ellos nos recordaron que ser papá es dejar huella todos los días: en casa, en el trabajo y en cada momento compartido. 👔 ¡Gracias por estar siempre presentes y por enseñar con amor y compromiso! #BanBif",0,0,0,0,59
2025-07-12 01:45:21,BanBif,Jun 13,"📅 Olvídate del viernes 13.​
​
Con HOLACambio$ desde tu BanBif App:​
​
✅ Cambia dólares a soles (y viceversa 🔁)​
✅ Rápido, seguro y 100% digital​
✅ Un tipo de cambio preferencial​

📍Más información aquí: banbif.com.pe/bancadigital​
​
#Banco #BanBif #HolaCambio$",1,0,1,0,289
2025-07-12 03:25:49,BanBif,10 h,"¿Enfermo? No exactamente...​
Solo tengo viajitis aguda.🏖️🕶️​
Y la única receta es:​
✔️ Sol​
✔️ Descanso​
✔️ Y descuentos ilimitados con ClubHOLA​

ClubHOLA: tú pon la excusa, nosotros los destinos. ✈️​
Más información en clubhola.pe​
#ClubHola #DescuentosConEstilo",0,0,0,0,17
2025-07-12 03:25:49,BanBif,11 h,"🐶 Activa tu instinto protector.
✨Con tu Seguro Pet Lover, el seguro para ti con beneficios para tu mascota, tu engreído cuenta con protección, asistencia y beneficios exclusivos.
📷 banbif.com.pe/Personas/Fondo…",0,0,1,0,28
2025-07-12 03:25:49,BanBif,12 h,"📅 ¿Cuál es el calendario de tu Tarjeta de Crédito?​ Este es clave para organizarte y sacarle el máximo provecho.🧠💳 
✅ Conoce tu ciclo de facturación y pago ​
✅ Planifica ​
✅ Usa tu tarjeta y aprovecha sus beneficios 
#BanBif #EducaciónFinanciera #TuTarjetaTuControl",0,0,0,0,23
2025-07-12 03:25:49,BanBif,Jul 9,"🎁 Cuando le compras un regalo a tu bestie… pero eres cero buena guardando secretos.😂
Así como ella no puede ocultarlo, nosotros tampoco.
Con nuestra Cuenta Ahorro Digital, no hay cobros escondidos.
👉 banbif.com.pe/Personas/Cuent…",0,0,0,0,30
2025-07-12 03:25:49,BanBif,Jul 7,"Tu familia no es un cajero automático, pero nosotros sí podemos ayudarte.💸 Solicita tu Préstamo Efectivo en BanBif y accede a ese dinero que necesitas, al instante.
👉 banbif.com.pe/Home/Personas/…",0,0,0,0,76
2025-07-12 03:25:49,BanBif,Jul 4,"¿Te dicen “NOOOO” cada vez que pides el carro?​
Es momento de manejar el tuyo, con nuestro Préstamo Vehicular BanBif, tener tu auto es más fácil de lo que crees.​
​
Más info aquí: banbif.com.pe/Personas/Prest….​

#AutoPropioYa #BanBif #PréstamoVehicular",0,0,0,0,64
2025-07-12 03:25:49,BanBif,Jul 3,"En BanBif creemos en un mundo donde ningún perrito esté solo. Por eso, fuimos parte de la Patatón 2025, una jornada llena de amor y esperanza para los peluditos que buscan familia.🐶✨
👉 banbif.com.pe/Personas/Fondo…",1,0,0,0,65
2025-07-12 03:25:49,BanBif,Jul 1,"Hay cosas que no funcionan solas...
Pero en tus finanzas si, con tu dúo genial 💪💰👉 Cuenta Ahorro Genial + Cuenta Ahorro Digital de BanBif. Una te da chance de ganar S/50,000, la otra te paga más por ahorrar.

Más info: banbif.com.pe/duo-genial",0,0,0,0,56
2025-07-12 03:25:49,BanBif,Jul 1,"🔒 Recuerda: protege tus datos.​ 👀 Lo que compartes en redes puede poner en riesgo tu seguridad financiera.​ ¡Que no te sorprendan!​

#BanBif #Banco #NoMásFraudes",0,0,1,0,54
2025-07-12 03:25:49,BanBif,Jun 28,"🏠 Acciones que transforman vida.​​

36 voluntarios construyeron 05 nuevas viviendas junto a @Techo y Asociación IF, en la comunidad 17 de Marzo, San Juan de Miraflores. ​
🩵 Gracias por ser parte de la experiencia que suma futuro.​​

#BanBif #Banco #Techo #AsociaciónIF #Volunta",0,0,0,0,92
2025-07-12 03:25:49,BanBif,Jun 26,"Danitza trasladó su CTS a BanBif…y ahora no solo duerme tranquila, también tiene narrador que lo confirma. 😌🎙️

Porque cuando sabes qué es tu CTS y dónde tenerla, vives con más tranquilidad.

banbif.com.pe/Personas/Cuent…",0,1,2,0,79
2025-07-12 03:25:49,BanBif,Jun 26,"☁️ Todo gran sueño empieza con el simple hábito de ahorrar.​

Con tu Cuenta Ahorro Digital, cada sol cuenta: sin monto mínimo, sin mantenimiento y una TREA promocional de 4% en soles.​
​
📍 Más información: banbif.com.pe/Personas/Cuent…​

#BanBif #Banco #CuentaAhorroDigital",0,0,0,0,171
2025-07-12 03:25:49,BanBif,Jun 26,"Encontrar tu match perfecto es más fácil cuando se trata de ahorrar ✨🌺​

Abre tu Dúo Genial en BanBif y podrías ganar S/50,000, acceder a más de 100 descuentos exclusivos con ClubHOLA, y una tasa de 4.3% TREA en soles.​

👉 banbif.com.pe/duo-genial",0,0,0,0,52
2025-07-12 03:25:49,BanBif,Jun 24,"Con el programa de beneficios #ClubHola, consigue descuentos exclusivos en tus marcas favoritas como Crepier y disfruta de muchos más. Además, accede gratis al contenido digital de El Comercio. ¡Y repite las veces que quieras! Más info en 👉 clubhola.pe",0,0,0,0,39
2025-07-12 03:25:49,BanBif,Jun 24,"🩵Pequeños aprendizajes que transforman futuros.​
​
☝️🥸 Con Enseña Perú, llevamos educación financiera a los niños de Ica.​
​
#BanBif #Banco #Voluntariado #EnseñaPeru",0,0,0,0,55
2025-07-12 03:25:49,BanBif,Jun 23,"😔 Hay cosas que no vuelven, que tu plata no sea una de ellas. ​
​
📲 Usa Plin desde tu BanBif App.​
​
📍Conoce más en: banbif.com.pe/bancadigital​
​
#Banco #BanBif",0,0,1,0,167
2025-07-12 03:25:49,BanBif,Jun 19,"🐶 Este año nos volvemos a sumar a la #Patatón2025
Un evento que abre puertas y corazones para que más perritos encuentren un hogar lleno de amor.

Los esperamos:
📅 Fecha: Sábado 28 y domingo 29
⏰ Hora: 10:00 a.m.

📍 Circuito Mágico del Agua – Puerta 4 ¡INGRESO LIBRE!",0,1,1,0,82
2025-07-12 03:25:49,BanBif,Jun 16,"😉 A veces solo necesitas un antojo, y los descuentos del ClubHOLA, para alegrarte el día.​

📍Más información aquí: clubhola.pe​

#BanBif #Banco #ClubHOLA",0,1,0,0,62
2025-07-12 03:25:49,BanBif,Jun 13,"Esta vez, quisimos escuchar a nuestros papis en BanBif. Ellos nos recordaron que ser papá es dejar huella todos los días: en casa, en el trabajo y en cada momento compartido. 👔 ¡Gracias por estar siempre presentes y por enseñar con amor y compromiso! #BanBif",0,0,0,0,59
2025-07-12 03:25:49,BanBif,Jun 13,"📅 Olvídate del viernes 13.​
​
Con HOLACambio$ desde tu BanBif App:​
​
✅ Cambia dólares a soles (y viceversa 🔁)​
✅ Rápido, seguro y 100% digital​
✅ Un tipo de cambio preferencial​

📍Más información aquí: banbif.com.pe/bancadigital​
​
#Banco #BanBif #HolaCambio$",1,0,1,0,289
2025-07-12 04:31:00,BanBif,11 h,"¿Enfermo? No exactamente...​
Solo tengo viajitis aguda.🏖️🕶️​
Y la única receta es:​
✔️ Sol​
✔️ Descanso​
✔️ Y descuentos ilimitados con ClubHOLA​

ClubHOLA: tú pon la excusa, nosotros los destinos. ✈️​
Más información en clubhola.pe​
#ClubHola #DescuentosConEstilo",0,0,0,0,17
2025-07-12 04:31:00,BanBif,12 h,"🐶 Activa tu instinto protector.
✨Con tu Seguro Pet Lover, el seguro para ti con beneficios para tu mascota, tu engreído cuenta con protección, asistencia y beneficios exclusivos.
📷 banbif.com.pe/Personas/Fondo…",0,0,1,0,28
2025-07-12 04:31:00,BanBif,13 h,"📅 ¿Cuál es el calendario de tu Tarjeta de Crédito?​ Este es clave para organizarte y sacarle el máximo provecho.🧠💳 
✅ Conoce tu ciclo de facturación y pago ​
✅ Planifica ​
✅ Usa tu tarjeta y aprovecha sus beneficios 
#BanBif #EducaciónFinanciera #TuTarjetaTuControl",0,0,0,0,23
2025-07-12 04:31:00,BanBif,Jul 9,"🎁 Cuando le compras un regalo a tu bestie… pero eres cero buena guardando secretos.😂
Así como ella no puede ocultarlo, nosotros tampoco.
Con nuestra Cuenta Ahorro Digital, no hay cobros escondidos.
👉 banbif.com.pe/Personas/Cuent…",0,0,0,0,30
2025-07-12 04:31:00,BanBif,Jul 7,"Tu familia no es un cajero automático, pero nosotros sí podemos ayudarte.💸 Solicita tu Préstamo Efectivo en BanBif y accede a ese dinero que necesitas, al instante.
👉 banbif.com.pe/Home/Personas/…",0,0,0,0,76
2025-07-12 04:31:00,BanBif,Jul 4,"¿Te dicen “NOOOO” cada vez que pides el carro?​
Es momento de manejar el tuyo, con nuestro Préstamo Vehicular BanBif, tener tu auto es más fácil de lo que crees.​
​
Más info aquí: banbif.com.pe/Personas/Prest….​

#AutoPropioYa #BanBif #PréstamoVehicular",0,0,0,0,64
2025-07-12 04:31:00,BanBif,Jul 3,"En BanBif creemos en un mundo donde ningún perrito esté solo. Por eso, fuimos parte de la Patatón 2025, una jornada llena de amor y esperanza para los peluditos que buscan familia.🐶✨
👉 banbif.com.pe/Personas/Fondo…",1,0,0,0,65
2025-07-12 04:31:00,BanBif,Jul 1,"Hay cosas que no funcionan solas...
Pero en tus finanzas si, con tu dúo genial 💪💰👉 Cuenta Ahorro Genial + Cuenta Ahorro Digital de BanBif. Una te da chance de ganar S/50,000, la otra te paga más por ahorrar.

Más info: banbif.com.pe/duo-genial",0,0,0,0,56
2025-07-12 04:31:00,BanBif,Jul 1,"🔒 Recuerda: protege tus datos.​ 👀 Lo que compartes en redes puede poner en riesgo tu seguridad financiera.​ ¡Que no te sorprendan!​

#BanBif #Banco #NoMásFraudes",0,0,1,0,54
2025-07-12 04:31:00,BanBif,Jun 28,"🏠 Acciones que transforman vida.​​

36 voluntarios construyeron 05 nuevas viviendas junto a @Techo y Asociación IF, en la comunidad 17 de Marzo, San Juan de Miraflores. ​
🩵 Gracias por ser parte de la experiencia que suma futuro.​​

#BanBif #Banco #Techo #AsociaciónIF #Volunta",0,0,0,0,92
2025-07-12 04:31:00,BanBif,Jun 26,"Danitza trasladó su CTS a BanBif…y ahora no solo duerme tranquila, también tiene narrador que lo confirma. 😌🎙️

Porque cuando sabes qué es tu CTS y dónde tenerla, vives con más tranquilidad.

banbif.com.pe/Personas/Cuent…",0,1,2,0,79
2025-07-12 04:31:00,BanBif,Jun 26,"☁️ Todo gran sueño empieza con el simple hábito de ahorrar.​

Con tu Cuenta Ahorro Digital, cada sol cuenta: sin monto mínimo, sin mantenimiento y una TREA promocional de 4% en soles.​
​
📍 Más información: banbif.com.pe/Personas/Cuent…​

#BanBif #Banco #CuentaAhorroDigital",0,0,0,0,171
2025-07-12 04:31:00,BanBif,Jun 26,"Encontrar tu match perfecto es más fácil cuando se trata de ahorrar ✨🌺​

Abre tu Dúo Genial en BanBif y podrías ganar S/50,000, acceder a más de 100 descuentos exclusivos con ClubHOLA, y una tasa de 4.3% TREA en soles.​

👉 banbif.com.pe/duo-genial",0,0,0,0,52
2025-07-12 04:31:00,BanBif,Jun 24,"Con el programa de beneficios #ClubHola, consigue descuentos exclusivos en tus marcas favoritas como Crepier y disfruta de muchos más. Además, accede gratis al contenido digital de El Comercio. ¡Y repite las veces que quieras! Más info en 👉 clubhola.pe",0,0,0,0,39
2025-07-12 04:31:00,BanBif,Jun 24,"🩵Pequeños aprendizajes que transforman futuros.​
​
☝️🥸 Con Enseña Perú, llevamos educación financiera a los niños de Ica.​
​
#BanBif #Banco #Voluntariado #EnseñaPeru",0,0,0,0,55
2025-07-12 04:31:00,BanBif,Jun 23,"😔 Hay cosas que no vuelven, que tu plata no sea una de ellas. ​
​
📲 Usa Plin desde tu BanBif App.​
​
📍Conoce más en: banbif.com.pe/bancadigital​
​
#Banco #BanBif",0,0,1,0,167
2025-07-12 04:31:00,BanBif,Jun 19,"🐶 Este año nos volvemos a sumar a la #Patatón2025
Un evento que abre puertas y corazones para que más perritos encuentren un hogar lleno de amor.

Los esperamos:
📅 Fecha: Sábado 28 y domingo 29
⏰ Hora: 10:00 a.m.

📍 Circuito Mágico del Agua – Puerta 4 ¡INGRESO LIBRE!",0,1,1,0,82
2025-07-12 04:31:00,BanBif,Jun 16,"😉 A veces solo necesitas un antojo, y los descuentos del ClubHOLA, para alegrarte el día.​

📍Más información aquí: clubhola.pe​

#BanBif #Banco #ClubHOLA",0,1,0,0,62
2025-07-12 04:31:00,BanBif,Jun 13,"Esta vez, quisimos escuchar a nuestros papis en BanBif. Ellos nos recordaron que ser papá es dejar huella todos los días: en casa, en el trabajo y en cada momento compartido. 👔 ¡Gracias por estar siempre presentes y por enseñar con amor y compromiso! #BanBif",0,0,0,0,59
2025-07-12 04:31:00,BanBif,Jun 13,"📅 Olvídate del viernes 13.​
​
Con HOLACambio$ desde tu BanBif App:​
​
✅ Cambia dólares a soles (y viceversa 🔁)​
✅ Rápido, seguro y 100% digital​
✅ Un tipo de cambio preferencial​

📍Más información aquí: banbif.com.pe/bancadigital​
​
#Banco #BanBif #HolaCambio$",1,0,1,0,289
2025-07-12 05:20:13,BanBif,12 h,"¿Enfermo? No exactamente...​
Solo tengo viajitis aguda.🏖️🕶️​
Y la única receta es:​
✔️ Sol​
✔️ Descanso​
✔️ Y descuentos ilimitados con ClubHOLA​

ClubHOLA: tú pon la excusa, nosotros los destinos. ✈️​
Más información en clubhola.pe​
#ClubHola #DescuentosConEstilo",0,0,0,0,17
2025-07-12 05:20:13,BanBif,13 h,"🐶 Activa tu instinto protector.
✨Con tu Seguro Pet Lover, el seguro para ti con beneficios para tu mascota, tu engreído cuenta con protección, asistencia y beneficios exclusivos.
📷 banbif.com.pe/Personas/Fondo…",0,0,1,0,28
2025-07-12 05:20:13,BanBif,13 h,"📅 ¿Cuál es el calendario de tu Tarjeta de Crédito?​ Este es clave para organizarte y sacarle el máximo provecho.🧠💳 
✅ Conoce tu ciclo de facturación y pago ​
✅ Planifica ​
✅ Usa tu tarjeta y aprovecha sus beneficios 
#BanBif #EducaciónFinanciera #TuTarjetaTuControl",0,0,0,0,23
2025-07-12 05:20:13,BanBif,Jul 9,"🎁 Cuando le compras un regalo a tu bestie… pero eres cero buena guardando secretos.😂
Así como ella no puede ocultarlo, nosotros tampoco.
Con nuestra Cuenta Ahorro Digital, no hay cobros escondidos.
👉 banbif.com.pe/Personas/Cuent…",0,0,0,0,30
2025-07-12 05:20:13,BanBif,Jul 7,"Tu familia no es un cajero automático, pero nosotros sí podemos ayudarte.💸 Solicita tu Préstamo Efectivo en BanBif y accede a ese dinero que necesitas, al instante.
👉 banbif.com.pe/Home/Personas/…",0,0,0,0,77
2025-07-12 05:20:13,BanBif,Jul 4,"¿Te dicen “NOOOO” cada vez que pides el carro?​
Es momento de manejar el tuyo, con nuestro Préstamo Vehicular BanBif, tener tu auto es más fácil de lo que crees.​
​
Más info aquí: banbif.com.pe/Personas/Prest….​

#AutoPropioYa #BanBif #PréstamoVehicular",0,0,0,0,64
2025-07-12 05:20:13,BanBif,Jul 3,"En BanBif creemos en un mundo donde ningún perrito esté solo. Por eso, fuimos parte de la Patatón 2025, una jornada llena de amor y esperanza para los peluditos que buscan familia.🐶✨
👉 banbif.com.pe/Personas/Fondo…",1,0,0,0,65
2025-07-12 05:20:13,BanBif,Jul 1,"Hay cosas que no funcionan solas...
Pero en tus finanzas si, con tu dúo genial 💪💰👉 Cuenta Ahorro Genial + Cuenta Ahorro Digital de BanBif. Una te da chance de ganar S/50,000, la otra te paga más por ahorrar.

Más info: banbif.com.pe/duo-genial",0,0,0,0,56
2025-07-12 05:20:13,BanBif,Jul 1,"🔒 Recuerda: protege tus datos.​ 👀 Lo que compartes en redes puede poner en riesgo tu seguridad financiera.​ ¡Que no te sorprendan!​

#BanBif #Banco #NoMásFraudes",0,0,1,0,54
2025-07-12 05:20:13,BanBif,Jun 28,"🏠 Acciones que transforman vida.​​

36 voluntarios construyeron 05 nuevas viviendas junto a @Techo y Asociación IF, en la comunidad 17 de Marzo, San Juan de Miraflores. ​
🩵 Gracias por ser parte de la experiencia que suma futuro.​​

#BanBif #Banco #Techo #AsociaciónIF #Volunta",0,0,0,0,92
2025-07-12 05:20:13,BanBif,Jun 26,"Danitza trasladó su CTS a BanBif…y ahora no solo duerme tranquila, también tiene narrador que lo confirma. 😌🎙️

Porque cuando sabes qué es tu CTS y dónde tenerla, vives con más tranquilidad.

banbif.com.pe/Personas/Cuent…",0,1,2,0,79
2025-07-12 05:20:13,BanBif,Jun 26,"☁️ Todo gran sueño empieza con el simple hábito de ahorrar.​

Con tu Cuenta Ahorro Digital, cada sol cuenta: sin monto mínimo, sin mantenimiento y una TREA promocional de 4% en soles.​
​
📍 Más información: banbif.com.pe/Personas/Cuent…​

#BanBif #Banco #CuentaAhorroDigital",0,0,0,0,172
2025-07-12 05:20:13,BanBif,Jun 26,"Encontrar tu match perfecto es más fácil cuando se trata de ahorrar ✨🌺​

Abre tu Dúo Genial en BanBif y podrías ganar S/50,000, acceder a más de 100 descuentos exclusivos con ClubHOLA, y una tasa de 4.3% TREA en soles.​

👉 banbif.com.pe/duo-genial",0,0,0,0,52
2025-07-12 05:20:13,BanBif,Jun 24,"Con el programa de beneficios #ClubHola, consigue descuentos exclusivos en tus marcas favoritas como Crepier y disfruta de muchos más. Además, accede gratis al contenido digital de El Comercio. ¡Y repite las veces que quieras! Más info en 👉 clubhola.pe",0,0,0,0,39
2025-07-12 05:20:13,BanBif,Jun 24,"🩵Pequeños aprendizajes que transforman futuros.​
​
☝️🥸 Con Enseña Perú, llevamos educación financiera a los niños de Ica.​
​
#BanBif #Banco #Voluntariado #EnseñaPeru",0,0,0,0,55
2025-07-12 05:20:13,BanBif,Jun 23,"😔 Hay cosas que no vuelven, que tu plata no sea una de ellas. ​
​
📲 Usa Plin desde tu BanBif App.​
​
📍Conoce más en: banbif.com.pe/bancadigital​
​
#Banco #BanBif",0,0,1,0,167
2025-07-12 05:20:13,BanBif,Jun 19,"🐶 Este año nos volvemos a sumar a la #Patatón2025
Un evento que abre puertas y corazones para que más perritos encuentren un hogar lleno de amor.

Los esperamos:
📅 Fecha: Sábado 28 y domingo 29
⏰ Hora: 10:00 a.m.

📍 Circuito Mágico del Agua – Puerta 4 ¡INGRESO LIBRE!",0,1,1,0,82
2025-07-12 05:20:13,BanBif,Jun 16,"😉 A veces solo necesitas un antojo, y los descuentos del ClubHOLA, para alegrarte el día.​

📍Más información aquí: clubhola.pe​

#BanBif #Banco #ClubHOLA",0,1,0,0,62
2025-07-12 05:20:13,BanBif,Jun 13,"Esta vez, quisimos escuchar a nuestros papis en BanBif. Ellos nos recordaron que ser papá es dejar huella todos los días: en casa, en el trabajo y en cada momento compartido. 👔 ¡Gracias por estar siempre presentes y por enseñar con amor y compromiso! #BanBif",0,0,0,0,59
2025-07-12 05:20:13,BanBif,Jun 13,"📅 Olvídate del viernes 13.​
​
Con HOLACambio$ desde tu BanBif App:​
​
✅ Cambia dólares a soles (y viceversa 🔁)​
✅ Rápido, seguro y 100% digital​
✅ Un tipo de cambio preferencial​

📍Más información aquí: banbif.com.pe/bancadigital​
​
#Banco #BanBif #HolaCambio$",1,0,1,0,289
2025-07-12 06:28:02,BanBif,13 h,"¿Enfermo? No exactamente...​
Solo tengo viajitis aguda.🏖️🕶️​
Y la única receta es:​
✔️ Sol​
✔️ Descanso​
✔️ Y descuentos ilimitados con ClubHOLA​

ClubHOLA: tú pon la excusa, nosotros los destinos. ✈️​
Más información en clubhola.pe​
#ClubHola #DescuentosConEstilo",0,0,0,0,17
2025-07-12 06:28:02,BanBif,14 h,"🐶 Activa tu instinto protector.
✨Con tu Seguro Pet Lover, el seguro para ti con beneficios para tu mascota, tu engreído cuenta con protección, asistencia y beneficios exclusivos.
📷 banbif.com.pe/Personas/Fondo…",0,0,1,0,28
2025-07-12 06:28:02,BanBif,15 h,"📅 ¿Cuál es el calendario de tu Tarjeta de Crédito?​ Este es clave para organizarte y sacarle el máximo provecho.🧠💳 
✅ Conoce tu ciclo de facturación y pago ​
✅ Planifica ​
✅ Usa tu tarjeta y aprovecha sus beneficios 
#BanBif #EducaciónFinanciera #TuTarjetaTuControl",0,0,0,0,23
2025-07-12 06:28:02,BanBif,Jul 9,"🎁 Cuando le compras un regalo a tu bestie… pero eres cero buena guardando secretos.😂
Así como ella no puede ocultarlo, nosotros tampoco.
Con nuestra Cuenta Ahorro Digital, no hay cobros escondidos.
👉 banbif.com.pe/Personas/Cuent…",0,0,0,0,30
2025-07-12 06:28:02,BanBif,Jul 7,"Tu familia no es un cajero automático, pero nosotros sí podemos ayudarte.💸 Solicita tu Préstamo Efectivo en BanBif y accede a ese dinero que necesitas, al instante.
👉 banbif.com.pe/Home/Personas/…",0,0,0,0,77
2025-07-12 06:28:02,BanBif,Jul 4,"¿Te dicen “NOOOO” cada vez que pides el carro?​
Es momento de manejar el tuyo, con nuestro Préstamo Vehicular BanBif, tener tu auto es más fácil de lo que crees.​
​
Más info aquí: banbif.com.pe/Personas/Prest….​

#AutoPropioYa #BanBif #PréstamoVehicular",0,0,0,0,64
2025-07-12 06:28:02,BanBif,Jul 3,"En BanBif creemos en un mundo donde ningún perrito esté solo. Por eso, fuimos parte de la Patatón 2025, una jornada llena de amor y esperanza para los peluditos que buscan familia.🐶✨
👉 banbif.com.pe/Personas/Fondo…",1,0,0,0,65
2025-07-12 06:28:02,BanBif,Jul 1,"Hay cosas que no funcionan solas...
Pero en tus finanzas si, con tu dúo genial 💪💰👉 Cuenta Ahorro Genial + Cuenta Ahorro Digital de BanBif. Una te da chance de ganar S/50,000, la otra te paga más por ahorrar.

Más info: banbif.com.pe/duo-genial",0,0,0,0,56
2025-07-12 06:28:02,BanBif,Jul 1,"🔒 Recuerda: protege tus datos.​ 👀 Lo que compartes en redes puede poner en riesgo tu seguridad financiera.​ ¡Que no te sorprendan!​

#BanBif #Banco #NoMásFraudes",0,0,1,0,54
2025-07-12 06:28:02,BanBif,Jun 28,"🏠 Acciones que transforman vida.​​

36 voluntarios construyeron 05 nuevas viviendas junto a @Techo y Asociación IF, en la comunidad 17 de Marzo, San Juan de Miraflores. ​
🩵 Gracias por ser parte de la experiencia que suma futuro.​​

#BanBif #Banco #Techo #AsociaciónIF #Volunta",0,0,0,0,93
2025-07-12 06:28:02,BanBif,Jun 26,"Danitza trasladó su CTS a BanBif…y ahora no solo duerme tranquila, también tiene narrador que lo confirma. 😌🎙️

Porque cuando sabes qué es tu CTS y dónde tenerla, vives con más tranquilidad.

banbif.com.pe/Personas/Cuent…",0,1,2,0,79
2025-07-12 06:28:02,BanBif,Jun 26,"☁️ Todo gran sueño empieza con el simple hábito de ahorrar.​

Con tu Cuenta Ahorro Digital, cada sol cuenta: sin monto mínimo, sin mantenimiento y una TREA promocional de 4% en soles.​
​
📍 Más información: banbif.com.pe/Personas/Cuent…​

#BanBif #Banco #CuentaAhorroDigital",0,0,0,0,172
2025-07-12 06:28:02,BanBif,Jun 26,"Encontrar tu match perfecto es más fácil cuando se trata de ahorrar ✨🌺​

Abre tu Dúo Genial en BanBif y podrías ganar S/50,000, acceder a más de 100 descuentos exclusivos con ClubHOLA, y una tasa de 4.3% TREA en soles.​

👉 banbif.com.pe/duo-genial",0,0,0,0,52
2025-07-12 06:28:02,BanBif,Jun 24,"Con el programa de beneficios #ClubHola, consigue descuentos exclusivos en tus marcas favoritas como Crepier y disfruta de muchos más. Además, accede gratis al contenido digital de El Comercio. ¡Y repite las veces que quieras! Más info en 👉 clubhola.pe",0,0,0,0,39
2025-07-12 06:28:02,BanBif,Jun 24,"🩵Pequeños aprendizajes que transforman futuros.​
​
☝️🥸 Con Enseña Perú, llevamos educación financiera a los niños de Ica.​
​
#BanBif #Banco #Voluntariado #EnseñaPeru",0,0,0,0,55
2025-07-12 06:28:02,BanBif,Jun 23,"😔 Hay cosas que no vuelven, que tu plata no sea una de ellas. ​
​
📲 Usa Plin desde tu BanBif App.​
​
📍Conoce más en: banbif.com.pe/bancadigital​
​
#Banco #BanBif",0,0,1,0,167
2025-07-12 06:28:02,BanBif,Jun 19,"🐶 Este año nos volvemos a sumar a la #Patatón2025
Un evento que abre puertas y corazones para que más perritos encuentren un hogar lleno de amor.

Los esperamos:
📅 Fecha: Sábado 28 y domingo 29
⏰ Hora: 10:00 a.m.

📍 Circuito Mágico del Agua – Puerta 4 ¡INGRESO LIBRE!",0,1,1,0,82
2025-07-12 06:28:02,BanBif,Jun 16,"😉 A veces solo necesitas un antojo, y los descuentos del ClubHOLA, para alegrarte el día.​

📍Más información aquí: clubhola.pe​

#BanBif #Banco #ClubHOLA",0,1,0,0,62
2025-07-12 06:28:02,BanBif,Jun 13,"Esta vez, quisimos escuchar a nuestros papis en BanBif. Ellos nos recordaron que ser papá es dejar huella todos los días: en casa, en el trabajo y en cada momento compartido. 👔 ¡Gracias por estar siempre presentes y por enseñar con amor y compromiso! #BanBif",0,0,0,0,59
2025-07-12 06:28:02,BanBif,Jun 13,"📅 Olvídate del viernes 13.​
​
Con HOLACambio$ desde tu BanBif App:​
​
✅ Cambia dólares a soles (y viceversa 🔁)​
✅ Rápido, seguro y 100% digital​
✅ Un tipo de cambio preferencial​

📍Más información aquí: banbif.com.pe/bancadigital​
​
#Banco #BanBif #HolaCambio$",1,0,1,0,289
2025-07-12 07:18:56,BanBif,14 h,"¿Enfermo? No exactamente...​
Solo tengo viajitis aguda.🏖️🕶️​
Y la única receta es:​
✔️ Sol​
✔️ Descanso​
✔️ Y descuentos ilimitados con ClubHOLA​

ClubHOLA: tú pon la excusa, nosotros los destinos. ✈️​
Más información en clubhola.pe​
#ClubHola #DescuentosConEstilo",0,0,0,0,17
2025-07-12 07:18:56,BanBif,15 h,"🐶 Activa tu instinto protector.
✨Con tu Seguro Pet Lover, el seguro para ti con beneficios para tu mascota, tu engreído cuenta con protección, asistencia y beneficios exclusivos.
📷 banbif.com.pe/Personas/Fondo…",0,0,1,0,28
2025-07-12 07:18:56,BanBif,15 h,"📅 ¿Cuál es el calendario de tu Tarjeta de Crédito?​ Este es clave para organizarte y sacarle el máximo provecho.🧠💳 
✅ Conoce tu ciclo de facturación y pago ​
✅ Planifica ​
✅ Usa tu tarjeta y aprovecha sus beneficios 
#BanBif #EducaciónFinanciera #TuTarjetaTuControl",0,0,0,0,23
2025-07-12 07:18:56,BanBif,Jul 9,"🎁 Cuando le compras un regalo a tu bestie… pero eres cero buena guardando secretos.😂
Así como ella no puede ocultarlo, nosotros tampoco.
Con nuestra Cuenta Ahorro Digital, no hay cobros escondidos.
👉 banbif.com.pe/Personas/Cuent…",0,0,0,0,30
2025-07-12 07:18:56,BanBif,Jul 7,"Tu familia no es un cajero automático, pero nosotros sí podemos ayudarte.💸 Solicita tu Préstamo Efectivo en BanBif y accede a ese dinero que necesitas, al instante.
👉 banbif.com.pe/Home/Personas/…",0,0,0,0,78
2025-07-12 07:18:56,BanBif,Jul 4,"¿Te dicen “NOOOO” cada vez que pides el carro?​
Es momento de manejar el tuyo, con nuestro Préstamo Vehicular BanBif, tener tu auto es más fácil de lo que crees.​
​
Más info aquí: banbif.com.pe/Personas/Prest….​

#AutoPropioYa #BanBif #PréstamoVehicular",0,0,0,0,64
2025-07-12 07:18:56,BanBif,Jul 3,"En BanBif creemos en un mundo donde ningún perrito esté solo. Por eso, fuimos parte de la Patatón 2025, una jornada llena de amor y esperanza para los peluditos que buscan familia.🐶✨
👉 banbif.com.pe/Personas/Fondo…",1,0,0,0,65
2025-07-12 07:18:56,BanBif,Jul 1,"Hay cosas que no funcionan solas...
Pero en tus finanzas si, con tu dúo genial 💪💰👉 Cuenta Ahorro Genial + Cuenta Ahorro Digital de BanBif. Una te da chance de ganar S/50,000, la otra te paga más por ahorrar.

Más info: banbif.com.pe/duo-genial",0,0,0,0,56
2025-07-12 07:18:56,BanBif,Jul 1,"🔒 Recuerda: protege tus datos.​ 👀 Lo que compartes en redes puede poner en riesgo tu seguridad financiera.​ ¡Que no te sorprendan!​

#BanBif #Banco #NoMásFraudes",0,0,1,0,54
2025-07-12 07:18:56,BanBif,Jun 28,"🏠 Acciones que transforman vida.​​

36 voluntarios construyeron 05 nuevas viviendas junto a @Techo y Asociación IF, en la comunidad 17 de Marzo, San Juan de Miraflores. ​
🩵 Gracias por ser parte de la experiencia que suma futuro.​​

#BanBif #Banco #Techo #AsociaciónIF #Volunta",0,0,0,0,93
2025-07-12 07:18:56,BanBif,Jun 26,"Danitza trasladó su CTS a BanBif…y ahora no solo duerme tranquila, también tiene narrador que lo confirma. 😌🎙️

Porque cuando sabes qué es tu CTS y dónde tenerla, vives con más tranquilidad.

banbif.com.pe/Personas/Cuent…",0,1,2,0,79
2025-07-12 07:18:56,BanBif,Jun 26,"☁️ Todo gran sueño empieza con el simple hábito de ahorrar.​

Con tu Cuenta Ahorro Digital, cada sol cuenta: sin monto mínimo, sin mantenimiento y una TREA promocional de 4% en soles.​
​
📍 Más información: banbif.com.pe/Personas/Cuent…​

#BanBif #Banco #CuentaAhorroDigital",0,0,0,0,172
2025-07-12 07:18:56,BanBif,Jun 26,"Encontrar tu match perfecto es más fácil cuando se trata de ahorrar ✨🌺​

Abre tu Dúo Genial en BanBif y podrías ganar S/50,000, acceder a más de 100 descuentos exclusivos con ClubHOLA, y una tasa de 4.3% TREA en soles.​

👉 banbif.com.pe/duo-genial",0,0,0,0,52
2025-07-12 07:18:56,BanBif,Jun 24,"Con el programa de beneficios #ClubHola, consigue descuentos exclusivos en tus marcas favoritas como Crepier y disfruta de muchos más. Además, accede gratis al contenido digital de El Comercio. ¡Y repite las veces que quieras! Más info en 👉 clubhola.pe",0,0,0,0,39
2025-07-12 07:18:56,BanBif,Jun 24,"🩵Pequeños aprendizajes que transforman futuros.​
​
☝️🥸 Con Enseña Perú, llevamos educación financiera a los niños de Ica.​
​
#BanBif #Banco #Voluntariado #EnseñaPeru",0,0,0,0,55
2025-07-12 07:18:56,BanBif,Jun 23,"😔 Hay cosas que no vuelven, que tu plata no sea una de ellas. ​
​
📲 Usa Plin desde tu BanBif App.​
​
📍Conoce más en: banbif.com.pe/bancadigital​
​
#Banco #BanBif",0,0,1,0,167
2025-07-12 07:18:56,BanBif,Jun 19,"🐶 Este año nos volvemos a sumar a la #Patatón2025
Un evento que abre puertas y corazones para que más perritos encuentren un hogar lleno de amor.

Los esperamos:
📅 Fecha: Sábado 28 y domingo 29
⏰ Hora: 10:00 a.m.

📍 Circuito Mágico del Agua – Puerta 4 ¡INGRESO LIBRE!",0,1,1,0,82
2025-07-12 07:18:56,BanBif,Jun 16,"😉 A veces solo necesitas un antojo, y los descuentos del ClubHOLA, para alegrarte el día.​

📍Más información aquí: clubhola.pe​

#BanBif #Banco #ClubHOLA",0,1,0,0,62
2025-07-12 07:18:56,BanBif,Jun 13,"Esta vez, quisimos escuchar a nuestros papis en BanBif. Ellos nos recordaron que ser papá es dejar huella todos los días: en casa, en el trabajo y en cada momento compartido. 👔 ¡Gracias por estar siempre presentes y por enseñar con amor y compromiso! #BanBif",0,0,0,0,59
2025-07-12 07:18:56,BanBif,Jun 13,"📅 Olvídate del viernes 13.​
​
Con HOLACambio$ desde tu BanBif App:​
​
✅ Cambia dólares a soles (y viceversa 🔁)​
✅ Rápido, seguro y 100% digital​
✅ Un tipo de cambio preferencial​

📍Más información aquí: banbif.com.pe/bancadigital​
​
#Banco #BanBif #HolaCambio$",1,0,1,0,289
2025-07-12 08:24:16,BanBif,15 h,"¿Enfermo? No exactamente...​
Solo tengo viajitis aguda.🏖️🕶️​
Y la única receta es:​
✔️ Sol​
✔️ Descanso​
✔️ Y descuentos ilimitados con ClubHOLA​

ClubHOLA: tú pon la excusa, nosotros los destinos. ✈️​
Más información en clubhola.pe​
#ClubHola #DescuentosConEstilo",0,0,0,0,17
2025-07-12 08:24:16,BanBif,16 h,"🐶 Activa tu instinto protector.
✨Con tu Seguro Pet Lover, el seguro para ti con beneficios para tu mascota, tu engreído cuenta con protección, asistencia y beneficios exclusivos.
📷 banbif.com.pe/Personas/Fondo…",0,0,1,0,28
2025-07-12 08:24:16,BanBif,17 h,"📅 ¿Cuál es el calendario de tu Tarjeta de Crédito?​ Este es clave para organizarte y sacarle el máximo provecho.🧠💳 
✅ Conoce tu ciclo de facturación y pago ​
✅ Planifica ​
✅ Usa tu tarjeta y aprovecha sus beneficios 
#BanBif #EducaciónFinanciera #TuTarjetaTuControl",0,0,0,0,23
2025-07-12 08:24:16,BanBif,Jul 9,"🎁 Cuando le compras un regalo a tu bestie… pero eres cero buena guardando secretos.😂
Así como ella no puede ocultarlo, nosotros tampoco.
Con nuestra Cuenta Ahorro Digital, no hay cobros escondidos.
👉 banbif.com.pe/Personas/Cuent…",0,0,0,0,30
2025-07-12 08:24:16,BanBif,Jul 7,"Tu familia no es un cajero automático, pero nosotros sí podemos ayudarte.💸 Solicita tu Préstamo Efectivo en BanBif y accede a ese dinero que necesitas, al instante.
👉 banbif.com.pe/Home/Personas/…",0,0,0,0,78
2025-07-12 08:24:16,BanBif,Jul 4,"¿Te dicen “NOOOO” cada vez que pides el carro?​
Es momento de manejar el tuyo, con nuestro Préstamo Vehicular BanBif, tener tu auto es más fácil de lo que crees.​
​
Más info aquí: banbif.com.pe/Personas/Prest….​

#AutoPropioYa #BanBif #PréstamoVehicular",0,0,0,0,65
2025-07-12 08:24:16,BanBif,Jul 3,"En BanBif creemos en un mundo donde ningún perrito esté solo. Por eso, fuimos parte de la Patatón 2025, una jornada llena de amor y esperanza para los peluditos que buscan familia.🐶✨
👉 banbif.com.pe/Personas/Fondo…",1,0,0,0,65
2025-07-12 08:24:16,BanBif,Jul 1,"Hay cosas que no funcionan solas...
Pero en tus finanzas si, con tu dúo genial 💪💰👉 Cuenta Ahorro Genial + Cuenta Ahorro Digital de BanBif. Una te da chance de ganar S/50,000, la otra te paga más por ahorrar.

Más info: banbif.com.pe/duo-genial",0,0,0,0,56
2025-07-12 08:24:16,BanBif,Jul 1,"🔒 Recuerda: protege tus datos.​ 👀 Lo que compartes en redes puede poner en riesgo tu seguridad financiera.​ ¡Que no te sorprendan!​

#BanBif #Banco #NoMásFraudes",0,0,1,0,54
2025-07-12 08:24:16,BanBif,Jun 28,"🏠 Acciones que transforman vida.​​

36 voluntarios construyeron 05 nuevas viviendas junto a @Techo y Asociación IF, en la comunidad 17 de Marzo, San Juan de Miraflores. ​
🩵 Gracias por ser parte de la experiencia que suma futuro.​​

#BanBif #Banco #Techo #AsociaciónIF #Volunta",0,0,0,0,93
2025-07-12 08:24:16,BanBif,Jun 26,"Danitza trasladó su CTS a BanBif…y ahora no solo duerme tranquila, también tiene narrador que lo confirma. 😌🎙️

Porque cuando sabes qué es tu CTS y dónde tenerla, vives con más tranquilidad.

banbif.com.pe/Personas/Cuent…",0,1,2,0,79
2025-07-12 08:24:16,BanBif,Jun 26,"☁️ Todo gran sueño empieza con el simple hábito de ahorrar.​

Con tu Cuenta Ahorro Digital, cada sol cuenta: sin monto mínimo, sin mantenimiento y una TREA promocional de 4% en soles.​
​
📍 Más información: banbif.com.pe/Personas/Cuent…​

#BanBif #Banco #CuentaAhorroDigital",0,0,0,0,172
2025-07-12 08:24:16,BanBif,Jun 26,"Encontrar tu match perfecto es más fácil cuando se trata de ahorrar ✨🌺​

Abre tu Dúo Genial en BanBif y podrías ganar S/50,000, acceder a más de 100 descuentos exclusivos con ClubHOLA, y una tasa de 4.3% TREA en soles.​

👉 banbif.com.pe/duo-genial",0,0,0,0,52
2025-07-12 08:24:16,BanBif,Jun 24,"Con el programa de beneficios #ClubHola, consigue descuentos exclusivos en tus marcas favoritas como Crepier y disfruta de muchos más. Además, accede gratis al contenido digital de El Comercio. ¡Y repite las veces que quieras! Más info en 👉 clubhola.pe",0,0,0,0,39
2025-07-12 08:24:16,BanBif,Jun 24,"🩵Pequeños aprendizajes que transforman futuros.​
​
☝️🥸 Con Enseña Perú, llevamos educación financiera a los niños de Ica.​
​
#BanBif #Banco #Voluntariado #EnseñaPeru",0,0,0,0,55
2025-07-12 08:24:16,BanBif,Jun 23,"😔 Hay cosas que no vuelven, que tu plata no sea una de ellas. ​
​
📲 Usa Plin desde tu BanBif App.​
​
📍Conoce más en: banbif.com.pe/bancadigital​
​
#Banco #BanBif",0,0,1,0,167
2025-07-12 08:24:16,BanBif,Jun 19,"🐶 Este año nos volvemos a sumar a la #Patatón2025
Un evento que abre puertas y corazones para que más perritos encuentren un hogar lleno de amor.

Los esperamos:
📅 Fecha: Sábado 28 y domingo 29
⏰ Hora: 10:00 a.m.

📍 Circuito Mágico del Agua – Puerta 4 ¡INGRESO LIBRE!",0,1,1,0,82
2025-07-12 08:24:16,BanBif,Jun 16,"😉 A veces solo necesitas un antojo, y los descuentos del ClubHOLA, para alegrarte el día.​

📍Más información aquí: clubhola.pe​

#BanBif #Banco #ClubHOLA",0,1,0,0,62
2025-07-12 08:24:16,BanBif,Jun 13,"Esta vez, quisimos escuchar a nuestros papis en BanBif. Ellos nos recordaron que ser papá es dejar huella todos los días: en casa, en el trabajo y en cada momento compartido. 👔 ¡Gracias por estar siempre presentes y por enseñar con amor y compromiso! #BanBif",0,0,0,0,59
2025-07-12 08:24:16,BanBif,Jun 13,"📅 Olvídate del viernes 13.​
​
Con HOLACambio$ desde tu BanBif App:​
​
✅ Cambia dólares a soles (y viceversa 🔁)​
✅ Rápido, seguro y 100% digital​
✅ Un tipo de cambio preferencial​

📍Más información aquí: banbif.com.pe/bancadigital​
​
#Banco #BanBif #HolaCambio$",1,0,1,0,290
2025-07-12 09:19:42,BanBif,16 h,"¿Enfermo? No exactamente...​
Solo tengo viajitis aguda.🏖️🕶️​
Y la única receta es:​
✔️ Sol​
✔️ Descanso​
✔️ Y descuentos ilimitados con ClubHOLA​

ClubHOLA: tú pon la excusa, nosotros los destinos. ✈️​
Más información en clubhola.pe​
#ClubHola #DescuentosConEstilo",0,0,0,0,17
2025-07-12 09:19:42,BanBif,17 h,"🐶 Activa tu instinto protector.
✨Con tu Seguro Pet Lover, el seguro para ti con beneficios para tu mascota, tu engreído cuenta con protección, asistencia y beneficios exclusivos.
📷 banbif.com.pe/Personas/Fondo…",0,0,1,0,28
2025-07-12 09:19:42,BanBif,17 h,"📅 ¿Cuál es el calendario de tu Tarjeta de Crédito?​ Este es clave para organizarte y sacarle el máximo provecho.🧠💳 
✅ Conoce tu ciclo de facturación y pago ​
✅ Planifica ​
✅ Usa tu tarjeta y aprovecha sus beneficios 
#BanBif #EducaciónFinanciera #TuTarjetaTuControl",0,0,0,0,23
2025-07-12 09:19:42,BanBif,Jul 9,"🎁 Cuando le compras un regalo a tu bestie… pero eres cero buena guardando secretos.😂
Así como ella no puede ocultarlo, nosotros tampoco.
Con nuestra Cuenta Ahorro Digital, no hay cobros escondidos.
👉 banbif.com.pe/Personas/Cuent…",0,0,0,0,30
2025-07-12 09:19:42,BanBif,Jul 7,"Tu familia no es un cajero automático, pero nosotros sí podemos ayudarte.💸 Solicita tu Préstamo Efectivo en BanBif y accede a ese dinero que necesitas, al instante.
👉 banbif.com.pe/Home/Personas/…",0,0,0,0,78
2025-07-12 09:19:42,BanBif,Jul 4,"¿Te dicen “NOOOO” cada vez que pides el carro?​
Es momento de manejar el tuyo, con nuestro Préstamo Vehicular BanBif, tener tu auto es más fácil de lo que crees.​
​
Más info aquí: banbif.com.pe/Personas/Prest….​

#AutoPropioYa #BanBif #PréstamoVehicular",0,0,0,0,65
2025-07-12 09:19:42,BanBif,Jul 3,"En BanBif creemos en un mundo donde ningún perrito esté solo. Por eso, fuimos parte de la Patatón 2025, una jornada llena de amor y esperanza para los peluditos que buscan familia.🐶✨
👉 banbif.com.pe/Personas/Fondo…",1,0,0,0,65
2025-07-12 09:19:42,BanBif,Jul 1,"Hay cosas que no funcionan solas...
Pero en tus finanzas si, con tu dúo genial 💪💰👉 Cuenta Ahorro Genial + Cuenta Ahorro Digital de BanBif. Una te da chance de ganar S/50,000, la otra te paga más por ahorrar.

Más info: banbif.com.pe/duo-genial",0,0,0,0,56
2025-07-12 09:19:42,BanBif,Jul 1,"🔒 Recuerda: protege tus datos.​ 👀 Lo que compartes en redes puede poner en riesgo tu seguridad financiera.​ ¡Que no te sorprendan!​

#BanBif #Banco #NoMásFraudes",0,0,1,0,54
2025-07-12 09:19:42,BanBif,Jun 28,"🏠 Acciones que transforman vida.​​

36 voluntarios construyeron 05 nuevas viviendas junto a @Techo y Asociación IF, en la comunidad 17 de Marzo, San Juan de Miraflores. ​
🩵 Gracias por ser parte de la experiencia que suma futuro.​​

#BanBif #Banco #Techo #AsociaciónIF #Volunta",0,0,0,0,93
2025-07-12 09:19:42,BanBif,Jun 26,"Danitza trasladó su CTS a BanBif…y ahora no solo duerme tranquila, también tiene narrador que lo confirma. 😌🎙️

Porque cuando sabes qué es tu CTS y dónde tenerla, vives con más tranquilidad.

banbif.com.pe/Personas/Cuent…",0,1,2,0,79
2025-07-12 09:19:42,BanBif,Jun 26,"☁️ Todo gran sueño empieza con el simple hábito de ahorrar.​

Con tu Cuenta Ahorro Digital, cada sol cuenta: sin monto mínimo, sin mantenimiento y una TREA promocional de 4% en soles.​
​
📍 Más información: banbif.com.pe/Personas/Cuent…​

#BanBif #Banco #CuentaAhorroDigital",0,0,0,0,172
2025-07-12 09:19:42,BanBif,Jun 26,"Encontrar tu match perfecto es más fácil cuando se trata de ahorrar ✨🌺​

Abre tu Dúo Genial en BanBif y podrías ganar S/50,000, acceder a más de 100 descuentos exclusivos con ClubHOLA, y una tasa de 4.3% TREA en soles.​

👉 banbif.com.pe/duo-genial",0,0,0,0,52
2025-07-12 09:19:42,BanBif,Jun 24,"Con el programa de beneficios #ClubHola, consigue descuentos exclusivos en tus marcas favoritas como Crepier y disfruta de muchos más. Además, accede gratis al contenido digital de El Comercio. ¡Y repite las veces que quieras! Más info en 👉 clubhola.pe",0,0,0,0,39
2025-07-12 09:19:42,BanBif,Jun 24,"🩵Pequeños aprendizajes que transforman futuros.​
​
☝️🥸 Con Enseña Perú, llevamos educación financiera a los niños de Ica.​
​
#BanBif #Banco #Voluntariado #EnseñaPeru",0,0,0,0,55
2025-07-12 09:19:42,BanBif,Jun 23,"😔 Hay cosas que no vuelven, que tu plata no sea una de ellas. ​
​
📲 Usa Plin desde tu BanBif App.​
​
📍Conoce más en: banbif.com.pe/bancadigital​
​
#Banco #BanBif",0,0,1,0,167
2025-07-12 09:19:42,BanBif,Jun 19,"🐶 Este año nos volvemos a sumar a la #Patatón2025
Un evento que abre puertas y corazones para que más perritos encuentren un hogar lleno de amor.

Los esperamos:
📅 Fecha: Sábado 28 y domingo 29
⏰ Hora: 10:00 a.m.

📍 Circuito Mágico del Agua – Puerta 4 ¡INGRESO LIBRE!",0,1,1,0,82
2025-07-12 09:19:42,BanBif,Jun 16,"😉 A veces solo necesitas un antojo, y los descuentos del ClubHOLA, para alegrarte el día.​

📍Más información aquí: clubhola.pe​

#BanBif #Banco #ClubHOLA",0,1,0,0,62
2025-07-12 09:19:42,BanBif,Jun 13,"Esta vez, quisimos escuchar a nuestros papis en BanBif. Ellos nos recordaron que ser papá es dejar huella todos los días: en casa, en el trabajo y en cada momento compartido. 👔 ¡Gracias por estar siempre presentes y por enseñar con amor y compromiso! #BanBif",0,0,0,0,59
2025-07-12 09:19:42,BanBif,Jun 13,"📅 Olvídate del viernes 13.​
​
Con HOLACambio$ desde tu BanBif App:​
​
✅ Cambia dólares a soles (y viceversa 🔁)​
✅ Rápido, seguro y 100% digital​
✅ Un tipo de cambio preferencial​

📍Más información aquí: banbif.com.pe/bancadigital​
​
#Banco #BanBif #HolaCambio$",1,0,1,0,290
2025-07-12 10:19:43,BanBif,17 h,"¿Enfermo? No exactamente...​
Solo tengo viajitis aguda.🏖️🕶️​
Y la única receta es:​
✔️ Sol​
✔️ Descanso​
✔️ Y descuentos ilimitados con ClubHOLA​

ClubHOLA: tú pon la excusa, nosotros los destinos. ✈️​
Más información en clubhola.pe​
#ClubHola #DescuentosConEstilo",0,0,0,0,17
2025-07-12 10:19:43,BanBif,18 h,"🐶 Activa tu instinto protector.
✨Con tu Seguro Pet Lover, el seguro para ti con beneficios para tu mascota, tu engreído cuenta con protección, asistencia y beneficios exclusivos.
📷 banbif.com.pe/Personas/Fondo…",0,0,1,0,28
2025-07-12 10:19:43,BanBif,18 h,"📅 ¿Cuál es el calendario de tu Tarjeta de Crédito?​ Este es clave para organizarte y sacarle el máximo provecho.🧠💳 
✅ Conoce tu ciclo de facturación y pago ​
✅ Planifica ​
✅ Usa tu tarjeta y aprovecha sus beneficios 
#BanBif #EducaciónFinanciera #TuTarjetaTuControl",0,0,0,0,23
2025-07-12 10:19:43,BanBif,Jul 9,"🎁 Cuando le compras un regalo a tu bestie… pero eres cero buena guardando secretos.😂
Así como ella no puede ocultarlo, nosotros tampoco.
Con nuestra Cuenta Ahorro Digital, no hay cobros escondidos.
👉 banbif.com.pe/Personas/Cuent…",0,0,0,0,30
2025-07-12 10:19:43,BanBif,Jul 7,"Tu familia no es un cajero automático, pero nosotros sí podemos ayudarte.💸 Solicita tu Préstamo Efectivo en BanBif y accede a ese dinero que necesitas, al instante.
👉 banbif.com.pe/Home/Personas/…",0,0,0,0,78
2025-07-12 10:19:43,BanBif,Jul 4,"¿Te dicen “NOOOO” cada vez que pides el carro?​
Es momento de manejar el tuyo, con nuestro Préstamo Vehicular BanBif, tener tu auto es más fácil de lo que crees.​
​
Más info aquí: banbif.com.pe/Personas/Prest….​

#AutoPropioYa #BanBif #PréstamoVehicular",0,0,0,0,65
2025-07-12 10:19:43,BanBif,Jul 3,"En BanBif creemos en un mundo donde ningún perrito esté solo. Por eso, fuimos parte de la Patatón 2025, una jornada llena de amor y esperanza para los peluditos que buscan familia.🐶✨
👉 banbif.com.pe/Personas/Fondo…",1,0,0,0,65
2025-07-12 10:19:43,BanBif,Jul 1,"Hay cosas que no funcionan solas...
Pero en tus finanzas si, con tu dúo genial 💪💰👉 Cuenta Ahorro Genial + Cuenta Ahorro Digital de BanBif. Una te da chance de ganar S/50,000, la otra te paga más por ahorrar.

Más info: banbif.com.pe/duo-genial",0,0,0,0,56
2025-07-12 10:19:43,BanBif,Jul 1,"🔒 Recuerda: protege tus datos.​ 👀 Lo que compartes en redes puede poner en riesgo tu seguridad financiera.​ ¡Que no te sorprendan!​

#BanBif #Banco #NoMásFraudes",0,0,1,0,54
2025-07-12 10:19:43,BanBif,Jun 28,"🏠 Acciones que transforman vida.​​

36 voluntarios construyeron 05 nuevas viviendas junto a @Techo y Asociación IF, en la comunidad 17 de Marzo, San Juan de Miraflores. ​
🩵 Gracias por ser parte de la experiencia que suma futuro.​​

#BanBif #Banco #Techo #AsociaciónIF #Volunta",0,0,0,0,93
2025-07-12 10:19:43,BanBif,Jun 26,"Danitza trasladó su CTS a BanBif…y ahora no solo duerme tranquila, también tiene narrador que lo confirma. 😌🎙️

Porque cuando sabes qué es tu CTS y dónde tenerla, vives con más tranquilidad.

banbif.com.pe/Personas/Cuent…",0,1,2,0,79
2025-07-12 10:19:43,BanBif,Jun 26,"☁️ Todo gran sueño empieza con el simple hábito de ahorrar.​

Con tu Cuenta Ahorro Digital, cada sol cuenta: sin monto mínimo, sin mantenimiento y una TREA promocional de 4% en soles.​
​
📍 Más información: banbif.com.pe/Personas/Cuent…​

#BanBif #Banco #CuentaAhorroDigital",0,0,0,0,172
2025-07-12 10:19:43,BanBif,Jun 26,"Encontrar tu match perfecto es más fácil cuando se trata de ahorrar ✨🌺​

Abre tu Dúo Genial en BanBif y podrías ganar S/50,000, acceder a más de 100 descuentos exclusivos con ClubHOLA, y una tasa de 4.3% TREA en soles.​

👉 banbif.com.pe/duo-genial",0,0,0,0,52
2025-07-12 10:19:43,BanBif,Jun 24,"Con el programa de beneficios #ClubHola, consigue descuentos exclusivos en tus marcas favoritas como Crepier y disfruta de muchos más. Además, accede gratis al contenido digital de El Comercio. ¡Y repite las veces que quieras! Más info en 👉 clubhola.pe",0,0,0,0,39
2025-07-12 10:19:43,BanBif,Jun 24,"🩵Pequeños aprendizajes que transforman futuros.​
​
☝️🥸 Con Enseña Perú, llevamos educación financiera a los niños de Ica.​
​
#BanBif #Banco #Voluntariado #EnseñaPeru",0,0,0,0,55
2025-07-12 10:19:43,BanBif,Jun 23,"😔 Hay cosas que no vuelven, que tu plata no sea una de ellas. ​
​
📲 Usa Plin desde tu BanBif App.​
​
📍Conoce más en: banbif.com.pe/bancadigital​
​
#Banco #BanBif",0,0,1,0,167
2025-07-12 10:19:43,BanBif,Jun 19,"🐶 Este año nos volvemos a sumar a la #Patatón2025
Un evento que abre puertas y corazones para que más perritos encuentren un hogar lleno de amor.

Los esperamos:
📅 Fecha: Sábado 28 y domingo 29
⏰ Hora: 10:00 a.m.

📍 Circuito Mágico del Agua – Puerta 4 ¡INGRESO LIBRE!",0,1,1,0,82
2025-07-12 10:19:43,BanBif,Jun 16,"😉 A veces solo necesitas un antojo, y los descuentos del ClubHOLA, para alegrarte el día.​

📍Más información aquí: clubhola.pe​

#BanBif #Banco #ClubHOLA",0,1,0,0,62
2025-07-12 10:19:43,BanBif,Jun 13,"Esta vez, quisimos escuchar a nuestros papis en BanBif. Ellos nos recordaron que ser papá es dejar huella todos los días: en casa, en el trabajo y en cada momento compartido. 👔 ¡Gracias por estar siempre presentes y por enseñar con amor y compromiso! #BanBif",0,0,0,0,59
2025-07-12 10:19:43,BanBif,Jun 13,"📅 Olvídate del viernes 13.​
​
Con HOLACambio$ desde tu BanBif App:​
​
✅ Cambia dólares a soles (y viceversa 🔁)​
✅ Rápido, seguro y 100% digital​
✅ Un tipo de cambio preferencial​

📍Más información aquí: banbif.com.pe/bancadigital​
​
#Banco #BanBif #HolaCambio$",1,0,1,0,290
2025-07-12 11:16:58,BanBif,18 h,"¿Enfermo? No exactamente...​
Solo tengo viajitis aguda.🏖️🕶️​
Y la única receta es:​
✔️ Sol​
✔️ Descanso​
✔️ Y descuentos ilimitados con ClubHOLA​

ClubHOLA: tú pon la excusa, nosotros los destinos. ✈️​
Más información en clubhola.pe​
#ClubHola #DescuentosConEstilo",0,0,0,0,17
2025-07-12 11:16:58,BanBif,19 h,"🐶 Activa tu instinto protector.
✨Con tu Seguro Pet Lover, el seguro para ti con beneficios para tu mascota, tu engreído cuenta con protección, asistencia y beneficios exclusivos.
📷 banbif.com.pe/Personas/Fondo…",0,0,1,0,28
2025-07-12 11:16:58,BanBif,19 h,"📅 ¿Cuál es el calendario de tu Tarjeta de Crédito?​ Este es clave para organizarte y sacarle el máximo provecho.🧠💳 
✅ Conoce tu ciclo de facturación y pago ​
✅ Planifica ​
✅ Usa tu tarjeta y aprovecha sus beneficios 
#BanBif #EducaciónFinanciera #TuTarjetaTuControl",0,0,0,0,23
2025-07-12 11:16:58,BanBif,Jul 9,"🎁 Cuando le compras un regalo a tu bestie… pero eres cero buena guardando secretos.😂
Así como ella no puede ocultarlo, nosotros tampoco.
Con nuestra Cuenta Ahorro Digital, no hay cobros escondidos.
👉 banbif.com.pe/Personas/Cuent…",0,0,0,0,30
2025-07-12 11:16:58,BanBif,Jul 7,"Tu familia no es un cajero automático, pero nosotros sí podemos ayudarte.💸 Solicita tu Préstamo Efectivo en BanBif y accede a ese dinero que necesitas, al instante.
👉 banbif.com.pe/Home/Personas/…",0,0,0,0,78
2025-07-12 11:16:58,BanBif,Jul 4,"¿Te dicen “NOOOO” cada vez que pides el carro?​
Es momento de manejar el tuyo, con nuestro Préstamo Vehicular BanBif, tener tu auto es más fácil de lo que crees.​
​
Más info aquí: banbif.com.pe/Personas/Prest….​

#AutoPropioYa #BanBif #PréstamoVehicular",0,0,0,0,65
2025-07-12 11:16:58,BanBif,Jul 3,"En BanBif creemos en un mundo donde ningún perrito esté solo. Por eso, fuimos parte de la Patatón 2025, una jornada llena de amor y esperanza para los peluditos que buscan familia.🐶✨
👉 banbif.com.pe/Personas/Fondo…",1,0,0,0,65
2025-07-12 11:16:58,BanBif,Jul 1,"Hay cosas que no funcionan solas...
Pero en tus finanzas si, con tu dúo genial 💪💰👉 Cuenta Ahorro Genial + Cuenta Ahorro Digital de BanBif. Una te da chance de ganar S/50,000, la otra te paga más por ahorrar.

Más info: banbif.com.pe/duo-genial",0,0,0,0,56
2025-07-12 11:16:58,BanBif,Jul 1,"🔒 Recuerda: protege tus datos.​ 👀 Lo que compartes en redes puede poner en riesgo tu seguridad financiera.​ ¡Que no te sorprendan!​

#BanBif #Banco #NoMásFraudes",0,0,1,0,54
2025-07-12 11:16:58,BanBif,Jun 28,"🏠 Acciones que transforman vida.​​

36 voluntarios construyeron 05 nuevas viviendas junto a @Techo y Asociación IF, en la comunidad 17 de Marzo, San Juan de Miraflores. ​
🩵 Gracias por ser parte de la experiencia que suma futuro.​​

#BanBif #Banco #Techo #AsociaciónIF #Volunta",0,0,0,0,93
2025-07-12 11:16:58,BanBif,Jun 26,"Danitza trasladó su CTS a BanBif…y ahora no solo duerme tranquila, también tiene narrador que lo confirma. 😌🎙️

Porque cuando sabes qué es tu CTS y dónde tenerla, vives con más tranquilidad.

banbif.com.pe/Personas/Cuent…",0,1,2,0,79
2025-07-12 11:16:58,BanBif,Jun 26,"☁️ Todo gran sueño empieza con el simple hábito de ahorrar.​

Con tu Cuenta Ahorro Digital, cada sol cuenta: sin monto mínimo, sin mantenimiento y una TREA promocional de 4% en soles.​
​
📍 Más información: banbif.com.pe/Personas/Cuent…​

#BanBif #Banco #CuentaAhorroDigital",0,0,0,0,172
2025-07-12 11:16:58,BanBif,Jun 26,"Encontrar tu match perfecto es más fácil cuando se trata de ahorrar ✨🌺​

Abre tu Dúo Genial en BanBif y podrías ganar S/50,000, acceder a más de 100 descuentos exclusivos con ClubHOLA, y una tasa de 4.3% TREA en soles.​

👉 banbif.com.pe/duo-genial",0,0,0,0,52
2025-07-12 11:16:58,BanBif,Jun 24,"Con el programa de beneficios #ClubHola, consigue descuentos exclusivos en tus marcas favoritas como Crepier y disfruta de muchos más. Además, accede gratis al contenido digital de El Comercio. ¡Y repite las veces que quieras! Más info en 👉 clubhola.pe",0,0,0,0,39
2025-07-12 11:16:58,BanBif,Jun 24,"🩵Pequeños aprendizajes que transforman futuros.​
​
☝️🥸 Con Enseña Perú, llevamos educación financiera a los niños de Ica.​
​
#BanBif #Banco #Voluntariado #EnseñaPeru",0,0,0,0,55
2025-07-12 11:16:58,BanBif,Jun 23,"😔 Hay cosas que no vuelven, que tu plata no sea una de ellas. ​
​
📲 Usa Plin desde tu BanBif App.​
​
📍Conoce más en: banbif.com.pe/bancadigital​
​
#Banco #BanBif",0,0,1,0,167
2025-07-12 11:16:58,BanBif,Jun 19,"🐶 Este año nos volvemos a sumar a la #Patatón2025
Un evento que abre puertas y corazones para que más perritos encuentren un hogar lleno de amor.

Los esperamos:
📅 Fecha: Sábado 28 y domingo 29
⏰ Hora: 10:00 a.m.

📍 Circuito Mágico del Agua – Puerta 4 ¡INGRESO LIBRE!",0,1,1,0,82
2025-07-12 11:16:58,BanBif,Jun 16,"😉 A veces solo necesitas un antojo, y los descuentos del ClubHOLA, para alegrarte el día.​

📍Más información aquí: clubhola.pe​

#BanBif #Banco #ClubHOLA",0,1,0,0,62
2025-07-12 11:16:58,BanBif,Jun 13,"Esta vez, quisimos escuchar a nuestros papis en BanBif. Ellos nos recordaron que ser papá es dejar huella todos los días: en casa, en el trabajo y en cada momento compartido. 👔 ¡Gracias por estar siempre presentes y por enseñar con amor y compromiso! #BanBif",0,0,0,0,59
2025-07-12 11:16:58,BanBif,Jun 13,"📅 Olvídate del viernes 13.​
​
Con HOLACambio$ desde tu BanBif App:​
​
✅ Cambia dólares a soles (y viceversa 🔁)​
✅ Rápido, seguro y 100% digital​
✅ Un tipo de cambio preferencial​

📍Más información aquí: banbif.com.pe/bancadigital​
​
#Banco #BanBif #HolaCambio$",1,0,1,0,290
2025-07-12 12:37:42,BanBif,19 h,"¿Enfermo? No exactamente...​
Solo tengo viajitis aguda.🏖️🕶️​
Y la única receta es:​
✔️ Sol​
✔️ Descanso​
✔️ Y descuentos ilimitados con ClubHOLA​

ClubHOLA: tú pon la excusa, nosotros los destinos. ✈️​
Más información en clubhola.pe​
#ClubHola #DescuentosConEstilo",0,0,0,0,17
2025-07-12 12:37:42,BanBif,20 h,"🐶 Activa tu instinto protector.
✨Con tu Seguro Pet Lover, el seguro para ti con beneficios para tu mascota, tu engreído cuenta con protección, asistencia y beneficios exclusivos.
📷 banbif.com.pe/Personas/Fondo…",0,0,1,0,28
2025-07-12 12:37:42,BanBif,21 h,"📅 ¿Cuál es el calendario de tu Tarjeta de Crédito?​ Este es clave para organizarte y sacarle el máximo provecho.🧠💳 
✅ Conoce tu ciclo de facturación y pago ​
✅ Planifica ​
✅ Usa tu tarjeta y aprovecha sus beneficios 
#BanBif #EducaciónFinanciera #TuTarjetaTuControl",0,0,0,0,23
2025-07-12 12:37:42,BanBif,Jul 9,"🎁 Cuando le compras un regalo a tu bestie… pero eres cero buena guardando secretos.😂
Así como ella no puede ocultarlo, nosotros tampoco.
Con nuestra Cuenta Ahorro Digital, no hay cobros escondidos.
👉 banbif.com.pe/Personas/Cuent…",0,0,0,0,30
2025-07-12 12:37:42,BanBif,Jul 7,"Tu familia no es un cajero automático, pero nosotros sí podemos ayudarte.💸 Solicita tu Préstamo Efectivo en BanBif y accede a ese dinero que necesitas, al instante.
👉 banbif.com.pe/Home/Personas/…",0,0,0,0,80
2025-07-12 12:37:42,BanBif,Jul 4,"¿Te dicen “NOOOO” cada vez que pides el carro?​
Es momento de manejar el tuyo, con nuestro Préstamo Vehicular BanBif, tener tu auto es más fácil de lo que crees.​
​
Más info aquí: banbif.com.pe/Personas/Prest….​

#AutoPropioYa #BanBif #PréstamoVehicular",0,0,0,0,65
2025-07-12 12:37:42,BanBif,Jul 3,"En BanBif creemos en un mundo donde ningún perrito esté solo. Por eso, fuimos parte de la Patatón 2025, una jornada llena de amor y esperanza para los peluditos que buscan familia.🐶✨
👉 banbif.com.pe/Personas/Fondo…",1,0,0,0,65
2025-07-12 12:37:42,BanBif,Jul 1,"Hay cosas que no funcionan solas...
Pero en tus finanzas si, con tu dúo genial 💪💰👉 Cuenta Ahorro Genial + Cuenta Ahorro Digital de BanBif. Una te da chance de ganar S/50,000, la otra te paga más por ahorrar.

Más info: banbif.com.pe/duo-genial",0,0,0,0,56
2025-07-12 12:37:42,BanBif,Jul 1,"🔒 Recuerda: protege tus datos.​ 👀 Lo que compartes en redes puede poner en riesgo tu seguridad financiera.​ ¡Que no te sorprendan!​

#BanBif #Banco #NoMásFraudes",0,0,1,0,54
2025-07-12 12:37:42,BanBif,Jun 28,"🏠 Acciones que transforman vida.​​

36 voluntarios construyeron 05 nuevas viviendas junto a @Techo y Asociación IF, en la comunidad 17 de Marzo, San Juan de Miraflores. ​
🩵 Gracias por ser parte de la experiencia que suma futuro.​​

#BanBif #Banco #Techo #AsociaciónIF #Volunta",0,0,0,0,93
2025-07-12 12:37:42,BanBif,Jun 26,"Danitza trasladó su CTS a BanBif…y ahora no solo duerme tranquila, también tiene narrador que lo confirma. 😌🎙️

Porque cuando sabes qué es tu CTS y dónde tenerla, vives con más tranquilidad.

banbif.com.pe/Personas/Cuent…",0,1,2,0,79
2025-07-12 12:37:42,BanBif,Jun 26,"☁️ Todo gran sueño empieza con el simple hábito de ahorrar.​

Con tu Cuenta Ahorro Digital, cada sol cuenta: sin monto mínimo, sin mantenimiento y una TREA promocional de 4% en soles.​
​
📍 Más información: banbif.com.pe/Personas/Cuent…​

#BanBif #Banco #CuentaAhorroDigital",0,0,0,0,172
2025-07-12 12:37:42,BanBif,Jun 26,"Encontrar tu match perfecto es más fácil cuando se trata de ahorrar ✨🌺​

Abre tu Dúo Genial en BanBif y podrías ganar S/50,000, acceder a más de 100 descuentos exclusivos con ClubHOLA, y una tasa de 4.3% TREA en soles.​

👉 banbif.com.pe/duo-genial",0,0,0,0,52
2025-07-12 12:37:42,BanBif,Jun 24,"Con el programa de beneficios #ClubHola, consigue descuentos exclusivos en tus marcas favoritas como Crepier y disfruta de muchos más. Además, accede gratis al contenido digital de El Comercio. ¡Y repite las veces que quieras! Más info en 👉 clubhola.pe",0,0,0,0,39
2025-07-12 12:37:42,BanBif,Jun 24,"🩵Pequeños aprendizajes que transforman futuros.​
​
☝️🥸 Con Enseña Perú, llevamos educación financiera a los niños de Ica.​
​
#BanBif #Banco #Voluntariado #EnseñaPeru",0,0,0,0,55
2025-07-12 12:37:42,BanBif,Jun 23,"😔 Hay cosas que no vuelven, que tu plata no sea una de ellas. ​
​
📲 Usa Plin desde tu BanBif App.​
​
📍Conoce más en: banbif.com.pe/bancadigital​
​
#Banco #BanBif",0,0,1,0,167
2025-07-12 12:37:42,BanBif,Jun 19,"🐶 Este año nos volvemos a sumar a la #Patatón2025
Un evento que abre puertas y corazones para que más perritos encuentren un hogar lleno de amor.

Los esperamos:
📅 Fecha: Sábado 28 y domingo 29
⏰ Hora: 10:00 a.m.

📍 Circuito Mágico del Agua – Puerta 4 ¡INGRESO LIBRE!",0,1,1,0,82
2025-07-12 12:37:42,BanBif,Jun 16,"😉 A veces solo necesitas un antojo, y los descuentos del ClubHOLA, para alegrarte el día.​

📍Más información aquí: clubhola.pe​

#BanBif #Banco #ClubHOLA",0,1,0,0,62
2025-07-12 12:37:42,BanBif,Jun 13,"Esta vez, quisimos escuchar a nuestros papis en BanBif. Ellos nos recordaron que ser papá es dejar huella todos los días: en casa, en el trabajo y en cada momento compartido. 👔 ¡Gracias por estar siempre presentes y por enseñar con amor y compromiso! #BanBif",0,0,0,0,59
2025-07-12 12:37:42,BanBif,Jun 13,"📅 Olvídate del viernes 13.​
​
Con HOLACambio$ desde tu BanBif App:​
​
✅ Cambia dólares a soles (y viceversa 🔁)​
✅ Rápido, seguro y 100% digital​
✅ Un tipo de cambio preferencial​

📍Más información aquí: banbif.com.pe/bancadigital​
​
#Banco #BanBif #HolaCambio$",1,0,1,0,290
2025-07-12 13:28:33,BanBif,20 h,"¿Enfermo? No exactamente...​
Solo tengo viajitis aguda.🏖️🕶️​
Y la única receta es:​
✔️ Sol​
✔️ Descanso​
✔️ Y descuentos ilimitados con ClubHOLA​

ClubHOLA: tú pon la excusa, nosotros los destinos. ✈️​
Más información en clubhola.pe​
#ClubHola #DescuentosConEstilo",0,0,0,0,17
2025-07-12 13:28:33,BanBif,21 h,"🐶 Activa tu instinto protector.
✨Con tu Seguro Pet Lover, el seguro para ti con beneficios para tu mascota, tu engreído cuenta con protección, asistencia y beneficios exclusivos.
📷 banbif.com.pe/Personas/Fondo…",0,0,1,0,28
2025-07-12 13:28:33,BanBif,22 h,"📅 ¿Cuál es el calendario de tu Tarjeta de Crédito?​ Este es clave para organizarte y sacarle el máximo provecho.🧠💳 
✅ Conoce tu ciclo de facturación y pago ​
✅ Planifica ​
✅ Usa tu tarjeta y aprovecha sus beneficios 
#BanBif #EducaciónFinanciera #TuTarjetaTuControl",0,0,0,0,23
2025-07-12 13:28:33,BanBif,Jul 9,"🎁 Cuando le compras un regalo a tu bestie… pero eres cero buena guardando secretos.😂
Así como ella no puede ocultarlo, nosotros tampoco.
Con nuestra Cuenta Ahorro Digital, no hay cobros escondidos.
👉 banbif.com.pe/Personas/Cuent…",0,0,0,0,30
2025-07-12 13:28:33,BanBif,Jul 7,"Tu familia no es un cajero automático, pero nosotros sí podemos ayudarte.💸 Solicita tu Préstamo Efectivo en BanBif y accede a ese dinero que necesitas, al instante.
👉 banbif.com.pe/Home/Personas/…",0,0,0,0,80
2025-07-12 13:28:33,BanBif,Jul 4,"¿Te dicen “NOOOO” cada vez que pides el carro?​
Es momento de manejar el tuyo, con nuestro Préstamo Vehicular BanBif, tener tu auto es más fácil de lo que crees.​
​
Más info aquí: banbif.com.pe/Personas/Prest….​

#AutoPropioYa #BanBif #PréstamoVehicular",0,0,0,0,65
2025-07-12 13:28:33,BanBif,Jul 3,"En BanBif creemos en un mundo donde ningún perrito esté solo. Por eso, fuimos parte de la Patatón 2025, una jornada llena de amor y esperanza para los peluditos que buscan familia.🐶✨
👉 banbif.com.pe/Personas/Fondo…",1,0,0,0,65
2025-07-12 13:28:33,BanBif,Jul 1,"Hay cosas que no funcionan solas...
Pero en tus finanzas si, con tu dúo genial 💪💰👉 Cuenta Ahorro Genial + Cuenta Ahorro Digital de BanBif. Una te da chance de ganar S/50,000, la otra te paga más por ahorrar.

Más info: banbif.com.pe/duo-genial",0,0,0,0,56
2025-07-12 13:28:33,BanBif,Jul 1,"🔒 Recuerda: protege tus datos.​ 👀 Lo que compartes en redes puede poner en riesgo tu seguridad financiera.​ ¡Que no te sorprendan!​

#BanBif #Banco #NoMásFraudes",0,0,1,0,54
2025-07-12 13:28:33,BanBif,Jun 28,"🏠 Acciones que transforman vida.​​

36 voluntarios construyeron 05 nuevas viviendas junto a @Techo y Asociación IF, en la comunidad 17 de Marzo, San Juan de Miraflores. ​
🩵 Gracias por ser parte de la experiencia que suma futuro.​​

#BanBif #Banco #Techo #AsociaciónIF #Volunta",0,0,0,0,93
2025-07-12 13:28:33,BanBif,Jun 26,"Danitza trasladó su CTS a BanBif…y ahora no solo duerme tranquila, también tiene narrador que lo confirma. 😌🎙️

Porque cuando sabes qué es tu CTS y dónde tenerla, vives con más tranquilidad.

banbif.com.pe/Personas/Cuent…",0,1,2,0,79
2025-07-12 13:28:33,BanBif,Jun 26,"☁️ Todo gran sueño empieza con el simple hábito de ahorrar.​

Con tu Cuenta Ahorro Digital, cada sol cuenta: sin monto mínimo, sin mantenimiento y una TREA promocional de 4% en soles.​
​
📍 Más información: banbif.com.pe/Personas/Cuent…​

#BanBif #Banco #CuentaAhorroDigital",0,0,0,0,172
2025-07-12 13:28:33,BanBif,Jun 26,"Encontrar tu match perfecto es más fácil cuando se trata de ahorrar ✨🌺​

Abre tu Dúo Genial en BanBif y podrías ganar S/50,000, acceder a más de 100 descuentos exclusivos con ClubHOLA, y una tasa de 4.3% TREA en soles.​

👉 banbif.com.pe/duo-genial",0,0,0,0,52
2025-07-12 13:28:33,BanBif,Jun 24,"Con el programa de beneficios #ClubHola, consigue descuentos exclusivos en tus marcas favoritas como Crepier y disfruta de muchos más. Además, accede gratis al contenido digital de El Comercio. ¡Y repite las veces que quieras! Más info en 👉 clubhola.pe",0,0,0,0,39
2025-07-12 13:28:33,BanBif,Jun 24,"🩵Pequeños aprendizajes que transforman futuros.​
​
☝️🥸 Con Enseña Perú, llevamos educación financiera a los niños de Ica.​
​
#BanBif #Banco #Voluntariado #EnseñaPeru",0,0,0,0,55
2025-07-12 13:28:33,BanBif,Jun 23,"😔 Hay cosas que no vuelven, que tu plata no sea una de ellas. ​
​
📲 Usa Plin desde tu BanBif App.​
​
📍Conoce más en: banbif.com.pe/bancadigital​
​
#Banco #BanBif",0,0,1,0,167
2025-07-12 13:28:33,BanBif,Jun 19,"🐶 Este año nos volvemos a sumar a la #Patatón2025
Un evento que abre puertas y corazones para que más perritos encuentren un hogar lleno de amor.

Los esperamos:
📅 Fecha: Sábado 28 y domingo 29
⏰ Hora: 10:00 a.m.

📍 Circuito Mágico del Agua – Puerta 4 ¡INGRESO LIBRE!",0,1,1,0,82
2025-07-12 13:28:33,BanBif,Jun 16,"😉 A veces solo necesitas un antojo, y los descuentos del ClubHOLA, para alegrarte el día.​

📍Más información aquí: clubhola.pe​

#BanBif #Banco #ClubHOLA",0,1,0,0,62
2025-07-12 13:28:33,BanBif,Jun 13,"Esta vez, quisimos escuchar a nuestros papis en BanBif. Ellos nos recordaron que ser papá es dejar huella todos los días: en casa, en el trabajo y en cada momento compartido. 👔 ¡Gracias por estar siempre presentes y por enseñar con amor y compromiso! #BanBif",0,0,0,0,59
2025-07-12 13:28:33,BanBif,Jun 13,"📅 Olvídate del viernes 13.​
​
Con HOLACambio$ desde tu BanBif App:​
​
✅ Cambia dólares a soles (y viceversa 🔁)​
✅ Rápido, seguro y 100% digital​
✅ Un tipo de cambio preferencial​

📍Más información aquí: banbif.com.pe/bancadigital​
​
#Banco #BanBif #HolaCambio$",1,0,1,0,291
2025-07-12 14:17:40,BanBif,21 h,"¿Enfermo? No exactamente...​
Solo tengo viajitis aguda.🏖️🕶️​
Y la única receta es:​
✔️ Sol​
✔️ Descanso​
✔️ Y descuentos ilimitados con ClubHOLA​

ClubHOLA: tú pon la excusa, nosotros los destinos. ✈️​
Más información en clubhola.pe​
#ClubHola #DescuentosConEstilo",0,0,0,0,17
2025-07-12 14:17:40,BanBif,22 h,"🐶 Activa tu instinto protector.
✨Con tu Seguro Pet Lover, el seguro para ti con beneficios para tu mascota, tu engreído cuenta con protección, asistencia y beneficios exclusivos.
📷 banbif.com.pe/Personas/Fondo…",0,0,1,0,28
2025-07-12 14:17:40,BanBif,22 h,"📅 ¿Cuál es el calendario de tu Tarjeta de Crédito?​ Este es clave para organizarte y sacarle el máximo provecho.🧠💳 
✅ Conoce tu ciclo de facturación y pago ​
✅ Planifica ​
✅ Usa tu tarjeta y aprovecha sus beneficios 
#BanBif #EducaciónFinanciera #TuTarjetaTuControl",0,0,0,0,23
2025-07-12 14:17:40,BanBif,Jul 9,"🎁 Cuando le compras un regalo a tu bestie… pero eres cero buena guardando secretos.😂
Así como ella no puede ocultarlo, nosotros tampoco.
Con nuestra Cuenta Ahorro Digital, no hay cobros escondidos.
👉 banbif.com.pe/Personas/Cuent…",0,0,0,0,30
2025-07-12 14:17:40,BanBif,Jul 7,"Tu familia no es un cajero automático, pero nosotros sí podemos ayudarte.💸 Solicita tu Préstamo Efectivo en BanBif y accede a ese dinero que necesitas, al instante.
👉 banbif.com.pe/Home/Personas/…",0,0,0,0,80
2025-07-12 14:17:40,BanBif,Jul 4,"¿Te dicen “NOOOO” cada vez que pides el carro?​
Es momento de manejar el tuyo, con nuestro Préstamo Vehicular BanBif, tener tu auto es más fácil de lo que crees.​
​
Más info aquí: banbif.com.pe/Personas/Prest….​

#AutoPropioYa #BanBif #PréstamoVehicular",0,0,0,0,65
2025-07-12 14:17:40,BanBif,Jul 3,"En BanBif creemos en un mundo donde ningún perrito esté solo. Por eso, fuimos parte de la Patatón 2025, una jornada llena de amor y esperanza para los peluditos que buscan familia.🐶✨
👉 banbif.com.pe/Personas/Fondo…",1,0,0,0,65
2025-07-12 14:17:40,BanBif,Jul 1,"Hay cosas que no funcionan solas...
Pero en tus finanzas si, con tu dúo genial 💪💰👉 Cuenta Ahorro Genial + Cuenta Ahorro Digital de BanBif. Una te da chance de ganar S/50,000, la otra te paga más por ahorrar.

Más info: banbif.com.pe/duo-genial",0,0,0,0,56
2025-07-12 14:17:40,BanBif,Jul 1,"🔒 Recuerda: protege tus datos.​ 👀 Lo que compartes en redes puede poner en riesgo tu seguridad financiera.​ ¡Que no te sorprendan!​

#BanBif #Banco #NoMásFraudes",0,0,1,0,54
2025-07-12 14:17:40,BanBif,Jun 28,"🏠 Acciones que transforman vida.​​

36 voluntarios construyeron 05 nuevas viviendas junto a @Techo y Asociación IF, en la comunidad 17 de Marzo, San Juan de Miraflores. ​
🩵 Gracias por ser parte de la experiencia que suma futuro.​​

#BanBif #Banco #Techo #AsociaciónIF #Volunta",0,0,0,0,93
2025-07-12 14:17:40,BanBif,Jun 26,"Danitza trasladó su CTS a BanBif…y ahora no solo duerme tranquila, también tiene narrador que lo confirma. 😌🎙️

Porque cuando sabes qué es tu CTS y dónde tenerla, vives con más tranquilidad.

banbif.com.pe/Personas/Cuent…",0,1,2,0,79
2025-07-12 14:17:40,BanBif,Jun 26,"☁️ Todo gran sueño empieza con el simple hábito de ahorrar.​

Con tu Cuenta Ahorro Digital, cada sol cuenta: sin monto mínimo, sin mantenimiento y una TREA promocional de 4% en soles.​
​
📍 Más información: banbif.com.pe/Personas/Cuent…​

#BanBif #Banco #CuentaAhorroDigital",0,0,0,0,172
2025-07-12 14:17:40,BanBif,Jun 26,"Encontrar tu match perfecto es más fácil cuando se trata de ahorrar ✨🌺​

Abre tu Dúo Genial en BanBif y podrías ganar S/50,000, acceder a más de 100 descuentos exclusivos con ClubHOLA, y una tasa de 4.3% TREA en soles.​

👉 banbif.com.pe/duo-genial",0,0,0,0,52
2025-07-12 14:17:40,BanBif,Jun 24,"Con el programa de beneficios #ClubHola, consigue descuentos exclusivos en tus marcas favoritas como Crepier y disfruta de muchos más. Además, accede gratis al contenido digital de El Comercio. ¡Y repite las veces que quieras! Más info en 👉 clubhola.pe",0,0,0,0,39
2025-07-12 14:17:40,BanBif,Jun 24,"🩵Pequeños aprendizajes que transforman futuros.​
​
☝️🥸 Con Enseña Perú, llevamos educación financiera a los niños de Ica.​
​
#BanBif #Banco #Voluntariado #EnseñaPeru",0,0,0,0,55
2025-07-12 14:17:40,BanBif,Jun 23,"😔 Hay cosas que no vuelven, que tu plata no sea una de ellas. ​
​
📲 Usa Plin desde tu BanBif App.​
​
📍Conoce más en: banbif.com.pe/bancadigital​
​
#Banco #BanBif",0,0,1,0,167
2025-07-12 14:17:40,BanBif,Jun 19,"🐶 Este año nos volvemos a sumar a la #Patatón2025
Un evento que abre puertas y corazones para que más perritos encuentren un hogar lleno de amor.

Los esperamos:
📅 Fecha: Sábado 28 y domingo 29
⏰ Hora: 10:00 a.m.

📍 Circuito Mágico del Agua – Puerta 4 ¡INGRESO LIBRE!",0,1,1,0,82
2025-07-12 14:17:40,BanBif,Jun 16,"😉 A veces solo necesitas un antojo, y los descuentos del ClubHOLA, para alegrarte el día.​

📍Más información aquí: clubhola.pe​

#BanBif #Banco #ClubHOLA",0,1,0,0,62
2025-07-12 14:17:40,BanBif,Jun 13,"Esta vez, quisimos escuchar a nuestros papis en BanBif. Ellos nos recordaron que ser papá es dejar huella todos los días: en casa, en el trabajo y en cada momento compartido. 👔 ¡Gracias por estar siempre presentes y por enseñar con amor y compromiso! #BanBif",0,0,0,0,59
2025-07-12 14:17:40,BanBif,Jun 13,"📅 Olvídate del viernes 13.​
​
Con HOLACambio$ desde tu BanBif App:​
​
✅ Cambia dólares a soles (y viceversa 🔁)​
✅ Rápido, seguro y 100% digital​
✅ Un tipo de cambio preferencial​

📍Más información aquí: banbif.com.pe/bancadigital​
​
#Banco #BanBif #HolaCambio$",1,0,1,0,291
2025-07-12 15:19:28,BanBif,22 h,"¿Enfermo? No exactamente...​
Solo tengo viajitis aguda.🏖️🕶️​
Y la única receta es:​
✔️ Sol​
✔️ Descanso​
✔️ Y descuentos ilimitados con ClubHOLA​

ClubHOLA: tú pon la excusa, nosotros los destinos. ✈️​
Más información en clubhola.pe​
#ClubHola #DescuentosConEstilo",0,0,0,0,17
2025-07-12 15:19:28,BanBif,23 h,"🐶 Activa tu instinto protector.
✨Con tu Seguro Pet Lover, el seguro para ti con beneficios para tu mascota, tu engreído cuenta con protección, asistencia y beneficios exclusivos.
📷 banbif.com.pe/Personas/Fondo…",0,0,1,0,28
2025-07-12 15:19:28,BanBif,23 h,"📅 ¿Cuál es el calendario de tu Tarjeta de Crédito?​ Este es clave para organizarte y sacarle el máximo provecho.🧠💳 
✅ Conoce tu ciclo de facturación y pago ​
✅ Planifica ​
✅ Usa tu tarjeta y aprovecha sus beneficios 
#BanBif #EducaciónFinanciera #TuTarjetaTuControl",0,0,0,0,23
2025-07-12 15:19:28,BanBif,Jul 9,"🎁 Cuando le compras un regalo a tu bestie… pero eres cero buena guardando secretos.😂
Así como ella no puede ocultarlo, nosotros tampoco.
Con nuestra Cuenta Ahorro Digital, no hay cobros escondidos.
👉 banbif.com.pe/Personas/Cuent…",0,0,0,0,30
2025-07-12 15:19:28,BanBif,Jul 7,"Tu familia no es un cajero automático, pero nosotros sí podemos ayudarte.💸 Solicita tu Préstamo Efectivo en BanBif y accede a ese dinero que necesitas, al instante.
👉 banbif.com.pe/Home/Personas/…",0,0,0,0,81
2025-07-12 15:19:28,BanBif,Jul 4,"¿Te dicen “NOOOO” cada vez que pides el carro?​
Es momento de manejar el tuyo, con nuestro Préstamo Vehicular BanBif, tener tu auto es más fácil de lo que crees.​
​
Más info aquí: banbif.com.pe/Personas/Prest….​

#AutoPropioYa #BanBif #PréstamoVehicular",0,0,0,0,65
2025-07-12 15:19:28,BanBif,Jul 3,"En BanBif creemos en un mundo donde ningún perrito esté solo. Por eso, fuimos parte de la Patatón 2025, una jornada llena de amor y esperanza para los peluditos que buscan familia.🐶✨
👉 banbif.com.pe/Personas/Fondo…",1,0,0,0,65
2025-07-12 15:19:28,BanBif,Jul 1,"Hay cosas que no funcionan solas...
Pero en tus finanzas si, con tu dúo genial 💪💰👉 Cuenta Ahorro Genial + Cuenta Ahorro Digital de BanBif. Una te da chance de ganar S/50,000, la otra te paga más por ahorrar.

Más info: banbif.com.pe/duo-genial",0,0,0,0,56
2025-07-12 15:19:28,BanBif,Jul 1,"🔒 Recuerda: protege tus datos.​ 👀 Lo que compartes en redes puede poner en riesgo tu seguridad financiera.​ ¡Que no te sorprendan!​

#BanBif #Banco #NoMásFraudes",0,0,1,0,54
2025-07-12 15:19:28,BanBif,Jun 28,"🏠 Acciones que transforman vida.​​

36 voluntarios construyeron 05 nuevas viviendas junto a @Techo y Asociación IF, en la comunidad 17 de Marzo, San Juan de Miraflores. ​
🩵 Gracias por ser parte de la experiencia que suma futuro.​​

#BanBif #Banco #Techo #AsociaciónIF #Volunta",0,0,0,0,93
2025-07-12 15:19:28,BanBif,Jun 26,"Danitza trasladó su CTS a BanBif…y ahora no solo duerme tranquila, también tiene narrador que lo confirma. 😌🎙️

Porque cuando sabes qué es tu CTS y dónde tenerla, vives con más tranquilidad.

banbif.com.pe/Personas/Cuent…",0,1,2,0,79
2025-07-12 15:19:28,BanBif,Jun 26,"☁️ Todo gran sueño empieza con el simple hábito de ahorrar.​

Con tu Cuenta Ahorro Digital, cada sol cuenta: sin monto mínimo, sin mantenimiento y una TREA promocional de 4% en soles.​
​
📍 Más información: banbif.com.pe/Personas/Cuent…​

#BanBif #Banco #CuentaAhorroDigital",0,0,0,0,172
2025-07-12 15:19:28,BanBif,Jun 26,"Encontrar tu match perfecto es más fácil cuando se trata de ahorrar ✨🌺​

Abre tu Dúo Genial en BanBif y podrías ganar S/50,000, acceder a más de 100 descuentos exclusivos con ClubHOLA, y una tasa de 4.3% TREA en soles.​

👉 banbif.com.pe/duo-genial",0,0,0,0,52
2025-07-12 15:19:28,BanBif,Jun 24,"Con el programa de beneficios #ClubHola, consigue descuentos exclusivos en tus marcas favoritas como Crepier y disfruta de muchos más. Además, accede gratis al contenido digital de El Comercio. ¡Y repite las veces que quieras! Más info en 👉 clubhola.pe",0,0,0,0,39
2025-07-12 15:19:28,BanBif,Jun 24,"🩵Pequeños aprendizajes que transforman futuros.​
​
☝️🥸 Con Enseña Perú, llevamos educación financiera a los niños de Ica.​
​
#BanBif #Banco #Voluntariado #EnseñaPeru",0,0,0,0,55
2025-07-12 15:19:28,BanBif,Jun 23,"😔 Hay cosas que no vuelven, que tu plata no sea una de ellas. ​
​
📲 Usa Plin desde tu BanBif App.​
​
📍Conoce más en: banbif.com.pe/bancadigital​
​
#Banco #BanBif",0,0,1,0,167
2025-07-12 15:19:28,BanBif,Jun 19,"🐶 Este año nos volvemos a sumar a la #Patatón2025
Un evento que abre puertas y corazones para que más perritos encuentren un hogar lleno de amor.

Los esperamos:
📅 Fecha: Sábado 28 y domingo 29
⏰ Hora: 10:00 a.m.

📍 Circuito Mágico del Agua – Puerta 4 ¡INGRESO LIBRE!",0,1,1,0,82
2025-07-12 15:19:28,BanBif,Jun 16,"😉 A veces solo necesitas un antojo, y los descuentos del ClubHOLA, para alegrarte el día.​

📍Más información aquí: clubhola.pe​

#BanBif #Banco #ClubHOLA",0,1,0,0,62
2025-07-12 15:19:28,BanBif,Jun 13,"Esta vez, quisimos escuchar a nuestros papis en BanBif. Ellos nos recordaron que ser papá es dejar huella todos los días: en casa, en el trabajo y en cada momento compartido. 👔 ¡Gracias por estar siempre presentes y por enseñar con amor y compromiso! #BanBif",0,0,0,0,59
2025-07-12 15:19:28,BanBif,Jun 13,"📅 Olvídate del viernes 13.​
​
Con HOLACambio$ desde tu BanBif App:​
​
✅ Cambia dólares a soles (y viceversa 🔁)​
✅ Rápido, seguro y 100% digital​
✅ Un tipo de cambio preferencial​

📍Más información aquí: banbif.com.pe/bancadigital​
​
#Banco #BanBif #HolaCambio$",1,0,1,0,291
2025-07-12 16:23:08,BanBif,23 h,"¿Enfermo? No exactamente...​
Solo tengo viajitis aguda.🏖️🕶️​
Y la única receta es:​
✔️ Sol​
✔️ Descanso​
✔️ Y descuentos ilimitados con ClubHOLA​

ClubHOLA: tú pon la excusa, nosotros los destinos. ✈️​
Más información en clubhola.pe​
#ClubHola #DescuentosConEstilo",0,0,0,0,17
2025-07-12 16:23:08,BanBif,24 h,"🐶 Activa tu instinto protector.
✨Con tu Seguro Pet Lover, el seguro para ti con beneficios para tu mascota, tu engreído cuenta con protección, asistencia y beneficios exclusivos.
📷 banbif.com.pe/Personas/Fondo…",0,0,1,0,28
2025-07-12 16:23:08,BanBif,Jul 11,"📅 ¿Cuál es el calendario de tu Tarjeta de Crédito?​ Este es clave para organizarte y sacarle el máximo provecho.🧠💳 
✅ Conoce tu ciclo de facturación y pago ​
✅ Planifica ​
✅ Usa tu tarjeta y aprovecha sus beneficios 
#BanBif #EducaciónFinanciera #TuTarjetaTuControl",0,0,0,0,23
2025-07-12 16:23:08,BanBif,Jul 9,"🎁 Cuando le compras un regalo a tu bestie… pero eres cero buena guardando secretos.😂
Así como ella no puede ocultarlo, nosotros tampoco.
Con nuestra Cuenta Ahorro Digital, no hay cobros escondidos.
👉 banbif.com.pe/Personas/Cuent…",0,0,0,0,31
2025-07-12 16:23:08,BanBif,Jul 7,"Tu familia no es un cajero automático, pero nosotros sí podemos ayudarte.💸 Solicita tu Préstamo Efectivo en BanBif y accede a ese dinero que necesitas, al instante.
👉 banbif.com.pe/Home/Personas/…",0,0,0,0,81
2025-07-12 16:23:08,BanBif,Jul 4,"¿Te dicen “NOOOO” cada vez que pides el carro?​
Es momento de manejar el tuyo, con nuestro Préstamo Vehicular BanBif, tener tu auto es más fácil de lo que crees.​
​
Más info aquí: banbif.com.pe/Personas/Prest….​

#AutoPropioYa #BanBif #PréstamoVehicular",0,0,0,0,65
2025-07-12 16:23:08,BanBif,Jul 3,"En BanBif creemos en un mundo donde ningún perrito esté solo. Por eso, fuimos parte de la Patatón 2025, una jornada llena de amor y esperanza para los peluditos que buscan familia.🐶✨
👉 banbif.com.pe/Personas/Fondo…",1,0,0,0,65
2025-07-12 16:23:08,BanBif,Jul 1,"Hay cosas que no funcionan solas...
Pero en tus finanzas si, con tu dúo genial 💪💰👉 Cuenta Ahorro Genial + Cuenta Ahorro Digital de BanBif. Una te da chance de ganar S/50,000, la otra te paga más por ahorrar.

Más info: banbif.com.pe/duo-genial",0,0,0,0,56
2025-07-12 16:23:08,BanBif,Jul 1,"🔒 Recuerda: protege tus datos.​ 👀 Lo que compartes en redes puede poner en riesgo tu seguridad financiera.​ ¡Que no te sorprendan!​

#BanBif #Banco #NoMásFraudes",0,0,1,0,54
2025-07-12 16:23:08,BanBif,Jun 28,"🏠 Acciones que transforman vida.​​

36 voluntarios construyeron 05 nuevas viviendas junto a @Techo y Asociación IF, en la comunidad 17 de Marzo, San Juan de Miraflores. ​
🩵 Gracias por ser parte de la experiencia que suma futuro.​​

#BanBif #Banco #Techo #AsociaciónIF #Volunta",0,0,0,0,93
2025-07-12 16:23:08,BanBif,Jun 26,"Danitza trasladó su CTS a BanBif…y ahora no solo duerme tranquila, también tiene narrador que lo confirma. 😌🎙️

Porque cuando sabes qué es tu CTS y dónde tenerla, vives con más tranquilidad.

banbif.com.pe/Personas/Cuent…",0,1,2,0,79
2025-07-12 16:23:08,BanBif,Jun 26,"☁️ Todo gran sueño empieza con el simple hábito de ahorrar.​

Con tu Cuenta Ahorro Digital, cada sol cuenta: sin monto mínimo, sin mantenimiento y una TREA promocional de 4% en soles.​
​
📍 Más información: banbif.com.pe/Personas/Cuent…​

#BanBif #Banco #CuentaAhorroDigital",0,0,0,0,172
2025-07-12 16:23:08,BanBif,Jun 26,"Encontrar tu match perfecto es más fácil cuando se trata de ahorrar ✨🌺​

Abre tu Dúo Genial en BanBif y podrías ganar S/50,000, acceder a más de 100 descuentos exclusivos con ClubHOLA, y una tasa de 4.3% TREA en soles.​

👉 banbif.com.pe/duo-genial",0,0,0,0,52
2025-07-12 16:23:08,BanBif,Jun 24,"Con el programa de beneficios #ClubHola, consigue descuentos exclusivos en tus marcas favoritas como Crepier y disfruta de muchos más. Además, accede gratis al contenido digital de El Comercio. ¡Y repite las veces que quieras! Más info en 👉 clubhola.pe",0,0,0,0,39
2025-07-12 16:23:08,BanBif,Jun 24,"🩵Pequeños aprendizajes que transforman futuros.​
​
☝️🥸 Con Enseña Perú, llevamos educación financiera a los niños de Ica.​
​
#BanBif #Banco #Voluntariado #EnseñaPeru",0,0,0,0,55
2025-07-12 16:23:08,BanBif,Jun 23,"😔 Hay cosas que no vuelven, que tu plata no sea una de ellas. ​
​
📲 Usa Plin desde tu BanBif App.​
​
📍Conoce más en: banbif.com.pe/bancadigital​
​
#Banco #BanBif",0,0,1,0,167
2025-07-12 16:23:08,BanBif,Jun 19,"🐶 Este año nos volvemos a sumar a la #Patatón2025
Un evento que abre puertas y corazones para que más perritos encuentren un hogar lleno de amor.

Los esperamos:
📅 Fecha: Sábado 28 y domingo 29
⏰ Hora: 10:00 a.m.

📍 Circuito Mágico del Agua – Puerta 4 ¡INGRESO LIBRE!",0,1,1,0,82
2025-07-12 16:23:08,BanBif,Jun 16,"😉 A veces solo necesitas un antojo, y los descuentos del ClubHOLA, para alegrarte el día.​

📍Más información aquí: clubhola.pe​

#BanBif #Banco #ClubHOLA",0,1,0,0,62
2025-07-12 16:23:08,BanBif,Jun 13,"Esta vez, quisimos escuchar a nuestros papis en BanBif. Ellos nos recordaron que ser papá es dejar huella todos los días: en casa, en el trabajo y en cada momento compartido. 👔 ¡Gracias por estar siempre presentes y por enseñar con amor y compromiso! #BanBif",0,0,0,0,59
2025-07-12 16:23:08,BanBif,Jun 13,"📅 Olvídate del viernes 13.​
​
Con HOLACambio$ desde tu BanBif App:​
​
✅ Cambia dólares a soles (y viceversa 🔁)​
✅ Rápido, seguro y 100% digital​
✅ Un tipo de cambio preferencial​

📍Más información aquí: banbif.com.pe/bancadigital​
​
#Banco #BanBif #HolaCambio$",1,0,1,0,291
2025-07-12 17:16:40,BanBif,17 m,"❄️ ¿Eres team frío?​​​

📲¡Este plan es para ti! ¡Con el programa de beneficios de ClubHOLA, tienes descuentos ilimitados! Disfruta del 50% de descuento en Perú on Ice y úsalos las veces que quieras. ✨​​

📍Más información aquí: clubhola.pe​​
#BanBif #Banco #ClubHOLA",0,0,1,0,6
2025-07-12 17:16:40,BanBif,24 h,"¿Enfermo? No exactamente...​
Solo tengo viajitis aguda.🏖️🕶️​
Y la única receta es:​
✔️ Sol​
✔️ Descanso​
✔️ Y descuentos ilimitados con ClubHOLA​

ClubHOLA: tú pon la excusa, nosotros los destinos. ✈️​
Más información en clubhola.pe​
#ClubHola #DescuentosConEstilo",0,0,0,0,18
2025-07-12 17:16:40,BanBif,Jul 11,"🐶 Activa tu instinto protector.
✨Con tu Seguro Pet Lover, el seguro para ti con beneficios para tu mascota, tu engreído cuenta con protección, asistencia y beneficios exclusivos.
📷 banbif.com.pe/Personas/Fondo…",0,0,1,0,28
2025-07-12 17:16:40,BanBif,Jul 11,"📅 ¿Cuál es el calendario de tu Tarjeta de Crédito?​ Este es clave para organizarte y sacarle el máximo provecho.🧠💳 
✅ Conoce tu ciclo de facturación y pago ​
✅ Planifica ​
✅ Usa tu tarjeta y aprovecha sus beneficios 
#BanBif #EducaciónFinanciera #TuTarjetaTuControl",0,0,0,0,23
2025-07-12 17:16:40,BanBif,Jul 9,"🎁 Cuando le compras un regalo a tu bestie… pero eres cero buena guardando secretos.😂
Así como ella no puede ocultarlo, nosotros tampoco.
Con nuestra Cuenta Ahorro Digital, no hay cobros escondidos.
👉 banbif.com.pe/Personas/Cuent…",0,0,0,0,31
2025-07-12 17:16:40,BanBif,Jul 7,"Tu familia no es un cajero automático, pero nosotros sí podemos ayudarte.💸 Solicita tu Préstamo Efectivo en BanBif y accede a ese dinero que necesitas, al instante.
👉 banbif.com.pe/Home/Personas/…",0,0,0,0,82
2025-07-12 17:16:40,BanBif,Jul 4,"¿Te dicen “NOOOO” cada vez que pides el carro?​
Es momento de manejar el tuyo, con nuestro Préstamo Vehicular BanBif, tener tu auto es más fácil de lo que crees.​
​
Más info aquí: banbif.com.pe/Personas/Prest….​

#AutoPropioYa #BanBif #PréstamoVehicular",0,0,0,0,65
2025-07-12 17:16:40,BanBif,Jul 3,"En BanBif creemos en un mundo donde ningún perrito esté solo. Por eso, fuimos parte de la Patatón 2025, una jornada llena de amor y esperanza para los peluditos que buscan familia.🐶✨
👉 banbif.com.pe/Personas/Fondo…",1,0,0,0,65
2025-07-12 17:16:40,BanBif,Jul 1,"Hay cosas que no funcionan solas...
Pero en tus finanzas si, con tu dúo genial 💪💰👉 Cuenta Ahorro Genial + Cuenta Ahorro Digital de BanBif. Una te da chance de ganar S/50,000, la otra te paga más por ahorrar.

Más info: banbif.com.pe/duo-genial",0,0,0,0,56
2025-07-12 17:16:40,BanBif,Jul 1,"🔒 Recuerda: protege tus datos.​ 👀 Lo que compartes en redes puede poner en riesgo tu seguridad financiera.​ ¡Que no te sorprendan!​

#BanBif #Banco #NoMásFraudes",0,0,1,0,54
2025-07-12 17:16:40,BanBif,Jun 28,"🏠 Acciones que transforman vida.​​

36 voluntarios construyeron 05 nuevas viviendas junto a @Techo y Asociación IF, en la comunidad 17 de Marzo, San Juan de Miraflores. ​
🩵 Gracias por ser parte de la experiencia que suma futuro.​​

#BanBif #Banco #Techo #AsociaciónIF #Volunta",0,0,0,0,93
2025-07-12 17:16:40,BanBif,Jun 26,"Danitza trasladó su CTS a BanBif…y ahora no solo duerme tranquila, también tiene narrador que lo confirma. 😌🎙️

Porque cuando sabes qué es tu CTS y dónde tenerla, vives con más tranquilidad.

banbif.com.pe/Personas/Cuent…",0,1,2,0,79
2025-07-12 17:16:40,BanBif,Jun 26,"☁️ Todo gran sueño empieza con el simple hábito de ahorrar.​

Con tu Cuenta Ahorro Digital, cada sol cuenta: sin monto mínimo, sin mantenimiento y una TREA promocional de 4% en soles.​
​
📍 Más información: banbif.com.pe/Personas/Cuent…​

#BanBif #Banco #CuentaAhorroDigital",0,0,0,0,172
2025-07-12 17:16:40,BanBif,Jun 26,"Encontrar tu match perfecto es más fácil cuando se trata de ahorrar ✨🌺​

Abre tu Dúo Genial en BanBif y podrías ganar S/50,000, acceder a más de 100 descuentos exclusivos con ClubHOLA, y una tasa de 4.3% TREA en soles.​

👉 banbif.com.pe/duo-genial",0,0,0,0,52
2025-07-12 17:16:40,BanBif,Jun 24,"Con el programa de beneficios #ClubHola, consigue descuentos exclusivos en tus marcas favoritas como Crepier y disfruta de muchos más. Además, accede gratis al contenido digital de El Comercio. ¡Y repite las veces que quieras! Más info en 👉 clubhola.pe",0,0,0,0,39
2025-07-12 17:16:40,BanBif,Jun 24,"🩵Pequeños aprendizajes que transforman futuros.​
​
☝️🥸 Con Enseña Perú, llevamos educación financiera a los niños de Ica.​
​
#BanBif #Banco #Voluntariado #EnseñaPeru",0,0,0,0,55
2025-07-12 17:16:40,BanBif,Jun 23,"😔 Hay cosas que no vuelven, que tu plata no sea una de ellas. ​
​
📲 Usa Plin desde tu BanBif App.​
​
📍Conoce más en: banbif.com.pe/bancadigital​
​
#Banco #BanBif",0,0,1,0,167
2025-07-12 17:16:40,BanBif,Jun 19,"🐶 Este año nos volvemos a sumar a la #Patatón2025
Un evento que abre puertas y corazones para que más perritos encuentren un hogar lleno de amor.

Los esperamos:
📅 Fecha: Sábado 28 y domingo 29
⏰ Hora: 10:00 a.m.

📍 Circuito Mágico del Agua – Puerta 4 ¡INGRESO LIBRE!",0,1,1,0,82
2025-07-12 17:16:40,BanBif,Jun 16,"😉 A veces solo necesitas un antojo, y los descuentos del ClubHOLA, para alegrarte el día.​

📍Más información aquí: clubhola.pe​

#BanBif #Banco #ClubHOLA",0,1,0,0,62
2025-07-12 17:16:40,BanBif,Jun 13,"Esta vez, quisimos escuchar a nuestros papis en BanBif. Ellos nos recordaron que ser papá es dejar huella todos los días: en casa, en el trabajo y en cada momento compartido. 👔 ¡Gracias por estar siempre presentes y por enseñar con amor y compromiso! #BanBif",0,0,0,0,59
2025-07-12 18:26:47,BanBif,1 h,"❄️ ¿Eres team frío?​​​

📲¡Este plan es para ti! ¡Con el programa de beneficios de ClubHOLA, tienes descuentos ilimitados! Disfruta del 50% de descuento en Perú on Ice y úsalos las veces que quieras. ✨​​

📍Más información aquí: clubhola.pe​​
#BanBif #Banco #ClubHOLA",0,0,1,0,14
2025-07-12 18:26:47,BanBif,Jul 11,"¿Enfermo? No exactamente...​
Solo tengo viajitis aguda.🏖️🕶️​
Y la única receta es:​
✔️ Sol​
✔️ Descanso​
✔️ Y descuentos ilimitados con ClubHOLA​

ClubHOLA: tú pon la excusa, nosotros los destinos. ✈️​
Más información en clubhola.pe​
#ClubHola #DescuentosConEstilo",0,0,0,0,18
2025-07-12 18:26:47,BanBif,Jul 11,"🐶 Activa tu instinto protector.
✨Con tu Seguro Pet Lover, el seguro para ti con beneficios para tu mascota, tu engreído cuenta con protección, asistencia y beneficios exclusivos.
📷 banbif.com.pe/Personas/Fondo…",0,0,1,0,28
2025-07-12 18:26:47,BanBif,Jul 11,"📅 ¿Cuál es el calendario de tu Tarjeta de Crédito?​ Este es clave para organizarte y sacarle el máximo provecho.🧠💳 
✅ Conoce tu ciclo de facturación y pago ​
✅ Planifica ​
✅ Usa tu tarjeta y aprovecha sus beneficios 
#BanBif #EducaciónFinanciera #TuTarjetaTuControl",0,0,0,0,23
2025-07-12 18:26:47,BanBif,Jul 9,"🎁 Cuando le compras un regalo a tu bestie… pero eres cero buena guardando secretos.😂
Así como ella no puede ocultarlo, nosotros tampoco.
Con nuestra Cuenta Ahorro Digital, no hay cobros escondidos.
👉 banbif.com.pe/Personas/Cuent…",0,0,0,0,31
2025-07-12 18:26:47,BanBif,Jul 7,"Tu familia no es un cajero automático, pero nosotros sí podemos ayudarte.💸 Solicita tu Préstamo Efectivo en BanBif y accede a ese dinero que necesitas, al instante.
👉 banbif.com.pe/Home/Personas/…",0,0,0,0,83
2025-07-12 18:26:47,BanBif,Jul 4,"¿Te dicen “NOOOO” cada vez que pides el carro?​
Es momento de manejar el tuyo, con nuestro Préstamo Vehicular BanBif, tener tu auto es más fácil de lo que crees.​
​
Más info aquí: banbif.com.pe/Personas/Prest….​

#AutoPropioYa #BanBif #PréstamoVehicular",0,0,0,0,65
2025-07-12 18:26:47,BanBif,Jul 3,"En BanBif creemos en un mundo donde ningún perrito esté solo. Por eso, fuimos parte de la Patatón 2025, una jornada llena de amor y esperanza para los peluditos que buscan familia.🐶✨
👉 banbif.com.pe/Personas/Fondo…",1,0,0,0,65
2025-07-12 18:26:47,BanBif,Jul 1,"Hay cosas que no funcionan solas...
Pero en tus finanzas si, con tu dúo genial 💪💰👉 Cuenta Ahorro Genial + Cuenta Ahorro Digital de BanBif. Una te da chance de ganar S/50,000, la otra te paga más por ahorrar.

Más info: banbif.com.pe/duo-genial",0,0,0,0,56
2025-07-12 18:26:47,BanBif,Jul 1,"🔒 Recuerda: protege tus datos.​ 👀 Lo que compartes en redes puede poner en riesgo tu seguridad financiera.​ ¡Que no te sorprendan!​

#BanBif #Banco #NoMásFraudes",0,0,1,0,54
2025-07-12 18:26:47,BanBif,Jun 28,"🏠 Acciones que transforman vida.​​

36 voluntarios construyeron 05 nuevas viviendas junto a @Techo y Asociación IF, en la comunidad 17 de Marzo, San Juan de Miraflores. ​
🩵 Gracias por ser parte de la experiencia que suma futuro.​​

#BanBif #Banco #Techo #AsociaciónIF #Volunta",0,0,0,0,93
2025-07-12 18:26:47,BanBif,Jun 26,"Danitza trasladó su CTS a BanBif…y ahora no solo duerme tranquila, también tiene narrador que lo confirma. 😌🎙️

Porque cuando sabes qué es tu CTS y dónde tenerla, vives con más tranquilidad.

banbif.com.pe/Personas/Cuent…",0,1,2,0,79
2025-07-12 18:26:47,BanBif,Jun 26,"☁️ Todo gran sueño empieza con el simple hábito de ahorrar.​

Con tu Cuenta Ahorro Digital, cada sol cuenta: sin monto mínimo, sin mantenimiento y una TREA promocional de 4% en soles.​
​
📍 Más información: banbif.com.pe/Personas/Cuent…​

#BanBif #Banco #CuentaAhorroDigital",0,0,0,0,172
2025-07-12 18:26:47,BanBif,Jun 26,"Encontrar tu match perfecto es más fácil cuando se trata de ahorrar ✨🌺​

Abre tu Dúo Genial en BanBif y podrías ganar S/50,000, acceder a más de 100 descuentos exclusivos con ClubHOLA, y una tasa de 4.3% TREA en soles.​

👉 banbif.com.pe/duo-genial",0,0,0,0,52
2025-07-12 18:26:47,BanBif,Jun 24,"Con el programa de beneficios #ClubHola, consigue descuentos exclusivos en tus marcas favoritas como Crepier y disfruta de muchos más. Además, accede gratis al contenido digital de El Comercio. ¡Y repite las veces que quieras! Más info en 👉 clubhola.pe",0,0,0,0,39
2025-07-12 18:26:47,BanBif,Jun 24,"🩵Pequeños aprendizajes que transforman futuros.​
​
☝️🥸 Con Enseña Perú, llevamos educación financiera a los niños de Ica.​
​
#BanBif #Banco #Voluntariado #EnseñaPeru",0,0,0,0,55
2025-07-12 18:26:47,BanBif,Jun 23,"😔 Hay cosas que no vuelven, que tu plata no sea una de ellas. ​
​
📲 Usa Plin desde tu BanBif App.​
​
📍Conoce más en: banbif.com.pe/bancadigital​
​
#Banco #BanBif",0,0,1,0,167
2025-07-12 18:26:47,BanBif,Jun 19,"🐶 Este año nos volvemos a sumar a la #Patatón2025
Un evento que abre puertas y corazones para que más perritos encuentren un hogar lleno de amor.

Los esperamos:
📅 Fecha: Sábado 28 y domingo 29
⏰ Hora: 10:00 a.m.

📍 Circuito Mágico del Agua – Puerta 4 ¡INGRESO LIBRE!",0,1,1,0,82
2025-07-12 18:26:47,BanBif,Jun 16,"😉 A veces solo necesitas un antojo, y los descuentos del ClubHOLA, para alegrarte el día.​

📍Más información aquí: clubhola.pe​

#BanBif #Banco #ClubHOLA",0,1,0,0,62
2025-07-12 18:26:47,BanBif,Jun 13,"Esta vez, quisimos escuchar a nuestros papis en BanBif. Ellos nos recordaron que ser papá es dejar huella todos los días: en casa, en el trabajo y en cada momento compartido. 👔 ¡Gracias por estar siempre presentes y por enseñar con amor y compromiso! #BanBif",0,0,0,0,59
2025-07-12 19:15:16,BanBif,2 h,"❄️ ¿Eres team frío?​​​

📲¡Este plan es para ti! ¡Con el programa de beneficios de ClubHOLA, tienes descuentos ilimitados! Disfruta del 50% de descuento en Perú on Ice y úsalos las veces que quieras. ✨​​

📍Más información aquí: clubhola.pe​​
#BanBif #Banco #ClubHOLA",0,0,1,0,17
2025-07-12 19:15:16,BanBif,Jul 11,"¿Enfermo? No exactamente...​
Solo tengo viajitis aguda.🏖️🕶️​
Y la única receta es:​
✔️ Sol​
✔️ Descanso​
✔️ Y descuentos ilimitados con ClubHOLA​

ClubHOLA: tú pon la excusa, nosotros los destinos. ✈️​
Más información en clubhola.pe​
#ClubHola #DescuentosConEstilo",0,0,0,0,18
2025-07-12 19:15:16,BanBif,Jul 11,"🐶 Activa tu instinto protector.
✨Con tu Seguro Pet Lover, el seguro para ti con beneficios para tu mascota, tu engreído cuenta con protección, asistencia y beneficios exclusivos.
📷 banbif.com.pe/Personas/Fondo…",0,0,1,0,29
2025-07-12 19:15:16,BanBif,Jul 11,"📅 ¿Cuál es el calendario de tu Tarjeta de Crédito?​ Este es clave para organizarte y sacarle el máximo provecho.🧠💳 
✅ Conoce tu ciclo de facturación y pago ​
✅ Planifica ​
✅ Usa tu tarjeta y aprovecha sus beneficios 
#BanBif #EducaciónFinanciera #TuTarjetaTuControl",0,0,0,0,23
2025-07-12 19:15:16,BanBif,Jul 9,"🎁 Cuando le compras un regalo a tu bestie… pero eres cero buena guardando secretos.😂
Así como ella no puede ocultarlo, nosotros tampoco.
Con nuestra Cuenta Ahorro Digital, no hay cobros escondidos.
👉 banbif.com.pe/Personas/Cuent…",0,0,0,0,31
2025-07-12 19:15:16,BanBif,Jul 7,"Tu familia no es un cajero automático, pero nosotros sí podemos ayudarte.💸 Solicita tu Préstamo Efectivo en BanBif y accede a ese dinero que necesitas, al instante.
👉 banbif.com.pe/Home/Personas/…",0,0,0,0,83
2025-07-12 19:15:16,BanBif,Jul 4,"¿Te dicen “NOOOO” cada vez que pides el carro?​
Es momento de manejar el tuyo, con nuestro Préstamo Vehicular BanBif, tener tu auto es más fácil de lo que crees.​
​
Más info aquí: banbif.com.pe/Personas/Prest….​

#AutoPropioYa #BanBif #PréstamoVehicular",0,0,0,0,65
2025-07-12 19:15:16,BanBif,Jul 3,"En BanBif creemos en un mundo donde ningún perrito esté solo. Por eso, fuimos parte de la Patatón 2025, una jornada llena de amor y esperanza para los peluditos que buscan familia.🐶✨
👉 banbif.com.pe/Personas/Fondo…",1,0,0,0,65
2025-07-12 19:15:16,BanBif,Jul 1,"Hay cosas que no funcionan solas...
Pero en tus finanzas si, con tu dúo genial 💪💰👉 Cuenta Ahorro Genial + Cuenta Ahorro Digital de BanBif. Una te da chance de ganar S/50,000, la otra te paga más por ahorrar.

Más info: banbif.com.pe/duo-genial",0,0,0,0,56
2025-07-12 19:15:16,BanBif,Jul 1,"🔒 Recuerda: protege tus datos.​ 👀 Lo que compartes en redes puede poner en riesgo tu seguridad financiera.​ ¡Que no te sorprendan!​

#BanBif #Banco #NoMásFraudes",0,0,1,0,54
2025-07-12 19:15:16,BanBif,Jun 28,"🏠 Acciones que transforman vida.​​

36 voluntarios construyeron 05 nuevas viviendas junto a @Techo y Asociación IF, en la comunidad 17 de Marzo, San Juan de Miraflores. ​
🩵 Gracias por ser parte de la experiencia que suma futuro.​​

#BanBif #Banco #Techo #AsociaciónIF #Volunta",0,0,0,0,93
2025-07-12 19:15:16,BanBif,Jun 26,"Danitza trasladó su CTS a BanBif…y ahora no solo duerme tranquila, también tiene narrador que lo confirma. 😌🎙️

Porque cuando sabes qué es tu CTS y dónde tenerla, vives con más tranquilidad.

banbif.com.pe/Personas/Cuent…",0,1,2,0,79
2025-07-12 19:15:16,BanBif,Jun 26,"☁️ Todo gran sueño empieza con el simple hábito de ahorrar.​

Con tu Cuenta Ahorro Digital, cada sol cuenta: sin monto mínimo, sin mantenimiento y una TREA promocional de 4% en soles.​
​
📍 Más información: banbif.com.pe/Personas/Cuent…​

#BanBif #Banco #CuentaAhorroDigital",0,0,0,0,172
2025-07-12 19:15:16,BanBif,Jun 26,"Encontrar tu match perfecto es más fácil cuando se trata de ahorrar ✨🌺​

Abre tu Dúo Genial en BanBif y podrías ganar S/50,000, acceder a más de 100 descuentos exclusivos con ClubHOLA, y una tasa de 4.3% TREA en soles.​

👉 banbif.com.pe/duo-genial",0,0,0,0,52
2025-07-12 19:15:16,BanBif,Jun 24,"Con el programa de beneficios #ClubHola, consigue descuentos exclusivos en tus marcas favoritas como Crepier y disfruta de muchos más. Además, accede gratis al contenido digital de El Comercio. ¡Y repite las veces que quieras! Más info en 👉 clubhola.pe",0,0,0,0,39
2025-07-12 19:15:16,BanBif,Jun 24,"🩵Pequeños aprendizajes que transforman futuros.​
​
☝️🥸 Con Enseña Perú, llevamos educación financiera a los niños de Ica.​
​
#BanBif #Banco #Voluntariado #EnseñaPeru",0,0,0,0,55
2025-07-12 19:15:16,BanBif,Jun 23,"😔 Hay cosas que no vuelven, que tu plata no sea una de ellas. ​
​
📲 Usa Plin desde tu BanBif App.​
​
📍Conoce más en: banbif.com.pe/bancadigital​
​
#Banco #BanBif",0,0,1,0,167
2025-07-12 19:15:16,BanBif,Jun 19,"🐶 Este año nos volvemos a sumar a la #Patatón2025
Un evento que abre puertas y corazones para que más perritos encuentren un hogar lleno de amor.

Los esperamos:
📅 Fecha: Sábado 28 y domingo 29
⏰ Hora: 10:00 a.m.

📍 Circuito Mágico del Agua – Puerta 4 ¡INGRESO LIBRE!",0,1,1,0,82
2025-07-12 19:15:16,BanBif,Jun 16,"😉 A veces solo necesitas un antojo, y los descuentos del ClubHOLA, para alegrarte el día.​

📍Más información aquí: clubhola.pe​

#BanBif #Banco #ClubHOLA",0,1,0,0,62
2025-07-12 19:15:16,BanBif,Jun 13,"Esta vez, quisimos escuchar a nuestros papis en BanBif. Ellos nos recordaron que ser papá es dejar huella todos los días: en casa, en el trabajo y en cada momento compartido. 👔 ¡Gracias por estar siempre presentes y por enseñar con amor y compromiso! #BanBif",0,0,0,0,59
2025-07-12 20:20:42,BanBif,3 h,"❄️ ¿Eres team frío?​​​

📲¡Este plan es para ti! ¡Con el programa de beneficios de ClubHOLA, tienes descuentos ilimitados! Disfruta del 50% de descuento en Perú on Ice y úsalos las veces que quieras. ✨​​

📍Más información aquí: clubhola.pe​​
#BanBif #Banco #ClubHOLA",0,0,1,0,19
2025-07-12 20:20:42,BanBif,Jul 11,"¿Enfermo? No exactamente...​
Solo tengo viajitis aguda.🏖️🕶️​
Y la única receta es:​
✔️ Sol​
✔️ Descanso​
✔️ Y descuentos ilimitados con ClubHOLA​

ClubHOLA: tú pon la excusa, nosotros los destinos. ✈️​
Más información en clubhola.pe​
#ClubHola #DescuentosConEstilo",0,0,0,0,18
2025-07-12 20:20:42,BanBif,Jul 11,"🐶 Activa tu instinto protector.
✨Con tu Seguro Pet Lover, el seguro para ti con beneficios para tu mascota, tu engreído cuenta con protección, asistencia y beneficios exclusivos.
📷 banbif.com.pe/Personas/Fondo…",0,0,1,0,29
2025-07-12 20:20:42,BanBif,Jul 11,"📅 ¿Cuál es el calendario de tu Tarjeta de Crédito?​ Este es clave para organizarte y sacarle el máximo provecho.🧠💳 
✅ Conoce tu ciclo de facturación y pago ​
✅ Planifica ​
✅ Usa tu tarjeta y aprovecha sus beneficios 
#BanBif #EducaciónFinanciera #TuTarjetaTuControl",0,0,0,0,24
2025-07-12 20:20:42,BanBif,Jul 9,"🎁 Cuando le compras un regalo a tu bestie… pero eres cero buena guardando secretos.😂
Así como ella no puede ocultarlo, nosotros tampoco.
Con nuestra Cuenta Ahorro Digital, no hay cobros escondidos.
👉 banbif.com.pe/Personas/Cuent…",0,0,0,0,31
2025-07-12 20:20:42,BanBif,Jul 7,"Tu familia no es un cajero automático, pero nosotros sí podemos ayudarte.💸 Solicita tu Préstamo Efectivo en BanBif y accede a ese dinero que necesitas, al instante.
👉 banbif.com.pe/Home/Personas/…",0,0,0,0,84
2025-07-12 20:20:42,BanBif,Jul 4,"¿Te dicen “NOOOO” cada vez que pides el carro?​
Es momento de manejar el tuyo, con nuestro Préstamo Vehicular BanBif, tener tu auto es más fácil de lo que crees.​
​
Más info aquí: banbif.com.pe/Personas/Prest….​

#AutoPropioYa #BanBif #PréstamoVehicular",0,0,0,0,65
2025-07-12 20:20:42,BanBif,Jul 3,"En BanBif creemos en un mundo donde ningún perrito esté solo. Por eso, fuimos parte de la Patatón 2025, una jornada llena de amor y esperanza para los peluditos que buscan familia.🐶✨
👉 banbif.com.pe/Personas/Fondo…",1,0,0,0,65
2025-07-12 20:20:42,BanBif,Jul 1,"Hay cosas que no funcionan solas...
Pero en tus finanzas si, con tu dúo genial 💪💰👉 Cuenta Ahorro Genial + Cuenta Ahorro Digital de BanBif. Una te da chance de ganar S/50,000, la otra te paga más por ahorrar.

Más info: banbif.com.pe/duo-genial",0,0,0,0,56
2025-07-12 20:20:42,BanBif,Jul 1,"🔒 Recuerda: protege tus datos.​ 👀 Lo que compartes en redes puede poner en riesgo tu seguridad financiera.​ ¡Que no te sorprendan!​

#BanBif #Banco #NoMásFraudes",0,0,1,0,54
2025-07-12 20:20:42,BanBif,Jun 28,"🏠 Acciones que transforman vida.​​

36 voluntarios construyeron 05 nuevas viviendas junto a @Techo y Asociación IF, en la comunidad 17 de Marzo, San Juan de Miraflores. ​
🩵 Gracias por ser parte de la experiencia que suma futuro.​​

#BanBif #Banco #Techo #AsociaciónIF #Volunta",0,0,0,0,93
2025-07-12 20:20:42,BanBif,Jun 26,"Danitza trasladó su CTS a BanBif…y ahora no solo duerme tranquila, también tiene narrador que lo confirma. 😌🎙️

Porque cuando sabes qué es tu CTS y dónde tenerla, vives con más tranquilidad.

banbif.com.pe/Personas/Cuent…",0,1,2,0,79
2025-07-12 20:20:42,BanBif,Jun 26,"☁️ Todo gran sueño empieza con el simple hábito de ahorrar.​

Con tu Cuenta Ahorro Digital, cada sol cuenta: sin monto mínimo, sin mantenimiento y una TREA promocional de 4% en soles.​
​
📍 Más información: banbif.com.pe/Personas/Cuent…​

#BanBif #Banco #CuentaAhorroDigital",0,0,0,0,172
2025-07-12 20:20:42,BanBif,Jun 26,"Encontrar tu match perfecto es más fácil cuando se trata de ahorrar ✨🌺​

Abre tu Dúo Genial en BanBif y podrías ganar S/50,000, acceder a más de 100 descuentos exclusivos con ClubHOLA, y una tasa de 4.3% TREA en soles.​

👉 banbif.com.pe/duo-genial",0,0,0,0,52
2025-07-12 20:20:42,BanBif,Jun 24,"Con el programa de beneficios #ClubHola, consigue descuentos exclusivos en tus marcas favoritas como Crepier y disfruta de muchos más. Además, accede gratis al contenido digital de El Comercio. ¡Y repite las veces que quieras! Más info en 👉 clubhola.pe",0,0,0,0,39
2025-07-12 20:20:42,BanBif,Jun 24,"🩵Pequeños aprendizajes que transforman futuros.​
​
☝️🥸 Con Enseña Perú, llevamos educación financiera a los niños de Ica.​
​
#BanBif #Banco #Voluntariado #EnseñaPeru",0,0,0,0,55
2025-07-12 20:20:42,BanBif,Jun 23,"😔 Hay cosas que no vuelven, que tu plata no sea una de ellas. ​
​
📲 Usa Plin desde tu BanBif App.​
​
📍Conoce más en: banbif.com.pe/bancadigital​
​
#Banco #BanBif",0,0,1,0,167
2025-07-12 20:20:42,BanBif,Jun 19,"🐶 Este año nos volvemos a sumar a la #Patatón2025
Un evento que abre puertas y corazones para que más perritos encuentren un hogar lleno de amor.

Los esperamos:
📅 Fecha: Sábado 28 y domingo 29
⏰ Hora: 10:00 a.m.

📍 Circuito Mágico del Agua – Puerta 4 ¡INGRESO LIBRE!",0,1,1,0,82
2025-07-12 20:20:42,BanBif,Jun 16,"😉 A veces solo necesitas un antojo, y los descuentos del ClubHOLA, para alegrarte el día.​

📍Más información aquí: clubhola.pe​

#BanBif #Banco #ClubHOLA",0,1,0,0,62
2025-07-12 20:20:42,BanBif,Jun 13,"Esta vez, quisimos escuchar a nuestros papis en BanBif. Ellos nos recordaron que ser papá es dejar huella todos los días: en casa, en el trabajo y en cada momento compartido. 👔 ¡Gracias por estar siempre presentes y por enseñar con amor y compromiso! #BanBif",0,0,0,0,59
2025-07-12 22:18:43,BanBif,5 h,"❄️ ¿Eres team frío?​​​

📲¡Este plan es para ti! ¡Con el programa de beneficios de ClubHOLA, tienes descuentos ilimitados! Disfruta del 50% de descuento en Perú on Ice y úsalos las veces que quieras. ✨​​

📍Más información aquí: clubhola.pe​​
#BanBif #Banco #ClubHOLA",0,0,1,0,22
2025-07-12 22:18:43,BanBif,Jul 11,"¿Enfermo? No exactamente...​
Solo tengo viajitis aguda.🏖️🕶️​
Y la única receta es:​
✔️ Sol​
✔️ Descanso​
✔️ Y descuentos ilimitados con ClubHOLA​

ClubHOLA: tú pon la excusa, nosotros los destinos. ✈️​
Más información en clubhola.pe​
#ClubHola #DescuentosConEstilo",0,0,0,0,19
2025-07-12 22:18:43,BanBif,Jul 11,"🐶 Activa tu instinto protector.
✨Con tu Seguro Pet Lover, el seguro para ti con beneficios para tu mascota, tu engreído cuenta con protección, asistencia y beneficios exclusivos.
📷 banbif.com.pe/Personas/Fondo…",0,0,1,0,31
2025-07-12 22:18:43,BanBif,Jul 11,"📅 ¿Cuál es el calendario de tu Tarjeta de Crédito?​ Este es clave para organizarte y sacarle el máximo provecho.🧠💳 
✅ Conoce tu ciclo de facturación y pago ​
✅ Planifica ​
✅ Usa tu tarjeta y aprovecha sus beneficios 
#BanBif #EducaciónFinanciera #TuTarjetaTuControl",0,0,0,0,25
2025-07-12 22:18:43,BanBif,Jul 9,"🎁 Cuando le compras un regalo a tu bestie… pero eres cero buena guardando secretos.😂
Así como ella no puede ocultarlo, nosotros tampoco.
Con nuestra Cuenta Ahorro Digital, no hay cobros escondidos.
👉 banbif.com.pe/Personas/Cuent…",0,0,0,0,31
2025-07-12 22:18:43,BanBif,Jul 7,"Tu familia no es un cajero automático, pero nosotros sí podemos ayudarte.💸 Solicita tu Préstamo Efectivo en BanBif y accede a ese dinero que necesitas, al instante.
👉 banbif.com.pe/Home/Personas/…",0,0,0,0,86
2025-07-12 22:18:43,BanBif,Jul 4,"¿Te dicen “NOOOO” cada vez que pides el carro?​
Es momento de manejar el tuyo, con nuestro Préstamo Vehicular BanBif, tener tu auto es más fácil de lo que crees.​
​
Más info aquí: banbif.com.pe/Personas/Prest….​

#AutoPropioYa #BanBif #PréstamoVehicular",0,0,0,0,65
2025-07-12 22:18:43,BanBif,Jul 3,"En BanBif creemos en un mundo donde ningún perrito esté solo. Por eso, fuimos parte de la Patatón 2025, una jornada llena de amor y esperanza para los peluditos que buscan familia.🐶✨
👉 banbif.com.pe/Personas/Fondo…",1,0,0,0,65
2025-07-12 22:18:43,BanBif,Jul 1,"Hay cosas que no funcionan solas...
Pero en tus finanzas si, con tu dúo genial 💪💰👉 Cuenta Ahorro Genial + Cuenta Ahorro Digital de BanBif. Una te da chance de ganar S/50,000, la otra te paga más por ahorrar.

Más info: banbif.com.pe/duo-genial",0,0,0,0,56
2025-07-12 22:18:43,BanBif,Jul 1,"🔒 Recuerda: protege tus datos.​ 👀 Lo que compartes en redes puede poner en riesgo tu seguridad financiera.​ ¡Que no te sorprendan!​

#BanBif #Banco #NoMásFraudes",0,0,1,0,54
2025-07-12 22:18:43,BanBif,Jun 28,"🏠 Acciones que transforman vida.​​

36 voluntarios construyeron 05 nuevas viviendas junto a @Techo y Asociación IF, en la comunidad 17 de Marzo, San Juan de Miraflores. ​
🩵 Gracias por ser parte de la experiencia que suma futuro.​​

#BanBif #Banco #Techo #AsociaciónIF #Volunta",0,0,0,0,93
2025-07-12 22:18:43,BanBif,Jun 26,"Danitza trasladó su CTS a BanBif…y ahora no solo duerme tranquila, también tiene narrador que lo confirma. 😌🎙️

Porque cuando sabes qué es tu CTS y dónde tenerla, vives con más tranquilidad.

banbif.com.pe/Personas/Cuent…",0,1,2,0,79
2025-07-12 22:18:43,BanBif,Jun 26,"☁️ Todo gran sueño empieza con el simple hábito de ahorrar.​

Con tu Cuenta Ahorro Digital, cada sol cuenta: sin monto mínimo, sin mantenimiento y una TREA promocional de 4% en soles.​
​
📍 Más información: banbif.com.pe/Personas/Cuent…​

#BanBif #Banco #CuentaAhorroDigital",0,0,0,0,172
2025-07-12 22:18:43,BanBif,Jun 26,"Encontrar tu match perfecto es más fácil cuando se trata de ahorrar ✨🌺​

Abre tu Dúo Genial en BanBif y podrías ganar S/50,000, acceder a más de 100 descuentos exclusivos con ClubHOLA, y una tasa de 4.3% TREA en soles.​

👉 banbif.com.pe/duo-genial",0,0,0,0,52
2025-07-12 22:18:43,BanBif,Jun 24,"Con el programa de beneficios #ClubHola, consigue descuentos exclusivos en tus marcas favoritas como Crepier y disfruta de muchos más. Además, accede gratis al contenido digital de El Comercio. ¡Y repite las veces que quieras! Más info en 👉 clubhola.pe",0,0,0,0,39
2025-07-12 22:18:43,BanBif,Jun 24,"🩵Pequeños aprendizajes que transforman futuros.​
​
☝️🥸 Con Enseña Perú, llevamos educación financiera a los niños de Ica.​
​
#BanBif #Banco #Voluntariado #EnseñaPeru",0,0,0,0,55
2025-07-12 22:18:43,BanBif,Jun 23,"😔 Hay cosas que no vuelven, que tu plata no sea una de ellas. ​
​
📲 Usa Plin desde tu BanBif App.​
​
📍Conoce más en: banbif.com.pe/bancadigital​
​
#Banco #BanBif",0,0,1,0,167
2025-07-12 22:18:43,BanBif,Jun 19,"🐶 Este año nos volvemos a sumar a la #Patatón2025
Un evento que abre puertas y corazones para que más perritos encuentren un hogar lleno de amor.

Los esperamos:
📅 Fecha: Sábado 28 y domingo 29
⏰ Hora: 10:00 a.m.

📍 Circuito Mágico del Agua – Puerta 4 ¡INGRESO LIBRE!",0,1,1,0,82
2025-07-12 22:18:43,BanBif,Jun 16,"😉 A veces solo necesitas un antojo, y los descuentos del ClubHOLA, para alegrarte el día.​

📍Más información aquí: clubhola.pe​

#BanBif #Banco #ClubHOLA",0,1,0,0,62
2025-07-12 22:18:43,BanBif,Jun 13,"Esta vez, quisimos escuchar a nuestros papis en BanBif. Ellos nos recordaron que ser papá es dejar huella todos los días: en casa, en el trabajo y en cada momento compartido. 👔 ¡Gracias por estar siempre presentes y por enseñar con amor y compromiso! #BanBif",0,0,0,0,59
2025-07-12 23:19:45,BanBif,6 h,"❄️ ¿Eres team frío?​​​

📲¡Este plan es para ti! ¡Con el programa de beneficios de ClubHOLA, tienes descuentos ilimitados! Disfruta del 50% de descuento en Perú on Ice y úsalos las veces que quieras. ✨​​

📍Más información aquí: clubhola.pe​​
#BanBif #Banco #ClubHOLA",0,0,1,0,24
2025-07-12 23:19:45,BanBif,Jul 11,"¿Enfermo? No exactamente...​
Solo tengo viajitis aguda.🏖️🕶️​
Y la única receta es:​
✔️ Sol​
✔️ Descanso​
✔️ Y descuentos ilimitados con ClubHOLA​

ClubHOLA: tú pon la excusa, nosotros los destinos. ✈️​
Más información en clubhola.pe​
#ClubHola #DescuentosConEstilo",0,0,0,0,19
2025-07-12 23:19:45,BanBif,Jul 11,"🐶 Activa tu instinto protector.
✨Con tu Seguro Pet Lover, el seguro para ti con beneficios para tu mascota, tu engreído cuenta con protección, asistencia y beneficios exclusivos.
📷 banbif.com.pe/Personas/Fondo…",0,0,1,0,32
2025-07-12 23:19:45,BanBif,Jul 11,"📅 ¿Cuál es el calendario de tu Tarjeta de Crédito?​ Este es clave para organizarte y sacarle el máximo provecho.🧠💳 
✅ Conoce tu ciclo de facturación y pago ​
✅ Planifica ​
✅ Usa tu tarjeta y aprovecha sus beneficios 
#BanBif #EducaciónFinanciera #TuTarjetaTuControl",0,0,0,0,26
2025-07-12 23:19:45,BanBif,Jul 9,"🎁 Cuando le compras un regalo a tu bestie… pero eres cero buena guardando secretos.😂
Así como ella no puede ocultarlo, nosotros tampoco.
Con nuestra Cuenta Ahorro Digital, no hay cobros escondidos.
👉 banbif.com.pe/Personas/Cuent…",0,0,0,0,31
2025-07-12 23:19:45,BanBif,Jul 7,"Tu familia no es un cajero automático, pero nosotros sí podemos ayudarte.💸 Solicita tu Préstamo Efectivo en BanBif y accede a ese dinero que necesitas, al instante.
👉 banbif.com.pe/Home/Personas/…",0,0,0,0,87
2025-07-12 23:19:45,BanBif,Jul 4,"¿Te dicen “NOOOO” cada vez que pides el carro?​
Es momento de manejar el tuyo, con nuestro Préstamo Vehicular BanBif, tener tu auto es más fácil de lo que crees.​
​
Más info aquí: banbif.com.pe/Personas/Prest….​

#AutoPropioYa #BanBif #PréstamoVehicular",0,0,0,0,66
2025-07-12 23:19:45,BanBif,Jul 3,"En BanBif creemos en un mundo donde ningún perrito esté solo. Por eso, fuimos parte de la Patatón 2025, una jornada llena de amor y esperanza para los peluditos que buscan familia.🐶✨
👉 banbif.com.pe/Personas/Fondo…",1,0,0,0,65
2025-07-12 23:19:45,BanBif,Jul 1,"Hay cosas que no funcionan solas...
Pero en tus finanzas si, con tu dúo genial 💪💰👉 Cuenta Ahorro Genial + Cuenta Ahorro Digital de BanBif. Una te da chance de ganar S/50,000, la otra te paga más por ahorrar.

Más info: banbif.com.pe/duo-genial",0,0,0,0,56
2025-07-12 23:19:45,BanBif,Jul 1,"🔒 Recuerda: protege tus datos.​ 👀 Lo que compartes en redes puede poner en riesgo tu seguridad financiera.​ ¡Que no te sorprendan!​

#BanBif #Banco #NoMásFraudes",0,0,1,0,54
2025-07-12 23:19:45,BanBif,Jun 28,"🏠 Acciones que transforman vida.​​

36 voluntarios construyeron 05 nuevas viviendas junto a @Techo y Asociación IF, en la comunidad 17 de Marzo, San Juan de Miraflores. ​
🩵 Gracias por ser parte de la experiencia que suma futuro.​​

#BanBif #Banco #Techo #AsociaciónIF #Volunta",0,0,0,0,93
2025-07-12 23:19:45,BanBif,Jun 26,"Danitza trasladó su CTS a BanBif…y ahora no solo duerme tranquila, también tiene narrador que lo confirma. 😌🎙️

Porque cuando sabes qué es tu CTS y dónde tenerla, vives con más tranquilidad.

banbif.com.pe/Personas/Cuent…",0,1,2,0,79
2025-07-12 23:19:45,BanBif,Jun 26,"☁️ Todo gran sueño empieza con el simple hábito de ahorrar.​

Con tu Cuenta Ahorro Digital, cada sol cuenta: sin monto mínimo, sin mantenimiento y una TREA promocional de 4% en soles.​
​
📍 Más información: banbif.com.pe/Personas/Cuent…​

#BanBif #Banco #CuentaAhorroDigital",0,0,0,0,172
2025-07-12 23:19:45,BanBif,Jun 26,"Encontrar tu match perfecto es más fácil cuando se trata de ahorrar ✨🌺​

Abre tu Dúo Genial en BanBif y podrías ganar S/50,000, acceder a más de 100 descuentos exclusivos con ClubHOLA, y una tasa de 4.3% TREA en soles.​

👉 banbif.com.pe/duo-genial",0,0,0,0,52
2025-07-12 23:19:45,BanBif,Jun 24,"Con el programa de beneficios #ClubHola, consigue descuentos exclusivos en tus marcas favoritas como Crepier y disfruta de muchos más. Además, accede gratis al contenido digital de El Comercio. ¡Y repite las veces que quieras! Más info en 👉 clubhola.pe",0,0,0,0,39
2025-07-12 23:19:45,BanBif,Jun 24,"🩵Pequeños aprendizajes que transforman futuros.​
​
☝️🥸 Con Enseña Perú, llevamos educación financiera a los niños de Ica.​
​
#BanBif #Banco #Voluntariado #EnseñaPeru",0,0,0,0,55
2025-07-12 23:19:45,BanBif,Jun 23,"😔 Hay cosas que no vuelven, que tu plata no sea una de ellas. ​
​
📲 Usa Plin desde tu BanBif App.​
​
📍Conoce más en: banbif.com.pe/bancadigital​
​
#Banco #BanBif",0,0,1,0,168
2025-07-12 23:19:45,BanBif,Jun 19,"🐶 Este año nos volvemos a sumar a la #Patatón2025
Un evento que abre puertas y corazones para que más perritos encuentren un hogar lleno de amor.

Los esperamos:
📅 Fecha: Sábado 28 y domingo 29
⏰ Hora: 10:00 a.m.

📍 Circuito Mágico del Agua – Puerta 4 ¡INGRESO LIBRE!",0,1,1,0,82
2025-07-12 23:19:45,BanBif,Jun 16,"😉 A veces solo necesitas un antojo, y los descuentos del ClubHOLA, para alegrarte el día.​

📍Más información aquí: clubhola.pe​

#BanBif #Banco #ClubHOLA",0,1,0,0,62
2025-07-12 23:19:45,BanBif,Jun 13,"Esta vez, quisimos escuchar a nuestros papis en BanBif. Ellos nos recordaron que ser papá es dejar huella todos los días: en casa, en el trabajo y en cada momento compartido. 👔 ¡Gracias por estar siempre presentes y por enseñar con amor y compromiso! #BanBif",0,0,0,0,59
2025-07-13 01:52:36,BanBif,9 h,"❄️ ¿Eres team frío?​​​

📲¡Este plan es para ti! ¡Con el programa de beneficios de ClubHOLA, tienes descuentos ilimitados! Disfruta del 50% de descuento en Perú on Ice y úsalos las veces que quieras. ✨​​

📍Más información aquí: clubhola.pe​​
#BanBif #Banco #ClubHOLA",0,0,1,0,24
2025-07-13 01:52:36,BanBif,Jul 11,"¿Enfermo? No exactamente...​
Solo tengo viajitis aguda.🏖️🕶️​
Y la única receta es:​
✔️ Sol​
✔️ Descanso​
✔️ Y descuentos ilimitados con ClubHOLA​

ClubHOLA: tú pon la excusa, nosotros los destinos. ✈️​
Más información en clubhola.pe​
#ClubHola #DescuentosConEstilo",0,0,0,0,19
2025-07-13 01:52:36,BanBif,Jul 11,"🐶 Activa tu instinto protector.
✨Con tu Seguro Pet Lover, el seguro para ti con beneficios para tu mascota, tu engreído cuenta con protección, asistencia y beneficios exclusivos.
📷 banbif.com.pe/Personas/Fondo…",0,0,1,0,32
2025-07-13 01:52:36,BanBif,Jul 11,"📅 ¿Cuál es el calendario de tu Tarjeta de Crédito?​ Este es clave para organizarte y sacarle el máximo provecho.🧠💳 
✅ Conoce tu ciclo de facturación y pago ​
✅ Planifica ​
✅ Usa tu tarjeta y aprovecha sus beneficios 
#BanBif #EducaciónFinanciera #TuTarjetaTuControl",0,0,0,0,26
2025-07-13 01:52:36,BanBif,Jul 9,"🎁 Cuando le compras un regalo a tu bestie… pero eres cero buena guardando secretos.😂
Así como ella no puede ocultarlo, nosotros tampoco.
Con nuestra Cuenta Ahorro Digital, no hay cobros escondidos.
👉 banbif.com.pe/Personas/Cuent…",0,0,0,0,31
2025-07-13 01:52:36,BanBif,Jul 7,"Tu familia no es un cajero automático, pero nosotros sí podemos ayudarte.💸 Solicita tu Préstamo Efectivo en BanBif y accede a ese dinero que necesitas, al instante.
👉 banbif.com.pe/Home/Personas/…",0,0,0,0,87
2025-07-13 01:52:36,BanBif,Jul 4,"¿Te dicen “NOOOO” cada vez que pides el carro?​
Es momento de manejar el tuyo, con nuestro Préstamo Vehicular BanBif, tener tu auto es más fácil de lo que crees.​
​
Más info aquí: banbif.com.pe/Personas/Prest….​

#AutoPropioYa #BanBif #PréstamoVehicular",0,0,0,0,66
2025-07-13 01:52:36,BanBif,Jul 3,"En BanBif creemos en un mundo donde ningún perrito esté solo. Por eso, fuimos parte de la Patatón 2025, una jornada llena de amor y esperanza para los peluditos que buscan familia.🐶✨
👉 banbif.com.pe/Personas/Fondo…",1,0,0,0,65
2025-07-13 01:52:36,BanBif,Jul 1,"Hay cosas que no funcionan solas...
Pero en tus finanzas si, con tu dúo genial 💪💰👉 Cuenta Ahorro Genial + Cuenta Ahorro Digital de BanBif. Una te da chance de ganar S/50,000, la otra te paga más por ahorrar.

Más info: banbif.com.pe/duo-genial",0,0,0,0,56
2025-07-13 01:52:36,BanBif,Jul 1,"🔒 Recuerda: protege tus datos.​ 👀 Lo que compartes en redes puede poner en riesgo tu seguridad financiera.​ ¡Que no te sorprendan!​

#BanBif #Banco #NoMásFraudes",0,0,1,0,54
2025-07-13 01:52:36,BanBif,Jun 28,"🏠 Acciones que transforman vida.​​

36 voluntarios construyeron 05 nuevas viviendas junto a @Techo y Asociación IF, en la comunidad 17 de Marzo, San Juan de Miraflores. ​
🩵 Gracias por ser parte de la experiencia que suma futuro.​​

#BanBif #Banco #Techo #AsociaciónIF #Volunta",0,0,0,0,93
2025-07-13 01:52:36,BanBif,Jun 26,"Danitza trasladó su CTS a BanBif…y ahora no solo duerme tranquila, también tiene narrador que lo confirma. 😌🎙️

Porque cuando sabes qué es tu CTS y dónde tenerla, vives con más tranquilidad.

banbif.com.pe/Personas/Cuent…",0,1,2,0,79
2025-07-13 01:52:36,BanBif,Jun 26,"☁️ Todo gran sueño empieza con el simple hábito de ahorrar.​

Con tu Cuenta Ahorro Digital, cada sol cuenta: sin monto mínimo, sin mantenimiento y una TREA promocional de 4% en soles.​
​
📍 Más información: banbif.com.pe/Personas/Cuent…​

#BanBif #Banco #CuentaAhorroDigital",0,0,0,0,172
2025-07-13 01:52:36,BanBif,Jun 26,"Encontrar tu match perfecto es más fácil cuando se trata de ahorrar ✨🌺​

Abre tu Dúo Genial en BanBif y podrías ganar S/50,000, acceder a más de 100 descuentos exclusivos con ClubHOLA, y una tasa de 4.3% TREA en soles.​

👉 banbif.com.pe/duo-genial",0,0,0,0,52
2025-07-13 01:52:36,BanBif,Jun 24,"Con el programa de beneficios #ClubHola, consigue descuentos exclusivos en tus marcas favoritas como Crepier y disfruta de muchos más. Además, accede gratis al contenido digital de El Comercio. ¡Y repite las veces que quieras! Más info en 👉 clubhola.pe",0,0,0,0,39
2025-07-13 01:52:36,BanBif,Jun 24,"🩵Pequeños aprendizajes que transforman futuros.​
​
☝️🥸 Con Enseña Perú, llevamos educación financiera a los niños de Ica.​
​
#BanBif #Banco #Voluntariado #EnseñaPeru",0,0,0,0,55
2025-07-13 01:52:36,BanBif,Jun 23,"😔 Hay cosas que no vuelven, que tu plata no sea una de ellas. ​
​
📲 Usa Plin desde tu BanBif App.​
​
📍Conoce más en: banbif.com.pe/bancadigital​
​
#Banco #BanBif",0,0,1,0,168
2025-07-13 01:52:36,BanBif,Jun 19,"🐶 Este año nos volvemos a sumar a la #Patatón2025
Un evento que abre puertas y corazones para que más perritos encuentren un hogar lleno de amor.

Los esperamos:
📅 Fecha: Sábado 28 y domingo 29
⏰ Hora: 10:00 a.m.

📍 Circuito Mágico del Agua – Puerta 4 ¡INGRESO LIBRE!",0,1,1,0,82
2025-07-13 01:52:36,BanBif,Jun 16,"😉 A veces solo necesitas un antojo, y los descuentos del ClubHOLA, para alegrarte el día.​

📍Más información aquí: clubhola.pe​

#BanBif #Banco #ClubHOLA",0,1,0,0,62
2025-07-13 01:52:36,BanBif,Jun 13,"Esta vez, quisimos escuchar a nuestros papis en BanBif. Ellos nos recordaron que ser papá es dejar huella todos los días: en casa, en el trabajo y en cada momento compartido. 👔 ¡Gracias por estar siempre presentes y por enseñar con amor y compromiso! #BanBif",0,0,0,0,59
2025-07-13 03:40:36,BanBif,11 h,"❄️ ¿Eres team frío?​​​

📲¡Este plan es para ti! ¡Con el programa de beneficios de ClubHOLA, tienes descuentos ilimitados! Disfruta del 50% de descuento en Perú on Ice y úsalos las veces que quieras. ✨​​

📍Más información aquí: clubhola.pe​​
#BanBif #Banco #ClubHOLA",0,0,1,0,24
2025-07-13 03:40:36,BanBif,Jul 11,"¿Enfermo? No exactamente...​
Solo tengo viajitis aguda.🏖️🕶️​
Y la única receta es:​
✔️ Sol​
✔️ Descanso​
✔️ Y descuentos ilimitados con ClubHOLA​

ClubHOLA: tú pon la excusa, nosotros los destinos. ✈️​
Más información en clubhola.pe​
#ClubHola #DescuentosConEstilo",0,0,0,0,19
2025-07-13 03:40:36,BanBif,Jul 11,"🐶 Activa tu instinto protector.
✨Con tu Seguro Pet Lover, el seguro para ti con beneficios para tu mascota, tu engreído cuenta con protección, asistencia y beneficios exclusivos.
📷 banbif.com.pe/Personas/Fondo…",0,0,1,0,32
2025-07-13 03:40:36,BanBif,Jul 11,"📅 ¿Cuál es el calendario de tu Tarjeta de Crédito?​ Este es clave para organizarte y sacarle el máximo provecho.🧠💳 
✅ Conoce tu ciclo de facturación y pago ​
✅ Planifica ​
✅ Usa tu tarjeta y aprovecha sus beneficios 
#BanBif #EducaciónFinanciera #TuTarjetaTuControl",0,0,0,0,27
2025-07-13 03:40:36,BanBif,Jul 9,"🎁 Cuando le compras un regalo a tu bestie… pero eres cero buena guardando secretos.😂
Así como ella no puede ocultarlo, nosotros tampoco.
Con nuestra Cuenta Ahorro Digital, no hay cobros escondidos.
👉 banbif.com.pe/Personas/Cuent…",0,0,0,0,31
2025-07-13 03:40:36,BanBif,Jul 7,"Tu familia no es un cajero automático, pero nosotros sí podemos ayudarte.💸 Solicita tu Préstamo Efectivo en BanBif y accede a ese dinero que necesitas, al instante.
👉 banbif.com.pe/Home/Personas/…",0,0,0,0,88
2025-07-13 03:40:36,BanBif,Jul 4,"¿Te dicen “NOOOO” cada vez que pides el carro?​
Es momento de manejar el tuyo, con nuestro Préstamo Vehicular BanBif, tener tu auto es más fácil de lo que crees.​
​
Más info aquí: banbif.com.pe/Personas/Prest….​

#AutoPropioYa #BanBif #PréstamoVehicular",0,0,0,0,66
2025-07-13 03:40:36,BanBif,Jul 3,"En BanBif creemos en un mundo donde ningún perrito esté solo. Por eso, fuimos parte de la Patatón 2025, una jornada llena de amor y esperanza para los peluditos que buscan familia.🐶✨
👉 banbif.com.pe/Personas/Fondo…",1,0,0,0,66
2025-07-13 03:40:36,BanBif,Jul 1,"Hay cosas que no funcionan solas...
Pero en tus finanzas si, con tu dúo genial 💪💰👉 Cuenta Ahorro Genial + Cuenta Ahorro Digital de BanBif. Una te da chance de ganar S/50,000, la otra te paga más por ahorrar.

Más info: banbif.com.pe/duo-genial",0,0,0,0,56
2025-07-13 03:40:36,BanBif,Jul 1,"🔒 Recuerda: protege tus datos.​ 👀 Lo que compartes en redes puede poner en riesgo tu seguridad financiera.​ ¡Que no te sorprendan!​

#BanBif #Banco #NoMásFraudes",0,0,1,0,54
2025-07-13 03:40:36,BanBif,Jun 28,"🏠 Acciones que transforman vida.​​

36 voluntarios construyeron 05 nuevas viviendas junto a @Techo y Asociación IF, en la comunidad 17 de Marzo, San Juan de Miraflores. ​
🩵 Gracias por ser parte de la experiencia que suma futuro.​​

#BanBif #Banco #Techo #AsociaciónIF #Volunta",0,0,0,0,93
2025-07-13 03:40:36,BanBif,Jun 26,"Danitza trasladó su CTS a BanBif…y ahora no solo duerme tranquila, también tiene narrador que lo confirma. 😌🎙️

Porque cuando sabes qué es tu CTS y dónde tenerla, vives con más tranquilidad.

banbif.com.pe/Personas/Cuent…",0,1,2,0,79
2025-07-13 03:40:36,BanBif,Jun 26,"☁️ Todo gran sueño empieza con el simple hábito de ahorrar.​

Con tu Cuenta Ahorro Digital, cada sol cuenta: sin monto mínimo, sin mantenimiento y una TREA promocional de 4% en soles.​
​
📍 Más información: banbif.com.pe/Personas/Cuent…​

#BanBif #Banco #CuentaAhorroDigital",0,0,0,0,172
2025-07-13 03:40:36,BanBif,Jun 26,"Encontrar tu match perfecto es más fácil cuando se trata de ahorrar ✨🌺​

Abre tu Dúo Genial en BanBif y podrías ganar S/50,000, acceder a más de 100 descuentos exclusivos con ClubHOLA, y una tasa de 4.3% TREA en soles.​

👉 banbif.com.pe/duo-genial",0,0,0,0,52
2025-07-13 03:40:36,BanBif,Jun 24,"Con el programa de beneficios #ClubHola, consigue descuentos exclusivos en tus marcas favoritas como Crepier y disfruta de muchos más. Además, accede gratis al contenido digital de El Comercio. ¡Y repite las veces que quieras! Más info en 👉 clubhola.pe",0,0,0,0,39
2025-07-13 03:40:36,BanBif,Jun 24,"🩵Pequeños aprendizajes que transforman futuros.​
​
☝️🥸 Con Enseña Perú, llevamos educación financiera a los niños de Ica.​
​
#BanBif #Banco #Voluntariado #EnseñaPeru",0,0,0,0,55
2025-07-13 03:40:36,BanBif,Jun 23,"😔 Hay cosas que no vuelven, que tu plata no sea una de ellas. ​
​
📲 Usa Plin desde tu BanBif App.​
​
📍Conoce más en: banbif.com.pe/bancadigital​
​
#Banco #BanBif",0,0,1,0,168
2025-07-13 03:40:36,BanBif,Jun 19,"🐶 Este año nos volvemos a sumar a la #Patatón2025
Un evento que abre puertas y corazones para que más perritos encuentren un hogar lleno de amor.

Los esperamos:
📅 Fecha: Sábado 28 y domingo 29
⏰ Hora: 10:00 a.m.

📍 Circuito Mágico del Agua – Puerta 4 ¡INGRESO LIBRE!",0,1,1,0,82
2025-07-13 03:40:36,BanBif,Jun 16,"😉 A veces solo necesitas un antojo, y los descuentos del ClubHOLA, para alegrarte el día.​

📍Más información aquí: clubhola.pe​

#BanBif #Banco #ClubHOLA",0,1,0,0,62
2025-07-13 03:40:36,BanBif,Jun 13,"Esta vez, quisimos escuchar a nuestros papis en BanBif. Ellos nos recordaron que ser papá es dejar huella todos los días: en casa, en el trabajo y en cada momento compartido. 👔 ¡Gracias por estar siempre presentes y por enseñar con amor y compromiso! #BanBif",0,0,0,0,59
2025-07-13 04:36:58,BanBif,12 h,"❄️ ¿Eres team frío?​​​

📲¡Este plan es para ti! ¡Con el programa de beneficios de ClubHOLA, tienes descuentos ilimitados! Disfruta del 50% de descuento en Perú on Ice y úsalos las veces que quieras. ✨​​

📍Más información aquí: clubhola.pe​​
#BanBif #Banco #ClubHOLA",0,0,1,0,25
2025-07-13 04:36:58,BanBif,Jul 11,"¿Enfermo? No exactamente...​
Solo tengo viajitis aguda.🏖️🕶️​
Y la única receta es:​
✔️ Sol​
✔️ Descanso​
✔️ Y descuentos ilimitados con ClubHOLA​

ClubHOLA: tú pon la excusa, nosotros los destinos. ✈️​
Más información en clubhola.pe​
#ClubHola #DescuentosConEstilo",0,0,0,0,19
2025-07-13 04:36:58,BanBif,Jul 11,"🐶 Activa tu instinto protector.
✨Con tu Seguro Pet Lover, el seguro para ti con beneficios para tu mascota, tu engreído cuenta con protección, asistencia y beneficios exclusivos.
📷 banbif.com.pe/Personas/Fondo…",0,0,1,0,32
2025-07-13 04:36:58,BanBif,Jul 11,"📅 ¿Cuál es el calendario de tu Tarjeta de Crédito?​ Este es clave para organizarte y sacarle el máximo provecho.🧠💳 
✅ Conoce tu ciclo de facturación y pago ​
✅ Planifica ​
✅ Usa tu tarjeta y aprovecha sus beneficios 
#BanBif #EducaciónFinanciera #TuTarjetaTuControl",0,0,0,0,27
2025-07-13 04:36:58,BanBif,Jul 9,"🎁 Cuando le compras un regalo a tu bestie… pero eres cero buena guardando secretos.😂
Así como ella no puede ocultarlo, nosotros tampoco.
Con nuestra Cuenta Ahorro Digital, no hay cobros escondidos.
👉 banbif.com.pe/Personas/Cuent…",0,0,0,0,31
2025-07-13 04:36:58,BanBif,Jul 7,"Tu familia no es un cajero automático, pero nosotros sí podemos ayudarte.💸 Solicita tu Préstamo Efectivo en BanBif y accede a ese dinero que necesitas, al instante.
👉 banbif.com.pe/Home/Personas/…",0,0,0,0,90
2025-07-13 04:36:58,BanBif,Jul 4,"¿Te dicen “NOOOO” cada vez que pides el carro?​
Es momento de manejar el tuyo, con nuestro Préstamo Vehicular BanBif, tener tu auto es más fácil de lo que crees.​
​
Más info aquí: banbif.com.pe/Personas/Prest….​

#AutoPropioYa #BanBif #PréstamoVehicular",0,0,0,0,66
2025-07-13 04:36:58,BanBif,Jul 3,"En BanBif creemos en un mundo donde ningún perrito esté solo. Por eso, fuimos parte de la Patatón 2025, una jornada llena de amor y esperanza para los peluditos que buscan familia.🐶✨
👉 banbif.com.pe/Personas/Fondo…",1,0,0,0,66
2025-07-13 04:36:58,BanBif,Jul 1,"Hay cosas que no funcionan solas...
Pero en tus finanzas si, con tu dúo genial 💪💰👉 Cuenta Ahorro Genial + Cuenta Ahorro Digital de BanBif. Una te da chance de ganar S/50,000, la otra te paga más por ahorrar.

Más info: banbif.com.pe/duo-genial",0,0,0,0,56
2025-07-13 04:36:58,BanBif,Jul 1,"🔒 Recuerda: protege tus datos.​ 👀 Lo que compartes en redes puede poner en riesgo tu seguridad financiera.​ ¡Que no te sorprendan!​

#BanBif #Banco #NoMásFraudes",0,0,1,0,54
2025-07-13 04:36:58,BanBif,Jun 28,"🏠 Acciones que transforman vida.​​

36 voluntarios construyeron 05 nuevas viviendas junto a @Techo y Asociación IF, en la comunidad 17 de Marzo, San Juan de Miraflores. ​
🩵 Gracias por ser parte de la experiencia que suma futuro.​​

#BanBif #Banco #Techo #AsociaciónIF #Volunta",0,0,0,0,93
2025-07-13 04:36:58,BanBif,Jun 26,"Danitza trasladó su CTS a BanBif…y ahora no solo duerme tranquila, también tiene narrador que lo confirma. 😌🎙️

Porque cuando sabes qué es tu CTS y dónde tenerla, vives con más tranquilidad.

banbif.com.pe/Personas/Cuent…",0,1,2,0,79
2025-07-13 04:36:58,BanBif,Jun 26,"☁️ Todo gran sueño empieza con el simple hábito de ahorrar.​

Con tu Cuenta Ahorro Digital, cada sol cuenta: sin monto mínimo, sin mantenimiento y una TREA promocional de 4% en soles.​
​
📍 Más información: banbif.com.pe/Personas/Cuent…​

#BanBif #Banco #CuentaAhorroDigital",0,0,0,0,172
2025-07-13 04:36:58,BanBif,Jun 26,"Encontrar tu match perfecto es más fácil cuando se trata de ahorrar ✨🌺​

Abre tu Dúo Genial en BanBif y podrías ganar S/50,000, acceder a más de 100 descuentos exclusivos con ClubHOLA, y una tasa de 4.3% TREA en soles.​

👉 banbif.com.pe/duo-genial",0,0,0,0,52
2025-07-13 04:36:58,BanBif,Jun 24,"Con el programa de beneficios #ClubHola, consigue descuentos exclusivos en tus marcas favoritas como Crepier y disfruta de muchos más. Además, accede gratis al contenido digital de El Comercio. ¡Y repite las veces que quieras! Más info en 👉 clubhola.pe",0,0,0,0,39
2025-07-13 04:36:58,BanBif,Jun 24,"🩵Pequeños aprendizajes que transforman futuros.​
​
☝️🥸 Con Enseña Perú, llevamos educación financiera a los niños de Ica.​
​
#BanBif #Banco #Voluntariado #EnseñaPeru",0,0,0,0,55
2025-07-13 04:36:58,BanBif,Jun 23,"😔 Hay cosas que no vuelven, que tu plata no sea una de ellas. ​
​
📲 Usa Plin desde tu BanBif App.​
​
📍Conoce más en: banbif.com.pe/bancadigital​
​
#Banco #BanBif",0,0,1,0,168
2025-07-13 04:36:58,BanBif,Jun 19,"🐶 Este año nos volvemos a sumar a la #Patatón2025
Un evento que abre puertas y corazones para que más perritos encuentren un hogar lleno de amor.

Los esperamos:
📅 Fecha: Sábado 28 y domingo 29
⏰ Hora: 10:00 a.m.

📍 Circuito Mágico del Agua – Puerta 4 ¡INGRESO LIBRE!",0,1,1,0,82
2025-07-13 04:36:58,BanBif,Jun 16,"😉 A veces solo necesitas un antojo, y los descuentos del ClubHOLA, para alegrarte el día.​

📍Más información aquí: clubhola.pe​

#BanBif #Banco #ClubHOLA",0,1,0,0,62
2025-07-13 04:36:58,BanBif,Jun 13,"Esta vez, quisimos escuchar a nuestros papis en BanBif. Ellos nos recordaron que ser papá es dejar huella todos los días: en casa, en el trabajo y en cada momento compartido. 👔 ¡Gracias por estar siempre presentes y por enseñar con amor y compromiso! #BanBif",0,0,0,0,59
2025-07-13 05:21:19,BanBif,12 h,"❄️ ¿Eres team frío?​​​

📲¡Este plan es para ti! ¡Con el programa de beneficios de ClubHOLA, tienes descuentos ilimitados! Disfruta del 50% de descuento en Perú on Ice y úsalos las veces que quieras. ✨​​

📍Más información aquí: clubhola.pe​​
#BanBif #Banco #ClubHOLA",0,0,1,0,25
2025-07-13 05:21:19,BanBif,Jul 11,"¿Enfermo? No exactamente...​
Solo tengo viajitis aguda.🏖️🕶️​
Y la única receta es:​
✔️ Sol​
✔️ Descanso​
✔️ Y descuentos ilimitados con ClubHOLA​

ClubHOLA: tú pon la excusa, nosotros los destinos. ✈️​
Más información en clubhola.pe​
#ClubHola #DescuentosConEstilo",0,0,0,0,19
2025-07-13 05:21:19,BanBif,Jul 11,"🐶 Activa tu instinto protector.
✨Con tu Seguro Pet Lover, el seguro para ti con beneficios para tu mascota, tu engreído cuenta con protección, asistencia y beneficios exclusivos.
📷 banbif.com.pe/Personas/Fondo…",0,0,1,0,32
2025-07-13 05:21:19,BanBif,Jul 11,"📅 ¿Cuál es el calendario de tu Tarjeta de Crédito?​ Este es clave para organizarte y sacarle el máximo provecho.🧠💳 
✅ Conoce tu ciclo de facturación y pago ​
✅ Planifica ​
✅ Usa tu tarjeta y aprovecha sus beneficios 
#BanBif #EducaciónFinanciera #TuTarjetaTuControl",0,0,0,0,27
2025-07-13 05:21:19,BanBif,Jul 9,"🎁 Cuando le compras un regalo a tu bestie… pero eres cero buena guardando secretos.😂
Así como ella no puede ocultarlo, nosotros tampoco.
Con nuestra Cuenta Ahorro Digital, no hay cobros escondidos.
👉 banbif.com.pe/Personas/Cuent…",0,0,0,0,31
2025-07-13 05:21:19,BanBif,Jul 7,"Tu familia no es un cajero automático, pero nosotros sí podemos ayudarte.💸 Solicita tu Préstamo Efectivo en BanBif y accede a ese dinero que necesitas, al instante.
👉 banbif.com.pe/Home/Personas/…",0,0,0,0,91
2025-07-13 05:21:19,BanBif,Jul 4,"¿Te dicen “NOOOO” cada vez que pides el carro?​
Es momento de manejar el tuyo, con nuestro Préstamo Vehicular BanBif, tener tu auto es más fácil de lo que crees.​
​
Más info aquí: banbif.com.pe/Personas/Prest….​

#AutoPropioYa #BanBif #PréstamoVehicular",0,0,0,0,66
2025-07-13 05:21:19,BanBif,Jul 3,"En BanBif creemos en un mundo donde ningún perrito esté solo. Por eso, fuimos parte de la Patatón 2025, una jornada llena de amor y esperanza para los peluditos que buscan familia.🐶✨
👉 banbif.com.pe/Personas/Fondo…",1,0,0,0,66
2025-07-13 05:21:19,BanBif,Jul 1,"Hay cosas que no funcionan solas...
Pero en tus finanzas si, con tu dúo genial 💪💰👉 Cuenta Ahorro Genial + Cuenta Ahorro Digital de BanBif. Una te da chance de ganar S/50,000, la otra te paga más por ahorrar.

Más info: banbif.com.pe/duo-genial",0,0,0,0,56
2025-07-13 05:21:19,BanBif,Jul 1,"🔒 Recuerda: protege tus datos.​ 👀 Lo que compartes en redes puede poner en riesgo tu seguridad financiera.​ ¡Que no te sorprendan!​

#BanBif #Banco #NoMásFraudes",0,0,1,0,54
2025-07-13 05:21:19,BanBif,Jun 28,"🏠 Acciones que transforman vida.​​

36 voluntarios construyeron 05 nuevas viviendas junto a @Techo y Asociación IF, en la comunidad 17 de Marzo, San Juan de Miraflores. ​
🩵 Gracias por ser parte de la experiencia que suma futuro.​​

#BanBif #Banco #Techo #AsociaciónIF #Volunta",0,0,0,0,93
2025-07-13 05:21:19,BanBif,Jun 26,"Danitza trasladó su CTS a BanBif…y ahora no solo duerme tranquila, también tiene narrador que lo confirma. 😌🎙️

Porque cuando sabes qué es tu CTS y dónde tenerla, vives con más tranquilidad.

banbif.com.pe/Personas/Cuent…",0,1,2,0,79
2025-07-13 05:21:19,BanBif,Jun 26,"☁️ Todo gran sueño empieza con el simple hábito de ahorrar.​

Con tu Cuenta Ahorro Digital, cada sol cuenta: sin monto mínimo, sin mantenimiento y una TREA promocional de 4% en soles.​
​
📍 Más información: banbif.com.pe/Personas/Cuent…​

#BanBif #Banco #CuentaAhorroDigital",0,0,0,0,172
2025-07-13 05:21:19,BanBif,Jun 26,"Encontrar tu match perfecto es más fácil cuando se trata de ahorrar ✨🌺​

Abre tu Dúo Genial en BanBif y podrías ganar S/50,000, acceder a más de 100 descuentos exclusivos con ClubHOLA, y una tasa de 4.3% TREA en soles.​

👉 banbif.com.pe/duo-genial",0,0,0,0,52
2025-07-13 05:21:19,BanBif,Jun 24,"Con el programa de beneficios #ClubHola, consigue descuentos exclusivos en tus marcas favoritas como Crepier y disfruta de muchos más. Además, accede gratis al contenido digital de El Comercio. ¡Y repite las veces que quieras! Más info en 👉 clubhola.pe",0,0,0,0,39
2025-07-13 05:21:19,BanBif,Jun 24,"🩵Pequeños aprendizajes que transforman futuros.​
​
☝️🥸 Con Enseña Perú, llevamos educación financiera a los niños de Ica.​
​
#BanBif #Banco #Voluntariado #EnseñaPeru",0,0,0,0,55
2025-07-13 05:21:19,BanBif,Jun 23,"😔 Hay cosas que no vuelven, que tu plata no sea una de ellas. ​
​
📲 Usa Plin desde tu BanBif App.​
​
📍Conoce más en: banbif.com.pe/bancadigital​
​
#Banco #BanBif",0,0,1,0,168
2025-07-13 05:21:19,BanBif,Jun 19,"🐶 Este año nos volvemos a sumar a la #Patatón2025
Un evento que abre puertas y corazones para que más perritos encuentren un hogar lleno de amor.

Los esperamos:
📅 Fecha: Sábado 28 y domingo 29
⏰ Hora: 10:00 a.m.

📍 Circuito Mágico del Agua – Puerta 4 ¡INGRESO LIBRE!",0,1,1,0,82
2025-07-13 05:21:19,BanBif,Jun 16,"😉 A veces solo necesitas un antojo, y los descuentos del ClubHOLA, para alegrarte el día.​

📍Más información aquí: clubhola.pe​

#BanBif #Banco #ClubHOLA",0,1,0,0,62
2025-07-13 05:21:19,BanBif,Jun 13,"Esta vez, quisimos escuchar a nuestros papis en BanBif. Ellos nos recordaron que ser papá es dejar huella todos los días: en casa, en el trabajo y en cada momento compartido. 👔 ¡Gracias por estar siempre presentes y por enseñar con amor y compromiso! #BanBif",0,0,0,0,59
2025-07-13 06:29:03,BanBif,13 h,"❄️ ¿Eres team frío?​​​

📲¡Este plan es para ti! ¡Con el programa de beneficios de ClubHOLA, tienes descuentos ilimitados! Disfruta del 50% de descuento en Perú on Ice y úsalos las veces que quieras. ✨​​

📍Más información aquí: clubhola.pe​​
#BanBif #Banco #ClubHOLA",0,0,2,0,30
2025-07-13 06:29:03,BanBif,Jul 11,"¿Enfermo? No exactamente...​
Solo tengo viajitis aguda.🏖️🕶️​
Y la única receta es:​
✔️ Sol​
✔️ Descanso​
✔️ Y descuentos ilimitados con ClubHOLA​

ClubHOLA: tú pon la excusa, nosotros los destinos. ✈️​
Más información en clubhola.pe​
#ClubHola #DescuentosConEstilo",0,0,0,0,21
2025-07-13 06:29:03,BanBif,Jul 11,"🐶 Activa tu instinto protector.
✨Con tu Seguro Pet Lover, el seguro para ti con beneficios para tu mascota, tu engreído cuenta con protección, asistencia y beneficios exclusivos.
📷 banbif.com.pe/Personas/Fondo…",0,0,1,0,34
2025-07-13 06:29:03,BanBif,Jul 11,"📅 ¿Cuál es el calendario de tu Tarjeta de Crédito?​ Este es clave para organizarte y sacarle el máximo provecho.🧠💳 
✅ Conoce tu ciclo de facturación y pago ​
✅ Planifica ​
✅ Usa tu tarjeta y aprovecha sus beneficios 
#BanBif #EducaciónFinanciera #TuTarjetaTuControl",0,0,0,0,28
2025-07-13 06:29:03,BanBif,Jul 9,"🎁 Cuando le compras un regalo a tu bestie… pero eres cero buena guardando secretos.😂
Así como ella no puede ocultarlo, nosotros tampoco.
Con nuestra Cuenta Ahorro Digital, no hay cobros escondidos.
👉 banbif.com.pe/Personas/Cuent…",0,0,0,0,32
2025-07-13 06:29:03,BanBif,Jul 7,"Tu familia no es un cajero automático, pero nosotros sí podemos ayudarte.💸 Solicita tu Préstamo Efectivo en BanBif y accede a ese dinero que necesitas, al instante.
👉 banbif.com.pe/Home/Personas/…",0,0,0,0,92
2025-07-13 06:29:03,BanBif,Jul 4,"¿Te dicen “NOOOO” cada vez que pides el carro?​
Es momento de manejar el tuyo, con nuestro Préstamo Vehicular BanBif, tener tu auto es más fácil de lo que crees.​
​
Más info aquí: banbif.com.pe/Personas/Prest….​

#AutoPropioYa #BanBif #PréstamoVehicular",0,0,0,0,66
2025-07-13 06:29:03,BanBif,Jul 3,"En BanBif creemos en un mundo donde ningún perrito esté solo. Por eso, fuimos parte de la Patatón 2025, una jornada llena de amor y esperanza para los peluditos que buscan familia.🐶✨
👉 banbif.com.pe/Personas/Fondo…",1,0,0,0,66
2025-07-13 06:29:03,BanBif,Jul 1,"Hay cosas que no funcionan solas...
Pero en tus finanzas si, con tu dúo genial 💪💰👉 Cuenta Ahorro Genial + Cuenta Ahorro Digital de BanBif. Una te da chance de ganar S/50,000, la otra te paga más por ahorrar.

Más info: banbif.com.pe/duo-genial",0,0,0,0,56
2025-07-13 06:29:03,BanBif,Jul 1,"🔒 Recuerda: protege tus datos.​ 👀 Lo que compartes en redes puede poner en riesgo tu seguridad financiera.​ ¡Que no te sorprendan!​

#BanBif #Banco #NoMásFraudes",0,0,1,0,54
2025-07-13 06:29:03,BanBif,Jun 28,"🏠 Acciones que transforman vida.​​

36 voluntarios construyeron 05 nuevas viviendas junto a @Techo y Asociación IF, en la comunidad 17 de Marzo, San Juan de Miraflores. ​
🩵 Gracias por ser parte de la experiencia que suma futuro.​​

#BanBif #Banco #Techo #AsociaciónIF #Volunta",0,0,0,0,93
2025-07-13 06:29:03,BanBif,Jun 26,"Danitza trasladó su CTS a BanBif…y ahora no solo duerme tranquila, también tiene narrador que lo confirma. 😌🎙️

Porque cuando sabes qué es tu CTS y dónde tenerla, vives con más tranquilidad.

banbif.com.pe/Personas/Cuent…",0,1,2,0,79
2025-07-13 06:29:03,BanBif,Jun 26,"☁️ Todo gran sueño empieza con el simple hábito de ahorrar.​

Con tu Cuenta Ahorro Digital, cada sol cuenta: sin monto mínimo, sin mantenimiento y una TREA promocional de 4% en soles.​
​
📍 Más información: banbif.com.pe/Personas/Cuent…​

#BanBif #Banco #CuentaAhorroDigital",0,0,0,0,173
2025-07-13 06:29:03,BanBif,Jun 26,"Encontrar tu match perfecto es más fácil cuando se trata de ahorrar ✨🌺​

Abre tu Dúo Genial en BanBif y podrías ganar S/50,000, acceder a más de 100 descuentos exclusivos con ClubHOLA, y una tasa de 4.3% TREA en soles.​

👉 banbif.com.pe/duo-genial",0,0,0,0,52
2025-07-13 06:29:03,BanBif,Jun 24,"Con el programa de beneficios #ClubHola, consigue descuentos exclusivos en tus marcas favoritas como Crepier y disfruta de muchos más. Además, accede gratis al contenido digital de El Comercio. ¡Y repite las veces que quieras! Más info en 👉 clubhola.pe",0,0,0,0,39
2025-07-13 06:29:03,BanBif,Jun 24,"🩵Pequeños aprendizajes que transforman futuros.​
​
☝️🥸 Con Enseña Perú, llevamos educación financiera a los niños de Ica.​
​
#BanBif #Banco #Voluntariado #EnseñaPeru",0,0,0,0,55
2025-07-13 06:29:03,BanBif,Jun 23,"😔 Hay cosas que no vuelven, que tu plata no sea una de ellas. ​
​
📲 Usa Plin desde tu BanBif App.​
​
📍Conoce más en: banbif.com.pe/bancadigital​
​
#Banco #BanBif",0,0,1,0,168
2025-07-13 06:29:03,BanBif,Jun 19,"🐶 Este año nos volvemos a sumar a la #Patatón2025
Un evento que abre puertas y corazones para que más perritos encuentren un hogar lleno de amor.

Los esperamos:
📅 Fecha: Sábado 28 y domingo 29
⏰ Hora: 10:00 a.m.

📍 Circuito Mágico del Agua – Puerta 4 ¡INGRESO LIBRE!",0,1,1,0,83
2025-07-13 06:29:03,BanBif,Jun 16,"😉 A veces solo necesitas un antojo, y los descuentos del ClubHOLA, para alegrarte el día.​

📍Más información aquí: clubhola.pe​

#BanBif #Banco #ClubHOLA",0,1,0,0,62
2025-07-13 06:29:03,BanBif,Jun 13,"Esta vez, quisimos escuchar a nuestros papis en BanBif. Ellos nos recordaron que ser papá es dejar huella todos los días: en casa, en el trabajo y en cada momento compartido. 👔 ¡Gracias por estar siempre presentes y por enseñar con amor y compromiso! #BanBif",0,0,0,0,59
2025-07-13 07:20:04,BanBif,14 h,"❄️ ¿Eres team frío?​​​

📲¡Este plan es para ti! ¡Con el programa de beneficios de ClubHOLA, tienes descuentos ilimitados! Disfruta del 50% de descuento en Perú on Ice y úsalos las veces que quieras. ✨​​

📍Más información aquí: clubhola.pe​​
#BanBif #Banco #ClubHOLA",0,0,2,0,31
2025-07-13 07:20:04,BanBif,Jul 11,"¿Enfermo? No exactamente...​
Solo tengo viajitis aguda.🏖️🕶️​
Y la única receta es:​
✔️ Sol​
✔️ Descanso​
✔️ Y descuentos ilimitados con ClubHOLA​

ClubHOLA: tú pon la excusa, nosotros los destinos. ✈️​
Más información en clubhola.pe​
#ClubHola #DescuentosConEstilo",0,0,0,0,21
2025-07-13 07:20:04,BanBif,Jul 11,"🐶 Activa tu instinto protector.
✨Con tu Seguro Pet Lover, el seguro para ti con beneficios para tu mascota, tu engreído cuenta con protección, asistencia y beneficios exclusivos.
📷 banbif.com.pe/Personas/Fondo…",0,0,1,0,34
2025-07-13 07:20:04,BanBif,Jul 11,"📅 ¿Cuál es el calendario de tu Tarjeta de Crédito?​ Este es clave para organizarte y sacarle el máximo provecho.🧠💳 
✅ Conoce tu ciclo de facturación y pago ​
✅ Planifica ​
✅ Usa tu tarjeta y aprovecha sus beneficios 
#BanBif #EducaciónFinanciera #TuTarjetaTuControl",0,0,0,0,28
2025-07-13 07:20:04,BanBif,Jul 9,"🎁 Cuando le compras un regalo a tu bestie… pero eres cero buena guardando secretos.😂
Así como ella no puede ocultarlo, nosotros tampoco.
Con nuestra Cuenta Ahorro Digital, no hay cobros escondidos.
👉 banbif.com.pe/Personas/Cuent…",0,0,0,0,32
2025-07-13 07:20:04,BanBif,Jul 7,"Tu familia no es un cajero automático, pero nosotros sí podemos ayudarte.💸 Solicita tu Préstamo Efectivo en BanBif y accede a ese dinero que necesitas, al instante.
👉 banbif.com.pe/Home/Personas/…",0,0,0,0,92
2025-07-13 07:20:04,BanBif,Jul 4,"¿Te dicen “NOOOO” cada vez que pides el carro?​
Es momento de manejar el tuyo, con nuestro Préstamo Vehicular BanBif, tener tu auto es más fácil de lo que crees.​
​
Más info aquí: banbif.com.pe/Personas/Prest….​

#AutoPropioYa #BanBif #PréstamoVehicular",0,0,0,0,66
2025-07-13 07:20:04,BanBif,Jul 3,"En BanBif creemos en un mundo donde ningún perrito esté solo. Por eso, fuimos parte de la Patatón 2025, una jornada llena de amor y esperanza para los peluditos que buscan familia.🐶✨
👉 banbif.com.pe/Personas/Fondo…",1,0,0,0,66
2025-07-13 07:20:04,BanBif,Jul 1,"Hay cosas que no funcionan solas...
Pero en tus finanzas si, con tu dúo genial 💪💰👉 Cuenta Ahorro Genial + Cuenta Ahorro Digital de BanBif. Una te da chance de ganar S/50,000, la otra te paga más por ahorrar.

Más info: banbif.com.pe/duo-genial",0,0,0,0,56
2025-07-13 07:20:04,BanBif,Jul 1,"🔒 Recuerda: protege tus datos.​ 👀 Lo que compartes en redes puede poner en riesgo tu seguridad financiera.​ ¡Que no te sorprendan!​

#BanBif #Banco #NoMásFraudes",0,0,1,0,54
2025-07-13 07:20:04,BanBif,Jun 28,"🏠 Acciones que transforman vida.​​

36 voluntarios construyeron 05 nuevas viviendas junto a @Techo y Asociación IF, en la comunidad 17 de Marzo, San Juan de Miraflores. ​
🩵 Gracias por ser parte de la experiencia que suma futuro.​​

#BanBif #Banco #Techo #AsociaciónIF #Volunta",0,0,0,0,93
2025-07-13 07:20:04,BanBif,Jun 26,"Danitza trasladó su CTS a BanBif…y ahora no solo duerme tranquila, también tiene narrador que lo confirma. 😌🎙️

Porque cuando sabes qué es tu CTS y dónde tenerla, vives con más tranquilidad.

banbif.com.pe/Personas/Cuent…",0,1,2,0,79
2025-07-13 07:20:04,BanBif,Jun 26,"☁️ Todo gran sueño empieza con el simple hábito de ahorrar.​

Con tu Cuenta Ahorro Digital, cada sol cuenta: sin monto mínimo, sin mantenimiento y una TREA promocional de 4% en soles.​
​
📍 Más información: banbif.com.pe/Personas/Cuent…​

#BanBif #Banco #CuentaAhorroDigital",0,0,0,0,173
2025-07-13 07:20:04,BanBif,Jun 26,"Encontrar tu match perfecto es más fácil cuando se trata de ahorrar ✨🌺​

Abre tu Dúo Genial en BanBif y podrías ganar S/50,000, acceder a más de 100 descuentos exclusivos con ClubHOLA, y una tasa de 4.3% TREA en soles.​

👉 banbif.com.pe/duo-genial",0,0,0,0,52
2025-07-13 07:20:04,BanBif,Jun 24,"Con el programa de beneficios #ClubHola, consigue descuentos exclusivos en tus marcas favoritas como Crepier y disfruta de muchos más. Además, accede gratis al contenido digital de El Comercio. ¡Y repite las veces que quieras! Más info en 👉 clubhola.pe",0,0,0,0,39
2025-07-13 07:20:04,BanBif,Jun 24,"🩵Pequeños aprendizajes que transforman futuros.​
​
☝️🥸 Con Enseña Perú, llevamos educación financiera a los niños de Ica.​
​
#BanBif #Banco #Voluntariado #EnseñaPeru",0,0,0,0,55
2025-07-13 07:20:04,BanBif,Jun 23,"😔 Hay cosas que no vuelven, que tu plata no sea una de ellas. ​
​
📲 Usa Plin desde tu BanBif App.​
​
📍Conoce más en: banbif.com.pe/bancadigital​
​
#Banco #BanBif",0,0,1,0,168
2025-07-13 07:20:04,BanBif,Jun 19,"🐶 Este año nos volvemos a sumar a la #Patatón2025
Un evento que abre puertas y corazones para que más perritos encuentren un hogar lleno de amor.

Los esperamos:
📅 Fecha: Sábado 28 y domingo 29
⏰ Hora: 10:00 a.m.

📍 Circuito Mágico del Agua – Puerta 4 ¡INGRESO LIBRE!",0,1,1,0,83
2025-07-13 07:20:04,BanBif,Jun 16,"😉 A veces solo necesitas un antojo, y los descuentos del ClubHOLA, para alegrarte el día.​

📍Más información aquí: clubhola.pe​

#BanBif #Banco #ClubHOLA",0,1,0,0,62
2025-07-13 07:20:04,BanBif,Jun 13,"Esta vez, quisimos escuchar a nuestros papis en BanBif. Ellos nos recordaron que ser papá es dejar huella todos los días: en casa, en el trabajo y en cada momento compartido. 👔 ¡Gracias por estar siempre presentes y por enseñar con amor y compromiso! #BanBif",0,0,0,0,59
2025-07-13 08:24:03,BanBif,15 h,"❄️ ¿Eres team frío?​​​

📲¡Este plan es para ti! ¡Con el programa de beneficios de ClubHOLA, tienes descuentos ilimitados! Disfruta del 50% de descuento en Perú on Ice y úsalos las veces que quieras. ✨​​

📍Más información aquí: clubhola.pe​​
#BanBif #Banco #ClubHOLA",0,0,2,0,32
2025-07-13 08:24:03,BanBif,Jul 11,"¿Enfermo? No exactamente...​
Solo tengo viajitis aguda.🏖️🕶️​
Y la única receta es:​
✔️ Sol​
✔️ Descanso​
✔️ Y descuentos ilimitados con ClubHOLA​

ClubHOLA: tú pon la excusa, nosotros los destinos. ✈️​
Más información en clubhola.pe​
#ClubHola #DescuentosConEstilo",0,0,0,0,21
2025-07-13 08:24:03,BanBif,Jul 11,"🐶 Activa tu instinto protector.
✨Con tu Seguro Pet Lover, el seguro para ti con beneficios para tu mascota, tu engreído cuenta con protección, asistencia y beneficios exclusivos.
📷 banbif.com.pe/Personas/Fondo…",0,0,1,0,34
2025-07-13 08:24:03,BanBif,Jul 11,"📅 ¿Cuál es el calendario de tu Tarjeta de Crédito?​ Este es clave para organizarte y sacarle el máximo provecho.🧠💳 
✅ Conoce tu ciclo de facturación y pago ​
✅ Planifica ​
✅ Usa tu tarjeta y aprovecha sus beneficios 
#BanBif #EducaciónFinanciera #TuTarjetaTuControl",0,0,0,0,28
2025-07-13 08:24:03,BanBif,Jul 9,"🎁 Cuando le compras un regalo a tu bestie… pero eres cero buena guardando secretos.😂
Así como ella no puede ocultarlo, nosotros tampoco.
Con nuestra Cuenta Ahorro Digital, no hay cobros escondidos.
👉 banbif.com.pe/Personas/Cuent…",0,0,0,0,32
2025-07-13 08:24:03,BanBif,Jul 7,"Tu familia no es un cajero automático, pero nosotros sí podemos ayudarte.💸 Solicita tu Préstamo Efectivo en BanBif y accede a ese dinero que necesitas, al instante.
👉 banbif.com.pe/Home/Personas/…",0,0,0,0,93
2025-07-13 08:24:03,BanBif,Jul 4,"¿Te dicen “NOOOO” cada vez que pides el carro?​
Es momento de manejar el tuyo, con nuestro Préstamo Vehicular BanBif, tener tu auto es más fácil de lo que crees.​
​
Más info aquí: banbif.com.pe/Personas/Prest….​

#AutoPropioYa #BanBif #PréstamoVehicular",0,0,0,0,66
2025-07-13 08:24:03,BanBif,Jul 3,"En BanBif creemos en un mundo donde ningún perrito esté solo. Por eso, fuimos parte de la Patatón 2025, una jornada llena de amor y esperanza para los peluditos que buscan familia.🐶✨
👉 banbif.com.pe/Personas/Fondo…",1,0,0,0,66
2025-07-13 08:24:03,BanBif,Jul 1,"Hay cosas que no funcionan solas...
Pero en tus finanzas si, con tu dúo genial 💪💰👉 Cuenta Ahorro Genial + Cuenta Ahorro Digital de BanBif. Una te da chance de ganar S/50,000, la otra te paga más por ahorrar.

Más info: banbif.com.pe/duo-genial",0,0,0,0,56
2025-07-13 08:24:03,BanBif,Jul 1,"🔒 Recuerda: protege tus datos.​ 👀 Lo que compartes en redes puede poner en riesgo tu seguridad financiera.​ ¡Que no te sorprendan!​

#BanBif #Banco #NoMásFraudes",0,0,1,0,54
2025-07-13 08:24:03,BanBif,Jun 28,"🏠 Acciones que transforman vida.​​

36 voluntarios construyeron 05 nuevas viviendas junto a @Techo y Asociación IF, en la comunidad 17 de Marzo, San Juan de Miraflores. ​
🩵 Gracias por ser parte de la experiencia que suma futuro.​​

#BanBif #Banco #Techo #AsociaciónIF #Volunta",0,0,0,0,93
2025-07-13 08:24:03,BanBif,Jun 26,"Danitza trasladó su CTS a BanBif…y ahora no solo duerme tranquila, también tiene narrador que lo confirma. 😌🎙️

Porque cuando sabes qué es tu CTS y dónde tenerla, vives con más tranquilidad.

banbif.com.pe/Personas/Cuent…",0,1,2,0,79
2025-07-13 08:24:03,BanBif,Jun 26,"☁️ Todo gran sueño empieza con el simple hábito de ahorrar.​

Con tu Cuenta Ahorro Digital, cada sol cuenta: sin monto mínimo, sin mantenimiento y una TREA promocional de 4% en soles.​
​
📍 Más información: banbif.com.pe/Personas/Cuent…​

#BanBif #Banco #CuentaAhorroDigital",0,0,0,0,173
2025-07-13 08:24:03,BanBif,Jun 26,"Encontrar tu match perfecto es más fácil cuando se trata de ahorrar ✨🌺​

Abre tu Dúo Genial en BanBif y podrías ganar S/50,000, acceder a más de 100 descuentos exclusivos con ClubHOLA, y una tasa de 4.3% TREA en soles.​

👉 banbif.com.pe/duo-genial",0,0,0,0,52
2025-07-13 08:24:03,BanBif,Jun 24,"Con el programa de beneficios #ClubHola, consigue descuentos exclusivos en tus marcas favoritas como Crepier y disfruta de muchos más. Además, accede gratis al contenido digital de El Comercio. ¡Y repite las veces que quieras! Más info en 👉 clubhola.pe",0,0,0,0,39
2025-07-13 08:24:03,BanBif,Jun 24,"🩵Pequeños aprendizajes que transforman futuros.​
​
☝️🥸 Con Enseña Perú, llevamos educación financiera a los niños de Ica.​
​
#BanBif #Banco #Voluntariado #EnseñaPeru",0,0,0,0,55
2025-07-13 08:24:03,BanBif,Jun 23,"😔 Hay cosas que no vuelven, que tu plata no sea una de ellas. ​
​
📲 Usa Plin desde tu BanBif App.​
​
📍Conoce más en: banbif.com.pe/bancadigital​
​
#Banco #BanBif",0,0,1,0,168
2025-07-13 08:24:03,BanBif,Jun 19,"🐶 Este año nos volvemos a sumar a la #Patatón2025
Un evento que abre puertas y corazones para que más perritos encuentren un hogar lleno de amor.

Los esperamos:
📅 Fecha: Sábado 28 y domingo 29
⏰ Hora: 10:00 a.m.

📍 Circuito Mágico del Agua – Puerta 4 ¡INGRESO LIBRE!",0,1,1,0,83
2025-07-13 08:24:03,BanBif,Jun 16,"😉 A veces solo necesitas un antojo, y los descuentos del ClubHOLA, para alegrarte el día.​

📍Más información aquí: clubhola.pe​

#BanBif #Banco #ClubHOLA",0,1,0,0,62
2025-07-13 08:24:03,BanBif,Jun 13,"Esta vez, quisimos escuchar a nuestros papis en BanBif. Ellos nos recordaron que ser papá es dejar huella todos los días: en casa, en el trabajo y en cada momento compartido. 👔 ¡Gracias por estar siempre presentes y por enseñar con amor y compromiso! #BanBif",0,0,0,0,59
2025-07-13 09:21:30,BanBif,16 h,"❄️ ¿Eres team frío?​​​

📲¡Este plan es para ti! ¡Con el programa de beneficios de ClubHOLA, tienes descuentos ilimitados! Disfruta del 50% de descuento en Perú on Ice y úsalos las veces que quieras. ✨​​

📍Más información aquí: clubhola.pe​​
#BanBif #Banco #ClubHOLA",0,0,2,0,32
2025-07-13 09:21:30,BanBif,Jul 11,"¿Enfermo? No exactamente...​
Solo tengo viajitis aguda.🏖️🕶️​
Y la única receta es:​
✔️ Sol​
✔️ Descanso​
✔️ Y descuentos ilimitados con ClubHOLA​

ClubHOLA: tú pon la excusa, nosotros los destinos. ✈️​
Más información en clubhola.pe​
#ClubHola #DescuentosConEstilo",0,0,0,0,21
2025-07-13 09:21:30,BanBif,Jul 11,"🐶 Activa tu instinto protector.
✨Con tu Seguro Pet Lover, el seguro para ti con beneficios para tu mascota, tu engreído cuenta con protección, asistencia y beneficios exclusivos.
📷 banbif.com.pe/Personas/Fondo…",0,0,1,0,34
2025-07-13 09:21:30,BanBif,Jul 11,"📅 ¿Cuál es el calendario de tu Tarjeta de Crédito?​ Este es clave para organizarte y sacarle el máximo provecho.🧠💳 
✅ Conoce tu ciclo de facturación y pago ​
✅ Planifica ​
✅ Usa tu tarjeta y aprovecha sus beneficios 
#BanBif #EducaciónFinanciera #TuTarjetaTuControl",0,0,0,0,28
2025-07-13 09:21:30,BanBif,Jul 9,"🎁 Cuando le compras un regalo a tu bestie… pero eres cero buena guardando secretos.😂
Así como ella no puede ocultarlo, nosotros tampoco.
Con nuestra Cuenta Ahorro Digital, no hay cobros escondidos.
👉 banbif.com.pe/Personas/Cuent…",0,0,0,0,32
2025-07-13 09:21:30,BanBif,Jul 7,"Tu familia no es un cajero automático, pero nosotros sí podemos ayudarte.💸 Solicita tu Préstamo Efectivo en BanBif y accede a ese dinero que necesitas, al instante.
👉 banbif.com.pe/Home/Personas/…",0,0,0,0,94
2025-07-13 09:21:30,BanBif,Jul 4,"¿Te dicen “NOOOO” cada vez que pides el carro?​
Es momento de manejar el tuyo, con nuestro Préstamo Vehicular BanBif, tener tu auto es más fácil de lo que crees.​
​
Más info aquí: banbif.com.pe/Personas/Prest….​

#AutoPropioYa #BanBif #PréstamoVehicular",0,0,0,0,66
2025-07-13 09:21:30,BanBif,Jul 3,"En BanBif creemos en un mundo donde ningún perrito esté solo. Por eso, fuimos parte de la Patatón 2025, una jornada llena de amor y esperanza para los peluditos que buscan familia.🐶✨
👉 banbif.com.pe/Personas/Fondo…",1,0,0,0,66
2025-07-13 09:21:30,BanBif,Jul 1,"Hay cosas que no funcionan solas...
Pero en tus finanzas si, con tu dúo genial 💪💰👉 Cuenta Ahorro Genial + Cuenta Ahorro Digital de BanBif. Una te da chance de ganar S/50,000, la otra te paga más por ahorrar.

Más info: banbif.com.pe/duo-genial",0,0,0,0,56
2025-07-13 09:21:30,BanBif,Jul 1,"🔒 Recuerda: protege tus datos.​ 👀 Lo que compartes en redes puede poner en riesgo tu seguridad financiera.​ ¡Que no te sorprendan!​

#BanBif #Banco #NoMásFraudes",0,0,1,0,54
2025-07-13 09:21:30,BanBif,Jun 28,"🏠 Acciones que transforman vida.​​

36 voluntarios construyeron 05 nuevas viviendas junto a @Techo y Asociación IF, en la comunidad 17 de Marzo, San Juan de Miraflores. ​
🩵 Gracias por ser parte de la experiencia que suma futuro.​​

#BanBif #Banco #Techo #AsociaciónIF #Volunta",0,0,0,0,93
2025-07-13 09:21:30,BanBif,Jun 26,"Danitza trasladó su CTS a BanBif…y ahora no solo duerme tranquila, también tiene narrador que lo confirma. 😌🎙️

Porque cuando sabes qué es tu CTS y dónde tenerla, vives con más tranquilidad.

banbif.com.pe/Personas/Cuent…",0,1,2,0,79
2025-07-13 09:21:30,BanBif,Jun 26,"☁️ Todo gran sueño empieza con el simple hábito de ahorrar.​

Con tu Cuenta Ahorro Digital, cada sol cuenta: sin monto mínimo, sin mantenimiento y una TREA promocional de 4% en soles.​
​
📍 Más información: banbif.com.pe/Personas/Cuent…​

#BanBif #Banco #CuentaAhorroDigital",0,0,0,0,173
2025-07-13 09:21:30,BanBif,Jun 26,"Encontrar tu match perfecto es más fácil cuando se trata de ahorrar ✨🌺​

Abre tu Dúo Genial en BanBif y podrías ganar S/50,000, acceder a más de 100 descuentos exclusivos con ClubHOLA, y una tasa de 4.3% TREA en soles.​

👉 banbif.com.pe/duo-genial",0,0,0,0,52
2025-07-13 09:21:30,BanBif,Jun 24,"Con el programa de beneficios #ClubHola, consigue descuentos exclusivos en tus marcas favoritas como Crepier y disfruta de muchos más. Además, accede gratis al contenido digital de El Comercio. ¡Y repite las veces que quieras! Más info en 👉 clubhola.pe",0,0,0,0,39
2025-07-13 09:21:30,BanBif,Jun 24,"🩵Pequeños aprendizajes que transforman futuros.​
​
☝️🥸 Con Enseña Perú, llevamos educación financiera a los niños de Ica.​
​
#BanBif #Banco #Voluntariado #EnseñaPeru",0,0,0,0,55
2025-07-13 09:21:30,BanBif,Jun 23,"😔 Hay cosas que no vuelven, que tu plata no sea una de ellas. ​
​
📲 Usa Plin desde tu BanBif App.​
​
📍Conoce más en: banbif.com.pe/bancadigital​
​
#Banco #BanBif",0,0,1,0,168
2025-07-13 09:21:30,BanBif,Jun 19,"🐶 Este año nos volvemos a sumar a la #Patatón2025
Un evento que abre puertas y corazones para que más perritos encuentren un hogar lleno de amor.

Los esperamos:
📅 Fecha: Sábado 28 y domingo 29
⏰ Hora: 10:00 a.m.

📍 Circuito Mágico del Agua – Puerta 4 ¡INGRESO LIBRE!",0,1,1,0,83
2025-07-13 09:21:30,BanBif,Jun 16,"😉 A veces solo necesitas un antojo, y los descuentos del ClubHOLA, para alegrarte el día.​

📍Más información aquí: clubhola.pe​

#BanBif #Banco #ClubHOLA",0,1,0,0,62
2025-07-13 09:21:30,BanBif,Jun 13,"Esta vez, quisimos escuchar a nuestros papis en BanBif. Ellos nos recordaron que ser papá es dejar huella todos los días: en casa, en el trabajo y en cada momento compartido. 👔 ¡Gracias por estar siempre presentes y por enseñar con amor y compromiso! #BanBif",0,0,0,0,59
2025-07-13 10:21:27,BanBif,17 h,"❄️ ¿Eres team frío?​​​

📲¡Este plan es para ti! ¡Con el programa de beneficios de ClubHOLA, tienes descuentos ilimitados! Disfruta del 50% de descuento en Perú on Ice y úsalos las veces que quieras. ✨​​

📍Más información aquí: clubhola.pe​​
#BanBif #Banco #ClubHOLA",0,0,2,0,33
2025-07-13 10:21:27,BanBif,Jul 11,"¿Enfermo? No exactamente...​
Solo tengo viajitis aguda.🏖️🕶️​
Y la única receta es:​
✔️ Sol​
✔️ Descanso​
✔️ Y descuentos ilimitados con ClubHOLA​

ClubHOLA: tú pon la excusa, nosotros los destinos. ✈️​
Más información en clubhola.pe​
#ClubHola #DescuentosConEstilo",0,0,0,0,21
2025-07-13 10:21:27,BanBif,Jul 11,"🐶 Activa tu instinto protector.
✨Con tu Seguro Pet Lover, el seguro para ti con beneficios para tu mascota, tu engreído cuenta con protección, asistencia y beneficios exclusivos.
📷 banbif.com.pe/Personas/Fondo…",0,0,1,0,34
2025-07-13 10:21:27,BanBif,Jul 11,"📅 ¿Cuál es el calendario de tu Tarjeta de Crédito?​ Este es clave para organizarte y sacarle el máximo provecho.🧠💳 
✅ Conoce tu ciclo de facturación y pago ​
✅ Planifica ​
✅ Usa tu tarjeta y aprovecha sus beneficios 
#BanBif #EducaciónFinanciera #TuTarjetaTuControl",0,0,0,0,28
2025-07-13 10:21:27,BanBif,Jul 9,"🎁 Cuando le compras un regalo a tu bestie… pero eres cero buena guardando secretos.😂
Así como ella no puede ocultarlo, nosotros tampoco.
Con nuestra Cuenta Ahorro Digital, no hay cobros escondidos.
👉 banbif.com.pe/Personas/Cuent…",0,0,0,0,32
2025-07-13 10:21:27,BanBif,Jul 7,"Tu familia no es un cajero automático, pero nosotros sí podemos ayudarte.💸 Solicita tu Préstamo Efectivo en BanBif y accede a ese dinero que necesitas, al instante.
👉 banbif.com.pe/Home/Personas/…",0,0,0,0,94
2025-07-13 10:21:27,BanBif,Jul 4,"¿Te dicen “NOOOO” cada vez que pides el carro?​
Es momento de manejar el tuyo, con nuestro Préstamo Vehicular BanBif, tener tu auto es más fácil de lo que crees.​
​
Más info aquí: banbif.com.pe/Personas/Prest….​

#AutoPropioYa #BanBif #PréstamoVehicular",0,0,0,0,66
2025-07-13 10:21:27,BanBif,Jul 3,"En BanBif creemos en un mundo donde ningún perrito esté solo. Por eso, fuimos parte de la Patatón 2025, una jornada llena de amor y esperanza para los peluditos que buscan familia.🐶✨
👉 banbif.com.pe/Personas/Fondo…",1,0,0,0,66
2025-07-13 10:21:27,BanBif,Jul 1,"Hay cosas que no funcionan solas...
Pero en tus finanzas si, con tu dúo genial 💪💰👉 Cuenta Ahorro Genial + Cuenta Ahorro Digital de BanBif. Una te da chance de ganar S/50,000, la otra te paga más por ahorrar.

Más info: banbif.com.pe/duo-genial",0,0,0,0,56
2025-07-13 10:21:27,BanBif,Jul 1,"🔒 Recuerda: protege tus datos.​ 👀 Lo que compartes en redes puede poner en riesgo tu seguridad financiera.​ ¡Que no te sorprendan!​

#BanBif #Banco #NoMásFraudes",0,0,1,0,54
2025-07-13 10:21:27,BanBif,Jun 28,"🏠 Acciones que transforman vida.​​

36 voluntarios construyeron 05 nuevas viviendas junto a @Techo y Asociación IF, en la comunidad 17 de Marzo, San Juan de Miraflores. ​
🩵 Gracias por ser parte de la experiencia que suma futuro.​​

#BanBif #Banco #Techo #AsociaciónIF #Volunta",0,0,0,0,93
2025-07-13 10:21:27,BanBif,Jun 26,"Danitza trasladó su CTS a BanBif…y ahora no solo duerme tranquila, también tiene narrador que lo confirma. 😌🎙️

Porque cuando sabes qué es tu CTS y dónde tenerla, vives con más tranquilidad.

banbif.com.pe/Personas/Cuent…",0,1,2,0,79
2025-07-13 10:21:27,BanBif,Jun 26,"☁️ Todo gran sueño empieza con el simple hábito de ahorrar.​

Con tu Cuenta Ahorro Digital, cada sol cuenta: sin monto mínimo, sin mantenimiento y una TREA promocional de 4% en soles.​
​
📍 Más información: banbif.com.pe/Personas/Cuent…​

#BanBif #Banco #CuentaAhorroDigital",0,0,0,0,173
2025-07-13 10:21:27,BanBif,Jun 26,"Encontrar tu match perfecto es más fácil cuando se trata de ahorrar ✨🌺​

Abre tu Dúo Genial en BanBif y podrías ganar S/50,000, acceder a más de 100 descuentos exclusivos con ClubHOLA, y una tasa de 4.3% TREA en soles.​

👉 banbif.com.pe/duo-genial",0,0,0,0,52
2025-07-13 10:21:27,BanBif,Jun 24,"Con el programa de beneficios #ClubHola, consigue descuentos exclusivos en tus marcas favoritas como Crepier y disfruta de muchos más. Además, accede gratis al contenido digital de El Comercio. ¡Y repite las veces que quieras! Más info en 👉 clubhola.pe",0,0,0,0,39
2025-07-13 10:21:27,BanBif,Jun 24,"🩵Pequeños aprendizajes que transforman futuros.​
​
☝️🥸 Con Enseña Perú, llevamos educación financiera a los niños de Ica.​
​
#BanBif #Banco #Voluntariado #EnseñaPeru",0,0,0,0,55
2025-07-13 10:21:27,BanBif,Jun 23,"😔 Hay cosas que no vuelven, que tu plata no sea una de ellas. ​
​
📲 Usa Plin desde tu BanBif App.​
​
📍Conoce más en: banbif.com.pe/bancadigital​
​
#Banco #BanBif",0,0,1,0,168
2025-07-13 10:21:27,BanBif,Jun 19,"🐶 Este año nos volvemos a sumar a la #Patatón2025
Un evento que abre puertas y corazones para que más perritos encuentren un hogar lleno de amor.

Los esperamos:
📅 Fecha: Sábado 28 y domingo 29
⏰ Hora: 10:00 a.m.

📍 Circuito Mágico del Agua – Puerta 4 ¡INGRESO LIBRE!",0,1,1,0,83
2025-07-13 10:21:27,BanBif,Jun 16,"😉 A veces solo necesitas un antojo, y los descuentos del ClubHOLA, para alegrarte el día.​

📍Más información aquí: clubhola.pe​

#BanBif #Banco #ClubHOLA",0,1,0,0,62
2025-07-13 10:21:27,BanBif,Jun 13,"Esta vez, quisimos escuchar a nuestros papis en BanBif. Ellos nos recordaron que ser papá es dejar huella todos los días: en casa, en el trabajo y en cada momento compartido. 👔 ¡Gracias por estar siempre presentes y por enseñar con amor y compromiso! #BanBif",0,0,0,0,59
2025-07-13 11:15:49,BanBif,18 h,"❄️ ¿Eres team frío?​​​

📲¡Este plan es para ti! ¡Con el programa de beneficios de ClubHOLA, tienes descuentos ilimitados! Disfruta del 50% de descuento en Perú on Ice y úsalos las veces que quieras. ✨​​

📍Más información aquí: clubhola.pe​​
#BanBif #Banco #ClubHOLA",0,0,2,0,33
2025-07-13 11:15:49,BanBif,Jul 11,"¿Enfermo? No exactamente...​
Solo tengo viajitis aguda.🏖️🕶️​
Y la única receta es:​
✔️ Sol​
✔️ Descanso​
✔️ Y descuentos ilimitados con ClubHOLA​

ClubHOLA: tú pon la excusa, nosotros los destinos. ✈️​
Más información en clubhola.pe​
#ClubHola #DescuentosConEstilo",0,0,0,0,21
2025-07-13 11:15:49,BanBif,Jul 11,"🐶 Activa tu instinto protector.
✨Con tu Seguro Pet Lover, el seguro para ti con beneficios para tu mascota, tu engreído cuenta con protección, asistencia y beneficios exclusivos.
📷 banbif.com.pe/Personas/Fondo…",0,0,1,0,34
2025-07-13 11:15:49,BanBif,Jul 11,"📅 ¿Cuál es el calendario de tu Tarjeta de Crédito?​ Este es clave para organizarte y sacarle el máximo provecho.🧠💳 
✅ Conoce tu ciclo de facturación y pago ​
✅ Planifica ​
✅ Usa tu tarjeta y aprovecha sus beneficios 
#BanBif #EducaciónFinanciera #TuTarjetaTuControl",0,0,0,0,28
2025-07-13 11:15:49,BanBif,Jul 9,"🎁 Cuando le compras un regalo a tu bestie… pero eres cero buena guardando secretos.😂
Así como ella no puede ocultarlo, nosotros tampoco.
Con nuestra Cuenta Ahorro Digital, no hay cobros escondidos.
👉 banbif.com.pe/Personas/Cuent…",0,0,0,0,32
2025-07-13 11:15:49,BanBif,Jul 7,"Tu familia no es un cajero automático, pero nosotros sí podemos ayudarte.💸 Solicita tu Préstamo Efectivo en BanBif y accede a ese dinero que necesitas, al instante.
👉 banbif.com.pe/Home/Personas/…",0,0,0,0,94
2025-07-13 11:15:49,BanBif,Jul 4,"¿Te dicen “NOOOO” cada vez que pides el carro?​
Es momento de manejar el tuyo, con nuestro Préstamo Vehicular BanBif, tener tu auto es más fácil de lo que crees.​
​
Más info aquí: banbif.com.pe/Personas/Prest….​

#AutoPropioYa #BanBif #PréstamoVehicular",0,0,0,0,66
2025-07-13 11:15:49,BanBif,Jul 3,"En BanBif creemos en un mundo donde ningún perrito esté solo. Por eso, fuimos parte de la Patatón 2025, una jornada llena de amor y esperanza para los peluditos que buscan familia.🐶✨
👉 banbif.com.pe/Personas/Fondo…",1,0,0,0,66
2025-07-13 11:15:49,BanBif,Jul 1,"Hay cosas que no funcionan solas...
Pero en tus finanzas si, con tu dúo genial 💪💰👉 Cuenta Ahorro Genial + Cuenta Ahorro Digital de BanBif. Una te da chance de ganar S/50,000, la otra te paga más por ahorrar.

Más info: banbif.com.pe/duo-genial",0,0,0,0,56
2025-07-13 11:15:49,BanBif,Jul 1,"🔒 Recuerda: protege tus datos.​ 👀 Lo que compartes en redes puede poner en riesgo tu seguridad financiera.​ ¡Que no te sorprendan!​

#BanBif #Banco #NoMásFraudes",0,0,1,0,54
2025-07-13 11:15:49,BanBif,Jun 28,"🏠 Acciones que transforman vida.​​

36 voluntarios construyeron 05 nuevas viviendas junto a @Techo y Asociación IF, en la comunidad 17 de Marzo, San Juan de Miraflores. ​
🩵 Gracias por ser parte de la experiencia que suma futuro.​​

#BanBif #Banco #Techo #AsociaciónIF #Volunta",0,0,0,0,93
2025-07-13 11:15:49,BanBif,Jun 26,"Danitza trasladó su CTS a BanBif…y ahora no solo duerme tranquila, también tiene narrador que lo confirma. 😌🎙️

Porque cuando sabes qué es tu CTS y dónde tenerla, vives con más tranquilidad.

banbif.com.pe/Personas/Cuent…",0,1,2,0,79
2025-07-13 11:15:49,BanBif,Jun 26,"☁️ Todo gran sueño empieza con el simple hábito de ahorrar.​

Con tu Cuenta Ahorro Digital, cada sol cuenta: sin monto mínimo, sin mantenimiento y una TREA promocional de 4% en soles.​
​
📍 Más información: banbif.com.pe/Personas/Cuent…​

#BanBif #Banco #CuentaAhorroDigital",0,0,0,0,173
2025-07-13 11:15:49,BanBif,Jun 26,"Encontrar tu match perfecto es más fácil cuando se trata de ahorrar ✨🌺​

Abre tu Dúo Genial en BanBif y podrías ganar S/50,000, acceder a más de 100 descuentos exclusivos con ClubHOLA, y una tasa de 4.3% TREA en soles.​

👉 banbif.com.pe/duo-genial",0,0,0,0,52
2025-07-13 11:15:49,BanBif,Jun 24,"Con el programa de beneficios #ClubHola, consigue descuentos exclusivos en tus marcas favoritas como Crepier y disfruta de muchos más. Además, accede gratis al contenido digital de El Comercio. ¡Y repite las veces que quieras! Más info en 👉 clubhola.pe",0,0,0,0,39
2025-07-13 11:15:49,BanBif,Jun 24,"🩵Pequeños aprendizajes que transforman futuros.​
​
☝️🥸 Con Enseña Perú, llevamos educación financiera a los niños de Ica.​
​
#BanBif #Banco #Voluntariado #EnseñaPeru",0,0,0,0,55
2025-07-13 11:15:49,BanBif,Jun 23,"😔 Hay cosas que no vuelven, que tu plata no sea una de ellas. ​
​
📲 Usa Plin desde tu BanBif App.​
​
📍Conoce más en: banbif.com.pe/bancadigital​
​
#Banco #BanBif",0,0,1,0,168
2025-07-13 11:15:49,BanBif,Jun 19,"🐶 Este año nos volvemos a sumar a la #Patatón2025
Un evento que abre puertas y corazones para que más perritos encuentren un hogar lleno de amor.

Los esperamos:
📅 Fecha: Sábado 28 y domingo 29
⏰ Hora: 10:00 a.m.

📍 Circuito Mágico del Agua – Puerta 4 ¡INGRESO LIBRE!",0,1,1,0,83
2025-07-13 11:15:49,BanBif,Jun 16,"😉 A veces solo necesitas un antojo, y los descuentos del ClubHOLA, para alegrarte el día.​

📍Más información aquí: clubhola.pe​

#BanBif #Banco #ClubHOLA",0,1,0,0,62
2025-07-13 11:15:49,BanBif,Jun 13,"Esta vez, quisimos escuchar a nuestros papis en BanBif. Ellos nos recordaron que ser papá es dejar huella todos los días: en casa, en el trabajo y en cada momento compartido. 👔 ¡Gracias por estar siempre presentes y por enseñar con amor y compromiso! #BanBif",0,0,0,0,59
2025-07-13 12:37:53,BanBif,20 h,"❄️ ¿Eres team frío?​​​

📲¡Este plan es para ti! ¡Con el programa de beneficios de ClubHOLA, tienes descuentos ilimitados! Disfruta del 50% de descuento en Perú on Ice y úsalos las veces que quieras. ✨​​

📍Más información aquí: clubhola.pe​​
#BanBif #Banco #ClubHOLA",0,0,2,0,36
2025-07-13 12:37:53,BanBif,Jul 11,"¿Enfermo? No exactamente...​
Solo tengo viajitis aguda.🏖️🕶️​
Y la única receta es:​
✔️ Sol​
✔️ Descanso​
✔️ Y descuentos ilimitados con ClubHOLA​

ClubHOLA: tú pon la excusa, nosotros los destinos. ✈️​
Más información en clubhola.pe​
#ClubHola #DescuentosConEstilo",0,0,0,0,23
2025-07-13 12:37:53,BanBif,Jul 11,"🐶 Activa tu instinto protector.
✨Con tu Seguro Pet Lover, el seguro para ti con beneficios para tu mascota, tu engreído cuenta con protección, asistencia y beneficios exclusivos.
📷 banbif.com.pe/Personas/Fondo…",0,0,1,0,35
2025-07-13 12:37:53,BanBif,Jul 11,"📅 ¿Cuál es el calendario de tu Tarjeta de Crédito?​ Este es clave para organizarte y sacarle el máximo provecho.🧠💳 
✅ Conoce tu ciclo de facturación y pago ​
✅ Planifica ​
✅ Usa tu tarjeta y aprovecha sus beneficios 
#BanBif #EducaciónFinanciera #TuTarjetaTuControl",0,0,0,0,30
2025-07-13 12:37:53,BanBif,Jul 9,"🎁 Cuando le compras un regalo a tu bestie… pero eres cero buena guardando secretos.😂
Así como ella no puede ocultarlo, nosotros tampoco.
Con nuestra Cuenta Ahorro Digital, no hay cobros escondidos.
👉 banbif.com.pe/Personas/Cuent…",0,0,0,0,32
2025-07-13 12:37:53,BanBif,Jul 7,"Tu familia no es un cajero automático, pero nosotros sí podemos ayudarte.💸 Solicita tu Préstamo Efectivo en BanBif y accede a ese dinero que necesitas, al instante.
👉 banbif.com.pe/Home/Personas/…",0,0,0,0,97
2025-07-13 12:37:53,BanBif,Jul 4,"¿Te dicen “NOOOO” cada vez que pides el carro?​
Es momento de manejar el tuyo, con nuestro Préstamo Vehicular BanBif, tener tu auto es más fácil de lo que crees.​
​
Más info aquí: banbif.com.pe/Personas/Prest….​

#AutoPropioYa #BanBif #PréstamoVehicular",0,0,0,0,67
2025-07-13 12:37:53,BanBif,Jul 3,"En BanBif creemos en un mundo donde ningún perrito esté solo. Por eso, fuimos parte de la Patatón 2025, una jornada llena de amor y esperanza para los peluditos que buscan familia.🐶✨
👉 banbif.com.pe/Personas/Fondo…",1,0,0,0,67
2025-07-13 12:37:53,BanBif,Jul 1,"Hay cosas que no funcionan solas...
Pero en tus finanzas si, con tu dúo genial 💪💰👉 Cuenta Ahorro Genial + Cuenta Ahorro Digital de BanBif. Una te da chance de ganar S/50,000, la otra te paga más por ahorrar.

Más info: banbif.com.pe/duo-genial",0,0,0,0,57
2025-07-13 12:37:53,BanBif,Jul 1,"🔒 Recuerda: protege tus datos.​ 👀 Lo que compartes en redes puede poner en riesgo tu seguridad financiera.​ ¡Que no te sorprendan!​

#BanBif #Banco #NoMásFraudes",0,0,1,0,55
2025-07-13 12:37:53,BanBif,Jun 28,"🏠 Acciones que transforman vida.​​

36 voluntarios construyeron 05 nuevas viviendas junto a @Techo y Asociación IF, en la comunidad 17 de Marzo, San Juan de Miraflores. ​
🩵 Gracias por ser parte de la experiencia que suma futuro.​​

#BanBif #Banco #Techo #AsociaciónIF #Volunta",0,0,0,0,94
2025-07-13 12:37:53,BanBif,Jun 26,"Danitza trasladó su CTS a BanBif…y ahora no solo duerme tranquila, también tiene narrador que lo confirma. 😌🎙️

Porque cuando sabes qué es tu CTS y dónde tenerla, vives con más tranquilidad.

banbif.com.pe/Personas/Cuent…",0,1,2,0,80
2025-07-13 12:37:53,BanBif,Jun 26,"☁️ Todo gran sueño empieza con el simple hábito de ahorrar.​

Con tu Cuenta Ahorro Digital, cada sol cuenta: sin monto mínimo, sin mantenimiento y una TREA promocional de 4% en soles.​
​
📍 Más información: banbif.com.pe/Personas/Cuent…​

#BanBif #Banco #CuentaAhorroDigital",0,0,0,0,174
2025-07-13 12:37:53,BanBif,Jun 26,"Encontrar tu match perfecto es más fácil cuando se trata de ahorrar ✨🌺​

Abre tu Dúo Genial en BanBif y podrías ganar S/50,000, acceder a más de 100 descuentos exclusivos con ClubHOLA, y una tasa de 4.3% TREA en soles.​

👉 banbif.com.pe/duo-genial",0,0,0,0,53
2025-07-13 12:37:53,BanBif,Jun 24,"Con el programa de beneficios #ClubHola, consigue descuentos exclusivos en tus marcas favoritas como Crepier y disfruta de muchos más. Además, accede gratis al contenido digital de El Comercio. ¡Y repite las veces que quieras! Más info en 👉 clubhola.pe",0,0,0,0,39
2025-07-13 12:37:53,BanBif,Jun 24,"🩵Pequeños aprendizajes que transforman futuros.​
​
☝️🥸 Con Enseña Perú, llevamos educación financiera a los niños de Ica.​
​
#BanBif #Banco #Voluntariado #EnseñaPeru",0,0,0,0,56
2025-07-13 12:37:53,BanBif,Jun 23,"😔 Hay cosas que no vuelven, que tu plata no sea una de ellas. ​
​
📲 Usa Plin desde tu BanBif App.​
​
📍Conoce más en: banbif.com.pe/bancadigital​
​
#Banco #BanBif",0,0,1,0,170
2025-07-13 12:37:53,BanBif,Jun 19,"🐶 Este año nos volvemos a sumar a la #Patatón2025
Un evento que abre puertas y corazones para que más perritos encuentren un hogar lleno de amor.

Los esperamos:
📅 Fecha: Sábado 28 y domingo 29
⏰ Hora: 10:00 a.m.

📍 Circuito Mágico del Agua – Puerta 4 ¡INGRESO LIBRE!",0,1,1,0,83
2025-07-13 12:37:53,BanBif,Jun 16,"😉 A veces solo necesitas un antojo, y los descuentos del ClubHOLA, para alegrarte el día.​

📍Más información aquí: clubhola.pe​

#BanBif #Banco #ClubHOLA",0,1,0,0,63
2025-07-13 12:37:53,BanBif,Jun 13,"Esta vez, quisimos escuchar a nuestros papis en BanBif. Ellos nos recordaron que ser papá es dejar huella todos los días: en casa, en el trabajo y en cada momento compartido. 👔 ¡Gracias por estar siempre presentes y por enseñar con amor y compromiso! #BanBif",0,0,0,0,60
2025-07-13 13:29:05,BanBif,20 h,"❄️ ¿Eres team frío?​​​

📲¡Este plan es para ti! ¡Con el programa de beneficios de ClubHOLA, tienes descuentos ilimitados! Disfruta del 50% de descuento en Perú on Ice y úsalos las veces que quieras. ✨​​

📍Más información aquí: clubhola.pe​​
#BanBif #Banco #ClubHOLA",0,0,2,0,36
2025-07-13 13:29:05,BanBif,Jul 11,"¿Enfermo? No exactamente...​
Solo tengo viajitis aguda.🏖️🕶️​
Y la única receta es:​
✔️ Sol​
✔️ Descanso​
✔️ Y descuentos ilimitados con ClubHOLA​

ClubHOLA: tú pon la excusa, nosotros los destinos. ✈️​
Más información en clubhola.pe​
#ClubHola #DescuentosConEstilo",0,0,0,0,23
2025-07-13 13:29:05,BanBif,Jul 11,"🐶 Activa tu instinto protector.
✨Con tu Seguro Pet Lover, el seguro para ti con beneficios para tu mascota, tu engreído cuenta con protección, asistencia y beneficios exclusivos.
📷 banbif.com.pe/Personas/Fondo…",0,0,1,0,35
2025-07-13 13:29:05,BanBif,Jul 11,"📅 ¿Cuál es el calendario de tu Tarjeta de Crédito?​ Este es clave para organizarte y sacarle el máximo provecho.🧠💳 
✅ Conoce tu ciclo de facturación y pago ​
✅ Planifica ​
✅ Usa tu tarjeta y aprovecha sus beneficios 
#BanBif #EducaciónFinanciera #TuTarjetaTuControl",0,0,0,0,30
2025-07-13 13:29:05,BanBif,Jul 9,"🎁 Cuando le compras un regalo a tu bestie… pero eres cero buena guardando secretos.😂
Así como ella no puede ocultarlo, nosotros tampoco.
Con nuestra Cuenta Ahorro Digital, no hay cobros escondidos.
👉 banbif.com.pe/Personas/Cuent…",0,0,0,0,32
2025-07-13 13:29:05,BanBif,Jul 7,"Tu familia no es un cajero automático, pero nosotros sí podemos ayudarte.💸 Solicita tu Préstamo Efectivo en BanBif y accede a ese dinero que necesitas, al instante.
👉 banbif.com.pe/Home/Personas/…",0,0,0,0,97
2025-07-13 13:29:05,BanBif,Jul 4,"¿Te dicen “NOOOO” cada vez que pides el carro?​
Es momento de manejar el tuyo, con nuestro Préstamo Vehicular BanBif, tener tu auto es más fácil de lo que crees.​
​
Más info aquí: banbif.com.pe/Personas/Prest….​

#AutoPropioYa #BanBif #PréstamoVehicular",0,0,0,0,67
2025-07-13 13:29:05,BanBif,Jul 3,"En BanBif creemos en un mundo donde ningún perrito esté solo. Por eso, fuimos parte de la Patatón 2025, una jornada llena de amor y esperanza para los peluditos que buscan familia.🐶✨
👉 banbif.com.pe/Personas/Fondo…",1,0,0,0,67
2025-07-13 13:29:05,BanBif,Jul 1,"Hay cosas que no funcionan solas...
Pero en tus finanzas si, con tu dúo genial 💪💰👉 Cuenta Ahorro Genial + Cuenta Ahorro Digital de BanBif. Una te da chance de ganar S/50,000, la otra te paga más por ahorrar.

Más info: banbif.com.pe/duo-genial",0,0,0,0,57
2025-07-13 13:29:05,BanBif,Jul 1,"🔒 Recuerda: protege tus datos.​ 👀 Lo que compartes en redes puede poner en riesgo tu seguridad financiera.​ ¡Que no te sorprendan!​

#BanBif #Banco #NoMásFraudes",0,0,1,0,55
2025-07-13 13:29:05,BanBif,Jun 28,"🏠 Acciones que transforman vida.​​

36 voluntarios construyeron 05 nuevas viviendas junto a @Techo y Asociación IF, en la comunidad 17 de Marzo, San Juan de Miraflores. ​
🩵 Gracias por ser parte de la experiencia que suma futuro.​​

#BanBif #Banco #Techo #AsociaciónIF #Volunta",0,0,0,0,94
2025-07-13 13:29:05,BanBif,Jun 26,"Danitza trasladó su CTS a BanBif…y ahora no solo duerme tranquila, también tiene narrador que lo confirma. 😌🎙️

Porque cuando sabes qué es tu CTS y dónde tenerla, vives con más tranquilidad.

banbif.com.pe/Personas/Cuent…",0,1,2,0,80
2025-07-13 13:29:05,BanBif,Jun 26,"☁️ Todo gran sueño empieza con el simple hábito de ahorrar.​

Con tu Cuenta Ahorro Digital, cada sol cuenta: sin monto mínimo, sin mantenimiento y una TREA promocional de 4% en soles.​
​
📍 Más información: banbif.com.pe/Personas/Cuent…​

#BanBif #Banco #CuentaAhorroDigital",0,0,0,0,174
2025-07-13 13:29:05,BanBif,Jun 26,"Encontrar tu match perfecto es más fácil cuando se trata de ahorrar ✨🌺​

Abre tu Dúo Genial en BanBif y podrías ganar S/50,000, acceder a más de 100 descuentos exclusivos con ClubHOLA, y una tasa de 4.3% TREA en soles.​

👉 banbif.com.pe/duo-genial",0,0,0,0,53
2025-07-13 13:29:05,BanBif,Jun 24,"Con el programa de beneficios #ClubHola, consigue descuentos exclusivos en tus marcas favoritas como Crepier y disfruta de muchos más. Además, accede gratis al contenido digital de El Comercio. ¡Y repite las veces que quieras! Más info en 👉 clubhola.pe",0,0,0,0,39
2025-07-13 13:29:05,BanBif,Jun 24,"🩵Pequeños aprendizajes que transforman futuros.​
​
☝️🥸 Con Enseña Perú, llevamos educación financiera a los niños de Ica.​
​
#BanBif #Banco #Voluntariado #EnseñaPeru",0,0,0,0,56
2025-07-13 13:29:05,BanBif,Jun 23,"😔 Hay cosas que no vuelven, que tu plata no sea una de ellas. ​
​
📲 Usa Plin desde tu BanBif App.​
​
📍Conoce más en: banbif.com.pe/bancadigital​
​
#Banco #BanBif",0,0,1,0,170
2025-07-13 13:29:05,BanBif,Jun 19,"🐶 Este año nos volvemos a sumar a la #Patatón2025
Un evento que abre puertas y corazones para que más perritos encuentren un hogar lleno de amor.

Los esperamos:
📅 Fecha: Sábado 28 y domingo 29
⏰ Hora: 10:00 a.m.

📍 Circuito Mágico del Agua – Puerta 4 ¡INGRESO LIBRE!",0,1,1,0,83
2025-07-13 13:29:05,BanBif,Jun 16,"😉 A veces solo necesitas un antojo, y los descuentos del ClubHOLA, para alegrarte el día.​

📍Más información aquí: clubhola.pe​

#BanBif #Banco #ClubHOLA",0,1,0,0,63
2025-07-13 13:29:05,BanBif,Jun 13,"Esta vez, quisimos escuchar a nuestros papis en BanBif. Ellos nos recordaron que ser papá es dejar huella todos los días: en casa, en el trabajo y en cada momento compartido. 👔 ¡Gracias por estar siempre presentes y por enseñar con amor y compromiso! #BanBif",0,0,0,0,60
2025-07-13 14:17:26,BanBif,21 h,"❄️ ¿Eres team frío?​​​

📲¡Este plan es para ti! ¡Con el programa de beneficios de ClubHOLA, tienes descuentos ilimitados! Disfruta del 50% de descuento en Perú on Ice y úsalos las veces que quieras. ✨​​

📍Más información aquí: clubhola.pe​​
#BanBif #Banco #ClubHOLA",0,0,2,0,36
2025-07-13 14:17:26,BanBif,Jul 11,"¿Enfermo? No exactamente...​
Solo tengo viajitis aguda.🏖️🕶️​
Y la única receta es:​
✔️ Sol​
✔️ Descanso​
✔️ Y descuentos ilimitados con ClubHOLA​

ClubHOLA: tú pon la excusa, nosotros los destinos. ✈️​
Más información en clubhola.pe​
#ClubHola #DescuentosConEstilo",0,0,0,0,23
2025-07-13 14:17:26,BanBif,Jul 11,"🐶 Activa tu instinto protector.
✨Con tu Seguro Pet Lover, el seguro para ti con beneficios para tu mascota, tu engreído cuenta con protección, asistencia y beneficios exclusivos.
📷 banbif.com.pe/Personas/Fondo…",0,0,1,0,35
2025-07-13 14:17:26,BanBif,Jul 11,"📅 ¿Cuál es el calendario de tu Tarjeta de Crédito?​ Este es clave para organizarte y sacarle el máximo provecho.🧠💳 
✅ Conoce tu ciclo de facturación y pago ​
✅ Planifica ​
✅ Usa tu tarjeta y aprovecha sus beneficios 
#BanBif #EducaciónFinanciera #TuTarjetaTuControl",0,0,0,0,30
2025-07-13 14:17:26,BanBif,Jul 9,"🎁 Cuando le compras un regalo a tu bestie… pero eres cero buena guardando secretos.😂
Así como ella no puede ocultarlo, nosotros tampoco.
Con nuestra Cuenta Ahorro Digital, no hay cobros escondidos.
👉 banbif.com.pe/Personas/Cuent…",0,0,0,0,32
2025-07-13 14:17:26,BanBif,Jul 7,"Tu familia no es un cajero automático, pero nosotros sí podemos ayudarte.💸 Solicita tu Préstamo Efectivo en BanBif y accede a ese dinero que necesitas, al instante.
👉 banbif.com.pe/Home/Personas/…",0,0,0,0,98
2025-07-13 14:17:26,BanBif,Jul 4,"¿Te dicen “NOOOO” cada vez que pides el carro?​
Es momento de manejar el tuyo, con nuestro Préstamo Vehicular BanBif, tener tu auto es más fácil de lo que crees.​
​
Más info aquí: banbif.com.pe/Personas/Prest….​

#AutoPropioYa #BanBif #PréstamoVehicular",0,0,0,0,67
2025-07-13 14:17:26,BanBif,Jul 3,"En BanBif creemos en un mundo donde ningún perrito esté solo. Por eso, fuimos parte de la Patatón 2025, una jornada llena de amor y esperanza para los peluditos que buscan familia.🐶✨
👉 banbif.com.pe/Personas/Fondo…",1,0,0,0,67
2025-07-13 14:17:26,BanBif,Jul 1,"Hay cosas que no funcionan solas...
Pero en tus finanzas si, con tu dúo genial 💪💰👉 Cuenta Ahorro Genial + Cuenta Ahorro Digital de BanBif. Una te da chance de ganar S/50,000, la otra te paga más por ahorrar.

Más info: banbif.com.pe/duo-genial",0,0,0,0,57
2025-07-13 14:17:26,BanBif,Jul 1,"🔒 Recuerda: protege tus datos.​ 👀 Lo que compartes en redes puede poner en riesgo tu seguridad financiera.​ ¡Que no te sorprendan!​

#BanBif #Banco #NoMásFraudes",0,0,1,0,55
2025-07-13 14:17:26,BanBif,Jun 28,"🏠 Acciones que transforman vida.​​

36 voluntarios construyeron 05 nuevas viviendas junto a @Techo y Asociación IF, en la comunidad 17 de Marzo, San Juan de Miraflores. ​
🩵 Gracias por ser parte de la experiencia que suma futuro.​​

#BanBif #Banco #Techo #AsociaciónIF #Volunta",0,0,0,0,94
2025-07-13 14:17:26,BanBif,Jun 26,"Danitza trasladó su CTS a BanBif…y ahora no solo duerme tranquila, también tiene narrador que lo confirma. 😌🎙️

Porque cuando sabes qué es tu CTS y dónde tenerla, vives con más tranquilidad.

banbif.com.pe/Personas/Cuent…",0,1,2,0,80
2025-07-13 14:17:26,BanBif,Jun 26,"☁️ Todo gran sueño empieza con el simple hábito de ahorrar.​

Con tu Cuenta Ahorro Digital, cada sol cuenta: sin monto mínimo, sin mantenimiento y una TREA promocional de 4% en soles.​
​
📍 Más información: banbif.com.pe/Personas/Cuent…​

#BanBif #Banco #CuentaAhorroDigital",0,0,0,0,174
2025-07-13 14:17:26,BanBif,Jun 26,"Encontrar tu match perfecto es más fácil cuando se trata de ahorrar ✨🌺​

Abre tu Dúo Genial en BanBif y podrías ganar S/50,000, acceder a más de 100 descuentos exclusivos con ClubHOLA, y una tasa de 4.3% TREA en soles.​

👉 banbif.com.pe/duo-genial",0,0,0,0,53
2025-07-13 14:17:26,BanBif,Jun 24,"Con el programa de beneficios #ClubHola, consigue descuentos exclusivos en tus marcas favoritas como Crepier y disfruta de muchos más. Además, accede gratis al contenido digital de El Comercio. ¡Y repite las veces que quieras! Más info en 👉 clubhola.pe",0,0,0,0,39
2025-07-13 14:17:26,BanBif,Jun 24,"🩵Pequeños aprendizajes que transforman futuros.​
​
☝️🥸 Con Enseña Perú, llevamos educación financiera a los niños de Ica.​
​
#BanBif #Banco #Voluntariado #EnseñaPeru",0,0,0,0,56
2025-07-13 14:17:26,BanBif,Jun 23,"😔 Hay cosas que no vuelven, que tu plata no sea una de ellas. ​
​
📲 Usa Plin desde tu BanBif App.​
​
📍Conoce más en: banbif.com.pe/bancadigital​
​
#Banco #BanBif",0,0,1,0,170
2025-07-13 14:17:26,BanBif,Jun 19,"🐶 Este año nos volvemos a sumar a la #Patatón2025
Un evento que abre puertas y corazones para que más perritos encuentren un hogar lleno de amor.

Los esperamos:
📅 Fecha: Sábado 28 y domingo 29
⏰ Hora: 10:00 a.m.

📍 Circuito Mágico del Agua – Puerta 4 ¡INGRESO LIBRE!",0,1,1,0,83
2025-07-13 14:17:26,BanBif,Jun 16,"😉 A veces solo necesitas un antojo, y los descuentos del ClubHOLA, para alegrarte el día.​

📍Más información aquí: clubhola.pe​

#BanBif #Banco #ClubHOLA",0,1,0,0,63
2025-07-13 14:17:26,BanBif,Jun 13,"Esta vez, quisimos escuchar a nuestros papis en BanBif. Ellos nos recordaron que ser papá es dejar huella todos los días: en casa, en el trabajo y en cada momento compartido. 👔 ¡Gracias por estar siempre presentes y por enseñar con amor y compromiso! #BanBif",0,0,0,0,60
2025-07-13 15:19:03,BanBif,22 h,"❄️ ¿Eres team frío?​​​

📲¡Este plan es para ti! ¡Con el programa de beneficios de ClubHOLA, tienes descuentos ilimitados! Disfruta del 50% de descuento en Perú on Ice y úsalos las veces que quieras. ✨​​

📍Más información aquí: clubhola.pe​​
#BanBif #Banco #ClubHOLA",0,0,2,0,36
2025-07-13 15:19:03,BanBif,Jul 11,"¿Enfermo? No exactamente...​
Solo tengo viajitis aguda.🏖️🕶️​
Y la única receta es:​
✔️ Sol​
✔️ Descanso​
✔️ Y descuentos ilimitados con ClubHOLA​

ClubHOLA: tú pon la excusa, nosotros los destinos. ✈️​
Más información en clubhola.pe​
#ClubHola #DescuentosConEstilo",0,0,0,0,23
2025-07-13 15:19:03,BanBif,Jul 11,"🐶 Activa tu instinto protector.
✨Con tu Seguro Pet Lover, el seguro para ti con beneficios para tu mascota, tu engreído cuenta con protección, asistencia y beneficios exclusivos.
📷 banbif.com.pe/Personas/Fondo…",0,0,1,0,35
2025-07-13 15:19:03,BanBif,Jul 11,"📅 ¿Cuál es el calendario de tu Tarjeta de Crédito?​ Este es clave para organizarte y sacarle el máximo provecho.🧠💳 
✅ Conoce tu ciclo de facturación y pago ​
✅ Planifica ​
✅ Usa tu tarjeta y aprovecha sus beneficios 
#BanBif #EducaciónFinanciera #TuTarjetaTuControl",0,0,0,0,30
2025-07-13 15:19:03,BanBif,Jul 9,"🎁 Cuando le compras un regalo a tu bestie… pero eres cero buena guardando secretos.😂
Así como ella no puede ocultarlo, nosotros tampoco.
Con nuestra Cuenta Ahorro Digital, no hay cobros escondidos.
👉 banbif.com.pe/Personas/Cuent…",0,0,0,0,32
2025-07-13 15:19:03,BanBif,Jul 7,"Tu familia no es un cajero automático, pero nosotros sí podemos ayudarte.💸 Solicita tu Préstamo Efectivo en BanBif y accede a ese dinero que necesitas, al instante.
👉 banbif.com.pe/Home/Personas/…",0,0,0,0,100
2025-07-13 15:19:03,BanBif,Jul 4,"¿Te dicen “NOOOO” cada vez que pides el carro?​
Es momento de manejar el tuyo, con nuestro Préstamo Vehicular BanBif, tener tu auto es más fácil de lo que crees.​
​
Más info aquí: banbif.com.pe/Personas/Prest….​

#AutoPropioYa #BanBif #PréstamoVehicular",0,0,0,0,67
2025-07-13 15:19:03,BanBif,Jul 3,"En BanBif creemos en un mundo donde ningún perrito esté solo. Por eso, fuimos parte de la Patatón 2025, una jornada llena de amor y esperanza para los peluditos que buscan familia.🐶✨
👉 banbif.com.pe/Personas/Fondo…",1,0,0,0,67
2025-07-13 15:19:03,BanBif,Jul 1,"Hay cosas que no funcionan solas...
Pero en tus finanzas si, con tu dúo genial 💪💰👉 Cuenta Ahorro Genial + Cuenta Ahorro Digital de BanBif. Una te da chance de ganar S/50,000, la otra te paga más por ahorrar.

Más info: banbif.com.pe/duo-genial",0,0,0,0,57
2025-07-13 15:19:03,BanBif,Jul 1,"🔒 Recuerda: protege tus datos.​ 👀 Lo que compartes en redes puede poner en riesgo tu seguridad financiera.​ ¡Que no te sorprendan!​

#BanBif #Banco #NoMásFraudes",0,0,1,0,55
2025-07-13 15:19:03,BanBif,Jun 28,"🏠 Acciones que transforman vida.​​

36 voluntarios construyeron 05 nuevas viviendas junto a @Techo y Asociación IF, en la comunidad 17 de Marzo, San Juan de Miraflores. ​
🩵 Gracias por ser parte de la experiencia que suma futuro.​​

#BanBif #Banco #Techo #AsociaciónIF #Volunta",0,0,0,0,94
2025-07-13 15:19:03,BanBif,Jun 26,"Danitza trasladó su CTS a BanBif…y ahora no solo duerme tranquila, también tiene narrador que lo confirma. 😌🎙️

Porque cuando sabes qué es tu CTS y dónde tenerla, vives con más tranquilidad.

banbif.com.pe/Personas/Cuent…",0,1,2,0,80
2025-07-13 15:19:03,BanBif,Jun 26,"☁️ Todo gran sueño empieza con el simple hábito de ahorrar.​

Con tu Cuenta Ahorro Digital, cada sol cuenta: sin monto mínimo, sin mantenimiento y una TREA promocional de 4% en soles.​
​
📍 Más información: banbif.com.pe/Personas/Cuent…​

#BanBif #Banco #CuentaAhorroDigital",0,0,0,0,174
2025-07-13 15:19:03,BanBif,Jun 26,"Encontrar tu match perfecto es más fácil cuando se trata de ahorrar ✨🌺​

Abre tu Dúo Genial en BanBif y podrías ganar S/50,000, acceder a más de 100 descuentos exclusivos con ClubHOLA, y una tasa de 4.3% TREA en soles.​

👉 banbif.com.pe/duo-genial",0,0,0,0,53
2025-07-13 15:19:03,BanBif,Jun 24,"Con el programa de beneficios #ClubHola, consigue descuentos exclusivos en tus marcas favoritas como Crepier y disfruta de muchos más. Además, accede gratis al contenido digital de El Comercio. ¡Y repite las veces que quieras! Más info en 👉 clubhola.pe",0,0,0,0,39
2025-07-13 15:19:03,BanBif,Jun 24,"🩵Pequeños aprendizajes que transforman futuros.​
​
☝️🥸 Con Enseña Perú, llevamos educación financiera a los niños de Ica.​
​
#BanBif #Banco #Voluntariado #EnseñaPeru",0,0,0,0,56
2025-07-13 15:19:03,BanBif,Jun 23,"😔 Hay cosas que no vuelven, que tu plata no sea una de ellas. ​
​
📲 Usa Plin desde tu BanBif App.​
​
📍Conoce más en: banbif.com.pe/bancadigital​
​
#Banco #BanBif",0,0,1,0,170
2025-07-13 15:19:03,BanBif,Jun 19,"🐶 Este año nos volvemos a sumar a la #Patatón2025
Un evento que abre puertas y corazones para que más perritos encuentren un hogar lleno de amor.

Los esperamos:
📅 Fecha: Sábado 28 y domingo 29
⏰ Hora: 10:00 a.m.

📍 Circuito Mágico del Agua – Puerta 4 ¡INGRESO LIBRE!",0,1,1,0,83
2025-07-13 15:19:03,BanBif,Jun 16,"😉 A veces solo necesitas un antojo, y los descuentos del ClubHOLA, para alegrarte el día.​

📍Más información aquí: clubhola.pe​

#BanBif #Banco #ClubHOLA",0,1,0,0,63
2025-07-13 15:19:03,BanBif,Jun 13,"Esta vez, quisimos escuchar a nuestros papis en BanBif. Ellos nos recordaron que ser papá es dejar huella todos los días: en casa, en el trabajo y en cada momento compartido. 👔 ¡Gracias por estar siempre presentes y por enseñar con amor y compromiso! #BanBif",0,0,0,0,60
2025-07-13 16:23:18,BanBif,23 h,"❄️ ¿Eres team frío?​​​

📲¡Este plan es para ti! ¡Con el programa de beneficios de ClubHOLA, tienes descuentos ilimitados! Disfruta del 50% de descuento en Perú on Ice y úsalos las veces que quieras. ✨​​

📍Más información aquí: clubhola.pe​​
#BanBif #Banco #ClubHOLA",0,0,2,0,38
2025-07-13 16:23:18,BanBif,Jul 11,"¿Enfermo? No exactamente...​
Solo tengo viajitis aguda.🏖️🕶️​
Y la única receta es:​
✔️ Sol​
✔️ Descanso​
✔️ Y descuentos ilimitados con ClubHOLA​

ClubHOLA: tú pon la excusa, nosotros los destinos. ✈️​
Más información en clubhola.pe​
#ClubHola #DescuentosConEstilo",0,0,0,0,23
2025-07-13 16:23:18,BanBif,Jul 11,"🐶 Activa tu instinto protector.
✨Con tu Seguro Pet Lover, el seguro para ti con beneficios para tu mascota, tu engreído cuenta con protección, asistencia y beneficios exclusivos.
📷 banbif.com.pe/Personas/Fondo…",0,0,1,0,35
2025-07-13 16:23:18,BanBif,Jul 11,"📅 ¿Cuál es el calendario de tu Tarjeta de Crédito?​ Este es clave para organizarte y sacarle el máximo provecho.🧠💳 
✅ Conoce tu ciclo de facturación y pago ​
✅ Planifica ​
✅ Usa tu tarjeta y aprovecha sus beneficios 
#BanBif #EducaciónFinanciera #TuTarjetaTuControl",0,0,0,0,30
2025-07-13 16:23:18,BanBif,Jul 9,"🎁 Cuando le compras un regalo a tu bestie… pero eres cero buena guardando secretos.😂
Así como ella no puede ocultarlo, nosotros tampoco.
Con nuestra Cuenta Ahorro Digital, no hay cobros escondidos.
👉 banbif.com.pe/Personas/Cuent…",0,0,0,0,32
2025-07-13 16:23:18,BanBif,Jul 7,"Tu familia no es un cajero automático, pero nosotros sí podemos ayudarte.💸 Solicita tu Préstamo Efectivo en BanBif y accede a ese dinero que necesitas, al instante.
👉 banbif.com.pe/Home/Personas/…",0,0,0,0,101
2025-07-13 16:23:18,BanBif,Jul 4,"¿Te dicen “NOOOO” cada vez que pides el carro?​
Es momento de manejar el tuyo, con nuestro Préstamo Vehicular BanBif, tener tu auto es más fácil de lo que crees.​
​
Más info aquí: banbif.com.pe/Personas/Prest….​

#AutoPropioYa #BanBif #PréstamoVehicular",0,0,0,0,67
2025-07-13 16:23:18,BanBif,Jul 3,"En BanBif creemos en un mundo donde ningún perrito esté solo. Por eso, fuimos parte de la Patatón 2025, una jornada llena de amor y esperanza para los peluditos que buscan familia.🐶✨
👉 banbif.com.pe/Personas/Fondo…",1,0,0,0,67
2025-07-13 16:23:18,BanBif,Jul 1,"Hay cosas que no funcionan solas...
Pero en tus finanzas si, con tu dúo genial 💪💰👉 Cuenta Ahorro Genial + Cuenta Ahorro Digital de BanBif. Una te da chance de ganar S/50,000, la otra te paga más por ahorrar.

Más info: banbif.com.pe/duo-genial",0,0,0,0,57
2025-07-13 16:23:18,BanBif,Jul 1,"🔒 Recuerda: protege tus datos.​ 👀 Lo que compartes en redes puede poner en riesgo tu seguridad financiera.​ ¡Que no te sorprendan!​

#BanBif #Banco #NoMásFraudes",0,0,1,0,55
2025-07-13 16:23:18,BanBif,Jun 28,"🏠 Acciones que transforman vida.​​

36 voluntarios construyeron 05 nuevas viviendas junto a @Techo y Asociación IF, en la comunidad 17 de Marzo, San Juan de Miraflores. ​
🩵 Gracias por ser parte de la experiencia que suma futuro.​​

#BanBif #Banco #Techo #AsociaciónIF #Volunta",0,0,0,0,94
2025-07-13 16:23:18,BanBif,Jun 26,"Danitza trasladó su CTS a BanBif…y ahora no solo duerme tranquila, también tiene narrador que lo confirma. 😌🎙️

Porque cuando sabes qué es tu CTS y dónde tenerla, vives con más tranquilidad.

banbif.com.pe/Personas/Cuent…",0,1,2,0,80
2025-07-13 16:23:18,BanBif,Jun 26,"☁️ Todo gran sueño empieza con el simple hábito de ahorrar.​

Con tu Cuenta Ahorro Digital, cada sol cuenta: sin monto mínimo, sin mantenimiento y una TREA promocional de 4% en soles.​
​
📍 Más información: banbif.com.pe/Personas/Cuent…​

#BanBif #Banco #CuentaAhorroDigital",0,0,0,0,174
2025-07-13 16:23:18,BanBif,Jun 26,"Encontrar tu match perfecto es más fácil cuando se trata de ahorrar ✨🌺​

Abre tu Dúo Genial en BanBif y podrías ganar S/50,000, acceder a más de 100 descuentos exclusivos con ClubHOLA, y una tasa de 4.3% TREA en soles.​

👉 banbif.com.pe/duo-genial",0,0,0,0,53
2025-07-13 16:23:18,BanBif,Jun 24,"Con el programa de beneficios #ClubHola, consigue descuentos exclusivos en tus marcas favoritas como Crepier y disfruta de muchos más. Además, accede gratis al contenido digital de El Comercio. ¡Y repite las veces que quieras! Más info en 👉 clubhola.pe",0,0,0,0,39
2025-07-13 16:23:18,BanBif,Jun 24,"🩵Pequeños aprendizajes que transforman futuros.​
​
☝️🥸 Con Enseña Perú, llevamos educación financiera a los niños de Ica.​
​
#BanBif #Banco #Voluntariado #EnseñaPeru",0,0,0,0,56
2025-07-13 16:23:18,BanBif,Jun 23,"😔 Hay cosas que no vuelven, que tu plata no sea una de ellas. ​
​
📲 Usa Plin desde tu BanBif App.​
​
📍Conoce más en: banbif.com.pe/bancadigital​
​
#Banco #BanBif",0,0,1,0,170
2025-07-13 16:23:18,BanBif,Jun 19,"🐶 Este año nos volvemos a sumar a la #Patatón2025
Un evento que abre puertas y corazones para que más perritos encuentren un hogar lleno de amor.

Los esperamos:
📅 Fecha: Sábado 28 y domingo 29
⏰ Hora: 10:00 a.m.

📍 Circuito Mágico del Agua – Puerta 4 ¡INGRESO LIBRE!",0,1,1,0,83
2025-07-13 16:23:18,BanBif,Jun 16,"😉 A veces solo necesitas un antojo, y los descuentos del ClubHOLA, para alegrarte el día.​

📍Más información aquí: clubhola.pe​

#BanBif #Banco #ClubHOLA",0,1,0,0,63
2025-07-13 16:23:18,BanBif,Jun 13,"Esta vez, quisimos escuchar a nuestros papis en BanBif. Ellos nos recordaron que ser papá es dejar huella todos los días: en casa, en el trabajo y en cada momento compartido. 👔 ¡Gracias por estar siempre presentes y por enseñar con amor y compromiso! #BanBif",0,0,0,0,60
2025-07-13 17:16:57,BanBif,Jul 12,"❄️ ¿Eres team frío?​​​

📲¡Este plan es para ti! ¡Con el programa de beneficios de ClubHOLA, tienes descuentos ilimitados! Disfruta del 50% de descuento en Perú on Ice y úsalos las veces que quieras. ✨​​

📍Más información aquí: clubhola.pe​​
#BanBif #Banco #ClubHOLA",0,0,2,0,39
2025-07-13 17:16:57,BanBif,Jul 11,"¿Enfermo? No exactamente...​
Solo tengo viajitis aguda.🏖️🕶️​
Y la única receta es:​
✔️ Sol​
✔️ Descanso​
✔️ Y descuentos ilimitados con ClubHOLA​

ClubHOLA: tú pon la excusa, nosotros los destinos. ✈️​
Más información en clubhola.pe​
#ClubHola #DescuentosConEstilo",0,0,0,0,23
2025-07-13 17:16:57,BanBif,Jul 11,"🐶 Activa tu instinto protector.
✨Con tu Seguro Pet Lover, el seguro para ti con beneficios para tu mascota, tu engreído cuenta con protección, asistencia y beneficios exclusivos.
📷 banbif.com.pe/Personas/Fondo…",0,0,1,0,35
2025-07-13 17:16:57,BanBif,Jul 11,"📅 ¿Cuál es el calendario de tu Tarjeta de Crédito?​ Este es clave para organizarte y sacarle el máximo provecho.🧠💳 
✅ Conoce tu ciclo de facturación y pago ​
✅ Planifica ​
✅ Usa tu tarjeta y aprovecha sus beneficios 
#BanBif #EducaciónFinanciera #TuTarjetaTuControl",0,0,0,0,30
2025-07-13 17:16:57,BanBif,Jul 9,"🎁 Cuando le compras un regalo a tu bestie… pero eres cero buena guardando secretos.😂
Así como ella no puede ocultarlo, nosotros tampoco.
Con nuestra Cuenta Ahorro Digital, no hay cobros escondidos.
👉 banbif.com.pe/Personas/Cuent…",0,0,0,0,32
2025-07-13 17:16:57,BanBif,Jul 7,"Tu familia no es un cajero automático, pero nosotros sí podemos ayudarte.💸 Solicita tu Préstamo Efectivo en BanBif y accede a ese dinero que necesitas, al instante.
👉 banbif.com.pe/Home/Personas/…",0,0,0,0,101
2025-07-13 17:16:57,BanBif,Jul 4,"¿Te dicen “NOOOO” cada vez que pides el carro?​
Es momento de manejar el tuyo, con nuestro Préstamo Vehicular BanBif, tener tu auto es más fácil de lo que crees.​
​
Más info aquí: banbif.com.pe/Personas/Prest….​

#AutoPropioYa #BanBif #PréstamoVehicular",0,0,0,0,67
2025-07-13 17:16:57,BanBif,Jul 3,"En BanBif creemos en un mundo donde ningún perrito esté solo. Por eso, fuimos parte de la Patatón 2025, una jornada llena de amor y esperanza para los peluditos que buscan familia.🐶✨
👉 banbif.com.pe/Personas/Fondo…",1,0,0,0,67
2025-07-13 17:16:57,BanBif,Jul 1,"Hay cosas que no funcionan solas...
Pero en tus finanzas si, con tu dúo genial 💪💰👉 Cuenta Ahorro Genial + Cuenta Ahorro Digital de BanBif. Una te da chance de ganar S/50,000, la otra te paga más por ahorrar.

Más info: banbif.com.pe/duo-genial",0,0,0,0,57
2025-07-13 17:16:57,BanBif,Jul 1,"🔒 Recuerda: protege tus datos.​ 👀 Lo que compartes en redes puede poner en riesgo tu seguridad financiera.​ ¡Que no te sorprendan!​

#BanBif #Banco #NoMásFraudes",0,0,1,0,55
2025-07-13 17:16:57,BanBif,Jun 28,"🏠 Acciones que transforman vida.​​

36 voluntarios construyeron 05 nuevas viviendas junto a @Techo y Asociación IF, en la comunidad 17 de Marzo, San Juan de Miraflores. ​
🩵 Gracias por ser parte de la experiencia que suma futuro.​​

#BanBif #Banco #Techo #AsociaciónIF #Volunta",0,0,0,0,94
2025-07-13 17:16:57,BanBif,Jun 26,"Danitza trasladó su CTS a BanBif…y ahora no solo duerme tranquila, también tiene narrador que lo confirma. 😌🎙️

Porque cuando sabes qué es tu CTS y dónde tenerla, vives con más tranquilidad.

banbif.com.pe/Personas/Cuent…",0,1,2,0,80
2025-07-13 17:16:57,BanBif,Jun 26,"☁️ Todo gran sueño empieza con el simple hábito de ahorrar.​

Con tu Cuenta Ahorro Digital, cada sol cuenta: sin monto mínimo, sin mantenimiento y una TREA promocional de 4% en soles.​
​
📍 Más información: banbif.com.pe/Personas/Cuent…​

#BanBif #Banco #CuentaAhorroDigital",0,0,0,0,174
2025-07-13 17:16:57,BanBif,Jun 26,"Encontrar tu match perfecto es más fácil cuando se trata de ahorrar ✨🌺​

Abre tu Dúo Genial en BanBif y podrías ganar S/50,000, acceder a más de 100 descuentos exclusivos con ClubHOLA, y una tasa de 4.3% TREA en soles.​

👉 banbif.com.pe/duo-genial",0,0,0,0,53
2025-07-13 17:16:57,BanBif,Jun 24,"Con el programa de beneficios #ClubHola, consigue descuentos exclusivos en tus marcas favoritas como Crepier y disfruta de muchos más. Además, accede gratis al contenido digital de El Comercio. ¡Y repite las veces que quieras! Más info en 👉 clubhola.pe",0,0,0,0,39
2025-07-13 17:16:57,BanBif,Jun 24,"🩵Pequeños aprendizajes que transforman futuros.​
​
☝️🥸 Con Enseña Perú, llevamos educación financiera a los niños de Ica.​
​
#BanBif #Banco #Voluntariado #EnseñaPeru",0,0,0,0,56
2025-07-13 17:16:57,BanBif,Jun 23,"😔 Hay cosas que no vuelven, que tu plata no sea una de ellas. ​
​
📲 Usa Plin desde tu BanBif App.​
​
📍Conoce más en: banbif.com.pe/bancadigital​
​
#Banco #BanBif",0,0,1,0,170
2025-07-13 17:16:57,BanBif,Jun 19,"🐶 Este año nos volvemos a sumar a la #Patatón2025
Un evento que abre puertas y corazones para que más perritos encuentren un hogar lleno de amor.

Los esperamos:
📅 Fecha: Sábado 28 y domingo 29
⏰ Hora: 10:00 a.m.

📍 Circuito Mágico del Agua – Puerta 4 ¡INGRESO LIBRE!",0,1,1,0,83
2025-07-13 17:16:57,BanBif,Jun 16,"😉 A veces solo necesitas un antojo, y los descuentos del ClubHOLA, para alegrarte el día.​

📍Más información aquí: clubhola.pe​

#BanBif #Banco #ClubHOLA",0,1,0,0,63
2025-07-13 17:16:57,BanBif,Jun 13,"Esta vez, quisimos escuchar a nuestros papis en BanBif. Ellos nos recordaron que ser papá es dejar huella todos los días: en casa, en el trabajo y en cada momento compartido. 👔 ¡Gracias por estar siempre presentes y por enseñar con amor y compromiso! #BanBif",0,0,0,0,60
2025-07-13 18:26:43,BanBif,Jul 12,"❄️ ¿Eres team frío?​​​

📲¡Este plan es para ti! ¡Con el programa de beneficios de ClubHOLA, tienes descuentos ilimitados! Disfruta del 50% de descuento en Perú on Ice y úsalos las veces que quieras. ✨​​

📍Más información aquí: clubhola.pe​​
#BanBif #Banco #ClubHOLA",0,0,2,0,39
2025-07-13 18:26:43,BanBif,Jul 11,"¿Enfermo? No exactamente...​
Solo tengo viajitis aguda.🏖️🕶️​
Y la única receta es:​
✔️ Sol​
✔️ Descanso​
✔️ Y descuentos ilimitados con ClubHOLA​

ClubHOLA: tú pon la excusa, nosotros los destinos. ✈️​
Más información en clubhola.pe​
#ClubHola #DescuentosConEstilo",0,0,0,0,23
2025-07-13 18:26:43,BanBif,Jul 11,"🐶 Activa tu instinto protector.
✨Con tu Seguro Pet Lover, el seguro para ti con beneficios para tu mascota, tu engreído cuenta con protección, asistencia y beneficios exclusivos.
📷 banbif.com.pe/Personas/Fondo…",0,0,1,0,35
2025-07-13 18:26:43,BanBif,Jul 11,"📅 ¿Cuál es el calendario de tu Tarjeta de Crédito?​ Este es clave para organizarte y sacarle el máximo provecho.🧠💳 
✅ Conoce tu ciclo de facturación y pago ​
✅ Planifica ​
✅ Usa tu tarjeta y aprovecha sus beneficios 
#BanBif #EducaciónFinanciera #TuTarjetaTuControl",0,0,0,0,30
2025-07-13 18:26:43,BanBif,Jul 9,"🎁 Cuando le compras un regalo a tu bestie… pero eres cero buena guardando secretos.😂
Así como ella no puede ocultarlo, nosotros tampoco.
Con nuestra Cuenta Ahorro Digital, no hay cobros escondidos.
👉 banbif.com.pe/Personas/Cuent…",0,0,0,0,32
2025-07-13 18:26:43,BanBif,Jul 7,"Tu familia no es un cajero automático, pero nosotros sí podemos ayudarte.💸 Solicita tu Préstamo Efectivo en BanBif y accede a ese dinero que necesitas, al instante.
👉 banbif.com.pe/Home/Personas/…",0,0,0,0,101
2025-07-13 18:26:43,BanBif,Jul 4,"¿Te dicen “NOOOO” cada vez que pides el carro?​
Es momento de manejar el tuyo, con nuestro Préstamo Vehicular BanBif, tener tu auto es más fácil de lo que crees.​
​
Más info aquí: banbif.com.pe/Personas/Prest….​

#AutoPropioYa #BanBif #PréstamoVehicular",0,0,0,0,67
2025-07-13 18:26:43,BanBif,Jul 3,"En BanBif creemos en un mundo donde ningún perrito esté solo. Por eso, fuimos parte de la Patatón 2025, una jornada llena de amor y esperanza para los peluditos que buscan familia.🐶✨
👉 banbif.com.pe/Personas/Fondo…",1,0,0,0,67
2025-07-13 18:26:43,BanBif,Jul 1,"Hay cosas que no funcionan solas...
Pero en tus finanzas si, con tu dúo genial 💪💰👉 Cuenta Ahorro Genial + Cuenta Ahorro Digital de BanBif. Una te da chance de ganar S/50,000, la otra te paga más por ahorrar.

Más info: banbif.com.pe/duo-genial",0,0,0,0,57
2025-07-13 18:26:43,BanBif,Jul 1,"🔒 Recuerda: protege tus datos.​ 👀 Lo que compartes en redes puede poner en riesgo tu seguridad financiera.​ ¡Que no te sorprendan!​

#BanBif #Banco #NoMásFraudes",0,0,1,0,55
2025-07-13 18:26:43,BanBif,Jun 28,"🏠 Acciones que transforman vida.​​

36 voluntarios construyeron 05 nuevas viviendas junto a @Techo y Asociación IF, en la comunidad 17 de Marzo, San Juan de Miraflores. ​
🩵 Gracias por ser parte de la experiencia que suma futuro.​​

#BanBif #Banco #Techo #AsociaciónIF #Volunta",0,0,0,0,94
2025-07-13 18:26:43,BanBif,Jun 26,"Danitza trasladó su CTS a BanBif…y ahora no solo duerme tranquila, también tiene narrador que lo confirma. 😌🎙️

Porque cuando sabes qué es tu CTS y dónde tenerla, vives con más tranquilidad.

banbif.com.pe/Personas/Cuent…",0,1,2,0,80
2025-07-13 18:26:43,BanBif,Jun 26,"☁️ Todo gran sueño empieza con el simple hábito de ahorrar.​

Con tu Cuenta Ahorro Digital, cada sol cuenta: sin monto mínimo, sin mantenimiento y una TREA promocional de 4% en soles.​
​
📍 Más información: banbif.com.pe/Personas/Cuent…​

#BanBif #Banco #CuentaAhorroDigital",0,0,0,0,174
2025-07-13 18:26:43,BanBif,Jun 26,"Encontrar tu match perfecto es más fácil cuando se trata de ahorrar ✨🌺​

Abre tu Dúo Genial en BanBif y podrías ganar S/50,000, acceder a más de 100 descuentos exclusivos con ClubHOLA, y una tasa de 4.3% TREA en soles.​

👉 banbif.com.pe/duo-genial",0,0,0,0,53
2025-07-13 18:26:43,BanBif,Jun 24,"Con el programa de beneficios #ClubHola, consigue descuentos exclusivos en tus marcas favoritas como Crepier y disfruta de muchos más. Además, accede gratis al contenido digital de El Comercio. ¡Y repite las veces que quieras! Más info en 👉 clubhola.pe",0,0,0,0,39
2025-07-13 18:26:43,BanBif,Jun 24,"🩵Pequeños aprendizajes que transforman futuros.​
​
☝️🥸 Con Enseña Perú, llevamos educación financiera a los niños de Ica.​
​
#BanBif #Banco #Voluntariado #EnseñaPeru",0,0,0,0,56
2025-07-13 18:26:43,BanBif,Jun 23,"😔 Hay cosas que no vuelven, que tu plata no sea una de ellas. ​
​
📲 Usa Plin desde tu BanBif App.​
​
📍Conoce más en: banbif.com.pe/bancadigital​
​
#Banco #BanBif",0,0,1,0,170
2025-07-13 18:26:43,BanBif,Jun 19,"🐶 Este año nos volvemos a sumar a la #Patatón2025
Un evento que abre puertas y corazones para que más perritos encuentren un hogar lleno de amor.

Los esperamos:
📅 Fecha: Sábado 28 y domingo 29
⏰ Hora: 10:00 a.m.

📍 Circuito Mágico del Agua – Puerta 4 ¡INGRESO LIBRE!",0,1,1,0,83
2025-07-13 18:26:43,BanBif,Jun 16,"😉 A veces solo necesitas un antojo, y los descuentos del ClubHOLA, para alegrarte el día.​

📍Más información aquí: clubhola.pe​

#BanBif #Banco #ClubHOLA",0,1,0,0,63
2025-07-13 18:26:43,BanBif,Jun 13,"Esta vez, quisimos escuchar a nuestros papis en BanBif. Ellos nos recordaron que ser papá es dejar huella todos los días: en casa, en el trabajo y en cada momento compartido. 👔 ¡Gracias por estar siempre presentes y por enseñar con amor y compromiso! #BanBif",0,0,0,0,60
2025-07-13 19:15:35,BanBif,Jul 12,"❄️ ¿Eres team frío?​​​

📲¡Este plan es para ti! ¡Con el programa de beneficios de ClubHOLA, tienes descuentos ilimitados! Disfruta del 50% de descuento en Perú on Ice y úsalos las veces que quieras. ✨​​

📍Más información aquí: clubhola.pe​​
#BanBif #Banco #ClubHOLA",0,0,2,0,40
2025-07-13 19:15:35,BanBif,Jul 11,"¿Enfermo? No exactamente...​
Solo tengo viajitis aguda.🏖️🕶️​
Y la única receta es:​
✔️ Sol​
✔️ Descanso​
✔️ Y descuentos ilimitados con ClubHOLA​

ClubHOLA: tú pon la excusa, nosotros los destinos. ✈️​
Más información en clubhola.pe​
#ClubHola #DescuentosConEstilo",0,0,0,0,23
2025-07-13 19:15:35,BanBif,Jul 11,"🐶 Activa tu instinto protector.
✨Con tu Seguro Pet Lover, el seguro para ti con beneficios para tu mascota, tu engreído cuenta con protección, asistencia y beneficios exclusivos.
📷 banbif.com.pe/Personas/Fondo…",0,0,1,0,35
2025-07-13 19:15:35,BanBif,Jul 11,"📅 ¿Cuál es el calendario de tu Tarjeta de Crédito?​ Este es clave para organizarte y sacarle el máximo provecho.🧠💳 
✅ Conoce tu ciclo de facturación y pago ​
✅ Planifica ​
✅ Usa tu tarjeta y aprovecha sus beneficios 
#BanBif #EducaciónFinanciera #TuTarjetaTuControl",0,0,0,0,30
2025-07-13 19:15:35,BanBif,Jul 9,"🎁 Cuando le compras un regalo a tu bestie… pero eres cero buena guardando secretos.😂
Así como ella no puede ocultarlo, nosotros tampoco.
Con nuestra Cuenta Ahorro Digital, no hay cobros escondidos.
👉 banbif.com.pe/Personas/Cuent…",0,0,0,0,32
2025-07-13 19:15:35,BanBif,Jul 7,"Tu familia no es un cajero automático, pero nosotros sí podemos ayudarte.💸 Solicita tu Préstamo Efectivo en BanBif y accede a ese dinero que necesitas, al instante.
👉 banbif.com.pe/Home/Personas/…",0,0,0,0,101
2025-07-13 19:15:35,BanBif,Jul 4,"¿Te dicen “NOOOO” cada vez que pides el carro?​
Es momento de manejar el tuyo, con nuestro Préstamo Vehicular BanBif, tener tu auto es más fácil de lo que crees.​
​
Más info aquí: banbif.com.pe/Personas/Prest….​

#AutoPropioYa #BanBif #PréstamoVehicular",0,0,0,0,67
2025-07-13 19:15:35,BanBif,Jul 3,"En BanBif creemos en un mundo donde ningún perrito esté solo. Por eso, fuimos parte de la Patatón 2025, una jornada llena de amor y esperanza para los peluditos que buscan familia.🐶✨
👉 banbif.com.pe/Personas/Fondo…",1,0,0,0,67
2025-07-13 19:15:35,BanBif,Jul 1,"Hay cosas que no funcionan solas...
Pero en tus finanzas si, con tu dúo genial 💪💰👉 Cuenta Ahorro Genial + Cuenta Ahorro Digital de BanBif. Una te da chance de ganar S/50,000, la otra te paga más por ahorrar.

Más info: banbif.com.pe/duo-genial",0,0,0,0,57
2025-07-13 19:15:35,BanBif,Jul 1,"🔒 Recuerda: protege tus datos.​ 👀 Lo que compartes en redes puede poner en riesgo tu seguridad financiera.​ ¡Que no te sorprendan!​

#BanBif #Banco #NoMásFraudes",0,0,1,0,55
2025-07-13 19:15:35,BanBif,Jun 28,"🏠 Acciones que transforman vida.​​

36 voluntarios construyeron 05 nuevas viviendas junto a @Techo y Asociación IF, en la comunidad 17 de Marzo, San Juan de Miraflores. ​
🩵 Gracias por ser parte de la experiencia que suma futuro.​​

#BanBif #Banco #Techo #AsociaciónIF #Volunta",0,0,0,0,94
2025-07-13 19:15:35,BanBif,Jun 26,"Danitza trasladó su CTS a BanBif…y ahora no solo duerme tranquila, también tiene narrador que lo confirma. 😌🎙️

Porque cuando sabes qué es tu CTS y dónde tenerla, vives con más tranquilidad.

banbif.com.pe/Personas/Cuent…",0,1,2,0,80
2025-07-13 19:15:35,BanBif,Jun 26,"☁️ Todo gran sueño empieza con el simple hábito de ahorrar.​

Con tu Cuenta Ahorro Digital, cada sol cuenta: sin monto mínimo, sin mantenimiento y una TREA promocional de 4% en soles.​
​
📍 Más información: banbif.com.pe/Personas/Cuent…​

#BanBif #Banco #CuentaAhorroDigital",0,0,0,0,174
2025-07-13 19:15:35,BanBif,Jun 26,"Encontrar tu match perfecto es más fácil cuando se trata de ahorrar ✨🌺​

Abre tu Dúo Genial en BanBif y podrías ganar S/50,000, acceder a más de 100 descuentos exclusivos con ClubHOLA, y una tasa de 4.3% TREA en soles.​

👉 banbif.com.pe/duo-genial",0,0,0,0,53
2025-07-13 19:15:35,BanBif,Jun 24,"Con el programa de beneficios #ClubHola, consigue descuentos exclusivos en tus marcas favoritas como Crepier y disfruta de muchos más. Además, accede gratis al contenido digital de El Comercio. ¡Y repite las veces que quieras! Más info en 👉 clubhola.pe",0,0,0,0,39
2025-07-13 19:15:35,BanBif,Jun 24,"🩵Pequeños aprendizajes que transforman futuros.​
​
☝️🥸 Con Enseña Perú, llevamos educación financiera a los niños de Ica.​
​
#BanBif #Banco #Voluntariado #EnseñaPeru",0,0,0,0,56
2025-07-13 19:15:35,BanBif,Jun 23,"😔 Hay cosas que no vuelven, que tu plata no sea una de ellas. ​
​
📲 Usa Plin desde tu BanBif App.​
​
📍Conoce más en: banbif.com.pe/bancadigital​
​
#Banco #BanBif",0,0,1,0,170
2025-07-13 19:15:35,BanBif,Jun 19,"🐶 Este año nos volvemos a sumar a la #Patatón2025
Un evento que abre puertas y corazones para que más perritos encuentren un hogar lleno de amor.

Los esperamos:
📅 Fecha: Sábado 28 y domingo 29
⏰ Hora: 10:00 a.m.

📍 Circuito Mágico del Agua – Puerta 4 ¡INGRESO LIBRE!",0,1,1,0,83
2025-07-13 19:15:35,BanBif,Jun 16,"😉 A veces solo necesitas un antojo, y los descuentos del ClubHOLA, para alegrarte el día.​

📍Más información aquí: clubhola.pe​

#BanBif #Banco #ClubHOLA",0,1,0,0,63
2025-07-13 19:15:35,BanBif,Jun 13,"Esta vez, quisimos escuchar a nuestros papis en BanBif. Ellos nos recordaron que ser papá es dejar huella todos los días: en casa, en el trabajo y en cada momento compartido. 👔 ¡Gracias por estar siempre presentes y por enseñar con amor y compromiso! #BanBif",0,0,0,0,60
2025-07-13 20:20:29,BanBif,Jul 12,"❄️ ¿Eres team frío?​​​

📲¡Este plan es para ti! ¡Con el programa de beneficios de ClubHOLA, tienes descuentos ilimitados! Disfruta del 50% de descuento en Perú on Ice y úsalos las veces que quieras. ✨​​

📍Más información aquí: clubhola.pe​​
#BanBif #Banco #ClubHOLA",0,0,2,0,40
2025-07-13 20:20:29,BanBif,Jul 11,"¿Enfermo? No exactamente...​
Solo tengo viajitis aguda.🏖️🕶️​
Y la única receta es:​
✔️ Sol​
✔️ Descanso​
✔️ Y descuentos ilimitados con ClubHOLA​

ClubHOLA: tú pon la excusa, nosotros los destinos. ✈️​
Más información en clubhola.pe​
#ClubHola #DescuentosConEstilo",0,0,0,0,23
2025-07-13 20:20:29,BanBif,Jul 11,"🐶 Activa tu instinto protector.
✨Con tu Seguro Pet Lover, el seguro para ti con beneficios para tu mascota, tu engreído cuenta con protección, asistencia y beneficios exclusivos.
📷 banbif.com.pe/Personas/Fondo…",0,0,1,0,35
2025-07-13 20:20:29,BanBif,Jul 11,"📅 ¿Cuál es el calendario de tu Tarjeta de Crédito?​ Este es clave para organizarte y sacarle el máximo provecho.🧠💳 
✅ Conoce tu ciclo de facturación y pago ​
✅ Planifica ​
✅ Usa tu tarjeta y aprovecha sus beneficios 
#BanBif #EducaciónFinanciera #TuTarjetaTuControl",0,0,0,0,30
2025-07-13 20:20:29,BanBif,Jul 9,"🎁 Cuando le compras un regalo a tu bestie… pero eres cero buena guardando secretos.😂
Así como ella no puede ocultarlo, nosotros tampoco.
Con nuestra Cuenta Ahorro Digital, no hay cobros escondidos.
👉 banbif.com.pe/Personas/Cuent…",0,0,0,0,34
2025-07-13 20:20:29,BanBif,Jul 7,"Tu familia no es un cajero automático, pero nosotros sí podemos ayudarte.💸 Solicita tu Préstamo Efectivo en BanBif y accede a ese dinero que necesitas, al instante.
👉 banbif.com.pe/Home/Personas/…",0,0,0,0,101
2025-07-13 20:20:29,BanBif,Jul 4,"¿Te dicen “NOOOO” cada vez que pides el carro?​
Es momento de manejar el tuyo, con nuestro Préstamo Vehicular BanBif, tener tu auto es más fácil de lo que crees.​
​
Más info aquí: banbif.com.pe/Personas/Prest….​

#AutoPropioYa #BanBif #PréstamoVehicular",0,0,0,0,67
2025-07-13 20:20:29,BanBif,Jul 3,"En BanBif creemos en un mundo donde ningún perrito esté solo. Por eso, fuimos parte de la Patatón 2025, una jornada llena de amor y esperanza para los peluditos que buscan familia.🐶✨
👉 banbif.com.pe/Personas/Fondo…",1,0,0,0,67
2025-07-13 20:20:29,BanBif,Jul 1,"Hay cosas que no funcionan solas...
Pero en tus finanzas si, con tu dúo genial 💪💰👉 Cuenta Ahorro Genial + Cuenta Ahorro Digital de BanBif. Una te da chance de ganar S/50,000, la otra te paga más por ahorrar.

Más info: banbif.com.pe/duo-genial",0,0,0,0,57
2025-07-13 20:20:29,BanBif,Jul 1,"🔒 Recuerda: protege tus datos.​ 👀 Lo que compartes en redes puede poner en riesgo tu seguridad financiera.​ ¡Que no te sorprendan!​

#BanBif #Banco #NoMásFraudes",0,0,1,0,55
2025-07-13 20:20:29,BanBif,Jun 28,"🏠 Acciones que transforman vida.​​

36 voluntarios construyeron 05 nuevas viviendas junto a @Techo y Asociación IF, en la comunidad 17 de Marzo, San Juan de Miraflores. ​
🩵 Gracias por ser parte de la experiencia que suma futuro.​​

#BanBif #Banco #Techo #AsociaciónIF #Volunta",0,0,0,0,94
2025-07-13 20:20:29,BanBif,Jun 26,"Danitza trasladó su CTS a BanBif…y ahora no solo duerme tranquila, también tiene narrador que lo confirma. 😌🎙️

Porque cuando sabes qué es tu CTS y dónde tenerla, vives con más tranquilidad.

banbif.com.pe/Personas/Cuent…",0,1,2,0,80
2025-07-13 20:20:29,BanBif,Jun 26,"☁️ Todo gran sueño empieza con el simple hábito de ahorrar.​

Con tu Cuenta Ahorro Digital, cada sol cuenta: sin monto mínimo, sin mantenimiento y una TREA promocional de 4% en soles.​
​
📍 Más información: banbif.com.pe/Personas/Cuent…​

#BanBif #Banco #CuentaAhorroDigital",0,0,0,0,174
2025-07-13 20:20:29,BanBif,Jun 26,"Encontrar tu match perfecto es más fácil cuando se trata de ahorrar ✨🌺​

Abre tu Dúo Genial en BanBif y podrías ganar S/50,000, acceder a más de 100 descuentos exclusivos con ClubHOLA, y una tasa de 4.3% TREA en soles.​

👉 banbif.com.pe/duo-genial",0,0,0,0,53
2025-07-13 20:20:29,BanBif,Jun 24,"Con el programa de beneficios #ClubHola, consigue descuentos exclusivos en tus marcas favoritas como Crepier y disfruta de muchos más. Además, accede gratis al contenido digital de El Comercio. ¡Y repite las veces que quieras! Más info en 👉 clubhola.pe",0,0,0,0,39
2025-07-13 20:20:29,BanBif,Jun 24,"🩵Pequeños aprendizajes que transforman futuros.​
​
☝️🥸 Con Enseña Perú, llevamos educación financiera a los niños de Ica.​
​
#BanBif #Banco #Voluntariado #EnseñaPeru",0,0,0,0,56
2025-07-13 20:20:29,BanBif,Jun 23,"😔 Hay cosas que no vuelven, que tu plata no sea una de ellas. ​
​
📲 Usa Plin desde tu BanBif App.​
​
📍Conoce más en: banbif.com.pe/bancadigital​
​
#Banco #BanBif",0,0,1,0,170
2025-07-13 20:20:29,BanBif,Jun 19,"🐶 Este año nos volvemos a sumar a la #Patatón2025
Un evento que abre puertas y corazones para que más perritos encuentren un hogar lleno de amor.

Los esperamos:
📅 Fecha: Sábado 28 y domingo 29
⏰ Hora: 10:00 a.m.

📍 Circuito Mágico del Agua – Puerta 4 ¡INGRESO LIBRE!",0,1,1,0,83
2025-07-13 20:20:29,BanBif,Jun 16,"😉 A veces solo necesitas un antojo, y los descuentos del ClubHOLA, para alegrarte el día.​

📍Más información aquí: clubhola.pe​

#BanBif #Banco #ClubHOLA",0,1,0,0,63
2025-07-13 20:20:29,BanBif,Jun 13,"Esta vez, quisimos escuchar a nuestros papis en BanBif. Ellos nos recordaron que ser papá es dejar huella todos los días: en casa, en el trabajo y en cada momento compartido. 👔 ¡Gracias por estar siempre presentes y por enseñar con amor y compromiso! #BanBif",0,0,0,0,60
2025-07-13 21:18:01,BanBif,Jul 12,"❄️ ¿Eres team frío?​​​

📲¡Este plan es para ti! ¡Con el programa de beneficios de ClubHOLA, tienes descuentos ilimitados! Disfruta del 50% de descuento en Perú on Ice y úsalos las veces que quieras. ✨​​

📍Más información aquí: clubhola.pe​​
#BanBif #Banco #ClubHOLA",0,0,2,0,41
2025-07-13 21:18:01,BanBif,Jul 11,"¿Enfermo? No exactamente...​
Solo tengo viajitis aguda.🏖️🕶️​
Y la única receta es:​
✔️ Sol​
✔️ Descanso​
✔️ Y descuentos ilimitados con ClubHOLA​

ClubHOLA: tú pon la excusa, nosotros los destinos. ✈️​
Más información en clubhola.pe​
#ClubHola #DescuentosConEstilo",0,0,0,0,23
2025-07-13 21:18:01,BanBif,Jul 11,"🐶 Activa tu instinto protector.
✨Con tu Seguro Pet Lover, el seguro para ti con beneficios para tu mascota, tu engreído cuenta con protección, asistencia y beneficios exclusivos.
📷 banbif.com.pe/Personas/Fondo…",0,0,1,0,35
2025-07-13 21:18:01,BanBif,Jul 11,"📅 ¿Cuál es el calendario de tu Tarjeta de Crédito?​ Este es clave para organizarte y sacarle el máximo provecho.🧠💳 
✅ Conoce tu ciclo de facturación y pago ​
✅ Planifica ​
✅ Usa tu tarjeta y aprovecha sus beneficios 
#BanBif #EducaciónFinanciera #TuTarjetaTuControl",0,0,0,0,30
2025-07-13 21:18:01,BanBif,Jul 9,"🎁 Cuando le compras un regalo a tu bestie… pero eres cero buena guardando secretos.😂
Así como ella no puede ocultarlo, nosotros tampoco.
Con nuestra Cuenta Ahorro Digital, no hay cobros escondidos.
👉 banbif.com.pe/Personas/Cuent…",0,0,0,0,34
2025-07-13 21:18:01,BanBif,Jul 7,"Tu familia no es un cajero automático, pero nosotros sí podemos ayudarte.💸 Solicita tu Préstamo Efectivo en BanBif y accede a ese dinero que necesitas, al instante.
👉 banbif.com.pe/Home/Personas/…",0,0,0,0,101
2025-07-13 21:18:01,BanBif,Jul 4,"¿Te dicen “NOOOO” cada vez que pides el carro?​
Es momento de manejar el tuyo, con nuestro Préstamo Vehicular BanBif, tener tu auto es más fácil de lo que crees.​
​
Más info aquí: banbif.com.pe/Personas/Prest….​

#AutoPropioYa #BanBif #PréstamoVehicular",0,0,0,0,67
2025-07-13 21:18:01,BanBif,Jul 3,"En BanBif creemos en un mundo donde ningún perrito esté solo. Por eso, fuimos parte de la Patatón 2025, una jornada llena de amor y esperanza para los peluditos que buscan familia.🐶✨
👉 banbif.com.pe/Personas/Fondo…",1,0,0,0,67
2025-07-13 21:18:01,BanBif,Jul 1,"Hay cosas que no funcionan solas...
Pero en tus finanzas si, con tu dúo genial 💪💰👉 Cuenta Ahorro Genial + Cuenta Ahorro Digital de BanBif. Una te da chance de ganar S/50,000, la otra te paga más por ahorrar.

Más info: banbif.com.pe/duo-genial",0,0,0,0,57
2025-07-13 21:18:01,BanBif,Jul 1,"🔒 Recuerda: protege tus datos.​ 👀 Lo que compartes en redes puede poner en riesgo tu seguridad financiera.​ ¡Que no te sorprendan!​

#BanBif #Banco #NoMásFraudes",0,0,1,0,55
2025-07-13 21:18:01,BanBif,Jun 28,"🏠 Acciones que transforman vida.​​

36 voluntarios construyeron 05 nuevas viviendas junto a @Techo y Asociación IF, en la comunidad 17 de Marzo, San Juan de Miraflores. ​
🩵 Gracias por ser parte de la experiencia que suma futuro.​​

#BanBif #Banco #Techo #AsociaciónIF #Volunta",0,0,0,0,94
2025-07-13 21:18:01,BanBif,Jun 26,"Danitza trasladó su CTS a BanBif…y ahora no solo duerme tranquila, también tiene narrador que lo confirma. 😌🎙️

Porque cuando sabes qué es tu CTS y dónde tenerla, vives con más tranquilidad.

banbif.com.pe/Personas/Cuent…",0,1,2,0,80
2025-07-13 21:18:01,BanBif,Jun 26,"☁️ Todo gran sueño empieza con el simple hábito de ahorrar.​

Con tu Cuenta Ahorro Digital, cada sol cuenta: sin monto mínimo, sin mantenimiento y una TREA promocional de 4% en soles.​
​
📍 Más información: banbif.com.pe/Personas/Cuent…​

#BanBif #Banco #CuentaAhorroDigital",0,0,0,0,174
2025-07-13 21:18:01,BanBif,Jun 26,"Encontrar tu match perfecto es más fácil cuando se trata de ahorrar ✨🌺​

Abre tu Dúo Genial en BanBif y podrías ganar S/50,000, acceder a más de 100 descuentos exclusivos con ClubHOLA, y una tasa de 4.3% TREA en soles.​

👉 banbif.com.pe/duo-genial",0,0,0,0,53
2025-07-13 21:18:01,BanBif,Jun 24,"Con el programa de beneficios #ClubHola, consigue descuentos exclusivos en tus marcas favoritas como Crepier y disfruta de muchos más. Además, accede gratis al contenido digital de El Comercio. ¡Y repite las veces que quieras! Más info en 👉 clubhola.pe",0,0,0,0,39
2025-07-13 21:18:01,BanBif,Jun 24,"🩵Pequeños aprendizajes que transforman futuros.​
​
☝️🥸 Con Enseña Perú, llevamos educación financiera a los niños de Ica.​
​
#BanBif #Banco #Voluntariado #EnseñaPeru",0,0,0,0,56
2025-07-13 21:18:01,BanBif,Jun 23,"😔 Hay cosas que no vuelven, que tu plata no sea una de ellas. ​
​
📲 Usa Plin desde tu BanBif App.​
​
📍Conoce más en: banbif.com.pe/bancadigital​
​
#Banco #BanBif",0,0,1,0,170
2025-07-13 21:18:01,BanBif,Jun 19,"🐶 Este año nos volvemos a sumar a la #Patatón2025
Un evento que abre puertas y corazones para que más perritos encuentren un hogar lleno de amor.

Los esperamos:
📅 Fecha: Sábado 28 y domingo 29
⏰ Hora: 10:00 a.m.

📍 Circuito Mágico del Agua – Puerta 4 ¡INGRESO LIBRE!",0,1,1,0,83
2025-07-13 21:18:01,BanBif,Jun 16,"😉 A veces solo necesitas un antojo, y los descuentos del ClubHOLA, para alegrarte el día.​

📍Más información aquí: clubhola.pe​

#BanBif #Banco #ClubHOLA",0,1,0,0,63
2025-07-13 21:18:01,BanBif,Jun 13,"Esta vez, quisimos escuchar a nuestros papis en BanBif. Ellos nos recordaron que ser papá es dejar huella todos los días: en casa, en el trabajo y en cada momento compartido. 👔 ¡Gracias por estar siempre presentes y por enseñar con amor y compromiso! #BanBif",0,0,0,0,60
2025-07-13 22:18:33,BanBif,Jul 12,"❄️ ¿Eres team frío?​​​

📲¡Este plan es para ti! ¡Con el programa de beneficios de ClubHOLA, tienes descuentos ilimitados! Disfruta del 50% de descuento en Perú on Ice y úsalos las veces que quieras. ✨​​

📍Más información aquí: clubhola.pe​​
#BanBif #Banco #ClubHOLA",0,0,2,0,41
2025-07-13 22:18:33,BanBif,Jul 11,"¿Enfermo? No exactamente...​
Solo tengo viajitis aguda.🏖️🕶️​
Y la única receta es:​
✔️ Sol​
✔️ Descanso​
✔️ Y descuentos ilimitados con ClubHOLA​

ClubHOLA: tú pon la excusa, nosotros los destinos. ✈️​
Más información en clubhola.pe​
#ClubHola #DescuentosConEstilo",0,0,0,0,23
2025-07-13 22:18:33,BanBif,Jul 11,"🐶 Activa tu instinto protector.
✨Con tu Seguro Pet Lover, el seguro para ti con beneficios para tu mascota, tu engreído cuenta con protección, asistencia y beneficios exclusivos.
📷 banbif.com.pe/Personas/Fondo…",0,0,1,0,35
2025-07-13 22:18:33,BanBif,Jul 11,"📅 ¿Cuál es el calendario de tu Tarjeta de Crédito?​ Este es clave para organizarte y sacarle el máximo provecho.🧠💳 
✅ Conoce tu ciclo de facturación y pago ​
✅ Planifica ​
✅ Usa tu tarjeta y aprovecha sus beneficios 
#BanBif #EducaciónFinanciera #TuTarjetaTuControl",0,0,0,0,30
2025-07-13 22:18:33,BanBif,Jul 9,"🎁 Cuando le compras un regalo a tu bestie… pero eres cero buena guardando secretos.😂
Así como ella no puede ocultarlo, nosotros tampoco.
Con nuestra Cuenta Ahorro Digital, no hay cobros escondidos.
👉 banbif.com.pe/Personas/Cuent…",0,0,0,0,34
2025-07-13 22:18:33,BanBif,Jul 7,"Tu familia no es un cajero automático, pero nosotros sí podemos ayudarte.💸 Solicita tu Préstamo Efectivo en BanBif y accede a ese dinero que necesitas, al instante.
👉 banbif.com.pe/Home/Personas/…",0,0,0,0,103
2025-07-13 22:18:33,BanBif,Jul 4,"¿Te dicen “NOOOO” cada vez que pides el carro?​
Es momento de manejar el tuyo, con nuestro Préstamo Vehicular BanBif, tener tu auto es más fácil de lo que crees.​
​
Más info aquí: banbif.com.pe/Personas/Prest….​

#AutoPropioYa #BanBif #PréstamoVehicular",0,0,0,0,67
2025-07-13 22:18:33,BanBif,Jul 3,"En BanBif creemos en un mundo donde ningún perrito esté solo. Por eso, fuimos parte de la Patatón 2025, una jornada llena de amor y esperanza para los peluditos que buscan familia.🐶✨
👉 banbif.com.pe/Personas/Fondo…",1,0,0,0,67
2025-07-13 22:18:33,BanBif,Jul 1,"Hay cosas que no funcionan solas...
Pero en tus finanzas si, con tu dúo genial 💪💰👉 Cuenta Ahorro Genial + Cuenta Ahorro Digital de BanBif. Una te da chance de ganar S/50,000, la otra te paga más por ahorrar.

Más info: banbif.com.pe/duo-genial",0,0,0,0,57
2025-07-13 22:18:33,BanBif,Jul 1,"🔒 Recuerda: protege tus datos.​ 👀 Lo que compartes en redes puede poner en riesgo tu seguridad financiera.​ ¡Que no te sorprendan!​

#BanBif #Banco #NoMásFraudes",0,0,1,0,55
2025-07-13 22:18:33,BanBif,Jun 28,"🏠 Acciones que transforman vida.​​

36 voluntarios construyeron 05 nuevas viviendas junto a @Techo y Asociación IF, en la comunidad 17 de Marzo, San Juan de Miraflores. ​
🩵 Gracias por ser parte de la experiencia que suma futuro.​​

#BanBif #Banco #Techo #AsociaciónIF #Volunta",0,0,0,0,94
2025-07-13 22:18:33,BanBif,Jun 26,"Danitza trasladó su CTS a BanBif…y ahora no solo duerme tranquila, también tiene narrador que lo confirma. 😌🎙️

Porque cuando sabes qué es tu CTS y dónde tenerla, vives con más tranquilidad.

banbif.com.pe/Personas/Cuent…",0,1,2,0,80
2025-07-13 22:18:33,BanBif,Jun 26,"☁️ Todo gran sueño empieza con el simple hábito de ahorrar.​

Con tu Cuenta Ahorro Digital, cada sol cuenta: sin monto mínimo, sin mantenimiento y una TREA promocional de 4% en soles.​
​
📍 Más información: banbif.com.pe/Personas/Cuent…​

#BanBif #Banco #CuentaAhorroDigital",0,0,0,0,174
2025-07-13 22:18:33,BanBif,Jun 26,"Encontrar tu match perfecto es más fácil cuando se trata de ahorrar ✨🌺​

Abre tu Dúo Genial en BanBif y podrías ganar S/50,000, acceder a más de 100 descuentos exclusivos con ClubHOLA, y una tasa de 4.3% TREA en soles.​

👉 banbif.com.pe/duo-genial",0,0,0,0,53
2025-07-13 22:18:33,BanBif,Jun 24,"Con el programa de beneficios #ClubHola, consigue descuentos exclusivos en tus marcas favoritas como Crepier y disfruta de muchos más. Además, accede gratis al contenido digital de El Comercio. ¡Y repite las veces que quieras! Más info en 👉 clubhola.pe",0,0,0,0,39
2025-07-13 22:18:33,BanBif,Jun 24,"🩵Pequeños aprendizajes que transforman futuros.​
​
☝️🥸 Con Enseña Perú, llevamos educación financiera a los niños de Ica.​
​
#BanBif #Banco #Voluntariado #EnseñaPeru",0,0,0,0,56
2025-07-13 22:18:33,BanBif,Jun 23,"😔 Hay cosas que no vuelven, que tu plata no sea una de ellas. ​
​
📲 Usa Plin desde tu BanBif App.​
​
📍Conoce más en: banbif.com.pe/bancadigital​
​
#Banco #BanBif",0,0,1,0,170
2025-07-13 22:18:33,BanBif,Jun 19,"🐶 Este año nos volvemos a sumar a la #Patatón2025
Un evento que abre puertas y corazones para que más perritos encuentren un hogar lleno de amor.

Los esperamos:
📅 Fecha: Sábado 28 y domingo 29
⏰ Hora: 10:00 a.m.

📍 Circuito Mágico del Agua – Puerta 4 ¡INGRESO LIBRE!",0,1,1,0,83
2025-07-13 22:18:33,BanBif,Jun 16,"😉 A veces solo necesitas un antojo, y los descuentos del ClubHOLA, para alegrarte el día.​

📍Más información aquí: clubhola.pe​

#BanBif #Banco #ClubHOLA",0,1,0,0,63
2025-07-13 22:18:33,BanBif,Jun 13,"Esta vez, quisimos escuchar a nuestros papis en BanBif. Ellos nos recordaron que ser papá es dejar huella todos los días: en casa, en el trabajo y en cada momento compartido. 👔 ¡Gracias por estar siempre presentes y por enseñar con amor y compromiso! #BanBif",0,0,0,0,60
2025-07-13 23:20:18,BanBif,Jul 12,"❄️ ¿Eres team frío?​​​

📲¡Este plan es para ti! ¡Con el programa de beneficios de ClubHOLA, tienes descuentos ilimitados! Disfruta del 50% de descuento en Perú on Ice y úsalos las veces que quieras. ✨​​

📍Más información aquí: clubhola.pe​​
#BanBif #Banco #ClubHOLA",0,0,2,0,42
2025-07-13 23:20:18,BanBif,Jul 11,"¿Enfermo? No exactamente...​
Solo tengo viajitis aguda.🏖️🕶️​
Y la única receta es:​
✔️ Sol​
✔️ Descanso​
✔️ Y descuentos ilimitados con ClubHOLA​

ClubHOLA: tú pon la excusa, nosotros los destinos. ✈️​
Más información en clubhola.pe​
#ClubHola #DescuentosConEstilo",0,0,0,0,23
2025-07-13 23:20:18,BanBif,Jul 11,"🐶 Activa tu instinto protector.
✨Con tu Seguro Pet Lover, el seguro para ti con beneficios para tu mascota, tu engreído cuenta con protección, asistencia y beneficios exclusivos.
📷 banbif.com.pe/Personas/Fondo…",0,0,1,0,35
2025-07-13 23:20:18,BanBif,Jul 11,"📅 ¿Cuál es el calendario de tu Tarjeta de Crédito?​ Este es clave para organizarte y sacarle el máximo provecho.🧠💳 
✅ Conoce tu ciclo de facturación y pago ​
✅ Planifica ​
✅ Usa tu tarjeta y aprovecha sus beneficios 
#BanBif #EducaciónFinanciera #TuTarjetaTuControl",0,0,0,0,30
2025-07-13 23:20:18,BanBif,Jul 9,"🎁 Cuando le compras un regalo a tu bestie… pero eres cero buena guardando secretos.😂
Así como ella no puede ocultarlo, nosotros tampoco.
Con nuestra Cuenta Ahorro Digital, no hay cobros escondidos.
👉 banbif.com.pe/Personas/Cuent…",0,0,0,0,34
2025-07-13 23:20:18,BanBif,Jul 7,"Tu familia no es un cajero automático, pero nosotros sí podemos ayudarte.💸 Solicita tu Préstamo Efectivo en BanBif y accede a ese dinero que necesitas, al instante.
👉 banbif.com.pe/Home/Personas/…",0,0,0,0,103
2025-07-13 23:20:18,BanBif,Jul 4,"¿Te dicen “NOOOO” cada vez que pides el carro?​
Es momento de manejar el tuyo, con nuestro Préstamo Vehicular BanBif, tener tu auto es más fácil de lo que crees.​
​
Más info aquí: banbif.com.pe/Personas/Prest….​

#AutoPropioYa #BanBif #PréstamoVehicular",0,0,0,0,67
2025-07-13 23:20:18,BanBif,Jul 3,"En BanBif creemos en un mundo donde ningún perrito esté solo. Por eso, fuimos parte de la Patatón 2025, una jornada llena de amor y esperanza para los peluditos que buscan familia.🐶✨
👉 banbif.com.pe/Personas/Fondo…",1,0,0,0,67
2025-07-13 23:20:18,BanBif,Jul 1,"Hay cosas que no funcionan solas...
Pero en tus finanzas si, con tu dúo genial 💪💰👉 Cuenta Ahorro Genial + Cuenta Ahorro Digital de BanBif. Una te da chance de ganar S/50,000, la otra te paga más por ahorrar.

Más info: banbif.com.pe/duo-genial",0,0,0,0,57
2025-07-13 23:20:18,BanBif,Jul 1,"🔒 Recuerda: protege tus datos.​ 👀 Lo que compartes en redes puede poner en riesgo tu seguridad financiera.​ ¡Que no te sorprendan!​

#BanBif #Banco #NoMásFraudes",0,0,1,0,55
2025-07-13 23:20:18,BanBif,Jun 28,"🏠 Acciones que transforman vida.​​

36 voluntarios construyeron 05 nuevas viviendas junto a @Techo y Asociación IF, en la comunidad 17 de Marzo, San Juan de Miraflores. ​
🩵 Gracias por ser parte de la experiencia que suma futuro.​​

#BanBif #Banco #Techo #AsociaciónIF #Volunta",0,0,0,0,94
2025-07-13 23:20:18,BanBif,Jun 26,"Danitza trasladó su CTS a BanBif…y ahora no solo duerme tranquila, también tiene narrador que lo confirma. 😌🎙️

Porque cuando sabes qué es tu CTS y dónde tenerla, vives con más tranquilidad.

banbif.com.pe/Personas/Cuent…",0,1,2,0,80
2025-07-13 23:20:18,BanBif,Jun 26,"☁️ Todo gran sueño empieza con el simple hábito de ahorrar.​

Con tu Cuenta Ahorro Digital, cada sol cuenta: sin monto mínimo, sin mantenimiento y una TREA promocional de 4% en soles.​
​
📍 Más información: banbif.com.pe/Personas/Cuent…​

#BanBif #Banco #CuentaAhorroDigital",0,0,0,0,174
2025-07-13 23:20:18,BanBif,Jun 26,"Encontrar tu match perfecto es más fácil cuando se trata de ahorrar ✨🌺​

Abre tu Dúo Genial en BanBif y podrías ganar S/50,000, acceder a más de 100 descuentos exclusivos con ClubHOLA, y una tasa de 4.3% TREA en soles.​

👉 banbif.com.pe/duo-genial",0,0,0,0,53
2025-07-13 23:20:18,BanBif,Jun 24,"Con el programa de beneficios #ClubHola, consigue descuentos exclusivos en tus marcas favoritas como Crepier y disfruta de muchos más. Además, accede gratis al contenido digital de El Comercio. ¡Y repite las veces que quieras! Más info en 👉 clubhola.pe",0,0,0,0,39
2025-07-13 23:20:18,BanBif,Jun 24,"🩵Pequeños aprendizajes que transforman futuros.​
​
☝️🥸 Con Enseña Perú, llevamos educación financiera a los niños de Ica.​
​
#BanBif #Banco #Voluntariado #EnseñaPeru",0,0,0,0,56
2025-07-13 23:20:18,BanBif,Jun 23,"😔 Hay cosas que no vuelven, que tu plata no sea una de ellas. ​
​
📲 Usa Plin desde tu BanBif App.​
​
📍Conoce más en: banbif.com.pe/bancadigital​
​
#Banco #BanBif",0,0,1,0,170
2025-07-13 23:20:18,BanBif,Jun 19,"🐶 Este año nos volvemos a sumar a la #Patatón2025
Un evento que abre puertas y corazones para que más perritos encuentren un hogar lleno de amor.

Los esperamos:
📅 Fecha: Sábado 28 y domingo 29
⏰ Hora: 10:00 a.m.

📍 Circuito Mágico del Agua – Puerta 4 ¡INGRESO LIBRE!",0,1,1,0,83
2025-07-13 23:20:18,BanBif,Jun 16,"😉 A veces solo necesitas un antojo, y los descuentos del ClubHOLA, para alegrarte el día.​

📍Más información aquí: clubhola.pe​

#BanBif #Banco #ClubHOLA",0,1,0,0,63
2025-07-13 23:20:18,BanBif,Jun 13,"Esta vez, quisimos escuchar a nuestros papis en BanBif. Ellos nos recordaron que ser papá es dejar huella todos los días: en casa, en el trabajo y en cada momento compartido. 👔 ¡Gracias por estar siempre presentes y por enseñar con amor y compromiso! #BanBif",0,0,0,0,60
2025-07-14 01:48:34,BanBif,Jul 12,"❄️ ¿Eres team frío?​​​

📲¡Este plan es para ti! ¡Con el programa de beneficios de ClubHOLA, tienes descuentos ilimitados! Disfruta del 50% de descuento en Perú on Ice y úsalos las veces que quieras. ✨​​

📍Más información aquí: clubhola.pe​​
#BanBif #Banco #ClubHOLA",0,0,2,0,43
2025-07-14 01:48:34,BanBif,Jul 11,"¿Enfermo? No exactamente...​
Solo tengo viajitis aguda.🏖️🕶️​
Y la única receta es:​
✔️ Sol​
✔️ Descanso​
✔️ Y descuentos ilimitados con ClubHOLA​

ClubHOLA: tú pon la excusa, nosotros los destinos. ✈️​
Más información en clubhola.pe​
#ClubHola #DescuentosConEstilo",0,0,0,0,23
2025-07-14 01:48:34,BanBif,Jul 11,"🐶 Activa tu instinto protector.
✨Con tu Seguro Pet Lover, el seguro para ti con beneficios para tu mascota, tu engreído cuenta con protección, asistencia y beneficios exclusivos.
📷 banbif.com.pe/Personas/Fondo…",0,0,1,0,35
2025-07-14 01:48:34,BanBif,Jul 11,"📅 ¿Cuál es el calendario de tu Tarjeta de Crédito?​ Este es clave para organizarte y sacarle el máximo provecho.🧠💳 
✅ Conoce tu ciclo de facturación y pago ​
✅ Planifica ​
✅ Usa tu tarjeta y aprovecha sus beneficios 
#BanBif #EducaciónFinanciera #TuTarjetaTuControl",0,0,0,0,30
2025-07-14 01:48:34,BanBif,Jul 9,"🎁 Cuando le compras un regalo a tu bestie… pero eres cero buena guardando secretos.😂
Así como ella no puede ocultarlo, nosotros tampoco.
Con nuestra Cuenta Ahorro Digital, no hay cobros escondidos.
👉 banbif.com.pe/Personas/Cuent…",0,0,0,0,34
2025-07-14 01:48:34,BanBif,Jul 7,"Tu familia no es un cajero automático, pero nosotros sí podemos ayudarte.💸 Solicita tu Préstamo Efectivo en BanBif y accede a ese dinero que necesitas, al instante.
👉 banbif.com.pe/Home/Personas/…",0,0,0,0,103
2025-07-14 01:48:34,BanBif,Jul 4,"¿Te dicen “NOOOO” cada vez que pides el carro?​
Es momento de manejar el tuyo, con nuestro Préstamo Vehicular BanBif, tener tu auto es más fácil de lo que crees.​
​
Más info aquí: banbif.com.pe/Personas/Prest….​

#AutoPropioYa #BanBif #PréstamoVehicular",0,0,0,0,67
2025-07-14 01:48:34,BanBif,Jul 3,"En BanBif creemos en un mundo donde ningún perrito esté solo. Por eso, fuimos parte de la Patatón 2025, una jornada llena de amor y esperanza para los peluditos que buscan familia.🐶✨
👉 banbif.com.pe/Personas/Fondo…",1,0,0,0,67
2025-07-14 01:48:34,BanBif,Jul 1,"Hay cosas que no funcionan solas...
Pero en tus finanzas si, con tu dúo genial 💪💰👉 Cuenta Ahorro Genial + Cuenta Ahorro Digital de BanBif. Una te da chance de ganar S/50,000, la otra te paga más por ahorrar.

Más info: banbif.com.pe/duo-genial",0,0,0,0,57
2025-07-14 01:48:34,BanBif,Jul 1,"🔒 Recuerda: protege tus datos.​ 👀 Lo que compartes en redes puede poner en riesgo tu seguridad financiera.​ ¡Que no te sorprendan!​

#BanBif #Banco #NoMásFraudes",0,0,1,0,55
2025-07-14 01:48:34,BanBif,Jun 28,"🏠 Acciones que transforman vida.​​

36 voluntarios construyeron 05 nuevas viviendas junto a @Techo y Asociación IF, en la comunidad 17 de Marzo, San Juan de Miraflores. ​
🩵 Gracias por ser parte de la experiencia que suma futuro.​​

#BanBif #Banco #Techo #AsociaciónIF #Volunta",0,0,0,0,94
2025-07-14 01:48:34,BanBif,Jun 26,"Danitza trasladó su CTS a BanBif…y ahora no solo duerme tranquila, también tiene narrador que lo confirma. 😌🎙️

Porque cuando sabes qué es tu CTS y dónde tenerla, vives con más tranquilidad.

banbif.com.pe/Personas/Cuent…",0,1,2,0,80
2025-07-14 01:48:34,BanBif,Jun 26,"☁️ Todo gran sueño empieza con el simple hábito de ahorrar.​

Con tu Cuenta Ahorro Digital, cada sol cuenta: sin monto mínimo, sin mantenimiento y una TREA promocional de 4% en soles.​
​
📍 Más información: banbif.com.pe/Personas/Cuent…​

#BanBif #Banco #CuentaAhorroDigital",0,0,0,0,174
2025-07-14 01:48:34,BanBif,Jun 26,"Encontrar tu match perfecto es más fácil cuando se trata de ahorrar ✨🌺​

Abre tu Dúo Genial en BanBif y podrías ganar S/50,000, acceder a más de 100 descuentos exclusivos con ClubHOLA, y una tasa de 4.3% TREA en soles.​

👉 banbif.com.pe/duo-genial",0,0,0,0,53
2025-07-14 01:48:34,BanBif,Jun 24,"Con el programa de beneficios #ClubHola, consigue descuentos exclusivos en tus marcas favoritas como Crepier y disfruta de muchos más. Además, accede gratis al contenido digital de El Comercio. ¡Y repite las veces que quieras! Más info en 👉 clubhola.pe",0,0,0,0,39
2025-07-14 01:48:34,BanBif,Jun 24,"🩵Pequeños aprendizajes que transforman futuros.​
​
☝️🥸 Con Enseña Perú, llevamos educación financiera a los niños de Ica.​
​
#BanBif #Banco #Voluntariado #EnseñaPeru",0,0,0,0,56
2025-07-14 01:48:34,BanBif,Jun 23,"😔 Hay cosas que no vuelven, que tu plata no sea una de ellas. ​
​
📲 Usa Plin desde tu BanBif App.​
​
📍Conoce más en: banbif.com.pe/bancadigital​
​
#Banco #BanBif",0,0,1,0,170
2025-07-14 01:48:34,BanBif,Jun 19,"🐶 Este año nos volvemos a sumar a la #Patatón2025
Un evento que abre puertas y corazones para que más perritos encuentren un hogar lleno de amor.

Los esperamos:
📅 Fecha: Sábado 28 y domingo 29
⏰ Hora: 10:00 a.m.

📍 Circuito Mágico del Agua – Puerta 4 ¡INGRESO LIBRE!",0,1,1,0,83
2025-07-14 01:48:34,BanBif,Jun 16,"😉 A veces solo necesitas un antojo, y los descuentos del ClubHOLA, para alegrarte el día.​

📍Más información aquí: clubhola.pe​

#BanBif #Banco #ClubHOLA",0,1,0,0,63
2025-07-14 01:48:34,BanBif,Jun 13,"Esta vez, quisimos escuchar a nuestros papis en BanBif. Ellos nos recordaron que ser papá es dejar huella todos los días: en casa, en el trabajo y en cada momento compartido. 👔 ¡Gracias por estar siempre presentes y por enseñar con amor y compromiso! #BanBif",0,0,0,0,60
2025-07-14 03:41:13,BanBif,Jul 12,"❄️ ¿Eres team frío?​​​

📲¡Este plan es para ti! ¡Con el programa de beneficios de ClubHOLA, tienes descuentos ilimitados! Disfruta del 50% de descuento en Perú on Ice y úsalos las veces que quieras. ✨​​

📍Más información aquí: clubhola.pe​​
#BanBif #Banco #ClubHOLA",0,0,2,0,43
2025-07-14 03:41:13,BanBif,Jul 11,"¿Enfermo? No exactamente...​
Solo tengo viajitis aguda.🏖️🕶️​
Y la única receta es:​
✔️ Sol​
✔️ Descanso​
✔️ Y descuentos ilimitados con ClubHOLA​

ClubHOLA: tú pon la excusa, nosotros los destinos. ✈️​
Más información en clubhola.pe​
#ClubHola #DescuentosConEstilo",0,0,0,0,23
2025-07-14 03:41:13,BanBif,Jul 11,"🐶 Activa tu instinto protector.
✨Con tu Seguro Pet Lover, el seguro para ti con beneficios para tu mascota, tu engreído cuenta con protección, asistencia y beneficios exclusivos.
📷 banbif.com.pe/Personas/Fondo…",0,0,1,0,39
2025-07-14 03:41:13,BanBif,Jul 11,"📅 ¿Cuál es el calendario de tu Tarjeta de Crédito?​ Este es clave para organizarte y sacarle el máximo provecho.🧠💳 
✅ Conoce tu ciclo de facturación y pago ​
✅ Planifica ​
✅ Usa tu tarjeta y aprovecha sus beneficios 
#BanBif #EducaciónFinanciera #TuTarjetaTuControl",0,0,0,0,30
2025-07-14 03:41:13,BanBif,Jul 9,"🎁 Cuando le compras un regalo a tu bestie… pero eres cero buena guardando secretos.😂
Así como ella no puede ocultarlo, nosotros tampoco.
Con nuestra Cuenta Ahorro Digital, no hay cobros escondidos.
👉 banbif.com.pe/Personas/Cuent…",0,0,0,0,34
2025-07-14 03:41:13,BanBif,Jul 7,"Tu familia no es un cajero automático, pero nosotros sí podemos ayudarte.💸 Solicita tu Préstamo Efectivo en BanBif y accede a ese dinero que necesitas, al instante.
👉 banbif.com.pe/Home/Personas/…",0,0,0,0,106
2025-07-14 03:41:13,BanBif,Jul 4,"¿Te dicen “NOOOO” cada vez que pides el carro?​
Es momento de manejar el tuyo, con nuestro Préstamo Vehicular BanBif, tener tu auto es más fácil de lo que crees.​
​
Más info aquí: banbif.com.pe/Personas/Prest….​

#AutoPropioYa #BanBif #PréstamoVehicular",0,0,0,0,67
2025-07-14 03:41:13,BanBif,Jul 3,"En BanBif creemos en un mundo donde ningún perrito esté solo. Por eso, fuimos parte de la Patatón 2025, una jornada llena de amor y esperanza para los peluditos que buscan familia.🐶✨
👉 banbif.com.pe/Personas/Fondo…",1,0,0,0,67
2025-07-14 03:41:13,BanBif,Jul 1,"Hay cosas que no funcionan solas...
Pero en tus finanzas si, con tu dúo genial 💪💰👉 Cuenta Ahorro Genial + Cuenta Ahorro Digital de BanBif. Una te da chance de ganar S/50,000, la otra te paga más por ahorrar.

Más info: banbif.com.pe/duo-genial",0,0,0,0,57
2025-07-14 03:41:13,BanBif,Jul 1,"🔒 Recuerda: protege tus datos.​ 👀 Lo que compartes en redes puede poner en riesgo tu seguridad financiera.​ ¡Que no te sorprendan!​

#BanBif #Banco #NoMásFraudes",0,0,1,0,55
2025-07-14 03:41:13,BanBif,Jun 28,"🏠 Acciones que transforman vida.​​

36 voluntarios construyeron 05 nuevas viviendas junto a @Techo y Asociación IF, en la comunidad 17 de Marzo, San Juan de Miraflores. ​
🩵 Gracias por ser parte de la experiencia que suma futuro.​​

#BanBif #Banco #Techo #AsociaciónIF #Volunta",0,0,0,0,94
2025-07-14 03:41:13,BanBif,Jun 26,"Danitza trasladó su CTS a BanBif…y ahora no solo duerme tranquila, también tiene narrador que lo confirma. 😌🎙️

Porque cuando sabes qué es tu CTS y dónde tenerla, vives con más tranquilidad.

banbif.com.pe/Personas/Cuent…",0,1,2,0,80
2025-07-14 03:41:13,BanBif,Jun 26,"☁️ Todo gran sueño empieza con el simple hábito de ahorrar.​

Con tu Cuenta Ahorro Digital, cada sol cuenta: sin monto mínimo, sin mantenimiento y una TREA promocional de 4% en soles.​
​
📍 Más información: banbif.com.pe/Personas/Cuent…​

#BanBif #Banco #CuentaAhorroDigital",0,0,0,0,174
2025-07-14 03:41:13,BanBif,Jun 26,"Encontrar tu match perfecto es más fácil cuando se trata de ahorrar ✨🌺​

Abre tu Dúo Genial en BanBif y podrías ganar S/50,000, acceder a más de 100 descuentos exclusivos con ClubHOLA, y una tasa de 4.3% TREA en soles.​

👉 banbif.com.pe/duo-genial",0,0,0,0,53
2025-07-14 03:41:13,BanBif,Jun 24,"Con el programa de beneficios #ClubHola, consigue descuentos exclusivos en tus marcas favoritas como Crepier y disfruta de muchos más. Además, accede gratis al contenido digital de El Comercio. ¡Y repite las veces que quieras! Más info en 👉 clubhola.pe",0,0,0,0,39
2025-07-14 03:41:13,BanBif,Jun 24,"🩵Pequeños aprendizajes que transforman futuros.​
​
☝️🥸 Con Enseña Perú, llevamos educación financiera a los niños de Ica.​
​
#BanBif #Banco #Voluntariado #EnseñaPeru",0,0,0,0,56
2025-07-14 03:41:13,BanBif,Jun 23,"😔 Hay cosas que no vuelven, que tu plata no sea una de ellas. ​
​
📲 Usa Plin desde tu BanBif App.​
​
📍Conoce más en: banbif.com.pe/bancadigital​
​
#Banco #BanBif",0,0,1,0,170
2025-07-14 03:41:13,BanBif,Jun 19,"🐶 Este año nos volvemos a sumar a la #Patatón2025
Un evento que abre puertas y corazones para que más perritos encuentren un hogar lleno de amor.

Los esperamos:
📅 Fecha: Sábado 28 y domingo 29
⏰ Hora: 10:00 a.m.

📍 Circuito Mágico del Agua – Puerta 4 ¡INGRESO LIBRE!",0,1,1,0,83
2025-07-14 03:41:13,BanBif,Jun 16,"😉 A veces solo necesitas un antojo, y los descuentos del ClubHOLA, para alegrarte el día.​

📍Más información aquí: clubhola.pe​

#BanBif #Banco #ClubHOLA",0,1,0,0,63
2025-07-14 03:41:13,BanBif,Jun 13,"Esta vez, quisimos escuchar a nuestros papis en BanBif. Ellos nos recordaron que ser papá es dejar huella todos los días: en casa, en el trabajo y en cada momento compartido. 👔 ¡Gracias por estar siempre presentes y por enseñar con amor y compromiso! #BanBif",0,0,0,0,60
2025-07-14 04:41:25,BanBif,Jul 12,"❄️ ¿Eres team frío?​​​

📲¡Este plan es para ti! ¡Con el programa de beneficios de ClubHOLA, tienes descuentos ilimitados! Disfruta del 50% de descuento en Perú on Ice y úsalos las veces que quieras. ✨​​

📍Más información aquí: clubhola.pe​​
#BanBif #Banco #ClubHOLA",0,0,2,0,43
2025-07-14 04:41:25,BanBif,Jul 11,"¿Enfermo? No exactamente...​
Solo tengo viajitis aguda.🏖️🕶️​
Y la única receta es:​
✔️ Sol​
✔️ Descanso​
✔️ Y descuentos ilimitados con ClubHOLA​

ClubHOLA: tú pon la excusa, nosotros los destinos. ✈️​
Más información en clubhola.pe​
#ClubHola #DescuentosConEstilo",0,0,0,0,23
2025-07-14 04:41:25,BanBif,Jul 11,"🐶 Activa tu instinto protector.
✨Con tu Seguro Pet Lover, el seguro para ti con beneficios para tu mascota, tu engreído cuenta con protección, asistencia y beneficios exclusivos.
📷 banbif.com.pe/Personas/Fondo…",0,0,1,0,39
2025-07-14 04:41:25,BanBif,Jul 11,"📅 ¿Cuál es el calendario de tu Tarjeta de Crédito?​ Este es clave para organizarte y sacarle el máximo provecho.🧠💳 
✅ Conoce tu ciclo de facturación y pago ​
✅ Planifica ​
✅ Usa tu tarjeta y aprovecha sus beneficios 
#BanBif #EducaciónFinanciera #TuTarjetaTuControl",0,0,0,0,30
2025-07-14 04:41:25,BanBif,Jul 9,"🎁 Cuando le compras un regalo a tu bestie… pero eres cero buena guardando secretos.😂
Así como ella no puede ocultarlo, nosotros tampoco.
Con nuestra Cuenta Ahorro Digital, no hay cobros escondidos.
👉 banbif.com.pe/Personas/Cuent…",0,0,0,0,34
2025-07-14 04:41:25,BanBif,Jul 7,"Tu familia no es un cajero automático, pero nosotros sí podemos ayudarte.💸 Solicita tu Préstamo Efectivo en BanBif y accede a ese dinero que necesitas, al instante.
👉 banbif.com.pe/Home/Personas/…",0,0,0,0,106
2025-07-14 04:41:25,BanBif,Jul 4,"¿Te dicen “NOOOO” cada vez que pides el carro?​
Es momento de manejar el tuyo, con nuestro Préstamo Vehicular BanBif, tener tu auto es más fácil de lo que crees.​
​
Más info aquí: banbif.com.pe/Personas/Prest….​

#AutoPropioYa #BanBif #PréstamoVehicular",0,0,0,0,67
2025-07-14 04:41:25,BanBif,Jul 3,"En BanBif creemos en un mundo donde ningún perrito esté solo. Por eso, fuimos parte de la Patatón 2025, una jornada llena de amor y esperanza para los peluditos que buscan familia.🐶✨
👉 banbif.com.pe/Personas/Fondo…",1,0,0,0,67
2025-07-14 04:41:25,BanBif,Jul 1,"Hay cosas que no funcionan solas...
Pero en tus finanzas si, con tu dúo genial 💪💰👉 Cuenta Ahorro Genial + Cuenta Ahorro Digital de BanBif. Una te da chance de ganar S/50,000, la otra te paga más por ahorrar.

Más info: banbif.com.pe/duo-genial",0,0,0,0,57
2025-07-14 04:41:25,BanBif,Jul 1,"🔒 Recuerda: protege tus datos.​ 👀 Lo que compartes en redes puede poner en riesgo tu seguridad financiera.​ ¡Que no te sorprendan!​

#BanBif #Banco #NoMásFraudes",0,0,1,0,55
2025-07-14 04:41:25,BanBif,Jun 28,"🏠 Acciones que transforman vida.​​

36 voluntarios construyeron 05 nuevas viviendas junto a @Techo y Asociación IF, en la comunidad 17 de Marzo, San Juan de Miraflores. ​
🩵 Gracias por ser parte de la experiencia que suma futuro.​​

#BanBif #Banco #Techo #AsociaciónIF #Volunta",0,0,0,0,94
2025-07-14 04:41:25,BanBif,Jun 26,"Danitza trasladó su CTS a BanBif…y ahora no solo duerme tranquila, también tiene narrador que lo confirma. 😌🎙️

Porque cuando sabes qué es tu CTS y dónde tenerla, vives con más tranquilidad.

banbif.com.pe/Personas/Cuent…",0,1,2,0,80
2025-07-14 04:41:25,BanBif,Jun 26,"☁️ Todo gran sueño empieza con el simple hábito de ahorrar.​

Con tu Cuenta Ahorro Digital, cada sol cuenta: sin monto mínimo, sin mantenimiento y una TREA promocional de 4% en soles.​
​
📍 Más información: banbif.com.pe/Personas/Cuent…​

#BanBif #Banco #CuentaAhorroDigital",0,0,0,0,174
2025-07-14 04:41:25,BanBif,Jun 26,"Encontrar tu match perfecto es más fácil cuando se trata de ahorrar ✨🌺​

Abre tu Dúo Genial en BanBif y podrías ganar S/50,000, acceder a más de 100 descuentos exclusivos con ClubHOLA, y una tasa de 4.3% TREA en soles.​

👉 banbif.com.pe/duo-genial",0,0,0,0,53
2025-07-14 04:41:25,BanBif,Jun 24,"Con el programa de beneficios #ClubHola, consigue descuentos exclusivos en tus marcas favoritas como Crepier y disfruta de muchos más. Además, accede gratis al contenido digital de El Comercio. ¡Y repite las veces que quieras! Más info en 👉 clubhola.pe",0,0,0,0,39
2025-07-14 04:41:25,BanBif,Jun 24,"🩵Pequeños aprendizajes que transforman futuros.​
​
☝️🥸 Con Enseña Perú, llevamos educación financiera a los niños de Ica.​
​
#BanBif #Banco #Voluntariado #EnseñaPeru",0,0,0,0,56
2025-07-14 04:41:25,BanBif,Jun 23,"😔 Hay cosas que no vuelven, que tu plata no sea una de ellas. ​
​
📲 Usa Plin desde tu BanBif App.​
​
📍Conoce más en: banbif.com.pe/bancadigital​
​
#Banco #BanBif",0,0,1,0,170
2025-07-14 04:41:25,BanBif,Jun 19,"🐶 Este año nos volvemos a sumar a la #Patatón2025
Un evento que abre puertas y corazones para que más perritos encuentren un hogar lleno de amor.

Los esperamos:
📅 Fecha: Sábado 28 y domingo 29
⏰ Hora: 10:00 a.m.

📍 Circuito Mágico del Agua – Puerta 4 ¡INGRESO LIBRE!",0,1,1,0,83
2025-07-14 04:41:25,BanBif,Jun 16,"😉 A veces solo necesitas un antojo, y los descuentos del ClubHOLA, para alegrarte el día.​

📍Más información aquí: clubhola.pe​

#BanBif #Banco #ClubHOLA",0,1,0,0,63
2025-07-14 04:41:25,BanBif,Jun 13,"Esta vez, quisimos escuchar a nuestros papis en BanBif. Ellos nos recordaron que ser papá es dejar huella todos los días: en casa, en el trabajo y en cada momento compartido. 👔 ¡Gracias por estar siempre presentes y por enseñar con amor y compromiso! #BanBif",0,0,0,0,60
2025-07-14 05:25:10,BanBif,Jul 12,"❄️ ¿Eres team frío?​​​

📲¡Este plan es para ti! ¡Con el programa de beneficios de ClubHOLA, tienes descuentos ilimitados! Disfruta del 50% de descuento en Perú on Ice y úsalos las veces que quieras. ✨​​

📍Más información aquí: clubhola.pe​​
#BanBif #Banco #ClubHOLA",0,0,2,0,43
2025-07-14 05:25:10,BanBif,Jul 11,"¿Enfermo? No exactamente...​
Solo tengo viajitis aguda.🏖️🕶️​
Y la única receta es:​
✔️ Sol​
✔️ Descanso​
✔️ Y descuentos ilimitados con ClubHOLA​

ClubHOLA: tú pon la excusa, nosotros los destinos. ✈️​
Más información en clubhola.pe​
#ClubHola #DescuentosConEstilo",0,0,0,0,23
2025-07-14 05:25:10,BanBif,Jul 11,"🐶 Activa tu instinto protector.
✨Con tu Seguro Pet Lover, el seguro para ti con beneficios para tu mascota, tu engreído cuenta con protección, asistencia y beneficios exclusivos.
📷 banbif.com.pe/Personas/Fondo…",0,0,1,0,39
2025-07-14 05:25:10,BanBif,Jul 11,"📅 ¿Cuál es el calendario de tu Tarjeta de Crédito?​ Este es clave para organizarte y sacarle el máximo provecho.🧠💳 
✅ Conoce tu ciclo de facturación y pago ​
✅ Planifica ​
✅ Usa tu tarjeta y aprovecha sus beneficios 
#BanBif #EducaciónFinanciera #TuTarjetaTuControl",0,0,0,0,30
2025-07-14 05:25:10,BanBif,Jul 9,"🎁 Cuando le compras un regalo a tu bestie… pero eres cero buena guardando secretos.😂
Así como ella no puede ocultarlo, nosotros tampoco.
Con nuestra Cuenta Ahorro Digital, no hay cobros escondidos.
👉 banbif.com.pe/Personas/Cuent…",0,0,0,0,34
2025-07-14 05:25:10,BanBif,Jul 7,"Tu familia no es un cajero automático, pero nosotros sí podemos ayudarte.💸 Solicita tu Préstamo Efectivo en BanBif y accede a ese dinero que necesitas, al instante.
👉 banbif.com.pe/Home/Personas/…",0,0,0,0,106
2025-07-14 05:25:10,BanBif,Jul 4,"¿Te dicen “NOOOO” cada vez que pides el carro?​
Es momento de manejar el tuyo, con nuestro Préstamo Vehicular BanBif, tener tu auto es más fácil de lo que crees.​
​
Más info aquí: banbif.com.pe/Personas/Prest….​

#AutoPropioYa #BanBif #PréstamoVehicular",0,0,0,0,67
2025-07-14 05:25:10,BanBif,Jul 3,"En BanBif creemos en un mundo donde ningún perrito esté solo. Por eso, fuimos parte de la Patatón 2025, una jornada llena de amor y esperanza para los peluditos que buscan familia.🐶✨
👉 banbif.com.pe/Personas/Fondo…",1,0,0,0,67
2025-07-14 05:25:10,BanBif,Jul 1,"Hay cosas que no funcionan solas...
Pero en tus finanzas si, con tu dúo genial 💪💰👉 Cuenta Ahorro Genial + Cuenta Ahorro Digital de BanBif. Una te da chance de ganar S/50,000, la otra te paga más por ahorrar.

Más info: banbif.com.pe/duo-genial",0,0,0,0,57
2025-07-14 05:25:10,BanBif,Jul 1,"🔒 Recuerda: protege tus datos.​ 👀 Lo que compartes en redes puede poner en riesgo tu seguridad financiera.​ ¡Que no te sorprendan!​

#BanBif #Banco #NoMásFraudes",0,0,1,0,55
2025-07-14 05:25:10,BanBif,Jun 28,"🏠 Acciones que transforman vida.​​

36 voluntarios construyeron 05 nuevas viviendas junto a @Techo y Asociación IF, en la comunidad 17 de Marzo, San Juan de Miraflores. ​
🩵 Gracias por ser parte de la experiencia que suma futuro.​​

#BanBif #Banco #Techo #AsociaciónIF #Volunta",0,0,0,0,94
2025-07-14 05:25:10,BanBif,Jun 26,"Danitza trasladó su CTS a BanBif…y ahora no solo duerme tranquila, también tiene narrador que lo confirma. 😌🎙️

Porque cuando sabes qué es tu CTS y dónde tenerla, vives con más tranquilidad.

banbif.com.pe/Personas/Cuent…",0,1,2,0,80
2025-07-14 05:25:10,BanBif,Jun 26,"☁️ Todo gran sueño empieza con el simple hábito de ahorrar.​

Con tu Cuenta Ahorro Digital, cada sol cuenta: sin monto mínimo, sin mantenimiento y una TREA promocional de 4% en soles.​
​
📍 Más información: banbif.com.pe/Personas/Cuent…​

#BanBif #Banco #CuentaAhorroDigital",0,0,0,0,174
2025-07-14 05:25:10,BanBif,Jun 26,"Encontrar tu match perfecto es más fácil cuando se trata de ahorrar ✨🌺​

Abre tu Dúo Genial en BanBif y podrías ganar S/50,000, acceder a más de 100 descuentos exclusivos con ClubHOLA, y una tasa de 4.3% TREA en soles.​

👉 banbif.com.pe/duo-genial",0,0,0,0,53
2025-07-14 05:25:10,BanBif,Jun 24,"Con el programa de beneficios #ClubHola, consigue descuentos exclusivos en tus marcas favoritas como Crepier y disfruta de muchos más. Además, accede gratis al contenido digital de El Comercio. ¡Y repite las veces que quieras! Más info en 👉 clubhola.pe",0,0,0,0,39
2025-07-14 05:25:10,BanBif,Jun 24,"🩵Pequeños aprendizajes que transforman futuros.​
​
☝️🥸 Con Enseña Perú, llevamos educación financiera a los niños de Ica.​
​
#BanBif #Banco #Voluntariado #EnseñaPeru",0,0,0,0,56
2025-07-14 05:25:10,BanBif,Jun 23,"😔 Hay cosas que no vuelven, que tu plata no sea una de ellas. ​
​
📲 Usa Plin desde tu BanBif App.​
​
📍Conoce más en: banbif.com.pe/bancadigital​
​
#Banco #BanBif",0,0,1,0,170
2025-07-14 05:25:10,BanBif,Jun 19,"🐶 Este año nos volvemos a sumar a la #Patatón2025
Un evento que abre puertas y corazones para que más perritos encuentren un hogar lleno de amor.

Los esperamos:
📅 Fecha: Sábado 28 y domingo 29
⏰ Hora: 10:00 a.m.

📍 Circuito Mágico del Agua – Puerta 4 ¡INGRESO LIBRE!",0,1,1,0,83
2025-07-14 05:25:10,BanBif,Jun 16,"😉 A veces solo necesitas un antojo, y los descuentos del ClubHOLA, para alegrarte el día.​

📍Más información aquí: clubhola.pe​

#BanBif #Banco #ClubHOLA",0,1,0,0,63
2025-07-14 05:25:10,BanBif,Jun 13,"Esta vez, quisimos escuchar a nuestros papis en BanBif. Ellos nos recordaron que ser papá es dejar huella todos los días: en casa, en el trabajo y en cada momento compartido. 👔 ¡Gracias por estar siempre presentes y por enseñar con amor y compromiso! #BanBif",0,0,0,0,60
2025-07-14 06:32:45,BanBif,Jul 12,"❄️ ¿Eres team frío?​​​

📲¡Este plan es para ti! ¡Con el programa de beneficios de ClubHOLA, tienes descuentos ilimitados! Disfruta del 50% de descuento en Perú on Ice y úsalos las veces que quieras. ✨​​

📍Más información aquí: clubhola.pe​​
#BanBif #Banco #ClubHOLA",0,0,2,0,44
2025-07-14 06:32:45,BanBif,Jul 11,"¿Enfermo? No exactamente...​
Solo tengo viajitis aguda.🏖️🕶️​
Y la única receta es:​
✔️ Sol​
✔️ Descanso​
✔️ Y descuentos ilimitados con ClubHOLA​

ClubHOLA: tú pon la excusa, nosotros los destinos. ✈️​
Más información en clubhola.pe​
#ClubHola #DescuentosConEstilo",0,0,0,0,23
2025-07-14 06:32:45,BanBif,Jul 11,"🐶 Activa tu instinto protector.
✨Con tu Seguro Pet Lover, el seguro para ti con beneficios para tu mascota, tu engreído cuenta con protección, asistencia y beneficios exclusivos.
📷 banbif.com.pe/Personas/Fondo…",0,0,1,0,39
2025-07-14 06:32:45,BanBif,Jul 11,"📅 ¿Cuál es el calendario de tu Tarjeta de Crédito?​ Este es clave para organizarte y sacarle el máximo provecho.🧠💳 
✅ Conoce tu ciclo de facturación y pago ​
✅ Planifica ​
✅ Usa tu tarjeta y aprovecha sus beneficios 
#BanBif #EducaciónFinanciera #TuTarjetaTuControl",0,0,0,0,30
2025-07-14 06:32:45,BanBif,Jul 9,"🎁 Cuando le compras un regalo a tu bestie… pero eres cero buena guardando secretos.😂
Así como ella no puede ocultarlo, nosotros tampoco.
Con nuestra Cuenta Ahorro Digital, no hay cobros escondidos.
👉 banbif.com.pe/Personas/Cuent…",0,0,0,0,34
2025-07-14 06:32:45,BanBif,Jul 7,"Tu familia no es un cajero automático, pero nosotros sí podemos ayudarte.💸 Solicita tu Préstamo Efectivo en BanBif y accede a ese dinero que necesitas, al instante.
👉 banbif.com.pe/Home/Personas/…",0,0,0,0,106
2025-07-14 06:32:45,BanBif,Jul 4,"¿Te dicen “NOOOO” cada vez que pides el carro?​
Es momento de manejar el tuyo, con nuestro Préstamo Vehicular BanBif, tener tu auto es más fácil de lo que crees.​
​
Más info aquí: banbif.com.pe/Personas/Prest….​

#AutoPropioYa #BanBif #PréstamoVehicular",0,0,0,0,67
2025-07-14 06:32:45,BanBif,Jul 3,"En BanBif creemos en un mundo donde ningún perrito esté solo. Por eso, fuimos parte de la Patatón 2025, una jornada llena de amor y esperanza para los peluditos que buscan familia.🐶✨
👉 banbif.com.pe/Personas/Fondo…",1,0,0,0,67
2025-07-14 06:32:45,BanBif,Jul 1,"Hay cosas que no funcionan solas...
Pero en tus finanzas si, con tu dúo genial 💪💰👉 Cuenta Ahorro Genial + Cuenta Ahorro Digital de BanBif. Una te da chance de ganar S/50,000, la otra te paga más por ahorrar.

Más info: banbif.com.pe/duo-genial",0,0,0,0,57
2025-07-14 06:32:45,BanBif,Jul 1,"🔒 Recuerda: protege tus datos.​ 👀 Lo que compartes en redes puede poner en riesgo tu seguridad financiera.​ ¡Que no te sorprendan!​

#BanBif #Banco #NoMásFraudes",0,0,1,0,55
2025-07-14 06:32:45,BanBif,Jun 28,"🏠 Acciones que transforman vida.​​

36 voluntarios construyeron 05 nuevas viviendas junto a @Techo y Asociación IF, en la comunidad 17 de Marzo, San Juan de Miraflores. ​
🩵 Gracias por ser parte de la experiencia que suma futuro.​​

#BanBif #Banco #Techo #AsociaciónIF #Volunta",0,0,0,0,94
2025-07-14 06:32:45,BanBif,Jun 26,"Danitza trasladó su CTS a BanBif…y ahora no solo duerme tranquila, también tiene narrador que lo confirma. 😌🎙️

Porque cuando sabes qué es tu CTS y dónde tenerla, vives con más tranquilidad.

banbif.com.pe/Personas/Cuent…",0,1,2,0,80
2025-07-14 06:32:45,BanBif,Jun 26,"☁️ Todo gran sueño empieza con el simple hábito de ahorrar.​

Con tu Cuenta Ahorro Digital, cada sol cuenta: sin monto mínimo, sin mantenimiento y una TREA promocional de 4% en soles.​
​
📍 Más información: banbif.com.pe/Personas/Cuent…​

#BanBif #Banco #CuentaAhorroDigital",0,0,0,0,174
2025-07-14 06:32:45,BanBif,Jun 26,"Encontrar tu match perfecto es más fácil cuando se trata de ahorrar ✨🌺​

Abre tu Dúo Genial en BanBif y podrías ganar S/50,000, acceder a más de 100 descuentos exclusivos con ClubHOLA, y una tasa de 4.3% TREA en soles.​

👉 banbif.com.pe/duo-genial",0,0,0,0,53
2025-07-14 06:32:45,BanBif,Jun 24,"Con el programa de beneficios #ClubHola, consigue descuentos exclusivos en tus marcas favoritas como Crepier y disfruta de muchos más. Además, accede gratis al contenido digital de El Comercio. ¡Y repite las veces que quieras! Más info en 👉 clubhola.pe",0,0,0,0,39
2025-07-14 06:32:45,BanBif,Jun 24,"🩵Pequeños aprendizajes que transforman futuros.​
​
☝️🥸 Con Enseña Perú, llevamos educación financiera a los niños de Ica.​
​
#BanBif #Banco #Voluntariado #EnseñaPeru",0,0,0,0,56
2025-07-14 06:32:45,BanBif,Jun 23,"😔 Hay cosas que no vuelven, que tu plata no sea una de ellas. ​
​
📲 Usa Plin desde tu BanBif App.​
​
📍Conoce más en: banbif.com.pe/bancadigital​
​
#Banco #BanBif",0,0,1,0,170
2025-07-14 06:32:45,BanBif,Jun 19,"🐶 Este año nos volvemos a sumar a la #Patatón2025
Un evento que abre puertas y corazones para que más perritos encuentren un hogar lleno de amor.

Los esperamos:
📅 Fecha: Sábado 28 y domingo 29
⏰ Hora: 10:00 a.m.

📍 Circuito Mágico del Agua – Puerta 4 ¡INGRESO LIBRE!",0,1,1,0,83
2025-07-14 06:32:45,BanBif,Jun 16,"😉 A veces solo necesitas un antojo, y los descuentos del ClubHOLA, para alegrarte el día.​

📍Más información aquí: clubhola.pe​

#BanBif #Banco #ClubHOLA",0,1,0,0,63
2025-07-14 06:32:45,BanBif,Jun 13,"Esta vez, quisimos escuchar a nuestros papis en BanBif. Ellos nos recordaron que ser papá es dejar huella todos los días: en casa, en el trabajo y en cada momento compartido. 👔 ¡Gracias por estar siempre presentes y por enseñar con amor y compromiso! #BanBif",0,0,0,0,60
2025-07-14 07:23:50,BanBif,Jul 12,"❄️ ¿Eres team frío?​​​

📲¡Este plan es para ti! ¡Con el programa de beneficios de ClubHOLA, tienes descuentos ilimitados! Disfruta del 50% de descuento en Perú on Ice y úsalos las veces que quieras. ✨​​

📍Más información aquí: clubhola.pe​​
#BanBif #Banco #ClubHOLA",0,0,2,0,44
2025-07-14 07:23:50,BanBif,Jul 11,"¿Enfermo? No exactamente...​
Solo tengo viajitis aguda.🏖️🕶️​
Y la única receta es:​
✔️ Sol​
✔️ Descanso​
✔️ Y descuentos ilimitados con ClubHOLA​

ClubHOLA: tú pon la excusa, nosotros los destinos. ✈️​
Más información en clubhola.pe​
#ClubHola #DescuentosConEstilo",0,0,0,0,23
2025-07-14 07:23:50,BanBif,Jul 11,"🐶 Activa tu instinto protector.
✨Con tu Seguro Pet Lover, el seguro para ti con beneficios para tu mascota, tu engreído cuenta con protección, asistencia y beneficios exclusivos.
📷 banbif.com.pe/Personas/Fondo…",0,0,1,0,39
2025-07-14 07:23:50,BanBif,Jul 11,"📅 ¿Cuál es el calendario de tu Tarjeta de Crédito?​ Este es clave para organizarte y sacarle el máximo provecho.🧠💳 
✅ Conoce tu ciclo de facturación y pago ​
✅ Planifica ​
✅ Usa tu tarjeta y aprovecha sus beneficios 
#BanBif #EducaciónFinanciera #TuTarjetaTuControl",0,0,0,0,30
2025-07-14 07:23:50,BanBif,Jul 9,"🎁 Cuando le compras un regalo a tu bestie… pero eres cero buena guardando secretos.😂
Así como ella no puede ocultarlo, nosotros tampoco.
Con nuestra Cuenta Ahorro Digital, no hay cobros escondidos.
👉 banbif.com.pe/Personas/Cuent…",0,0,0,0,34
2025-07-14 07:23:50,BanBif,Jul 7,"Tu familia no es un cajero automático, pero nosotros sí podemos ayudarte.💸 Solicita tu Préstamo Efectivo en BanBif y accede a ese dinero que necesitas, al instante.
👉 banbif.com.pe/Home/Personas/…",0,0,0,0,107
2025-07-14 07:23:50,BanBif,Jul 4,"¿Te dicen “NOOOO” cada vez que pides el carro?​
Es momento de manejar el tuyo, con nuestro Préstamo Vehicular BanBif, tener tu auto es más fácil de lo que crees.​
​
Más info aquí: banbif.com.pe/Personas/Prest….​

#AutoPropioYa #BanBif #PréstamoVehicular",0,0,0,0,67
2025-07-14 07:23:50,BanBif,Jul 3,"En BanBif creemos en un mundo donde ningún perrito esté solo. Por eso, fuimos parte de la Patatón 2025, una jornada llena de amor y esperanza para los peluditos que buscan familia.🐶✨
👉 banbif.com.pe/Personas/Fondo…",1,0,0,0,67
2025-07-14 07:23:50,BanBif,Jul 1,"Hay cosas que no funcionan solas...
Pero en tus finanzas si, con tu dúo genial 💪💰👉 Cuenta Ahorro Genial + Cuenta Ahorro Digital de BanBif. Una te da chance de ganar S/50,000, la otra te paga más por ahorrar.

Más info: banbif.com.pe/duo-genial",0,0,0,0,57
2025-07-14 07:23:50,BanBif,Jul 1,"🔒 Recuerda: protege tus datos.​ 👀 Lo que compartes en redes puede poner en riesgo tu seguridad financiera.​ ¡Que no te sorprendan!​

#BanBif #Banco #NoMásFraudes",0,0,1,0,55
2025-07-14 07:23:50,BanBif,Jun 28,"🏠 Acciones que transforman vida.​​

36 voluntarios construyeron 05 nuevas viviendas junto a @Techo y Asociación IF, en la comunidad 17 de Marzo, San Juan de Miraflores. ​
🩵 Gracias por ser parte de la experiencia que suma futuro.​​

#BanBif #Banco #Techo #AsociaciónIF #Volunta",0,0,0,0,94
2025-07-14 07:23:50,BanBif,Jun 26,"Danitza trasladó su CTS a BanBif…y ahora no solo duerme tranquila, también tiene narrador que lo confirma. 😌🎙️

Porque cuando sabes qué es tu CTS y dónde tenerla, vives con más tranquilidad.

banbif.com.pe/Personas/Cuent…",0,1,2,0,80
2025-07-14 07:23:50,BanBif,Jun 26,"☁️ Todo gran sueño empieza con el simple hábito de ahorrar.​

Con tu Cuenta Ahorro Digital, cada sol cuenta: sin monto mínimo, sin mantenimiento y una TREA promocional de 4% en soles.​
​
📍 Más información: banbif.com.pe/Personas/Cuent…​

#BanBif #Banco #CuentaAhorroDigital",0,0,0,0,174
2025-07-14 07:23:50,BanBif,Jun 26,"Encontrar tu match perfecto es más fácil cuando se trata de ahorrar ✨🌺​

Abre tu Dúo Genial en BanBif y podrías ganar S/50,000, acceder a más de 100 descuentos exclusivos con ClubHOLA, y una tasa de 4.3% TREA en soles.​

👉 banbif.com.pe/duo-genial",0,0,0,0,53
2025-07-14 07:23:50,BanBif,Jun 24,"Con el programa de beneficios #ClubHola, consigue descuentos exclusivos en tus marcas favoritas como Crepier y disfruta de muchos más. Además, accede gratis al contenido digital de El Comercio. ¡Y repite las veces que quieras! Más info en 👉 clubhola.pe",0,0,0,0,39
2025-07-14 07:23:50,BanBif,Jun 24,"🩵Pequeños aprendizajes que transforman futuros.​
​
☝️🥸 Con Enseña Perú, llevamos educación financiera a los niños de Ica.​
​
#BanBif #Banco #Voluntariado #EnseñaPeru",0,0,0,0,56
2025-07-14 07:23:50,BanBif,Jun 23,"😔 Hay cosas que no vuelven, que tu plata no sea una de ellas. ​
​
📲 Usa Plin desde tu BanBif App.​
​
📍Conoce más en: banbif.com.pe/bancadigital​
​
#Banco #BanBif",0,0,1,0,170
2025-07-14 07:23:50,BanBif,Jun 19,"🐶 Este año nos volvemos a sumar a la #Patatón2025
Un evento que abre puertas y corazones para que más perritos encuentren un hogar lleno de amor.

Los esperamos:
📅 Fecha: Sábado 28 y domingo 29
⏰ Hora: 10:00 a.m.

📍 Circuito Mágico del Agua – Puerta 4 ¡INGRESO LIBRE!",0,1,1,0,83
2025-07-14 07:23:50,BanBif,Jun 16,"😉 A veces solo necesitas un antojo, y los descuentos del ClubHOLA, para alegrarte el día.​

📍Más información aquí: clubhola.pe​

#BanBif #Banco #ClubHOLA",0,1,0,0,63
2025-07-14 07:23:50,BanBif,Jun 13,"Esta vez, quisimos escuchar a nuestros papis en BanBif. Ellos nos recordaron que ser papá es dejar huella todos los días: en casa, en el trabajo y en cada momento compartido. 👔 ¡Gracias por estar siempre presentes y por enseñar con amor y compromiso! #BanBif",0,0,0,0,60
2025-07-14 08:30:19,BanBif,Jul 12,"❄️ ¿Eres team frío?​​​

📲¡Este plan es para ti! ¡Con el programa de beneficios de ClubHOLA, tienes descuentos ilimitados! Disfruta del 50% de descuento en Perú on Ice y úsalos las veces que quieras. ✨​​

📍Más información aquí: clubhola.pe​​
#BanBif #Banco #ClubHOLA",0,0,2,0,44
2025-07-14 08:30:19,BanBif,Jul 11,"¿Enfermo? No exactamente...​
Solo tengo viajitis aguda.🏖️🕶️​
Y la única receta es:​
✔️ Sol​
✔️ Descanso​
✔️ Y descuentos ilimitados con ClubHOLA​

ClubHOLA: tú pon la excusa, nosotros los destinos. ✈️​
Más información en clubhola.pe​
#ClubHola #DescuentosConEstilo",0,0,0,0,23
2025-07-14 08:30:19,BanBif,Jul 11,"🐶 Activa tu instinto protector.
✨Con tu Seguro Pet Lover, el seguro para ti con beneficios para tu mascota, tu engreído cuenta con protección, asistencia y beneficios exclusivos.
📷 banbif.com.pe/Personas/Fondo…",0,0,1,0,39
2025-07-14 08:30:19,BanBif,Jul 11,"📅 ¿Cuál es el calendario de tu Tarjeta de Crédito?​ Este es clave para organizarte y sacarle el máximo provecho.🧠💳 
✅ Conoce tu ciclo de facturación y pago ​
✅ Planifica ​
✅ Usa tu tarjeta y aprovecha sus beneficios 
#BanBif #EducaciónFinanciera #TuTarjetaTuControl",0,0,0,0,30
2025-07-14 08:30:19,BanBif,Jul 9,"🎁 Cuando le compras un regalo a tu bestie… pero eres cero buena guardando secretos.😂
Así como ella no puede ocultarlo, nosotros tampoco.
Con nuestra Cuenta Ahorro Digital, no hay cobros escondidos.
👉 banbif.com.pe/Personas/Cuent…",0,0,0,0,34
2025-07-14 08:30:19,BanBif,Jul 7,"Tu familia no es un cajero automático, pero nosotros sí podemos ayudarte.💸 Solicita tu Préstamo Efectivo en BanBif y accede a ese dinero que necesitas, al instante.
👉 banbif.com.pe/Home/Personas/…",0,0,0,0,107
2025-07-14 08:30:19,BanBif,Jul 4,"¿Te dicen “NOOOO” cada vez que pides el carro?​
Es momento de manejar el tuyo, con nuestro Préstamo Vehicular BanBif, tener tu auto es más fácil de lo que crees.​
​
Más info aquí: banbif.com.pe/Personas/Prest….​

#AutoPropioYa #BanBif #PréstamoVehicular",0,0,0,0,67
2025-07-14 08:30:19,BanBif,Jul 3,"En BanBif creemos en un mundo donde ningún perrito esté solo. Por eso, fuimos parte de la Patatón 2025, una jornada llena de amor y esperanza para los peluditos que buscan familia.🐶✨
👉 banbif.com.pe/Personas/Fondo…",1,0,0,0,67
2025-07-14 08:30:19,BanBif,Jul 1,"Hay cosas que no funcionan solas...
Pero en tus finanzas si, con tu dúo genial 💪💰👉 Cuenta Ahorro Genial + Cuenta Ahorro Digital de BanBif. Una te da chance de ganar S/50,000, la otra te paga más por ahorrar.

Más info: banbif.com.pe/duo-genial",0,0,0,0,57
2025-07-14 08:30:19,BanBif,Jul 1,"🔒 Recuerda: protege tus datos.​ 👀 Lo que compartes en redes puede poner en riesgo tu seguridad financiera.​ ¡Que no te sorprendan!​

#BanBif #Banco #NoMásFraudes",0,0,1,0,55
2025-07-14 08:30:19,BanBif,Jun 28,"🏠 Acciones que transforman vida.​​

36 voluntarios construyeron 05 nuevas viviendas junto a @Techo y Asociación IF, en la comunidad 17 de Marzo, San Juan de Miraflores. ​
🩵 Gracias por ser parte de la experiencia que suma futuro.​​

#BanBif #Banco #Techo #AsociaciónIF #Volunta",0,0,0,0,94
2025-07-14 08:30:19,BanBif,Jun 26,"Danitza trasladó su CTS a BanBif…y ahora no solo duerme tranquila, también tiene narrador que lo confirma. 😌🎙️

Porque cuando sabes qué es tu CTS y dónde tenerla, vives con más tranquilidad.

banbif.com.pe/Personas/Cuent…",0,1,2,0,80
2025-07-14 08:30:19,BanBif,Jun 26,"☁️ Todo gran sueño empieza con el simple hábito de ahorrar.​

Con tu Cuenta Ahorro Digital, cada sol cuenta: sin monto mínimo, sin mantenimiento y una TREA promocional de 4% en soles.​
​
📍 Más información: banbif.com.pe/Personas/Cuent…​

#BanBif #Banco #CuentaAhorroDigital",0,0,0,0,174
2025-07-14 08:30:19,BanBif,Jun 26,"Encontrar tu match perfecto es más fácil cuando se trata de ahorrar ✨🌺​

Abre tu Dúo Genial en BanBif y podrías ganar S/50,000, acceder a más de 100 descuentos exclusivos con ClubHOLA, y una tasa de 4.3% TREA en soles.​

👉 banbif.com.pe/duo-genial",0,0,0,0,53
2025-07-14 08:30:19,BanBif,Jun 24,"Con el programa de beneficios #ClubHola, consigue descuentos exclusivos en tus marcas favoritas como Crepier y disfruta de muchos más. Además, accede gratis al contenido digital de El Comercio. ¡Y repite las veces que quieras! Más info en 👉 clubhola.pe",0,0,0,0,39
2025-07-14 08:30:19,BanBif,Jun 24,"🩵Pequeños aprendizajes que transforman futuros.​
​
☝️🥸 Con Enseña Perú, llevamos educación financiera a los niños de Ica.​
​
#BanBif #Banco #Voluntariado #EnseñaPeru",0,0,0,0,56
2025-07-14 08:30:19,BanBif,Jun 23,"😔 Hay cosas que no vuelven, que tu plata no sea una de ellas. ​
​
📲 Usa Plin desde tu BanBif App.​
​
📍Conoce más en: banbif.com.pe/bancadigital​
​
#Banco #BanBif",0,0,1,0,170
2025-07-14 08:30:19,BanBif,Jun 19,"🐶 Este año nos volvemos a sumar a la #Patatón2025
Un evento que abre puertas y corazones para que más perritos encuentren un hogar lleno de amor.

Los esperamos:
📅 Fecha: Sábado 28 y domingo 29
⏰ Hora: 10:00 a.m.

📍 Circuito Mágico del Agua – Puerta 4 ¡INGRESO LIBRE!",0,1,1,0,83
2025-07-14 08:30:19,BanBif,Jun 16,"😉 A veces solo necesitas un antojo, y los descuentos del ClubHOLA, para alegrarte el día.​

📍Más información aquí: clubhola.pe​

#BanBif #Banco #ClubHOLA",0,1,0,0,63
2025-07-14 08:30:19,BanBif,Jun 13,"Esta vez, quisimos escuchar a nuestros papis en BanBif. Ellos nos recordaron que ser papá es dejar huella todos los días: en casa, en el trabajo y en cada momento compartido. 👔 ¡Gracias por estar siempre presentes y por enseñar con amor y compromiso! #BanBif",0,0,0,0,60
2025-07-14 09:27:53,BanBif,Jul 12,"❄️ ¿Eres team frío?​​​

📲¡Este plan es para ti! ¡Con el programa de beneficios de ClubHOLA, tienes descuentos ilimitados! Disfruta del 50% de descuento en Perú on Ice y úsalos las veces que quieras. ✨​​

📍Más información aquí: clubhola.pe​​
#BanBif #Banco #ClubHOLA",0,0,2,0,44
2025-07-14 09:27:53,BanBif,Jul 11,"¿Enfermo? No exactamente...​
Solo tengo viajitis aguda.🏖️🕶️​
Y la única receta es:​
✔️ Sol​
✔️ Descanso​
✔️ Y descuentos ilimitados con ClubHOLA​

ClubHOLA: tú pon la excusa, nosotros los destinos. ✈️​
Más información en clubhola.pe​
#ClubHola #DescuentosConEstilo",0,0,0,0,23
2025-07-14 09:27:53,BanBif,Jul 11,"🐶 Activa tu instinto protector.
✨Con tu Seguro Pet Lover, el seguro para ti con beneficios para tu mascota, tu engreído cuenta con protección, asistencia y beneficios exclusivos.
📷 banbif.com.pe/Personas/Fondo…",0,0,1,0,39
2025-07-14 09:27:53,BanBif,Jul 11,"📅 ¿Cuál es el calendario de tu Tarjeta de Crédito?​ Este es clave para organizarte y sacarle el máximo provecho.🧠💳 
✅ Conoce tu ciclo de facturación y pago ​
✅ Planifica ​
✅ Usa tu tarjeta y aprovecha sus beneficios 
#BanBif #EducaciónFinanciera #TuTarjetaTuControl",0,0,0,0,30
2025-07-14 09:27:53,BanBif,Jul 9,"🎁 Cuando le compras un regalo a tu bestie… pero eres cero buena guardando secretos.😂
Así como ella no puede ocultarlo, nosotros tampoco.
Con nuestra Cuenta Ahorro Digital, no hay cobros escondidos.
👉 banbif.com.pe/Personas/Cuent…",0,0,0,0,34
2025-07-14 09:27:53,BanBif,Jul 7,"Tu familia no es un cajero automático, pero nosotros sí podemos ayudarte.💸 Solicita tu Préstamo Efectivo en BanBif y accede a ese dinero que necesitas, al instante.
👉 banbif.com.pe/Home/Personas/…",0,0,0,0,107
2025-07-14 09:27:53,BanBif,Jul 4,"¿Te dicen “NOOOO” cada vez que pides el carro?​
Es momento de manejar el tuyo, con nuestro Préstamo Vehicular BanBif, tener tu auto es más fácil de lo que crees.​
​
Más info aquí: banbif.com.pe/Personas/Prest….​

#AutoPropioYa #BanBif #PréstamoVehicular",0,0,0,0,67
2025-07-14 09:27:53,BanBif,Jul 3,"En BanBif creemos en un mundo donde ningún perrito esté solo. Por eso, fuimos parte de la Patatón 2025, una jornada llena de amor y esperanza para los peluditos que buscan familia.🐶✨
👉 banbif.com.pe/Personas/Fondo…",1,0,0,0,67
2025-07-14 09:27:53,BanBif,Jul 1,"Hay cosas que no funcionan solas...
Pero en tus finanzas si, con tu dúo genial 💪💰👉 Cuenta Ahorro Genial + Cuenta Ahorro Digital de BanBif. Una te da chance de ganar S/50,000, la otra te paga más por ahorrar.

Más info: banbif.com.pe/duo-genial",0,0,0,0,57
2025-07-14 09:27:53,BanBif,Jul 1,"🔒 Recuerda: protege tus datos.​ 👀 Lo que compartes en redes puede poner en riesgo tu seguridad financiera.​ ¡Que no te sorprendan!​

#BanBif #Banco #NoMásFraudes",0,0,1,0,55
2025-07-14 09:27:53,BanBif,Jun 28,"🏠 Acciones que transforman vida.​​

36 voluntarios construyeron 05 nuevas viviendas junto a @Techo y Asociación IF, en la comunidad 17 de Marzo, San Juan de Miraflores. ​
🩵 Gracias por ser parte de la experiencia que suma futuro.​​

#BanBif #Banco #Techo #AsociaciónIF #Volunta",0,0,0,0,94
2025-07-14 09:27:53,BanBif,Jun 26,"Danitza trasladó su CTS a BanBif…y ahora no solo duerme tranquila, también tiene narrador que lo confirma. 😌🎙️

Porque cuando sabes qué es tu CTS y dónde tenerla, vives con más tranquilidad.

banbif.com.pe/Personas/Cuent…",0,1,2,0,80
2025-07-14 09:27:53,BanBif,Jun 26,"☁️ Todo gran sueño empieza con el simple hábito de ahorrar.​

Con tu Cuenta Ahorro Digital, cada sol cuenta: sin monto mínimo, sin mantenimiento y una TREA promocional de 4% en soles.​
​
📍 Más información: banbif.com.pe/Personas/Cuent…​

#BanBif #Banco #CuentaAhorroDigital",0,0,0,0,174
2025-07-14 09:27:53,BanBif,Jun 26,"Encontrar tu match perfecto es más fácil cuando se trata de ahorrar ✨🌺​

Abre tu Dúo Genial en BanBif y podrías ganar S/50,000, acceder a más de 100 descuentos exclusivos con ClubHOLA, y una tasa de 4.3% TREA en soles.​

👉 banbif.com.pe/duo-genial",0,0,0,0,53
2025-07-14 09:27:53,BanBif,Jun 24,"Con el programa de beneficios #ClubHola, consigue descuentos exclusivos en tus marcas favoritas como Crepier y disfruta de muchos más. Además, accede gratis al contenido digital de El Comercio. ¡Y repite las veces que quieras! Más info en 👉 clubhola.pe",0,0,0,0,39
2025-07-14 09:27:53,BanBif,Jun 24,"🩵Pequeños aprendizajes que transforman futuros.​
​
☝️🥸 Con Enseña Perú, llevamos educación financiera a los niños de Ica.​
​
#BanBif #Banco #Voluntariado #EnseñaPeru",0,0,0,0,56
2025-07-14 09:27:53,BanBif,Jun 23,"😔 Hay cosas que no vuelven, que tu plata no sea una de ellas. ​
​
📲 Usa Plin desde tu BanBif App.​
​
📍Conoce más en: banbif.com.pe/bancadigital​
​
#Banco #BanBif",0,0,1,0,170
2025-07-14 09:27:53,BanBif,Jun 19,"🐶 Este año nos volvemos a sumar a la #Patatón2025
Un evento que abre puertas y corazones para que más perritos encuentren un hogar lleno de amor.

Los esperamos:
📅 Fecha: Sábado 28 y domingo 29
⏰ Hora: 10:00 a.m.

📍 Circuito Mágico del Agua – Puerta 4 ¡INGRESO LIBRE!",0,1,1,0,83
2025-07-14 09:27:53,BanBif,Jun 16,"😉 A veces solo necesitas un antojo, y los descuentos del ClubHOLA, para alegrarte el día.​

📍Más información aquí: clubhola.pe​

#BanBif #Banco #ClubHOLA",0,1,0,0,63
2025-07-14 09:27:53,BanBif,Jun 13,"Esta vez, quisimos escuchar a nuestros papis en BanBif. Ellos nos recordaron que ser papá es dejar huella todos los días: en casa, en el trabajo y en cada momento compartido. 👔 ¡Gracias por estar siempre presentes y por enseñar con amor y compromiso! #BanBif",0,0,0,0,60
2025-07-14 10:22:51,BanBif,Jul 12,"❄️ ¿Eres team frío?​​​

📲¡Este plan es para ti! ¡Con el programa de beneficios de ClubHOLA, tienes descuentos ilimitados! Disfruta del 50% de descuento en Perú on Ice y úsalos las veces que quieras. ✨​​

📍Más información aquí: clubhola.pe​​
#BanBif #Banco #ClubHOLA",0,0,2,0,44
2025-07-14 10:22:51,BanBif,Jul 11,"¿Enfermo? No exactamente...​
Solo tengo viajitis aguda.🏖️🕶️​
Y la única receta es:​
✔️ Sol​
✔️ Descanso​
✔️ Y descuentos ilimitados con ClubHOLA​

ClubHOLA: tú pon la excusa, nosotros los destinos. ✈️​
Más información en clubhola.pe​
#ClubHola #DescuentosConEstilo",0,0,0,0,23
2025-07-14 10:22:51,BanBif,Jul 11,"🐶 Activa tu instinto protector.
✨Con tu Seguro Pet Lover, el seguro para ti con beneficios para tu mascota, tu engreído cuenta con protección, asistencia y beneficios exclusivos.
📷 banbif.com.pe/Personas/Fondo…",0,0,1,0,39
2025-07-14 10:22:51,BanBif,Jul 11,"📅 ¿Cuál es el calendario de tu Tarjeta de Crédito?​ Este es clave para organizarte y sacarle el máximo provecho.🧠💳 
✅ Conoce tu ciclo de facturación y pago ​
✅ Planifica ​
✅ Usa tu tarjeta y aprovecha sus beneficios 
#BanBif #EducaciónFinanciera #TuTarjetaTuControl",0,0,0,0,30
2025-07-14 10:22:51,BanBif,Jul 9,"🎁 Cuando le compras un regalo a tu bestie… pero eres cero buena guardando secretos.😂
Así como ella no puede ocultarlo, nosotros tampoco.
Con nuestra Cuenta Ahorro Digital, no hay cobros escondidos.
👉 banbif.com.pe/Personas/Cuent…",0,0,0,0,34
2025-07-14 10:22:51,BanBif,Jul 7,"Tu familia no es un cajero automático, pero nosotros sí podemos ayudarte.💸 Solicita tu Préstamo Efectivo en BanBif y accede a ese dinero que necesitas, al instante.
👉 banbif.com.pe/Home/Personas/…",0,0,0,0,109
2025-07-14 10:22:51,BanBif,Jul 4,"¿Te dicen “NOOOO” cada vez que pides el carro?​
Es momento de manejar el tuyo, con nuestro Préstamo Vehicular BanBif, tener tu auto es más fácil de lo que crees.​
​
Más info aquí: banbif.com.pe/Personas/Prest….​

#AutoPropioYa #BanBif #PréstamoVehicular",0,0,0,0,67
2025-07-14 10:22:51,BanBif,Jul 3,"En BanBif creemos en un mundo donde ningún perrito esté solo. Por eso, fuimos parte de la Patatón 2025, una jornada llena de amor y esperanza para los peluditos que buscan familia.🐶✨
👉 banbif.com.pe/Personas/Fondo…",1,0,0,0,67
2025-07-14 10:22:51,BanBif,Jul 1,"Hay cosas que no funcionan solas...
Pero en tus finanzas si, con tu dúo genial 💪💰👉 Cuenta Ahorro Genial + Cuenta Ahorro Digital de BanBif. Una te da chance de ganar S/50,000, la otra te paga más por ahorrar.

Más info: banbif.com.pe/duo-genial",0,0,0,0,57
2025-07-14 10:22:51,BanBif,Jul 1,"🔒 Recuerda: protege tus datos.​ 👀 Lo que compartes en redes puede poner en riesgo tu seguridad financiera.​ ¡Que no te sorprendan!​

#BanBif #Banco #NoMásFraudes",0,0,1,0,55
2025-07-14 10:22:51,BanBif,Jun 28,"🏠 Acciones que transforman vida.​​

36 voluntarios construyeron 05 nuevas viviendas junto a @Techo y Asociación IF, en la comunidad 17 de Marzo, San Juan de Miraflores. ​
🩵 Gracias por ser parte de la experiencia que suma futuro.​​

#BanBif #Banco #Techo #AsociaciónIF #Volunta",0,0,0,0,94
2025-07-14 10:22:51,BanBif,Jun 26,"Danitza trasladó su CTS a BanBif…y ahora no solo duerme tranquila, también tiene narrador que lo confirma. 😌🎙️

Porque cuando sabes qué es tu CTS y dónde tenerla, vives con más tranquilidad.

banbif.com.pe/Personas/Cuent…",0,1,2,0,80
2025-07-14 10:22:51,BanBif,Jun 26,"☁️ Todo gran sueño empieza con el simple hábito de ahorrar.​

Con tu Cuenta Ahorro Digital, cada sol cuenta: sin monto mínimo, sin mantenimiento y una TREA promocional de 4% en soles.​
​
📍 Más información: banbif.com.pe/Personas/Cuent…​

#BanBif #Banco #CuentaAhorroDigital",0,0,0,0,174
2025-07-14 10:22:51,BanBif,Jun 26,"Encontrar tu match perfecto es más fácil cuando se trata de ahorrar ✨🌺​

Abre tu Dúo Genial en BanBif y podrías ganar S/50,000, acceder a más de 100 descuentos exclusivos con ClubHOLA, y una tasa de 4.3% TREA en soles.​

👉 banbif.com.pe/duo-genial",0,0,0,0,53
2025-07-14 10:22:51,BanBif,Jun 24,"Con el programa de beneficios #ClubHola, consigue descuentos exclusivos en tus marcas favoritas como Crepier y disfruta de muchos más. Además, accede gratis al contenido digital de El Comercio. ¡Y repite las veces que quieras! Más info en 👉 clubhola.pe",0,0,0,0,39
2025-07-14 10:22:51,BanBif,Jun 24,"🩵Pequeños aprendizajes que transforman futuros.​
​
☝️🥸 Con Enseña Perú, llevamos educación financiera a los niños de Ica.​
​
#BanBif #Banco #Voluntariado #EnseñaPeru",0,0,0,0,56
2025-07-14 10:22:51,BanBif,Jun 23,"😔 Hay cosas que no vuelven, que tu plata no sea una de ellas. ​
​
📲 Usa Plin desde tu BanBif App.​
​
📍Conoce más en: banbif.com.pe/bancadigital​
​
#Banco #BanBif",0,0,1,0,170
2025-07-14 10:22:51,BanBif,Jun 19,"🐶 Este año nos volvemos a sumar a la #Patatón2025
Un evento que abre puertas y corazones para que más perritos encuentren un hogar lleno de amor.

Los esperamos:
📅 Fecha: Sábado 28 y domingo 29
⏰ Hora: 10:00 a.m.

📍 Circuito Mágico del Agua – Puerta 4 ¡INGRESO LIBRE!",0,1,1,0,83
2025-07-14 10:22:51,BanBif,Jun 16,"😉 A veces solo necesitas un antojo, y los descuentos del ClubHOLA, para alegrarte el día.​

📍Más información aquí: clubhola.pe​

#BanBif #Banco #ClubHOLA",0,1,0,0,63
2025-07-14 10:22:51,BanBif,Jun 13,"Esta vez, quisimos escuchar a nuestros papis en BanBif. Ellos nos recordaron que ser papá es dejar huella todos los días: en casa, en el trabajo y en cada momento compartido. 👔 ¡Gracias por estar siempre presentes y por enseñar con amor y compromiso! #BanBif",0,0,0,0,60
2025-07-14 11:18:09,BanBif,Jul 12,"❄️ ¿Eres team frío?​​​

📲¡Este plan es para ti! ¡Con el programa de beneficios de ClubHOLA, tienes descuentos ilimitados! Disfruta del 50% de descuento en Perú on Ice y úsalos las veces que quieras. ✨​​

📍Más información aquí: clubhola.pe​​
#BanBif #Banco #ClubHOLA",0,0,2,0,44
2025-07-14 11:18:09,BanBif,Jul 11,"¿Enfermo? No exactamente...​
Solo tengo viajitis aguda.🏖️🕶️​
Y la única receta es:​
✔️ Sol​
✔️ Descanso​
✔️ Y descuentos ilimitados con ClubHOLA​

ClubHOLA: tú pon la excusa, nosotros los destinos. ✈️​
Más información en clubhola.pe​
#ClubHola #DescuentosConEstilo",0,0,0,0,23
2025-07-14 11:18:09,BanBif,Jul 11,"🐶 Activa tu instinto protector.
✨Con tu Seguro Pet Lover, el seguro para ti con beneficios para tu mascota, tu engreído cuenta con protección, asistencia y beneficios exclusivos.
📷 banbif.com.pe/Personas/Fondo…",0,0,1,0,39
2025-07-14 11:18:09,BanBif,Jul 11,"📅 ¿Cuál es el calendario de tu Tarjeta de Crédito?​ Este es clave para organizarte y sacarle el máximo provecho.🧠💳 
✅ Conoce tu ciclo de facturación y pago ​
✅ Planifica ​
✅ Usa tu tarjeta y aprovecha sus beneficios 
#BanBif #EducaciónFinanciera #TuTarjetaTuControl",0,0,0,0,30
2025-07-14 11:18:09,BanBif,Jul 9,"🎁 Cuando le compras un regalo a tu bestie… pero eres cero buena guardando secretos.😂
Así como ella no puede ocultarlo, nosotros tampoco.
Con nuestra Cuenta Ahorro Digital, no hay cobros escondidos.
👉 banbif.com.pe/Personas/Cuent…",0,0,0,0,34
2025-07-14 11:18:09,BanBif,Jul 7,"Tu familia no es un cajero automático, pero nosotros sí podemos ayudarte.💸 Solicita tu Préstamo Efectivo en BanBif y accede a ese dinero que necesitas, al instante.
👉 banbif.com.pe/Home/Personas/…",0,0,0,0,110
2025-07-14 11:18:09,BanBif,Jul 4,"¿Te dicen “NOOOO” cada vez que pides el carro?​
Es momento de manejar el tuyo, con nuestro Préstamo Vehicular BanBif, tener tu auto es más fácil de lo que crees.​
​
Más info aquí: banbif.com.pe/Personas/Prest….​

#AutoPropioYa #BanBif #PréstamoVehicular",0,0,0,0,67
2025-07-14 11:18:09,BanBif,Jul 3,"En BanBif creemos en un mundo donde ningún perrito esté solo. Por eso, fuimos parte de la Patatón 2025, una jornada llena de amor y esperanza para los peluditos que buscan familia.🐶✨
👉 banbif.com.pe/Personas/Fondo…",1,0,0,0,67
2025-07-14 11:18:09,BanBif,Jul 1,"Hay cosas que no funcionan solas...
Pero en tus finanzas si, con tu dúo genial 💪💰👉 Cuenta Ahorro Genial + Cuenta Ahorro Digital de BanBif. Una te da chance de ganar S/50,000, la otra te paga más por ahorrar.

Más info: banbif.com.pe/duo-genial",0,0,0,0,57
2025-07-14 11:18:09,BanBif,Jul 1,"🔒 Recuerda: protege tus datos.​ 👀 Lo que compartes en redes puede poner en riesgo tu seguridad financiera.​ ¡Que no te sorprendan!​

#BanBif #Banco #NoMásFraudes",0,0,1,0,55
2025-07-14 11:18:09,BanBif,Jun 28,"🏠 Acciones que transforman vida.​​

36 voluntarios construyeron 05 nuevas viviendas junto a @Techo y Asociación IF, en la comunidad 17 de Marzo, San Juan de Miraflores. ​
🩵 Gracias por ser parte de la experiencia que suma futuro.​​

#BanBif #Banco #Techo #AsociaciónIF #Volunta",0,0,0,0,94
2025-07-14 11:18:09,BanBif,Jun 26,"Danitza trasladó su CTS a BanBif…y ahora no solo duerme tranquila, también tiene narrador que lo confirma. 😌🎙️

Porque cuando sabes qué es tu CTS y dónde tenerla, vives con más tranquilidad.

banbif.com.pe/Personas/Cuent…",0,1,2,0,80
2025-07-14 11:18:09,BanBif,Jun 26,"☁️ Todo gran sueño empieza con el simple hábito de ahorrar.​

Con tu Cuenta Ahorro Digital, cada sol cuenta: sin monto mínimo, sin mantenimiento y una TREA promocional de 4% en soles.​
​
📍 Más información: banbif.com.pe/Personas/Cuent…​

#BanBif #Banco #CuentaAhorroDigital",0,0,0,0,174
2025-07-14 11:18:09,BanBif,Jun 26,"Encontrar tu match perfecto es más fácil cuando se trata de ahorrar ✨🌺​

Abre tu Dúo Genial en BanBif y podrías ganar S/50,000, acceder a más de 100 descuentos exclusivos con ClubHOLA, y una tasa de 4.3% TREA en soles.​

👉 banbif.com.pe/duo-genial",0,0,0,0,53
2025-07-14 11:18:09,BanBif,Jun 24,"Con el programa de beneficios #ClubHola, consigue descuentos exclusivos en tus marcas favoritas como Crepier y disfruta de muchos más. Además, accede gratis al contenido digital de El Comercio. ¡Y repite las veces que quieras! Más info en 👉 clubhola.pe",0,0,0,0,39
2025-07-14 11:18:09,BanBif,Jun 24,"🩵Pequeños aprendizajes que transforman futuros.​
​
☝️🥸 Con Enseña Perú, llevamos educación financiera a los niños de Ica.​
​
#BanBif #Banco #Voluntariado #EnseñaPeru",0,0,0,0,56
2025-07-14 11:18:09,BanBif,Jun 23,"😔 Hay cosas que no vuelven, que tu plata no sea una de ellas. ​
​
📲 Usa Plin desde tu BanBif App.​
​
📍Conoce más en: banbif.com.pe/bancadigital​
​
#Banco #BanBif",0,0,1,0,170
2025-07-14 11:18:09,BanBif,Jun 19,"🐶 Este año nos volvemos a sumar a la #Patatón2025
Un evento que abre puertas y corazones para que más perritos encuentren un hogar lleno de amor.

Los esperamos:
📅 Fecha: Sábado 28 y domingo 29
⏰ Hora: 10:00 a.m.

📍 Circuito Mágico del Agua – Puerta 4 ¡INGRESO LIBRE!",0,1,1,0,83
2025-07-14 11:18:09,BanBif,Jun 16,"😉 A veces solo necesitas un antojo, y los descuentos del ClubHOLA, para alegrarte el día.​

📍Más información aquí: clubhola.pe​

#BanBif #Banco #ClubHOLA",0,1,0,0,63
2025-07-14 11:18:09,BanBif,Jun 13,"Esta vez, quisimos escuchar a nuestros papis en BanBif. Ellos nos recordaron que ser papá es dejar huella todos los días: en casa, en el trabajo y en cada momento compartido. 👔 ¡Gracias por estar siempre presentes y por enseñar con amor y compromiso! #BanBif",0,0,0,0,60
2025-07-14 12:42:22,BanBif,Jul 12,"❄️ ¿Eres team frío?​​​

📲¡Este plan es para ti! ¡Con el programa de beneficios de ClubHOLA, tienes descuentos ilimitados! Disfruta del 50% de descuento en Perú on Ice y úsalos las veces que quieras. ✨​​

📍Más información aquí: clubhola.pe​​
#BanBif #Banco #ClubHOLA",0,0,2,0,44
2025-07-14 12:42:22,BanBif,Jul 11,"¿Enfermo? No exactamente...​
Solo tengo viajitis aguda.🏖️🕶️​
Y la única receta es:​
✔️ Sol​
✔️ Descanso​
✔️ Y descuentos ilimitados con ClubHOLA​

ClubHOLA: tú pon la excusa, nosotros los destinos. ✈️​
Más información en clubhola.pe​
#ClubHola #DescuentosConEstilo",0,0,0,0,23
2025-07-14 12:42:22,BanBif,Jul 11,"🐶 Activa tu instinto protector.
✨Con tu Seguro Pet Lover, el seguro para ti con beneficios para tu mascota, tu engreído cuenta con protección, asistencia y beneficios exclusivos.
📷 banbif.com.pe/Personas/Fondo…",0,0,1,0,39
2025-07-14 12:42:22,BanBif,Jul 11,"📅 ¿Cuál es el calendario de tu Tarjeta de Crédito?​ Este es clave para organizarte y sacarle el máximo provecho.🧠💳 
✅ Conoce tu ciclo de facturación y pago ​
✅ Planifica ​
✅ Usa tu tarjeta y aprovecha sus beneficios 
#BanBif #EducaciónFinanciera #TuTarjetaTuControl",0,0,0,0,30
2025-07-14 12:42:22,BanBif,Jul 9,"🎁 Cuando le compras un regalo a tu bestie… pero eres cero buena guardando secretos.😂
Así como ella no puede ocultarlo, nosotros tampoco.
Con nuestra Cuenta Ahorro Digital, no hay cobros escondidos.
👉 banbif.com.pe/Personas/Cuent…",0,0,0,0,34
2025-07-14 12:42:22,BanBif,Jul 7,"Tu familia no es un cajero automático, pero nosotros sí podemos ayudarte.💸 Solicita tu Préstamo Efectivo en BanBif y accede a ese dinero que necesitas, al instante.
👉 banbif.com.pe/Home/Personas/…",0,0,0,0,110
2025-07-14 12:42:22,BanBif,Jul 4,"¿Te dicen “NOOOO” cada vez que pides el carro?​
Es momento de manejar el tuyo, con nuestro Préstamo Vehicular BanBif, tener tu auto es más fácil de lo que crees.​
​
Más info aquí: banbif.com.pe/Personas/Prest….​

#AutoPropioYa #BanBif #PréstamoVehicular",0,0,0,0,67
2025-07-14 12:42:22,BanBif,Jul 3,"En BanBif creemos en un mundo donde ningún perrito esté solo. Por eso, fuimos parte de la Patatón 2025, una jornada llena de amor y esperanza para los peluditos que buscan familia.🐶✨
👉 banbif.com.pe/Personas/Fondo…",1,0,0,0,67
2025-07-14 12:42:22,BanBif,Jul 1,"Hay cosas que no funcionan solas...
Pero en tus finanzas si, con tu dúo genial 💪💰👉 Cuenta Ahorro Genial + Cuenta Ahorro Digital de BanBif. Una te da chance de ganar S/50,000, la otra te paga más por ahorrar.

Más info: banbif.com.pe/duo-genial",0,0,0,0,57
2025-07-14 12:42:22,BanBif,Jul 1,"🔒 Recuerda: protege tus datos.​ 👀 Lo que compartes en redes puede poner en riesgo tu seguridad financiera.​ ¡Que no te sorprendan!​

#BanBif #Banco #NoMásFraudes",0,0,1,0,55
2025-07-14 12:42:22,BanBif,Jun 28,"🏠 Acciones que transforman vida.​​

36 voluntarios construyeron 05 nuevas viviendas junto a @Techo y Asociación IF, en la comunidad 17 de Marzo, San Juan de Miraflores. ​
🩵 Gracias por ser parte de la experiencia que suma futuro.​​

#BanBif #Banco #Techo #AsociaciónIF #Volunta",0,0,0,0,94
2025-07-14 12:42:22,BanBif,Jun 26,"Danitza trasladó su CTS a BanBif…y ahora no solo duerme tranquila, también tiene narrador que lo confirma. 😌🎙️

Porque cuando sabes qué es tu CTS y dónde tenerla, vives con más tranquilidad.

banbif.com.pe/Personas/Cuent…",0,1,2,0,80
2025-07-14 12:42:22,BanBif,Jun 26,"☁️ Todo gran sueño empieza con el simple hábito de ahorrar.​

Con tu Cuenta Ahorro Digital, cada sol cuenta: sin monto mínimo, sin mantenimiento y una TREA promocional de 4% en soles.​
​
📍 Más información: banbif.com.pe/Personas/Cuent…​

#BanBif #Banco #CuentaAhorroDigital",0,0,0,0,174
2025-07-14 12:42:22,BanBif,Jun 26,"Encontrar tu match perfecto es más fácil cuando se trata de ahorrar ✨🌺​

Abre tu Dúo Genial en BanBif y podrías ganar S/50,000, acceder a más de 100 descuentos exclusivos con ClubHOLA, y una tasa de 4.3% TREA en soles.​

👉 banbif.com.pe/duo-genial",0,0,0,0,53
2025-07-14 12:42:22,BanBif,Jun 24,"Con el programa de beneficios #ClubHola, consigue descuentos exclusivos en tus marcas favoritas como Crepier y disfruta de muchos más. Además, accede gratis al contenido digital de El Comercio. ¡Y repite las veces que quieras! Más info en 👉 clubhola.pe",0,0,0,0,39
2025-07-14 12:42:22,BanBif,Jun 24,"🩵Pequeños aprendizajes que transforman futuros.​
​
☝️🥸 Con Enseña Perú, llevamos educación financiera a los niños de Ica.​
​
#BanBif #Banco #Voluntariado #EnseñaPeru",0,0,0,0,56
2025-07-14 12:42:22,BanBif,Jun 23,"😔 Hay cosas que no vuelven, que tu plata no sea una de ellas. ​
​
📲 Usa Plin desde tu BanBif App.​
​
📍Conoce más en: banbif.com.pe/bancadigital​
​
#Banco #BanBif",0,0,1,0,170
2025-07-14 12:42:22,BanBif,Jun 19,"🐶 Este año nos volvemos a sumar a la #Patatón2025
Un evento que abre puertas y corazones para que más perritos encuentren un hogar lleno de amor.

Los esperamos:
📅 Fecha: Sábado 28 y domingo 29
⏰ Hora: 10:00 a.m.

📍 Circuito Mágico del Agua – Puerta 4 ¡INGRESO LIBRE!",0,1,1,0,83
2025-07-14 12:42:22,BanBif,Jun 16,"😉 A veces solo necesitas un antojo, y los descuentos del ClubHOLA, para alegrarte el día.​

📍Más información aquí: clubhola.pe​

#BanBif #Banco #ClubHOLA",0,1,0,0,63
2025-07-14 12:42:22,BanBif,Jun 13,"Esta vez, quisimos escuchar a nuestros papis en BanBif. Ellos nos recordaron que ser papá es dejar huella todos los días: en casa, en el trabajo y en cada momento compartido. 👔 ¡Gracias por estar siempre presentes y por enseñar con amor y compromiso! #BanBif",0,0,0,0,60
2025-07-14 13:36:09,BanBif,Jul 12,"❄️ ¿Eres team frío?​​​

📲¡Este plan es para ti! ¡Con el programa de beneficios de ClubHOLA, tienes descuentos ilimitados! Disfruta del 50% de descuento en Perú on Ice y úsalos las veces que quieras. ✨​​

📍Más información aquí: clubhola.pe​​
#BanBif #Banco #ClubHOLA",0,0,2,0,44
2025-07-14 13:36:09,BanBif,Jul 11,"¿Enfermo? No exactamente...​
Solo tengo viajitis aguda.🏖️🕶️​
Y la única receta es:​
✔️ Sol​
✔️ Descanso​
✔️ Y descuentos ilimitados con ClubHOLA​

ClubHOLA: tú pon la excusa, nosotros los destinos. ✈️​
Más información en clubhola.pe​
#ClubHola #DescuentosConEstilo",0,0,0,0,23
2025-07-14 13:36:09,BanBif,Jul 11,"🐶 Activa tu instinto protector.
✨Con tu Seguro Pet Lover, el seguro para ti con beneficios para tu mascota, tu engreído cuenta con protección, asistencia y beneficios exclusivos.
📷 banbif.com.pe/Personas/Fondo…",0,0,1,0,39
2025-07-14 13:36:09,BanBif,Jul 11,"📅 ¿Cuál es el calendario de tu Tarjeta de Crédito?​ Este es clave para organizarte y sacarle el máximo provecho.🧠💳 
✅ Conoce tu ciclo de facturación y pago ​
✅ Planifica ​
✅ Usa tu tarjeta y aprovecha sus beneficios 
#BanBif #EducaciónFinanciera #TuTarjetaTuControl",0,0,0,0,30
2025-07-14 13:36:09,BanBif,Jul 9,"🎁 Cuando le compras un regalo a tu bestie… pero eres cero buena guardando secretos.😂
Así como ella no puede ocultarlo, nosotros tampoco.
Con nuestra Cuenta Ahorro Digital, no hay cobros escondidos.
👉 banbif.com.pe/Personas/Cuent…",0,0,0,0,34
2025-07-14 13:36:09,BanBif,Jul 7,"Tu familia no es un cajero automático, pero nosotros sí podemos ayudarte.💸 Solicita tu Préstamo Efectivo en BanBif y accede a ese dinero que necesitas, al instante.
👉 banbif.com.pe/Home/Personas/…",0,0,0,0,112
2025-07-14 13:36:09,BanBif,Jul 4,"¿Te dicen “NOOOO” cada vez que pides el carro?​
Es momento de manejar el tuyo, con nuestro Préstamo Vehicular BanBif, tener tu auto es más fácil de lo que crees.​
​
Más info aquí: banbif.com.pe/Personas/Prest….​

#AutoPropioYa #BanBif #PréstamoVehicular",0,0,0,0,67
2025-07-14 13:36:09,BanBif,Jul 3,"En BanBif creemos en un mundo donde ningún perrito esté solo. Por eso, fuimos parte de la Patatón 2025, una jornada llena de amor y esperanza para los peluditos que buscan familia.🐶✨
👉 banbif.com.pe/Personas/Fondo…",1,0,0,0,67
2025-07-14 13:36:09,BanBif,Jul 1,"Hay cosas que no funcionan solas...
Pero en tus finanzas si, con tu dúo genial 💪💰👉 Cuenta Ahorro Genial + Cuenta Ahorro Digital de BanBif. Una te da chance de ganar S/50,000, la otra te paga más por ahorrar.

Más info: banbif.com.pe/duo-genial",0,0,0,0,57
2025-07-14 13:36:09,BanBif,Jul 1,"🔒 Recuerda: protege tus datos.​ 👀 Lo que compartes en redes puede poner en riesgo tu seguridad financiera.​ ¡Que no te sorprendan!​

#BanBif #Banco #NoMásFraudes",0,0,1,0,55
2025-07-14 13:36:09,BanBif,Jun 28,"🏠 Acciones que transforman vida.​​

36 voluntarios construyeron 05 nuevas viviendas junto a @Techo y Asociación IF, en la comunidad 17 de Marzo, San Juan de Miraflores. ​
🩵 Gracias por ser parte de la experiencia que suma futuro.​​

#BanBif #Banco #Techo #AsociaciónIF #Volunta",0,0,0,0,94
2025-07-14 13:36:09,BanBif,Jun 26,"Danitza trasladó su CTS a BanBif…y ahora no solo duerme tranquila, también tiene narrador que lo confirma. 😌🎙️

Porque cuando sabes qué es tu CTS y dónde tenerla, vives con más tranquilidad.

banbif.com.pe/Personas/Cuent…",0,1,2,0,80
2025-07-14 13:36:09,BanBif,Jun 26,"☁️ Todo gran sueño empieza con el simple hábito de ahorrar.​

Con tu Cuenta Ahorro Digital, cada sol cuenta: sin monto mínimo, sin mantenimiento y una TREA promocional de 4% en soles.​
​
📍 Más información: banbif.com.pe/Personas/Cuent…​

#BanBif #Banco #CuentaAhorroDigital",0,0,0,0,174
2025-07-14 13:36:09,BanBif,Jun 26,"Encontrar tu match perfecto es más fácil cuando se trata de ahorrar ✨🌺​

Abre tu Dúo Genial en BanBif y podrías ganar S/50,000, acceder a más de 100 descuentos exclusivos con ClubHOLA, y una tasa de 4.3% TREA en soles.​

👉 banbif.com.pe/duo-genial",0,0,0,0,53
2025-07-14 13:36:09,BanBif,Jun 24,"Con el programa de beneficios #ClubHola, consigue descuentos exclusivos en tus marcas favoritas como Crepier y disfruta de muchos más. Además, accede gratis al contenido digital de El Comercio. ¡Y repite las veces que quieras! Más info en 👉 clubhola.pe",0,0,0,0,39
2025-07-14 13:36:09,BanBif,Jun 24,"🩵Pequeños aprendizajes que transforman futuros.​
​
☝️🥸 Con Enseña Perú, llevamos educación financiera a los niños de Ica.​
​
#BanBif #Banco #Voluntariado #EnseñaPeru",0,0,0,0,56
2025-07-14 13:36:09,BanBif,Jun 23,"😔 Hay cosas que no vuelven, que tu plata no sea una de ellas. ​
​
📲 Usa Plin desde tu BanBif App.​
​
📍Conoce más en: banbif.com.pe/bancadigital​
​
#Banco #BanBif",0,0,1,0,170
2025-07-14 13:36:09,BanBif,Jun 19,"🐶 Este año nos volvemos a sumar a la #Patatón2025
Un evento que abre puertas y corazones para que más perritos encuentren un hogar lleno de amor.

Los esperamos:
📅 Fecha: Sábado 28 y domingo 29
⏰ Hora: 10:00 a.m.

📍 Circuito Mágico del Agua – Puerta 4 ¡INGRESO LIBRE!",0,1,1,0,83
2025-07-14 13:36:09,BanBif,Jun 16,"😉 A veces solo necesitas un antojo, y los descuentos del ClubHOLA, para alegrarte el día.​

📍Más información aquí: clubhola.pe​

#BanBif #Banco #ClubHOLA",0,1,0,0,63
2025-07-14 13:36:09,BanBif,Jun 13,"Esta vez, quisimos escuchar a nuestros papis en BanBif. Ellos nos recordaron que ser papá es dejar huella todos los días: en casa, en el trabajo y en cada momento compartido. 👔 ¡Gracias por estar siempre presentes y por enseñar con amor y compromiso! #BanBif",0,0,0,0,60
2025-07-14 14:21:17,BanBif,Jul 12,"❄️ ¿Eres team frío?​​​

📲¡Este plan es para ti! ¡Con el programa de beneficios de ClubHOLA, tienes descuentos ilimitados! Disfruta del 50% de descuento en Perú on Ice y úsalos las veces que quieras. ✨​​

📍Más información aquí: clubhola.pe​​
#BanBif #Banco #ClubHOLA",0,0,2,0,44
2025-07-14 14:21:17,BanBif,Jul 11,"¿Enfermo? No exactamente...​
Solo tengo viajitis aguda.🏖️🕶️​
Y la única receta es:​
✔️ Sol​
✔️ Descanso​
✔️ Y descuentos ilimitados con ClubHOLA​

ClubHOLA: tú pon la excusa, nosotros los destinos. ✈️​
Más información en clubhola.pe​
#ClubHola #DescuentosConEstilo",0,0,0,0,23
2025-07-14 14:21:17,BanBif,Jul 11,"🐶 Activa tu instinto protector.
✨Con tu Seguro Pet Lover, el seguro para ti con beneficios para tu mascota, tu engreído cuenta con protección, asistencia y beneficios exclusivos.
📷 banbif.com.pe/Personas/Fondo…",0,0,1,0,39
2025-07-14 14:21:17,BanBif,Jul 11,"📅 ¿Cuál es el calendario de tu Tarjeta de Crédito?​ Este es clave para organizarte y sacarle el máximo provecho.🧠💳 
✅ Conoce tu ciclo de facturación y pago ​
✅ Planifica ​
✅ Usa tu tarjeta y aprovecha sus beneficios 
#BanBif #EducaciónFinanciera #TuTarjetaTuControl",0,0,0,0,30
2025-07-14 14:21:17,BanBif,Jul 9,"🎁 Cuando le compras un regalo a tu bestie… pero eres cero buena guardando secretos.😂
Así como ella no puede ocultarlo, nosotros tampoco.
Con nuestra Cuenta Ahorro Digital, no hay cobros escondidos.
👉 banbif.com.pe/Personas/Cuent…",0,0,0,0,34
2025-07-14 14:21:17,BanBif,Jul 7,"Tu familia no es un cajero automático, pero nosotros sí podemos ayudarte.💸 Solicita tu Préstamo Efectivo en BanBif y accede a ese dinero que necesitas, al instante.
👉 banbif.com.pe/Home/Personas/…",0,0,0,0,112
2025-07-14 14:21:17,BanBif,Jul 4,"¿Te dicen “NOOOO” cada vez que pides el carro?​
Es momento de manejar el tuyo, con nuestro Préstamo Vehicular BanBif, tener tu auto es más fácil de lo que crees.​
​
Más info aquí: banbif.com.pe/Personas/Prest….​

#AutoPropioYa #BanBif #PréstamoVehicular",0,0,0,0,67
2025-07-14 14:21:17,BanBif,Jul 3,"En BanBif creemos en un mundo donde ningún perrito esté solo. Por eso, fuimos parte de la Patatón 2025, una jornada llena de amor y esperanza para los peluditos que buscan familia.🐶✨
👉 banbif.com.pe/Personas/Fondo…",1,0,0,0,67
2025-07-14 14:21:17,BanBif,Jul 1,"Hay cosas que no funcionan solas...
Pero en tus finanzas si, con tu dúo genial 💪💰👉 Cuenta Ahorro Genial + Cuenta Ahorro Digital de BanBif. Una te da chance de ganar S/50,000, la otra te paga más por ahorrar.

Más info: banbif.com.pe/duo-genial",0,0,0,0,57
2025-07-14 14:21:17,BanBif,Jul 1,"🔒 Recuerda: protege tus datos.​ 👀 Lo que compartes en redes puede poner en riesgo tu seguridad financiera.​ ¡Que no te sorprendan!​

#BanBif #Banco #NoMásFraudes",0,0,1,0,55
2025-07-14 14:21:17,BanBif,Jun 28,"🏠 Acciones que transforman vida.​​

36 voluntarios construyeron 05 nuevas viviendas junto a @Techo y Asociación IF, en la comunidad 17 de Marzo, San Juan de Miraflores. ​
🩵 Gracias por ser parte de la experiencia que suma futuro.​​

#BanBif #Banco #Techo #AsociaciónIF #Volunta",0,0,0,0,94
2025-07-14 14:21:17,BanBif,Jun 26,"Danitza trasladó su CTS a BanBif…y ahora no solo duerme tranquila, también tiene narrador que lo confirma. 😌🎙️

Porque cuando sabes qué es tu CTS y dónde tenerla, vives con más tranquilidad.

banbif.com.pe/Personas/Cuent…",0,1,2,0,80
2025-07-14 14:21:17,BanBif,Jun 26,"☁️ Todo gran sueño empieza con el simple hábito de ahorrar.​

Con tu Cuenta Ahorro Digital, cada sol cuenta: sin monto mínimo, sin mantenimiento y una TREA promocional de 4% en soles.​
​
📍 Más información: banbif.com.pe/Personas/Cuent…​

#BanBif #Banco #CuentaAhorroDigital",0,0,0,0,174
2025-07-14 14:21:17,BanBif,Jun 26,"Encontrar tu match perfecto es más fácil cuando se trata de ahorrar ✨🌺​

Abre tu Dúo Genial en BanBif y podrías ganar S/50,000, acceder a más de 100 descuentos exclusivos con ClubHOLA, y una tasa de 4.3% TREA en soles.​

👉 banbif.com.pe/duo-genial",0,0,0,0,53
2025-07-14 14:21:17,BanBif,Jun 24,"Con el programa de beneficios #ClubHola, consigue descuentos exclusivos en tus marcas favoritas como Crepier y disfruta de muchos más. Además, accede gratis al contenido digital de El Comercio. ¡Y repite las veces que quieras! Más info en 👉 clubhola.pe",0,0,0,0,39
2025-07-14 14:21:17,BanBif,Jun 24,"🩵Pequeños aprendizajes que transforman futuros.​
​
☝️🥸 Con Enseña Perú, llevamos educación financiera a los niños de Ica.​
​
#BanBif #Banco #Voluntariado #EnseñaPeru",0,0,0,0,56
2025-07-14 14:21:17,BanBif,Jun 23,"😔 Hay cosas que no vuelven, que tu plata no sea una de ellas. ​
​
📲 Usa Plin desde tu BanBif App.​
​
📍Conoce más en: banbif.com.pe/bancadigital​
​
#Banco #BanBif",0,0,1,0,170
2025-07-14 14:21:17,BanBif,Jun 19,"🐶 Este año nos volvemos a sumar a la #Patatón2025
Un evento que abre puertas y corazones para que más perritos encuentren un hogar lleno de amor.

Los esperamos:
📅 Fecha: Sábado 28 y domingo 29
⏰ Hora: 10:00 a.m.

📍 Circuito Mágico del Agua – Puerta 4 ¡INGRESO LIBRE!",0,1,1,0,83
2025-07-14 14:21:17,BanBif,Jun 16,"😉 A veces solo necesitas un antojo, y los descuentos del ClubHOLA, para alegrarte el día.​

📍Más información aquí: clubhola.pe​

#BanBif #Banco #ClubHOLA",0,1,0,0,63
2025-07-14 14:21:17,BanBif,Jun 13,"Esta vez, quisimos escuchar a nuestros papis en BanBif. Ellos nos recordaron que ser papá es dejar huella todos los días: en casa, en el trabajo y en cada momento compartido. 👔 ¡Gracias por estar siempre presentes y por enseñar con amor y compromiso! #BanBif",0,0,0,0,60
2025-07-14 15:22:35,BanBif,Jul 12,"❄️ ¿Eres team frío?​​​

📲¡Este plan es para ti! ¡Con el programa de beneficios de ClubHOLA, tienes descuentos ilimitados! Disfruta del 50% de descuento en Perú on Ice y úsalos las veces que quieras. ✨​​

📍Más información aquí: clubhola.pe​​
#BanBif #Banco #ClubHOLA",0,0,2,0,44
2025-07-14 15:22:35,BanBif,Jul 11,"¿Enfermo? No exactamente...​
Solo tengo viajitis aguda.🏖️🕶️​
Y la única receta es:​
✔️ Sol​
✔️ Descanso​
✔️ Y descuentos ilimitados con ClubHOLA​

ClubHOLA: tú pon la excusa, nosotros los destinos. ✈️​
Más información en clubhola.pe​
#ClubHola #DescuentosConEstilo",0,0,0,0,23
2025-07-14 15:22:35,BanBif,Jul 11,"🐶 Activa tu instinto protector.
✨Con tu Seguro Pet Lover, el seguro para ti con beneficios para tu mascota, tu engreído cuenta con protección, asistencia y beneficios exclusivos.
📷 banbif.com.pe/Personas/Fondo…",0,0,1,0,39
2025-07-14 15:22:35,BanBif,Jul 11,"📅 ¿Cuál es el calendario de tu Tarjeta de Crédito?​ Este es clave para organizarte y sacarle el máximo provecho.🧠💳 
✅ Conoce tu ciclo de facturación y pago ​
✅ Planifica ​
✅ Usa tu tarjeta y aprovecha sus beneficios 
#BanBif #EducaciónFinanciera #TuTarjetaTuControl",0,0,0,0,30
2025-07-14 15:22:35,BanBif,Jul 9,"🎁 Cuando le compras un regalo a tu bestie… pero eres cero buena guardando secretos.😂
Así como ella no puede ocultarlo, nosotros tampoco.
Con nuestra Cuenta Ahorro Digital, no hay cobros escondidos.
👉 banbif.com.pe/Personas/Cuent…",0,0,0,0,34
2025-07-14 15:22:35,BanBif,Jul 7,"Tu familia no es un cajero automático, pero nosotros sí podemos ayudarte.💸 Solicita tu Préstamo Efectivo en BanBif y accede a ese dinero que necesitas, al instante.
👉 banbif.com.pe/Home/Personas/…",0,0,0,0,113
2025-07-14 15:22:35,BanBif,Jul 4,"¿Te dicen “NOOOO” cada vez que pides el carro?​
Es momento de manejar el tuyo, con nuestro Préstamo Vehicular BanBif, tener tu auto es más fácil de lo que crees.​
​
Más info aquí: banbif.com.pe/Personas/Prest….​

#AutoPropioYa #BanBif #PréstamoVehicular",0,0,0,0,67
2025-07-14 15:22:35,BanBif,Jul 3,"En BanBif creemos en un mundo donde ningún perrito esté solo. Por eso, fuimos parte de la Patatón 2025, una jornada llena de amor y esperanza para los peluditos que buscan familia.🐶✨
👉 banbif.com.pe/Personas/Fondo…",1,0,0,0,67
2025-07-14 15:22:35,BanBif,Jul 1,"Hay cosas que no funcionan solas...
Pero en tus finanzas si, con tu dúo genial 💪💰👉 Cuenta Ahorro Genial + Cuenta Ahorro Digital de BanBif. Una te da chance de ganar S/50,000, la otra te paga más por ahorrar.

Más info: banbif.com.pe/duo-genial",0,0,0,0,57
2025-07-14 15:22:35,BanBif,Jul 1,"🔒 Recuerda: protege tus datos.​ 👀 Lo que compartes en redes puede poner en riesgo tu seguridad financiera.​ ¡Que no te sorprendan!​

#BanBif #Banco #NoMásFraudes",0,0,1,0,55
2025-07-14 15:22:35,BanBif,Jun 28,"🏠 Acciones que transforman vida.​​

36 voluntarios construyeron 05 nuevas viviendas junto a @Techo y Asociación IF, en la comunidad 17 de Marzo, San Juan de Miraflores. ​
🩵 Gracias por ser parte de la experiencia que suma futuro.​​

#BanBif #Banco #Techo #AsociaciónIF #Volunta",0,0,0,0,94
2025-07-14 15:22:35,BanBif,Jun 26,"Danitza trasladó su CTS a BanBif…y ahora no solo duerme tranquila, también tiene narrador que lo confirma. 😌🎙️

Porque cuando sabes qué es tu CTS y dónde tenerla, vives con más tranquilidad.

banbif.com.pe/Personas/Cuent…",0,1,2,0,80
2025-07-14 15:22:35,BanBif,Jun 26,"☁️ Todo gran sueño empieza con el simple hábito de ahorrar.​

Con tu Cuenta Ahorro Digital, cada sol cuenta: sin monto mínimo, sin mantenimiento y una TREA promocional de 4% en soles.​
​
📍 Más información: banbif.com.pe/Personas/Cuent…​

#BanBif #Banco #CuentaAhorroDigital",0,0,0,0,174
2025-07-14 15:22:35,BanBif,Jun 26,"Encontrar tu match perfecto es más fácil cuando se trata de ahorrar ✨🌺​

Abre tu Dúo Genial en BanBif y podrías ganar S/50,000, acceder a más de 100 descuentos exclusivos con ClubHOLA, y una tasa de 4.3% TREA en soles.​

👉 banbif.com.pe/duo-genial",0,0,0,0,53
2025-07-14 15:22:35,BanBif,Jun 24,"Con el programa de beneficios #ClubHola, consigue descuentos exclusivos en tus marcas favoritas como Crepier y disfruta de muchos más. Además, accede gratis al contenido digital de El Comercio. ¡Y repite las veces que quieras! Más info en 👉 clubhola.pe",0,0,0,0,39
2025-07-14 15:22:35,BanBif,Jun 24,"🩵Pequeños aprendizajes que transforman futuros.​
​
☝️🥸 Con Enseña Perú, llevamos educación financiera a los niños de Ica.​
​
#BanBif #Banco #Voluntariado #EnseñaPeru",0,0,0,0,56
2025-07-14 15:22:35,BanBif,Jun 23,"😔 Hay cosas que no vuelven, que tu plata no sea una de ellas. ​
​
📲 Usa Plin desde tu BanBif App.​
​
📍Conoce más en: banbif.com.pe/bancadigital​
​
#Banco #BanBif",0,0,1,0,170
2025-07-14 15:22:35,BanBif,Jun 19,"🐶 Este año nos volvemos a sumar a la #Patatón2025
Un evento que abre puertas y corazones para que más perritos encuentren un hogar lleno de amor.

Los esperamos:
📅 Fecha: Sábado 28 y domingo 29
⏰ Hora: 10:00 a.m.

📍 Circuito Mágico del Agua – Puerta 4 ¡INGRESO LIBRE!",0,1,1,0,83
2025-07-14 15:22:35,BanBif,Jun 16,"😉 A veces solo necesitas un antojo, y los descuentos del ClubHOLA, para alegrarte el día.​

📍Más información aquí: clubhola.pe​

#BanBif #Banco #ClubHOLA",0,1,0,0,63
2025-07-14 15:22:35,BanBif,Jun 13,"Esta vez, quisimos escuchar a nuestros papis en BanBif. Ellos nos recordaron que ser papá es dejar huella todos los días: en casa, en el trabajo y en cada momento compartido. 👔 ¡Gracias por estar siempre presentes y por enseñar con amor y compromiso! #BanBif",0,0,0,0,60
2025-07-14 16:26:54,BanBif,Jul 12,"❄️ ¿Eres team frío?​​​

📲¡Este plan es para ti! ¡Con el programa de beneficios de ClubHOLA, tienes descuentos ilimitados! Disfruta del 50% de descuento en Perú on Ice y úsalos las veces que quieras. ✨​​

📍Más información aquí: clubhola.pe​​
#BanBif #Banco #ClubHOLA",0,0,2,0,44
2025-07-14 16:26:54,BanBif,Jul 11,"¿Enfermo? No exactamente...​
Solo tengo viajitis aguda.🏖️🕶️​
Y la única receta es:​
✔️ Sol​
✔️ Descanso​
✔️ Y descuentos ilimitados con ClubHOLA​

ClubHOLA: tú pon la excusa, nosotros los destinos. ✈️​
Más información en clubhola.pe​
#ClubHola #DescuentosConEstilo",0,0,0,0,23
2025-07-14 16:26:54,BanBif,Jul 11,"🐶 Activa tu instinto protector.
✨Con tu Seguro Pet Lover, el seguro para ti con beneficios para tu mascota, tu engreído cuenta con protección, asistencia y beneficios exclusivos.
📷 banbif.com.pe/Personas/Fondo…",0,0,1,0,39
2025-07-14 16:26:54,BanBif,Jul 11,"📅 ¿Cuál es el calendario de tu Tarjeta de Crédito?​ Este es clave para organizarte y sacarle el máximo provecho.🧠💳 
✅ Conoce tu ciclo de facturación y pago ​
✅ Planifica ​
✅ Usa tu tarjeta y aprovecha sus beneficios 
#BanBif #EducaciónFinanciera #TuTarjetaTuControl",0,0,0,0,30
2025-07-14 16:26:54,BanBif,Jul 9,"🎁 Cuando le compras un regalo a tu bestie… pero eres cero buena guardando secretos.😂
Así como ella no puede ocultarlo, nosotros tampoco.
Con nuestra Cuenta Ahorro Digital, no hay cobros escondidos.
👉 banbif.com.pe/Personas/Cuent…",0,0,0,0,35
2025-07-14 16:26:54,BanBif,Jul 7,"Tu familia no es un cajero automático, pero nosotros sí podemos ayudarte.💸 Solicita tu Préstamo Efectivo en BanBif y accede a ese dinero que necesitas, al instante.
👉 banbif.com.pe/Home/Personas/…",0,0,0,0,115
2025-07-14 16:26:54,BanBif,Jul 4,"¿Te dicen “NOOOO” cada vez que pides el carro?​
Es momento de manejar el tuyo, con nuestro Préstamo Vehicular BanBif, tener tu auto es más fácil de lo que crees.​
​
Más info aquí: banbif.com.pe/Personas/Prest….​

#AutoPropioYa #BanBif #PréstamoVehicular",0,0,0,0,67
2025-07-14 16:26:54,BanBif,Jul 3,"En BanBif creemos en un mundo donde ningún perrito esté solo. Por eso, fuimos parte de la Patatón 2025, una jornada llena de amor y esperanza para los peluditos que buscan familia.🐶✨
👉 banbif.com.pe/Personas/Fondo…",1,0,0,0,67
2025-07-14 16:26:54,BanBif,Jul 1,"Hay cosas que no funcionan solas...
Pero en tus finanzas si, con tu dúo genial 💪💰👉 Cuenta Ahorro Genial + Cuenta Ahorro Digital de BanBif. Una te da chance de ganar S/50,000, la otra te paga más por ahorrar.

Más info: banbif.com.pe/duo-genial",0,0,0,0,57
2025-07-14 16:26:54,BanBif,Jul 1,"🔒 Recuerda: protege tus datos.​ 👀 Lo que compartes en redes puede poner en riesgo tu seguridad financiera.​ ¡Que no te sorprendan!​

#BanBif #Banco #NoMásFraudes",0,0,1,0,55
2025-07-14 16:26:54,BanBif,Jun 28,"🏠 Acciones que transforman vida.​​

36 voluntarios construyeron 05 nuevas viviendas junto a @Techo y Asociación IF, en la comunidad 17 de Marzo, San Juan de Miraflores. ​
🩵 Gracias por ser parte de la experiencia que suma futuro.​​

#BanBif #Banco #Techo #AsociaciónIF #Volunta",0,0,0,0,94
2025-07-14 16:26:54,BanBif,Jun 26,"Danitza trasladó su CTS a BanBif…y ahora no solo duerme tranquila, también tiene narrador que lo confirma. 😌🎙️

Porque cuando sabes qué es tu CTS y dónde tenerla, vives con más tranquilidad.

banbif.com.pe/Personas/Cuent…",0,1,2,0,80
2025-07-14 16:26:54,BanBif,Jun 26,"☁️ Todo gran sueño empieza con el simple hábito de ahorrar.​

Con tu Cuenta Ahorro Digital, cada sol cuenta: sin monto mínimo, sin mantenimiento y una TREA promocional de 4% en soles.​
​
📍 Más información: banbif.com.pe/Personas/Cuent…​

#BanBif #Banco #CuentaAhorroDigital",0,0,0,0,174
2025-07-14 16:26:54,BanBif,Jun 26,"Encontrar tu match perfecto es más fácil cuando se trata de ahorrar ✨🌺​

Abre tu Dúo Genial en BanBif y podrías ganar S/50,000, acceder a más de 100 descuentos exclusivos con ClubHOLA, y una tasa de 4.3% TREA en soles.​

👉 banbif.com.pe/duo-genial",0,0,0,0,53
2025-07-14 16:26:54,BanBif,Jun 24,"Con el programa de beneficios #ClubHola, consigue descuentos exclusivos en tus marcas favoritas como Crepier y disfruta de muchos más. Además, accede gratis al contenido digital de El Comercio. ¡Y repite las veces que quieras! Más info en 👉 clubhola.pe",0,0,0,0,39
2025-07-14 16:26:54,BanBif,Jun 24,"🩵Pequeños aprendizajes que transforman futuros.​
​
☝️🥸 Con Enseña Perú, llevamos educación financiera a los niños de Ica.​
​
#BanBif #Banco #Voluntariado #EnseñaPeru",0,0,0,0,56
2025-07-14 16:26:54,BanBif,Jun 23,"😔 Hay cosas que no vuelven, que tu plata no sea una de ellas. ​
​
📲 Usa Plin desde tu BanBif App.​
​
📍Conoce más en: banbif.com.pe/bancadigital​
​
#Banco #BanBif",0,0,1,0,170
2025-07-14 16:26:54,BanBif,Jun 19,"🐶 Este año nos volvemos a sumar a la #Patatón2025
Un evento que abre puertas y corazones para que más perritos encuentren un hogar lleno de amor.

Los esperamos:
📅 Fecha: Sábado 28 y domingo 29
⏰ Hora: 10:00 a.m.

📍 Circuito Mágico del Agua – Puerta 4 ¡INGRESO LIBRE!",0,1,1,0,83
2025-07-14 16:26:54,BanBif,Jun 16,"😉 A veces solo necesitas un antojo, y los descuentos del ClubHOLA, para alegrarte el día.​

📍Más información aquí: clubhola.pe​

#BanBif #Banco #ClubHOLA",0,1,0,0,63
2025-07-14 16:26:54,BanBif,Jun 13,"Esta vez, quisimos escuchar a nuestros papis en BanBif. Ellos nos recordaron que ser papá es dejar huella todos los días: en casa, en el trabajo y en cada momento compartido. 👔 ¡Gracias por estar siempre presentes y por enseñar con amor y compromiso! #BanBif",0,0,0,0,60
2025-07-14 17:19:25,BanBif,19 m,"🎤 Tras un trabajo de inteligencia, pudimos acceder al famosísimo ex hacker apodado “El antivirus"", un estafador reformado… o eso dice. Quien nos contó algunos de sus secretos.

⚠️ Aprende a identificar estas estafas y no caigas en cuentos. ¡Que no te sorprendan!",0,0,0,0,7
2025-07-14 17:19:25,BanBif,Jul 12,"❄️ ¿Eres team frío?​​​

📲¡Este plan es para ti! ¡Con el programa de beneficios de ClubHOLA, tienes descuentos ilimitados! Disfruta del 50% de descuento en Perú on Ice y úsalos las veces que quieras. ✨​​

📍Más información aquí: clubhola.pe​​
#BanBif #Banco #ClubHOLA",0,0,2,0,44
2025-07-14 17:19:25,BanBif,Jul 11,"¿Enfermo? No exactamente...​
Solo tengo viajitis aguda.🏖️🕶️​
Y la única receta es:​
✔️ Sol​
✔️ Descanso​
✔️ Y descuentos ilimitados con ClubHOLA​

ClubHOLA: tú pon la excusa, nosotros los destinos. ✈️​
Más información en clubhola.pe​
#ClubHola #DescuentosConEstilo",0,0,0,0,23
2025-07-14 17:19:25,BanBif,Jul 11,"🐶 Activa tu instinto protector.
✨Con tu Seguro Pet Lover, el seguro para ti con beneficios para tu mascota, tu engreído cuenta con protección, asistencia y beneficios exclusivos.
📷 banbif.com.pe/Personas/Fondo…",0,0,1,0,39
2025-07-14 17:19:25,BanBif,Jul 11,"📅 ¿Cuál es el calendario de tu Tarjeta de Crédito?​ Este es clave para organizarte y sacarle el máximo provecho.🧠💳 
✅ Conoce tu ciclo de facturación y pago ​
✅ Planifica ​
✅ Usa tu tarjeta y aprovecha sus beneficios 
#BanBif #EducaciónFinanciera #TuTarjetaTuControl",0,0,0,0,30
2025-07-14 17:19:25,BanBif,Jul 9,"🎁 Cuando le compras un regalo a tu bestie… pero eres cero buena guardando secretos.😂
Así como ella no puede ocultarlo, nosotros tampoco.
Con nuestra Cuenta Ahorro Digital, no hay cobros escondidos.
👉 banbif.com.pe/Personas/Cuent…",0,0,0,0,35
2025-07-14 17:19:25,BanBif,Jul 7,"Tu familia no es un cajero automático, pero nosotros sí podemos ayudarte.💸 Solicita tu Préstamo Efectivo en BanBif y accede a ese dinero que necesitas, al instante.
👉 banbif.com.pe/Home/Personas/…",0,0,0,0,115
2025-07-14 17:19:25,BanBif,Jul 4,"¿Te dicen “NOOOO” cada vez que pides el carro?​
Es momento de manejar el tuyo, con nuestro Préstamo Vehicular BanBif, tener tu auto es más fácil de lo que crees.​
​
Más info aquí: banbif.com.pe/Personas/Prest….​

#AutoPropioYa #BanBif #PréstamoVehicular",0,0,0,0,67
2025-07-14 17:19:25,BanBif,Jul 3,"En BanBif creemos en un mundo donde ningún perrito esté solo. Por eso, fuimos parte de la Patatón 2025, una jornada llena de amor y esperanza para los peluditos que buscan familia.🐶✨
👉 banbif.com.pe/Personas/Fondo…",1,0,0,0,67
2025-07-14 17:19:25,BanBif,Jul 1,"Hay cosas que no funcionan solas...
Pero en tus finanzas si, con tu dúo genial 💪💰👉 Cuenta Ahorro Genial + Cuenta Ahorro Digital de BanBif. Una te da chance de ganar S/50,000, la otra te paga más por ahorrar.

Más info: banbif.com.pe/duo-genial",0,0,0,0,57
2025-07-14 17:19:25,BanBif,Jul 1,"🔒 Recuerda: protege tus datos.​ 👀 Lo que compartes en redes puede poner en riesgo tu seguridad financiera.​ ¡Que no te sorprendan!​

#BanBif #Banco #NoMásFraudes",0,0,1,0,55
2025-07-14 17:19:25,BanBif,Jun 28,"🏠 Acciones que transforman vida.​​

36 voluntarios construyeron 05 nuevas viviendas junto a @Techo y Asociación IF, en la comunidad 17 de Marzo, San Juan de Miraflores. ​
🩵 Gracias por ser parte de la experiencia que suma futuro.​​

#BanBif #Banco #Techo #AsociaciónIF #Volunta",0,0,0,0,94
2025-07-14 17:19:25,BanBif,Jun 26,"Danitza trasladó su CTS a BanBif…y ahora no solo duerme tranquila, también tiene narrador que lo confirma. 😌🎙️

Porque cuando sabes qué es tu CTS y dónde tenerla, vives con más tranquilidad.

banbif.com.pe/Personas/Cuent…",0,1,2,0,80
2025-07-14 17:19:25,BanBif,Jun 26,"☁️ Todo gran sueño empieza con el simple hábito de ahorrar.​

Con tu Cuenta Ahorro Digital, cada sol cuenta: sin monto mínimo, sin mantenimiento y una TREA promocional de 4% en soles.​
​
📍 Más información: banbif.com.pe/Personas/Cuent…​

#BanBif #Banco #CuentaAhorroDigital",0,0,0,0,174
2025-07-14 17:19:25,BanBif,Jun 26,"Encontrar tu match perfecto es más fácil cuando se trata de ahorrar ✨🌺​

Abre tu Dúo Genial en BanBif y podrías ganar S/50,000, acceder a más de 100 descuentos exclusivos con ClubHOLA, y una tasa de 4.3% TREA en soles.​

👉 banbif.com.pe/duo-genial",0,0,0,0,53
2025-07-14 17:19:25,BanBif,Jun 24,"Con el programa de beneficios #ClubHola, consigue descuentos exclusivos en tus marcas favoritas como Crepier y disfruta de muchos más. Además, accede gratis al contenido digital de El Comercio. ¡Y repite las veces que quieras! Más info en 👉 clubhola.pe",0,0,0,0,39
2025-07-14 17:19:25,BanBif,Jun 24,"🩵Pequeños aprendizajes que transforman futuros.​
​
☝️🥸 Con Enseña Perú, llevamos educación financiera a los niños de Ica.​
​
#BanBif #Banco #Voluntariado #EnseñaPeru",0,0,0,0,56
2025-07-14 17:19:25,BanBif,Jun 23,"😔 Hay cosas que no vuelven, que tu plata no sea una de ellas. ​
​
📲 Usa Plin desde tu BanBif App.​
​
📍Conoce más en: banbif.com.pe/bancadigital​
​
#Banco #BanBif",0,0,1,0,170
2025-07-14 17:19:25,BanBif,Jun 19,"🐶 Este año nos volvemos a sumar a la #Patatón2025
Un evento que abre puertas y corazones para que más perritos encuentren un hogar lleno de amor.

Los esperamos:
📅 Fecha: Sábado 28 y domingo 29
⏰ Hora: 10:00 a.m.

📍 Circuito Mágico del Agua – Puerta 4 ¡INGRESO LIBRE!",0,1,1,0,83
2025-07-14 17:19:25,BanBif,Jun 16,"😉 A veces solo necesitas un antojo, y los descuentos del ClubHOLA, para alegrarte el día.​

📍Más información aquí: clubhola.pe​

#BanBif #Banco #ClubHOLA",0,1,0,0,63
2025-07-14 18:31:17,BanBif,2 h,"🎤 Tras un trabajo de inteligencia, pudimos acceder al famosísimo ex hacker apodado “El antivirus"", un estafador reformado… o eso dice. Quien nos contó algunos de sus secretos.

⚠️ Aprende a identificar estas estafas y no caigas en cuentos. ¡Que no te sorprendan!",0,0,0,0,8
2025-07-14 18:31:17,BanBif,Jul 12,"❄️ ¿Eres team frío?​​​

📲¡Este plan es para ti! ¡Con el programa de beneficios de ClubHOLA, tienes descuentos ilimitados! Disfruta del 50% de descuento en Perú on Ice y úsalos las veces que quieras. ✨​​

📍Más información aquí: clubhola.pe​​
#BanBif #Banco #ClubHOLA",0,0,2,0,44
2025-07-14 18:31:17,BanBif,Jul 11,"¿Enfermo? No exactamente...​
Solo tengo viajitis aguda.🏖️🕶️​
Y la única receta es:​
✔️ Sol​
✔️ Descanso​
✔️ Y descuentos ilimitados con ClubHOLA​

ClubHOLA: tú pon la excusa, nosotros los destinos. ✈️​
Más información en clubhola.pe​
#ClubHola #DescuentosConEstilo",0,0,0,0,23
2025-07-14 18:31:17,BanBif,Jul 11,"🐶 Activa tu instinto protector.
✨Con tu Seguro Pet Lover, el seguro para ti con beneficios para tu mascota, tu engreído cuenta con protección, asistencia y beneficios exclusivos.
📷 banbif.com.pe/Personas/Fondo…",0,0,1,0,39
2025-07-14 18:31:17,BanBif,Jul 11,"📅 ¿Cuál es el calendario de tu Tarjeta de Crédito?​ Este es clave para organizarte y sacarle el máximo provecho.🧠💳 
✅ Conoce tu ciclo de facturación y pago ​
✅ Planifica ​
✅ Usa tu tarjeta y aprovecha sus beneficios 
#BanBif #EducaciónFinanciera #TuTarjetaTuControl",0,0,0,0,30
2025-07-14 18:31:17,BanBif,Jul 9,"🎁 Cuando le compras un regalo a tu bestie… pero eres cero buena guardando secretos.😂
Así como ella no puede ocultarlo, nosotros tampoco.
Con nuestra Cuenta Ahorro Digital, no hay cobros escondidos.
👉 banbif.com.pe/Personas/Cuent…",0,0,0,0,35
2025-07-14 18:31:17,BanBif,Jul 7,"Tu familia no es un cajero automático, pero nosotros sí podemos ayudarte.💸 Solicita tu Préstamo Efectivo en BanBif y accede a ese dinero que necesitas, al instante.
👉 banbif.com.pe/Home/Personas/…",0,0,0,0,115
2025-07-14 18:31:17,BanBif,Jul 4,"¿Te dicen “NOOOO” cada vez que pides el carro?​
Es momento de manejar el tuyo, con nuestro Préstamo Vehicular BanBif, tener tu auto es más fácil de lo que crees.​
​
Más info aquí: banbif.com.pe/Personas/Prest….​

#AutoPropioYa #BanBif #PréstamoVehicular",0,0,0,0,67
2025-07-14 18:31:17,BanBif,Jul 3,"En BanBif creemos en un mundo donde ningún perrito esté solo. Por eso, fuimos parte de la Patatón 2025, una jornada llena de amor y esperanza para los peluditos que buscan familia.🐶✨
👉 banbif.com.pe/Personas/Fondo…",1,0,0,0,67
2025-07-14 18:31:17,BanBif,Jul 1,"Hay cosas que no funcionan solas...
Pero en tus finanzas si, con tu dúo genial 💪💰👉 Cuenta Ahorro Genial + Cuenta Ahorro Digital de BanBif. Una te da chance de ganar S/50,000, la otra te paga más por ahorrar.

Más info: banbif.com.pe/duo-genial",0,0,0,0,57
2025-07-14 18:31:17,BanBif,Jul 1,"🔒 Recuerda: protege tus datos.​ 👀 Lo que compartes en redes puede poner en riesgo tu seguridad financiera.​ ¡Que no te sorprendan!​

#BanBif #Banco #NoMásFraudes",0,0,1,0,55
2025-07-14 18:31:17,BanBif,Jun 28,"🏠 Acciones que transforman vida.​​

36 voluntarios construyeron 05 nuevas viviendas junto a @Techo y Asociación IF, en la comunidad 17 de Marzo, San Juan de Miraflores. ​
🩵 Gracias por ser parte de la experiencia que suma futuro.​​

#BanBif #Banco #Techo #AsociaciónIF #Volunta",0,0,0,0,94
2025-07-14 18:31:17,BanBif,Jun 26,"Danitza trasladó su CTS a BanBif…y ahora no solo duerme tranquila, también tiene narrador que lo confirma. 😌🎙️

Porque cuando sabes qué es tu CTS y dónde tenerla, vives con más tranquilidad.

banbif.com.pe/Personas/Cuent…",0,1,2,0,80
2025-07-14 18:31:17,BanBif,Jun 26,"☁️ Todo gran sueño empieza con el simple hábito de ahorrar.​

Con tu Cuenta Ahorro Digital, cada sol cuenta: sin monto mínimo, sin mantenimiento y una TREA promocional de 4% en soles.​
​
📍 Más información: banbif.com.pe/Personas/Cuent…​

#BanBif #Banco #CuentaAhorroDigital",0,0,0,0,174
2025-07-14 18:31:17,BanBif,Jun 26,"Encontrar tu match perfecto es más fácil cuando se trata de ahorrar ✨🌺​

Abre tu Dúo Genial en BanBif y podrías ganar S/50,000, acceder a más de 100 descuentos exclusivos con ClubHOLA, y una tasa de 4.3% TREA en soles.​

👉 banbif.com.pe/duo-genial",0,0,0,0,53
2025-07-14 18:31:17,BanBif,Jun 24,"Con el programa de beneficios #ClubHola, consigue descuentos exclusivos en tus marcas favoritas como Crepier y disfruta de muchos más. Además, accede gratis al contenido digital de El Comercio. ¡Y repite las veces que quieras! Más info en 👉 clubhola.pe",0,0,0,0,39
2025-07-14 18:31:17,BanBif,Jun 24,"🩵Pequeños aprendizajes que transforman futuros.​
​
☝️🥸 Con Enseña Perú, llevamos educación financiera a los niños de Ica.​
​
#BanBif #Banco #Voluntariado #EnseñaPeru",0,0,0,0,56
2025-07-14 18:31:17,BanBif,Jun 23,"😔 Hay cosas que no vuelven, que tu plata no sea una de ellas. ​
​
📲 Usa Plin desde tu BanBif App.​
​
📍Conoce más en: banbif.com.pe/bancadigital​
​
#Banco #BanBif",0,0,1,0,170
2025-07-14 18:31:17,BanBif,Jun 19,"🐶 Este año nos volvemos a sumar a la #Patatón2025
Un evento que abre puertas y corazones para que más perritos encuentren un hogar lleno de amor.

Los esperamos:
📅 Fecha: Sábado 28 y domingo 29
⏰ Hora: 10:00 a.m.

📍 Circuito Mágico del Agua – Puerta 4 ¡INGRESO LIBRE!",0,1,1,0,83
2025-07-14 18:31:17,BanBif,Jun 16,"😉 A veces solo necesitas un antojo, y los descuentos del ClubHOLA, para alegrarte el día.​

📍Más información aquí: clubhola.pe​

#BanBif #Banco #ClubHOLA",0,1,0,0,63
2025-07-14 19:15:50,BanBif,2 h,"🎤 Tras un trabajo de inteligencia, pudimos acceder al famosísimo ex hacker apodado “El antivirus"", un estafador reformado… o eso dice. Quien nos contó algunos de sus secretos.

⚠️ Aprende a identificar estas estafas y no caigas en cuentos. ¡Que no te sorprendan!",0,0,0,0,8
2025-07-14 19:15:50,BanBif,Jul 12,"❄️ ¿Eres team frío?​​​

📲¡Este plan es para ti! ¡Con el programa de beneficios de ClubHOLA, tienes descuentos ilimitados! Disfruta del 50% de descuento en Perú on Ice y úsalos las veces que quieras. ✨​​

📍Más información aquí: clubhola.pe​​
#BanBif #Banco #ClubHOLA",0,0,2,0,44
2025-07-14 19:15:50,BanBif,Jul 11,"¿Enfermo? No exactamente...​
Solo tengo viajitis aguda.🏖️🕶️​
Y la única receta es:​
✔️ Sol​
✔️ Descanso​
✔️ Y descuentos ilimitados con ClubHOLA​

ClubHOLA: tú pon la excusa, nosotros los destinos. ✈️​
Más información en clubhola.pe​
#ClubHola #DescuentosConEstilo",0,0,0,0,23
2025-07-14 19:15:50,BanBif,Jul 11,"🐶 Activa tu instinto protector.
✨Con tu Seguro Pet Lover, el seguro para ti con beneficios para tu mascota, tu engreído cuenta con protección, asistencia y beneficios exclusivos.
📷 banbif.com.pe/Personas/Fondo…",0,0,1,0,39
2025-07-14 19:15:50,BanBif,Jul 11,"📅 ¿Cuál es el calendario de tu Tarjeta de Crédito?​ Este es clave para organizarte y sacarle el máximo provecho.🧠💳 
✅ Conoce tu ciclo de facturación y pago ​
✅ Planifica ​
✅ Usa tu tarjeta y aprovecha sus beneficios 
#BanBif #EducaciónFinanciera #TuTarjetaTuControl",0,0,0,0,30
2025-07-14 19:15:50,BanBif,Jul 9,"🎁 Cuando le compras un regalo a tu bestie… pero eres cero buena guardando secretos.😂
Así como ella no puede ocultarlo, nosotros tampoco.
Con nuestra Cuenta Ahorro Digital, no hay cobros escondidos.
👉 banbif.com.pe/Personas/Cuent…",0,0,0,0,35
2025-07-14 19:15:50,BanBif,Jul 7,"Tu familia no es un cajero automático, pero nosotros sí podemos ayudarte.💸 Solicita tu Préstamo Efectivo en BanBif y accede a ese dinero que necesitas, al instante.
👉 banbif.com.pe/Home/Personas/…",0,0,0,0,115
2025-07-14 19:15:50,BanBif,Jul 4,"¿Te dicen “NOOOO” cada vez que pides el carro?​
Es momento de manejar el tuyo, con nuestro Préstamo Vehicular BanBif, tener tu auto es más fácil de lo que crees.​
​
Más info aquí: banbif.com.pe/Personas/Prest….​

#AutoPropioYa #BanBif #PréstamoVehicular",0,0,0,0,67
2025-07-14 19:15:50,BanBif,Jul 3,"En BanBif creemos en un mundo donde ningún perrito esté solo. Por eso, fuimos parte de la Patatón 2025, una jornada llena de amor y esperanza para los peluditos que buscan familia.🐶✨
👉 banbif.com.pe/Personas/Fondo…",1,0,0,0,67
2025-07-14 19:15:50,BanBif,Jul 1,"Hay cosas que no funcionan solas...
Pero en tus finanzas si, con tu dúo genial 💪💰👉 Cuenta Ahorro Genial + Cuenta Ahorro Digital de BanBif. Una te da chance de ganar S/50,000, la otra te paga más por ahorrar.

Más info: banbif.com.pe/duo-genial",0,0,0,0,57
2025-07-14 19:15:50,BanBif,Jul 1,"🔒 Recuerda: protege tus datos.​ 👀 Lo que compartes en redes puede poner en riesgo tu seguridad financiera.​ ¡Que no te sorprendan!​

#BanBif #Banco #NoMásFraudes",0,0,1,0,55
2025-07-14 19:15:50,BanBif,Jun 28,"🏠 Acciones que transforman vida.​​

36 voluntarios construyeron 05 nuevas viviendas junto a @Techo y Asociación IF, en la comunidad 17 de Marzo, San Juan de Miraflores. ​
🩵 Gracias por ser parte de la experiencia que suma futuro.​​

#BanBif #Banco #Techo #AsociaciónIF #Volunta",0,0,0,0,94
2025-07-14 19:15:50,BanBif,Jun 26,"Danitza trasladó su CTS a BanBif…y ahora no solo duerme tranquila, también tiene narrador que lo confirma. 😌🎙️

Porque cuando sabes qué es tu CTS y dónde tenerla, vives con más tranquilidad.

banbif.com.pe/Personas/Cuent…",0,1,2,0,80
2025-07-14 19:15:50,BanBif,Jun 26,"☁️ Todo gran sueño empieza con el simple hábito de ahorrar.​

Con tu Cuenta Ahorro Digital, cada sol cuenta: sin monto mínimo, sin mantenimiento y una TREA promocional de 4% en soles.​
​
📍 Más información: banbif.com.pe/Personas/Cuent…​

#BanBif #Banco #CuentaAhorroDigital",0,0,0,0,174
2025-07-14 19:15:50,BanBif,Jun 26,"Encontrar tu match perfecto es más fácil cuando se trata de ahorrar ✨🌺​

Abre tu Dúo Genial en BanBif y podrías ganar S/50,000, acceder a más de 100 descuentos exclusivos con ClubHOLA, y una tasa de 4.3% TREA en soles.​

👉 banbif.com.pe/duo-genial",0,0,0,0,53
2025-07-14 19:15:50,BanBif,Jun 24,"Con el programa de beneficios #ClubHola, consigue descuentos exclusivos en tus marcas favoritas como Crepier y disfruta de muchos más. Además, accede gratis al contenido digital de El Comercio. ¡Y repite las veces que quieras! Más info en 👉 clubhola.pe",0,0,0,0,39
2025-07-14 19:15:50,BanBif,Jun 24,"🩵Pequeños aprendizajes que transforman futuros.​
​
☝️🥸 Con Enseña Perú, llevamos educación financiera a los niños de Ica.​
​
#BanBif #Banco #Voluntariado #EnseñaPeru",0,0,0,0,56
2025-07-14 19:15:50,BanBif,Jun 23,"😔 Hay cosas que no vuelven, que tu plata no sea una de ellas. ​
​
📲 Usa Plin desde tu BanBif App.​
​
📍Conoce más en: banbif.com.pe/bancadigital​
​
#Banco #BanBif",0,0,1,0,170
2025-07-14 19:15:50,BanBif,Jun 19,"🐶 Este año nos volvemos a sumar a la #Patatón2025
Un evento que abre puertas y corazones para que más perritos encuentren un hogar lleno de amor.

Los esperamos:
📅 Fecha: Sábado 28 y domingo 29
⏰ Hora: 10:00 a.m.

📍 Circuito Mágico del Agua – Puerta 4 ¡INGRESO LIBRE!",0,1,1,0,83
2025-07-14 19:15:50,BanBif,Jun 16,"😉 A veces solo necesitas un antojo, y los descuentos del ClubHOLA, para alegrarte el día.​

📍Más información aquí: clubhola.pe​

#BanBif #Banco #ClubHOLA",0,1,0,0,63
2025-07-14 20:23:07,BanBif,3 h,"🎤 Tras un trabajo de inteligencia, pudimos acceder al famosísimo ex hacker apodado “El antivirus"", un estafador reformado… o eso dice. Quien nos contó algunos de sus secretos.

⚠️ Aprende a identificar estas estafas y no caigas en cuentos. ¡Que no te sorprendan!",0,0,0,0,10
2025-07-14 20:23:07,BanBif,Jul 12,"❄️ ¿Eres team frío?​​​

📲¡Este plan es para ti! ¡Con el programa de beneficios de ClubHOLA, tienes descuentos ilimitados! Disfruta del 50% de descuento en Perú on Ice y úsalos las veces que quieras. ✨​​

📍Más información aquí: clubhola.pe​​
#BanBif #Banco #ClubHOLA",0,0,2,0,44
2025-07-14 20:23:07,BanBif,Jul 11,"¿Enfermo? No exactamente...​
Solo tengo viajitis aguda.🏖️🕶️​
Y la única receta es:​
✔️ Sol​
✔️ Descanso​
✔️ Y descuentos ilimitados con ClubHOLA​

ClubHOLA: tú pon la excusa, nosotros los destinos. ✈️​
Más información en clubhola.pe​
#ClubHola #DescuentosConEstilo",0,0,0,0,23
2025-07-14 20:23:07,BanBif,Jul 11,"🐶 Activa tu instinto protector.
✨Con tu Seguro Pet Lover, el seguro para ti con beneficios para tu mascota, tu engreído cuenta con protección, asistencia y beneficios exclusivos.
📷 banbif.com.pe/Personas/Fondo…",0,0,1,0,39
2025-07-14 20:23:07,BanBif,Jul 11,"📅 ¿Cuál es el calendario de tu Tarjeta de Crédito?​ Este es clave para organizarte y sacarle el máximo provecho.🧠💳 
✅ Conoce tu ciclo de facturación y pago ​
✅ Planifica ​
✅ Usa tu tarjeta y aprovecha sus beneficios 
#BanBif #EducaciónFinanciera #TuTarjetaTuControl",0,0,0,0,31
2025-07-14 20:23:07,BanBif,Jul 9,"🎁 Cuando le compras un regalo a tu bestie… pero eres cero buena guardando secretos.😂
Así como ella no puede ocultarlo, nosotros tampoco.
Con nuestra Cuenta Ahorro Digital, no hay cobros escondidos.
👉 banbif.com.pe/Personas/Cuent…",0,0,0,0,35
2025-07-14 20:23:07,BanBif,Jul 7,"Tu familia no es un cajero automático, pero nosotros sí podemos ayudarte.💸 Solicita tu Préstamo Efectivo en BanBif y accede a ese dinero que necesitas, al instante.
👉 banbif.com.pe/Home/Personas/…",0,0,0,0,115
2025-07-14 20:23:07,BanBif,Jul 4,"¿Te dicen “NOOOO” cada vez que pides el carro?​
Es momento de manejar el tuyo, con nuestro Préstamo Vehicular BanBif, tener tu auto es más fácil de lo que crees.​
​
Más info aquí: banbif.com.pe/Personas/Prest….​

#AutoPropioYa #BanBif #PréstamoVehicular",0,0,0,0,67
2025-07-14 20:23:07,BanBif,Jul 3,"En BanBif creemos en un mundo donde ningún perrito esté solo. Por eso, fuimos parte de la Patatón 2025, una jornada llena de amor y esperanza para los peluditos que buscan familia.🐶✨
👉 banbif.com.pe/Personas/Fondo…",1,0,0,0,67
2025-07-14 20:23:07,BanBif,Jul 1,"Hay cosas que no funcionan solas...
Pero en tus finanzas si, con tu dúo genial 💪💰👉 Cuenta Ahorro Genial + Cuenta Ahorro Digital de BanBif. Una te da chance de ganar S/50,000, la otra te paga más por ahorrar.

Más info: banbif.com.pe/duo-genial",0,0,0,0,57
2025-07-14 20:23:07,BanBif,Jul 1,"🔒 Recuerda: protege tus datos.​ 👀 Lo que compartes en redes puede poner en riesgo tu seguridad financiera.​ ¡Que no te sorprendan!​

#BanBif #Banco #NoMásFraudes",0,0,1,0,55
2025-07-14 20:23:07,BanBif,Jun 28,"🏠 Acciones que transforman vida.​​

36 voluntarios construyeron 05 nuevas viviendas junto a @Techo y Asociación IF, en la comunidad 17 de Marzo, San Juan de Miraflores. ​
🩵 Gracias por ser parte de la experiencia que suma futuro.​​

#BanBif #Banco #Techo #AsociaciónIF #Volunta",0,0,0,0,94
2025-07-14 20:23:07,BanBif,Jun 26,"Danitza trasladó su CTS a BanBif…y ahora no solo duerme tranquila, también tiene narrador que lo confirma. 😌🎙️

Porque cuando sabes qué es tu CTS y dónde tenerla, vives con más tranquilidad.

banbif.com.pe/Personas/Cuent…",0,1,2,0,80
2025-07-14 20:23:07,BanBif,Jun 26,"☁️ Todo gran sueño empieza con el simple hábito de ahorrar.​

Con tu Cuenta Ahorro Digital, cada sol cuenta: sin monto mínimo, sin mantenimiento y una TREA promocional de 4% en soles.​
​
📍 Más información: banbif.com.pe/Personas/Cuent…​

#BanBif #Banco #CuentaAhorroDigital",0,0,0,0,174
2025-07-14 20:23:07,BanBif,Jun 26,"Encontrar tu match perfecto es más fácil cuando se trata de ahorrar ✨🌺​

Abre tu Dúo Genial en BanBif y podrías ganar S/50,000, acceder a más de 100 descuentos exclusivos con ClubHOLA, y una tasa de 4.3% TREA en soles.​

👉 banbif.com.pe/duo-genial",0,0,0,0,53
2025-07-14 20:23:07,BanBif,Jun 24,"Con el programa de beneficios #ClubHola, consigue descuentos exclusivos en tus marcas favoritas como Crepier y disfruta de muchos más. Además, accede gratis al contenido digital de El Comercio. ¡Y repite las veces que quieras! Más info en 👉 clubhola.pe",0,0,0,0,39
2025-07-14 20:23:07,BanBif,Jun 24,"🩵Pequeños aprendizajes que transforman futuros.​
​
☝️🥸 Con Enseña Perú, llevamos educación financiera a los niños de Ica.​
​
#BanBif #Banco #Voluntariado #EnseñaPeru",0,0,0,0,56
2025-07-14 20:23:07,BanBif,Jun 23,"😔 Hay cosas que no vuelven, que tu plata no sea una de ellas. ​
​
📲 Usa Plin desde tu BanBif App.​
​
📍Conoce más en: banbif.com.pe/bancadigital​
​
#Banco #BanBif",0,0,1,0,170
2025-07-14 20:23:07,BanBif,Jun 19,"🐶 Este año nos volvemos a sumar a la #Patatón2025
Un evento que abre puertas y corazones para que más perritos encuentren un hogar lleno de amor.

Los esperamos:
📅 Fecha: Sábado 28 y domingo 29
⏰ Hora: 10:00 a.m.

📍 Circuito Mágico del Agua – Puerta 4 ¡INGRESO LIBRE!",0,1,1,0,83
2025-07-14 20:23:07,BanBif,Jun 16,"😉 A veces solo necesitas un antojo, y los descuentos del ClubHOLA, para alegrarte el día.​

📍Más información aquí: clubhola.pe​

#BanBif #Banco #ClubHOLA",0,1,0,0,63
2025-07-14 21:19:54,BanBif,4 h,"🎤 Tras un trabajo de inteligencia, pudimos acceder al famosísimo ex hacker apodado “El antivirus"", un estafador reformado… o eso dice. Quien nos contó algunos de sus secretos.

⚠️ Aprende a identificar estas estafas y no caigas en cuentos. ¡Que no te sorprendan!",0,0,0,0,10
2025-07-14 21:19:54,BanBif,Jul 12,"❄️ ¿Eres team frío?​​​

📲¡Este plan es para ti! ¡Con el programa de beneficios de ClubHOLA, tienes descuentos ilimitados! Disfruta del 50% de descuento en Perú on Ice y úsalos las veces que quieras. ✨​​

📍Más información aquí: clubhola.pe​​
#BanBif #Banco #ClubHOLA",0,0,2,0,44
2025-07-14 21:19:54,BanBif,Jul 11,"¿Enfermo? No exactamente...​
Solo tengo viajitis aguda.🏖️🕶️​
Y la única receta es:​
✔️ Sol​
✔️ Descanso​
✔️ Y descuentos ilimitados con ClubHOLA​

ClubHOLA: tú pon la excusa, nosotros los destinos. ✈️​
Más información en clubhola.pe​
#ClubHola #DescuentosConEstilo",0,0,0,0,23
2025-07-14 21:19:54,BanBif,Jul 11,"🐶 Activa tu instinto protector.
✨Con tu Seguro Pet Lover, el seguro para ti con beneficios para tu mascota, tu engreído cuenta con protección, asistencia y beneficios exclusivos.
📷 banbif.com.pe/Personas/Fondo…",0,0,1,0,39
2025-07-14 21:19:54,BanBif,Jul 11,"📅 ¿Cuál es el calendario de tu Tarjeta de Crédito?​ Este es clave para organizarte y sacarle el máximo provecho.🧠💳 
✅ Conoce tu ciclo de facturación y pago ​
✅ Planifica ​
✅ Usa tu tarjeta y aprovecha sus beneficios 
#BanBif #EducaciónFinanciera #TuTarjetaTuControl",0,0,0,0,31
2025-07-14 21:19:54,BanBif,Jul 9,"🎁 Cuando le compras un regalo a tu bestie… pero eres cero buena guardando secretos.😂
Así como ella no puede ocultarlo, nosotros tampoco.
Con nuestra Cuenta Ahorro Digital, no hay cobros escondidos.
👉 banbif.com.pe/Personas/Cuent…",0,0,0,0,35
2025-07-14 21:19:54,BanBif,Jul 7,"Tu familia no es un cajero automático, pero nosotros sí podemos ayudarte.💸 Solicita tu Préstamo Efectivo en BanBif y accede a ese dinero que necesitas, al instante.
👉 banbif.com.pe/Home/Personas/…",0,0,0,0,115
2025-07-14 21:19:54,BanBif,Jul 4,"¿Te dicen “NOOOO” cada vez que pides el carro?​
Es momento de manejar el tuyo, con nuestro Préstamo Vehicular BanBif, tener tu auto es más fácil de lo que crees.​
​
Más info aquí: banbif.com.pe/Personas/Prest….​

#AutoPropioYa #BanBif #PréstamoVehicular",0,0,0,0,67
2025-07-14 21:19:54,BanBif,Jul 3,"En BanBif creemos en un mundo donde ningún perrito esté solo. Por eso, fuimos parte de la Patatón 2025, una jornada llena de amor y esperanza para los peluditos que buscan familia.🐶✨
👉 banbif.com.pe/Personas/Fondo…",1,0,0,0,67
2025-07-14 21:19:54,BanBif,Jul 1,"Hay cosas que no funcionan solas...
Pero en tus finanzas si, con tu dúo genial 💪💰👉 Cuenta Ahorro Genial + Cuenta Ahorro Digital de BanBif. Una te da chance de ganar S/50,000, la otra te paga más por ahorrar.

Más info: banbif.com.pe/duo-genial",0,0,0,0,57
2025-07-14 21:19:54,BanBif,Jul 1,"🔒 Recuerda: protege tus datos.​ 👀 Lo que compartes en redes puede poner en riesgo tu seguridad financiera.​ ¡Que no te sorprendan!​

#BanBif #Banco #NoMásFraudes",0,0,1,0,55
2025-07-14 21:19:54,BanBif,Jun 28,"🏠 Acciones que transforman vida.​​

36 voluntarios construyeron 05 nuevas viviendas junto a @Techo y Asociación IF, en la comunidad 17 de Marzo, San Juan de Miraflores. ​
🩵 Gracias por ser parte de la experiencia que suma futuro.​​

#BanBif #Banco #Techo #AsociaciónIF #Volunta",0,0,0,0,94
2025-07-14 21:19:54,BanBif,Jun 26,"Danitza trasladó su CTS a BanBif…y ahora no solo duerme tranquila, también tiene narrador que lo confirma. 😌🎙️

Porque cuando sabes qué es tu CTS y dónde tenerla, vives con más tranquilidad.

banbif.com.pe/Personas/Cuent…",0,1,2,0,80
2025-07-14 21:19:54,BanBif,Jun 26,"☁️ Todo gran sueño empieza con el simple hábito de ahorrar.​

Con tu Cuenta Ahorro Digital, cada sol cuenta: sin monto mínimo, sin mantenimiento y una TREA promocional de 4% en soles.​
​
📍 Más información: banbif.com.pe/Personas/Cuent…​

#BanBif #Banco #CuentaAhorroDigital",0,0,0,0,174
2025-07-14 21:19:54,BanBif,Jun 26,"Encontrar tu match perfecto es más fácil cuando se trata de ahorrar ✨🌺​

Abre tu Dúo Genial en BanBif y podrías ganar S/50,000, acceder a más de 100 descuentos exclusivos con ClubHOLA, y una tasa de 4.3% TREA en soles.​

👉 banbif.com.pe/duo-genial",0,0,0,0,53
2025-07-14 21:19:54,BanBif,Jun 24,"Con el programa de beneficios #ClubHola, consigue descuentos exclusivos en tus marcas favoritas como Crepier y disfruta de muchos más. Además, accede gratis al contenido digital de El Comercio. ¡Y repite las veces que quieras! Más info en 👉 clubhola.pe",0,0,0,0,39
2025-07-14 21:19:54,BanBif,Jun 24,"🩵Pequeños aprendizajes que transforman futuros.​
​
☝️🥸 Con Enseña Perú, llevamos educación financiera a los niños de Ica.​
​
#BanBif #Banco #Voluntariado #EnseñaPeru",0,0,0,0,56
2025-07-14 21:19:54,BanBif,Jun 23,"😔 Hay cosas que no vuelven, que tu plata no sea una de ellas. ​
​
📲 Usa Plin desde tu BanBif App.​
​
📍Conoce más en: banbif.com.pe/bancadigital​
​
#Banco #BanBif",0,0,1,0,170
2025-07-14 21:19:54,BanBif,Jun 19,"🐶 Este año nos volvemos a sumar a la #Patatón2025
Un evento que abre puertas y corazones para que más perritos encuentren un hogar lleno de amor.

Los esperamos:
📅 Fecha: Sábado 28 y domingo 29
⏰ Hora: 10:00 a.m.

📍 Circuito Mágico del Agua – Puerta 4 ¡INGRESO LIBRE!",0,1,1,0,83
2025-07-14 21:19:54,BanBif,Jun 16,"😉 A veces solo necesitas un antojo, y los descuentos del ClubHOLA, para alegrarte el día.​

📍Más información aquí: clubhola.pe​

#BanBif #Banco #ClubHOLA",0,1,0,0,63
2025-07-14 22:19:44,BanBif,5 h,"🎤 Tras un trabajo de inteligencia, pudimos acceder al famosísimo ex hacker apodado “El antivirus"", un estafador reformado… o eso dice. Quien nos contó algunos de sus secretos.

⚠️ Aprende a identificar estas estafas y no caigas en cuentos. ¡Que no te sorprendan!",0,0,0,0,12
2025-07-14 22:19:44,BanBif,Jul 12,"❄️ ¿Eres team frío?​​​

📲¡Este plan es para ti! ¡Con el programa de beneficios de ClubHOLA, tienes descuentos ilimitados! Disfruta del 50% de descuento en Perú on Ice y úsalos las veces que quieras. ✨​​

📍Más información aquí: clubhola.pe​​
#BanBif #Banco #ClubHOLA",0,0,2,0,44
2025-07-14 22:19:44,BanBif,Jul 11,"¿Enfermo? No exactamente...​
Solo tengo viajitis aguda.🏖️🕶️​
Y la única receta es:​
✔️ Sol​
✔️ Descanso​
✔️ Y descuentos ilimitados con ClubHOLA​

ClubHOLA: tú pon la excusa, nosotros los destinos. ✈️​
Más información en clubhola.pe​
#ClubHola #DescuentosConEstilo",0,0,0,0,23
2025-07-14 22:19:44,BanBif,Jul 11,"🐶 Activa tu instinto protector.
✨Con tu Seguro Pet Lover, el seguro para ti con beneficios para tu mascota, tu engreído cuenta con protección, asistencia y beneficios exclusivos.
📷 banbif.com.pe/Personas/Fondo…",0,0,1,0,39
2025-07-14 22:19:44,BanBif,Jul 11,"📅 ¿Cuál es el calendario de tu Tarjeta de Crédito?​ Este es clave para organizarte y sacarle el máximo provecho.🧠💳 
✅ Conoce tu ciclo de facturación y pago ​
✅ Planifica ​
✅ Usa tu tarjeta y aprovecha sus beneficios 
#BanBif #EducaciónFinanciera #TuTarjetaTuControl",0,0,0,0,31
2025-07-14 22:19:44,BanBif,Jul 9,"🎁 Cuando le compras un regalo a tu bestie… pero eres cero buena guardando secretos.😂
Así como ella no puede ocultarlo, nosotros tampoco.
Con nuestra Cuenta Ahorro Digital, no hay cobros escondidos.
👉 banbif.com.pe/Personas/Cuent…",0,0,0,0,35
2025-07-14 22:19:44,BanBif,Jul 7,"Tu familia no es un cajero automático, pero nosotros sí podemos ayudarte.💸 Solicita tu Préstamo Efectivo en BanBif y accede a ese dinero que necesitas, al instante.
👉 banbif.com.pe/Home/Personas/…",0,0,0,0,115
2025-07-14 22:19:44,BanBif,Jul 4,"¿Te dicen “NOOOO” cada vez que pides el carro?​
Es momento de manejar el tuyo, con nuestro Préstamo Vehicular BanBif, tener tu auto es más fácil de lo que crees.​
​
Más info aquí: banbif.com.pe/Personas/Prest….​

#AutoPropioYa #BanBif #PréstamoVehicular",0,0,0,0,67
2025-07-14 22:19:44,BanBif,Jul 3,"En BanBif creemos en un mundo donde ningún perrito esté solo. Por eso, fuimos parte de la Patatón 2025, una jornada llena de amor y esperanza para los peluditos que buscan familia.🐶✨
👉 banbif.com.pe/Personas/Fondo…",1,0,0,0,67
2025-07-14 22:19:44,BanBif,Jul 1,"Hay cosas que no funcionan solas...
Pero en tus finanzas si, con tu dúo genial 💪💰👉 Cuenta Ahorro Genial + Cuenta Ahorro Digital de BanBif. Una te da chance de ganar S/50,000, la otra te paga más por ahorrar.

Más info: banbif.com.pe/duo-genial",0,0,0,0,57
2025-07-14 22:19:44,BanBif,Jul 1,"🔒 Recuerda: protege tus datos.​ 👀 Lo que compartes en redes puede poner en riesgo tu seguridad financiera.​ ¡Que no te sorprendan!​

#BanBif #Banco #NoMásFraudes",0,0,1,0,55
2025-07-14 22:19:44,BanBif,Jun 28,"🏠 Acciones que transforman vida.​​

36 voluntarios construyeron 05 nuevas viviendas junto a @Techo y Asociación IF, en la comunidad 17 de Marzo, San Juan de Miraflores. ​
🩵 Gracias por ser parte de la experiencia que suma futuro.​​

#BanBif #Banco #Techo #AsociaciónIF #Volunta",0,0,0,0,94
2025-07-14 22:19:44,BanBif,Jun 26,"Danitza trasladó su CTS a BanBif…y ahora no solo duerme tranquila, también tiene narrador que lo confirma. 😌🎙️

Porque cuando sabes qué es tu CTS y dónde tenerla, vives con más tranquilidad.

banbif.com.pe/Personas/Cuent…",0,1,2,0,80
2025-07-14 22:19:44,BanBif,Jun 26,"☁️ Todo gran sueño empieza con el simple hábito de ahorrar.​

Con tu Cuenta Ahorro Digital, cada sol cuenta: sin monto mínimo, sin mantenimiento y una TREA promocional de 4% en soles.​
​
📍 Más información: banbif.com.pe/Personas/Cuent…​

#BanBif #Banco #CuentaAhorroDigital",0,0,0,0,174
2025-07-14 22:19:44,BanBif,Jun 26,"Encontrar tu match perfecto es más fácil cuando se trata de ahorrar ✨🌺​

Abre tu Dúo Genial en BanBif y podrías ganar S/50,000, acceder a más de 100 descuentos exclusivos con ClubHOLA, y una tasa de 4.3% TREA en soles.​

👉 banbif.com.pe/duo-genial",0,0,0,0,53
2025-07-14 22:19:44,BanBif,Jun 24,"Con el programa de beneficios #ClubHola, consigue descuentos exclusivos en tus marcas favoritas como Crepier y disfruta de muchos más. Además, accede gratis al contenido digital de El Comercio. ¡Y repite las veces que quieras! Más info en 👉 clubhola.pe",0,0,0,0,39
2025-07-14 22:19:44,BanBif,Jun 24,"🩵Pequeños aprendizajes que transforman futuros.​
​
☝️🥸 Con Enseña Perú, llevamos educación financiera a los niños de Ica.​
​
#BanBif #Banco #Voluntariado #EnseñaPeru",0,0,0,0,56
2025-07-14 22:19:44,BanBif,Jun 23,"😔 Hay cosas que no vuelven, que tu plata no sea una de ellas. ​
​
📲 Usa Plin desde tu BanBif App.​
​
📍Conoce más en: banbif.com.pe/bancadigital​
​
#Banco #BanBif",0,0,1,0,170
2025-07-14 22:19:44,BanBif,Jun 19,"🐶 Este año nos volvemos a sumar a la #Patatón2025
Un evento que abre puertas y corazones para que más perritos encuentren un hogar lleno de amor.

Los esperamos:
📅 Fecha: Sábado 28 y domingo 29
⏰ Hora: 10:00 a.m.

📍 Circuito Mágico del Agua – Puerta 4 ¡INGRESO LIBRE!",0,1,1,0,83
2025-07-14 22:19:44,BanBif,Jun 16,"😉 A veces solo necesitas un antojo, y los descuentos del ClubHOLA, para alegrarte el día.​

📍Más información aquí: clubhola.pe​

#BanBif #Banco #ClubHOLA",0,1,0,0,63
2025-07-14 23:19:44,BanBif,6 h,"🎤 Tras un trabajo de inteligencia, pudimos acceder al famosísimo ex hacker apodado “El antivirus"", un estafador reformado… o eso dice. Quien nos contó algunos de sus secretos.

⚠️ Aprende a identificar estas estafas y no caigas en cuentos. ¡Que no te sorprendan!",0,0,0,0,13
2025-07-14 23:19:44,BanBif,Jul 12,"❄️ ¿Eres team frío?​​​

📲¡Este plan es para ti! ¡Con el programa de beneficios de ClubHOLA, tienes descuentos ilimitados! Disfruta del 50% de descuento en Perú on Ice y úsalos las veces que quieras. ✨​​

📍Más información aquí: clubhola.pe​​
#BanBif #Banco #ClubHOLA",0,0,2,0,44
2025-07-14 23:19:44,BanBif,Jul 11,"¿Enfermo? No exactamente...​
Solo tengo viajitis aguda.🏖️🕶️​
Y la única receta es:​
✔️ Sol​
✔️ Descanso​
✔️ Y descuentos ilimitados con ClubHOLA​

ClubHOLA: tú pon la excusa, nosotros los destinos. ✈️​
Más información en clubhola.pe​
#ClubHola #DescuentosConEstilo",0,0,0,0,23
2025-07-14 23:19:44,BanBif,Jul 11,"🐶 Activa tu instinto protector.
✨Con tu Seguro Pet Lover, el seguro para ti con beneficios para tu mascota, tu engreído cuenta con protección, asistencia y beneficios exclusivos.
📷 banbif.com.pe/Personas/Fondo…",0,0,1,0,39
2025-07-14 23:19:44,BanBif,Jul 11,"📅 ¿Cuál es el calendario de tu Tarjeta de Crédito?​ Este es clave para organizarte y sacarle el máximo provecho.🧠💳 
✅ Conoce tu ciclo de facturación y pago ​
✅ Planifica ​
✅ Usa tu tarjeta y aprovecha sus beneficios 
#BanBif #EducaciónFinanciera #TuTarjetaTuControl",0,0,0,0,31
2025-07-14 23:19:44,BanBif,Jul 9,"🎁 Cuando le compras un regalo a tu bestie… pero eres cero buena guardando secretos.😂
Así como ella no puede ocultarlo, nosotros tampoco.
Con nuestra Cuenta Ahorro Digital, no hay cobros escondidos.
👉 banbif.com.pe/Personas/Cuent…",0,0,0,0,35
2025-07-14 23:19:44,BanBif,Jul 7,"Tu familia no es un cajero automático, pero nosotros sí podemos ayudarte.💸 Solicita tu Préstamo Efectivo en BanBif y accede a ese dinero que necesitas, al instante.
👉 banbif.com.pe/Home/Personas/…",0,0,0,0,115
2025-07-14 23:19:44,BanBif,Jul 4,"¿Te dicen “NOOOO” cada vez que pides el carro?​
Es momento de manejar el tuyo, con nuestro Préstamo Vehicular BanBif, tener tu auto es más fácil de lo que crees.​
​
Más info aquí: banbif.com.pe/Personas/Prest….​

#AutoPropioYa #BanBif #PréstamoVehicular",0,0,0,0,67
2025-07-14 23:19:44,BanBif,Jul 3,"En BanBif creemos en un mundo donde ningún perrito esté solo. Por eso, fuimos parte de la Patatón 2025, una jornada llena de amor y esperanza para los peluditos que buscan familia.🐶✨
👉 banbif.com.pe/Personas/Fondo…",1,0,0,0,67
2025-07-14 23:19:44,BanBif,Jul 1,"Hay cosas que no funcionan solas...
Pero en tus finanzas si, con tu dúo genial 💪💰👉 Cuenta Ahorro Genial + Cuenta Ahorro Digital de BanBif. Una te da chance de ganar S/50,000, la otra te paga más por ahorrar.

Más info: banbif.com.pe/duo-genial",0,0,0,0,57
2025-07-14 23:19:44,BanBif,Jul 1,"🔒 Recuerda: protege tus datos.​ 👀 Lo que compartes en redes puede poner en riesgo tu seguridad financiera.​ ¡Que no te sorprendan!​

#BanBif #Banco #NoMásFraudes",0,0,1,0,55
2025-07-14 23:19:44,BanBif,Jun 28,"🏠 Acciones que transforman vida.​​

36 voluntarios construyeron 05 nuevas viviendas junto a @Techo y Asociación IF, en la comunidad 17 de Marzo, San Juan de Miraflores. ​
🩵 Gracias por ser parte de la experiencia que suma futuro.​​

#BanBif #Banco #Techo #AsociaciónIF #Volunta",0,0,0,0,94
2025-07-14 23:19:44,BanBif,Jun 26,"Danitza trasladó su CTS a BanBif…y ahora no solo duerme tranquila, también tiene narrador que lo confirma. 😌🎙️

Porque cuando sabes qué es tu CTS y dónde tenerla, vives con más tranquilidad.

banbif.com.pe/Personas/Cuent…",0,1,2,0,80
2025-07-14 23:19:44,BanBif,Jun 26,"☁️ Todo gran sueño empieza con el simple hábito de ahorrar.​

Con tu Cuenta Ahorro Digital, cada sol cuenta: sin monto mínimo, sin mantenimiento y una TREA promocional de 4% en soles.​
​
📍 Más información: banbif.com.pe/Personas/Cuent…​

#BanBif #Banco #CuentaAhorroDigital",0,0,0,0,174
2025-07-14 23:19:44,BanBif,Jun 26,"Encontrar tu match perfecto es más fácil cuando se trata de ahorrar ✨🌺​

Abre tu Dúo Genial en BanBif y podrías ganar S/50,000, acceder a más de 100 descuentos exclusivos con ClubHOLA, y una tasa de 4.3% TREA en soles.​

👉 banbif.com.pe/duo-genial",0,0,0,0,53
2025-07-14 23:19:44,BanBif,Jun 24,"Con el programa de beneficios #ClubHola, consigue descuentos exclusivos en tus marcas favoritas como Crepier y disfruta de muchos más. Además, accede gratis al contenido digital de El Comercio. ¡Y repite las veces que quieras! Más info en 👉 clubhola.pe",0,0,0,0,39
2025-07-14 23:19:44,BanBif,Jun 24,"🩵Pequeños aprendizajes que transforman futuros.​
​
☝️🥸 Con Enseña Perú, llevamos educación financiera a los niños de Ica.​
​
#BanBif #Banco #Voluntariado #EnseñaPeru",0,0,0,0,56
2025-07-14 23:19:44,BanBif,Jun 23,"😔 Hay cosas que no vuelven, que tu plata no sea una de ellas. ​
​
📲 Usa Plin desde tu BanBif App.​
​
📍Conoce más en: banbif.com.pe/bancadigital​
​
#Banco #BanBif",0,0,1,0,170
2025-07-14 23:19:44,BanBif,Jun 19,"🐶 Este año nos volvemos a sumar a la #Patatón2025
Un evento que abre puertas y corazones para que más perritos encuentren un hogar lleno de amor.

Los esperamos:
📅 Fecha: Sábado 28 y domingo 29
⏰ Hora: 10:00 a.m.

📍 Circuito Mágico del Agua – Puerta 4 ¡INGRESO LIBRE!",0,1,1,0,83
2025-07-14 23:19:44,BanBif,Jun 16,"😉 A veces solo necesitas un antojo, y los descuentos del ClubHOLA, para alegrarte el día.​

📍Más información aquí: clubhola.pe​

#BanBif #Banco #ClubHOLA",0,1,0,0,63
2025-07-15 01:48:53,BanBif,9 h,"🎤 Tras un trabajo de inteligencia, pudimos acceder al famosísimo ex hacker apodado “El antivirus"", un estafador reformado… o eso dice. Quien nos contó algunos de sus secretos.

⚠️ Aprende a identificar estas estafas y no caigas en cuentos. ¡Que no te sorprendan!",0,0,1,0,14
2025-07-15 01:48:53,BanBif,Jul 12,"❄️ ¿Eres team frío?​​​

📲¡Este plan es para ti! ¡Con el programa de beneficios de ClubHOLA, tienes descuentos ilimitados! Disfruta del 50% de descuento en Perú on Ice y úsalos las veces que quieras. ✨​​

📍Más información aquí: clubhola.pe​​
#BanBif #Banco #ClubHOLA",0,0,2,0,44
2025-07-15 01:48:53,BanBif,Jul 11,"¿Enfermo? No exactamente...​
Solo tengo viajitis aguda.🏖️🕶️​
Y la única receta es:​
✔️ Sol​
✔️ Descanso​
✔️ Y descuentos ilimitados con ClubHOLA​

ClubHOLA: tú pon la excusa, nosotros los destinos. ✈️​
Más información en clubhola.pe​
#ClubHola #DescuentosConEstilo",0,0,0,0,23
2025-07-15 01:48:53,BanBif,Jul 11,"🐶 Activa tu instinto protector.
✨Con tu Seguro Pet Lover, el seguro para ti con beneficios para tu mascota, tu engreído cuenta con protección, asistencia y beneficios exclusivos.
📷 banbif.com.pe/Personas/Fondo…",0,0,1,0,39
2025-07-15 01:48:53,BanBif,Jul 11,"📅 ¿Cuál es el calendario de tu Tarjeta de Crédito?​ Este es clave para organizarte y sacarle el máximo provecho.🧠💳 
✅ Conoce tu ciclo de facturación y pago ​
✅ Planifica ​
✅ Usa tu tarjeta y aprovecha sus beneficios 
#BanBif #EducaciónFinanciera #TuTarjetaTuControl",0,0,0,0,31
2025-07-15 01:48:53,BanBif,Jul 9,"🎁 Cuando le compras un regalo a tu bestie… pero eres cero buena guardando secretos.😂
Así como ella no puede ocultarlo, nosotros tampoco.
Con nuestra Cuenta Ahorro Digital, no hay cobros escondidos.
👉 banbif.com.pe/Personas/Cuent…",0,0,0,0,35
2025-07-15 01:48:53,BanBif,Jul 7,"Tu familia no es un cajero automático, pero nosotros sí podemos ayudarte.💸 Solicita tu Préstamo Efectivo en BanBif y accede a ese dinero que necesitas, al instante.
👉 banbif.com.pe/Home/Personas/…",0,0,0,0,115
2025-07-15 01:48:53,BanBif,Jul 4,"¿Te dicen “NOOOO” cada vez que pides el carro?​
Es momento de manejar el tuyo, con nuestro Préstamo Vehicular BanBif, tener tu auto es más fácil de lo que crees.​
​
Más info aquí: banbif.com.pe/Personas/Prest….​

#AutoPropioYa #BanBif #PréstamoVehicular",0,0,0,0,67
2025-07-15 01:48:53,BanBif,Jul 3,"En BanBif creemos en un mundo donde ningún perrito esté solo. Por eso, fuimos parte de la Patatón 2025, una jornada llena de amor y esperanza para los peluditos que buscan familia.🐶✨
👉 banbif.com.pe/Personas/Fondo…",1,0,0,0,67
2025-07-15 01:48:53,BanBif,Jul 1,"Hay cosas que no funcionan solas...
Pero en tus finanzas si, con tu dúo genial 💪💰👉 Cuenta Ahorro Genial + Cuenta Ahorro Digital de BanBif. Una te da chance de ganar S/50,000, la otra te paga más por ahorrar.

Más info: banbif.com.pe/duo-genial",0,0,0,0,57
2025-07-15 01:48:53,BanBif,Jul 1,"🔒 Recuerda: protege tus datos.​ 👀 Lo que compartes en redes puede poner en riesgo tu seguridad financiera.​ ¡Que no te sorprendan!​

#BanBif #Banco #NoMásFraudes",0,0,1,0,55
2025-07-15 01:48:53,BanBif,Jun 28,"🏠 Acciones que transforman vida.​​

36 voluntarios construyeron 05 nuevas viviendas junto a @Techo y Asociación IF, en la comunidad 17 de Marzo, San Juan de Miraflores. ​
🩵 Gracias por ser parte de la experiencia que suma futuro.​​

#BanBif #Banco #Techo #AsociaciónIF #Volunta",0,0,0,0,94
2025-07-15 01:48:53,BanBif,Jun 26,"Danitza trasladó su CTS a BanBif…y ahora no solo duerme tranquila, también tiene narrador que lo confirma. 😌🎙️

Porque cuando sabes qué es tu CTS y dónde tenerla, vives con más tranquilidad.

banbif.com.pe/Personas/Cuent…",0,1,2,0,80
2025-07-15 01:48:53,BanBif,Jun 26,"☁️ Todo gran sueño empieza con el simple hábito de ahorrar.​

Con tu Cuenta Ahorro Digital, cada sol cuenta: sin monto mínimo, sin mantenimiento y una TREA promocional de 4% en soles.​
​
📍 Más información: banbif.com.pe/Personas/Cuent…​

#BanBif #Banco #CuentaAhorroDigital",0,0,0,0,174
2025-07-15 01:48:53,BanBif,Jun 26,"Encontrar tu match perfecto es más fácil cuando se trata de ahorrar ✨🌺​

Abre tu Dúo Genial en BanBif y podrías ganar S/50,000, acceder a más de 100 descuentos exclusivos con ClubHOLA, y una tasa de 4.3% TREA en soles.​

👉 banbif.com.pe/duo-genial",0,0,0,0,53
2025-07-15 01:48:53,BanBif,Jun 24,"Con el programa de beneficios #ClubHola, consigue descuentos exclusivos en tus marcas favoritas como Crepier y disfruta de muchos más. Además, accede gratis al contenido digital de El Comercio. ¡Y repite las veces que quieras! Más info en 👉 clubhola.pe",0,0,0,0,39
2025-07-15 01:48:53,BanBif,Jun 24,"🩵Pequeños aprendizajes que transforman futuros.​
​
☝️🥸 Con Enseña Perú, llevamos educación financiera a los niños de Ica.​
​
#BanBif #Banco #Voluntariado #EnseñaPeru",0,0,0,0,56
2025-07-15 01:48:53,BanBif,Jun 23,"😔 Hay cosas que no vuelven, que tu plata no sea una de ellas. ​
​
📲 Usa Plin desde tu BanBif App.​
​
📍Conoce más en: banbif.com.pe/bancadigital​
​
#Banco #BanBif",0,0,1,0,170
2025-07-15 01:48:53,BanBif,Jun 19,"🐶 Este año nos volvemos a sumar a la #Patatón2025
Un evento que abre puertas y corazones para que más perritos encuentren un hogar lleno de amor.

Los esperamos:
📅 Fecha: Sábado 28 y domingo 29
⏰ Hora: 10:00 a.m.

📍 Circuito Mágico del Agua – Puerta 4 ¡INGRESO LIBRE!",0,1,1,0,83
2025-07-15 01:48:53,BanBif,Jun 16,"😉 A veces solo necesitas un antojo, y los descuentos del ClubHOLA, para alegrarte el día.​

📍Más información aquí: clubhola.pe​

#BanBif #Banco #ClubHOLA",0,1,0,0,63
2025-07-15 03:38:20,BanBif,11 h,"🎤 Tras un trabajo de inteligencia, pudimos acceder al famosísimo ex hacker apodado “El antivirus"", un estafador reformado… o eso dice. Quien nos contó algunos de sus secretos.

⚠️ Aprende a identificar estas estafas y no caigas en cuentos. ¡Que no te sorprendan!",0,0,1,0,23
2025-07-15 03:38:20,BanBif,Jul 12,"❄️ ¿Eres team frío?​​​

📲¡Este plan es para ti! ¡Con el programa de beneficios de ClubHOLA, tienes descuentos ilimitados! Disfruta del 50% de descuento en Perú on Ice y úsalos las veces que quieras. ✨​​

📍Más información aquí: clubhola.pe​​
#BanBif #Banco #ClubHOLA",0,0,2,0,48
2025-07-15 03:38:20,BanBif,Jul 11,"¿Enfermo? No exactamente...​
Solo tengo viajitis aguda.🏖️🕶️​
Y la única receta es:​
✔️ Sol​
✔️ Descanso​
✔️ Y descuentos ilimitados con ClubHOLA​

ClubHOLA: tú pon la excusa, nosotros los destinos. ✈️​
Más información en clubhola.pe​
#ClubHola #DescuentosConEstilo",0,0,0,0,26
2025-07-15 03:38:20,BanBif,Jul 11,"🐶 Activa tu instinto protector.
✨Con tu Seguro Pet Lover, el seguro para ti con beneficios para tu mascota, tu engreído cuenta con protección, asistencia y beneficios exclusivos.
📷 banbif.com.pe/Personas/Fondo…",0,0,1,0,42
2025-07-15 03:38:20,BanBif,Jul 11,"📅 ¿Cuál es el calendario de tu Tarjeta de Crédito?​ Este es clave para organizarte y sacarle el máximo provecho.🧠💳 
✅ Conoce tu ciclo de facturación y pago ​
✅ Planifica ​
✅ Usa tu tarjeta y aprovecha sus beneficios 
#BanBif #EducaciónFinanciera #TuTarjetaTuControl",0,0,0,0,33
2025-07-15 03:38:20,BanBif,Jul 9,"🎁 Cuando le compras un regalo a tu bestie… pero eres cero buena guardando secretos.😂
Así como ella no puede ocultarlo, nosotros tampoco.
Con nuestra Cuenta Ahorro Digital, no hay cobros escondidos.
👉 banbif.com.pe/Personas/Cuent…",0,0,0,0,37
2025-07-15 03:38:20,BanBif,Jul 7,"Tu familia no es un cajero automático, pero nosotros sí podemos ayudarte.💸 Solicita tu Préstamo Efectivo en BanBif y accede a ese dinero que necesitas, al instante.
👉 banbif.com.pe/Home/Personas/…",0,0,0,0,117
2025-07-15 03:38:20,BanBif,Jul 4,"¿Te dicen “NOOOO” cada vez que pides el carro?​
Es momento de manejar el tuyo, con nuestro Préstamo Vehicular BanBif, tener tu auto es más fácil de lo que crees.​
​
Más info aquí: banbif.com.pe/Personas/Prest….​

#AutoPropioYa #BanBif #PréstamoVehicular",0,0,0,0,67
2025-07-15 03:38:20,BanBif,Jul 3,"En BanBif creemos en un mundo donde ningún perrito esté solo. Por eso, fuimos parte de la Patatón 2025, una jornada llena de amor y esperanza para los peluditos que buscan familia.🐶✨
👉 banbif.com.pe/Personas/Fondo…",1,0,0,0,67
2025-07-15 03:38:20,BanBif,Jul 1,"Hay cosas que no funcionan solas...
Pero en tus finanzas si, con tu dúo genial 💪💰👉 Cuenta Ahorro Genial + Cuenta Ahorro Digital de BanBif. Una te da chance de ganar S/50,000, la otra te paga más por ahorrar.

Más info: banbif.com.pe/duo-genial",0,0,0,0,57
2025-07-15 03:38:20,BanBif,Jul 1,"🔒 Recuerda: protege tus datos.​ 👀 Lo que compartes en redes puede poner en riesgo tu seguridad financiera.​ ¡Que no te sorprendan!​

#BanBif #Banco #NoMásFraudes",0,0,1,0,56
2025-07-15 03:38:20,BanBif,Jun 28,"🏠 Acciones que transforman vida.​​

36 voluntarios construyeron 05 nuevas viviendas junto a @Techo y Asociación IF, en la comunidad 17 de Marzo, San Juan de Miraflores. ​
🩵 Gracias por ser parte de la experiencia que suma futuro.​​

#BanBif #Banco #Techo #AsociaciónIF #Volunta",0,0,0,0,94
2025-07-15 03:38:20,BanBif,Jun 26,"Danitza trasladó su CTS a BanBif…y ahora no solo duerme tranquila, también tiene narrador que lo confirma. 😌🎙️

Porque cuando sabes qué es tu CTS y dónde tenerla, vives con más tranquilidad.

banbif.com.pe/Personas/Cuent…",0,1,2,0,80
2025-07-15 03:38:20,BanBif,Jun 26,"☁️ Todo gran sueño empieza con el simple hábito de ahorrar.​

Con tu Cuenta Ahorro Digital, cada sol cuenta: sin monto mínimo, sin mantenimiento y una TREA promocional de 4% en soles.​
​
📍 Más información: banbif.com.pe/Personas/Cuent…​

#BanBif #Banco #CuentaAhorroDigital",0,0,0,0,174
2025-07-15 03:38:20,BanBif,Jun 26,"Encontrar tu match perfecto es más fácil cuando se trata de ahorrar ✨🌺​

Abre tu Dúo Genial en BanBif y podrías ganar S/50,000, acceder a más de 100 descuentos exclusivos con ClubHOLA, y una tasa de 4.3% TREA en soles.​

👉 banbif.com.pe/duo-genial",0,0,0,0,53
2025-07-15 03:38:20,BanBif,Jun 24,"Con el programa de beneficios #ClubHola, consigue descuentos exclusivos en tus marcas favoritas como Crepier y disfruta de muchos más. Además, accede gratis al contenido digital de El Comercio. ¡Y repite las veces que quieras! Más info en 👉 clubhola.pe",0,0,0,0,39
2025-07-15 03:38:20,BanBif,Jun 24,"🩵Pequeños aprendizajes que transforman futuros.​
​
☝️🥸 Con Enseña Perú, llevamos educación financiera a los niños de Ica.​
​
#BanBif #Banco #Voluntariado #EnseñaPeru",0,0,0,0,56
2025-07-15 03:38:20,BanBif,Jun 23,"😔 Hay cosas que no vuelven, que tu plata no sea una de ellas. ​
​
📲 Usa Plin desde tu BanBif App.​
​
📍Conoce más en: banbif.com.pe/bancadigital​
​
#Banco #BanBif",0,0,1,0,172
2025-07-15 03:38:20,BanBif,Jun 19,"🐶 Este año nos volvemos a sumar a la #Patatón2025
Un evento que abre puertas y corazones para que más perritos encuentren un hogar lleno de amor.

Los esperamos:
📅 Fecha: Sábado 28 y domingo 29
⏰ Hora: 10:00 a.m.

📍 Circuito Mágico del Agua – Puerta 4 ¡INGRESO LIBRE!",0,1,1,0,83
2025-07-15 03:38:20,BanBif,Jun 16,"😉 A veces solo necesitas un antojo, y los descuentos del ClubHOLA, para alegrarte el día.​

📍Más información aquí: clubhola.pe​

#BanBif #Banco #ClubHOLA",0,1,0,0,63
2025-07-15 04:38:52,BanBif,12 h,"🎤 Tras un trabajo de inteligencia, pudimos acceder al famosísimo ex hacker apodado “El antivirus"", un estafador reformado… o eso dice. Quien nos contó algunos de sus secretos.

⚠️ Aprende a identificar estas estafas y no caigas en cuentos. ¡Que no te sorprendan!",0,0,2,0,28
2025-07-15 04:38:52,BanBif,Jul 12,"❄️ ¿Eres team frío?​​​

📲¡Este plan es para ti! ¡Con el programa de beneficios de ClubHOLA, tienes descuentos ilimitados! Disfruta del 50% de descuento en Perú on Ice y úsalos las veces que quieras. ✨​​

📍Más información aquí: clubhola.pe​​
#BanBif #Banco #ClubHOLA",0,0,2,0,48
2025-07-15 04:38:52,BanBif,Jul 11,"¿Enfermo? No exactamente...​
Solo tengo viajitis aguda.🏖️🕶️​
Y la única receta es:​
✔️ Sol​
✔️ Descanso​
✔️ Y descuentos ilimitados con ClubHOLA​

ClubHOLA: tú pon la excusa, nosotros los destinos. ✈️​
Más información en clubhola.pe​
#ClubHola #DescuentosConEstilo",0,0,0,0,26
2025-07-15 04:38:52,BanBif,Jul 11,"🐶 Activa tu instinto protector.
✨Con tu Seguro Pet Lover, el seguro para ti con beneficios para tu mascota, tu engreído cuenta con protección, asistencia y beneficios exclusivos.
📷 banbif.com.pe/Personas/Fondo…",0,0,1,0,42
2025-07-15 04:38:52,BanBif,Jul 11,"📅 ¿Cuál es el calendario de tu Tarjeta de Crédito?​ Este es clave para organizarte y sacarle el máximo provecho.🧠💳 
✅ Conoce tu ciclo de facturación y pago ​
✅ Planifica ​
✅ Usa tu tarjeta y aprovecha sus beneficios 
#BanBif #EducaciónFinanciera #TuTarjetaTuControl",0,0,0,0,33
2025-07-15 04:38:52,BanBif,Jul 9,"🎁 Cuando le compras un regalo a tu bestie… pero eres cero buena guardando secretos.😂
Así como ella no puede ocultarlo, nosotros tampoco.
Con nuestra Cuenta Ahorro Digital, no hay cobros escondidos.
👉 banbif.com.pe/Personas/Cuent…",0,0,0,0,37
2025-07-15 04:38:52,BanBif,Jul 7,"Tu familia no es un cajero automático, pero nosotros sí podemos ayudarte.💸 Solicita tu Préstamo Efectivo en BanBif y accede a ese dinero que necesitas, al instante.
👉 banbif.com.pe/Home/Personas/…",0,0,0,0,117
2025-07-15 04:38:52,BanBif,Jul 4,"¿Te dicen “NOOOO” cada vez que pides el carro?​
Es momento de manejar el tuyo, con nuestro Préstamo Vehicular BanBif, tener tu auto es más fácil de lo que crees.​
​
Más info aquí: banbif.com.pe/Personas/Prest….​

#AutoPropioYa #BanBif #PréstamoVehicular",0,0,0,0,67
2025-07-15 04:38:52,BanBif,Jul 3,"En BanBif creemos en un mundo donde ningún perrito esté solo. Por eso, fuimos parte de la Patatón 2025, una jornada llena de amor y esperanza para los peluditos que buscan familia.🐶✨
👉 banbif.com.pe/Personas/Fondo…",1,0,0,0,67
2025-07-15 04:38:52,BanBif,Jul 1,"Hay cosas que no funcionan solas...
Pero en tus finanzas si, con tu dúo genial 💪💰👉 Cuenta Ahorro Genial + Cuenta Ahorro Digital de BanBif. Una te da chance de ganar S/50,000, la otra te paga más por ahorrar.

Más info: banbif.com.pe/duo-genial",0,0,0,0,57
2025-07-15 04:38:52,BanBif,Jul 1,"🔒 Recuerda: protege tus datos.​ 👀 Lo que compartes en redes puede poner en riesgo tu seguridad financiera.​ ¡Que no te sorprendan!​

#BanBif #Banco #NoMásFraudes",0,0,1,0,56
2025-07-15 04:38:52,BanBif,Jun 28,"🏠 Acciones que transforman vida.​​

36 voluntarios construyeron 05 nuevas viviendas junto a @Techo y Asociación IF, en la comunidad 17 de Marzo, San Juan de Miraflores. ​
🩵 Gracias por ser parte de la experiencia que suma futuro.​​

#BanBif #Banco #Techo #AsociaciónIF #Volunta",0,0,0,0,94
2025-07-15 04:38:52,BanBif,Jun 26,"Danitza trasladó su CTS a BanBif…y ahora no solo duerme tranquila, también tiene narrador que lo confirma. 😌🎙️

Porque cuando sabes qué es tu CTS y dónde tenerla, vives con más tranquilidad.

banbif.com.pe/Personas/Cuent…",0,1,2,0,81
2025-07-15 04:38:52,BanBif,Jun 26,"☁️ Todo gran sueño empieza con el simple hábito de ahorrar.​

Con tu Cuenta Ahorro Digital, cada sol cuenta: sin monto mínimo, sin mantenimiento y una TREA promocional de 4% en soles.​
​
📍 Más información: banbif.com.pe/Personas/Cuent…​

#BanBif #Banco #CuentaAhorroDigital",0,0,0,0,174
2025-07-15 04:38:52,BanBif,Jun 26,"Encontrar tu match perfecto es más fácil cuando se trata de ahorrar ✨🌺​

Abre tu Dúo Genial en BanBif y podrías ganar S/50,000, acceder a más de 100 descuentos exclusivos con ClubHOLA, y una tasa de 4.3% TREA en soles.​

👉 banbif.com.pe/duo-genial",0,0,0,0,53
2025-07-15 04:38:52,BanBif,Jun 24,"Con el programa de beneficios #ClubHola, consigue descuentos exclusivos en tus marcas favoritas como Crepier y disfruta de muchos más. Además, accede gratis al contenido digital de El Comercio. ¡Y repite las veces que quieras! Más info en 👉 clubhola.pe",0,0,0,0,39
2025-07-15 04:38:52,BanBif,Jun 24,"🩵Pequeños aprendizajes que transforman futuros.​
​
☝️🥸 Con Enseña Perú, llevamos educación financiera a los niños de Ica.​
​
#BanBif #Banco #Voluntariado #EnseñaPeru",0,0,0,0,56
2025-07-15 04:38:52,BanBif,Jun 23,"😔 Hay cosas que no vuelven, que tu plata no sea una de ellas. ​
​
📲 Usa Plin desde tu BanBif App.​
​
📍Conoce más en: banbif.com.pe/bancadigital​
​
#Banco #BanBif",0,0,1,0,172
2025-07-15 04:38:52,BanBif,Jun 19,"🐶 Este año nos volvemos a sumar a la #Patatón2025
Un evento que abre puertas y corazones para que más perritos encuentren un hogar lleno de amor.

Los esperamos:
📅 Fecha: Sábado 28 y domingo 29
⏰ Hora: 10:00 a.m.

📍 Circuito Mágico del Agua – Puerta 4 ¡INGRESO LIBRE!",0,1,1,0,83
2025-07-15 04:38:52,BanBif,Jun 16,"😉 A veces solo necesitas un antojo, y los descuentos del ClubHOLA, para alegrarte el día.​

📍Más información aquí: clubhola.pe​

#BanBif #Banco #ClubHOLA",0,1,0,0,63
2025-07-15 05:24:33,BanBif,12 h,"🎤 Tras un trabajo de inteligencia, pudimos acceder al famosísimo ex hacker apodado “El antivirus"", un estafador reformado… o eso dice. Quien nos contó algunos de sus secretos.

⚠️ Aprende a identificar estas estafas y no caigas en cuentos. ¡Que no te sorprendan!",0,0,2,0,30
2025-07-15 05:24:33,BanBif,Jul 12,"❄️ ¿Eres team frío?​​​

📲¡Este plan es para ti! ¡Con el programa de beneficios de ClubHOLA, tienes descuentos ilimitados! Disfruta del 50% de descuento en Perú on Ice y úsalos las veces que quieras. ✨​​

📍Más información aquí: clubhola.pe​​
#BanBif #Banco #ClubHOLA",0,0,2,0,48
2025-07-15 05:24:33,BanBif,Jul 11,"¿Enfermo? No exactamente...​
Solo tengo viajitis aguda.🏖️🕶️​
Y la única receta es:​
✔️ Sol​
✔️ Descanso​
✔️ Y descuentos ilimitados con ClubHOLA​

ClubHOLA: tú pon la excusa, nosotros los destinos. ✈️​
Más información en clubhola.pe​
#ClubHola #DescuentosConEstilo",0,0,0,0,26
2025-07-15 05:24:33,BanBif,Jul 11,"🐶 Activa tu instinto protector.
✨Con tu Seguro Pet Lover, el seguro para ti con beneficios para tu mascota, tu engreído cuenta con protección, asistencia y beneficios exclusivos.
📷 banbif.com.pe/Personas/Fondo…",0,0,1,0,42
2025-07-15 05:24:33,BanBif,Jul 11,"📅 ¿Cuál es el calendario de tu Tarjeta de Crédito?​ Este es clave para organizarte y sacarle el máximo provecho.🧠💳 
✅ Conoce tu ciclo de facturación y pago ​
✅ Planifica ​
✅ Usa tu tarjeta y aprovecha sus beneficios 
#BanBif #EducaciónFinanciera #TuTarjetaTuControl",0,0,0,0,33
2025-07-15 05:24:33,BanBif,Jul 9,"🎁 Cuando le compras un regalo a tu bestie… pero eres cero buena guardando secretos.😂
Así como ella no puede ocultarlo, nosotros tampoco.
Con nuestra Cuenta Ahorro Digital, no hay cobros escondidos.
👉 banbif.com.pe/Personas/Cuent…",0,0,0,0,37
2025-07-15 05:24:33,BanBif,Jul 7,"Tu familia no es un cajero automático, pero nosotros sí podemos ayudarte.💸 Solicita tu Préstamo Efectivo en BanBif y accede a ese dinero que necesitas, al instante.
👉 banbif.com.pe/Home/Personas/…",0,0,0,0,117
2025-07-15 05:24:33,BanBif,Jul 4,"¿Te dicen “NOOOO” cada vez que pides el carro?​
Es momento de manejar el tuyo, con nuestro Préstamo Vehicular BanBif, tener tu auto es más fácil de lo que crees.​
​
Más info aquí: banbif.com.pe/Personas/Prest….​

#AutoPropioYa #BanBif #PréstamoVehicular",0,0,0,0,67
2025-07-15 05:24:33,BanBif,Jul 3,"En BanBif creemos en un mundo donde ningún perrito esté solo. Por eso, fuimos parte de la Patatón 2025, una jornada llena de amor y esperanza para los peluditos que buscan familia.🐶✨
👉 banbif.com.pe/Personas/Fondo…",1,0,0,0,67
2025-07-15 05:24:33,BanBif,Jul 1,"Hay cosas que no funcionan solas...
Pero en tus finanzas si, con tu dúo genial 💪💰👉 Cuenta Ahorro Genial + Cuenta Ahorro Digital de BanBif. Una te da chance de ganar S/50,000, la otra te paga más por ahorrar.

Más info: banbif.com.pe/duo-genial",0,0,0,0,57
2025-07-15 05:24:33,BanBif,Jul 1,"🔒 Recuerda: protege tus datos.​ 👀 Lo que compartes en redes puede poner en riesgo tu seguridad financiera.​ ¡Que no te sorprendan!​

#BanBif #Banco #NoMásFraudes",0,0,1,0,56
2025-07-15 05:24:33,BanBif,Jun 28,"🏠 Acciones que transforman vida.​​

36 voluntarios construyeron 05 nuevas viviendas junto a @Techo y Asociación IF, en la comunidad 17 de Marzo, San Juan de Miraflores. ​
🩵 Gracias por ser parte de la experiencia que suma futuro.​​

#BanBif #Banco #Techo #AsociaciónIF #Volunta",0,0,0,0,94
2025-07-15 05:24:33,BanBif,Jun 26,"Danitza trasladó su CTS a BanBif…y ahora no solo duerme tranquila, también tiene narrador que lo confirma. 😌🎙️

Porque cuando sabes qué es tu CTS y dónde tenerla, vives con más tranquilidad.

banbif.com.pe/Personas/Cuent…",0,1,2,0,81
2025-07-15 05:24:33,BanBif,Jun 26,"☁️ Todo gran sueño empieza con el simple hábito de ahorrar.​

Con tu Cuenta Ahorro Digital, cada sol cuenta: sin monto mínimo, sin mantenimiento y una TREA promocional de 4% en soles.​
​
📍 Más información: banbif.com.pe/Personas/Cuent…​

#BanBif #Banco #CuentaAhorroDigital",0,0,0,0,174
2025-07-15 05:24:33,BanBif,Jun 26,"Encontrar tu match perfecto es más fácil cuando se trata de ahorrar ✨🌺​

Abre tu Dúo Genial en BanBif y podrías ganar S/50,000, acceder a más de 100 descuentos exclusivos con ClubHOLA, y una tasa de 4.3% TREA en soles.​

👉 banbif.com.pe/duo-genial",0,0,0,0,53
2025-07-15 05:24:33,BanBif,Jun 24,"Con el programa de beneficios #ClubHola, consigue descuentos exclusivos en tus marcas favoritas como Crepier y disfruta de muchos más. Además, accede gratis al contenido digital de El Comercio. ¡Y repite las veces que quieras! Más info en 👉 clubhola.pe",0,0,0,0,39
2025-07-15 05:24:33,BanBif,Jun 24,"🩵Pequeños aprendizajes que transforman futuros.​
​
☝️🥸 Con Enseña Perú, llevamos educación financiera a los niños de Ica.​
​
#BanBif #Banco #Voluntariado #EnseñaPeru",0,0,0,0,56
2025-07-15 05:24:33,BanBif,Jun 23,"😔 Hay cosas que no vuelven, que tu plata no sea una de ellas. ​
​
📲 Usa Plin desde tu BanBif App.​
​
📍Conoce más en: banbif.com.pe/bancadigital​
​
#Banco #BanBif",0,0,1,0,173
2025-07-15 05:24:33,BanBif,Jun 19,"🐶 Este año nos volvemos a sumar a la #Patatón2025
Un evento que abre puertas y corazones para que más perritos encuentren un hogar lleno de amor.

Los esperamos:
📅 Fecha: Sábado 28 y domingo 29
⏰ Hora: 10:00 a.m.

📍 Circuito Mágico del Agua – Puerta 4 ¡INGRESO LIBRE!",0,1,1,0,83
2025-07-15 05:24:33,BanBif,Jun 16,"😉 A veces solo necesitas un antojo, y los descuentos del ClubHOLA, para alegrarte el día.​

📍Más información aquí: clubhola.pe​

#BanBif #Banco #ClubHOLA",0,1,0,0,63
2025-07-15 06:32:01,BanBif,14 h,"🎤 Tras un trabajo de inteligencia, pudimos acceder al famosísimo ex hacker apodado “El antivirus"", un estafador reformado… o eso dice. Quien nos contó algunos de sus secretos.

⚠️ Aprende a identificar estas estafas y no caigas en cuentos. ¡Que no te sorprendan!",0,0,2,0,31
2025-07-15 06:32:01,BanBif,Jul 12,"❄️ ¿Eres team frío?​​​

📲¡Este plan es para ti! ¡Con el programa de beneficios de ClubHOLA, tienes descuentos ilimitados! Disfruta del 50% de descuento en Perú on Ice y úsalos las veces que quieras. ✨​​

📍Más información aquí: clubhola.pe​​
#BanBif #Banco #ClubHOLA",0,0,2,0,48
2025-07-15 06:32:01,BanBif,Jul 11,"¿Enfermo? No exactamente...​
Solo tengo viajitis aguda.🏖️🕶️​
Y la única receta es:​
✔️ Sol​
✔️ Descanso​
✔️ Y descuentos ilimitados con ClubHOLA​

ClubHOLA: tú pon la excusa, nosotros los destinos. ✈️​
Más información en clubhola.pe​
#ClubHola #DescuentosConEstilo",0,0,0,0,26
2025-07-15 06:32:01,BanBif,Jul 11,"🐶 Activa tu instinto protector.
✨Con tu Seguro Pet Lover, el seguro para ti con beneficios para tu mascota, tu engreído cuenta con protección, asistencia y beneficios exclusivos.
📷 banbif.com.pe/Personas/Fondo…",0,0,1,0,42
2025-07-15 06:32:01,BanBif,Jul 11,"📅 ¿Cuál es el calendario de tu Tarjeta de Crédito?​ Este es clave para organizarte y sacarle el máximo provecho.🧠💳 
✅ Conoce tu ciclo de facturación y pago ​
✅ Planifica ​
✅ Usa tu tarjeta y aprovecha sus beneficios 
#BanBif #EducaciónFinanciera #TuTarjetaTuControl",0,0,0,0,33
2025-07-15 06:32:01,BanBif,Jul 9,"🎁 Cuando le compras un regalo a tu bestie… pero eres cero buena guardando secretos.😂
Así como ella no puede ocultarlo, nosotros tampoco.
Con nuestra Cuenta Ahorro Digital, no hay cobros escondidos.
👉 banbif.com.pe/Personas/Cuent…",0,0,0,0,37
2025-07-15 06:32:01,BanBif,Jul 7,"Tu familia no es un cajero automático, pero nosotros sí podemos ayudarte.💸 Solicita tu Préstamo Efectivo en BanBif y accede a ese dinero que necesitas, al instante.
👉 banbif.com.pe/Home/Personas/…",0,0,0,0,117
2025-07-15 06:32:01,BanBif,Jul 4,"¿Te dicen “NOOOO” cada vez que pides el carro?​
Es momento de manejar el tuyo, con nuestro Préstamo Vehicular BanBif, tener tu auto es más fácil de lo que crees.​
​
Más info aquí: banbif.com.pe/Personas/Prest….​

#AutoPropioYa #BanBif #PréstamoVehicular",0,0,0,0,67
2025-07-15 06:32:01,BanBif,Jul 3,"En BanBif creemos en un mundo donde ningún perrito esté solo. Por eso, fuimos parte de la Patatón 2025, una jornada llena de amor y esperanza para los peluditos que buscan familia.🐶✨
👉 banbif.com.pe/Personas/Fondo…",1,0,0,0,68
2025-07-15 06:32:01,BanBif,Jul 1,"Hay cosas que no funcionan solas...
Pero en tus finanzas si, con tu dúo genial 💪💰👉 Cuenta Ahorro Genial + Cuenta Ahorro Digital de BanBif. Una te da chance de ganar S/50,000, la otra te paga más por ahorrar.

Más info: banbif.com.pe/duo-genial",0,0,0,0,57
2025-07-15 06:32:01,BanBif,Jul 1,"🔒 Recuerda: protege tus datos.​ 👀 Lo que compartes en redes puede poner en riesgo tu seguridad financiera.​ ¡Que no te sorprendan!​

#BanBif #Banco #NoMásFraudes",0,0,1,0,56
2025-07-15 06:32:01,BanBif,Jun 28,"🏠 Acciones que transforman vida.​​

36 voluntarios construyeron 05 nuevas viviendas junto a @Techo y Asociación IF, en la comunidad 17 de Marzo, San Juan de Miraflores. ​
🩵 Gracias por ser parte de la experiencia que suma futuro.​​

#BanBif #Banco #Techo #AsociaciónIF #Volunta",0,0,0,0,94
2025-07-15 06:32:01,BanBif,Jun 26,"Danitza trasladó su CTS a BanBif…y ahora no solo duerme tranquila, también tiene narrador que lo confirma. 😌🎙️

Porque cuando sabes qué es tu CTS y dónde tenerla, vives con más tranquilidad.

banbif.com.pe/Personas/Cuent…",0,1,2,0,81
2025-07-15 06:32:01,BanBif,Jun 26,"☁️ Todo gran sueño empieza con el simple hábito de ahorrar.​

Con tu Cuenta Ahorro Digital, cada sol cuenta: sin monto mínimo, sin mantenimiento y una TREA promocional de 4% en soles.​
​
📍 Más información: banbif.com.pe/Personas/Cuent…​

#BanBif #Banco #CuentaAhorroDigital",0,0,0,0,174
2025-07-15 06:32:01,BanBif,Jun 26,"Encontrar tu match perfecto es más fácil cuando se trata de ahorrar ✨🌺​

Abre tu Dúo Genial en BanBif y podrías ganar S/50,000, acceder a más de 100 descuentos exclusivos con ClubHOLA, y una tasa de 4.3% TREA en soles.​

👉 banbif.com.pe/duo-genial",0,0,0,0,53
2025-07-15 06:32:01,BanBif,Jun 24,"Con el programa de beneficios #ClubHola, consigue descuentos exclusivos en tus marcas favoritas como Crepier y disfruta de muchos más. Además, accede gratis al contenido digital de El Comercio. ¡Y repite las veces que quieras! Más info en 👉 clubhola.pe",0,0,0,0,39
2025-07-15 06:32:01,BanBif,Jun 24,"🩵Pequeños aprendizajes que transforman futuros.​
​
☝️🥸 Con Enseña Perú, llevamos educación financiera a los niños de Ica.​
​
#BanBif #Banco #Voluntariado #EnseñaPeru",0,0,0,0,56
2025-07-15 06:32:01,BanBif,Jun 23,"😔 Hay cosas que no vuelven, que tu plata no sea una de ellas. ​
​
📲 Usa Plin desde tu BanBif App.​
​
📍Conoce más en: banbif.com.pe/bancadigital​
​
#Banco #BanBif",0,0,1,0,173
2025-07-15 06:32:01,BanBif,Jun 19,"🐶 Este año nos volvemos a sumar a la #Patatón2025
Un evento que abre puertas y corazones para que más perritos encuentren un hogar lleno de amor.

Los esperamos:
📅 Fecha: Sábado 28 y domingo 29
⏰ Hora: 10:00 a.m.

📍 Circuito Mágico del Agua – Puerta 4 ¡INGRESO LIBRE!",0,1,1,0,83
2025-07-15 06:32:01,BanBif,Jun 16,"😉 A veces solo necesitas un antojo, y los descuentos del ClubHOLA, para alegrarte el día.​

📍Más información aquí: clubhola.pe​

#BanBif #Banco #ClubHOLA",0,1,0,0,63
2025-07-15 07:21:59,BanBif,14 h,"🎤 Tras un trabajo de inteligencia, pudimos acceder al famosísimo ex hacker apodado “El antivirus"", un estafador reformado… o eso dice. Quien nos contó algunos de sus secretos.

⚠️ Aprende a identificar estas estafas y no caigas en cuentos. ¡Que no te sorprendan!",0,0,2,0,31
2025-07-15 07:21:59,BanBif,Jul 12,"❄️ ¿Eres team frío?​​​

📲¡Este plan es para ti! ¡Con el programa de beneficios de ClubHOLA, tienes descuentos ilimitados! Disfruta del 50% de descuento en Perú on Ice y úsalos las veces que quieras. ✨​​

📍Más información aquí: clubhola.pe​​
#BanBif #Banco #ClubHOLA",0,0,2,0,49
2025-07-15 07:21:59,BanBif,Jul 11,"¿Enfermo? No exactamente...​
Solo tengo viajitis aguda.🏖️🕶️​
Y la única receta es:​
✔️ Sol​
✔️ Descanso​
✔️ Y descuentos ilimitados con ClubHOLA​

ClubHOLA: tú pon la excusa, nosotros los destinos. ✈️​
Más información en clubhola.pe​
#ClubHola #DescuentosConEstilo",0,0,0,0,26
2025-07-15 07:21:59,BanBif,Jul 11,"🐶 Activa tu instinto protector.
✨Con tu Seguro Pet Lover, el seguro para ti con beneficios para tu mascota, tu engreído cuenta con protección, asistencia y beneficios exclusivos.
📷 banbif.com.pe/Personas/Fondo…",0,0,1,0,42
2025-07-15 07:21:59,BanBif,Jul 11,"📅 ¿Cuál es el calendario de tu Tarjeta de Crédito?​ Este es clave para organizarte y sacarle el máximo provecho.🧠💳 
✅ Conoce tu ciclo de facturación y pago ​
✅ Planifica ​
✅ Usa tu tarjeta y aprovecha sus beneficios 
#BanBif #EducaciónFinanciera #TuTarjetaTuControl",0,0,0,0,33
2025-07-15 07:21:59,BanBif,Jul 9,"🎁 Cuando le compras un regalo a tu bestie… pero eres cero buena guardando secretos.😂
Así como ella no puede ocultarlo, nosotros tampoco.
Con nuestra Cuenta Ahorro Digital, no hay cobros escondidos.
👉 banbif.com.pe/Personas/Cuent…",0,0,0,0,37
2025-07-15 07:21:59,BanBif,Jul 7,"Tu familia no es un cajero automático, pero nosotros sí podemos ayudarte.💸 Solicita tu Préstamo Efectivo en BanBif y accede a ese dinero que necesitas, al instante.
👉 banbif.com.pe/Home/Personas/…",0,0,0,0,117
2025-07-15 07:21:59,BanBif,Jul 4,"¿Te dicen “NOOOO” cada vez que pides el carro?​
Es momento de manejar el tuyo, con nuestro Préstamo Vehicular BanBif, tener tu auto es más fácil de lo que crees.​
​
Más info aquí: banbif.com.pe/Personas/Prest….​

#AutoPropioYa #BanBif #PréstamoVehicular",0,0,0,0,67
2025-07-15 07:21:59,BanBif,Jul 3,"En BanBif creemos en un mundo donde ningún perrito esté solo. Por eso, fuimos parte de la Patatón 2025, una jornada llena de amor y esperanza para los peluditos que buscan familia.🐶✨
👉 banbif.com.pe/Personas/Fondo…",1,0,0,0,68
2025-07-15 07:21:59,BanBif,Jul 1,"Hay cosas que no funcionan solas...
Pero en tus finanzas si, con tu dúo genial 💪💰👉 Cuenta Ahorro Genial + Cuenta Ahorro Digital de BanBif. Una te da chance de ganar S/50,000, la otra te paga más por ahorrar.

Más info: banbif.com.pe/duo-genial",0,0,0,0,57
2025-07-15 07:21:59,BanBif,Jul 1,"🔒 Recuerda: protege tus datos.​ 👀 Lo que compartes en redes puede poner en riesgo tu seguridad financiera.​ ¡Que no te sorprendan!​

#BanBif #Banco #NoMásFraudes",0,0,1,0,56
2025-07-15 07:21:59,BanBif,Jun 28,"🏠 Acciones que transforman vida.​​

36 voluntarios construyeron 05 nuevas viviendas junto a @Techo y Asociación IF, en la comunidad 17 de Marzo, San Juan de Miraflores. ​
🩵 Gracias por ser parte de la experiencia que suma futuro.​​

#BanBif #Banco #Techo #AsociaciónIF #Volunta",0,0,0,0,94
2025-07-15 07:21:59,BanBif,Jun 26,"Danitza trasladó su CTS a BanBif…y ahora no solo duerme tranquila, también tiene narrador que lo confirma. 😌🎙️

Porque cuando sabes qué es tu CTS y dónde tenerla, vives con más tranquilidad.

banbif.com.pe/Personas/Cuent…",0,1,2,0,81
2025-07-15 07:21:59,BanBif,Jun 26,"☁️ Todo gran sueño empieza con el simple hábito de ahorrar.​

Con tu Cuenta Ahorro Digital, cada sol cuenta: sin monto mínimo, sin mantenimiento y una TREA promocional de 4% en soles.​
​
📍 Más información: banbif.com.pe/Personas/Cuent…​

#BanBif #Banco #CuentaAhorroDigital",0,0,0,0,174
2025-07-15 07:21:59,BanBif,Jun 26,"Encontrar tu match perfecto es más fácil cuando se trata de ahorrar ✨🌺​

Abre tu Dúo Genial en BanBif y podrías ganar S/50,000, acceder a más de 100 descuentos exclusivos con ClubHOLA, y una tasa de 4.3% TREA en soles.​

👉 banbif.com.pe/duo-genial",0,0,0,0,53
2025-07-15 07:21:59,BanBif,Jun 24,"Con el programa de beneficios #ClubHola, consigue descuentos exclusivos en tus marcas favoritas como Crepier y disfruta de muchos más. Además, accede gratis al contenido digital de El Comercio. ¡Y repite las veces que quieras! Más info en 👉 clubhola.pe",0,0,0,0,39
2025-07-15 07:21:59,BanBif,Jun 24,"🩵Pequeños aprendizajes que transforman futuros.​
​
☝️🥸 Con Enseña Perú, llevamos educación financiera a los niños de Ica.​
​
#BanBif #Banco #Voluntariado #EnseñaPeru",0,0,0,0,56
2025-07-15 07:21:59,BanBif,Jun 23,"😔 Hay cosas que no vuelven, que tu plata no sea una de ellas. ​
​
📲 Usa Plin desde tu BanBif App.​
​
📍Conoce más en: banbif.com.pe/bancadigital​
​
#Banco #BanBif",0,0,1,0,173
2025-07-15 07:21:59,BanBif,Jun 19,"🐶 Este año nos volvemos a sumar a la #Patatón2025
Un evento que abre puertas y corazones para que más perritos encuentren un hogar lleno de amor.

Los esperamos:
📅 Fecha: Sábado 28 y domingo 29
⏰ Hora: 10:00 a.m.

📍 Circuito Mágico del Agua – Puerta 4 ¡INGRESO LIBRE!",0,1,1,0,83
2025-07-15 07:21:59,BanBif,Jun 16,"😉 A veces solo necesitas un antojo, y los descuentos del ClubHOLA, para alegrarte el día.​

📍Más información aquí: clubhola.pe​

#BanBif #Banco #ClubHOLA",0,1,0,0,63
2025-07-15 08:28:24,BanBif,15 h,"🎤 Tras un trabajo de inteligencia, pudimos acceder al famosísimo ex hacker apodado “El antivirus"", un estafador reformado… o eso dice. Quien nos contó algunos de sus secretos.

⚠️ Aprende a identificar estas estafas y no caigas en cuentos. ¡Que no te sorprendan!",0,0,2,0,31
2025-07-15 08:28:24,BanBif,Jul 12,"❄️ ¿Eres team frío?​​​

📲¡Este plan es para ti! ¡Con el programa de beneficios de ClubHOLA, tienes descuentos ilimitados! Disfruta del 50% de descuento en Perú on Ice y úsalos las veces que quieras. ✨​​

📍Más información aquí: clubhola.pe​​
#BanBif #Banco #ClubHOLA",0,0,2,0,49
2025-07-15 08:28:24,BanBif,Jul 11,"¿Enfermo? No exactamente...​
Solo tengo viajitis aguda.🏖️🕶️​
Y la única receta es:​
✔️ Sol​
✔️ Descanso​
✔️ Y descuentos ilimitados con ClubHOLA​

ClubHOLA: tú pon la excusa, nosotros los destinos. ✈️​
Más información en clubhola.pe​
#ClubHola #DescuentosConEstilo",0,0,0,0,26
2025-07-15 08:28:24,BanBif,Jul 11,"🐶 Activa tu instinto protector.
✨Con tu Seguro Pet Lover, el seguro para ti con beneficios para tu mascota, tu engreído cuenta con protección, asistencia y beneficios exclusivos.
📷 banbif.com.pe/Personas/Fondo…",0,0,1,0,42
2025-07-15 08:28:24,BanBif,Jul 11,"📅 ¿Cuál es el calendario de tu Tarjeta de Crédito?​ Este es clave para organizarte y sacarle el máximo provecho.🧠💳 
✅ Conoce tu ciclo de facturación y pago ​
✅ Planifica ​
✅ Usa tu tarjeta y aprovecha sus beneficios 
#BanBif #EducaciónFinanciera #TuTarjetaTuControl",0,0,0,0,33
2025-07-15 08:28:24,BanBif,Jul 9,"🎁 Cuando le compras un regalo a tu bestie… pero eres cero buena guardando secretos.😂
Así como ella no puede ocultarlo, nosotros tampoco.
Con nuestra Cuenta Ahorro Digital, no hay cobros escondidos.
👉 banbif.com.pe/Personas/Cuent…",0,0,0,0,37
2025-07-15 08:28:24,BanBif,Jul 7,"Tu familia no es un cajero automático, pero nosotros sí podemos ayudarte.💸 Solicita tu Préstamo Efectivo en BanBif y accede a ese dinero que necesitas, al instante.
👉 banbif.com.pe/Home/Personas/…",0,0,0,0,117
2025-07-15 08:28:24,BanBif,Jul 4,"¿Te dicen “NOOOO” cada vez que pides el carro?​
Es momento de manejar el tuyo, con nuestro Préstamo Vehicular BanBif, tener tu auto es más fácil de lo que crees.​
​
Más info aquí: banbif.com.pe/Personas/Prest….​

#AutoPropioYa #BanBif #PréstamoVehicular",0,0,0,0,67
2025-07-15 08:28:24,BanBif,Jul 3,"En BanBif creemos en un mundo donde ningún perrito esté solo. Por eso, fuimos parte de la Patatón 2025, una jornada llena de amor y esperanza para los peluditos que buscan familia.🐶✨
👉 banbif.com.pe/Personas/Fondo…",1,0,0,0,68
2025-07-15 08:28:24,BanBif,Jul 1,"Hay cosas que no funcionan solas...
Pero en tus finanzas si, con tu dúo genial 💪💰👉 Cuenta Ahorro Genial + Cuenta Ahorro Digital de BanBif. Una te da chance de ganar S/50,000, la otra te paga más por ahorrar.

Más info: banbif.com.pe/duo-genial",0,0,0,0,57
2025-07-15 08:28:24,BanBif,Jul 1,"🔒 Recuerda: protege tus datos.​ 👀 Lo que compartes en redes puede poner en riesgo tu seguridad financiera.​ ¡Que no te sorprendan!​

#BanBif #Banco #NoMásFraudes",0,0,1,0,56
2025-07-15 08:28:24,BanBif,Jun 28,"🏠 Acciones que transforman vida.​​

36 voluntarios construyeron 05 nuevas viviendas junto a @Techo y Asociación IF, en la comunidad 17 de Marzo, San Juan de Miraflores. ​
🩵 Gracias por ser parte de la experiencia que suma futuro.​​

#BanBif #Banco #Techo #AsociaciónIF #Volunta",0,0,0,0,94
2025-07-15 08:28:24,BanBif,Jun 26,"Danitza trasladó su CTS a BanBif…y ahora no solo duerme tranquila, también tiene narrador que lo confirma. 😌🎙️

Porque cuando sabes qué es tu CTS y dónde tenerla, vives con más tranquilidad.

banbif.com.pe/Personas/Cuent…",0,1,2,0,81
2025-07-15 08:28:24,BanBif,Jun 26,"☁️ Todo gran sueño empieza con el simple hábito de ahorrar.​

Con tu Cuenta Ahorro Digital, cada sol cuenta: sin monto mínimo, sin mantenimiento y una TREA promocional de 4% en soles.​
​
📍 Más información: banbif.com.pe/Personas/Cuent…​

#BanBif #Banco #CuentaAhorroDigital",0,0,0,0,174
2025-07-15 08:28:24,BanBif,Jun 26,"Encontrar tu match perfecto es más fácil cuando se trata de ahorrar ✨🌺​

Abre tu Dúo Genial en BanBif y podrías ganar S/50,000, acceder a más de 100 descuentos exclusivos con ClubHOLA, y una tasa de 4.3% TREA en soles.​

👉 banbif.com.pe/duo-genial",0,0,0,0,53
2025-07-15 08:28:24,BanBif,Jun 24,"Con el programa de beneficios #ClubHola, consigue descuentos exclusivos en tus marcas favoritas como Crepier y disfruta de muchos más. Además, accede gratis al contenido digital de El Comercio. ¡Y repite las veces que quieras! Más info en 👉 clubhola.pe",0,0,0,0,39
2025-07-15 08:28:24,BanBif,Jun 24,"🩵Pequeños aprendizajes que transforman futuros.​
​
☝️🥸 Con Enseña Perú, llevamos educación financiera a los niños de Ica.​
​
#BanBif #Banco #Voluntariado #EnseñaPeru",0,0,0,0,56
2025-07-15 08:28:24,BanBif,Jun 23,"😔 Hay cosas que no vuelven, que tu plata no sea una de ellas. ​
​
📲 Usa Plin desde tu BanBif App.​
​
📍Conoce más en: banbif.com.pe/bancadigital​
​
#Banco #BanBif",0,0,1,0,173
2025-07-15 08:28:24,BanBif,Jun 19,"🐶 Este año nos volvemos a sumar a la #Patatón2025
Un evento que abre puertas y corazones para que más perritos encuentren un hogar lleno de amor.

Los esperamos:
📅 Fecha: Sábado 28 y domingo 29
⏰ Hora: 10:00 a.m.

📍 Circuito Mágico del Agua – Puerta 4 ¡INGRESO LIBRE!",0,1,1,0,83
2025-07-15 08:28:24,BanBif,Jun 16,"😉 A veces solo necesitas un antojo, y los descuentos del ClubHOLA, para alegrarte el día.​

📍Más información aquí: clubhola.pe​

#BanBif #Banco #ClubHOLA",0,1,0,0,63
2025-07-15 09:29:14,BanBif,16 h,"🎤 Tras un trabajo de inteligencia, pudimos acceder al famosísimo ex hacker apodado “El antivirus"", un estafador reformado… o eso dice. Quien nos contó algunos de sus secretos.

⚠️ Aprende a identificar estas estafas y no caigas en cuentos. ¡Que no te sorprendan!",0,0,2,0,31
2025-07-15 09:29:14,BanBif,Jul 12,"❄️ ¿Eres team frío?​​​

📲¡Este plan es para ti! ¡Con el programa de beneficios de ClubHOLA, tienes descuentos ilimitados! Disfruta del 50% de descuento en Perú on Ice y úsalos las veces que quieras. ✨​​

📍Más información aquí: clubhola.pe​​
#BanBif #Banco #ClubHOLA",0,0,2,0,49
2025-07-15 09:29:14,BanBif,Jul 11,"¿Enfermo? No exactamente...​
Solo tengo viajitis aguda.🏖️🕶️​
Y la única receta es:​
✔️ Sol​
✔️ Descanso​
✔️ Y descuentos ilimitados con ClubHOLA​

ClubHOLA: tú pon la excusa, nosotros los destinos. ✈️​
Más información en clubhola.pe​
#ClubHola #DescuentosConEstilo",0,0,0,0,26
2025-07-15 09:29:14,BanBif,Jul 11,"🐶 Activa tu instinto protector.
✨Con tu Seguro Pet Lover, el seguro para ti con beneficios para tu mascota, tu engreído cuenta con protección, asistencia y beneficios exclusivos.
📷 banbif.com.pe/Personas/Fondo…",0,0,1,0,42
2025-07-15 09:29:14,BanBif,Jul 11,"📅 ¿Cuál es el calendario de tu Tarjeta de Crédito?​ Este es clave para organizarte y sacarle el máximo provecho.🧠💳 
✅ Conoce tu ciclo de facturación y pago ​
✅ Planifica ​
✅ Usa tu tarjeta y aprovecha sus beneficios 
#BanBif #EducaciónFinanciera #TuTarjetaTuControl",0,0,0,0,33
2025-07-15 09:29:14,BanBif,Jul 9,"🎁 Cuando le compras un regalo a tu bestie… pero eres cero buena guardando secretos.😂
Así como ella no puede ocultarlo, nosotros tampoco.
Con nuestra Cuenta Ahorro Digital, no hay cobros escondidos.
👉 banbif.com.pe/Personas/Cuent…",0,0,0,0,37
2025-07-15 09:29:14,BanBif,Jul 7,"Tu familia no es un cajero automático, pero nosotros sí podemos ayudarte.💸 Solicita tu Préstamo Efectivo en BanBif y accede a ese dinero que necesitas, al instante.
👉 banbif.com.pe/Home/Personas/…",0,0,0,0,117
2025-07-15 09:29:14,BanBif,Jul 4,"¿Te dicen “NOOOO” cada vez que pides el carro?​
Es momento de manejar el tuyo, con nuestro Préstamo Vehicular BanBif, tener tu auto es más fácil de lo que crees.​
​
Más info aquí: banbif.com.pe/Personas/Prest….​

#AutoPropioYa #BanBif #PréstamoVehicular",0,0,0,0,67
2025-07-15 09:29:14,BanBif,Jul 3,"En BanBif creemos en un mundo donde ningún perrito esté solo. Por eso, fuimos parte de la Patatón 2025, una jornada llena de amor y esperanza para los peluditos que buscan familia.🐶✨
👉 banbif.com.pe/Personas/Fondo…",1,0,0,0,68
2025-07-15 09:29:14,BanBif,Jul 1,"Hay cosas que no funcionan solas...
Pero en tus finanzas si, con tu dúo genial 💪💰👉 Cuenta Ahorro Genial + Cuenta Ahorro Digital de BanBif. Una te da chance de ganar S/50,000, la otra te paga más por ahorrar.

Más info: banbif.com.pe/duo-genial",0,0,0,0,57
2025-07-15 09:29:14,BanBif,Jul 1,"🔒 Recuerda: protege tus datos.​ 👀 Lo que compartes en redes puede poner en riesgo tu seguridad financiera.​ ¡Que no te sorprendan!​

#BanBif #Banco #NoMásFraudes",0,0,1,0,56
2025-07-15 09:29:14,BanBif,Jun 28,"🏠 Acciones que transforman vida.​​

36 voluntarios construyeron 05 nuevas viviendas junto a @Techo y Asociación IF, en la comunidad 17 de Marzo, San Juan de Miraflores. ​
🩵 Gracias por ser parte de la experiencia que suma futuro.​​

#BanBif #Banco #Techo #AsociaciónIF #Volunta",0,0,0,0,94
2025-07-15 09:29:14,BanBif,Jun 26,"Danitza trasladó su CTS a BanBif…y ahora no solo duerme tranquila, también tiene narrador que lo confirma. 😌🎙️

Porque cuando sabes qué es tu CTS y dónde tenerla, vives con más tranquilidad.

banbif.com.pe/Personas/Cuent…",0,1,2,0,81
2025-07-15 09:29:14,BanBif,Jun 26,"☁️ Todo gran sueño empieza con el simple hábito de ahorrar.​

Con tu Cuenta Ahorro Digital, cada sol cuenta: sin monto mínimo, sin mantenimiento y una TREA promocional de 4% en soles.​
​
📍 Más información: banbif.com.pe/Personas/Cuent…​

#BanBif #Banco #CuentaAhorroDigital",0,0,0,0,174
2025-07-15 09:29:14,BanBif,Jun 26,"Encontrar tu match perfecto es más fácil cuando se trata de ahorrar ✨🌺​

Abre tu Dúo Genial en BanBif y podrías ganar S/50,000, acceder a más de 100 descuentos exclusivos con ClubHOLA, y una tasa de 4.3% TREA en soles.​

👉 banbif.com.pe/duo-genial",0,0,0,0,53
2025-07-15 09:29:14,BanBif,Jun 24,"Con el programa de beneficios #ClubHola, consigue descuentos exclusivos en tus marcas favoritas como Crepier y disfruta de muchos más. Además, accede gratis al contenido digital de El Comercio. ¡Y repite las veces que quieras! Más info en 👉 clubhola.pe",0,0,0,0,39
2025-07-15 09:29:14,BanBif,Jun 24,"🩵Pequeños aprendizajes que transforman futuros.​
​
☝️🥸 Con Enseña Perú, llevamos educación financiera a los niños de Ica.​
​
#BanBif #Banco #Voluntariado #EnseñaPeru",0,0,0,0,56
2025-07-15 09:29:14,BanBif,Jun 23,"😔 Hay cosas que no vuelven, que tu plata no sea una de ellas. ​
​
📲 Usa Plin desde tu BanBif App.​
​
📍Conoce más en: banbif.com.pe/bancadigital​
​
#Banco #BanBif",0,0,1,0,173
2025-07-15 09:29:14,BanBif,Jun 19,"🐶 Este año nos volvemos a sumar a la #Patatón2025
Un evento que abre puertas y corazones para que más perritos encuentren un hogar lleno de amor.

Los esperamos:
📅 Fecha: Sábado 28 y domingo 29
⏰ Hora: 10:00 a.m.

📍 Circuito Mágico del Agua – Puerta 4 ¡INGRESO LIBRE!",0,1,1,0,83
2025-07-15 09:29:14,BanBif,Jun 16,"😉 A veces solo necesitas un antojo, y los descuentos del ClubHOLA, para alegrarte el día.​

📍Más información aquí: clubhola.pe​

#BanBif #Banco #ClubHOLA",0,1,0,0,63
2025-07-15 10:22:03,BanBif,17 h,"🎤 Tras un trabajo de inteligencia, pudimos acceder al famosísimo ex hacker apodado “El antivirus"", un estafador reformado… o eso dice. Quien nos contó algunos de sus secretos.

⚠️ Aprende a identificar estas estafas y no caigas en cuentos. ¡Que no te sorprendan!",0,0,2,0,31
2025-07-15 10:22:03,BanBif,Jul 12,"❄️ ¿Eres team frío?​​​

📲¡Este plan es para ti! ¡Con el programa de beneficios de ClubHOLA, tienes descuentos ilimitados! Disfruta del 50% de descuento en Perú on Ice y úsalos las veces que quieras. ✨​​

📍Más información aquí: clubhola.pe​​
#BanBif #Banco #ClubHOLA",0,0,2,0,49
2025-07-15 10:22:03,BanBif,Jul 11,"¿Enfermo? No exactamente...​
Solo tengo viajitis aguda.🏖️🕶️​
Y la única receta es:​
✔️ Sol​
✔️ Descanso​
✔️ Y descuentos ilimitados con ClubHOLA​

ClubHOLA: tú pon la excusa, nosotros los destinos. ✈️​
Más información en clubhola.pe​
#ClubHola #DescuentosConEstilo",0,0,0,0,26
2025-07-15 10:22:03,BanBif,Jul 11,"🐶 Activa tu instinto protector.
✨Con tu Seguro Pet Lover, el seguro para ti con beneficios para tu mascota, tu engreído cuenta con protección, asistencia y beneficios exclusivos.
📷 banbif.com.pe/Personas/Fondo…",0,0,1,0,42
2025-07-15 10:22:03,BanBif,Jul 11,"📅 ¿Cuál es el calendario de tu Tarjeta de Crédito?​ Este es clave para organizarte y sacarle el máximo provecho.🧠💳 
✅ Conoce tu ciclo de facturación y pago ​
✅ Planifica ​
✅ Usa tu tarjeta y aprovecha sus beneficios 
#BanBif #EducaciónFinanciera #TuTarjetaTuControl",0,0,0,0,33
2025-07-15 10:22:03,BanBif,Jul 9,"🎁 Cuando le compras un regalo a tu bestie… pero eres cero buena guardando secretos.😂
Así como ella no puede ocultarlo, nosotros tampoco.
Con nuestra Cuenta Ahorro Digital, no hay cobros escondidos.
👉 banbif.com.pe/Personas/Cuent…",0,0,0,0,37
2025-07-15 10:22:03,BanBif,Jul 7,"Tu familia no es un cajero automático, pero nosotros sí podemos ayudarte.💸 Solicita tu Préstamo Efectivo en BanBif y accede a ese dinero que necesitas, al instante.
👉 banbif.com.pe/Home/Personas/…",0,0,0,0,117
2025-07-15 10:22:03,BanBif,Jul 4,"¿Te dicen “NOOOO” cada vez que pides el carro?​
Es momento de manejar el tuyo, con nuestro Préstamo Vehicular BanBif, tener tu auto es más fácil de lo que crees.​
​
Más info aquí: banbif.com.pe/Personas/Prest….​

#AutoPropioYa #BanBif #PréstamoVehicular",0,0,0,0,67
2025-07-15 10:22:03,BanBif,Jul 3,"En BanBif creemos en un mundo donde ningún perrito esté solo. Por eso, fuimos parte de la Patatón 2025, una jornada llena de amor y esperanza para los peluditos que buscan familia.🐶✨
👉 banbif.com.pe/Personas/Fondo…",1,0,0,0,68
2025-07-15 10:22:03,BanBif,Jul 1,"Hay cosas que no funcionan solas...
Pero en tus finanzas si, con tu dúo genial 💪💰👉 Cuenta Ahorro Genial + Cuenta Ahorro Digital de BanBif. Una te da chance de ganar S/50,000, la otra te paga más por ahorrar.

Más info: banbif.com.pe/duo-genial",0,0,0,0,57
2025-07-15 10:22:03,BanBif,Jul 1,"🔒 Recuerda: protege tus datos.​ 👀 Lo que compartes en redes puede poner en riesgo tu seguridad financiera.​ ¡Que no te sorprendan!​

#BanBif #Banco #NoMásFraudes",0,0,1,0,56
2025-07-15 10:22:03,BanBif,Jun 28,"🏠 Acciones que transforman vida.​​

36 voluntarios construyeron 05 nuevas viviendas junto a @Techo y Asociación IF, en la comunidad 17 de Marzo, San Juan de Miraflores. ​
🩵 Gracias por ser parte de la experiencia que suma futuro.​​

#BanBif #Banco #Techo #AsociaciónIF #Volunta",0,0,0,0,94
2025-07-15 10:22:03,BanBif,Jun 26,"Danitza trasladó su CTS a BanBif…y ahora no solo duerme tranquila, también tiene narrador que lo confirma. 😌🎙️

Porque cuando sabes qué es tu CTS y dónde tenerla, vives con más tranquilidad.

banbif.com.pe/Personas/Cuent…",0,1,2,0,81
2025-07-15 10:22:03,BanBif,Jun 26,"☁️ Todo gran sueño empieza con el simple hábito de ahorrar.​

Con tu Cuenta Ahorro Digital, cada sol cuenta: sin monto mínimo, sin mantenimiento y una TREA promocional de 4% en soles.​
​
📍 Más información: banbif.com.pe/Personas/Cuent…​

#BanBif #Banco #CuentaAhorroDigital",0,0,0,0,174
2025-07-15 10:22:03,BanBif,Jun 26,"Encontrar tu match perfecto es más fácil cuando se trata de ahorrar ✨🌺​

Abre tu Dúo Genial en BanBif y podrías ganar S/50,000, acceder a más de 100 descuentos exclusivos con ClubHOLA, y una tasa de 4.3% TREA en soles.​

👉 banbif.com.pe/duo-genial",0,0,0,0,53
2025-07-15 10:22:03,BanBif,Jun 24,"Con el programa de beneficios #ClubHola, consigue descuentos exclusivos en tus marcas favoritas como Crepier y disfruta de muchos más. Además, accede gratis al contenido digital de El Comercio. ¡Y repite las veces que quieras! Más info en 👉 clubhola.pe",0,0,0,0,39
2025-07-15 10:22:03,BanBif,Jun 24,"🩵Pequeños aprendizajes que transforman futuros.​
​
☝️🥸 Con Enseña Perú, llevamos educación financiera a los niños de Ica.​
​
#BanBif #Banco #Voluntariado #EnseñaPeru",0,0,0,0,56
2025-07-15 10:22:03,BanBif,Jun 23,"😔 Hay cosas que no vuelven, que tu plata no sea una de ellas. ​
​
📲 Usa Plin desde tu BanBif App.​
​
📍Conoce más en: banbif.com.pe/bancadigital​
​
#Banco #BanBif",0,0,1,0,173
2025-07-15 10:22:03,BanBif,Jun 19,"🐶 Este año nos volvemos a sumar a la #Patatón2025
Un evento que abre puertas y corazones para que más perritos encuentren un hogar lleno de amor.

Los esperamos:
📅 Fecha: Sábado 28 y domingo 29
⏰ Hora: 10:00 a.m.

📍 Circuito Mágico del Agua – Puerta 4 ¡INGRESO LIBRE!",0,1,1,0,83
2025-07-15 10:22:03,BanBif,Jun 16,"😉 A veces solo necesitas un antojo, y los descuentos del ClubHOLA, para alegrarte el día.​

📍Más información aquí: clubhola.pe​

#BanBif #Banco #ClubHOLA",0,1,0,0,63
2025-07-15 11:18:31,BanBif,18 h,"🎤 Tras un trabajo de inteligencia, pudimos acceder al famosísimo ex hacker apodado “El antivirus"", un estafador reformado… o eso dice. Quien nos contó algunos de sus secretos.

⚠️ Aprende a identificar estas estafas y no caigas en cuentos. ¡Que no te sorprendan!",0,0,2,0,32
2025-07-15 11:18:31,BanBif,Jul 12,"❄️ ¿Eres team frío?​​​

📲¡Este plan es para ti! ¡Con el programa de beneficios de ClubHOLA, tienes descuentos ilimitados! Disfruta del 50% de descuento en Perú on Ice y úsalos las veces que quieras. ✨​​

📍Más información aquí: clubhola.pe​​
#BanBif #Banco #ClubHOLA",0,0,2,0,49
2025-07-15 11:18:31,BanBif,Jul 11,"¿Enfermo? No exactamente...​
Solo tengo viajitis aguda.🏖️🕶️​
Y la única receta es:​
✔️ Sol​
✔️ Descanso​
✔️ Y descuentos ilimitados con ClubHOLA​

ClubHOLA: tú pon la excusa, nosotros los destinos. ✈️​
Más información en clubhola.pe​
#ClubHola #DescuentosConEstilo",0,0,0,0,26
2025-07-15 11:18:31,BanBif,Jul 11,"🐶 Activa tu instinto protector.
✨Con tu Seguro Pet Lover, el seguro para ti con beneficios para tu mascota, tu engreído cuenta con protección, asistencia y beneficios exclusivos.
📷 banbif.com.pe/Personas/Fondo…",0,0,1,0,42
2025-07-15 11:18:31,BanBif,Jul 11,"📅 ¿Cuál es el calendario de tu Tarjeta de Crédito?​ Este es clave para organizarte y sacarle el máximo provecho.🧠💳 
✅ Conoce tu ciclo de facturación y pago ​
✅ Planifica ​
✅ Usa tu tarjeta y aprovecha sus beneficios 
#BanBif #EducaciónFinanciera #TuTarjetaTuControl",0,0,0,0,33
2025-07-15 11:18:31,BanBif,Jul 9,"🎁 Cuando le compras un regalo a tu bestie… pero eres cero buena guardando secretos.😂
Así como ella no puede ocultarlo, nosotros tampoco.
Con nuestra Cuenta Ahorro Digital, no hay cobros escondidos.
👉 banbif.com.pe/Personas/Cuent…",0,0,0,0,37
2025-07-15 11:18:31,BanBif,Jul 7,"Tu familia no es un cajero automático, pero nosotros sí podemos ayudarte.💸 Solicita tu Préstamo Efectivo en BanBif y accede a ese dinero que necesitas, al instante.
👉 banbif.com.pe/Home/Personas/…",0,0,0,0,117
2025-07-15 11:18:31,BanBif,Jul 4,"¿Te dicen “NOOOO” cada vez que pides el carro?​
Es momento de manejar el tuyo, con nuestro Préstamo Vehicular BanBif, tener tu auto es más fácil de lo que crees.​
​
Más info aquí: banbif.com.pe/Personas/Prest….​

#AutoPropioYa #BanBif #PréstamoVehicular",0,0,0,0,67
2025-07-15 11:18:31,BanBif,Jul 3,"En BanBif creemos en un mundo donde ningún perrito esté solo. Por eso, fuimos parte de la Patatón 2025, una jornada llena de amor y esperanza para los peluditos que buscan familia.🐶✨
👉 banbif.com.pe/Personas/Fondo…",1,0,0,0,68
2025-07-15 11:18:31,BanBif,Jul 1,"Hay cosas que no funcionan solas...
Pero en tus finanzas si, con tu dúo genial 💪💰👉 Cuenta Ahorro Genial + Cuenta Ahorro Digital de BanBif. Una te da chance de ganar S/50,000, la otra te paga más por ahorrar.

Más info: banbif.com.pe/duo-genial",0,0,0,0,57
2025-07-15 11:18:31,BanBif,Jul 1,"🔒 Recuerda: protege tus datos.​ 👀 Lo que compartes en redes puede poner en riesgo tu seguridad financiera.​ ¡Que no te sorprendan!​

#BanBif #Banco #NoMásFraudes",0,0,1,0,56
2025-07-15 11:18:31,BanBif,Jun 28,"🏠 Acciones que transforman vida.​​

36 voluntarios construyeron 05 nuevas viviendas junto a @Techo y Asociación IF, en la comunidad 17 de Marzo, San Juan de Miraflores. ​
🩵 Gracias por ser parte de la experiencia que suma futuro.​​

#BanBif #Banco #Techo #AsociaciónIF #Volunta",0,0,0,0,94
2025-07-15 11:18:31,BanBif,Jun 26,"Danitza trasladó su CTS a BanBif…y ahora no solo duerme tranquila, también tiene narrador que lo confirma. 😌🎙️

Porque cuando sabes qué es tu CTS y dónde tenerla, vives con más tranquilidad.

banbif.com.pe/Personas/Cuent…",0,1,2,0,81
2025-07-15 11:18:31,BanBif,Jun 26,"☁️ Todo gran sueño empieza con el simple hábito de ahorrar.​

Con tu Cuenta Ahorro Digital, cada sol cuenta: sin monto mínimo, sin mantenimiento y una TREA promocional de 4% en soles.​
​
📍 Más información: banbif.com.pe/Personas/Cuent…​

#BanBif #Banco #CuentaAhorroDigital",0,0,0,0,174
2025-07-15 11:18:31,BanBif,Jun 26,"Encontrar tu match perfecto es más fácil cuando se trata de ahorrar ✨🌺​

Abre tu Dúo Genial en BanBif y podrías ganar S/50,000, acceder a más de 100 descuentos exclusivos con ClubHOLA, y una tasa de 4.3% TREA en soles.​

👉 banbif.com.pe/duo-genial",0,0,0,0,53
2025-07-15 11:18:31,BanBif,Jun 24,"Con el programa de beneficios #ClubHola, consigue descuentos exclusivos en tus marcas favoritas como Crepier y disfruta de muchos más. Además, accede gratis al contenido digital de El Comercio. ¡Y repite las veces que quieras! Más info en 👉 clubhola.pe",0,0,0,0,39
2025-07-15 11:18:31,BanBif,Jun 24,"🩵Pequeños aprendizajes que transforman futuros.​
​
☝️🥸 Con Enseña Perú, llevamos educación financiera a los niños de Ica.​
​
#BanBif #Banco #Voluntariado #EnseñaPeru",0,0,0,0,56
2025-07-15 11:18:31,BanBif,Jun 23,"😔 Hay cosas que no vuelven, que tu plata no sea una de ellas. ​
​
📲 Usa Plin desde tu BanBif App.​
​
📍Conoce más en: banbif.com.pe/bancadigital​
​
#Banco #BanBif",0,0,1,0,173
2025-07-15 11:18:31,BanBif,Jun 19,"🐶 Este año nos volvemos a sumar a la #Patatón2025
Un evento que abre puertas y corazones para que más perritos encuentren un hogar lleno de amor.

Los esperamos:
📅 Fecha: Sábado 28 y domingo 29
⏰ Hora: 10:00 a.m.

📍 Circuito Mágico del Agua – Puerta 4 ¡INGRESO LIBRE!",0,1,1,0,83
2025-07-15 11:18:31,BanBif,Jun 16,"😉 A veces solo necesitas un antojo, y los descuentos del ClubHOLA, para alegrarte el día.​

📍Más información aquí: clubhola.pe​

#BanBif #Banco #ClubHOLA",0,1,0,0,63
2025-07-15 12:42:40,BanBif,20 h,"🎤 Tras un trabajo de inteligencia, pudimos acceder al famosísimo ex hacker apodado “El antivirus"", un estafador reformado… o eso dice. Quien nos contó algunos de sus secretos.

⚠️ Aprende a identificar estas estafas y no caigas en cuentos. ¡Que no te sorprendan!",0,0,2,0,32
2025-07-15 12:42:40,BanBif,Jul 12,"❄️ ¿Eres team frío?​​​

📲¡Este plan es para ti! ¡Con el programa de beneficios de ClubHOLA, tienes descuentos ilimitados! Disfruta del 50% de descuento en Perú on Ice y úsalos las veces que quieras. ✨​​

📍Más información aquí: clubhola.pe​​
#BanBif #Banco #ClubHOLA",0,0,2,0,49
2025-07-15 12:42:40,BanBif,Jul 11,"¿Enfermo? No exactamente...​
Solo tengo viajitis aguda.🏖️🕶️​
Y la única receta es:​
✔️ Sol​
✔️ Descanso​
✔️ Y descuentos ilimitados con ClubHOLA​

ClubHOLA: tú pon la excusa, nosotros los destinos. ✈️​
Más información en clubhola.pe​
#ClubHola #DescuentosConEstilo",0,0,0,0,26
2025-07-15 12:42:40,BanBif,Jul 11,"🐶 Activa tu instinto protector.
✨Con tu Seguro Pet Lover, el seguro para ti con beneficios para tu mascota, tu engreído cuenta con protección, asistencia y beneficios exclusivos.
📷 banbif.com.pe/Personas/Fondo…",0,0,1,0,42
2025-07-15 12:42:40,BanBif,Jul 11,"📅 ¿Cuál es el calendario de tu Tarjeta de Crédito?​ Este es clave para organizarte y sacarle el máximo provecho.🧠💳 
✅ Conoce tu ciclo de facturación y pago ​
✅ Planifica ​
✅ Usa tu tarjeta y aprovecha sus beneficios 
#BanBif #EducaciónFinanciera #TuTarjetaTuControl",0,0,0,0,33
2025-07-15 12:42:40,BanBif,Jul 9,"🎁 Cuando le compras un regalo a tu bestie… pero eres cero buena guardando secretos.😂
Así como ella no puede ocultarlo, nosotros tampoco.
Con nuestra Cuenta Ahorro Digital, no hay cobros escondidos.
👉 banbif.com.pe/Personas/Cuent…",0,0,0,0,37
2025-07-15 12:42:40,BanBif,Jul 7,"Tu familia no es un cajero automático, pero nosotros sí podemos ayudarte.💸 Solicita tu Préstamo Efectivo en BanBif y accede a ese dinero que necesitas, al instante.
👉 banbif.com.pe/Home/Personas/…",0,0,0,0,117
2025-07-15 12:42:40,BanBif,Jul 4,"¿Te dicen “NOOOO” cada vez que pides el carro?​
Es momento de manejar el tuyo, con nuestro Préstamo Vehicular BanBif, tener tu auto es más fácil de lo que crees.​
​
Más info aquí: banbif.com.pe/Personas/Prest….​

#AutoPropioYa #BanBif #PréstamoVehicular",0,0,0,0,67
2025-07-15 12:42:40,BanBif,Jul 3,"En BanBif creemos en un mundo donde ningún perrito esté solo. Por eso, fuimos parte de la Patatón 2025, una jornada llena de amor y esperanza para los peluditos que buscan familia.🐶✨
👉 banbif.com.pe/Personas/Fondo…",1,0,0,0,68
2025-07-15 12:42:40,BanBif,Jul 1,"Hay cosas que no funcionan solas...
Pero en tus finanzas si, con tu dúo genial 💪💰👉 Cuenta Ahorro Genial + Cuenta Ahorro Digital de BanBif. Una te da chance de ganar S/50,000, la otra te paga más por ahorrar.

Más info: banbif.com.pe/duo-genial",0,0,0,0,57
2025-07-15 12:42:40,BanBif,Jul 1,"🔒 Recuerda: protege tus datos.​ 👀 Lo que compartes en redes puede poner en riesgo tu seguridad financiera.​ ¡Que no te sorprendan!​

#BanBif #Banco #NoMásFraudes",0,0,1,0,56
2025-07-15 12:42:40,BanBif,Jun 28,"🏠 Acciones que transforman vida.​​

36 voluntarios construyeron 05 nuevas viviendas junto a @Techo y Asociación IF, en la comunidad 17 de Marzo, San Juan de Miraflores. ​
🩵 Gracias por ser parte de la experiencia que suma futuro.​​

#BanBif #Banco #Techo #AsociaciónIF #Volunta",0,0,0,0,94
2025-07-15 12:42:40,BanBif,Jun 26,"Danitza trasladó su CTS a BanBif…y ahora no solo duerme tranquila, también tiene narrador que lo confirma. 😌🎙️

Porque cuando sabes qué es tu CTS y dónde tenerla, vives con más tranquilidad.

banbif.com.pe/Personas/Cuent…",0,1,2,0,81
2025-07-15 12:42:40,BanBif,Jun 26,"☁️ Todo gran sueño empieza con el simple hábito de ahorrar.​

Con tu Cuenta Ahorro Digital, cada sol cuenta: sin monto mínimo, sin mantenimiento y una TREA promocional de 4% en soles.​
​
📍 Más información: banbif.com.pe/Personas/Cuent…​

#BanBif #Banco #CuentaAhorroDigital",0,0,0,0,174
2025-07-15 12:42:40,BanBif,Jun 26,"Encontrar tu match perfecto es más fácil cuando se trata de ahorrar ✨🌺​

Abre tu Dúo Genial en BanBif y podrías ganar S/50,000, acceder a más de 100 descuentos exclusivos con ClubHOLA, y una tasa de 4.3% TREA en soles.​

👉 banbif.com.pe/duo-genial",0,0,0,0,53
2025-07-15 12:42:40,BanBif,Jun 24,"Con el programa de beneficios #ClubHola, consigue descuentos exclusivos en tus marcas favoritas como Crepier y disfruta de muchos más. Además, accede gratis al contenido digital de El Comercio. ¡Y repite las veces que quieras! Más info en 👉 clubhola.pe",0,0,0,0,39
2025-07-15 12:42:40,BanBif,Jun 24,"🩵Pequeños aprendizajes que transforman futuros.​
​
☝️🥸 Con Enseña Perú, llevamos educación financiera a los niños de Ica.​
​
#BanBif #Banco #Voluntariado #EnseñaPeru",0,0,0,0,56
2025-07-15 12:42:40,BanBif,Jun 23,"😔 Hay cosas que no vuelven, que tu plata no sea una de ellas. ​
​
📲 Usa Plin desde tu BanBif App.​
​
📍Conoce más en: banbif.com.pe/bancadigital​
​
#Banco #BanBif",0,0,1,0,173
2025-07-15 12:42:40,BanBif,Jun 19,"🐶 Este año nos volvemos a sumar a la #Patatón2025
Un evento que abre puertas y corazones para que más perritos encuentren un hogar lleno de amor.

Los esperamos:
📅 Fecha: Sábado 28 y domingo 29
⏰ Hora: 10:00 a.m.

📍 Circuito Mágico del Agua – Puerta 4 ¡INGRESO LIBRE!",0,1,1,0,83
2025-07-15 12:42:40,BanBif,Jun 16,"😉 A veces solo necesitas un antojo, y los descuentos del ClubHOLA, para alegrarte el día.​

📍Más información aquí: clubhola.pe​

#BanBif #Banco #ClubHOLA",0,1,0,0,63
2025-07-15 13:36:37,BanBif,21 h,"🎤 Tras un trabajo de inteligencia, pudimos acceder al famosísimo ex hacker apodado “El antivirus"", un estafador reformado… o eso dice. Quien nos contó algunos de sus secretos.

⚠️ Aprende a identificar estas estafas y no caigas en cuentos. ¡Que no te sorprendan!",0,0,2,0,33
2025-07-15 13:36:37,BanBif,Jul 12,"❄️ ¿Eres team frío?​​​

📲¡Este plan es para ti! ¡Con el programa de beneficios de ClubHOLA, tienes descuentos ilimitados! Disfruta del 50% de descuento en Perú on Ice y úsalos las veces que quieras. ✨​​

📍Más información aquí: clubhola.pe​​
#BanBif #Banco #ClubHOLA",0,0,2,0,49
2025-07-15 13:36:37,BanBif,Jul 11,"¿Enfermo? No exactamente...​
Solo tengo viajitis aguda.🏖️🕶️​
Y la única receta es:​
✔️ Sol​
✔️ Descanso​
✔️ Y descuentos ilimitados con ClubHOLA​

ClubHOLA: tú pon la excusa, nosotros los destinos. ✈️​
Más información en clubhola.pe​
#ClubHola #DescuentosConEstilo",0,0,0,0,26
2025-07-15 13:36:37,BanBif,Jul 11,"🐶 Activa tu instinto protector.
✨Con tu Seguro Pet Lover, el seguro para ti con beneficios para tu mascota, tu engreído cuenta con protección, asistencia y beneficios exclusivos.
📷 banbif.com.pe/Personas/Fondo…",0,0,1,0,42
2025-07-15 13:36:37,BanBif,Jul 11,"📅 ¿Cuál es el calendario de tu Tarjeta de Crédito?​ Este es clave para organizarte y sacarle el máximo provecho.🧠💳 
✅ Conoce tu ciclo de facturación y pago ​
✅ Planifica ​
✅ Usa tu tarjeta y aprovecha sus beneficios 
#BanBif #EducaciónFinanciera #TuTarjetaTuControl",0,0,0,0,33
2025-07-15 13:36:37,BanBif,Jul 9,"🎁 Cuando le compras un regalo a tu bestie… pero eres cero buena guardando secretos.😂
Así como ella no puede ocultarlo, nosotros tampoco.
Con nuestra Cuenta Ahorro Digital, no hay cobros escondidos.
👉 banbif.com.pe/Personas/Cuent…",0,0,0,0,37
2025-07-15 13:36:37,BanBif,Jul 7,"Tu familia no es un cajero automático, pero nosotros sí podemos ayudarte.💸 Solicita tu Préstamo Efectivo en BanBif y accede a ese dinero que necesitas, al instante.
👉 banbif.com.pe/Home/Personas/…",0,0,0,0,117
2025-07-15 13:36:37,BanBif,Jul 4,"¿Te dicen “NOOOO” cada vez que pides el carro?​
Es momento de manejar el tuyo, con nuestro Préstamo Vehicular BanBif, tener tu auto es más fácil de lo que crees.​
​
Más info aquí: banbif.com.pe/Personas/Prest….​

#AutoPropioYa #BanBif #PréstamoVehicular",0,0,0,0,67
2025-07-15 13:36:37,BanBif,Jul 3,"En BanBif creemos en un mundo donde ningún perrito esté solo. Por eso, fuimos parte de la Patatón 2025, una jornada llena de amor y esperanza para los peluditos que buscan familia.🐶✨
👉 banbif.com.pe/Personas/Fondo…",1,0,0,0,68
2025-07-15 13:36:37,BanBif,Jul 1,"Hay cosas que no funcionan solas...
Pero en tus finanzas si, con tu dúo genial 💪💰👉 Cuenta Ahorro Genial + Cuenta Ahorro Digital de BanBif. Una te da chance de ganar S/50,000, la otra te paga más por ahorrar.

Más info: banbif.com.pe/duo-genial",0,0,0,0,57
2025-07-15 13:36:37,BanBif,Jul 1,"🔒 Recuerda: protege tus datos.​ 👀 Lo que compartes en redes puede poner en riesgo tu seguridad financiera.​ ¡Que no te sorprendan!​

#BanBif #Banco #NoMásFraudes",0,0,1,0,56
2025-07-15 13:36:37,BanBif,Jun 28,"🏠 Acciones que transforman vida.​​

36 voluntarios construyeron 05 nuevas viviendas junto a @Techo y Asociación IF, en la comunidad 17 de Marzo, San Juan de Miraflores. ​
🩵 Gracias por ser parte de la experiencia que suma futuro.​​

#BanBif #Banco #Techo #AsociaciónIF #Volunta",0,0,0,0,94
2025-07-15 13:36:37,BanBif,Jun 26,"Danitza trasladó su CTS a BanBif…y ahora no solo duerme tranquila, también tiene narrador que lo confirma. 😌🎙️

Porque cuando sabes qué es tu CTS y dónde tenerla, vives con más tranquilidad.

banbif.com.pe/Personas/Cuent…",0,1,2,0,81
2025-07-15 13:36:37,BanBif,Jun 26,"☁️ Todo gran sueño empieza con el simple hábito de ahorrar.​

Con tu Cuenta Ahorro Digital, cada sol cuenta: sin monto mínimo, sin mantenimiento y una TREA promocional de 4% en soles.​
​
📍 Más información: banbif.com.pe/Personas/Cuent…​

#BanBif #Banco #CuentaAhorroDigital",0,0,0,0,174
2025-07-15 13:36:37,BanBif,Jun 26,"Encontrar tu match perfecto es más fácil cuando se trata de ahorrar ✨🌺​

Abre tu Dúo Genial en BanBif y podrías ganar S/50,000, acceder a más de 100 descuentos exclusivos con ClubHOLA, y una tasa de 4.3% TREA en soles.​

👉 banbif.com.pe/duo-genial",0,0,0,0,53
2025-07-15 13:36:37,BanBif,Jun 24,"Con el programa de beneficios #ClubHola, consigue descuentos exclusivos en tus marcas favoritas como Crepier y disfruta de muchos más. Además, accede gratis al contenido digital de El Comercio. ¡Y repite las veces que quieras! Más info en 👉 clubhola.pe",0,0,0,0,39
2025-07-15 13:36:37,BanBif,Jun 24,"🩵Pequeños aprendizajes que transforman futuros.​
​
☝️🥸 Con Enseña Perú, llevamos educación financiera a los niños de Ica.​
​
#BanBif #Banco #Voluntariado #EnseñaPeru",0,0,0,0,56
2025-07-15 13:36:37,BanBif,Jun 23,"😔 Hay cosas que no vuelven, que tu plata no sea una de ellas. ​
​
📲 Usa Plin desde tu BanBif App.​
​
📍Conoce más en: banbif.com.pe/bancadigital​
​
#Banco #BanBif",0,0,1,0,173
2025-07-15 13:36:37,BanBif,Jun 19,"🐶 Este año nos volvemos a sumar a la #Patatón2025
Un evento que abre puertas y corazones para que más perritos encuentren un hogar lleno de amor.

Los esperamos:
📅 Fecha: Sábado 28 y domingo 29
⏰ Hora: 10:00 a.m.

📍 Circuito Mágico del Agua – Puerta 4 ¡INGRESO LIBRE!",0,1,1,0,83
2025-07-15 13:36:37,BanBif,Jun 16,"😉 A veces solo necesitas un antojo, y los descuentos del ClubHOLA, para alegrarte el día.​

📍Más información aquí: clubhola.pe​

#BanBif #Banco #ClubHOLA",0,1,0,0,63
2025-07-15 14:19:32,BanBif,21 h,"🎤 Tras un trabajo de inteligencia, pudimos acceder al famosísimo ex hacker apodado “El antivirus"", un estafador reformado… o eso dice. Quien nos contó algunos de sus secretos.

⚠️ Aprende a identificar estas estafas y no caigas en cuentos. ¡Que no te sorprendan!",0,0,2,0,33
2025-07-15 14:19:32,BanBif,Jul 12,"❄️ ¿Eres team frío?​​​

📲¡Este plan es para ti! ¡Con el programa de beneficios de ClubHOLA, tienes descuentos ilimitados! Disfruta del 50% de descuento en Perú on Ice y úsalos las veces que quieras. ✨​​

📍Más información aquí: clubhola.pe​​
#BanBif #Banco #ClubHOLA",0,0,2,0,49
2025-07-15 14:19:32,BanBif,Jul 11,"¿Enfermo? No exactamente...​
Solo tengo viajitis aguda.🏖️🕶️​
Y la única receta es:​
✔️ Sol​
✔️ Descanso​
✔️ Y descuentos ilimitados con ClubHOLA​

ClubHOLA: tú pon la excusa, nosotros los destinos. ✈️​
Más información en clubhola.pe​
#ClubHola #DescuentosConEstilo",0,0,0,0,26
2025-07-15 14:19:32,BanBif,Jul 11,"🐶 Activa tu instinto protector.
✨Con tu Seguro Pet Lover, el seguro para ti con beneficios para tu mascota, tu engreído cuenta con protección, asistencia y beneficios exclusivos.
📷 banbif.com.pe/Personas/Fondo…",0,0,1,0,42
2025-07-15 14:19:32,BanBif,Jul 11,"📅 ¿Cuál es el calendario de tu Tarjeta de Crédito?​ Este es clave para organizarte y sacarle el máximo provecho.🧠💳 
✅ Conoce tu ciclo de facturación y pago ​
✅ Planifica ​
✅ Usa tu tarjeta y aprovecha sus beneficios 
#BanBif #EducaciónFinanciera #TuTarjetaTuControl",0,0,0,0,33
2025-07-15 14:19:32,BanBif,Jul 9,"🎁 Cuando le compras un regalo a tu bestie… pero eres cero buena guardando secretos.😂
Así como ella no puede ocultarlo, nosotros tampoco.
Con nuestra Cuenta Ahorro Digital, no hay cobros escondidos.
👉 banbif.com.pe/Personas/Cuent…",0,0,0,0,37
2025-07-15 14:19:32,BanBif,Jul 7,"Tu familia no es un cajero automático, pero nosotros sí podemos ayudarte.💸 Solicita tu Préstamo Efectivo en BanBif y accede a ese dinero que necesitas, al instante.
👉 banbif.com.pe/Home/Personas/…",0,0,0,0,117
2025-07-15 14:19:32,BanBif,Jul 4,"¿Te dicen “NOOOO” cada vez que pides el carro?​
Es momento de manejar el tuyo, con nuestro Préstamo Vehicular BanBif, tener tu auto es más fácil de lo que crees.​
​
Más info aquí: banbif.com.pe/Personas/Prest….​

#AutoPropioYa #BanBif #PréstamoVehicular",0,0,0,0,67
2025-07-15 14:19:32,BanBif,Jul 3,"En BanBif creemos en un mundo donde ningún perrito esté solo. Por eso, fuimos parte de la Patatón 2025, una jornada llena de amor y esperanza para los peluditos que buscan familia.🐶✨
👉 banbif.com.pe/Personas/Fondo…",1,0,0,0,68
2025-07-15 14:19:32,BanBif,Jul 1,"Hay cosas que no funcionan solas...
Pero en tus finanzas si, con tu dúo genial 💪💰👉 Cuenta Ahorro Genial + Cuenta Ahorro Digital de BanBif. Una te da chance de ganar S/50,000, la otra te paga más por ahorrar.

Más info: banbif.com.pe/duo-genial",0,0,0,0,57
2025-07-15 14:19:32,BanBif,Jul 1,"🔒 Recuerda: protege tus datos.​ 👀 Lo que compartes en redes puede poner en riesgo tu seguridad financiera.​ ¡Que no te sorprendan!​

#BanBif #Banco #NoMásFraudes",0,0,1,0,56
2025-07-15 14:19:32,BanBif,Jun 28,"🏠 Acciones que transforman vida.​​

36 voluntarios construyeron 05 nuevas viviendas junto a @Techo y Asociación IF, en la comunidad 17 de Marzo, San Juan de Miraflores. ​
🩵 Gracias por ser parte de la experiencia que suma futuro.​​

#BanBif #Banco #Techo #AsociaciónIF #Volunta",0,0,0,0,94
2025-07-15 14:19:32,BanBif,Jun 26,"Danitza trasladó su CTS a BanBif…y ahora no solo duerme tranquila, también tiene narrador que lo confirma. 😌🎙️

Porque cuando sabes qué es tu CTS y dónde tenerla, vives con más tranquilidad.

banbif.com.pe/Personas/Cuent…",0,1,2,0,81
2025-07-15 14:19:32,BanBif,Jun 26,"☁️ Todo gran sueño empieza con el simple hábito de ahorrar.​

Con tu Cuenta Ahorro Digital, cada sol cuenta: sin monto mínimo, sin mantenimiento y una TREA promocional de 4% en soles.​
​
📍 Más información: banbif.com.pe/Personas/Cuent…​

#BanBif #Banco #CuentaAhorroDigital",0,0,0,0,174
2025-07-15 14:19:32,BanBif,Jun 26,"Encontrar tu match perfecto es más fácil cuando se trata de ahorrar ✨🌺​

Abre tu Dúo Genial en BanBif y podrías ganar S/50,000, acceder a más de 100 descuentos exclusivos con ClubHOLA, y una tasa de 4.3% TREA en soles.​

👉 banbif.com.pe/duo-genial",0,0,0,0,53
2025-07-15 14:19:32,BanBif,Jun 24,"Con el programa de beneficios #ClubHola, consigue descuentos exclusivos en tus marcas favoritas como Crepier y disfruta de muchos más. Además, accede gratis al contenido digital de El Comercio. ¡Y repite las veces que quieras! Más info en 👉 clubhola.pe",0,0,0,0,39
2025-07-15 14:19:32,BanBif,Jun 24,"🩵Pequeños aprendizajes que transforman futuros.​
​
☝️🥸 Con Enseña Perú, llevamos educación financiera a los niños de Ica.​
​
#BanBif #Banco #Voluntariado #EnseñaPeru",0,0,0,0,56
2025-07-15 14:19:32,BanBif,Jun 23,"😔 Hay cosas que no vuelven, que tu plata no sea una de ellas. ​
​
📲 Usa Plin desde tu BanBif App.​
​
📍Conoce más en: banbif.com.pe/bancadigital​
​
#Banco #BanBif",0,0,1,0,173
2025-07-15 14:19:32,BanBif,Jun 19,"🐶 Este año nos volvemos a sumar a la #Patatón2025
Un evento que abre puertas y corazones para que más perritos encuentren un hogar lleno de amor.

Los esperamos:
📅 Fecha: Sábado 28 y domingo 29
⏰ Hora: 10:00 a.m.

📍 Circuito Mágico del Agua – Puerta 4 ¡INGRESO LIBRE!",0,1,1,0,83
2025-07-15 14:19:32,BanBif,Jun 16,"😉 A veces solo necesitas un antojo, y los descuentos del ClubHOLA, para alegrarte el día.​

📍Más información aquí: clubhola.pe​

#BanBif #Banco #ClubHOLA",0,1,0,0,63
2025-07-15 15:20:40,BanBif,22 h,"🎤 Tras un trabajo de inteligencia, pudimos acceder al famosísimo ex hacker apodado “El antivirus"", un estafador reformado… o eso dice. Quien nos contó algunos de sus secretos.

⚠️ Aprende a identificar estas estafas y no caigas en cuentos. ¡Que no te sorprendan!",0,0,2,0,36
2025-07-15 15:20:40,BanBif,Jul 12,"❄️ ¿Eres team frío?​​​

📲¡Este plan es para ti! ¡Con el programa de beneficios de ClubHOLA, tienes descuentos ilimitados! Disfruta del 50% de descuento en Perú on Ice y úsalos las veces que quieras. ✨​​

📍Más información aquí: clubhola.pe​​
#BanBif #Banco #ClubHOLA",0,0,2,0,49
2025-07-15 15:20:40,BanBif,Jul 11,"¿Enfermo? No exactamente...​
Solo tengo viajitis aguda.🏖️🕶️​
Y la única receta es:​
✔️ Sol​
✔️ Descanso​
✔️ Y descuentos ilimitados con ClubHOLA​

ClubHOLA: tú pon la excusa, nosotros los destinos. ✈️​
Más información en clubhola.pe​
#ClubHola #DescuentosConEstilo",0,0,0,0,26
2025-07-15 15:20:40,BanBif,Jul 11,"🐶 Activa tu instinto protector.
✨Con tu Seguro Pet Lover, el seguro para ti con beneficios para tu mascota, tu engreído cuenta con protección, asistencia y beneficios exclusivos.
📷 banbif.com.pe/Personas/Fondo…",0,0,1,0,42
2025-07-15 15:20:40,BanBif,Jul 11,"📅 ¿Cuál es el calendario de tu Tarjeta de Crédito?​ Este es clave para organizarte y sacarle el máximo provecho.🧠💳 
✅ Conoce tu ciclo de facturación y pago ​
✅ Planifica ​
✅ Usa tu tarjeta y aprovecha sus beneficios 
#BanBif #EducaciónFinanciera #TuTarjetaTuControl",0,0,0,0,33
2025-07-15 15:20:40,BanBif,Jul 9,"🎁 Cuando le compras un regalo a tu bestie… pero eres cero buena guardando secretos.😂
Así como ella no puede ocultarlo, nosotros tampoco.
Con nuestra Cuenta Ahorro Digital, no hay cobros escondidos.
👉 banbif.com.pe/Personas/Cuent…",0,0,0,0,37
2025-07-15 15:20:40,BanBif,Jul 7,"Tu familia no es un cajero automático, pero nosotros sí podemos ayudarte.💸 Solicita tu Préstamo Efectivo en BanBif y accede a ese dinero que necesitas, al instante.
👉 banbif.com.pe/Home/Personas/…",0,0,0,0,117
2025-07-15 15:20:40,BanBif,Jul 4,"¿Te dicen “NOOOO” cada vez que pides el carro?​
Es momento de manejar el tuyo, con nuestro Préstamo Vehicular BanBif, tener tu auto es más fácil de lo que crees.​
​
Más info aquí: banbif.com.pe/Personas/Prest….​

#AutoPropioYa #BanBif #PréstamoVehicular",0,0,0,0,67
2025-07-15 15:20:40,BanBif,Jul 3,"En BanBif creemos en un mundo donde ningún perrito esté solo. Por eso, fuimos parte de la Patatón 2025, una jornada llena de amor y esperanza para los peluditos que buscan familia.🐶✨
👉 banbif.com.pe/Personas/Fondo…",1,0,0,0,68
2025-07-15 15:20:40,BanBif,Jul 1,"Hay cosas que no funcionan solas...
Pero en tus finanzas si, con tu dúo genial 💪💰👉 Cuenta Ahorro Genial + Cuenta Ahorro Digital de BanBif. Una te da chance de ganar S/50,000, la otra te paga más por ahorrar.

Más info: banbif.com.pe/duo-genial",0,0,0,0,57
2025-07-15 15:20:40,BanBif,Jul 1,"🔒 Recuerda: protege tus datos.​ 👀 Lo que compartes en redes puede poner en riesgo tu seguridad financiera.​ ¡Que no te sorprendan!​

#BanBif #Banco #NoMásFraudes",0,0,1,0,56
2025-07-15 15:20:40,BanBif,Jun 28,"🏠 Acciones que transforman vida.​​

36 voluntarios construyeron 05 nuevas viviendas junto a @Techo y Asociación IF, en la comunidad 17 de Marzo, San Juan de Miraflores. ​
🩵 Gracias por ser parte de la experiencia que suma futuro.​​

#BanBif #Banco #Techo #AsociaciónIF #Volunta",0,0,0,0,94
2025-07-15 15:20:40,BanBif,Jun 26,"Danitza trasladó su CTS a BanBif…y ahora no solo duerme tranquila, también tiene narrador que lo confirma. 😌🎙️

Porque cuando sabes qué es tu CTS y dónde tenerla, vives con más tranquilidad.

banbif.com.pe/Personas/Cuent…",0,1,2,0,81
2025-07-15 15:20:40,BanBif,Jun 26,"☁️ Todo gran sueño empieza con el simple hábito de ahorrar.​

Con tu Cuenta Ahorro Digital, cada sol cuenta: sin monto mínimo, sin mantenimiento y una TREA promocional de 4% en soles.​
​
📍 Más información: banbif.com.pe/Personas/Cuent…​

#BanBif #Banco #CuentaAhorroDigital",0,0,0,0,174
2025-07-15 15:20:40,BanBif,Jun 26,"Encontrar tu match perfecto es más fácil cuando se trata de ahorrar ✨🌺​

Abre tu Dúo Genial en BanBif y podrías ganar S/50,000, acceder a más de 100 descuentos exclusivos con ClubHOLA, y una tasa de 4.3% TREA en soles.​

👉 banbif.com.pe/duo-genial",0,0,0,0,53
2025-07-15 15:20:40,BanBif,Jun 24,"Con el programa de beneficios #ClubHola, consigue descuentos exclusivos en tus marcas favoritas como Crepier y disfruta de muchos más. Además, accede gratis al contenido digital de El Comercio. ¡Y repite las veces que quieras! Más info en 👉 clubhola.pe",0,0,0,0,39
2025-07-15 15:20:40,BanBif,Jun 24,"🩵Pequeños aprendizajes que transforman futuros.​
​
☝️🥸 Con Enseña Perú, llevamos educación financiera a los niños de Ica.​
​
#BanBif #Banco #Voluntariado #EnseñaPeru",0,0,0,0,56
2025-07-15 15:20:40,BanBif,Jun 23,"😔 Hay cosas que no vuelven, que tu plata no sea una de ellas. ​
​
📲 Usa Plin desde tu BanBif App.​
​
📍Conoce más en: banbif.com.pe/bancadigital​
​
#Banco #BanBif",0,0,1,0,173
2025-07-15 15:20:40,BanBif,Jun 19,"🐶 Este año nos volvemos a sumar a la #Patatón2025
Un evento que abre puertas y corazones para que más perritos encuentren un hogar lleno de amor.

Los esperamos:
📅 Fecha: Sábado 28 y domingo 29
⏰ Hora: 10:00 a.m.

📍 Circuito Mágico del Agua – Puerta 4 ¡INGRESO LIBRE!",0,1,1,0,83
2025-07-15 15:20:40,BanBif,Jun 16,"😉 A veces solo necesitas un antojo, y los descuentos del ClubHOLA, para alegrarte el día.​

📍Más información aquí: clubhola.pe​

#BanBif #Banco #ClubHOLA",0,1,0,0,63
2025-07-15 16:27:11,BanBif,23 h,"🎤 Tras un trabajo de inteligencia, pudimos acceder al famosísimo ex hacker apodado “El antivirus"", un estafador reformado… o eso dice. Quien nos contó algunos de sus secretos.

⚠️ Aprende a identificar estas estafas y no caigas en cuentos. ¡Que no te sorprendan!",0,0,2,0,36
2025-07-15 16:27:11,BanBif,Jul 12,"❄️ ¿Eres team frío?​​​

📲¡Este plan es para ti! ¡Con el programa de beneficios de ClubHOLA, tienes descuentos ilimitados! Disfruta del 50% de descuento en Perú on Ice y úsalos las veces que quieras. ✨​​

📍Más información aquí: clubhola.pe​​
#BanBif #Banco #ClubHOLA",0,0,2,0,49
2025-07-15 16:27:11,BanBif,Jul 11,"¿Enfermo? No exactamente...​
Solo tengo viajitis aguda.🏖️🕶️​
Y la única receta es:​
✔️ Sol​
✔️ Descanso​
✔️ Y descuentos ilimitados con ClubHOLA​

ClubHOLA: tú pon la excusa, nosotros los destinos. ✈️​
Más información en clubhola.pe​
#ClubHola #DescuentosConEstilo",0,0,0,0,26
2025-07-15 16:27:11,BanBif,Jul 11,"🐶 Activa tu instinto protector.
✨Con tu Seguro Pet Lover, el seguro para ti con beneficios para tu mascota, tu engreído cuenta con protección, asistencia y beneficios exclusivos.
📷 banbif.com.pe/Personas/Fondo…",0,0,1,0,42
2025-07-15 16:27:11,BanBif,Jul 11,"📅 ¿Cuál es el calendario de tu Tarjeta de Crédito?​ Este es clave para organizarte y sacarle el máximo provecho.🧠💳 
✅ Conoce tu ciclo de facturación y pago ​
✅ Planifica ​
✅ Usa tu tarjeta y aprovecha sus beneficios 
#BanBif #EducaciónFinanciera #TuTarjetaTuControl",0,0,0,0,34
2025-07-15 16:27:11,BanBif,Jul 9,"🎁 Cuando le compras un regalo a tu bestie… pero eres cero buena guardando secretos.😂
Así como ella no puede ocultarlo, nosotros tampoco.
Con nuestra Cuenta Ahorro Digital, no hay cobros escondidos.
👉 banbif.com.pe/Personas/Cuent…",0,0,0,0,37
2025-07-15 16:27:11,BanBif,Jul 7,"Tu familia no es un cajero automático, pero nosotros sí podemos ayudarte.💸 Solicita tu Préstamo Efectivo en BanBif y accede a ese dinero que necesitas, al instante.
👉 banbif.com.pe/Home/Personas/…",0,0,0,0,117
2025-07-15 16:27:11,BanBif,Jul 4,"¿Te dicen “NOOOO” cada vez que pides el carro?​
Es momento de manejar el tuyo, con nuestro Préstamo Vehicular BanBif, tener tu auto es más fácil de lo que crees.​
​
Más info aquí: banbif.com.pe/Personas/Prest….​

#AutoPropioYa #BanBif #PréstamoVehicular",0,0,0,0,67
2025-07-15 16:27:11,BanBif,Jul 3,"En BanBif creemos en un mundo donde ningún perrito esté solo. Por eso, fuimos parte de la Patatón 2025, una jornada llena de amor y esperanza para los peluditos que buscan familia.🐶✨
👉 banbif.com.pe/Personas/Fondo…",1,0,0,0,68
2025-07-15 16:27:11,BanBif,Jul 1,"Hay cosas que no funcionan solas...
Pero en tus finanzas si, con tu dúo genial 💪💰👉 Cuenta Ahorro Genial + Cuenta Ahorro Digital de BanBif. Una te da chance de ganar S/50,000, la otra te paga más por ahorrar.

Más info: banbif.com.pe/duo-genial",0,0,0,0,57
2025-07-15 16:27:11,BanBif,Jul 1,"🔒 Recuerda: protege tus datos.​ 👀 Lo que compartes en redes puede poner en riesgo tu seguridad financiera.​ ¡Que no te sorprendan!​

#BanBif #Banco #NoMásFraudes",0,0,1,0,56
2025-07-15 16:27:11,BanBif,Jun 28,"🏠 Acciones que transforman vida.​​

36 voluntarios construyeron 05 nuevas viviendas junto a @Techo y Asociación IF, en la comunidad 17 de Marzo, San Juan de Miraflores. ​
🩵 Gracias por ser parte de la experiencia que suma futuro.​​

#BanBif #Banco #Techo #AsociaciónIF #Volunta",0,0,0,0,95
2025-07-15 16:27:11,BanBif,Jun 26,"Danitza trasladó su CTS a BanBif…y ahora no solo duerme tranquila, también tiene narrador que lo confirma. 😌🎙️

Porque cuando sabes qué es tu CTS y dónde tenerla, vives con más tranquilidad.

banbif.com.pe/Personas/Cuent…",0,1,2,0,81
2025-07-15 16:27:11,BanBif,Jun 26,"☁️ Todo gran sueño empieza con el simple hábito de ahorrar.​

Con tu Cuenta Ahorro Digital, cada sol cuenta: sin monto mínimo, sin mantenimiento y una TREA promocional de 4% en soles.​
​
📍 Más información: banbif.com.pe/Personas/Cuent…​

#BanBif #Banco #CuentaAhorroDigital",0,0,0,0,174
2025-07-15 16:27:11,BanBif,Jun 26,"Encontrar tu match perfecto es más fácil cuando se trata de ahorrar ✨🌺​

Abre tu Dúo Genial en BanBif y podrías ganar S/50,000, acceder a más de 100 descuentos exclusivos con ClubHOLA, y una tasa de 4.3% TREA en soles.​

👉 banbif.com.pe/duo-genial",0,0,0,0,53
2025-07-15 16:27:11,BanBif,Jun 24,"Con el programa de beneficios #ClubHola, consigue descuentos exclusivos en tus marcas favoritas como Crepier y disfruta de muchos más. Además, accede gratis al contenido digital de El Comercio. ¡Y repite las veces que quieras! Más info en 👉 clubhola.pe",0,0,0,0,39
2025-07-15 16:27:11,BanBif,Jun 24,"🩵Pequeños aprendizajes que transforman futuros.​
​
☝️🥸 Con Enseña Perú, llevamos educación financiera a los niños de Ica.​
​
#BanBif #Banco #Voluntariado #EnseñaPeru",0,0,0,0,56
2025-07-15 16:27:11,BanBif,Jun 23,"😔 Hay cosas que no vuelven, que tu plata no sea una de ellas. ​
​
📲 Usa Plin desde tu BanBif App.​
​
📍Conoce más en: banbif.com.pe/bancadigital​
​
#Banco #BanBif",0,0,1,0,173
2025-07-15 16:27:11,BanBif,Jun 19,"🐶 Este año nos volvemos a sumar a la #Patatón2025
Un evento que abre puertas y corazones para que más perritos encuentren un hogar lleno de amor.

Los esperamos:
📅 Fecha: Sábado 28 y domingo 29
⏰ Hora: 10:00 a.m.

📍 Circuito Mágico del Agua – Puerta 4 ¡INGRESO LIBRE!",0,1,1,0,83
2025-07-15 16:27:11,BanBif,Jun 16,"😉 A veces solo necesitas un antojo, y los descuentos del ClubHOLA, para alegrarte el día.​

📍Más información aquí: clubhola.pe​

#BanBif #Banco #ClubHOLA",0,1,0,0,63
