timestamp,usuario,fecha_publicacion,contenido,respuestas,retweets,likes,guardados,vistas
2025-07-09 07:10:11,BancoPichincha,Jun 30,"¿Tienes 40 segundos? Entérate de #LoNuevoEnBancoPichincha 💛
📲Pagar o cobrar con tu QR es ahora más fácil.
🎓Conoce la mejor iniciativa para empezar tu carrera laboral.
🏫 Voluntariado para apoyar a comunidad de Cayambe.",0,2,9,3,12.0K
2025-07-09 07:10:11,BancoPichincha,Jun 19,"🇪🇨 En Ecuador, 6 de cada 10 familias de zonas rurales aún no tienen acceso a agua potable. Conseguirla implica recorrer largas distancias o pagar altos costos.💧
Por eso, Banco Pichincha impulsa Sumar Juntos, iniciativa que ya ha cambiado la vida a más de 26 mil personas. 💛",0,26,124,9,157.0K
2025-07-09 07:10:11,BancoPichincha,Jun 16,"Hoy celebramos el esfuerzo de quienes, a pesar de la distancia, siempre están presentes. ✨
Porque detrás de cada envío que realizan, hay más que dinero… hay medicinas, educación, sueños y, sobre todo, ese amor de familia que nunca se pierde. 💛
#DíaInternacionalDeLasRemesas",0,3,29,3,57.0K
2025-07-09 07:10:11,BancoPichincha,Jun 12,"¡Celebramos 10 años formando a los líderes del mañana! 🚀
El mejor semillero de talento del país cumple una década.
444 estudiantes han vivido la experiencia de ser trainees durante 6 semanas en Futuros Líderes, una oportunidad que ha marcado su vida profesional. 💛",0,4,117,14,531.0K
2025-07-09 07:10:11,BancoPichincha,Jun 3,"Hay jugadores en la cancha… y tú. El número 12. ⚽
El que vibra y sufre cada partido.
El que nunca abandona, ni en la gloria ni en la derrota.
Has heredado esta pasión y la llevas como bandera.
Porque darlo todo por tu equipo, te define. 💛
@BarcelonaSC
@LDU_Oficial
@UCatolicaEC",0,28,324,12,791.0K
2025-07-09 07:10:11,BancoPichincha,Jun 2,"Confianza es creer que subir otra vez al podio del #GiroDItalia es posible. 🥉 
Gracias @RichardCarapazM por hacernos vivir momentos como estos. 💛 #ElEsfuerzoTeDefine",1,55,770,8,201.0K
2025-07-09 07:10:11,BancoPichincha,Jun 1,"Una vez más @RichardCarapazM dejó su huella en la historia del ciclismo. 🥉
¡Que orgullo verte en el podio del #GiroDItalia, el quinto en una gran vuelta! 🚴‍♂️
No es casualidad. Es levantarse cuando todos piensan que ya lo diste todo. 
Sí, Locomotora 🚂, #ElEsfuerzoTeDefine",1,55,635,1,77.0K
2025-07-09 07:10:11,BancoPichincha,May 30,"En menos de 1 minuto puedes enterarte de #LoNuevoEnBancoPichincha 💛
💰 Ahorrar a tu ritmo es más fácil gracias a Banca Móvil.
👩🏻‍💼 Seguimos apostando por el emprendimiento femenino. 
🏧 Inauguramos un nuevo cajero en Galápagos.",0,2,23,4,81.0K
2025-07-09 07:10:11,BancoPichincha,May 21,"¡Qué grande eres @RichardCarapazM! 🚂
Lo dejaste todo en la montaña y cruzaste la meta en solitario en la etapa 11 del #GiroDItalia. 🚵
No solo ganaste, volviste a demostrar que nunca hay que dejar de luchar. 💪🏻
El aliento del Ecuador entero te acompaña.🇪🇨
#ElEsfuerzoTeDefine",1,58,473,5,71.0K
2025-07-09 07:10:11,BancoPichincha,May 15,"¡Felicidades @UCatolicaEC! 🩵
Hoy nos unimos a la celebración de los hinchas del #TrencitoAzul que generación tras generación han alentado a la #Chatoleí en estos 62 años. 🎉",0,12,88,2,72.0K
2025-07-09 07:10:11,BancoPichincha,May 14,"¡Tú eres el jugador 12! ⚽
El que lo da todo por los colores de su equipo en casa, en el estadio y por todo el país. 
Y esta es una herencia que has convertido en legado, porque el esfuerzo de darlo todo por tu equipo, te define. 💛
@BarcelonaSC
@LDU_Oficial
@UCatolicaEC",0,22,219,13,689.0K
2025-07-09 07:10:11,BancoPichincha,May 9,"¡Anahí Ortiz es una de las mejores ajedrecistas del continente! 👏
♟️ Detrás de cada una de sus partidas hay años de sacrificio y perseverancia. Hoy celebramos su segundo lugar en el Campeonato Continental Femenino de Ajedrez de las Américas.🥈🇪🇨
#ElEsfuerzoTeDefine",0,10,52,0,21.0K
2025-07-09 07:10:11,BancoPichincha,May 9,"Todo empezó con un dibujo, un desayuno, un regalo hecho con amor. 🥰
Lo que parecía un juego, hoy es un sueño cumplido. ✨
Porque confianza es creer, incluso cuando nadie más lo hace… y tú, mamá, confiaste siempre. 💛
¡Feliz día! 👩🏻‍🍼
#diadelamadre",0,3,25,2,36.0K
2025-07-09 07:10:11,BancoPichincha,May 8,"Porque #ElEsfuerzoTeDefine, queremos verte de nuevo en lo más alto, @RichardCarapazM 🚂
Pedaleamos contigo en el #GirodItalia 💛",1,10,77,0,27.0K
2025-07-09 07:10:11,BancoPichincha,May 8,"100 años de esfuerzo. 💛
100 hinchas que festejaron el centenario de @BarcelonaSC como se merece: en la cancha del 🏟️ estadio Banco Pichincha, en casa, siendo protagonistas de la celebración.
Porque ser torero, es ser parte de una pasión que no se apaga. 🔥",16,14,81,3,47.0K
2025-07-09 07:10:11,BancoPichincha,May 7,"Gracias a Sumar Juntos, un proyecto de Banco Pichincha, cada vez más comunidades se benefician de la instalación de sistemas de agua potable. Esto contribuye a una mejor nutrición de los niños y a una mayor asistencia a escuelas en las zonas rurales del país.",0,19,150,6,443.0K
2025-07-09 07:10:11,BancoPichincha,May 1,"100 años de historia. 
100 años de esfuerzo. 
100 hitos inolvidables. 
@BarcelonaSC hoy celebramos el legado que has construido y que perdurará en la memoria de los hinchas toreros. 💛
¡Felicitaciones, ídolo! 
#CentenarioBSC",0,112,486,10,85.0K
2025-07-09 07:10:11,BancoPichincha,Apr 30,"En 39 segundos, te contamos lo #NuevoEnBancoPichincha para cerrar abril con buenas noticias. 💛

💧Más comunidades con acceso a agua potable, gracias a Sumar Juntos.
📚Oportunidad laboral para los jóvenes de la Amazonía.
📲Descarga tus movimientos en Banca Móvil.",0,4,32,2,78.0K
2025-07-09 07:10:11,BancoPichincha,Apr 25,"Cada triunfo de Anahí Suárez nos recuerda que…
🎯 La perseverancia construye campeones.
🥈 La pasión lleva al podio.
🇪🇨 El orgullo de un país se corre con el corazón.
¡Felicidades por tu medalla de plata en el Campeonato Sudamericano de Atletismo!

#ElEsfuerzoTeDefine",0,33,237,9,149.0K
2025-07-09 07:18:42,BancoPichincha,Jun 30,"¿Tienes 40 segundos? Entérate de #LoNuevoEnBancoPichincha 💛
📲Pagar o cobrar con tu QR es ahora más fácil.
🎓Conoce la mejor iniciativa para empezar tu carrera laboral.
🏫 Voluntariado para apoyar a comunidad de Cayambe.",0,2,9,3,12.0K
2025-07-09 07:18:42,BancoPichincha,Jun 19,"🇪🇨 En Ecuador, 6 de cada 10 familias de zonas rurales aún no tienen acceso a agua potable. Conseguirla implica recorrer largas distancias o pagar altos costos.💧
Por eso, Banco Pichincha impulsa Sumar Juntos, iniciativa que ya ha cambiado la vida a más de 26 mil personas. 💛",0,26,124,9,157.0K
2025-07-09 07:18:42,BancoPichincha,Jun 16,"Hoy celebramos el esfuerzo de quienes, a pesar de la distancia, siempre están presentes. ✨
Porque detrás de cada envío que realizan, hay más que dinero… hay medicinas, educación, sueños y, sobre todo, ese amor de familia que nunca se pierde. 💛
#DíaInternacionalDeLasRemesas",0,3,29,3,57.0K
2025-07-09 07:18:42,BancoPichincha,Jun 12,"¡Celebramos 10 años formando a los líderes del mañana! 🚀
El mejor semillero de talento del país cumple una década.
444 estudiantes han vivido la experiencia de ser trainees durante 6 semanas en Futuros Líderes, una oportunidad que ha marcado su vida profesional. 💛",0,4,117,14,531.0K
2025-07-09 07:18:42,BancoPichincha,Jun 3,"Hay jugadores en la cancha… y tú. El número 12. ⚽
El que vibra y sufre cada partido.
El que nunca abandona, ni en la gloria ni en la derrota.
Has heredado esta pasión y la llevas como bandera.
Porque darlo todo por tu equipo, te define. 💛
@BarcelonaSC
@LDU_Oficial
@UCatolicaEC",0,28,324,12,791.0K
2025-07-09 07:18:42,BancoPichincha,Jun 2,"Confianza es creer que subir otra vez al podio del #GiroDItalia es posible. 🥉 
Gracias @RichardCarapazM por hacernos vivir momentos como estos. 💛 #ElEsfuerzoTeDefine",1,55,770,8,201.0K
2025-07-09 07:18:42,BancoPichincha,Jun 1,"Una vez más @RichardCarapazM dejó su huella en la historia del ciclismo. 🥉
¡Que orgullo verte en el podio del #GiroDItalia, el quinto en una gran vuelta! 🚴‍♂️
No es casualidad. Es levantarse cuando todos piensan que ya lo diste todo. 
Sí, Locomotora 🚂, #ElEsfuerzoTeDefine",1,55,635,1,77.0K
2025-07-09 07:18:42,BancoPichincha,May 30,"En menos de 1 minuto puedes enterarte de #LoNuevoEnBancoPichincha 💛
💰 Ahorrar a tu ritmo es más fácil gracias a Banca Móvil.
👩🏻‍💼 Seguimos apostando por el emprendimiento femenino. 
🏧 Inauguramos un nuevo cajero en Galápagos.",0,2,23,4,81.0K
2025-07-09 07:18:42,BancoPichincha,May 21,"¡Qué grande eres @RichardCarapazM! 🚂
Lo dejaste todo en la montaña y cruzaste la meta en solitario en la etapa 11 del #GiroDItalia. 🚵
No solo ganaste, volviste a demostrar que nunca hay que dejar de luchar. 💪🏻
El aliento del Ecuador entero te acompaña.🇪🇨
#ElEsfuerzoTeDefine",1,58,473,5,71.0K
2025-07-09 07:18:42,BancoPichincha,May 15,"¡Felicidades @UCatolicaEC! 🩵
Hoy nos unimos a la celebración de los hinchas del #TrencitoAzul que generación tras generación han alentado a la #Chatoleí en estos 62 años. 🎉",0,12,88,2,72.0K
2025-07-09 07:18:42,BancoPichincha,May 14,"¡Tú eres el jugador 12! ⚽
El que lo da todo por los colores de su equipo en casa, en el estadio y por todo el país. 
Y esta es una herencia que has convertido en legado, porque el esfuerzo de darlo todo por tu equipo, te define. 💛
@BarcelonaSC
@LDU_Oficial
@UCatolicaEC",0,22,219,13,689.0K
2025-07-09 07:18:42,BancoPichincha,May 9,"¡Anahí Ortiz es una de las mejores ajedrecistas del continente! 👏
♟️ Detrás de cada una de sus partidas hay años de sacrificio y perseverancia. Hoy celebramos su segundo lugar en el Campeonato Continental Femenino de Ajedrez de las Américas.🥈🇪🇨
#ElEsfuerzoTeDefine",0,10,52,0,21.0K
2025-07-09 07:18:42,BancoPichincha,May 9,"Todo empezó con un dibujo, un desayuno, un regalo hecho con amor. 🥰
Lo que parecía un juego, hoy es un sueño cumplido. ✨
Porque confianza es creer, incluso cuando nadie más lo hace… y tú, mamá, confiaste siempre. 💛
¡Feliz día! 👩🏻‍🍼
#diadelamadre",0,3,25,2,36.0K
2025-07-09 07:18:42,BancoPichincha,May 8,"Porque #ElEsfuerzoTeDefine, queremos verte de nuevo en lo más alto, @RichardCarapazM 🚂
Pedaleamos contigo en el #GirodItalia 💛",1,10,77,0,27.0K
2025-07-09 07:18:42,BancoPichincha,May 8,"100 años de esfuerzo. 💛
100 hinchas que festejaron el centenario de @BarcelonaSC como se merece: en la cancha del 🏟️ estadio Banco Pichincha, en casa, siendo protagonistas de la celebración.
Porque ser torero, es ser parte de una pasión que no se apaga. 🔥",16,14,81,3,47.0K
2025-07-09 07:18:42,BancoPichincha,May 7,"Gracias a Sumar Juntos, un proyecto de Banco Pichincha, cada vez más comunidades se benefician de la instalación de sistemas de agua potable. Esto contribuye a una mejor nutrición de los niños y a una mayor asistencia a escuelas en las zonas rurales del país.",0,19,150,6,443.0K
2025-07-09 07:18:42,BancoPichincha,May 1,"100 años de historia. 
100 años de esfuerzo. 
100 hitos inolvidables. 
@BarcelonaSC hoy celebramos el legado que has construido y que perdurará en la memoria de los hinchas toreros. 💛
¡Felicitaciones, ídolo! 
#CentenarioBSC",0,112,486,10,85.0K
2025-07-09 07:18:42,BancoPichincha,Apr 30,"En 39 segundos, te contamos lo #NuevoEnBancoPichincha para cerrar abril con buenas noticias. 💛

💧Más comunidades con acceso a agua potable, gracias a Sumar Juntos.
📚Oportunidad laboral para los jóvenes de la Amazonía.
📲Descarga tus movimientos en Banca Móvil.",0,4,32,2,78.0K
2025-07-09 07:18:42,BancoPichincha,Apr 25,"Cada triunfo de Anahí Suárez nos recuerda que…
🎯 La perseverancia construye campeones.
🥈 La pasión lleva al podio.
🇪🇨 El orgullo de un país se corre con el corazón.
¡Felicidades por tu medalla de plata en el Campeonato Sudamericano de Atletismo!

#ElEsfuerzoTeDefine",0,33,237,9,149.0K
2025-07-09 08:28:01,BancoPichincha,Jun 30,"¿Tienes 40 segundos? Entérate de #LoNuevoEnBancoPichincha 💛
📲Pagar o cobrar con tu QR es ahora más fácil.
🎓Conoce la mejor iniciativa para empezar tu carrera laboral.
🏫 Voluntariado para apoyar a comunidad de Cayambe.",0,2,9,3,12.0K
2025-07-09 08:28:01,BancoPichincha,Jun 19,"🇪🇨 En Ecuador, 6 de cada 10 familias de zonas rurales aún no tienen acceso a agua potable. Conseguirla implica recorrer largas distancias o pagar altos costos.💧
Por eso, Banco Pichincha impulsa Sumar Juntos, iniciativa que ya ha cambiado la vida a más de 26 mil personas. 💛",0,26,124,9,157.0K
2025-07-09 08:28:01,BancoPichincha,Jun 16,"Hoy celebramos el esfuerzo de quienes, a pesar de la distancia, siempre están presentes. ✨
Porque detrás de cada envío que realizan, hay más que dinero… hay medicinas, educación, sueños y, sobre todo, ese amor de familia que nunca se pierde. 💛
#DíaInternacionalDeLasRemesas",0,3,29,3,57.0K
2025-07-09 08:28:01,BancoPichincha,Jun 12,"¡Celebramos 10 años formando a los líderes del mañana! 🚀
El mejor semillero de talento del país cumple una década.
444 estudiantes han vivido la experiencia de ser trainees durante 6 semanas en Futuros Líderes, una oportunidad que ha marcado su vida profesional. 💛",0,4,117,14,531.0K
2025-07-09 08:28:01,BancoPichincha,Jun 3,"Hay jugadores en la cancha… y tú. El número 12. ⚽
El que vibra y sufre cada partido.
El que nunca abandona, ni en la gloria ni en la derrota.
Has heredado esta pasión y la llevas como bandera.
Porque darlo todo por tu equipo, te define. 💛
@BarcelonaSC
@LDU_Oficial
@UCatolicaEC",0,28,324,12,791.0K
2025-07-09 08:28:01,BancoPichincha,Jun 2,"Confianza es creer que subir otra vez al podio del #GiroDItalia es posible. 🥉 
Gracias @RichardCarapazM por hacernos vivir momentos como estos. 💛 #ElEsfuerzoTeDefine",1,55,770,8,201.0K
2025-07-09 08:28:01,BancoPichincha,Jun 1,"Una vez más @RichardCarapazM dejó su huella en la historia del ciclismo. 🥉
¡Que orgullo verte en el podio del #GiroDItalia, el quinto en una gran vuelta! 🚴‍♂️
No es casualidad. Es levantarse cuando todos piensan que ya lo diste todo. 
Sí, Locomotora 🚂, #ElEsfuerzoTeDefine",1,55,635,1,77.0K
2025-07-09 08:28:01,BancoPichincha,May 30,"En menos de 1 minuto puedes enterarte de #LoNuevoEnBancoPichincha 💛
💰 Ahorrar a tu ritmo es más fácil gracias a Banca Móvil.
👩🏻‍💼 Seguimos apostando por el emprendimiento femenino. 
🏧 Inauguramos un nuevo cajero en Galápagos.",0,2,23,4,81.0K
2025-07-09 08:28:01,BancoPichincha,May 21,"¡Qué grande eres @RichardCarapazM! 🚂
Lo dejaste todo en la montaña y cruzaste la meta en solitario en la etapa 11 del #GiroDItalia. 🚵
No solo ganaste, volviste a demostrar que nunca hay que dejar de luchar. 💪🏻
El aliento del Ecuador entero te acompaña.🇪🇨
#ElEsfuerzoTeDefine",1,58,473,5,71.0K
2025-07-09 08:28:01,BancoPichincha,May 15,"¡Felicidades @UCatolicaEC! 🩵
Hoy nos unimos a la celebración de los hinchas del #TrencitoAzul que generación tras generación han alentado a la #Chatoleí en estos 62 años. 🎉",0,12,88,2,72.0K
2025-07-09 08:28:01,BancoPichincha,May 14,"¡Tú eres el jugador 12! ⚽
El que lo da todo por los colores de su equipo en casa, en el estadio y por todo el país. 
Y esta es una herencia que has convertido en legado, porque el esfuerzo de darlo todo por tu equipo, te define. 💛
@BarcelonaSC
@LDU_Oficial
@UCatolicaEC",0,22,219,13,689.0K
2025-07-09 08:28:01,BancoPichincha,May 9,"¡Anahí Ortiz es una de las mejores ajedrecistas del continente! 👏
♟️ Detrás de cada una de sus partidas hay años de sacrificio y perseverancia. Hoy celebramos su segundo lugar en el Campeonato Continental Femenino de Ajedrez de las Américas.🥈🇪🇨
#ElEsfuerzoTeDefine",0,10,52,0,21.0K
2025-07-09 08:28:01,BancoPichincha,May 9,"Todo empezó con un dibujo, un desayuno, un regalo hecho con amor. 🥰
Lo que parecía un juego, hoy es un sueño cumplido. ✨
Porque confianza es creer, incluso cuando nadie más lo hace… y tú, mamá, confiaste siempre. 💛
¡Feliz día! 👩🏻‍🍼
#diadelamadre",0,3,25,2,36.0K
2025-07-09 08:28:01,BancoPichincha,May 8,"Porque #ElEsfuerzoTeDefine, queremos verte de nuevo en lo más alto, @RichardCarapazM 🚂
Pedaleamos contigo en el #GirodItalia 💛",1,10,77,0,27.0K
2025-07-09 08:28:01,BancoPichincha,May 8,"100 años de esfuerzo. 💛
100 hinchas que festejaron el centenario de @BarcelonaSC como se merece: en la cancha del 🏟️ estadio Banco Pichincha, en casa, siendo protagonistas de la celebración.
Porque ser torero, es ser parte de una pasión que no se apaga. 🔥",16,14,81,3,47.0K
2025-07-09 08:28:01,BancoPichincha,May 7,"Gracias a Sumar Juntos, un proyecto de Banco Pichincha, cada vez más comunidades se benefician de la instalación de sistemas de agua potable. Esto contribuye a una mejor nutrición de los niños y a una mayor asistencia a escuelas en las zonas rurales del país.",0,19,150,6,443.0K
2025-07-09 08:28:01,BancoPichincha,May 1,"100 años de historia. 
100 años de esfuerzo. 
100 hitos inolvidables. 
@BarcelonaSC hoy celebramos el legado que has construido y que perdurará en la memoria de los hinchas toreros. 💛
¡Felicitaciones, ídolo! 
#CentenarioBSC",0,112,486,10,85.0K
2025-07-09 08:28:01,BancoPichincha,Apr 30,"En 39 segundos, te contamos lo #NuevoEnBancoPichincha para cerrar abril con buenas noticias. 💛

💧Más comunidades con acceso a agua potable, gracias a Sumar Juntos.
📚Oportunidad laboral para los jóvenes de la Amazonía.
📲Descarga tus movimientos en Banca Móvil.",0,4,32,2,78.0K
2025-07-09 08:28:01,BancoPichincha,Apr 25,"Cada triunfo de Anahí Suárez nos recuerda que…
🎯 La perseverancia construye campeones.
🥈 La pasión lleva al podio.
🇪🇨 El orgullo de un país se corre con el corazón.
¡Felicidades por tu medalla de plata en el Campeonato Sudamericano de Atletismo!

#ElEsfuerzoTeDefine",0,32,237,9,149.0K
2025-07-09 09:23:35,BancoPichincha,Jun 30,"¿Tienes 40 segundos? Entérate de #LoNuevoEnBancoPichincha 💛
📲Pagar o cobrar con tu QR es ahora más fácil.
🎓Conoce la mejor iniciativa para empezar tu carrera laboral.
🏫 Voluntariado para apoyar a comunidad de Cayambe.",0,2,9,3,12.0K
2025-07-09 09:23:35,BancoPichincha,Jun 19,"🇪🇨 En Ecuador, 6 de cada 10 familias de zonas rurales aún no tienen acceso a agua potable. Conseguirla implica recorrer largas distancias o pagar altos costos.💧
Por eso, Banco Pichincha impulsa Sumar Juntos, iniciativa que ya ha cambiado la vida a más de 26 mil personas. 💛",0,26,124,9,157.0K
2025-07-09 09:23:35,BancoPichincha,Jun 16,"Hoy celebramos el esfuerzo de quienes, a pesar de la distancia, siempre están presentes. ✨
Porque detrás de cada envío que realizan, hay más que dinero… hay medicinas, educación, sueños y, sobre todo, ese amor de familia que nunca se pierde. 💛
#DíaInternacionalDeLasRemesas",0,3,29,3,57.0K
2025-07-09 09:23:35,BancoPichincha,Jun 12,"¡Celebramos 10 años formando a los líderes del mañana! 🚀
El mejor semillero de talento del país cumple una década.
444 estudiantes han vivido la experiencia de ser trainees durante 6 semanas en Futuros Líderes, una oportunidad que ha marcado su vida profesional. 💛",0,4,117,14,531.0K
2025-07-09 09:23:35,BancoPichincha,Jun 3,"Hay jugadores en la cancha… y tú. El número 12. ⚽
El que vibra y sufre cada partido.
El que nunca abandona, ni en la gloria ni en la derrota.
Has heredado esta pasión y la llevas como bandera.
Porque darlo todo por tu equipo, te define. 💛
@BarcelonaSC
@LDU_Oficial
@UCatolicaEC",0,28,324,12,791.0K
2025-07-09 09:23:35,BancoPichincha,Jun 2,"Confianza es creer que subir otra vez al podio del #GiroDItalia es posible. 🥉 
Gracias @RichardCarapazM por hacernos vivir momentos como estos. 💛 #ElEsfuerzoTeDefine",1,55,770,8,201.0K
2025-07-09 09:23:35,BancoPichincha,Jun 1,"Una vez más @RichardCarapazM dejó su huella en la historia del ciclismo. 🥉
¡Que orgullo verte en el podio del #GiroDItalia, el quinto en una gran vuelta! 🚴‍♂️
No es casualidad. Es levantarse cuando todos piensan que ya lo diste todo. 
Sí, Locomotora 🚂, #ElEsfuerzoTeDefine",1,55,635,1,77.0K
2025-07-09 09:23:35,BancoPichincha,May 30,"En menos de 1 minuto puedes enterarte de #LoNuevoEnBancoPichincha 💛
💰 Ahorrar a tu ritmo es más fácil gracias a Banca Móvil.
👩🏻‍💼 Seguimos apostando por el emprendimiento femenino. 
🏧 Inauguramos un nuevo cajero en Galápagos.",0,2,23,4,81.0K
2025-07-09 09:23:35,BancoPichincha,May 21,"¡Qué grande eres @RichardCarapazM! 🚂
Lo dejaste todo en la montaña y cruzaste la meta en solitario en la etapa 11 del #GiroDItalia. 🚵
No solo ganaste, volviste a demostrar que nunca hay que dejar de luchar. 💪🏻
El aliento del Ecuador entero te acompaña.🇪🇨
#ElEsfuerzoTeDefine",1,58,473,5,71.0K
2025-07-09 09:23:35,BancoPichincha,May 15,"¡Felicidades @UCatolicaEC! 🩵
Hoy nos unimos a la celebración de los hinchas del #TrencitoAzul que generación tras generación han alentado a la #Chatoleí en estos 62 años. 🎉",0,12,88,2,72.0K
2025-07-09 09:23:35,BancoPichincha,May 14,"¡Tú eres el jugador 12! ⚽
El que lo da todo por los colores de su equipo en casa, en el estadio y por todo el país. 
Y esta es una herencia que has convertido en legado, porque el esfuerzo de darlo todo por tu equipo, te define. 💛
@BarcelonaSC
@LDU_Oficial
@UCatolicaEC",0,22,219,13,689.0K
2025-07-09 09:23:35,BancoPichincha,May 9,"¡Anahí Ortiz es una de las mejores ajedrecistas del continente! 👏
♟️ Detrás de cada una de sus partidas hay años de sacrificio y perseverancia. Hoy celebramos su segundo lugar en el Campeonato Continental Femenino de Ajedrez de las Américas.🥈🇪🇨
#ElEsfuerzoTeDefine",0,10,52,0,21.0K
2025-07-09 09:23:35,BancoPichincha,May 9,"Todo empezó con un dibujo, un desayuno, un regalo hecho con amor. 🥰
Lo que parecía un juego, hoy es un sueño cumplido. ✨
Porque confianza es creer, incluso cuando nadie más lo hace… y tú, mamá, confiaste siempre. 💛
¡Feliz día! 👩🏻‍🍼
#diadelamadre",0,3,25,2,36.0K
2025-07-09 09:23:35,BancoPichincha,May 8,"Porque #ElEsfuerzoTeDefine, queremos verte de nuevo en lo más alto, @RichardCarapazM 🚂
Pedaleamos contigo en el #GirodItalia 💛",1,10,77,0,27.0K
2025-07-09 09:23:35,BancoPichincha,May 8,"100 años de esfuerzo. 💛
100 hinchas que festejaron el centenario de @BarcelonaSC como se merece: en la cancha del 🏟️ estadio Banco Pichincha, en casa, siendo protagonistas de la celebración.
Porque ser torero, es ser parte de una pasión que no se apaga. 🔥",16,14,81,3,47.0K
2025-07-09 09:23:35,BancoPichincha,May 7,"Gracias a Sumar Juntos, un proyecto de Banco Pichincha, cada vez más comunidades se benefician de la instalación de sistemas de agua potable. Esto contribuye a una mejor nutrición de los niños y a una mayor asistencia a escuelas en las zonas rurales del país.",0,19,150,6,443.0K
2025-07-09 09:23:35,BancoPichincha,May 1,"100 años de historia. 
100 años de esfuerzo. 
100 hitos inolvidables. 
@BarcelonaSC hoy celebramos el legado que has construido y que perdurará en la memoria de los hinchas toreros. 💛
¡Felicitaciones, ídolo! 
#CentenarioBSC",0,112,486,10,85.0K
2025-07-09 09:23:35,BancoPichincha,Apr 30,"En 39 segundos, te contamos lo #NuevoEnBancoPichincha para cerrar abril con buenas noticias. 💛

💧Más comunidades con acceso a agua potable, gracias a Sumar Juntos.
📚Oportunidad laboral para los jóvenes de la Amazonía.
📲Descarga tus movimientos en Banca Móvil.",0,4,32,2,78.0K
2025-07-09 09:23:35,BancoPichincha,Apr 25,"Cada triunfo de Anahí Suárez nos recuerda que…
🎯 La perseverancia construye campeones.
🥈 La pasión lleva al podio.
🇪🇨 El orgullo de un país se corre con el corazón.
¡Felicidades por tu medalla de plata en el Campeonato Sudamericano de Atletismo!

#ElEsfuerzoTeDefine",0,32,237,9,149.0K
2025-07-09 10:22:33,BancoPichincha,Jun 30,"¿Tienes 40 segundos? Entérate de #LoNuevoEnBancoPichincha 💛
📲Pagar o cobrar con tu QR es ahora más fácil.
🎓Conoce la mejor iniciativa para empezar tu carrera laboral.
🏫 Voluntariado para apoyar a comunidad de Cayambe.",0,2,9,3,12.0K
2025-07-09 10:22:33,BancoPichincha,Jun 19,"🇪🇨 En Ecuador, 6 de cada 10 familias de zonas rurales aún no tienen acceso a agua potable. Conseguirla implica recorrer largas distancias o pagar altos costos.💧
Por eso, Banco Pichincha impulsa Sumar Juntos, iniciativa que ya ha cambiado la vida a más de 26 mil personas. 💛",0,26,124,9,157.0K
2025-07-09 10:22:33,BancoPichincha,Jun 16,"Hoy celebramos el esfuerzo de quienes, a pesar de la distancia, siempre están presentes. ✨
Porque detrás de cada envío que realizan, hay más que dinero… hay medicinas, educación, sueños y, sobre todo, ese amor de familia que nunca se pierde. 💛
#DíaInternacionalDeLasRemesas",0,3,29,3,57.0K
2025-07-09 10:22:33,BancoPichincha,Jun 12,"¡Celebramos 10 años formando a los líderes del mañana! 🚀
El mejor semillero de talento del país cumple una década.
444 estudiantes han vivido la experiencia de ser trainees durante 6 semanas en Futuros Líderes, una oportunidad que ha marcado su vida profesional. 💛",0,4,117,14,531.0K
2025-07-09 10:22:33,BancoPichincha,Jun 3,"Hay jugadores en la cancha… y tú. El número 12. ⚽
El que vibra y sufre cada partido.
El que nunca abandona, ni en la gloria ni en la derrota.
Has heredado esta pasión y la llevas como bandera.
Porque darlo todo por tu equipo, te define. 💛
@BarcelonaSC
@LDU_Oficial
@UCatolicaEC",0,28,324,12,791.0K
2025-07-09 10:22:33,BancoPichincha,Jun 2,"Confianza es creer que subir otra vez al podio del #GiroDItalia es posible. 🥉 
Gracias @RichardCarapazM por hacernos vivir momentos como estos. 💛 #ElEsfuerzoTeDefine",1,55,770,8,201.0K
2025-07-09 10:22:33,BancoPichincha,Jun 1,"Una vez más @RichardCarapazM dejó su huella en la historia del ciclismo. 🥉
¡Que orgullo verte en el podio del #GiroDItalia, el quinto en una gran vuelta! 🚴‍♂️
No es casualidad. Es levantarse cuando todos piensan que ya lo diste todo. 
Sí, Locomotora 🚂, #ElEsfuerzoTeDefine",1,55,635,1,77.0K
2025-07-09 10:22:33,BancoPichincha,May 30,"En menos de 1 minuto puedes enterarte de #LoNuevoEnBancoPichincha 💛
💰 Ahorrar a tu ritmo es más fácil gracias a Banca Móvil.
👩🏻‍💼 Seguimos apostando por el emprendimiento femenino. 
🏧 Inauguramos un nuevo cajero en Galápagos.",0,2,23,4,81.0K
2025-07-09 10:22:33,BancoPichincha,May 21,"¡Qué grande eres @RichardCarapazM! 🚂
Lo dejaste todo en la montaña y cruzaste la meta en solitario en la etapa 11 del #GiroDItalia. 🚵
No solo ganaste, volviste a demostrar que nunca hay que dejar de luchar. 💪🏻
El aliento del Ecuador entero te acompaña.🇪🇨
#ElEsfuerzoTeDefine",1,58,473,5,71.0K
2025-07-09 10:22:33,BancoPichincha,May 15,"¡Felicidades @UCatolicaEC! 🩵
Hoy nos unimos a la celebración de los hinchas del #TrencitoAzul que generación tras generación han alentado a la #Chatoleí en estos 62 años. 🎉",0,12,88,2,72.0K
2025-07-09 10:22:33,BancoPichincha,May 14,"¡Tú eres el jugador 12! ⚽
El que lo da todo por los colores de su equipo en casa, en el estadio y por todo el país. 
Y esta es una herencia que has convertido en legado, porque el esfuerzo de darlo todo por tu equipo, te define. 💛
@BarcelonaSC
@LDU_Oficial
@UCatolicaEC",0,22,219,13,689.0K
2025-07-09 10:22:33,BancoPichincha,May 9,"¡Anahí Ortiz es una de las mejores ajedrecistas del continente! 👏
♟️ Detrás de cada una de sus partidas hay años de sacrificio y perseverancia. Hoy celebramos su segundo lugar en el Campeonato Continental Femenino de Ajedrez de las Américas.🥈🇪🇨
#ElEsfuerzoTeDefine",0,10,52,0,21.0K
2025-07-09 10:22:33,BancoPichincha,May 9,"Todo empezó con un dibujo, un desayuno, un regalo hecho con amor. 🥰
Lo que parecía un juego, hoy es un sueño cumplido. ✨
Porque confianza es creer, incluso cuando nadie más lo hace… y tú, mamá, confiaste siempre. 💛
¡Feliz día! 👩🏻‍🍼
#diadelamadre",0,3,25,2,36.0K
2025-07-09 10:22:33,BancoPichincha,May 8,"Porque #ElEsfuerzoTeDefine, queremos verte de nuevo en lo más alto, @RichardCarapazM 🚂
Pedaleamos contigo en el #GirodItalia 💛",1,10,77,0,27.0K
2025-07-09 10:22:33,BancoPichincha,May 8,"100 años de esfuerzo. 💛
100 hinchas que festejaron el centenario de @BarcelonaSC como se merece: en la cancha del 🏟️ estadio Banco Pichincha, en casa, siendo protagonistas de la celebración.
Porque ser torero, es ser parte de una pasión que no se apaga. 🔥",16,14,81,3,47.0K
2025-07-09 10:22:33,BancoPichincha,May 7,"Gracias a Sumar Juntos, un proyecto de Banco Pichincha, cada vez más comunidades se benefician de la instalación de sistemas de agua potable. Esto contribuye a una mejor nutrición de los niños y a una mayor asistencia a escuelas en las zonas rurales del país.",0,19,150,6,443.0K
2025-07-09 10:22:33,BancoPichincha,May 1,"100 años de historia. 
100 años de esfuerzo. 
100 hitos inolvidables. 
@BarcelonaSC hoy celebramos el legado que has construido y que perdurará en la memoria de los hinchas toreros. 💛
¡Felicitaciones, ídolo! 
#CentenarioBSC",0,112,486,10,85.0K
2025-07-09 10:22:33,BancoPichincha,Apr 30,"En 39 segundos, te contamos lo #NuevoEnBancoPichincha para cerrar abril con buenas noticias. 💛

💧Más comunidades con acceso a agua potable, gracias a Sumar Juntos.
📚Oportunidad laboral para los jóvenes de la Amazonía.
📲Descarga tus movimientos en Banca Móvil.",0,4,32,2,78.0K
2025-07-09 10:22:33,BancoPichincha,Apr 25,"Cada triunfo de Anahí Suárez nos recuerda que…
🎯 La perseverancia construye campeones.
🥈 La pasión lleva al podio.
🇪🇨 El orgullo de un país se corre con el corazón.
¡Felicidades por tu medalla de plata en el Campeonato Sudamericano de Atletismo!

#ElEsfuerzoTeDefine",0,32,237,9,149.0K
2025-07-09 11:17:56,BancoPichincha,Jun 30,"¿Tienes 40 segundos? Entérate de #LoNuevoEnBancoPichincha 💛
📲Pagar o cobrar con tu QR es ahora más fácil.
🎓Conoce la mejor iniciativa para empezar tu carrera laboral.
🏫 Voluntariado para apoyar a comunidad de Cayambe.",0,2,9,3,12.0K
2025-07-09 11:17:56,BancoPichincha,Jun 19,"🇪🇨 En Ecuador, 6 de cada 10 familias de zonas rurales aún no tienen acceso a agua potable. Conseguirla implica recorrer largas distancias o pagar altos costos.💧
Por eso, Banco Pichincha impulsa Sumar Juntos, iniciativa que ya ha cambiado la vida a más de 26 mil personas. 💛",0,26,124,9,157.0K
2025-07-09 11:17:56,BancoPichincha,Jun 16,"Hoy celebramos el esfuerzo de quienes, a pesar de la distancia, siempre están presentes. ✨
Porque detrás de cada envío que realizan, hay más que dinero… hay medicinas, educación, sueños y, sobre todo, ese amor de familia que nunca se pierde. 💛
#DíaInternacionalDeLasRemesas",0,3,29,3,57.0K
2025-07-09 11:17:56,BancoPichincha,Jun 12,"¡Celebramos 10 años formando a los líderes del mañana! 🚀
El mejor semillero de talento del país cumple una década.
444 estudiantes han vivido la experiencia de ser trainees durante 6 semanas en Futuros Líderes, una oportunidad que ha marcado su vida profesional. 💛",0,4,117,14,531.0K
2025-07-09 11:17:56,BancoPichincha,Jun 3,"Hay jugadores en la cancha… y tú. El número 12. ⚽
El que vibra y sufre cada partido.
El que nunca abandona, ni en la gloria ni en la derrota.
Has heredado esta pasión y la llevas como bandera.
Porque darlo todo por tu equipo, te define. 💛
@BarcelonaSC
@LDU_Oficial
@UCatolicaEC",0,28,324,12,791.0K
2025-07-09 11:17:56,BancoPichincha,Jun 2,"Confianza es creer que subir otra vez al podio del #GiroDItalia es posible. 🥉 
Gracias @RichardCarapazM por hacernos vivir momentos como estos. 💛 #ElEsfuerzoTeDefine",1,55,770,8,201.0K
2025-07-09 11:17:56,BancoPichincha,Jun 1,"Una vez más @RichardCarapazM dejó su huella en la historia del ciclismo. 🥉
¡Que orgullo verte en el podio del #GiroDItalia, el quinto en una gran vuelta! 🚴‍♂️
No es casualidad. Es levantarse cuando todos piensan que ya lo diste todo. 
Sí, Locomotora 🚂, #ElEsfuerzoTeDefine",1,55,635,1,77.0K
2025-07-09 11:17:56,BancoPichincha,May 30,"En menos de 1 minuto puedes enterarte de #LoNuevoEnBancoPichincha 💛
💰 Ahorrar a tu ritmo es más fácil gracias a Banca Móvil.
👩🏻‍💼 Seguimos apostando por el emprendimiento femenino. 
🏧 Inauguramos un nuevo cajero en Galápagos.",0,2,23,4,81.0K
2025-07-09 11:17:56,BancoPichincha,May 21,"¡Qué grande eres @RichardCarapazM! 🚂
Lo dejaste todo en la montaña y cruzaste la meta en solitario en la etapa 11 del #GiroDItalia. 🚵
No solo ganaste, volviste a demostrar que nunca hay que dejar de luchar. 💪🏻
El aliento del Ecuador entero te acompaña.🇪🇨
#ElEsfuerzoTeDefine",1,58,473,5,71.0K
2025-07-09 11:17:56,BancoPichincha,May 15,"¡Felicidades @UCatolicaEC! 🩵
Hoy nos unimos a la celebración de los hinchas del #TrencitoAzul que generación tras generación han alentado a la #Chatoleí en estos 62 años. 🎉",0,12,88,2,72.0K
2025-07-09 11:17:56,BancoPichincha,May 14,"¡Tú eres el jugador 12! ⚽
El que lo da todo por los colores de su equipo en casa, en el estadio y por todo el país. 
Y esta es una herencia que has convertido en legado, porque el esfuerzo de darlo todo por tu equipo, te define. 💛
@BarcelonaSC
@LDU_Oficial
@UCatolicaEC",0,22,219,13,689.0K
2025-07-09 11:17:56,BancoPichincha,May 9,"¡Anahí Ortiz es una de las mejores ajedrecistas del continente! 👏
♟️ Detrás de cada una de sus partidas hay años de sacrificio y perseverancia. Hoy celebramos su segundo lugar en el Campeonato Continental Femenino de Ajedrez de las Américas.🥈🇪🇨
#ElEsfuerzoTeDefine",0,10,52,0,21.0K
2025-07-09 11:17:56,BancoPichincha,May 9,"Todo empezó con un dibujo, un desayuno, un regalo hecho con amor. 🥰
Lo que parecía un juego, hoy es un sueño cumplido. ✨
Porque confianza es creer, incluso cuando nadie más lo hace… y tú, mamá, confiaste siempre. 💛
¡Feliz día! 👩🏻‍🍼
#diadelamadre",0,3,25,2,36.0K
2025-07-09 11:17:56,BancoPichincha,May 8,"Porque #ElEsfuerzoTeDefine, queremos verte de nuevo en lo más alto, @RichardCarapazM 🚂
Pedaleamos contigo en el #GirodItalia 💛",1,10,77,0,27.0K
2025-07-09 11:17:56,BancoPichincha,May 8,"100 años de esfuerzo. 💛
100 hinchas que festejaron el centenario de @BarcelonaSC como se merece: en la cancha del 🏟️ estadio Banco Pichincha, en casa, siendo protagonistas de la celebración.
Porque ser torero, es ser parte de una pasión que no se apaga. 🔥",16,14,81,3,47.0K
2025-07-09 11:17:56,BancoPichincha,May 7,"Gracias a Sumar Juntos, un proyecto de Banco Pichincha, cada vez más comunidades se benefician de la instalación de sistemas de agua potable. Esto contribuye a una mejor nutrición de los niños y a una mayor asistencia a escuelas en las zonas rurales del país.",0,19,150,6,443.0K
2025-07-09 11:17:56,BancoPichincha,May 1,"100 años de historia. 
100 años de esfuerzo. 
100 hitos inolvidables. 
@BarcelonaSC hoy celebramos el legado que has construido y que perdurará en la memoria de los hinchas toreros. 💛
¡Felicitaciones, ídolo! 
#CentenarioBSC",0,112,486,10,85.0K
2025-07-09 11:17:56,BancoPichincha,Apr 30,"En 39 segundos, te contamos lo #NuevoEnBancoPichincha para cerrar abril con buenas noticias. 💛

💧Más comunidades con acceso a agua potable, gracias a Sumar Juntos.
📚Oportunidad laboral para los jóvenes de la Amazonía.
📲Descarga tus movimientos en Banca Móvil.",0,4,32,2,78.0K
2025-07-09 11:17:56,BancoPichincha,Apr 25,"Cada triunfo de Anahí Suárez nos recuerda que…
🎯 La perseverancia construye campeones.
🥈 La pasión lleva al podio.
🇪🇨 El orgullo de un país se corre con el corazón.
¡Felicidades por tu medalla de plata en el Campeonato Sudamericano de Atletismo!

#ElEsfuerzoTeDefine",0,32,237,9,149.0K
2025-07-09 12:41:20,BancoPichincha,Jun 30,"¿Tienes 40 segundos? Entérate de #LoNuevoEnBancoPichincha 💛
📲Pagar o cobrar con tu QR es ahora más fácil.
🎓Conoce la mejor iniciativa para empezar tu carrera laboral.
🏫 Voluntariado para apoyar a comunidad de Cayambe.",0,2,9,3,12.0K
2025-07-09 12:41:20,BancoPichincha,Jun 19,"🇪🇨 En Ecuador, 6 de cada 10 familias de zonas rurales aún no tienen acceso a agua potable. Conseguirla implica recorrer largas distancias o pagar altos costos.💧
Por eso, Banco Pichincha impulsa Sumar Juntos, iniciativa que ya ha cambiado la vida a más de 26 mil personas. 💛",0,26,124,9,157.0K
2025-07-09 12:41:20,BancoPichincha,Jun 16,"Hoy celebramos el esfuerzo de quienes, a pesar de la distancia, siempre están presentes. ✨
Porque detrás de cada envío que realizan, hay más que dinero… hay medicinas, educación, sueños y, sobre todo, ese amor de familia que nunca se pierde. 💛
#DíaInternacionalDeLasRemesas",0,3,29,3,57.0K
2025-07-09 12:41:20,BancoPichincha,Jun 12,"¡Celebramos 10 años formando a los líderes del mañana! 🚀
El mejor semillero de talento del país cumple una década.
444 estudiantes han vivido la experiencia de ser trainees durante 6 semanas en Futuros Líderes, una oportunidad que ha marcado su vida profesional. 💛",0,4,117,14,531.0K
2025-07-09 12:41:20,BancoPichincha,Jun 3,"Hay jugadores en la cancha… y tú. El número 12. ⚽
El que vibra y sufre cada partido.
El que nunca abandona, ni en la gloria ni en la derrota.
Has heredado esta pasión y la llevas como bandera.
Porque darlo todo por tu equipo, te define. 💛
@BarcelonaSC
@LDU_Oficial
@UCatolicaEC",0,28,324,12,791.0K
2025-07-09 12:41:20,BancoPichincha,Jun 2,"Confianza es creer que subir otra vez al podio del #GiroDItalia es posible. 🥉 
Gracias @RichardCarapazM por hacernos vivir momentos como estos. 💛 #ElEsfuerzoTeDefine",1,55,770,8,201.0K
2025-07-09 12:41:20,BancoPichincha,Jun 1,"Una vez más @RichardCarapazM dejó su huella en la historia del ciclismo. 🥉
¡Que orgullo verte en el podio del #GiroDItalia, el quinto en una gran vuelta! 🚴‍♂️
No es casualidad. Es levantarse cuando todos piensan que ya lo diste todo. 
Sí, Locomotora 🚂, #ElEsfuerzoTeDefine",1,55,635,1,77.0K
2025-07-09 12:41:20,BancoPichincha,May 30,"En menos de 1 minuto puedes enterarte de #LoNuevoEnBancoPichincha 💛
💰 Ahorrar a tu ritmo es más fácil gracias a Banca Móvil.
👩🏻‍💼 Seguimos apostando por el emprendimiento femenino. 
🏧 Inauguramos un nuevo cajero en Galápagos.",0,2,23,4,81.0K
2025-07-09 12:41:20,BancoPichincha,May 21,"¡Qué grande eres @RichardCarapazM! 🚂
Lo dejaste todo en la montaña y cruzaste la meta en solitario en la etapa 11 del #GiroDItalia. 🚵
No solo ganaste, volviste a demostrar que nunca hay que dejar de luchar. 💪🏻
El aliento del Ecuador entero te acompaña.🇪🇨
#ElEsfuerzoTeDefine",1,58,473,5,71.0K
2025-07-09 12:41:20,BancoPichincha,May 15,"¡Felicidades @UCatolicaEC! 🩵
Hoy nos unimos a la celebración de los hinchas del #TrencitoAzul que generación tras generación han alentado a la #Chatoleí en estos 62 años. 🎉",0,12,88,2,72.0K
2025-07-09 12:41:20,BancoPichincha,May 14,"¡Tú eres el jugador 12! ⚽
El que lo da todo por los colores de su equipo en casa, en el estadio y por todo el país. 
Y esta es una herencia que has convertido en legado, porque el esfuerzo de darlo todo por tu equipo, te define. 💛
@BarcelonaSC
@LDU_Oficial
@UCatolicaEC",0,22,219,13,689.0K
2025-07-09 12:41:20,BancoPichincha,May 9,"¡Anahí Ortiz es una de las mejores ajedrecistas del continente! 👏
♟️ Detrás de cada una de sus partidas hay años de sacrificio y perseverancia. Hoy celebramos su segundo lugar en el Campeonato Continental Femenino de Ajedrez de las Américas.🥈🇪🇨
#ElEsfuerzoTeDefine",0,10,52,0,21.0K
2025-07-09 12:41:20,BancoPichincha,May 9,"Todo empezó con un dibujo, un desayuno, un regalo hecho con amor. 🥰
Lo que parecía un juego, hoy es un sueño cumplido. ✨
Porque confianza es creer, incluso cuando nadie más lo hace… y tú, mamá, confiaste siempre. 💛
¡Feliz día! 👩🏻‍🍼
#diadelamadre",0,3,25,2,36.0K
2025-07-09 12:41:20,BancoPichincha,May 8,"Porque #ElEsfuerzoTeDefine, queremos verte de nuevo en lo más alto, @RichardCarapazM 🚂
Pedaleamos contigo en el #GirodItalia 💛",1,10,77,0,27.0K
2025-07-09 12:41:20,BancoPichincha,May 8,"100 años de esfuerzo. 💛
100 hinchas que festejaron el centenario de @BarcelonaSC como se merece: en la cancha del 🏟️ estadio Banco Pichincha, en casa, siendo protagonistas de la celebración.
Porque ser torero, es ser parte de una pasión que no se apaga. 🔥",16,14,81,3,47.0K
2025-07-09 12:41:20,BancoPichincha,May 7,"Gracias a Sumar Juntos, un proyecto de Banco Pichincha, cada vez más comunidades se benefician de la instalación de sistemas de agua potable. Esto contribuye a una mejor nutrición de los niños y a una mayor asistencia a escuelas en las zonas rurales del país.",0,19,150,6,443.0K
2025-07-09 12:41:20,BancoPichincha,May 1,"100 años de historia. 
100 años de esfuerzo. 
100 hitos inolvidables. 
@BarcelonaSC hoy celebramos el legado que has construido y que perdurará en la memoria de los hinchas toreros. 💛
¡Felicitaciones, ídolo! 
#CentenarioBSC",0,112,486,10,85.0K
2025-07-09 12:41:20,BancoPichincha,Apr 30,"En 39 segundos, te contamos lo #NuevoEnBancoPichincha para cerrar abril con buenas noticias. 💛

💧Más comunidades con acceso a agua potable, gracias a Sumar Juntos.
📚Oportunidad laboral para los jóvenes de la Amazonía.
📲Descarga tus movimientos en Banca Móvil.",0,4,32,2,78.0K
2025-07-09 12:41:20,BancoPichincha,Apr 25,"Cada triunfo de Anahí Suárez nos recuerda que…
🎯 La perseverancia construye campeones.
🥈 La pasión lleva al podio.
🇪🇨 El orgullo de un país se corre con el corazón.
¡Felicidades por tu medalla de plata en el Campeonato Sudamericano de Atletismo!

#ElEsfuerzoTeDefine",0,32,237,9,149.0K
2025-07-09 15:22:01,BancoPichincha,Jun 30,"¿Tienes 40 segundos? Entérate de #LoNuevoEnBancoPichincha 💛
📲Pagar o cobrar con tu QR es ahora más fácil.
🎓Conoce la mejor iniciativa para empezar tu carrera laboral.
🏫 Voluntariado para apoyar a comunidad de Cayambe.",0,2,9,3,12.0K
2025-07-09 15:22:01,BancoPichincha,Jun 19,"🇪🇨 En Ecuador, 6 de cada 10 familias de zonas rurales aún no tienen acceso a agua potable. Conseguirla implica recorrer largas distancias o pagar altos costos.💧
Por eso, Banco Pichincha impulsa Sumar Juntos, iniciativa que ya ha cambiado la vida a más de 26 mil personas. 💛",0,26,124,9,157.0K
2025-07-09 15:22:01,BancoPichincha,Jun 16,"Hoy celebramos el esfuerzo de quienes, a pesar de la distancia, siempre están presentes. ✨
Porque detrás de cada envío que realizan, hay más que dinero… hay medicinas, educación, sueños y, sobre todo, ese amor de familia que nunca se pierde. 💛
#DíaInternacionalDeLasRemesas",0,3,29,3,57.0K
2025-07-09 15:22:01,BancoPichincha,Jun 12,"¡Celebramos 10 años formando a los líderes del mañana! 🚀
El mejor semillero de talento del país cumple una década.
444 estudiantes han vivido la experiencia de ser trainees durante 6 semanas en Futuros Líderes, una oportunidad que ha marcado su vida profesional. 💛",0,4,117,14,531.0K
2025-07-09 15:22:01,BancoPichincha,Jun 3,"Hay jugadores en la cancha… y tú. El número 12. ⚽
El que vibra y sufre cada partido.
El que nunca abandona, ni en la gloria ni en la derrota.
Has heredado esta pasión y la llevas como bandera.
Porque darlo todo por tu equipo, te define. 💛
@BarcelonaSC
@LDU_Oficial
@UCatolicaEC",0,28,324,12,791.0K
2025-07-09 15:22:01,BancoPichincha,Jun 2,"Confianza es creer que subir otra vez al podio del #GiroDItalia es posible. 🥉 
Gracias @RichardCarapazM por hacernos vivir momentos como estos. 💛 #ElEsfuerzoTeDefine",1,55,769,8,201.0K
2025-07-09 15:22:01,BancoPichincha,Jun 1,"Una vez más @RichardCarapazM dejó su huella en la historia del ciclismo. 🥉
¡Que orgullo verte en el podio del #GiroDItalia, el quinto en una gran vuelta! 🚴‍♂️
No es casualidad. Es levantarse cuando todos piensan que ya lo diste todo. 
Sí, Locomotora 🚂, #ElEsfuerzoTeDefine",1,55,635,1,77.0K
2025-07-09 15:22:01,BancoPichincha,May 30,"En menos de 1 minuto puedes enterarte de #LoNuevoEnBancoPichincha 💛
💰 Ahorrar a tu ritmo es más fácil gracias a Banca Móvil.
👩🏻‍💼 Seguimos apostando por el emprendimiento femenino. 
🏧 Inauguramos un nuevo cajero en Galápagos.",0,2,23,4,81.0K
2025-07-09 15:22:01,BancoPichincha,May 21,"¡Qué grande eres @RichardCarapazM! 🚂
Lo dejaste todo en la montaña y cruzaste la meta en solitario en la etapa 11 del #GiroDItalia. 🚵
No solo ganaste, volviste a demostrar que nunca hay que dejar de luchar. 💪🏻
El aliento del Ecuador entero te acompaña.🇪🇨
#ElEsfuerzoTeDefine",1,58,473,5,71.0K
2025-07-09 15:22:01,BancoPichincha,May 15,"¡Felicidades @UCatolicaEC! 🩵
Hoy nos unimos a la celebración de los hinchas del #TrencitoAzul que generación tras generación han alentado a la #Chatoleí en estos 62 años. 🎉",0,12,88,2,72.0K
2025-07-09 15:22:01,BancoPichincha,May 14,"¡Tú eres el jugador 12! ⚽
El que lo da todo por los colores de su equipo en casa, en el estadio y por todo el país. 
Y esta es una herencia que has convertido en legado, porque el esfuerzo de darlo todo por tu equipo, te define. 💛
@BarcelonaSC
@LDU_Oficial
@UCatolicaEC",0,22,219,13,689.0K
2025-07-09 15:22:01,BancoPichincha,May 9,"¡Anahí Ortiz es una de las mejores ajedrecistas del continente! 👏
♟️ Detrás de cada una de sus partidas hay años de sacrificio y perseverancia. Hoy celebramos su segundo lugar en el Campeonato Continental Femenino de Ajedrez de las Américas.🥈🇪🇨
#ElEsfuerzoTeDefine",0,10,52,0,21.0K
2025-07-09 15:22:01,BancoPichincha,May 9,"Todo empezó con un dibujo, un desayuno, un regalo hecho con amor. 🥰
Lo que parecía un juego, hoy es un sueño cumplido. ✨
Porque confianza es creer, incluso cuando nadie más lo hace… y tú, mamá, confiaste siempre. 💛
¡Feliz día! 👩🏻‍🍼
#diadelamadre",0,3,25,2,36.0K
2025-07-09 15:22:01,BancoPichincha,May 8,"Porque #ElEsfuerzoTeDefine, queremos verte de nuevo en lo más alto, @RichardCarapazM 🚂
Pedaleamos contigo en el #GirodItalia 💛",1,10,77,0,27.0K
2025-07-09 15:22:01,BancoPichincha,May 8,"100 años de esfuerzo. 💛
100 hinchas que festejaron el centenario de @BarcelonaSC como se merece: en la cancha del 🏟️ estadio Banco Pichincha, en casa, siendo protagonistas de la celebración.
Porque ser torero, es ser parte de una pasión que no se apaga. 🔥",16,14,81,3,47.0K
2025-07-09 15:22:01,BancoPichincha,May 7,"Gracias a Sumar Juntos, un proyecto de Banco Pichincha, cada vez más comunidades se benefician de la instalación de sistemas de agua potable. Esto contribuye a una mejor nutrición de los niños y a una mayor asistencia a escuelas en las zonas rurales del país.",0,19,150,6,443.0K
2025-07-09 15:22:01,BancoPichincha,May 1,"100 años de historia. 
100 años de esfuerzo. 
100 hitos inolvidables. 
@BarcelonaSC hoy celebramos el legado que has construido y que perdurará en la memoria de los hinchas toreros. 💛
¡Felicitaciones, ídolo! 
#CentenarioBSC",0,112,486,10,85.0K
2025-07-09 15:22:01,BancoPichincha,Apr 30,"En 39 segundos, te contamos lo #NuevoEnBancoPichincha para cerrar abril con buenas noticias. 💛

💧Más comunidades con acceso a agua potable, gracias a Sumar Juntos.
📚Oportunidad laboral para los jóvenes de la Amazonía.
📲Descarga tus movimientos en Banca Móvil.",0,4,32,2,78.0K
2025-07-09 15:22:01,BancoPichincha,Apr 25,"Cada triunfo de Anahí Suárez nos recuerda que…
🎯 La perseverancia construye campeones.
🥈 La pasión lleva al podio.
🇪🇨 El orgullo de un país se corre con el corazón.
¡Felicidades por tu medalla de plata en el Campeonato Sudamericano de Atletismo!

#ElEsfuerzoTeDefine",0,32,237,9,149.0K
2025-07-09 16:24:28,BancoPichincha,Jun 30,"¿Tienes 40 segundos? Entérate de #LoNuevoEnBancoPichincha 💛
📲Pagar o cobrar con tu QR es ahora más fácil.
🎓Conoce la mejor iniciativa para empezar tu carrera laboral.
🏫 Voluntariado para apoyar a comunidad de Cayambe.",0,2,9,3,12.0K
2025-07-09 16:24:28,BancoPichincha,Jun 19,"🇪🇨 En Ecuador, 6 de cada 10 familias de zonas rurales aún no tienen acceso a agua potable. Conseguirla implica recorrer largas distancias o pagar altos costos.💧
Por eso, Banco Pichincha impulsa Sumar Juntos, iniciativa que ya ha cambiado la vida a más de 26 mil personas. 💛",0,26,124,9,157.0K
2025-07-09 16:24:28,BancoPichincha,Jun 16,"Hoy celebramos el esfuerzo de quienes, a pesar de la distancia, siempre están presentes. ✨
Porque detrás de cada envío que realizan, hay más que dinero… hay medicinas, educación, sueños y, sobre todo, ese amor de familia que nunca se pierde. 💛
#DíaInternacionalDeLasRemesas",0,3,29,3,57.0K
2025-07-09 16:24:28,BancoPichincha,Jun 12,"¡Celebramos 10 años formando a los líderes del mañana! 🚀
El mejor semillero de talento del país cumple una década.
444 estudiantes han vivido la experiencia de ser trainees durante 6 semanas en Futuros Líderes, una oportunidad que ha marcado su vida profesional. 💛",0,4,117,14,531.0K
2025-07-09 16:24:28,BancoPichincha,Jun 3,"Hay jugadores en la cancha… y tú. El número 12. ⚽
El que vibra y sufre cada partido.
El que nunca abandona, ni en la gloria ni en la derrota.
Has heredado esta pasión y la llevas como bandera.
Porque darlo todo por tu equipo, te define. 💛
@BarcelonaSC
@LDU_Oficial
@UCatolicaEC",0,28,324,12,791.0K
2025-07-09 16:24:28,BancoPichincha,Jun 2,"Confianza es creer que subir otra vez al podio del #GiroDItalia es posible. 🥉 
Gracias @RichardCarapazM por hacernos vivir momentos como estos. 💛 #ElEsfuerzoTeDefine",1,55,769,8,201.0K
2025-07-09 16:24:28,BancoPichincha,Jun 1,"Una vez más @RichardCarapazM dejó su huella en la historia del ciclismo. 🥉
¡Que orgullo verte en el podio del #GiroDItalia, el quinto en una gran vuelta! 🚴‍♂️
No es casualidad. Es levantarse cuando todos piensan que ya lo diste todo. 
Sí, Locomotora 🚂, #ElEsfuerzoTeDefine",1,55,635,1,77.0K
2025-07-09 16:24:28,BancoPichincha,May 30,"En menos de 1 minuto puedes enterarte de #LoNuevoEnBancoPichincha 💛
💰 Ahorrar a tu ritmo es más fácil gracias a Banca Móvil.
👩🏻‍💼 Seguimos apostando por el emprendimiento femenino. 
🏧 Inauguramos un nuevo cajero en Galápagos.",0,2,23,4,81.0K
2025-07-09 16:24:28,BancoPichincha,May 21,"¡Qué grande eres @RichardCarapazM! 🚂
Lo dejaste todo en la montaña y cruzaste la meta en solitario en la etapa 11 del #GiroDItalia. 🚵
No solo ganaste, volviste a demostrar que nunca hay que dejar de luchar. 💪🏻
El aliento del Ecuador entero te acompaña.🇪🇨
#ElEsfuerzoTeDefine",1,58,473,5,71.0K
2025-07-09 16:24:28,BancoPichincha,May 15,"¡Felicidades @UCatolicaEC! 🩵
Hoy nos unimos a la celebración de los hinchas del #TrencitoAzul que generación tras generación han alentado a la #Chatoleí en estos 62 años. 🎉",0,12,88,2,72.0K
2025-07-09 16:24:28,BancoPichincha,May 14,"¡Tú eres el jugador 12! ⚽
El que lo da todo por los colores de su equipo en casa, en el estadio y por todo el país. 
Y esta es una herencia que has convertido en legado, porque el esfuerzo de darlo todo por tu equipo, te define. 💛
@BarcelonaSC
@LDU_Oficial
@UCatolicaEC",0,22,218,13,689.0K
2025-07-09 16:24:28,BancoPichincha,May 9,"¡Anahí Ortiz es una de las mejores ajedrecistas del continente! 👏
♟️ Detrás de cada una de sus partidas hay años de sacrificio y perseverancia. Hoy celebramos su segundo lugar en el Campeonato Continental Femenino de Ajedrez de las Américas.🥈🇪🇨
#ElEsfuerzoTeDefine",0,10,52,0,21.0K
2025-07-09 16:24:28,BancoPichincha,May 9,"Todo empezó con un dibujo, un desayuno, un regalo hecho con amor. 🥰
Lo que parecía un juego, hoy es un sueño cumplido. ✨
Porque confianza es creer, incluso cuando nadie más lo hace… y tú, mamá, confiaste siempre. 💛
¡Feliz día! 👩🏻‍🍼
#diadelamadre",0,3,25,2,36.0K
2025-07-09 16:24:28,BancoPichincha,May 8,"Porque #ElEsfuerzoTeDefine, queremos verte de nuevo en lo más alto, @RichardCarapazM 🚂
Pedaleamos contigo en el #GirodItalia 💛",1,10,77,0,27.0K
2025-07-09 16:24:28,BancoPichincha,May 8,"100 años de esfuerzo. 💛
100 hinchas que festejaron el centenario de @BarcelonaSC como se merece: en la cancha del 🏟️ estadio Banco Pichincha, en casa, siendo protagonistas de la celebración.
Porque ser torero, es ser parte de una pasión que no se apaga. 🔥",16,14,81,3,47.0K
2025-07-09 16:24:28,BancoPichincha,May 7,"Gracias a Sumar Juntos, un proyecto de Banco Pichincha, cada vez más comunidades se benefician de la instalación de sistemas de agua potable. Esto contribuye a una mejor nutrición de los niños y a una mayor asistencia a escuelas en las zonas rurales del país.",0,19,150,6,443.0K
2025-07-09 16:24:28,BancoPichincha,May 1,"100 años de historia. 
100 años de esfuerzo. 
100 hitos inolvidables. 
@BarcelonaSC hoy celebramos el legado que has construido y que perdurará en la memoria de los hinchas toreros. 💛
¡Felicitaciones, ídolo! 
#CentenarioBSC",0,112,486,10,85.0K
2025-07-09 16:24:28,BancoPichincha,Apr 30,"En 39 segundos, te contamos lo #NuevoEnBancoPichincha para cerrar abril con buenas noticias. 💛

💧Más comunidades con acceso a agua potable, gracias a Sumar Juntos.
📚Oportunidad laboral para los jóvenes de la Amazonía.
📲Descarga tus movimientos en Banca Móvil.",0,4,32,2,78.0K
2025-07-09 16:24:28,BancoPichincha,Apr 25,"Cada triunfo de Anahí Suárez nos recuerda que…
🎯 La perseverancia construye campeones.
🥈 La pasión lleva al podio.
🇪🇨 El orgullo de un país se corre con el corazón.
¡Felicidades por tu medalla de plata en el Campeonato Sudamericano de Atletismo!

#ElEsfuerzoTeDefine",0,32,237,9,149.0K
2025-07-09 17:19:48,BancoPichincha,Jun 30,"¿Tienes 40 segundos? Entérate de #LoNuevoEnBancoPichincha 💛
📲Pagar o cobrar con tu QR es ahora más fácil.
🎓Conoce la mejor iniciativa para empezar tu carrera laboral.
🏫 Voluntariado para apoyar a comunidad de Cayambe.",0,2,9,3,12.0K
2025-07-09 17:19:48,BancoPichincha,Jun 19,"🇪🇨 En Ecuador, 6 de cada 10 familias de zonas rurales aún no tienen acceso a agua potable. Conseguirla implica recorrer largas distancias o pagar altos costos.💧
Por eso, Banco Pichincha impulsa Sumar Juntos, iniciativa que ya ha cambiado la vida a más de 26 mil personas. 💛",0,26,124,9,157.0K
2025-07-09 17:19:48,BancoPichincha,Jun 16,"Hoy celebramos el esfuerzo de quienes, a pesar de la distancia, siempre están presentes. ✨
Porque detrás de cada envío que realizan, hay más que dinero… hay medicinas, educación, sueños y, sobre todo, ese amor de familia que nunca se pierde. 💛
#DíaInternacionalDeLasRemesas",0,3,29,3,57.0K
2025-07-09 17:19:48,BancoPichincha,Jun 12,"¡Celebramos 10 años formando a los líderes del mañana! 🚀
El mejor semillero de talento del país cumple una década.
444 estudiantes han vivido la experiencia de ser trainees durante 6 semanas en Futuros Líderes, una oportunidad que ha marcado su vida profesional. 💛",0,4,117,14,531.0K
2025-07-09 17:19:48,BancoPichincha,Jun 3,"Hay jugadores en la cancha… y tú. El número 12. ⚽
El que vibra y sufre cada partido.
El que nunca abandona, ni en la gloria ni en la derrota.
Has heredado esta pasión y la llevas como bandera.
Porque darlo todo por tu equipo, te define. 💛
@BarcelonaSC
@LDU_Oficial
@UCatolicaEC",0,28,324,12,791.0K
2025-07-09 17:19:48,BancoPichincha,Jun 2,"Confianza es creer que subir otra vez al podio del #GiroDItalia es posible. 🥉 
Gracias @RichardCarapazM por hacernos vivir momentos como estos. 💛 #ElEsfuerzoTeDefine",1,55,769,8,201.0K
2025-07-09 17:19:48,BancoPichincha,Jun 1,"Una vez más @RichardCarapazM dejó su huella en la historia del ciclismo. 🥉
¡Que orgullo verte en el podio del #GiroDItalia, el quinto en una gran vuelta! 🚴‍♂️
No es casualidad. Es levantarse cuando todos piensan que ya lo diste todo. 
Sí, Locomotora 🚂, #ElEsfuerzoTeDefine",1,55,635,1,77.0K
2025-07-09 17:19:48,BancoPichincha,May 30,"En menos de 1 minuto puedes enterarte de #LoNuevoEnBancoPichincha 💛
💰 Ahorrar a tu ritmo es más fácil gracias a Banca Móvil.
👩🏻‍💼 Seguimos apostando por el emprendimiento femenino. 
🏧 Inauguramos un nuevo cajero en Galápagos.",0,2,23,4,81.0K
2025-07-09 17:19:48,BancoPichincha,May 21,"¡Qué grande eres @RichardCarapazM! 🚂
Lo dejaste todo en la montaña y cruzaste la meta en solitario en la etapa 11 del #GiroDItalia. 🚵
No solo ganaste, volviste a demostrar que nunca hay que dejar de luchar. 💪🏻
El aliento del Ecuador entero te acompaña.🇪🇨
#ElEsfuerzoTeDefine",1,58,473,5,71.0K
2025-07-09 17:19:48,BancoPichincha,May 15,"¡Felicidades @UCatolicaEC! 🩵
Hoy nos unimos a la celebración de los hinchas del #TrencitoAzul que generación tras generación han alentado a la #Chatoleí en estos 62 años. 🎉",0,12,88,2,72.0K
2025-07-09 17:19:48,BancoPichincha,May 14,"¡Tú eres el jugador 12! ⚽
El que lo da todo por los colores de su equipo en casa, en el estadio y por todo el país. 
Y esta es una herencia que has convertido en legado, porque el esfuerzo de darlo todo por tu equipo, te define. 💛
@BarcelonaSC
@LDU_Oficial
@UCatolicaEC",0,22,218,13,689.0K
2025-07-09 17:19:48,BancoPichincha,May 9,"¡Anahí Ortiz es una de las mejores ajedrecistas del continente! 👏
♟️ Detrás de cada una de sus partidas hay años de sacrificio y perseverancia. Hoy celebramos su segundo lugar en el Campeonato Continental Femenino de Ajedrez de las Américas.🥈🇪🇨
#ElEsfuerzoTeDefine",0,10,52,0,21.0K
2025-07-09 17:19:48,BancoPichincha,May 9,"Todo empezó con un dibujo, un desayuno, un regalo hecho con amor. 🥰
Lo que parecía un juego, hoy es un sueño cumplido. ✨
Porque confianza es creer, incluso cuando nadie más lo hace… y tú, mamá, confiaste siempre. 💛
¡Feliz día! 👩🏻‍🍼
#diadelamadre",0,3,25,2,36.0K
2025-07-09 17:19:48,BancoPichincha,May 8,"Porque #ElEsfuerzoTeDefine, queremos verte de nuevo en lo más alto, @RichardCarapazM 🚂
Pedaleamos contigo en el #GirodItalia 💛",1,10,77,0,27.0K
2025-07-09 17:19:48,BancoPichincha,May 8,"100 años de esfuerzo. 💛
100 hinchas que festejaron el centenario de @BarcelonaSC como se merece: en la cancha del 🏟️ estadio Banco Pichincha, en casa, siendo protagonistas de la celebración.
Porque ser torero, es ser parte de una pasión que no se apaga. 🔥",16,14,81,3,47.0K
2025-07-09 17:19:48,BancoPichincha,May 7,"Gracias a Sumar Juntos, un proyecto de Banco Pichincha, cada vez más comunidades se benefician de la instalación de sistemas de agua potable. Esto contribuye a una mejor nutrición de los niños y a una mayor asistencia a escuelas en las zonas rurales del país.",0,19,150,6,443.0K
2025-07-09 17:19:48,BancoPichincha,May 1,"100 años de historia. 
100 años de esfuerzo. 
100 hitos inolvidables. 
@BarcelonaSC hoy celebramos el legado que has construido y que perdurará en la memoria de los hinchas toreros. 💛
¡Felicitaciones, ídolo! 
#CentenarioBSC",0,112,486,10,85.0K
2025-07-09 17:19:48,BancoPichincha,Apr 30,"En 39 segundos, te contamos lo #NuevoEnBancoPichincha para cerrar abril con buenas noticias. 💛

💧Más comunidades con acceso a agua potable, gracias a Sumar Juntos.
📚Oportunidad laboral para los jóvenes de la Amazonía.
📲Descarga tus movimientos en Banca Móvil.",0,4,32,2,78.0K
2025-07-09 17:19:48,BancoPichincha,Apr 25,"Cada triunfo de Anahí Suárez nos recuerda que…
🎯 La perseverancia construye campeones.
🥈 La pasión lleva al podio.
🇪🇨 El orgullo de un país se corre con el corazón.
¡Felicidades por tu medalla de plata en el Campeonato Sudamericano de Atletismo!

#ElEsfuerzoTeDefine",0,32,237,9,149.0K
2025-07-09 18:29:22,BancoPichincha,Jun 30,"¿Tienes 40 segundos? Entérate de #LoNuevoEnBancoPichincha 💛
📲Pagar o cobrar con tu QR es ahora más fácil.
🎓Conoce la mejor iniciativa para empezar tu carrera laboral.
🏫 Voluntariado para apoyar a comunidad de Cayambe.",0,2,9,3,12.0K
2025-07-09 18:29:22,BancoPichincha,Jun 19,"🇪🇨 En Ecuador, 6 de cada 10 familias de zonas rurales aún no tienen acceso a agua potable. Conseguirla implica recorrer largas distancias o pagar altos costos.💧
Por eso, Banco Pichincha impulsa Sumar Juntos, iniciativa que ya ha cambiado la vida a más de 26 mil personas. 💛",0,26,124,9,157.0K
2025-07-09 18:29:22,BancoPichincha,Jun 16,"Hoy celebramos el esfuerzo de quienes, a pesar de la distancia, siempre están presentes. ✨
Porque detrás de cada envío que realizan, hay más que dinero… hay medicinas, educación, sueños y, sobre todo, ese amor de familia que nunca se pierde. 💛
#DíaInternacionalDeLasRemesas",0,3,29,3,57.0K
2025-07-09 18:29:22,BancoPichincha,Jun 12,"¡Celebramos 10 años formando a los líderes del mañana! 🚀
El mejor semillero de talento del país cumple una década.
444 estudiantes han vivido la experiencia de ser trainees durante 6 semanas en Futuros Líderes, una oportunidad que ha marcado su vida profesional. 💛",0,4,117,14,531.0K
2025-07-09 18:29:22,BancoPichincha,Jun 3,"Hay jugadores en la cancha… y tú. El número 12. ⚽
El que vibra y sufre cada partido.
El que nunca abandona, ni en la gloria ni en la derrota.
Has heredado esta pasión y la llevas como bandera.
Porque darlo todo por tu equipo, te define. 💛
@BarcelonaSC
@LDU_Oficial
@UCatolicaEC",0,28,324,12,791.0K
2025-07-09 18:29:22,BancoPichincha,Jun 2,"Confianza es creer que subir otra vez al podio del #GiroDItalia es posible. 🥉 
Gracias @RichardCarapazM por hacernos vivir momentos como estos. 💛 #ElEsfuerzoTeDefine",1,55,769,8,201.0K
2025-07-09 18:29:22,BancoPichincha,Jun 1,"Una vez más @RichardCarapazM dejó su huella en la historia del ciclismo. 🥉
¡Que orgullo verte en el podio del #GiroDItalia, el quinto en una gran vuelta! 🚴‍♂️
No es casualidad. Es levantarse cuando todos piensan que ya lo diste todo. 
Sí, Locomotora 🚂, #ElEsfuerzoTeDefine",1,55,635,1,77.0K
2025-07-09 18:29:22,BancoPichincha,May 30,"En menos de 1 minuto puedes enterarte de #LoNuevoEnBancoPichincha 💛
💰 Ahorrar a tu ritmo es más fácil gracias a Banca Móvil.
👩🏻‍💼 Seguimos apostando por el emprendimiento femenino. 
🏧 Inauguramos un nuevo cajero en Galápagos.",0,2,23,4,81.0K
2025-07-09 18:29:22,BancoPichincha,May 21,"¡Qué grande eres @RichardCarapazM! 🚂
Lo dejaste todo en la montaña y cruzaste la meta en solitario en la etapa 11 del #GiroDItalia. 🚵
No solo ganaste, volviste a demostrar que nunca hay que dejar de luchar. 💪🏻
El aliento del Ecuador entero te acompaña.🇪🇨
#ElEsfuerzoTeDefine",1,58,473,5,71.0K
2025-07-09 18:29:22,BancoPichincha,May 15,"¡Felicidades @UCatolicaEC! 🩵
Hoy nos unimos a la celebración de los hinchas del #TrencitoAzul que generación tras generación han alentado a la #Chatoleí en estos 62 años. 🎉",0,12,88,2,72.0K
2025-07-09 18:29:22,BancoPichincha,May 14,"¡Tú eres el jugador 12! ⚽
El que lo da todo por los colores de su equipo en casa, en el estadio y por todo el país. 
Y esta es una herencia que has convertido en legado, porque el esfuerzo de darlo todo por tu equipo, te define. 💛
@BarcelonaSC
@LDU_Oficial
@UCatolicaEC",0,22,218,13,689.0K
2025-07-09 18:29:22,BancoPichincha,May 9,"¡Anahí Ortiz es una de las mejores ajedrecistas del continente! 👏
♟️ Detrás de cada una de sus partidas hay años de sacrificio y perseverancia. Hoy celebramos su segundo lugar en el Campeonato Continental Femenino de Ajedrez de las Américas.🥈🇪🇨
#ElEsfuerzoTeDefine",0,10,52,0,21.0K
2025-07-09 18:29:22,BancoPichincha,May 9,"Todo empezó con un dibujo, un desayuno, un regalo hecho con amor. 🥰
Lo que parecía un juego, hoy es un sueño cumplido. ✨
Porque confianza es creer, incluso cuando nadie más lo hace… y tú, mamá, confiaste siempre. 💛
¡Feliz día! 👩🏻‍🍼
#diadelamadre",0,3,25,2,36.0K
2025-07-09 18:29:22,BancoPichincha,May 8,"Porque #ElEsfuerzoTeDefine, queremos verte de nuevo en lo más alto, @RichardCarapazM 🚂
Pedaleamos contigo en el #GirodItalia 💛",1,10,77,0,27.0K
2025-07-09 18:29:22,BancoPichincha,May 8,"100 años de esfuerzo. 💛
100 hinchas que festejaron el centenario de @BarcelonaSC como se merece: en la cancha del 🏟️ estadio Banco Pichincha, en casa, siendo protagonistas de la celebración.
Porque ser torero, es ser parte de una pasión que no se apaga. 🔥",16,14,81,3,47.0K
2025-07-09 18:29:22,BancoPichincha,May 7,"Gracias a Sumar Juntos, un proyecto de Banco Pichincha, cada vez más comunidades se benefician de la instalación de sistemas de agua potable. Esto contribuye a una mejor nutrición de los niños y a una mayor asistencia a escuelas en las zonas rurales del país.",0,19,150,6,443.0K
2025-07-09 18:29:22,BancoPichincha,May 1,"100 años de historia. 
100 años de esfuerzo. 
100 hitos inolvidables. 
@BarcelonaSC hoy celebramos el legado que has construido y que perdurará en la memoria de los hinchas toreros. 💛
¡Felicitaciones, ídolo! 
#CentenarioBSC",0,112,486,10,85.0K
2025-07-09 18:29:22,BancoPichincha,Apr 30,"En 39 segundos, te contamos lo #NuevoEnBancoPichincha para cerrar abril con buenas noticias. 💛

💧Más comunidades con acceso a agua potable, gracias a Sumar Juntos.
📚Oportunidad laboral para los jóvenes de la Amazonía.
📲Descarga tus movimientos en Banca Móvil.",0,4,32,2,78.0K
2025-07-09 18:29:22,BancoPichincha,Apr 25,"Cada triunfo de Anahí Suárez nos recuerda que…
🎯 La perseverancia construye campeones.
🥈 La pasión lleva al podio.
🇪🇨 El orgullo de un país se corre con el corazón.
¡Felicidades por tu medalla de plata en el Campeonato Sudamericano de Atletismo!

#ElEsfuerzoTeDefine",0,32,237,9,149.0K
2025-07-10 20:22:19,BancoPichincha,Jun 30,"¿Tienes 40 segundos? Entérate de #LoNuevoEnBancoPichincha 💛
📲Pagar o cobrar con tu QR es ahora más fácil.
🎓Conoce la mejor iniciativa para empezar tu carrera laboral.
🏫 Voluntariado para apoyar a comunidad de Cayambe.",0,3,9,3,12.0K
2025-07-10 20:22:19,BancoPichincha,Jun 19,"🇪🇨 En Ecuador, 6 de cada 10 familias de zonas rurales aún no tienen acceso a agua potable. Conseguirla implica recorrer largas distancias o pagar altos costos.💧
Por eso, Banco Pichincha impulsa Sumar Juntos, iniciativa que ya ha cambiado la vida a más de 26 mil personas. 💛",0,26,124,9,157.0K
2025-07-10 20:22:19,BancoPichincha,Jun 16,"Hoy celebramos el esfuerzo de quienes, a pesar de la distancia, siempre están presentes. ✨
Porque detrás de cada envío que realizan, hay más que dinero… hay medicinas, educación, sueños y, sobre todo, ese amor de familia que nunca se pierde. 💛
#DíaInternacionalDeLasRemesas",0,3,28,3,57.0K
2025-07-10 20:22:19,BancoPichincha,Jun 12,"¡Celebramos 10 años formando a los líderes del mañana! 🚀
El mejor semillero de talento del país cumple una década.
444 estudiantes han vivido la experiencia de ser trainees durante 6 semanas en Futuros Líderes, una oportunidad que ha marcado su vida profesional. 💛",0,4,117,14,531.0K
2025-07-10 20:22:19,BancoPichincha,Jun 3,"Hay jugadores en la cancha… y tú. El número 12. ⚽
El que vibra y sufre cada partido.
El que nunca abandona, ni en la gloria ni en la derrota.
Has heredado esta pasión y la llevas como bandera.
Porque darlo todo por tu equipo, te define. 💛
@BarcelonaSC
@LDU_Oficial
@UCatolicaEC",0,28,324,12,791.0K
2025-07-10 20:22:19,BancoPichincha,Jun 2,"Confianza es creer que subir otra vez al podio del #GiroDItalia es posible. 🥉 
Gracias @RichardCarapazM por hacernos vivir momentos como estos. 💛 #ElEsfuerzoTeDefine",1,55,769,8,201.0K
2025-07-10 20:22:19,BancoPichincha,Jun 1,"Una vez más @RichardCarapazM dejó su huella en la historia del ciclismo. 🥉
¡Que orgullo verte en el podio del #GiroDItalia, el quinto en una gran vuelta! 🚴‍♂️
No es casualidad. Es levantarse cuando todos piensan que ya lo diste todo. 
Sí, Locomotora 🚂, #ElEsfuerzoTeDefine",1,55,635,1,77.0K
2025-07-10 20:22:19,BancoPichincha,May 30,"En menos de 1 minuto puedes enterarte de #LoNuevoEnBancoPichincha 💛
💰 Ahorrar a tu ritmo es más fácil gracias a Banca Móvil.
👩🏻‍💼 Seguimos apostando por el emprendimiento femenino. 
🏧 Inauguramos un nuevo cajero en Galápagos.",0,2,23,4,81.0K
2025-07-10 20:22:19,BancoPichincha,May 21,"¡Qué grande eres @RichardCarapazM! 🚂
Lo dejaste todo en la montaña y cruzaste la meta en solitario en la etapa 11 del #GiroDItalia. 🚵
No solo ganaste, volviste a demostrar que nunca hay que dejar de luchar. 💪🏻
El aliento del Ecuador entero te acompaña.🇪🇨
#ElEsfuerzoTeDefine",1,58,473,5,71.0K
2025-07-10 20:22:19,BancoPichincha,May 15,"¡Felicidades @UCatolicaEC! 🩵
Hoy nos unimos a la celebración de los hinchas del #TrencitoAzul que generación tras generación han alentado a la #Chatoleí en estos 62 años. 🎉",0,12,88,2,72.0K
2025-07-10 20:22:19,BancoPichincha,May 14,"¡Tú eres el jugador 12! ⚽
El que lo da todo por los colores de su equipo en casa, en el estadio y por todo el país. 
Y esta es una herencia que has convertido en legado, porque el esfuerzo de darlo todo por tu equipo, te define. 💛
@BarcelonaSC
@LDU_Oficial
@UCatolicaEC",0,22,219,13,689.0K
2025-07-10 20:22:19,BancoPichincha,May 9,"¡Anahí Ortiz es una de las mejores ajedrecistas del continente! 👏
♟️ Detrás de cada una de sus partidas hay años de sacrificio y perseverancia. Hoy celebramos su segundo lugar en el Campeonato Continental Femenino de Ajedrez de las Américas.🥈🇪🇨
#ElEsfuerzoTeDefine",0,10,52,0,21.0K
2025-07-10 20:22:19,BancoPichincha,May 9,"Todo empezó con un dibujo, un desayuno, un regalo hecho con amor. 🥰
Lo que parecía un juego, hoy es un sueño cumplido. ✨
Porque confianza es creer, incluso cuando nadie más lo hace… y tú, mamá, confiaste siempre. 💛
¡Feliz día! 👩🏻‍🍼
#diadelamadre",0,3,25,2,36.0K
2025-07-10 20:22:19,BancoPichincha,May 8,"Porque #ElEsfuerzoTeDefine, queremos verte de nuevo en lo más alto, @RichardCarapazM 🚂
Pedaleamos contigo en el #GirodItalia 💛",1,10,77,0,27.0K
2025-07-10 20:22:19,BancoPichincha,May 8,"100 años de esfuerzo. 💛
100 hinchas que festejaron el centenario de @BarcelonaSC como se merece: en la cancha del 🏟️ estadio Banco Pichincha, en casa, siendo protagonistas de la celebración.
Porque ser torero, es ser parte de una pasión que no se apaga. 🔥",16,14,81,3,47.0K
2025-07-10 20:22:19,BancoPichincha,May 7,"Gracias a Sumar Juntos, un proyecto de Banco Pichincha, cada vez más comunidades se benefician de la instalación de sistemas de agua potable. Esto contribuye a una mejor nutrición de los niños y a una mayor asistencia a escuelas en las zonas rurales del país.",0,19,150,6,443.0K
2025-07-10 20:22:19,BancoPichincha,May 1,"100 años de historia. 
100 años de esfuerzo. 
100 hitos inolvidables. 
@BarcelonaSC hoy celebramos el legado que has construido y que perdurará en la memoria de los hinchas toreros. 💛
¡Felicitaciones, ídolo! 
#CentenarioBSC",0,112,486,10,85.0K
2025-07-10 20:22:19,BancoPichincha,Apr 30,"En 39 segundos, te contamos lo #NuevoEnBancoPichincha para cerrar abril con buenas noticias. 💛

💧Más comunidades con acceso a agua potable, gracias a Sumar Juntos.
📚Oportunidad laboral para los jóvenes de la Amazonía.
📲Descarga tus movimientos en Banca Móvil.",0,4,32,2,78.0K
2025-07-10 20:22:19,BancoPichincha,Apr 25,"Cada triunfo de Anahí Suárez nos recuerda que…
🎯 La perseverancia construye campeones.
🥈 La pasión lleva al podio.
🇪🇨 El orgullo de un país se corre con el corazón.
¡Felicidades por tu medalla de plata en el Campeonato Sudamericano de Atletismo!

#ElEsfuerzoTeDefine",0,32,237,9,149.0K
2025-07-10 21:20:30,BancoPichincha,Jun 30,"¿Tienes 40 segundos? Entérate de #LoNuevoEnBancoPichincha 💛
📲Pagar o cobrar con tu QR es ahora más fácil.
🎓Conoce la mejor iniciativa para empezar tu carrera laboral.
🏫 Voluntariado para apoyar a comunidad de Cayambe.",0,3,9,3,12.0K
2025-07-10 21:20:30,BancoPichincha,Jun 19,"🇪🇨 En Ecuador, 6 de cada 10 familias de zonas rurales aún no tienen acceso a agua potable. Conseguirla implica recorrer largas distancias o pagar altos costos.💧
Por eso, Banco Pichincha impulsa Sumar Juntos, iniciativa que ya ha cambiado la vida a más de 26 mil personas. 💛",0,26,124,9,157.0K
2025-07-10 21:20:30,BancoPichincha,Jun 16,"Hoy celebramos el esfuerzo de quienes, a pesar de la distancia, siempre están presentes. ✨
Porque detrás de cada envío que realizan, hay más que dinero… hay medicinas, educación, sueños y, sobre todo, ese amor de familia que nunca se pierde. 💛
#DíaInternacionalDeLasRemesas",0,3,28,3,57.0K
2025-07-10 21:20:30,BancoPichincha,Jun 12,"¡Celebramos 10 años formando a los líderes del mañana! 🚀
El mejor semillero de talento del país cumple una década.
444 estudiantes han vivido la experiencia de ser trainees durante 6 semanas en Futuros Líderes, una oportunidad que ha marcado su vida profesional. 💛",0,4,117,14,531.0K
2025-07-10 21:20:30,BancoPichincha,Jun 3,"Hay jugadores en la cancha… y tú. El número 12. ⚽
El que vibra y sufre cada partido.
El que nunca abandona, ni en la gloria ni en la derrota.
Has heredado esta pasión y la llevas como bandera.
Porque darlo todo por tu equipo, te define. 💛
@BarcelonaSC
@LDU_Oficial
@UCatolicaEC",0,28,324,12,791.0K
2025-07-10 21:20:30,BancoPichincha,Jun 2,"Confianza es creer que subir otra vez al podio del #GiroDItalia es posible. 🥉 
Gracias @RichardCarapazM por hacernos vivir momentos como estos. 💛 #ElEsfuerzoTeDefine",1,55,769,8,201.0K
2025-07-10 21:20:30,BancoPichincha,Jun 1,"Una vez más @RichardCarapazM dejó su huella en la historia del ciclismo. 🥉
¡Que orgullo verte en el podio del #GiroDItalia, el quinto en una gran vuelta! 🚴‍♂️
No es casualidad. Es levantarse cuando todos piensan que ya lo diste todo. 
Sí, Locomotora 🚂, #ElEsfuerzoTeDefine",1,55,635,1,77.0K
2025-07-10 21:20:30,BancoPichincha,May 30,"En menos de 1 minuto puedes enterarte de #LoNuevoEnBancoPichincha 💛
💰 Ahorrar a tu ritmo es más fácil gracias a Banca Móvil.
👩🏻‍💼 Seguimos apostando por el emprendimiento femenino. 
🏧 Inauguramos un nuevo cajero en Galápagos.",0,2,23,4,81.0K
2025-07-10 21:20:30,BancoPichincha,May 21,"¡Qué grande eres @RichardCarapazM! 🚂
Lo dejaste todo en la montaña y cruzaste la meta en solitario en la etapa 11 del #GiroDItalia. 🚵
No solo ganaste, volviste a demostrar que nunca hay que dejar de luchar. 💪🏻
El aliento del Ecuador entero te acompaña.🇪🇨
#ElEsfuerzoTeDefine",1,58,473,5,71.0K
2025-07-10 21:20:30,BancoPichincha,May 15,"¡Felicidades @UCatolicaEC! 🩵
Hoy nos unimos a la celebración de los hinchas del #TrencitoAzul que generación tras generación han alentado a la #Chatoleí en estos 62 años. 🎉",0,12,88,2,72.0K
2025-07-10 21:20:30,BancoPichincha,May 14,"¡Tú eres el jugador 12! ⚽
El que lo da todo por los colores de su equipo en casa, en el estadio y por todo el país. 
Y esta es una herencia que has convertido en legado, porque el esfuerzo de darlo todo por tu equipo, te define. 💛
@BarcelonaSC
@LDU_Oficial
@UCatolicaEC",0,22,219,13,689.0K
2025-07-10 21:20:30,BancoPichincha,May 9,"¡Anahí Ortiz es una de las mejores ajedrecistas del continente! 👏
♟️ Detrás de cada una de sus partidas hay años de sacrificio y perseverancia. Hoy celebramos su segundo lugar en el Campeonato Continental Femenino de Ajedrez de las Américas.🥈🇪🇨
#ElEsfuerzoTeDefine",0,10,52,0,21.0K
2025-07-10 21:20:30,BancoPichincha,May 9,"Todo empezó con un dibujo, un desayuno, un regalo hecho con amor. 🥰
Lo que parecía un juego, hoy es un sueño cumplido. ✨
Porque confianza es creer, incluso cuando nadie más lo hace… y tú, mamá, confiaste siempre. 💛
¡Feliz día! 👩🏻‍🍼
#diadelamadre",0,3,25,2,36.0K
2025-07-10 21:20:30,BancoPichincha,May 8,"Porque #ElEsfuerzoTeDefine, queremos verte de nuevo en lo más alto, @RichardCarapazM 🚂
Pedaleamos contigo en el #GirodItalia 💛",1,10,77,0,27.0K
2025-07-10 21:20:30,BancoPichincha,May 8,"100 años de esfuerzo. 💛
100 hinchas que festejaron el centenario de @BarcelonaSC como se merece: en la cancha del 🏟️ estadio Banco Pichincha, en casa, siendo protagonistas de la celebración.
Porque ser torero, es ser parte de una pasión que no se apaga. 🔥",16,14,81,3,47.0K
2025-07-10 21:20:30,BancoPichincha,May 7,"Gracias a Sumar Juntos, un proyecto de Banco Pichincha, cada vez más comunidades se benefician de la instalación de sistemas de agua potable. Esto contribuye a una mejor nutrición de los niños y a una mayor asistencia a escuelas en las zonas rurales del país.",0,19,150,6,443.0K
2025-07-10 21:20:30,BancoPichincha,May 1,"100 años de historia. 
100 años de esfuerzo. 
100 hitos inolvidables. 
@BarcelonaSC hoy celebramos el legado que has construido y que perdurará en la memoria de los hinchas toreros. 💛
¡Felicitaciones, ídolo! 
#CentenarioBSC",0,112,486,10,85.0K
2025-07-10 21:20:30,BancoPichincha,Apr 30,"En 39 segundos, te contamos lo #NuevoEnBancoPichincha para cerrar abril con buenas noticias. 💛

💧Más comunidades con acceso a agua potable, gracias a Sumar Juntos.
📚Oportunidad laboral para los jóvenes de la Amazonía.
📲Descarga tus movimientos en Banca Móvil.",0,4,32,2,78.0K
2025-07-10 21:20:30,BancoPichincha,Apr 25,"Cada triunfo de Anahí Suárez nos recuerda que…
🎯 La perseverancia construye campeones.
🥈 La pasión lleva al podio.
🇪🇨 El orgullo de un país se corre con el corazón.
¡Felicidades por tu medalla de plata en el Campeonato Sudamericano de Atletismo!

#ElEsfuerzoTeDefine",0,32,237,9,149.0K
2025-07-10 22:19:14,BancoPichincha,Jun 30,"¿Tienes 40 segundos? Entérate de #LoNuevoEnBancoPichincha 💛
📲Pagar o cobrar con tu QR es ahora más fácil.
🎓Conoce la mejor iniciativa para empezar tu carrera laboral.
🏫 Voluntariado para apoyar a comunidad de Cayambe.",0,3,9,3,12.0K
2025-07-10 22:19:14,BancoPichincha,Jun 19,"🇪🇨 En Ecuador, 6 de cada 10 familias de zonas rurales aún no tienen acceso a agua potable. Conseguirla implica recorrer largas distancias o pagar altos costos.💧
Por eso, Banco Pichincha impulsa Sumar Juntos, iniciativa que ya ha cambiado la vida a más de 26 mil personas. 💛",0,26,124,9,157.0K
2025-07-10 22:19:14,BancoPichincha,Jun 16,"Hoy celebramos el esfuerzo de quienes, a pesar de la distancia, siempre están presentes. ✨
Porque detrás de cada envío que realizan, hay más que dinero… hay medicinas, educación, sueños y, sobre todo, ese amor de familia que nunca se pierde. 💛
#DíaInternacionalDeLasRemesas",0,3,28,3,57.0K
2025-07-10 22:19:14,BancoPichincha,Jun 12,"¡Celebramos 10 años formando a los líderes del mañana! 🚀
El mejor semillero de talento del país cumple una década.
444 estudiantes han vivido la experiencia de ser trainees durante 6 semanas en Futuros Líderes, una oportunidad que ha marcado su vida profesional. 💛",0,4,117,14,531.0K
2025-07-10 22:19:14,BancoPichincha,Jun 3,"Hay jugadores en la cancha… y tú. El número 12. ⚽
El que vibra y sufre cada partido.
El que nunca abandona, ni en la gloria ni en la derrota.
Has heredado esta pasión y la llevas como bandera.
Porque darlo todo por tu equipo, te define. 💛
@BarcelonaSC
@LDU_Oficial
@UCatolicaEC",0,28,324,12,791.0K
2025-07-10 22:19:14,BancoPichincha,Jun 2,"Confianza es creer que subir otra vez al podio del #GiroDItalia es posible. 🥉 
Gracias @RichardCarapazM por hacernos vivir momentos como estos. 💛 #ElEsfuerzoTeDefine",1,55,769,8,201.0K
2025-07-10 22:19:14,BancoPichincha,Jun 1,"Una vez más @RichardCarapazM dejó su huella en la historia del ciclismo. 🥉
¡Que orgullo verte en el podio del #GiroDItalia, el quinto en una gran vuelta! 🚴‍♂️
No es casualidad. Es levantarse cuando todos piensan que ya lo diste todo. 
Sí, Locomotora 🚂, #ElEsfuerzoTeDefine",1,55,635,1,77.0K
2025-07-10 22:19:14,BancoPichincha,May 30,"En menos de 1 minuto puedes enterarte de #LoNuevoEnBancoPichincha 💛
💰 Ahorrar a tu ritmo es más fácil gracias a Banca Móvil.
👩🏻‍💼 Seguimos apostando por el emprendimiento femenino. 
🏧 Inauguramos un nuevo cajero en Galápagos.",0,2,23,4,81.0K
2025-07-10 22:19:14,BancoPichincha,May 21,"¡Qué grande eres @RichardCarapazM! 🚂
Lo dejaste todo en la montaña y cruzaste la meta en solitario en la etapa 11 del #GiroDItalia. 🚵
No solo ganaste, volviste a demostrar que nunca hay que dejar de luchar. 💪🏻
El aliento del Ecuador entero te acompaña.🇪🇨
#ElEsfuerzoTeDefine",1,58,473,5,71.0K
2025-07-10 22:19:14,BancoPichincha,May 15,"¡Felicidades @UCatolicaEC! 🩵
Hoy nos unimos a la celebración de los hinchas del #TrencitoAzul que generación tras generación han alentado a la #Chatoleí en estos 62 años. 🎉",0,12,88,2,72.0K
2025-07-10 22:19:14,BancoPichincha,May 14,"¡Tú eres el jugador 12! ⚽
El que lo da todo por los colores de su equipo en casa, en el estadio y por todo el país. 
Y esta es una herencia que has convertido en legado, porque el esfuerzo de darlo todo por tu equipo, te define. 💛
@BarcelonaSC
@LDU_Oficial
@UCatolicaEC",0,22,219,13,689.0K
2025-07-10 22:19:14,BancoPichincha,May 9,"¡Anahí Ortiz es una de las mejores ajedrecistas del continente! 👏
♟️ Detrás de cada una de sus partidas hay años de sacrificio y perseverancia. Hoy celebramos su segundo lugar en el Campeonato Continental Femenino de Ajedrez de las Américas.🥈🇪🇨
#ElEsfuerzoTeDefine",0,10,52,0,21.0K
2025-07-10 22:19:14,BancoPichincha,May 9,"Todo empezó con un dibujo, un desayuno, un regalo hecho con amor. 🥰
Lo que parecía un juego, hoy es un sueño cumplido. ✨
Porque confianza es creer, incluso cuando nadie más lo hace… y tú, mamá, confiaste siempre. 💛
¡Feliz día! 👩🏻‍🍼
#diadelamadre",0,3,25,2,36.0K
2025-07-10 22:19:14,BancoPichincha,May 8,"Porque #ElEsfuerzoTeDefine, queremos verte de nuevo en lo más alto, @RichardCarapazM 🚂
Pedaleamos contigo en el #GirodItalia 💛",1,10,77,0,27.0K
2025-07-10 22:19:14,BancoPichincha,May 8,"100 años de esfuerzo. 💛
100 hinchas que festejaron el centenario de @BarcelonaSC como se merece: en la cancha del 🏟️ estadio Banco Pichincha, en casa, siendo protagonistas de la celebración.
Porque ser torero, es ser parte de una pasión que no se apaga. 🔥",16,14,81,3,47.0K
2025-07-10 22:19:14,BancoPichincha,May 7,"Gracias a Sumar Juntos, un proyecto de Banco Pichincha, cada vez más comunidades se benefician de la instalación de sistemas de agua potable. Esto contribuye a una mejor nutrición de los niños y a una mayor asistencia a escuelas en las zonas rurales del país.",0,19,150,6,443.0K
2025-07-10 22:19:14,BancoPichincha,May 1,"100 años de historia. 
100 años de esfuerzo. 
100 hitos inolvidables. 
@BarcelonaSC hoy celebramos el legado que has construido y que perdurará en la memoria de los hinchas toreros. 💛
¡Felicitaciones, ídolo! 
#CentenarioBSC",0,112,486,10,85.0K
2025-07-10 22:19:14,BancoPichincha,Apr 30,"En 39 segundos, te contamos lo #NuevoEnBancoPichincha para cerrar abril con buenas noticias. 💛

💧Más comunidades con acceso a agua potable, gracias a Sumar Juntos.
📚Oportunidad laboral para los jóvenes de la Amazonía.
📲Descarga tus movimientos en Banca Móvil.",0,4,32,2,78.0K
2025-07-10 22:19:14,BancoPichincha,Apr 25,"Cada triunfo de Anahí Suárez nos recuerda que…
🎯 La perseverancia construye campeones.
🥈 La pasión lleva al podio.
🇪🇨 El orgullo de un país se corre con el corazón.
¡Felicidades por tu medalla de plata en el Campeonato Sudamericano de Atletismo!

#ElEsfuerzoTeDefine",0,32,237,9,149.0K
2025-07-10 23:19:40,BancoPichincha,Jun 30,"¿Tienes 40 segundos? Entérate de #LoNuevoEnBancoPichincha 💛
📲Pagar o cobrar con tu QR es ahora más fácil.
🎓Conoce la mejor iniciativa para empezar tu carrera laboral.
🏫 Voluntariado para apoyar a comunidad de Cayambe.",0,3,9,3,12.0K
2025-07-10 23:19:40,BancoPichincha,Jun 19,"🇪🇨 En Ecuador, 6 de cada 10 familias de zonas rurales aún no tienen acceso a agua potable. Conseguirla implica recorrer largas distancias o pagar altos costos.💧
Por eso, Banco Pichincha impulsa Sumar Juntos, iniciativa que ya ha cambiado la vida a más de 26 mil personas. 💛",0,26,124,9,157.0K
2025-07-10 23:19:40,BancoPichincha,Jun 16,"Hoy celebramos el esfuerzo de quienes, a pesar de la distancia, siempre están presentes. ✨
Porque detrás de cada envío que realizan, hay más que dinero… hay medicinas, educación, sueños y, sobre todo, ese amor de familia que nunca se pierde. 💛
#DíaInternacionalDeLasRemesas",0,3,28,3,57.0K
2025-07-10 23:19:40,BancoPichincha,Jun 12,"¡Celebramos 10 años formando a los líderes del mañana! 🚀
El mejor semillero de talento del país cumple una década.
444 estudiantes han vivido la experiencia de ser trainees durante 6 semanas en Futuros Líderes, una oportunidad que ha marcado su vida profesional. 💛",0,4,117,14,531.0K
2025-07-10 23:19:40,BancoPichincha,Jun 3,"Hay jugadores en la cancha… y tú. El número 12. ⚽
El que vibra y sufre cada partido.
El que nunca abandona, ni en la gloria ni en la derrota.
Has heredado esta pasión y la llevas como bandera.
Porque darlo todo por tu equipo, te define. 💛
@BarcelonaSC
@LDU_Oficial
@UCatolicaEC",0,28,324,12,791.0K
2025-07-10 23:19:40,BancoPichincha,Jun 2,"Confianza es creer que subir otra vez al podio del #GiroDItalia es posible. 🥉 
Gracias @RichardCarapazM por hacernos vivir momentos como estos. 💛 #ElEsfuerzoTeDefine",1,55,769,8,201.0K
2025-07-10 23:19:40,BancoPichincha,Jun 1,"Una vez más @RichardCarapazM dejó su huella en la historia del ciclismo. 🥉
¡Que orgullo verte en el podio del #GiroDItalia, el quinto en una gran vuelta! 🚴‍♂️
No es casualidad. Es levantarse cuando todos piensan que ya lo diste todo. 
Sí, Locomotora 🚂, #ElEsfuerzoTeDefine",1,55,635,1,77.0K
2025-07-10 23:19:40,BancoPichincha,May 30,"En menos de 1 minuto puedes enterarte de #LoNuevoEnBancoPichincha 💛
💰 Ahorrar a tu ritmo es más fácil gracias a Banca Móvil.
👩🏻‍💼 Seguimos apostando por el emprendimiento femenino. 
🏧 Inauguramos un nuevo cajero en Galápagos.",0,2,23,4,81.0K
2025-07-10 23:19:40,BancoPichincha,May 21,"¡Qué grande eres @RichardCarapazM! 🚂
Lo dejaste todo en la montaña y cruzaste la meta en solitario en la etapa 11 del #GiroDItalia. 🚵
No solo ganaste, volviste a demostrar que nunca hay que dejar de luchar. 💪🏻
El aliento del Ecuador entero te acompaña.🇪🇨
#ElEsfuerzoTeDefine",1,58,473,5,71.0K
2025-07-10 23:19:40,BancoPichincha,May 15,"¡Felicidades @UCatolicaEC! 🩵
Hoy nos unimos a la celebración de los hinchas del #TrencitoAzul que generación tras generación han alentado a la #Chatoleí en estos 62 años. 🎉",0,12,88,2,72.0K
2025-07-10 23:19:40,BancoPichincha,May 14,"¡Tú eres el jugador 12! ⚽
El que lo da todo por los colores de su equipo en casa, en el estadio y por todo el país. 
Y esta es una herencia que has convertido en legado, porque el esfuerzo de darlo todo por tu equipo, te define. 💛
@BarcelonaSC
@LDU_Oficial
@UCatolicaEC",0,22,219,13,689.0K
2025-07-10 23:19:40,BancoPichincha,May 9,"¡Anahí Ortiz es una de las mejores ajedrecistas del continente! 👏
♟️ Detrás de cada una de sus partidas hay años de sacrificio y perseverancia. Hoy celebramos su segundo lugar en el Campeonato Continental Femenino de Ajedrez de las Américas.🥈🇪🇨
#ElEsfuerzoTeDefine",0,10,52,0,21.0K
2025-07-10 23:19:40,BancoPichincha,May 9,"Todo empezó con un dibujo, un desayuno, un regalo hecho con amor. 🥰
Lo que parecía un juego, hoy es un sueño cumplido. ✨
Porque confianza es creer, incluso cuando nadie más lo hace… y tú, mamá, confiaste siempre. 💛
¡Feliz día! 👩🏻‍🍼
#diadelamadre",0,3,25,2,36.0K
2025-07-10 23:19:40,BancoPichincha,May 8,"Porque #ElEsfuerzoTeDefine, queremos verte de nuevo en lo más alto, @RichardCarapazM 🚂
Pedaleamos contigo en el #GirodItalia 💛",1,10,77,0,27.0K
2025-07-10 23:19:40,BancoPichincha,May 8,"100 años de esfuerzo. 💛
100 hinchas que festejaron el centenario de @BarcelonaSC como se merece: en la cancha del 🏟️ estadio Banco Pichincha, en casa, siendo protagonistas de la celebración.
Porque ser torero, es ser parte de una pasión que no se apaga. 🔥",16,14,81,3,47.0K
2025-07-10 23:19:40,BancoPichincha,May 7,"Gracias a Sumar Juntos, un proyecto de Banco Pichincha, cada vez más comunidades se benefician de la instalación de sistemas de agua potable. Esto contribuye a una mejor nutrición de los niños y a una mayor asistencia a escuelas en las zonas rurales del país.",0,19,150,6,443.0K
2025-07-10 23:19:40,BancoPichincha,May 1,"100 años de historia. 
100 años de esfuerzo. 
100 hitos inolvidables. 
@BarcelonaSC hoy celebramos el legado que has construido y que perdurará en la memoria de los hinchas toreros. 💛
¡Felicitaciones, ídolo! 
#CentenarioBSC",0,112,486,10,85.0K
2025-07-10 23:19:40,BancoPichincha,Apr 30,"En 39 segundos, te contamos lo #NuevoEnBancoPichincha para cerrar abril con buenas noticias. 💛

💧Más comunidades con acceso a agua potable, gracias a Sumar Juntos.
📚Oportunidad laboral para los jóvenes de la Amazonía.
📲Descarga tus movimientos en Banca Móvil.",0,4,32,2,78.0K
2025-07-10 23:19:40,BancoPichincha,Apr 25,"Cada triunfo de Anahí Suárez nos recuerda que…
🎯 La perseverancia construye campeones.
🥈 La pasión lleva al podio.
🇪🇨 El orgullo de un país se corre con el corazón.
¡Felicidades por tu medalla de plata en el Campeonato Sudamericano de Atletismo!

#ElEsfuerzoTeDefine",0,32,237,9,149.0K
2025-07-11 01:43:55,BancoPichincha,Jun 30,"¿Tienes 40 segundos? Entérate de #LoNuevoEnBancoPichincha 💛
📲Pagar o cobrar con tu QR es ahora más fácil.
🎓Conoce la mejor iniciativa para empezar tu carrera laboral.
🏫 Voluntariado para apoyar a comunidad de Cayambe.",0,3,9,3,12.0K
2025-07-11 01:43:55,BancoPichincha,Jun 19,"🇪🇨 En Ecuador, 6 de cada 10 familias de zonas rurales aún no tienen acceso a agua potable. Conseguirla implica recorrer largas distancias o pagar altos costos.💧
Por eso, Banco Pichincha impulsa Sumar Juntos, iniciativa que ya ha cambiado la vida a más de 26 mil personas. 💛",0,26,124,9,157.0K
2025-07-11 01:43:55,BancoPichincha,Jun 16,"Hoy celebramos el esfuerzo de quienes, a pesar de la distancia, siempre están presentes. ✨
Porque detrás de cada envío que realizan, hay más que dinero… hay medicinas, educación, sueños y, sobre todo, ese amor de familia que nunca se pierde. 💛
#DíaInternacionalDeLasRemesas",0,3,28,3,57.0K
2025-07-11 01:43:55,BancoPichincha,Jun 12,"¡Celebramos 10 años formando a los líderes del mañana! 🚀
El mejor semillero de talento del país cumple una década.
444 estudiantes han vivido la experiencia de ser trainees durante 6 semanas en Futuros Líderes, una oportunidad que ha marcado su vida profesional. 💛",0,4,117,14,531.0K
2025-07-11 01:43:55,BancoPichincha,Jun 3,"Hay jugadores en la cancha… y tú. El número 12. ⚽
El que vibra y sufre cada partido.
El que nunca abandona, ni en la gloria ni en la derrota.
Has heredado esta pasión y la llevas como bandera.
Porque darlo todo por tu equipo, te define. 💛
@BarcelonaSC
@LDU_Oficial
@UCatolicaEC",0,28,324,12,791.0K
2025-07-11 01:43:55,BancoPichincha,Jun 2,"Confianza es creer que subir otra vez al podio del #GiroDItalia es posible. 🥉 
Gracias @RichardCarapazM por hacernos vivir momentos como estos. 💛 #ElEsfuerzoTeDefine",1,55,769,8,201.0K
2025-07-11 01:43:55,BancoPichincha,Jun 1,"Una vez más @RichardCarapazM dejó su huella en la historia del ciclismo. 🥉
¡Que orgullo verte en el podio del #GiroDItalia, el quinto en una gran vuelta! 🚴‍♂️
No es casualidad. Es levantarse cuando todos piensan que ya lo diste todo. 
Sí, Locomotora 🚂, #ElEsfuerzoTeDefine",1,55,635,1,77.0K
2025-07-11 01:43:55,BancoPichincha,May 30,"En menos de 1 minuto puedes enterarte de #LoNuevoEnBancoPichincha 💛
💰 Ahorrar a tu ritmo es más fácil gracias a Banca Móvil.
👩🏻‍💼 Seguimos apostando por el emprendimiento femenino. 
🏧 Inauguramos un nuevo cajero en Galápagos.",0,2,23,4,81.0K
2025-07-11 01:43:55,BancoPichincha,May 21,"¡Qué grande eres @RichardCarapazM! 🚂
Lo dejaste todo en la montaña y cruzaste la meta en solitario en la etapa 11 del #GiroDItalia. 🚵
No solo ganaste, volviste a demostrar que nunca hay que dejar de luchar. 💪🏻
El aliento del Ecuador entero te acompaña.🇪🇨
#ElEsfuerzoTeDefine",1,58,473,5,71.0K
2025-07-11 01:43:55,BancoPichincha,May 15,"¡Felicidades @UCatolicaEC! 🩵
Hoy nos unimos a la celebración de los hinchas del #TrencitoAzul que generación tras generación han alentado a la #Chatoleí en estos 62 años. 🎉",0,12,88,2,72.0K
2025-07-11 01:43:55,BancoPichincha,May 14,"¡Tú eres el jugador 12! ⚽
El que lo da todo por los colores de su equipo en casa, en el estadio y por todo el país. 
Y esta es una herencia que has convertido en legado, porque el esfuerzo de darlo todo por tu equipo, te define. 💛
@BarcelonaSC
@LDU_Oficial
@UCatolicaEC",0,22,219,13,689.0K
2025-07-11 01:43:55,BancoPichincha,May 9,"¡Anahí Ortiz es una de las mejores ajedrecistas del continente! 👏
♟️ Detrás de cada una de sus partidas hay años de sacrificio y perseverancia. Hoy celebramos su segundo lugar en el Campeonato Continental Femenino de Ajedrez de las Américas.🥈🇪🇨
#ElEsfuerzoTeDefine",0,10,52,0,21.0K
2025-07-11 01:43:55,BancoPichincha,May 9,"Todo empezó con un dibujo, un desayuno, un regalo hecho con amor. 🥰
Lo que parecía un juego, hoy es un sueño cumplido. ✨
Porque confianza es creer, incluso cuando nadie más lo hace… y tú, mamá, confiaste siempre. 💛
¡Feliz día! 👩🏻‍🍼
#diadelamadre",0,3,25,2,36.0K
2025-07-11 01:43:55,BancoPichincha,May 8,"Porque #ElEsfuerzoTeDefine, queremos verte de nuevo en lo más alto, @RichardCarapazM 🚂
Pedaleamos contigo en el #GirodItalia 💛",1,10,77,0,27.0K
2025-07-11 01:43:55,BancoPichincha,May 8,"100 años de esfuerzo. 💛
100 hinchas que festejaron el centenario de @BarcelonaSC como se merece: en la cancha del 🏟️ estadio Banco Pichincha, en casa, siendo protagonistas de la celebración.
Porque ser torero, es ser parte de una pasión que no se apaga. 🔥",16,14,81,3,47.0K
2025-07-11 01:43:55,BancoPichincha,May 7,"Gracias a Sumar Juntos, un proyecto de Banco Pichincha, cada vez más comunidades se benefician de la instalación de sistemas de agua potable. Esto contribuye a una mejor nutrición de los niños y a una mayor asistencia a escuelas en las zonas rurales del país.",0,19,150,6,443.0K
2025-07-11 01:43:55,BancoPichincha,May 1,"100 años de historia. 
100 años de esfuerzo. 
100 hitos inolvidables. 
@BarcelonaSC hoy celebramos el legado que has construido y que perdurará en la memoria de los hinchas toreros. 💛
¡Felicitaciones, ídolo! 
#CentenarioBSC",0,112,486,10,85.0K
2025-07-11 01:43:55,BancoPichincha,Apr 30,"En 39 segundos, te contamos lo #NuevoEnBancoPichincha para cerrar abril con buenas noticias. 💛

💧Más comunidades con acceso a agua potable, gracias a Sumar Juntos.
📚Oportunidad laboral para los jóvenes de la Amazonía.
📲Descarga tus movimientos en Banca Móvil.",0,4,32,2,78.0K
2025-07-11 01:43:55,BancoPichincha,Apr 25,"Cada triunfo de Anahí Suárez nos recuerda que…
🎯 La perseverancia construye campeones.
🥈 La pasión lleva al podio.
🇪🇨 El orgullo de un país se corre con el corazón.
¡Felicidades por tu medalla de plata en el Campeonato Sudamericano de Atletismo!

#ElEsfuerzoTeDefine",0,32,237,9,149.0K
2025-07-11 03:27:48,BancoPichincha,Jun 30,"¿Tienes 40 segundos? Entérate de #LoNuevoEnBancoPichincha 💛
📲Pagar o cobrar con tu QR es ahora más fácil.
🎓Conoce la mejor iniciativa para empezar tu carrera laboral.
🏫 Voluntariado para apoyar a comunidad de Cayambe.",0,3,9,3,12.0K
2025-07-11 03:27:48,BancoPichincha,Jun 19,"🇪🇨 En Ecuador, 6 de cada 10 familias de zonas rurales aún no tienen acceso a agua potable. Conseguirla implica recorrer largas distancias o pagar altos costos.💧
Por eso, Banco Pichincha impulsa Sumar Juntos, iniciativa que ya ha cambiado la vida a más de 26 mil personas. 💛",0,26,124,9,157.0K
2025-07-11 03:27:48,BancoPichincha,Jun 16,"Hoy celebramos el esfuerzo de quienes, a pesar de la distancia, siempre están presentes. ✨
Porque detrás de cada envío que realizan, hay más que dinero… hay medicinas, educación, sueños y, sobre todo, ese amor de familia que nunca se pierde. 💛
#DíaInternacionalDeLasRemesas",0,3,28,3,57.0K
2025-07-11 03:27:48,BancoPichincha,Jun 12,"¡Celebramos 10 años formando a los líderes del mañana! 🚀
El mejor semillero de talento del país cumple una década.
444 estudiantes han vivido la experiencia de ser trainees durante 6 semanas en Futuros Líderes, una oportunidad que ha marcado su vida profesional. 💛",0,4,117,14,531.0K
2025-07-11 03:27:48,BancoPichincha,Jun 3,"Hay jugadores en la cancha… y tú. El número 12. ⚽
El que vibra y sufre cada partido.
El que nunca abandona, ni en la gloria ni en la derrota.
Has heredado esta pasión y la llevas como bandera.
Porque darlo todo por tu equipo, te define. 💛
@BarcelonaSC
@LDU_Oficial
@UCatolicaEC",0,28,324,12,791.0K
2025-07-11 03:27:48,BancoPichincha,Jun 2,"Confianza es creer que subir otra vez al podio del #GiroDItalia es posible. 🥉 
Gracias @RichardCarapazM por hacernos vivir momentos como estos. 💛 #ElEsfuerzoTeDefine",1,55,769,8,201.0K
2025-07-11 03:27:48,BancoPichincha,Jun 1,"Una vez más @RichardCarapazM dejó su huella en la historia del ciclismo. 🥉
¡Que orgullo verte en el podio del #GiroDItalia, el quinto en una gran vuelta! 🚴‍♂️
No es casualidad. Es levantarse cuando todos piensan que ya lo diste todo. 
Sí, Locomotora 🚂, #ElEsfuerzoTeDefine",1,55,635,1,77.0K
2025-07-11 03:27:48,BancoPichincha,May 30,"En menos de 1 minuto puedes enterarte de #LoNuevoEnBancoPichincha 💛
💰 Ahorrar a tu ritmo es más fácil gracias a Banca Móvil.
👩🏻‍💼 Seguimos apostando por el emprendimiento femenino. 
🏧 Inauguramos un nuevo cajero en Galápagos.",0,2,23,4,81.0K
2025-07-11 03:27:48,BancoPichincha,May 21,"¡Qué grande eres @RichardCarapazM! 🚂
Lo dejaste todo en la montaña y cruzaste la meta en solitario en la etapa 11 del #GiroDItalia. 🚵
No solo ganaste, volviste a demostrar que nunca hay que dejar de luchar. 💪🏻
El aliento del Ecuador entero te acompaña.🇪🇨
#ElEsfuerzoTeDefine",1,58,473,5,71.0K
2025-07-11 03:27:48,BancoPichincha,May 15,"¡Felicidades @UCatolicaEC! 🩵
Hoy nos unimos a la celebración de los hinchas del #TrencitoAzul que generación tras generación han alentado a la #Chatoleí en estos 62 años. 🎉",0,12,88,2,72.0K
2025-07-11 03:27:48,BancoPichincha,May 14,"¡Tú eres el jugador 12! ⚽
El que lo da todo por los colores de su equipo en casa, en el estadio y por todo el país. 
Y esta es una herencia que has convertido en legado, porque el esfuerzo de darlo todo por tu equipo, te define. 💛
@BarcelonaSC
@LDU_Oficial
@UCatolicaEC",0,21,219,13,689.0K
2025-07-11 03:27:48,BancoPichincha,May 9,"¡Anahí Ortiz es una de las mejores ajedrecistas del continente! 👏
♟️ Detrás de cada una de sus partidas hay años de sacrificio y perseverancia. Hoy celebramos su segundo lugar en el Campeonato Continental Femenino de Ajedrez de las Américas.🥈🇪🇨
#ElEsfuerzoTeDefine",0,10,52,0,21.0K
2025-07-11 03:27:48,BancoPichincha,May 9,"Todo empezó con un dibujo, un desayuno, un regalo hecho con amor. 🥰
Lo que parecía un juego, hoy es un sueño cumplido. ✨
Porque confianza es creer, incluso cuando nadie más lo hace… y tú, mamá, confiaste siempre. 💛
¡Feliz día! 👩🏻‍🍼
#diadelamadre",0,2,25,2,36.0K
2025-07-11 03:27:48,BancoPichincha,May 8,"Porque #ElEsfuerzoTeDefine, queremos verte de nuevo en lo más alto, @RichardCarapazM 🚂
Pedaleamos contigo en el #GirodItalia 💛",1,10,77,0,27.0K
2025-07-11 03:27:48,BancoPichincha,May 8,"100 años de esfuerzo. 💛
100 hinchas que festejaron el centenario de @BarcelonaSC como se merece: en la cancha del 🏟️ estadio Banco Pichincha, en casa, siendo protagonistas de la celebración.
Porque ser torero, es ser parte de una pasión que no se apaga. 🔥",16,14,81,3,47.0K
2025-07-11 03:27:48,BancoPichincha,May 7,"Gracias a Sumar Juntos, un proyecto de Banco Pichincha, cada vez más comunidades se benefician de la instalación de sistemas de agua potable. Esto contribuye a una mejor nutrición de los niños y a una mayor asistencia a escuelas en las zonas rurales del país.",0,19,150,6,443.0K
2025-07-11 03:27:48,BancoPichincha,May 1,"100 años de historia. 
100 años de esfuerzo. 
100 hitos inolvidables. 
@BarcelonaSC hoy celebramos el legado que has construido y que perdurará en la memoria de los hinchas toreros. 💛
¡Felicitaciones, ídolo! 
#CentenarioBSC",0,112,486,10,85.0K
2025-07-11 03:27:48,BancoPichincha,Apr 30,"En 39 segundos, te contamos lo #NuevoEnBancoPichincha para cerrar abril con buenas noticias. 💛

💧Más comunidades con acceso a agua potable, gracias a Sumar Juntos.
📚Oportunidad laboral para los jóvenes de la Amazonía.
📲Descarga tus movimientos en Banca Móvil.",0,4,32,2,78.0K
2025-07-11 03:27:48,BancoPichincha,Apr 25,"Cada triunfo de Anahí Suárez nos recuerda que…
🎯 La perseverancia construye campeones.
🥈 La pasión lleva al podio.
🇪🇨 El orgullo de un país se corre con el corazón.
¡Felicidades por tu medalla de plata en el Campeonato Sudamericano de Atletismo!

#ElEsfuerzoTeDefine",0,33,237,9,149.0K
2025-07-11 06:30:58,BancoPichincha,Jun 30,"¿Tienes 40 segundos? Entérate de #LoNuevoEnBancoPichincha 💛
📲Pagar o cobrar con tu QR es ahora más fácil.
🎓Conoce la mejor iniciativa para empezar tu carrera laboral.
🏫 Voluntariado para apoyar a comunidad de Cayambe.",0,3,9,3,12.0K
2025-07-11 06:30:58,BancoPichincha,Jun 19,"🇪🇨 En Ecuador, 6 de cada 10 familias de zonas rurales aún no tienen acceso a agua potable. Conseguirla implica recorrer largas distancias o pagar altos costos.💧
Por eso, Banco Pichincha impulsa Sumar Juntos, iniciativa que ya ha cambiado la vida a más de 26 mil personas. 💛",0,26,124,9,157.0K
2025-07-11 06:30:58,BancoPichincha,Jun 16,"Hoy celebramos el esfuerzo de quienes, a pesar de la distancia, siempre están presentes. ✨
Porque detrás de cada envío que realizan, hay más que dinero… hay medicinas, educación, sueños y, sobre todo, ese amor de familia que nunca se pierde. 💛
#DíaInternacionalDeLasRemesas",0,3,27,3,57.0K
2025-07-11 06:30:58,BancoPichincha,Jun 12,"¡Celebramos 10 años formando a los líderes del mañana! 🚀
El mejor semillero de talento del país cumple una década.
444 estudiantes han vivido la experiencia de ser trainees durante 6 semanas en Futuros Líderes, una oportunidad que ha marcado su vida profesional. 💛",0,4,117,14,531.0K
2025-07-11 06:30:58,BancoPichincha,Jun 3,"Hay jugadores en la cancha… y tú. El número 12. ⚽
El que vibra y sufre cada partido.
El que nunca abandona, ni en la gloria ni en la derrota.
Has heredado esta pasión y la llevas como bandera.
Porque darlo todo por tu equipo, te define. 💛
@BarcelonaSC
@LDU_Oficial
@UCatolicaEC",0,28,324,12,791.0K
2025-07-11 06:30:58,BancoPichincha,Jun 2,"Confianza es creer que subir otra vez al podio del #GiroDItalia es posible. 🥉 
Gracias @RichardCarapazM por hacernos vivir momentos como estos. 💛 #ElEsfuerzoTeDefine",1,55,769,8,201.0K
2025-07-11 06:30:58,BancoPichincha,Jun 1,"Una vez más @RichardCarapazM dejó su huella en la historia del ciclismo. 🥉
¡Que orgullo verte en el podio del #GiroDItalia, el quinto en una gran vuelta! 🚴‍♂️
No es casualidad. Es levantarse cuando todos piensan que ya lo diste todo. 
Sí, Locomotora 🚂, #ElEsfuerzoTeDefine",1,55,634,1,77.0K
2025-07-11 06:30:58,BancoPichincha,May 30,"En menos de 1 minuto puedes enterarte de #LoNuevoEnBancoPichincha 💛
💰 Ahorrar a tu ritmo es más fácil gracias a Banca Móvil.
👩🏻‍💼 Seguimos apostando por el emprendimiento femenino. 
🏧 Inauguramos un nuevo cajero en Galápagos.",0,2,23,4,81.0K
2025-07-11 06:30:58,BancoPichincha,May 21,"¡Qué grande eres @RichardCarapazM! 🚂
Lo dejaste todo en la montaña y cruzaste la meta en solitario en la etapa 11 del #GiroDItalia. 🚵
No solo ganaste, volviste a demostrar que nunca hay que dejar de luchar. 💪🏻
El aliento del Ecuador entero te acompaña.🇪🇨
#ElEsfuerzoTeDefine",1,58,473,5,71.0K
2025-07-11 06:30:58,BancoPichincha,May 15,"¡Felicidades @UCatolicaEC! 🩵
Hoy nos unimos a la celebración de los hinchas del #TrencitoAzul que generación tras generación han alentado a la #Chatoleí en estos 62 años. 🎉",0,12,88,2,72.0K
2025-07-11 06:30:58,BancoPichincha,May 14,"¡Tú eres el jugador 12! ⚽
El que lo da todo por los colores de su equipo en casa, en el estadio y por todo el país. 
Y esta es una herencia que has convertido en legado, porque el esfuerzo de darlo todo por tu equipo, te define. 💛
@BarcelonaSC
@LDU_Oficial
@UCatolicaEC",0,21,218,13,689.0K
2025-07-11 06:30:58,BancoPichincha,May 9,"¡Anahí Ortiz es una de las mejores ajedrecistas del continente! 👏
♟️ Detrás de cada una de sus partidas hay años de sacrificio y perseverancia. Hoy celebramos su segundo lugar en el Campeonato Continental Femenino de Ajedrez de las Américas.🥈🇪🇨
#ElEsfuerzoTeDefine",0,10,52,0,21.0K
2025-07-11 06:30:58,BancoPichincha,May 9,"Todo empezó con un dibujo, un desayuno, un regalo hecho con amor. 🥰
Lo que parecía un juego, hoy es un sueño cumplido. ✨
Porque confianza es creer, incluso cuando nadie más lo hace… y tú, mamá, confiaste siempre. 💛
¡Feliz día! 👩🏻‍🍼
#diadelamadre",0,2,25,2,36.0K
2025-07-11 06:30:58,BancoPichincha,May 8,"Porque #ElEsfuerzoTeDefine, queremos verte de nuevo en lo más alto, @RichardCarapazM 🚂
Pedaleamos contigo en el #GirodItalia 💛",1,10,77,0,27.0K
2025-07-11 06:30:58,BancoPichincha,May 8,"100 años de esfuerzo. 💛
100 hinchas que festejaron el centenario de @BarcelonaSC como se merece: en la cancha del 🏟️ estadio Banco Pichincha, en casa, siendo protagonistas de la celebración.
Porque ser torero, es ser parte de una pasión que no se apaga. 🔥",16,14,81,3,47.0K
2025-07-11 06:30:58,BancoPichincha,May 7,"Gracias a Sumar Juntos, un proyecto de Banco Pichincha, cada vez más comunidades se benefician de la instalación de sistemas de agua potable. Esto contribuye a una mejor nutrición de los niños y a una mayor asistencia a escuelas en las zonas rurales del país.",0,19,150,6,443.0K
2025-07-11 06:30:58,BancoPichincha,May 1,"100 años de historia. 
100 años de esfuerzo. 
100 hitos inolvidables. 
@BarcelonaSC hoy celebramos el legado que has construido y que perdurará en la memoria de los hinchas toreros. 💛
¡Felicitaciones, ídolo! 
#CentenarioBSC",0,112,486,10,85.0K
2025-07-11 06:30:58,BancoPichincha,Apr 30,"En 39 segundos, te contamos lo #NuevoEnBancoPichincha para cerrar abril con buenas noticias. 💛

💧Más comunidades con acceso a agua potable, gracias a Sumar Juntos.
📚Oportunidad laboral para los jóvenes de la Amazonía.
📲Descarga tus movimientos en Banca Móvil.",0,4,32,2,78.0K
2025-07-11 06:30:58,BancoPichincha,Apr 25,"Cada triunfo de Anahí Suárez nos recuerda que…
🎯 La perseverancia construye campeones.
🥈 La pasión lleva al podio.
🇪🇨 El orgullo de un país se corre con el corazón.
¡Felicidades por tu medalla de plata en el Campeonato Sudamericano de Atletismo!

#ElEsfuerzoTeDefine",0,32,237,9,149.0K
2025-07-11 07:21:04,BancoPichincha,Jun 30,"¿Tienes 40 segundos? Entérate de #LoNuevoEnBancoPichincha 💛
📲Pagar o cobrar con tu QR es ahora más fácil.
🎓Conoce la mejor iniciativa para empezar tu carrera laboral.
🏫 Voluntariado para apoyar a comunidad de Cayambe.",0,3,9,3,12.0K
2025-07-11 07:21:04,BancoPichincha,Jun 19,"🇪🇨 En Ecuador, 6 de cada 10 familias de zonas rurales aún no tienen acceso a agua potable. Conseguirla implica recorrer largas distancias o pagar altos costos.💧
Por eso, Banco Pichincha impulsa Sumar Juntos, iniciativa que ya ha cambiado la vida a más de 26 mil personas. 💛",0,26,124,9,157.0K
2025-07-11 07:21:04,BancoPichincha,Jun 16,"Hoy celebramos el esfuerzo de quienes, a pesar de la distancia, siempre están presentes. ✨
Porque detrás de cada envío que realizan, hay más que dinero… hay medicinas, educación, sueños y, sobre todo, ese amor de familia que nunca se pierde. 💛
#DíaInternacionalDeLasRemesas",0,3,27,3,57.0K
2025-07-11 07:21:04,BancoPichincha,Jun 12,"¡Celebramos 10 años formando a los líderes del mañana! 🚀
El mejor semillero de talento del país cumple una década.
444 estudiantes han vivido la experiencia de ser trainees durante 6 semanas en Futuros Líderes, una oportunidad que ha marcado su vida profesional. 💛",0,4,117,14,531.0K
2025-07-11 07:21:04,BancoPichincha,Jun 3,"Hay jugadores en la cancha… y tú. El número 12. ⚽
El que vibra y sufre cada partido.
El que nunca abandona, ni en la gloria ni en la derrota.
Has heredado esta pasión y la llevas como bandera.
Porque darlo todo por tu equipo, te define. 💛
@BarcelonaSC
@LDU_Oficial
@UCatolicaEC",0,28,324,12,791.0K
2025-07-11 07:21:04,BancoPichincha,Jun 2,"Confianza es creer que subir otra vez al podio del #GiroDItalia es posible. 🥉 
Gracias @RichardCarapazM por hacernos vivir momentos como estos. 💛 #ElEsfuerzoTeDefine",1,55,769,8,201.0K
2025-07-11 07:21:04,BancoPichincha,Jun 1,"Una vez más @RichardCarapazM dejó su huella en la historia del ciclismo. 🥉
¡Que orgullo verte en el podio del #GiroDItalia, el quinto en una gran vuelta! 🚴‍♂️
No es casualidad. Es levantarse cuando todos piensan que ya lo diste todo. 
Sí, Locomotora 🚂, #ElEsfuerzoTeDefine",1,55,634,1,77.0K
2025-07-11 07:21:04,BancoPichincha,May 30,"En menos de 1 minuto puedes enterarte de #LoNuevoEnBancoPichincha 💛
💰 Ahorrar a tu ritmo es más fácil gracias a Banca Móvil.
👩🏻‍💼 Seguimos apostando por el emprendimiento femenino. 
🏧 Inauguramos un nuevo cajero en Galápagos.",0,2,23,4,81.0K
2025-07-11 07:21:04,BancoPichincha,May 21,"¡Qué grande eres @RichardCarapazM! 🚂
Lo dejaste todo en la montaña y cruzaste la meta en solitario en la etapa 11 del #GiroDItalia. 🚵
No solo ganaste, volviste a demostrar que nunca hay que dejar de luchar. 💪🏻
El aliento del Ecuador entero te acompaña.🇪🇨
#ElEsfuerzoTeDefine",1,58,473,5,71.0K
2025-07-11 07:21:04,BancoPichincha,May 15,"¡Felicidades @UCatolicaEC! 🩵
Hoy nos unimos a la celebración de los hinchas del #TrencitoAzul que generación tras generación han alentado a la #Chatoleí en estos 62 años. 🎉",0,12,88,2,72.0K
2025-07-11 07:21:04,BancoPichincha,May 14,"¡Tú eres el jugador 12! ⚽
El que lo da todo por los colores de su equipo en casa, en el estadio y por todo el país. 
Y esta es una herencia que has convertido en legado, porque el esfuerzo de darlo todo por tu equipo, te define. 💛
@BarcelonaSC
@LDU_Oficial
@UCatolicaEC",0,21,218,13,689.0K
2025-07-11 07:21:04,BancoPichincha,May 9,"¡Anahí Ortiz es una de las mejores ajedrecistas del continente! 👏
♟️ Detrás de cada una de sus partidas hay años de sacrificio y perseverancia. Hoy celebramos su segundo lugar en el Campeonato Continental Femenino de Ajedrez de las Américas.🥈🇪🇨
#ElEsfuerzoTeDefine",0,10,52,0,21.0K
2025-07-11 07:21:04,BancoPichincha,May 9,"Todo empezó con un dibujo, un desayuno, un regalo hecho con amor. 🥰
Lo que parecía un juego, hoy es un sueño cumplido. ✨
Porque confianza es creer, incluso cuando nadie más lo hace… y tú, mamá, confiaste siempre. 💛
¡Feliz día! 👩🏻‍🍼
#diadelamadre",0,2,25,2,36.0K
2025-07-11 07:21:04,BancoPichincha,May 8,"Porque #ElEsfuerzoTeDefine, queremos verte de nuevo en lo más alto, @RichardCarapazM 🚂
Pedaleamos contigo en el #GirodItalia 💛",1,10,77,0,27.0K
2025-07-11 07:21:04,BancoPichincha,May 8,"100 años de esfuerzo. 💛
100 hinchas que festejaron el centenario de @BarcelonaSC como se merece: en la cancha del 🏟️ estadio Banco Pichincha, en casa, siendo protagonistas de la celebración.
Porque ser torero, es ser parte de una pasión que no se apaga. 🔥",16,14,81,3,47.0K
2025-07-11 07:21:04,BancoPichincha,May 7,"Gracias a Sumar Juntos, un proyecto de Banco Pichincha, cada vez más comunidades se benefician de la instalación de sistemas de agua potable. Esto contribuye a una mejor nutrición de los niños y a una mayor asistencia a escuelas en las zonas rurales del país.",0,19,150,6,443.0K
2025-07-11 07:21:04,BancoPichincha,May 1,"100 años de historia. 
100 años de esfuerzo. 
100 hitos inolvidables. 
@BarcelonaSC hoy celebramos el legado que has construido y que perdurará en la memoria de los hinchas toreros. 💛
¡Felicitaciones, ídolo! 
#CentenarioBSC",0,112,486,10,85.0K
2025-07-11 07:21:04,BancoPichincha,Apr 30,"En 39 segundos, te contamos lo #NuevoEnBancoPichincha para cerrar abril con buenas noticias. 💛

💧Más comunidades con acceso a agua potable, gracias a Sumar Juntos.
📚Oportunidad laboral para los jóvenes de la Amazonía.
📲Descarga tus movimientos en Banca Móvil.",0,4,32,2,78.0K
2025-07-11 07:21:04,BancoPichincha,Apr 25,"Cada triunfo de Anahí Suárez nos recuerda que…
🎯 La perseverancia construye campeones.
🥈 La pasión lleva al podio.
🇪🇨 El orgullo de un país se corre con el corazón.
¡Felicidades por tu medalla de plata en el Campeonato Sudamericano de Atletismo!

#ElEsfuerzoTeDefine",0,32,237,9,149.0K
2025-07-11 08:27:49,BancoPichincha,Jun 30,"¿Tienes 40 segundos? Entérate de #LoNuevoEnBancoPichincha 💛
📲Pagar o cobrar con tu QR es ahora más fácil.
🎓Conoce la mejor iniciativa para empezar tu carrera laboral.
🏫 Voluntariado para apoyar a comunidad de Cayambe.",0,3,9,3,12.0K
2025-07-11 08:27:49,BancoPichincha,Jun 19,"🇪🇨 En Ecuador, 6 de cada 10 familias de zonas rurales aún no tienen acceso a agua potable. Conseguirla implica recorrer largas distancias o pagar altos costos.💧
Por eso, Banco Pichincha impulsa Sumar Juntos, iniciativa que ya ha cambiado la vida a más de 26 mil personas. 💛",0,26,124,9,157.0K
2025-07-11 08:27:49,BancoPichincha,Jun 16,"Hoy celebramos el esfuerzo de quienes, a pesar de la distancia, siempre están presentes. ✨
Porque detrás de cada envío que realizan, hay más que dinero… hay medicinas, educación, sueños y, sobre todo, ese amor de familia que nunca se pierde. 💛
#DíaInternacionalDeLasRemesas",0,3,27,3,57.0K
2025-07-11 08:27:49,BancoPichincha,Jun 12,"¡Celebramos 10 años formando a los líderes del mañana! 🚀
El mejor semillero de talento del país cumple una década.
444 estudiantes han vivido la experiencia de ser trainees durante 6 semanas en Futuros Líderes, una oportunidad que ha marcado su vida profesional. 💛",0,4,117,14,531.0K
2025-07-11 08:27:49,BancoPichincha,Jun 3,"Hay jugadores en la cancha… y tú. El número 12. ⚽
El que vibra y sufre cada partido.
El que nunca abandona, ni en la gloria ni en la derrota.
Has heredado esta pasión y la llevas como bandera.
Porque darlo todo por tu equipo, te define. 💛
@BarcelonaSC
@LDU_Oficial
@UCatolicaEC",0,28,324,12,791.0K
2025-07-11 08:27:49,BancoPichincha,Jun 2,"Confianza es creer que subir otra vez al podio del #GiroDItalia es posible. 🥉 
Gracias @RichardCarapazM por hacernos vivir momentos como estos. 💛 #ElEsfuerzoTeDefine",1,55,769,8,201.0K
2025-07-11 08:27:49,BancoPichincha,Jun 1,"Una vez más @RichardCarapazM dejó su huella en la historia del ciclismo. 🥉
¡Que orgullo verte en el podio del #GiroDItalia, el quinto en una gran vuelta! 🚴‍♂️
No es casualidad. Es levantarse cuando todos piensan que ya lo diste todo. 
Sí, Locomotora 🚂, #ElEsfuerzoTeDefine",1,55,634,1,77.0K
2025-07-11 08:27:49,BancoPichincha,May 30,"En menos de 1 minuto puedes enterarte de #LoNuevoEnBancoPichincha 💛
💰 Ahorrar a tu ritmo es más fácil gracias a Banca Móvil.
👩🏻‍💼 Seguimos apostando por el emprendimiento femenino. 
🏧 Inauguramos un nuevo cajero en Galápagos.",0,2,23,4,81.0K
2025-07-11 08:27:49,BancoPichincha,May 21,"¡Qué grande eres @RichardCarapazM! 🚂
Lo dejaste todo en la montaña y cruzaste la meta en solitario en la etapa 11 del #GiroDItalia. 🚵
No solo ganaste, volviste a demostrar que nunca hay que dejar de luchar. 💪🏻
El aliento del Ecuador entero te acompaña.🇪🇨
#ElEsfuerzoTeDefine",1,58,473,5,71.0K
2025-07-11 08:27:49,BancoPichincha,May 15,"¡Felicidades @UCatolicaEC! 🩵
Hoy nos unimos a la celebración de los hinchas del #TrencitoAzul que generación tras generación han alentado a la #Chatoleí en estos 62 años. 🎉",0,12,88,2,72.0K
2025-07-11 08:27:49,BancoPichincha,May 14,"¡Tú eres el jugador 12! ⚽
El que lo da todo por los colores de su equipo en casa, en el estadio y por todo el país. 
Y esta es una herencia que has convertido en legado, porque el esfuerzo de darlo todo por tu equipo, te define. 💛
@BarcelonaSC
@LDU_Oficial
@UCatolicaEC",0,21,218,13,689.0K
2025-07-11 08:27:49,BancoPichincha,May 9,"¡Anahí Ortiz es una de las mejores ajedrecistas del continente! 👏
♟️ Detrás de cada una de sus partidas hay años de sacrificio y perseverancia. Hoy celebramos su segundo lugar en el Campeonato Continental Femenino de Ajedrez de las Américas.🥈🇪🇨
#ElEsfuerzoTeDefine",0,10,52,0,21.0K
2025-07-11 08:27:49,BancoPichincha,May 9,"Todo empezó con un dibujo, un desayuno, un regalo hecho con amor. 🥰
Lo que parecía un juego, hoy es un sueño cumplido. ✨
Porque confianza es creer, incluso cuando nadie más lo hace… y tú, mamá, confiaste siempre. 💛
¡Feliz día! 👩🏻‍🍼
#diadelamadre",0,2,25,2,36.0K
2025-07-11 08:27:49,BancoPichincha,May 8,"Porque #ElEsfuerzoTeDefine, queremos verte de nuevo en lo más alto, @RichardCarapazM 🚂
Pedaleamos contigo en el #GirodItalia 💛",1,10,77,0,27.0K
2025-07-11 08:27:49,BancoPichincha,May 8,"100 años de esfuerzo. 💛
100 hinchas que festejaron el centenario de @BarcelonaSC como se merece: en la cancha del 🏟️ estadio Banco Pichincha, en casa, siendo protagonistas de la celebración.
Porque ser torero, es ser parte de una pasión que no se apaga. 🔥",16,14,81,3,47.0K
2025-07-11 08:27:49,BancoPichincha,May 7,"Gracias a Sumar Juntos, un proyecto de Banco Pichincha, cada vez más comunidades se benefician de la instalación de sistemas de agua potable. Esto contribuye a una mejor nutrición de los niños y a una mayor asistencia a escuelas en las zonas rurales del país.",0,19,150,6,443.0K
2025-07-11 08:27:49,BancoPichincha,May 1,"100 años de historia. 
100 años de esfuerzo. 
100 hitos inolvidables. 
@BarcelonaSC hoy celebramos el legado que has construido y que perdurará en la memoria de los hinchas toreros. 💛
¡Felicitaciones, ídolo! 
#CentenarioBSC",0,112,486,10,85.0K
2025-07-11 08:27:49,BancoPichincha,Apr 30,"En 39 segundos, te contamos lo #NuevoEnBancoPichincha para cerrar abril con buenas noticias. 💛

💧Más comunidades con acceso a agua potable, gracias a Sumar Juntos.
📚Oportunidad laboral para los jóvenes de la Amazonía.
📲Descarga tus movimientos en Banca Móvil.",0,4,32,2,78.0K
2025-07-11 08:27:49,BancoPichincha,Apr 25,"Cada triunfo de Anahí Suárez nos recuerda que…
🎯 La perseverancia construye campeones.
🥈 La pasión lleva al podio.
🇪🇨 El orgullo de un país se corre con el corazón.
¡Felicidades por tu medalla de plata en el Campeonato Sudamericano de Atletismo!

#ElEsfuerzoTeDefine",0,32,237,9,149.0K
2025-07-11 09:22:33,BancoPichincha,Jun 30,"¿Tienes 40 segundos? Entérate de #LoNuevoEnBancoPichincha 💛
📲Pagar o cobrar con tu QR es ahora más fácil.
🎓Conoce la mejor iniciativa para empezar tu carrera laboral.
🏫 Voluntariado para apoyar a comunidad de Cayambe.",0,3,9,3,12.0K
2025-07-11 09:22:33,BancoPichincha,Jun 19,"🇪🇨 En Ecuador, 6 de cada 10 familias de zonas rurales aún no tienen acceso a agua potable. Conseguirla implica recorrer largas distancias o pagar altos costos.💧
Por eso, Banco Pichincha impulsa Sumar Juntos, iniciativa que ya ha cambiado la vida a más de 26 mil personas. 💛",0,26,124,9,157.0K
2025-07-11 09:22:33,BancoPichincha,Jun 16,"Hoy celebramos el esfuerzo de quienes, a pesar de la distancia, siempre están presentes. ✨
Porque detrás de cada envío que realizan, hay más que dinero… hay medicinas, educación, sueños y, sobre todo, ese amor de familia que nunca se pierde. 💛
#DíaInternacionalDeLasRemesas",0,3,27,3,57.0K
2025-07-11 09:22:33,BancoPichincha,Jun 12,"¡Celebramos 10 años formando a los líderes del mañana! 🚀
El mejor semillero de talento del país cumple una década.
444 estudiantes han vivido la experiencia de ser trainees durante 6 semanas en Futuros Líderes, una oportunidad que ha marcado su vida profesional. 💛",0,4,117,14,531.0K
2025-07-11 09:22:33,BancoPichincha,Jun 3,"Hay jugadores en la cancha… y tú. El número 12. ⚽
El que vibra y sufre cada partido.
El que nunca abandona, ni en la gloria ni en la derrota.
Has heredado esta pasión y la llevas como bandera.
Porque darlo todo por tu equipo, te define. 💛
@BarcelonaSC
@LDU_Oficial
@UCatolicaEC",0,28,324,12,791.0K
2025-07-11 09:22:33,BancoPichincha,Jun 2,"Confianza es creer que subir otra vez al podio del #GiroDItalia es posible. 🥉 
Gracias @RichardCarapazM por hacernos vivir momentos como estos. 💛 #ElEsfuerzoTeDefine",1,55,769,8,201.0K
2025-07-11 09:22:33,BancoPichincha,Jun 1,"Una vez más @RichardCarapazM dejó su huella en la historia del ciclismo. 🥉
¡Que orgullo verte en el podio del #GiroDItalia, el quinto en una gran vuelta! 🚴‍♂️
No es casualidad. Es levantarse cuando todos piensan que ya lo diste todo. 
Sí, Locomotora 🚂, #ElEsfuerzoTeDefine",1,55,634,1,77.0K
2025-07-11 09:22:33,BancoPichincha,May 30,"En menos de 1 minuto puedes enterarte de #LoNuevoEnBancoPichincha 💛
💰 Ahorrar a tu ritmo es más fácil gracias a Banca Móvil.
👩🏻‍💼 Seguimos apostando por el emprendimiento femenino. 
🏧 Inauguramos un nuevo cajero en Galápagos.",0,2,23,4,81.0K
2025-07-11 09:22:33,BancoPichincha,May 21,"¡Qué grande eres @RichardCarapazM! 🚂
Lo dejaste todo en la montaña y cruzaste la meta en solitario en la etapa 11 del #GiroDItalia. 🚵
No solo ganaste, volviste a demostrar que nunca hay que dejar de luchar. 💪🏻
El aliento del Ecuador entero te acompaña.🇪🇨
#ElEsfuerzoTeDefine",1,58,473,5,71.0K
2025-07-11 09:22:33,BancoPichincha,May 15,"¡Felicidades @UCatolicaEC! 🩵
Hoy nos unimos a la celebración de los hinchas del #TrencitoAzul que generación tras generación han alentado a la #Chatoleí en estos 62 años. 🎉",0,12,88,2,72.0K
2025-07-11 09:22:33,BancoPichincha,May 14,"¡Tú eres el jugador 12! ⚽
El que lo da todo por los colores de su equipo en casa, en el estadio y por todo el país. 
Y esta es una herencia que has convertido en legado, porque el esfuerzo de darlo todo por tu equipo, te define. 💛
@BarcelonaSC
@LDU_Oficial
@UCatolicaEC",0,21,218,13,689.0K
2025-07-11 09:22:33,BancoPichincha,May 9,"¡Anahí Ortiz es una de las mejores ajedrecistas del continente! 👏
♟️ Detrás de cada una de sus partidas hay años de sacrificio y perseverancia. Hoy celebramos su segundo lugar en el Campeonato Continental Femenino de Ajedrez de las Américas.🥈🇪🇨
#ElEsfuerzoTeDefine",0,10,52,0,21.0K
2025-07-11 09:22:33,BancoPichincha,May 9,"Todo empezó con un dibujo, un desayuno, un regalo hecho con amor. 🥰
Lo que parecía un juego, hoy es un sueño cumplido. ✨
Porque confianza es creer, incluso cuando nadie más lo hace… y tú, mamá, confiaste siempre. 💛
¡Feliz día! 👩🏻‍🍼
#diadelamadre",0,2,25,2,36.0K
2025-07-11 09:22:33,BancoPichincha,May 8,"Porque #ElEsfuerzoTeDefine, queremos verte de nuevo en lo más alto, @RichardCarapazM 🚂
Pedaleamos contigo en el #GirodItalia 💛",1,10,77,0,27.0K
2025-07-11 09:22:33,BancoPichincha,May 8,"100 años de esfuerzo. 💛
100 hinchas que festejaron el centenario de @BarcelonaSC como se merece: en la cancha del 🏟️ estadio Banco Pichincha, en casa, siendo protagonistas de la celebración.
Porque ser torero, es ser parte de una pasión que no se apaga. 🔥",16,14,81,3,47.0K
2025-07-11 09:22:33,BancoPichincha,May 7,"Gracias a Sumar Juntos, un proyecto de Banco Pichincha, cada vez más comunidades se benefician de la instalación de sistemas de agua potable. Esto contribuye a una mejor nutrición de los niños y a una mayor asistencia a escuelas en las zonas rurales del país.",0,19,150,6,443.0K
2025-07-11 09:22:33,BancoPichincha,May 1,"100 años de historia. 
100 años de esfuerzo. 
100 hitos inolvidables. 
@BarcelonaSC hoy celebramos el legado que has construido y que perdurará en la memoria de los hinchas toreros. 💛
¡Felicitaciones, ídolo! 
#CentenarioBSC",0,112,486,10,85.0K
2025-07-11 09:22:33,BancoPichincha,Apr 30,"En 39 segundos, te contamos lo #NuevoEnBancoPichincha para cerrar abril con buenas noticias. 💛

💧Más comunidades con acceso a agua potable, gracias a Sumar Juntos.
📚Oportunidad laboral para los jóvenes de la Amazonía.
📲Descarga tus movimientos en Banca Móvil.",0,4,32,2,78.0K
2025-07-11 09:22:33,BancoPichincha,Apr 25,"Cada triunfo de Anahí Suárez nos recuerda que…
🎯 La perseverancia construye campeones.
🥈 La pasión lleva al podio.
🇪🇨 El orgullo de un país se corre con el corazón.
¡Felicidades por tu medalla de plata en el Campeonato Sudamericano de Atletismo!

#ElEsfuerzoTeDefine",0,32,237,9,149.0K
2025-07-11 10:21:46,BancoPichincha,Jun 30,"¿Tienes 40 segundos? Entérate de #LoNuevoEnBancoPichincha 💛
📲Pagar o cobrar con tu QR es ahora más fácil.
🎓Conoce la mejor iniciativa para empezar tu carrera laboral.
🏫 Voluntariado para apoyar a comunidad de Cayambe.",0,3,9,3,12.0K
2025-07-11 10:21:46,BancoPichincha,Jun 19,"🇪🇨 En Ecuador, 6 de cada 10 familias de zonas rurales aún no tienen acceso a agua potable. Conseguirla implica recorrer largas distancias o pagar altos costos.💧
Por eso, Banco Pichincha impulsa Sumar Juntos, iniciativa que ya ha cambiado la vida a más de 26 mil personas. 💛",0,26,124,9,157.0K
2025-07-11 10:21:46,BancoPichincha,Jun 16,"Hoy celebramos el esfuerzo de quienes, a pesar de la distancia, siempre están presentes. ✨
Porque detrás de cada envío que realizan, hay más que dinero… hay medicinas, educación, sueños y, sobre todo, ese amor de familia que nunca se pierde. 💛
#DíaInternacionalDeLasRemesas",0,3,27,3,57.0K
2025-07-11 10:21:46,BancoPichincha,Jun 12,"¡Celebramos 10 años formando a los líderes del mañana! 🚀
El mejor semillero de talento del país cumple una década.
444 estudiantes han vivido la experiencia de ser trainees durante 6 semanas en Futuros Líderes, una oportunidad que ha marcado su vida profesional. 💛",0,4,117,14,531.0K
2025-07-11 10:21:46,BancoPichincha,Jun 3,"Hay jugadores en la cancha… y tú. El número 12. ⚽
El que vibra y sufre cada partido.
El que nunca abandona, ni en la gloria ni en la derrota.
Has heredado esta pasión y la llevas como bandera.
Porque darlo todo por tu equipo, te define. 💛
@BarcelonaSC
@LDU_Oficial
@UCatolicaEC",0,28,324,12,791.0K
2025-07-11 10:21:46,BancoPichincha,Jun 2,"Confianza es creer que subir otra vez al podio del #GiroDItalia es posible. 🥉 
Gracias @RichardCarapazM por hacernos vivir momentos como estos. 💛 #ElEsfuerzoTeDefine",1,55,769,8,201.0K
2025-07-11 10:21:46,BancoPichincha,Jun 1,"Una vez más @RichardCarapazM dejó su huella en la historia del ciclismo. 🥉
¡Que orgullo verte en el podio del #GiroDItalia, el quinto en una gran vuelta! 🚴‍♂️
No es casualidad. Es levantarse cuando todos piensan que ya lo diste todo. 
Sí, Locomotora 🚂, #ElEsfuerzoTeDefine",1,55,634,1,77.0K
2025-07-11 10:21:46,BancoPichincha,May 30,"En menos de 1 minuto puedes enterarte de #LoNuevoEnBancoPichincha 💛
💰 Ahorrar a tu ritmo es más fácil gracias a Banca Móvil.
👩🏻‍💼 Seguimos apostando por el emprendimiento femenino. 
🏧 Inauguramos un nuevo cajero en Galápagos.",0,2,23,4,81.0K
2025-07-11 10:21:46,BancoPichincha,May 21,"¡Qué grande eres @RichardCarapazM! 🚂
Lo dejaste todo en la montaña y cruzaste la meta en solitario en la etapa 11 del #GiroDItalia. 🚵
No solo ganaste, volviste a demostrar que nunca hay que dejar de luchar. 💪🏻
El aliento del Ecuador entero te acompaña.🇪🇨
#ElEsfuerzoTeDefine",1,58,473,5,71.0K
2025-07-11 10:21:46,BancoPichincha,May 15,"¡Felicidades @UCatolicaEC! 🩵
Hoy nos unimos a la celebración de los hinchas del #TrencitoAzul que generación tras generación han alentado a la #Chatoleí en estos 62 años. 🎉",0,12,88,2,72.0K
2025-07-11 10:21:46,BancoPichincha,May 14,"¡Tú eres el jugador 12! ⚽
El que lo da todo por los colores de su equipo en casa, en el estadio y por todo el país. 
Y esta es una herencia que has convertido en legado, porque el esfuerzo de darlo todo por tu equipo, te define. 💛
@BarcelonaSC
@LDU_Oficial
@UCatolicaEC",0,21,218,13,689.0K
2025-07-11 10:21:46,BancoPichincha,May 9,"¡Anahí Ortiz es una de las mejores ajedrecistas del continente! 👏
♟️ Detrás de cada una de sus partidas hay años de sacrificio y perseverancia. Hoy celebramos su segundo lugar en el Campeonato Continental Femenino de Ajedrez de las Américas.🥈🇪🇨
#ElEsfuerzoTeDefine",0,10,52,0,21.0K
2025-07-11 10:21:46,BancoPichincha,May 9,"Todo empezó con un dibujo, un desayuno, un regalo hecho con amor. 🥰
Lo que parecía un juego, hoy es un sueño cumplido. ✨
Porque confianza es creer, incluso cuando nadie más lo hace… y tú, mamá, confiaste siempre. 💛
¡Feliz día! 👩🏻‍🍼
#diadelamadre",0,2,25,2,36.0K
2025-07-11 10:21:46,BancoPichincha,May 8,"Porque #ElEsfuerzoTeDefine, queremos verte de nuevo en lo más alto, @RichardCarapazM 🚂
Pedaleamos contigo en el #GirodItalia 💛",1,10,77,0,27.0K
2025-07-11 10:21:46,BancoPichincha,May 8,"100 años de esfuerzo. 💛
100 hinchas que festejaron el centenario de @BarcelonaSC como se merece: en la cancha del 🏟️ estadio Banco Pichincha, en casa, siendo protagonistas de la celebración.
Porque ser torero, es ser parte de una pasión que no se apaga. 🔥",16,14,81,3,47.0K
2025-07-11 10:21:46,BancoPichincha,May 7,"Gracias a Sumar Juntos, un proyecto de Banco Pichincha, cada vez más comunidades se benefician de la instalación de sistemas de agua potable. Esto contribuye a una mejor nutrición de los niños y a una mayor asistencia a escuelas en las zonas rurales del país.",0,19,150,6,443.0K
2025-07-11 10:21:46,BancoPichincha,May 1,"100 años de historia. 
100 años de esfuerzo. 
100 hitos inolvidables. 
@BarcelonaSC hoy celebramos el legado que has construido y que perdurará en la memoria de los hinchas toreros. 💛
¡Felicitaciones, ídolo! 
#CentenarioBSC",0,112,486,10,85.0K
2025-07-11 10:21:46,BancoPichincha,Apr 30,"En 39 segundos, te contamos lo #NuevoEnBancoPichincha para cerrar abril con buenas noticias. 💛

💧Más comunidades con acceso a agua potable, gracias a Sumar Juntos.
📚Oportunidad laboral para los jóvenes de la Amazonía.
📲Descarga tus movimientos en Banca Móvil.",0,4,32,2,78.0K
2025-07-11 10:21:46,BancoPichincha,Apr 25,"Cada triunfo de Anahí Suárez nos recuerda que…
🎯 La perseverancia construye campeones.
🥈 La pasión lleva al podio.
🇪🇨 El orgullo de un país se corre con el corazón.
¡Felicidades por tu medalla de plata en el Campeonato Sudamericano de Atletismo!

#ElEsfuerzoTeDefine",0,32,237,9,149.0K
2025-07-11 12:40:43,BancoPichincha,Jun 30,"¿Tienes 40 segundos? Entérate de #LoNuevoEnBancoPichincha 💛
📲Pagar o cobrar con tu QR es ahora más fácil.
🎓Conoce la mejor iniciativa para empezar tu carrera laboral.
🏫 Voluntariado para apoyar a comunidad de Cayambe.",0,3,9,3,12.0K
2025-07-11 12:40:43,BancoPichincha,Jun 19,"🇪🇨 En Ecuador, 6 de cada 10 familias de zonas rurales aún no tienen acceso a agua potable. Conseguirla implica recorrer largas distancias o pagar altos costos.💧
Por eso, Banco Pichincha impulsa Sumar Juntos, iniciativa que ya ha cambiado la vida a más de 26 mil personas. 💛",0,26,124,9,157.0K
2025-07-11 12:40:43,BancoPichincha,Jun 16,"Hoy celebramos el esfuerzo de quienes, a pesar de la distancia, siempre están presentes. ✨
Porque detrás de cada envío que realizan, hay más que dinero… hay medicinas, educación, sueños y, sobre todo, ese amor de familia que nunca se pierde. 💛
#DíaInternacionalDeLasRemesas",0,3,27,3,57.0K
2025-07-11 12:40:43,BancoPichincha,Jun 12,"¡Celebramos 10 años formando a los líderes del mañana! 🚀
El mejor semillero de talento del país cumple una década.
444 estudiantes han vivido la experiencia de ser trainees durante 6 semanas en Futuros Líderes, una oportunidad que ha marcado su vida profesional. 💛",0,4,117,14,531.0K
2025-07-11 12:40:43,BancoPichincha,Jun 3,"Hay jugadores en la cancha… y tú. El número 12. ⚽
El que vibra y sufre cada partido.
El que nunca abandona, ni en la gloria ni en la derrota.
Has heredado esta pasión y la llevas como bandera.
Porque darlo todo por tu equipo, te define. 💛
@BarcelonaSC
@LDU_Oficial
@UCatolicaEC",0,28,324,12,791.0K
2025-07-11 12:40:43,BancoPichincha,Jun 2,"Confianza es creer que subir otra vez al podio del #GiroDItalia es posible. 🥉 
Gracias @RichardCarapazM por hacernos vivir momentos como estos. 💛 #ElEsfuerzoTeDefine",1,55,769,8,201.0K
2025-07-11 12:40:43,BancoPichincha,Jun 1,"Una vez más @RichardCarapazM dejó su huella en la historia del ciclismo. 🥉
¡Que orgullo verte en el podio del #GiroDItalia, el quinto en una gran vuelta! 🚴‍♂️
No es casualidad. Es levantarse cuando todos piensan que ya lo diste todo. 
Sí, Locomotora 🚂, #ElEsfuerzoTeDefine",1,55,634,1,77.0K
2025-07-11 12:40:43,BancoPichincha,May 30,"En menos de 1 minuto puedes enterarte de #LoNuevoEnBancoPichincha 💛
💰 Ahorrar a tu ritmo es más fácil gracias a Banca Móvil.
👩🏻‍💼 Seguimos apostando por el emprendimiento femenino. 
🏧 Inauguramos un nuevo cajero en Galápagos.",0,2,23,4,81.0K
2025-07-11 12:40:43,BancoPichincha,May 21,"¡Qué grande eres @RichardCarapazM! 🚂
Lo dejaste todo en la montaña y cruzaste la meta en solitario en la etapa 11 del #GiroDItalia. 🚵
No solo ganaste, volviste a demostrar que nunca hay que dejar de luchar. 💪🏻
El aliento del Ecuador entero te acompaña.🇪🇨
#ElEsfuerzoTeDefine",1,58,473,5,71.0K
2025-07-11 12:40:43,BancoPichincha,May 15,"¡Felicidades @UCatolicaEC! 🩵
Hoy nos unimos a la celebración de los hinchas del #TrencitoAzul que generación tras generación han alentado a la #Chatoleí en estos 62 años. 🎉",0,12,88,2,72.0K
2025-07-11 12:40:43,BancoPichincha,May 14,"¡Tú eres el jugador 12! ⚽
El que lo da todo por los colores de su equipo en casa, en el estadio y por todo el país. 
Y esta es una herencia que has convertido en legado, porque el esfuerzo de darlo todo por tu equipo, te define. 💛
@BarcelonaSC
@LDU_Oficial
@UCatolicaEC",0,21,218,13,689.0K
2025-07-11 12:40:43,BancoPichincha,May 9,"¡Anahí Ortiz es una de las mejores ajedrecistas del continente! 👏
♟️ Detrás de cada una de sus partidas hay años de sacrificio y perseverancia. Hoy celebramos su segundo lugar en el Campeonato Continental Femenino de Ajedrez de las Américas.🥈🇪🇨
#ElEsfuerzoTeDefine",0,10,52,0,21.0K
2025-07-11 12:40:43,BancoPichincha,May 9,"Todo empezó con un dibujo, un desayuno, un regalo hecho con amor. 🥰
Lo que parecía un juego, hoy es un sueño cumplido. ✨
Porque confianza es creer, incluso cuando nadie más lo hace… y tú, mamá, confiaste siempre. 💛
¡Feliz día! 👩🏻‍🍼
#diadelamadre",0,2,25,2,36.0K
2025-07-11 12:40:43,BancoPichincha,May 8,"Porque #ElEsfuerzoTeDefine, queremos verte de nuevo en lo más alto, @RichardCarapazM 🚂
Pedaleamos contigo en el #GirodItalia 💛",1,10,77,0,27.0K
2025-07-11 12:40:43,BancoPichincha,May 8,"100 años de esfuerzo. 💛
100 hinchas que festejaron el centenario de @BarcelonaSC como se merece: en la cancha del 🏟️ estadio Banco Pichincha, en casa, siendo protagonistas de la celebración.
Porque ser torero, es ser parte de una pasión que no se apaga. 🔥",16,14,81,3,47.0K
2025-07-11 12:40:43,BancoPichincha,May 7,"Gracias a Sumar Juntos, un proyecto de Banco Pichincha, cada vez más comunidades se benefician de la instalación de sistemas de agua potable. Esto contribuye a una mejor nutrición de los niños y a una mayor asistencia a escuelas en las zonas rurales del país.",0,19,150,6,443.0K
2025-07-11 12:40:43,BancoPichincha,May 1,"100 años de historia. 
100 años de esfuerzo. 
100 hitos inolvidables. 
@BarcelonaSC hoy celebramos el legado que has construido y que perdurará en la memoria de los hinchas toreros. 💛
¡Felicitaciones, ídolo! 
#CentenarioBSC",0,112,485,10,85.0K
2025-07-11 12:40:43,BancoPichincha,Apr 30,"En 39 segundos, te contamos lo #NuevoEnBancoPichincha para cerrar abril con buenas noticias. 💛

💧Más comunidades con acceso a agua potable, gracias a Sumar Juntos.
📚Oportunidad laboral para los jóvenes de la Amazonía.
📲Descarga tus movimientos en Banca Móvil.",0,4,32,2,78.0K
2025-07-11 12:40:43,BancoPichincha,Apr 25,"Cada triunfo de Anahí Suárez nos recuerda que…
🎯 La perseverancia construye campeones.
🥈 La pasión lleva al podio.
🇪🇨 El orgullo de un país se corre con el corazón.
¡Felicidades por tu medalla de plata en el Campeonato Sudamericano de Atletismo!

#ElEsfuerzoTeDefine",0,32,237,9,149.0K
2025-07-11 13:33:06,BancoPichincha,Jun 30,"¿Tienes 40 segundos? Entérate de #LoNuevoEnBancoPichincha 💛
📲Pagar o cobrar con tu QR es ahora más fácil.
🎓Conoce la mejor iniciativa para empezar tu carrera laboral.
🏫 Voluntariado para apoyar a comunidad de Cayambe.",0,3,9,3,12.0K
2025-07-11 13:33:06,BancoPichincha,Jun 19,"🇪🇨 En Ecuador, 6 de cada 10 familias de zonas rurales aún no tienen acceso a agua potable. Conseguirla implica recorrer largas distancias o pagar altos costos.💧
Por eso, Banco Pichincha impulsa Sumar Juntos, iniciativa que ya ha cambiado la vida a más de 26 mil personas. 💛",0,26,124,9,157.0K
2025-07-11 13:33:06,BancoPichincha,Jun 16,"Hoy celebramos el esfuerzo de quienes, a pesar de la distancia, siempre están presentes. ✨
Porque detrás de cada envío que realizan, hay más que dinero… hay medicinas, educación, sueños y, sobre todo, ese amor de familia que nunca se pierde. 💛
#DíaInternacionalDeLasRemesas",0,3,27,3,57.0K
2025-07-11 13:33:06,BancoPichincha,Jun 12,"¡Celebramos 10 años formando a los líderes del mañana! 🚀
El mejor semillero de talento del país cumple una década.
444 estudiantes han vivido la experiencia de ser trainees durante 6 semanas en Futuros Líderes, una oportunidad que ha marcado su vida profesional. 💛",0,4,117,14,531.0K
2025-07-11 13:33:06,BancoPichincha,Jun 3,"Hay jugadores en la cancha… y tú. El número 12. ⚽
El que vibra y sufre cada partido.
El que nunca abandona, ni en la gloria ni en la derrota.
Has heredado esta pasión y la llevas como bandera.
Porque darlo todo por tu equipo, te define. 💛
@BarcelonaSC
@LDU_Oficial
@UCatolicaEC",0,28,324,12,791.0K
2025-07-11 13:33:06,BancoPichincha,Jun 2,"Confianza es creer que subir otra vez al podio del #GiroDItalia es posible. 🥉 
Gracias @RichardCarapazM por hacernos vivir momentos como estos. 💛 #ElEsfuerzoTeDefine",1,55,769,8,201.0K
2025-07-11 13:33:06,BancoPichincha,Jun 1,"Una vez más @RichardCarapazM dejó su huella en la historia del ciclismo. 🥉
¡Que orgullo verte en el podio del #GiroDItalia, el quinto en una gran vuelta! 🚴‍♂️
No es casualidad. Es levantarse cuando todos piensan que ya lo diste todo. 
Sí, Locomotora 🚂, #ElEsfuerzoTeDefine",1,55,634,1,77.0K
2025-07-11 13:33:06,BancoPichincha,May 30,"En menos de 1 minuto puedes enterarte de #LoNuevoEnBancoPichincha 💛
💰 Ahorrar a tu ritmo es más fácil gracias a Banca Móvil.
👩🏻‍💼 Seguimos apostando por el emprendimiento femenino. 
🏧 Inauguramos un nuevo cajero en Galápagos.",0,2,23,4,81.0K
2025-07-11 13:33:06,BancoPichincha,May 21,"¡Qué grande eres @RichardCarapazM! 🚂
Lo dejaste todo en la montaña y cruzaste la meta en solitario en la etapa 11 del #GiroDItalia. 🚵
No solo ganaste, volviste a demostrar que nunca hay que dejar de luchar. 💪🏻
El aliento del Ecuador entero te acompaña.🇪🇨
#ElEsfuerzoTeDefine",1,58,473,5,71.0K
2025-07-11 13:33:06,BancoPichincha,May 15,"¡Felicidades @UCatolicaEC! 🩵
Hoy nos unimos a la celebración de los hinchas del #TrencitoAzul que generación tras generación han alentado a la #Chatoleí en estos 62 años. 🎉",0,12,88,2,72.0K
2025-07-11 13:33:06,BancoPichincha,May 14,"¡Tú eres el jugador 12! ⚽
El que lo da todo por los colores de su equipo en casa, en el estadio y por todo el país. 
Y esta es una herencia que has convertido en legado, porque el esfuerzo de darlo todo por tu equipo, te define. 💛
@BarcelonaSC
@LDU_Oficial
@UCatolicaEC",0,21,218,13,689.0K
2025-07-11 13:33:06,BancoPichincha,May 9,"¡Anahí Ortiz es una de las mejores ajedrecistas del continente! 👏
♟️ Detrás de cada una de sus partidas hay años de sacrificio y perseverancia. Hoy celebramos su segundo lugar en el Campeonato Continental Femenino de Ajedrez de las Américas.🥈🇪🇨
#ElEsfuerzoTeDefine",0,10,52,0,21.0K
2025-07-11 13:33:06,BancoPichincha,May 9,"Todo empezó con un dibujo, un desayuno, un regalo hecho con amor. 🥰
Lo que parecía un juego, hoy es un sueño cumplido. ✨
Porque confianza es creer, incluso cuando nadie más lo hace… y tú, mamá, confiaste siempre. 💛
¡Feliz día! 👩🏻‍🍼
#diadelamadre",0,2,25,2,36.0K
2025-07-11 13:33:06,BancoPichincha,May 8,"Porque #ElEsfuerzoTeDefine, queremos verte de nuevo en lo más alto, @RichardCarapazM 🚂
Pedaleamos contigo en el #GirodItalia 💛",1,10,77,0,27.0K
2025-07-11 13:33:06,BancoPichincha,May 8,"100 años de esfuerzo. 💛
100 hinchas que festejaron el centenario de @BarcelonaSC como se merece: en la cancha del 🏟️ estadio Banco Pichincha, en casa, siendo protagonistas de la celebración.
Porque ser torero, es ser parte de una pasión que no se apaga. 🔥",16,14,81,3,47.0K
2025-07-11 13:33:06,BancoPichincha,May 7,"Gracias a Sumar Juntos, un proyecto de Banco Pichincha, cada vez más comunidades se benefician de la instalación de sistemas de agua potable. Esto contribuye a una mejor nutrición de los niños y a una mayor asistencia a escuelas en las zonas rurales del país.",0,19,150,6,443.0K
2025-07-11 13:33:06,BancoPichincha,May 1,"100 años de historia. 
100 años de esfuerzo. 
100 hitos inolvidables. 
@BarcelonaSC hoy celebramos el legado que has construido y que perdurará en la memoria de los hinchas toreros. 💛
¡Felicitaciones, ídolo! 
#CentenarioBSC",0,112,485,10,85.0K
2025-07-11 13:33:06,BancoPichincha,Apr 30,"En 39 segundos, te contamos lo #NuevoEnBancoPichincha para cerrar abril con buenas noticias. 💛

💧Más comunidades con acceso a agua potable, gracias a Sumar Juntos.
📚Oportunidad laboral para los jóvenes de la Amazonía.
📲Descarga tus movimientos en Banca Móvil.",0,4,32,2,78.0K
2025-07-11 13:33:06,BancoPichincha,Apr 25,"Cada triunfo de Anahí Suárez nos recuerda que…
🎯 La perseverancia construye campeones.
🥈 La pasión lleva al podio.
🇪🇨 El orgullo de un país se corre con el corazón.
¡Felicidades por tu medalla de plata en el Campeonato Sudamericano de Atletismo!

#ElEsfuerzoTeDefine",0,32,237,9,149.0K
2025-07-11 14:20:19,BancoPichincha,Jun 30,"¿Tienes 40 segundos? Entérate de #LoNuevoEnBancoPichincha 💛
📲Pagar o cobrar con tu QR es ahora más fácil.
🎓Conoce la mejor iniciativa para empezar tu carrera laboral.
🏫 Voluntariado para apoyar a comunidad de Cayambe.",0,3,9,3,12.0K
2025-07-11 14:20:19,BancoPichincha,Jun 19,"🇪🇨 En Ecuador, 6 de cada 10 familias de zonas rurales aún no tienen acceso a agua potable. Conseguirla implica recorrer largas distancias o pagar altos costos.💧
Por eso, Banco Pichincha impulsa Sumar Juntos, iniciativa que ya ha cambiado la vida a más de 26 mil personas. 💛",0,26,124,9,157.0K
2025-07-11 14:20:19,BancoPichincha,Jun 16,"Hoy celebramos el esfuerzo de quienes, a pesar de la distancia, siempre están presentes. ✨
Porque detrás de cada envío que realizan, hay más que dinero… hay medicinas, educación, sueños y, sobre todo, ese amor de familia que nunca se pierde. 💛
#DíaInternacionalDeLasRemesas",0,3,27,3,57.0K
2025-07-11 14:20:19,BancoPichincha,Jun 12,"¡Celebramos 10 años formando a los líderes del mañana! 🚀
El mejor semillero de talento del país cumple una década.
444 estudiantes han vivido la experiencia de ser trainees durante 6 semanas en Futuros Líderes, una oportunidad que ha marcado su vida profesional. 💛",0,4,117,14,531.0K
2025-07-11 14:20:19,BancoPichincha,Jun 3,"Hay jugadores en la cancha… y tú. El número 12. ⚽
El que vibra y sufre cada partido.
El que nunca abandona, ni en la gloria ni en la derrota.
Has heredado esta pasión y la llevas como bandera.
Porque darlo todo por tu equipo, te define. 💛
@BarcelonaSC
@LDU_Oficial
@UCatolicaEC",0,28,324,12,791.0K
2025-07-11 14:20:19,BancoPichincha,Jun 2,"Confianza es creer que subir otra vez al podio del #GiroDItalia es posible. 🥉 
Gracias @RichardCarapazM por hacernos vivir momentos como estos. 💛 #ElEsfuerzoTeDefine",1,55,769,8,201.0K
2025-07-11 14:20:19,BancoPichincha,Jun 1,"Una vez más @RichardCarapazM dejó su huella en la historia del ciclismo. 🥉
¡Que orgullo verte en el podio del #GiroDItalia, el quinto en una gran vuelta! 🚴‍♂️
No es casualidad. Es levantarse cuando todos piensan que ya lo diste todo. 
Sí, Locomotora 🚂, #ElEsfuerzoTeDefine",1,55,634,1,77.0K
2025-07-11 14:20:19,BancoPichincha,May 30,"En menos de 1 minuto puedes enterarte de #LoNuevoEnBancoPichincha 💛
💰 Ahorrar a tu ritmo es más fácil gracias a Banca Móvil.
👩🏻‍💼 Seguimos apostando por el emprendimiento femenino. 
🏧 Inauguramos un nuevo cajero en Galápagos.",0,2,23,4,81.0K
2025-07-11 14:20:19,BancoPichincha,May 21,"¡Qué grande eres @RichardCarapazM! 🚂
Lo dejaste todo en la montaña y cruzaste la meta en solitario en la etapa 11 del #GiroDItalia. 🚵
No solo ganaste, volviste a demostrar que nunca hay que dejar de luchar. 💪🏻
El aliento del Ecuador entero te acompaña.🇪🇨
#ElEsfuerzoTeDefine",1,58,473,5,71.0K
2025-07-11 14:20:19,BancoPichincha,May 15,"¡Felicidades @UCatolicaEC! 🩵
Hoy nos unimos a la celebración de los hinchas del #TrencitoAzul que generación tras generación han alentado a la #Chatoleí en estos 62 años. 🎉",0,12,88,2,72.0K
2025-07-11 14:20:19,BancoPichincha,May 14,"¡Tú eres el jugador 12! ⚽
El que lo da todo por los colores de su equipo en casa, en el estadio y por todo el país. 
Y esta es una herencia que has convertido en legado, porque el esfuerzo de darlo todo por tu equipo, te define. 💛
@BarcelonaSC
@LDU_Oficial
@UCatolicaEC",0,21,218,13,689.0K
2025-07-11 14:20:19,BancoPichincha,May 9,"¡Anahí Ortiz es una de las mejores ajedrecistas del continente! 👏
♟️ Detrás de cada una de sus partidas hay años de sacrificio y perseverancia. Hoy celebramos su segundo lugar en el Campeonato Continental Femenino de Ajedrez de las Américas.🥈🇪🇨
#ElEsfuerzoTeDefine",0,10,52,0,21.0K
2025-07-11 14:20:19,BancoPichincha,May 9,"Todo empezó con un dibujo, un desayuno, un regalo hecho con amor. 🥰
Lo que parecía un juego, hoy es un sueño cumplido. ✨
Porque confianza es creer, incluso cuando nadie más lo hace… y tú, mamá, confiaste siempre. 💛
¡Feliz día! 👩🏻‍🍼
#diadelamadre",0,2,25,2,36.0K
2025-07-11 14:20:19,BancoPichincha,May 8,"Porque #ElEsfuerzoTeDefine, queremos verte de nuevo en lo más alto, @RichardCarapazM 🚂
Pedaleamos contigo en el #GirodItalia 💛",1,10,77,0,27.0K
2025-07-11 14:20:19,BancoPichincha,May 8,"100 años de esfuerzo. 💛
100 hinchas que festejaron el centenario de @BarcelonaSC como se merece: en la cancha del 🏟️ estadio Banco Pichincha, en casa, siendo protagonistas de la celebración.
Porque ser torero, es ser parte de una pasión que no se apaga. 🔥",16,14,81,3,47.0K
2025-07-11 14:20:19,BancoPichincha,May 7,"Gracias a Sumar Juntos, un proyecto de Banco Pichincha, cada vez más comunidades se benefician de la instalación de sistemas de agua potable. Esto contribuye a una mejor nutrición de los niños y a una mayor asistencia a escuelas en las zonas rurales del país.",0,19,150,6,443.0K
2025-07-11 14:20:19,BancoPichincha,May 1,"100 años de historia. 
100 años de esfuerzo. 
100 hitos inolvidables. 
@BarcelonaSC hoy celebramos el legado que has construido y que perdurará en la memoria de los hinchas toreros. 💛
¡Felicitaciones, ídolo! 
#CentenarioBSC",0,112,485,10,85.0K
2025-07-11 14:20:19,BancoPichincha,Apr 30,"En 39 segundos, te contamos lo #NuevoEnBancoPichincha para cerrar abril con buenas noticias. 💛

💧Más comunidades con acceso a agua potable, gracias a Sumar Juntos.
📚Oportunidad laboral para los jóvenes de la Amazonía.
📲Descarga tus movimientos en Banca Móvil.",0,4,32,2,78.0K
2025-07-11 14:20:19,BancoPichincha,Apr 25,"Cada triunfo de Anahí Suárez nos recuerda que…
🎯 La perseverancia construye campeones.
🥈 La pasión lleva al podio.
🇪🇨 El orgullo de un país se corre con el corazón.
¡Felicidades por tu medalla de plata en el Campeonato Sudamericano de Atletismo!

#ElEsfuerzoTeDefine",0,32,237,9,149.0K
2025-07-11 15:21:48,BancoPichincha,Jun 30,"¿Tienes 40 segundos? Entérate de #LoNuevoEnBancoPichincha 💛
📲Pagar o cobrar con tu QR es ahora más fácil.
🎓Conoce la mejor iniciativa para empezar tu carrera laboral.
🏫 Voluntariado para apoyar a comunidad de Cayambe.",0,3,9,3,12.0K
2025-07-11 15:21:48,BancoPichincha,Jun 19,"🇪🇨 En Ecuador, 6 de cada 10 familias de zonas rurales aún no tienen acceso a agua potable. Conseguirla implica recorrer largas distancias o pagar altos costos.💧
Por eso, Banco Pichincha impulsa Sumar Juntos, iniciativa que ya ha cambiado la vida a más de 26 mil personas. 💛",0,26,124,9,157.0K
2025-07-11 15:21:48,BancoPichincha,Jun 16,"Hoy celebramos el esfuerzo de quienes, a pesar de la distancia, siempre están presentes. ✨
Porque detrás de cada envío que realizan, hay más que dinero… hay medicinas, educación, sueños y, sobre todo, ese amor de familia que nunca se pierde. 💛
#DíaInternacionalDeLasRemesas",0,3,27,3,57.0K
2025-07-11 15:21:48,BancoPichincha,Jun 12,"¡Celebramos 10 años formando a los líderes del mañana! 🚀
El mejor semillero de talento del país cumple una década.
444 estudiantes han vivido la experiencia de ser trainees durante 6 semanas en Futuros Líderes, una oportunidad que ha marcado su vida profesional. 💛",0,4,117,14,531.0K
2025-07-11 15:21:48,BancoPichincha,Jun 3,"Hay jugadores en la cancha… y tú. El número 12. ⚽
El que vibra y sufre cada partido.
El que nunca abandona, ni en la gloria ni en la derrota.
Has heredado esta pasión y la llevas como bandera.
Porque darlo todo por tu equipo, te define. 💛
@BarcelonaSC
@LDU_Oficial
@UCatolicaEC",0,28,324,12,791.0K
2025-07-11 15:21:48,BancoPichincha,Jun 2,"Confianza es creer que subir otra vez al podio del #GiroDItalia es posible. 🥉 
Gracias @RichardCarapazM por hacernos vivir momentos como estos. 💛 #ElEsfuerzoTeDefine",1,55,769,8,201.0K
2025-07-11 15:21:48,BancoPichincha,Jun 1,"Una vez más @RichardCarapazM dejó su huella en la historia del ciclismo. 🥉
¡Que orgullo verte en el podio del #GiroDItalia, el quinto en una gran vuelta! 🚴‍♂️
No es casualidad. Es levantarse cuando todos piensan que ya lo diste todo. 
Sí, Locomotora 🚂, #ElEsfuerzoTeDefine",1,55,634,1,77.0K
2025-07-11 15:21:48,BancoPichincha,May 30,"En menos de 1 minuto puedes enterarte de #LoNuevoEnBancoPichincha 💛
💰 Ahorrar a tu ritmo es más fácil gracias a Banca Móvil.
👩🏻‍💼 Seguimos apostando por el emprendimiento femenino. 
🏧 Inauguramos un nuevo cajero en Galápagos.",0,2,23,4,81.0K
2025-07-11 15:21:48,BancoPichincha,May 21,"¡Qué grande eres @RichardCarapazM! 🚂
Lo dejaste todo en la montaña y cruzaste la meta en solitario en la etapa 11 del #GiroDItalia. 🚵
No solo ganaste, volviste a demostrar que nunca hay que dejar de luchar. 💪🏻
El aliento del Ecuador entero te acompaña.🇪🇨
#ElEsfuerzoTeDefine",1,58,473,5,71.0K
2025-07-11 15:21:48,BancoPichincha,May 15,"¡Felicidades @UCatolicaEC! 🩵
Hoy nos unimos a la celebración de los hinchas del #TrencitoAzul que generación tras generación han alentado a la #Chatoleí en estos 62 años. 🎉",0,12,88,2,72.0K
2025-07-11 15:21:48,BancoPichincha,May 14,"¡Tú eres el jugador 12! ⚽
El que lo da todo por los colores de su equipo en casa, en el estadio y por todo el país. 
Y esta es una herencia que has convertido en legado, porque el esfuerzo de darlo todo por tu equipo, te define. 💛
@BarcelonaSC
@LDU_Oficial
@UCatolicaEC",0,21,218,13,689.0K
2025-07-11 15:21:48,BancoPichincha,May 9,"¡Anahí Ortiz es una de las mejores ajedrecistas del continente! 👏
♟️ Detrás de cada una de sus partidas hay años de sacrificio y perseverancia. Hoy celebramos su segundo lugar en el Campeonato Continental Femenino de Ajedrez de las Américas.🥈🇪🇨
#ElEsfuerzoTeDefine",0,10,52,0,21.0K
2025-07-11 15:21:48,BancoPichincha,May 9,"Todo empezó con un dibujo, un desayuno, un regalo hecho con amor. 🥰
Lo que parecía un juego, hoy es un sueño cumplido. ✨
Porque confianza es creer, incluso cuando nadie más lo hace… y tú, mamá, confiaste siempre. 💛
¡Feliz día! 👩🏻‍🍼
#diadelamadre",0,2,25,2,36.0K
2025-07-11 15:21:48,BancoPichincha,May 8,"Porque #ElEsfuerzoTeDefine, queremos verte de nuevo en lo más alto, @RichardCarapazM 🚂
Pedaleamos contigo en el #GirodItalia 💛",1,10,77,0,27.0K
2025-07-11 15:21:48,BancoPichincha,May 8,"100 años de esfuerzo. 💛
100 hinchas que festejaron el centenario de @BarcelonaSC como se merece: en la cancha del 🏟️ estadio Banco Pichincha, en casa, siendo protagonistas de la celebración.
Porque ser torero, es ser parte de una pasión que no se apaga. 🔥",16,14,81,3,47.0K
2025-07-11 15:21:48,BancoPichincha,May 7,"Gracias a Sumar Juntos, un proyecto de Banco Pichincha, cada vez más comunidades se benefician de la instalación de sistemas de agua potable. Esto contribuye a una mejor nutrición de los niños y a una mayor asistencia a escuelas en las zonas rurales del país.",0,19,150,6,443.0K
2025-07-11 15:21:48,BancoPichincha,May 1,"100 años de historia. 
100 años de esfuerzo. 
100 hitos inolvidables. 
@BarcelonaSC hoy celebramos el legado que has construido y que perdurará en la memoria de los hinchas toreros. 💛
¡Felicitaciones, ídolo! 
#CentenarioBSC",0,112,485,10,85.0K
2025-07-11 15:21:48,BancoPichincha,Apr 30,"En 39 segundos, te contamos lo #NuevoEnBancoPichincha para cerrar abril con buenas noticias. 💛

💧Más comunidades con acceso a agua potable, gracias a Sumar Juntos.
📚Oportunidad laboral para los jóvenes de la Amazonía.
📲Descarga tus movimientos en Banca Móvil.",0,4,32,2,78.0K
2025-07-11 15:21:48,BancoPichincha,Apr 25,"Cada triunfo de Anahí Suárez nos recuerda que…
🎯 La perseverancia construye campeones.
🥈 La pasión lleva al podio.
🇪🇨 El orgullo de un país se corre con el corazón.
¡Felicidades por tu medalla de plata en el Campeonato Sudamericano de Atletismo!

#ElEsfuerzoTeDefine",0,32,237,9,149.0K
2025-07-11 16:25:59,BancoPichincha,Jun 30,"¿Tienes 40 segundos? Entérate de #LoNuevoEnBancoPichincha 💛
📲Pagar o cobrar con tu QR es ahora más fácil.
🎓Conoce la mejor iniciativa para empezar tu carrera laboral.
🏫 Voluntariado para apoyar a comunidad de Cayambe.",0,3,9,3,12.0K
2025-07-11 16:25:59,BancoPichincha,Jun 19,"🇪🇨 En Ecuador, 6 de cada 10 familias de zonas rurales aún no tienen acceso a agua potable. Conseguirla implica recorrer largas distancias o pagar altos costos.💧
Por eso, Banco Pichincha impulsa Sumar Juntos, iniciativa que ya ha cambiado la vida a más de 26 mil personas. 💛",0,26,124,9,157.0K
2025-07-11 16:25:59,BancoPichincha,Jun 16,"Hoy celebramos el esfuerzo de quienes, a pesar de la distancia, siempre están presentes. ✨
Porque detrás de cada envío que realizan, hay más que dinero… hay medicinas, educación, sueños y, sobre todo, ese amor de familia que nunca se pierde. 💛
#DíaInternacionalDeLasRemesas",0,3,27,3,57.0K
2025-07-11 16:25:59,BancoPichincha,Jun 12,"¡Celebramos 10 años formando a los líderes del mañana! 🚀
El mejor semillero de talento del país cumple una década.
444 estudiantes han vivido la experiencia de ser trainees durante 6 semanas en Futuros Líderes, una oportunidad que ha marcado su vida profesional. 💛",0,4,117,14,531.0K
2025-07-11 16:25:59,BancoPichincha,Jun 3,"Hay jugadores en la cancha… y tú. El número 12. ⚽
El que vibra y sufre cada partido.
El que nunca abandona, ni en la gloria ni en la derrota.
Has heredado esta pasión y la llevas como bandera.
Porque darlo todo por tu equipo, te define. 💛
@BarcelonaSC
@LDU_Oficial
@UCatolicaEC",0,28,324,12,791.0K
2025-07-11 16:25:59,BancoPichincha,Jun 2,"Confianza es creer que subir otra vez al podio del #GiroDItalia es posible. 🥉 
Gracias @RichardCarapazM por hacernos vivir momentos como estos. 💛 #ElEsfuerzoTeDefine",1,55,769,8,201.0K
2025-07-11 16:25:59,BancoPichincha,Jun 1,"Una vez más @RichardCarapazM dejó su huella en la historia del ciclismo. 🥉
¡Que orgullo verte en el podio del #GiroDItalia, el quinto en una gran vuelta! 🚴‍♂️
No es casualidad. Es levantarse cuando todos piensan que ya lo diste todo. 
Sí, Locomotora 🚂, #ElEsfuerzoTeDefine",1,55,634,1,77.0K
2025-07-11 16:25:59,BancoPichincha,May 30,"En menos de 1 minuto puedes enterarte de #LoNuevoEnBancoPichincha 💛
💰 Ahorrar a tu ritmo es más fácil gracias a Banca Móvil.
👩🏻‍💼 Seguimos apostando por el emprendimiento femenino. 
🏧 Inauguramos un nuevo cajero en Galápagos.",0,2,23,4,81.0K
2025-07-11 16:25:59,BancoPichincha,May 21,"¡Qué grande eres @RichardCarapazM! 🚂
Lo dejaste todo en la montaña y cruzaste la meta en solitario en la etapa 11 del #GiroDItalia. 🚵
No solo ganaste, volviste a demostrar que nunca hay que dejar de luchar. 💪🏻
El aliento del Ecuador entero te acompaña.🇪🇨
#ElEsfuerzoTeDefine",1,58,473,5,71.0K
2025-07-11 16:25:59,BancoPichincha,May 15,"¡Felicidades @UCatolicaEC! 🩵
Hoy nos unimos a la celebración de los hinchas del #TrencitoAzul que generación tras generación han alentado a la #Chatoleí en estos 62 años. 🎉",0,12,88,2,72.0K
2025-07-11 16:25:59,BancoPichincha,May 14,"¡Tú eres el jugador 12! ⚽
El que lo da todo por los colores de su equipo en casa, en el estadio y por todo el país. 
Y esta es una herencia que has convertido en legado, porque el esfuerzo de darlo todo por tu equipo, te define. 💛
@BarcelonaSC
@LDU_Oficial
@UCatolicaEC",0,21,218,13,689.0K
2025-07-11 16:25:59,BancoPichincha,May 9,"¡Anahí Ortiz es una de las mejores ajedrecistas del continente! 👏
♟️ Detrás de cada una de sus partidas hay años de sacrificio y perseverancia. Hoy celebramos su segundo lugar en el Campeonato Continental Femenino de Ajedrez de las Américas.🥈🇪🇨
#ElEsfuerzoTeDefine",0,10,52,0,21.0K
2025-07-11 16:25:59,BancoPichincha,May 9,"Todo empezó con un dibujo, un desayuno, un regalo hecho con amor. 🥰
Lo que parecía un juego, hoy es un sueño cumplido. ✨
Porque confianza es creer, incluso cuando nadie más lo hace… y tú, mamá, confiaste siempre. 💛
¡Feliz día! 👩🏻‍🍼
#diadelamadre",0,2,25,2,36.0K
2025-07-11 16:25:59,BancoPichincha,May 8,"Porque #ElEsfuerzoTeDefine, queremos verte de nuevo en lo más alto, @RichardCarapazM 🚂
Pedaleamos contigo en el #GirodItalia 💛",1,10,77,0,27.0K
2025-07-11 16:25:59,BancoPichincha,May 8,"100 años de esfuerzo. 💛
100 hinchas que festejaron el centenario de @BarcelonaSC como se merece: en la cancha del 🏟️ estadio Banco Pichincha, en casa, siendo protagonistas de la celebración.
Porque ser torero, es ser parte de una pasión que no se apaga. 🔥",16,14,81,3,47.0K
2025-07-11 16:25:59,BancoPichincha,May 7,"Gracias a Sumar Juntos, un proyecto de Banco Pichincha, cada vez más comunidades se benefician de la instalación de sistemas de agua potable. Esto contribuye a una mejor nutrición de los niños y a una mayor asistencia a escuelas en las zonas rurales del país.",0,19,150,6,443.0K
2025-07-11 16:25:59,BancoPichincha,May 1,"100 años de historia. 
100 años de esfuerzo. 
100 hitos inolvidables. 
@BarcelonaSC hoy celebramos el legado que has construido y que perdurará en la memoria de los hinchas toreros. 💛
¡Felicitaciones, ídolo! 
#CentenarioBSC",0,112,485,10,85.0K
2025-07-11 16:25:59,BancoPichincha,Apr 30,"En 39 segundos, te contamos lo #NuevoEnBancoPichincha para cerrar abril con buenas noticias. 💛

💧Más comunidades con acceso a agua potable, gracias a Sumar Juntos.
📚Oportunidad laboral para los jóvenes de la Amazonía.
📲Descarga tus movimientos en Banca Móvil.",0,4,32,2,78.0K
2025-07-11 16:25:59,BancoPichincha,Apr 25,"Cada triunfo de Anahí Suárez nos recuerda que…
🎯 La perseverancia construye campeones.
🥈 La pasión lleva al podio.
🇪🇨 El orgullo de un país se corre con el corazón.
¡Felicidades por tu medalla de plata en el Campeonato Sudamericano de Atletismo!

#ElEsfuerzoTeDefine",0,32,237,9,149.0K
2025-07-11 17:18:52,BancoPichincha,Jun 30,"¿Tienes 40 segundos? Entérate de #LoNuevoEnBancoPichincha 💛
📲Pagar o cobrar con tu QR es ahora más fácil.
🎓Conoce la mejor iniciativa para empezar tu carrera laboral.
🏫 Voluntariado para apoyar a comunidad de Cayambe.",0,3,9,3,12.0K
2025-07-11 17:18:52,BancoPichincha,Jun 19,"🇪🇨 En Ecuador, 6 de cada 10 familias de zonas rurales aún no tienen acceso a agua potable. Conseguirla implica recorrer largas distancias o pagar altos costos.💧
Por eso, Banco Pichincha impulsa Sumar Juntos, iniciativa que ya ha cambiado la vida a más de 26 mil personas. 💛",0,26,124,9,157.0K
2025-07-11 17:18:52,BancoPichincha,Jun 16,"Hoy celebramos el esfuerzo de quienes, a pesar de la distancia, siempre están presentes. ✨
Porque detrás de cada envío que realizan, hay más que dinero… hay medicinas, educación, sueños y, sobre todo, ese amor de familia que nunca se pierde. 💛
#DíaInternacionalDeLasRemesas",0,3,27,3,57.0K
2025-07-11 17:18:52,BancoPichincha,Jun 12,"¡Celebramos 10 años formando a los líderes del mañana! 🚀
El mejor semillero de talento del país cumple una década.
444 estudiantes han vivido la experiencia de ser trainees durante 6 semanas en Futuros Líderes, una oportunidad que ha marcado su vida profesional. 💛",0,4,117,14,531.0K
2025-07-11 17:18:52,BancoPichincha,Jun 3,"Hay jugadores en la cancha… y tú. El número 12. ⚽
El que vibra y sufre cada partido.
El que nunca abandona, ni en la gloria ni en la derrota.
Has heredado esta pasión y la llevas como bandera.
Porque darlo todo por tu equipo, te define. 💛
@BarcelonaSC
@LDU_Oficial
@UCatolicaEC",0,28,324,12,791.0K
2025-07-11 17:18:52,BancoPichincha,Jun 2,"Confianza es creer que subir otra vez al podio del #GiroDItalia es posible. 🥉 
Gracias @RichardCarapazM por hacernos vivir momentos como estos. 💛 #ElEsfuerzoTeDefine",1,55,769,8,201.0K
2025-07-11 17:18:52,BancoPichincha,Jun 1,"Una vez más @RichardCarapazM dejó su huella en la historia del ciclismo. 🥉
¡Que orgullo verte en el podio del #GiroDItalia, el quinto en una gran vuelta! 🚴‍♂️
No es casualidad. Es levantarse cuando todos piensan que ya lo diste todo. 
Sí, Locomotora 🚂, #ElEsfuerzoTeDefine",1,55,634,1,77.0K
2025-07-11 17:18:52,BancoPichincha,May 30,"En menos de 1 minuto puedes enterarte de #LoNuevoEnBancoPichincha 💛
💰 Ahorrar a tu ritmo es más fácil gracias a Banca Móvil.
👩🏻‍💼 Seguimos apostando por el emprendimiento femenino. 
🏧 Inauguramos un nuevo cajero en Galápagos.",0,2,23,4,81.0K
2025-07-11 17:18:52,BancoPichincha,May 21,"¡Qué grande eres @RichardCarapazM! 🚂
Lo dejaste todo en la montaña y cruzaste la meta en solitario en la etapa 11 del #GiroDItalia. 🚵
No solo ganaste, volviste a demostrar que nunca hay que dejar de luchar. 💪🏻
El aliento del Ecuador entero te acompaña.🇪🇨
#ElEsfuerzoTeDefine",1,58,473,5,71.0K
2025-07-11 17:18:52,BancoPichincha,May 15,"¡Felicidades @UCatolicaEC! 🩵
Hoy nos unimos a la celebración de los hinchas del #TrencitoAzul que generación tras generación han alentado a la #Chatoleí en estos 62 años. 🎉",0,12,88,2,72.0K
2025-07-11 17:18:52,BancoPichincha,May 14,"¡Tú eres el jugador 12! ⚽
El que lo da todo por los colores de su equipo en casa, en el estadio y por todo el país. 
Y esta es una herencia que has convertido en legado, porque el esfuerzo de darlo todo por tu equipo, te define. 💛
@BarcelonaSC
@LDU_Oficial
@UCatolicaEC",0,21,218,13,689.0K
2025-07-11 17:18:52,BancoPichincha,May 9,"¡Anahí Ortiz es una de las mejores ajedrecistas del continente! 👏
♟️ Detrás de cada una de sus partidas hay años de sacrificio y perseverancia. Hoy celebramos su segundo lugar en el Campeonato Continental Femenino de Ajedrez de las Américas.🥈🇪🇨
#ElEsfuerzoTeDefine",0,10,52,0,21.0K
2025-07-11 17:18:52,BancoPichincha,May 9,"Todo empezó con un dibujo, un desayuno, un regalo hecho con amor. 🥰
Lo que parecía un juego, hoy es un sueño cumplido. ✨
Porque confianza es creer, incluso cuando nadie más lo hace… y tú, mamá, confiaste siempre. 💛
¡Feliz día! 👩🏻‍🍼
#diadelamadre",0,2,25,2,36.0K
2025-07-11 17:18:52,BancoPichincha,May 8,"Porque #ElEsfuerzoTeDefine, queremos verte de nuevo en lo más alto, @RichardCarapazM 🚂
Pedaleamos contigo en el #GirodItalia 💛",1,10,77,0,27.0K
2025-07-11 17:18:52,BancoPichincha,May 8,"100 años de esfuerzo. 💛
100 hinchas que festejaron el centenario de @BarcelonaSC como se merece: en la cancha del 🏟️ estadio Banco Pichincha, en casa, siendo protagonistas de la celebración.
Porque ser torero, es ser parte de una pasión que no se apaga. 🔥",16,14,81,3,47.0K
2025-07-11 17:18:52,BancoPichincha,May 7,"Gracias a Sumar Juntos, un proyecto de Banco Pichincha, cada vez más comunidades se benefician de la instalación de sistemas de agua potable. Esto contribuye a una mejor nutrición de los niños y a una mayor asistencia a escuelas en las zonas rurales del país.",0,19,150,6,443.0K
2025-07-11 17:18:52,BancoPichincha,May 1,"100 años de historia. 
100 años de esfuerzo. 
100 hitos inolvidables. 
@BarcelonaSC hoy celebramos el legado que has construido y que perdurará en la memoria de los hinchas toreros. 💛
¡Felicitaciones, ídolo! 
#CentenarioBSC",0,112,485,10,85.0K
2025-07-11 17:18:52,BancoPichincha,Apr 30,"En 39 segundos, te contamos lo #NuevoEnBancoPichincha para cerrar abril con buenas noticias. 💛

💧Más comunidades con acceso a agua potable, gracias a Sumar Juntos.
📚Oportunidad laboral para los jóvenes de la Amazonía.
📲Descarga tus movimientos en Banca Móvil.",0,4,32,2,78.0K
2025-07-11 17:18:52,BancoPichincha,Apr 25,"Cada triunfo de Anahí Suárez nos recuerda que…
🎯 La perseverancia construye campeones.
🥈 La pasión lleva al podio.
🇪🇨 El orgullo de un país se corre con el corazón.
¡Felicidades por tu medalla de plata en el Campeonato Sudamericano de Atletismo!

#ElEsfuerzoTeDefine",0,32,237,9,149.0K
2025-07-11 18:28:37,BancoPichincha,Jun 30,"¿Tienes 40 segundos? Entérate de #LoNuevoEnBancoPichincha 💛
📲Pagar o cobrar con tu QR es ahora más fácil.
🎓Conoce la mejor iniciativa para empezar tu carrera laboral.
🏫 Voluntariado para apoyar a comunidad de Cayambe.",0,3,9,3,12.0K
2025-07-11 18:28:37,BancoPichincha,Jun 19,"🇪🇨 En Ecuador, 6 de cada 10 familias de zonas rurales aún no tienen acceso a agua potable. Conseguirla implica recorrer largas distancias o pagar altos costos.💧
Por eso, Banco Pichincha impulsa Sumar Juntos, iniciativa que ya ha cambiado la vida a más de 26 mil personas. 💛",0,26,124,9,157.0K
2025-07-11 18:28:37,BancoPichincha,Jun 16,"Hoy celebramos el esfuerzo de quienes, a pesar de la distancia, siempre están presentes. ✨
Porque detrás de cada envío que realizan, hay más que dinero… hay medicinas, educación, sueños y, sobre todo, ese amor de familia que nunca se pierde. 💛
#DíaInternacionalDeLasRemesas",0,3,27,3,57.0K
2025-07-11 18:28:37,BancoPichincha,Jun 12,"¡Celebramos 10 años formando a los líderes del mañana! 🚀
El mejor semillero de talento del país cumple una década.
444 estudiantes han vivido la experiencia de ser trainees durante 6 semanas en Futuros Líderes, una oportunidad que ha marcado su vida profesional. 💛",0,4,117,14,531.0K
2025-07-11 18:28:37,BancoPichincha,Jun 3,"Hay jugadores en la cancha… y tú. El número 12. ⚽
El que vibra y sufre cada partido.
El que nunca abandona, ni en la gloria ni en la derrota.
Has heredado esta pasión y la llevas como bandera.
Porque darlo todo por tu equipo, te define. 💛
@BarcelonaSC
@LDU_Oficial
@UCatolicaEC",0,28,324,12,791.0K
2025-07-11 18:28:37,BancoPichincha,Jun 2,"Confianza es creer que subir otra vez al podio del #GiroDItalia es posible. 🥉 
Gracias @RichardCarapazM por hacernos vivir momentos como estos. 💛 #ElEsfuerzoTeDefine",1,55,769,8,201.0K
2025-07-11 18:28:37,BancoPichincha,Jun 1,"Una vez más @RichardCarapazM dejó su huella en la historia del ciclismo. 🥉
¡Que orgullo verte en el podio del #GiroDItalia, el quinto en una gran vuelta! 🚴‍♂️
No es casualidad. Es levantarse cuando todos piensan que ya lo diste todo. 
Sí, Locomotora 🚂, #ElEsfuerzoTeDefine",1,55,634,1,77.0K
2025-07-11 18:28:37,BancoPichincha,May 30,"En menos de 1 minuto puedes enterarte de #LoNuevoEnBancoPichincha 💛
💰 Ahorrar a tu ritmo es más fácil gracias a Banca Móvil.
👩🏻‍💼 Seguimos apostando por el emprendimiento femenino. 
🏧 Inauguramos un nuevo cajero en Galápagos.",0,2,23,4,81.0K
2025-07-11 18:28:37,BancoPichincha,May 21,"¡Qué grande eres @RichardCarapazM! 🚂
Lo dejaste todo en la montaña y cruzaste la meta en solitario en la etapa 11 del #GiroDItalia. 🚵
No solo ganaste, volviste a demostrar que nunca hay que dejar de luchar. 💪🏻
El aliento del Ecuador entero te acompaña.🇪🇨
#ElEsfuerzoTeDefine",1,58,473,5,71.0K
2025-07-11 18:28:37,BancoPichincha,May 15,"¡Felicidades @UCatolicaEC! 🩵
Hoy nos unimos a la celebración de los hinchas del #TrencitoAzul que generación tras generación han alentado a la #Chatoleí en estos 62 años. 🎉",0,12,88,2,72.0K
2025-07-11 18:28:37,BancoPichincha,May 14,"¡Tú eres el jugador 12! ⚽
El que lo da todo por los colores de su equipo en casa, en el estadio y por todo el país. 
Y esta es una herencia que has convertido en legado, porque el esfuerzo de darlo todo por tu equipo, te define. 💛
@BarcelonaSC
@LDU_Oficial
@UCatolicaEC",0,21,218,13,689.0K
2025-07-11 18:28:37,BancoPichincha,May 9,"¡Anahí Ortiz es una de las mejores ajedrecistas del continente! 👏
♟️ Detrás de cada una de sus partidas hay años de sacrificio y perseverancia. Hoy celebramos su segundo lugar en el Campeonato Continental Femenino de Ajedrez de las Américas.🥈🇪🇨
#ElEsfuerzoTeDefine",0,10,52,0,21.0K
2025-07-11 18:28:37,BancoPichincha,May 9,"Todo empezó con un dibujo, un desayuno, un regalo hecho con amor. 🥰
Lo que parecía un juego, hoy es un sueño cumplido. ✨
Porque confianza es creer, incluso cuando nadie más lo hace… y tú, mamá, confiaste siempre. 💛
¡Feliz día! 👩🏻‍🍼
#diadelamadre",0,2,25,2,36.0K
2025-07-11 18:28:37,BancoPichincha,May 8,"Porque #ElEsfuerzoTeDefine, queremos verte de nuevo en lo más alto, @RichardCarapazM 🚂
Pedaleamos contigo en el #GirodItalia 💛",1,10,77,0,27.0K
2025-07-11 18:28:37,BancoPichincha,May 8,"100 años de esfuerzo. 💛
100 hinchas que festejaron el centenario de @BarcelonaSC como se merece: en la cancha del 🏟️ estadio Banco Pichincha, en casa, siendo protagonistas de la celebración.
Porque ser torero, es ser parte de una pasión que no se apaga. 🔥",16,14,81,3,47.0K
2025-07-11 18:28:37,BancoPichincha,May 7,"Gracias a Sumar Juntos, un proyecto de Banco Pichincha, cada vez más comunidades se benefician de la instalación de sistemas de agua potable. Esto contribuye a una mejor nutrición de los niños y a una mayor asistencia a escuelas en las zonas rurales del país.",0,19,150,6,443.0K
2025-07-11 18:28:37,BancoPichincha,May 1,"100 años de historia. 
100 años de esfuerzo. 
100 hitos inolvidables. 
@BarcelonaSC hoy celebramos el legado que has construido y que perdurará en la memoria de los hinchas toreros. 💛
¡Felicitaciones, ídolo! 
#CentenarioBSC",0,112,486,10,85.0K
2025-07-11 18:28:37,BancoPichincha,Apr 30,"En 39 segundos, te contamos lo #NuevoEnBancoPichincha para cerrar abril con buenas noticias. 💛

💧Más comunidades con acceso a agua potable, gracias a Sumar Juntos.
📚Oportunidad laboral para los jóvenes de la Amazonía.
📲Descarga tus movimientos en Banca Móvil.",0,4,32,2,78.0K
2025-07-11 18:28:37,BancoPichincha,Apr 25,"Cada triunfo de Anahí Suárez nos recuerda que…
🎯 La perseverancia construye campeones.
🥈 La pasión lleva al podio.
🇪🇨 El orgullo de un país se corre con el corazón.
¡Felicidades por tu medalla de plata en el Campeonato Sudamericano de Atletismo!

#ElEsfuerzoTeDefine",0,32,237,9,149.0K
2025-07-11 19:16:26,BancoPichincha,Jun 30,"¿Tienes 40 segundos? Entérate de #LoNuevoEnBancoPichincha 💛
📲Pagar o cobrar con tu QR es ahora más fácil.
🎓Conoce la mejor iniciativa para empezar tu carrera laboral.
🏫 Voluntariado para apoyar a comunidad de Cayambe.",0,3,9,3,12.0K
2025-07-11 19:16:26,BancoPichincha,Jun 19,"🇪🇨 En Ecuador, 6 de cada 10 familias de zonas rurales aún no tienen acceso a agua potable. Conseguirla implica recorrer largas distancias o pagar altos costos.💧
Por eso, Banco Pichincha impulsa Sumar Juntos, iniciativa que ya ha cambiado la vida a más de 26 mil personas. 💛",0,26,124,9,157.0K
2025-07-11 19:16:26,BancoPichincha,Jun 16,"Hoy celebramos el esfuerzo de quienes, a pesar de la distancia, siempre están presentes. ✨
Porque detrás de cada envío que realizan, hay más que dinero… hay medicinas, educación, sueños y, sobre todo, ese amor de familia que nunca se pierde. 💛
#DíaInternacionalDeLasRemesas",0,3,27,3,57.0K
2025-07-11 19:16:26,BancoPichincha,Jun 12,"¡Celebramos 10 años formando a los líderes del mañana! 🚀
El mejor semillero de talento del país cumple una década.
444 estudiantes han vivido la experiencia de ser trainees durante 6 semanas en Futuros Líderes, una oportunidad que ha marcado su vida profesional. 💛",0,4,117,14,531.0K
2025-07-11 19:16:26,BancoPichincha,Jun 3,"Hay jugadores en la cancha… y tú. El número 12. ⚽
El que vibra y sufre cada partido.
El que nunca abandona, ni en la gloria ni en la derrota.
Has heredado esta pasión y la llevas como bandera.
Porque darlo todo por tu equipo, te define. 💛
@BarcelonaSC
@LDU_Oficial
@UCatolicaEC",0,28,324,12,791.0K
2025-07-11 19:16:26,BancoPichincha,Jun 2,"Confianza es creer que subir otra vez al podio del #GiroDItalia es posible. 🥉 
Gracias @RichardCarapazM por hacernos vivir momentos como estos. 💛 #ElEsfuerzoTeDefine",1,55,769,8,201.0K
2025-07-11 19:16:26,BancoPichincha,Jun 1,"Una vez más @RichardCarapazM dejó su huella en la historia del ciclismo. 🥉
¡Que orgullo verte en el podio del #GiroDItalia, el quinto en una gran vuelta! 🚴‍♂️
No es casualidad. Es levantarse cuando todos piensan que ya lo diste todo. 
Sí, Locomotora 🚂, #ElEsfuerzoTeDefine",1,55,634,1,77.0K
2025-07-11 19:16:26,BancoPichincha,May 30,"En menos de 1 minuto puedes enterarte de #LoNuevoEnBancoPichincha 💛
💰 Ahorrar a tu ritmo es más fácil gracias a Banca Móvil.
👩🏻‍💼 Seguimos apostando por el emprendimiento femenino. 
🏧 Inauguramos un nuevo cajero en Galápagos.",0,2,23,4,81.0K
2025-07-11 19:16:26,BancoPichincha,May 21,"¡Qué grande eres @RichardCarapazM! 🚂
Lo dejaste todo en la montaña y cruzaste la meta en solitario en la etapa 11 del #GiroDItalia. 🚵
No solo ganaste, volviste a demostrar que nunca hay que dejar de luchar. 💪🏻
El aliento del Ecuador entero te acompaña.🇪🇨
#ElEsfuerzoTeDefine",1,58,473,5,71.0K
2025-07-11 19:16:26,BancoPichincha,May 15,"¡Felicidades @UCatolicaEC! 🩵
Hoy nos unimos a la celebración de los hinchas del #TrencitoAzul que generación tras generación han alentado a la #Chatoleí en estos 62 años. 🎉",0,12,88,2,72.0K
2025-07-11 19:16:26,BancoPichincha,May 14,"¡Tú eres el jugador 12! ⚽
El que lo da todo por los colores de su equipo en casa, en el estadio y por todo el país. 
Y esta es una herencia que has convertido en legado, porque el esfuerzo de darlo todo por tu equipo, te define. 💛
@BarcelonaSC
@LDU_Oficial
@UCatolicaEC",0,21,217,13,689.0K
2025-07-11 19:16:26,BancoPichincha,May 9,"¡Anahí Ortiz es una de las mejores ajedrecistas del continente! 👏
♟️ Detrás de cada una de sus partidas hay años de sacrificio y perseverancia. Hoy celebramos su segundo lugar en el Campeonato Continental Femenino de Ajedrez de las Américas.🥈🇪🇨
#ElEsfuerzoTeDefine",0,10,52,0,21.0K
2025-07-11 19:16:26,BancoPichincha,May 9,"Todo empezó con un dibujo, un desayuno, un regalo hecho con amor. 🥰
Lo que parecía un juego, hoy es un sueño cumplido. ✨
Porque confianza es creer, incluso cuando nadie más lo hace… y tú, mamá, confiaste siempre. 💛
¡Feliz día! 👩🏻‍🍼
#diadelamadre",0,2,25,2,36.0K
2025-07-11 19:16:26,BancoPichincha,May 8,"Porque #ElEsfuerzoTeDefine, queremos verte de nuevo en lo más alto, @RichardCarapazM 🚂
Pedaleamos contigo en el #GirodItalia 💛",1,10,77,0,27.0K
2025-07-11 19:16:26,BancoPichincha,May 8,"100 años de esfuerzo. 💛
100 hinchas que festejaron el centenario de @BarcelonaSC como se merece: en la cancha del 🏟️ estadio Banco Pichincha, en casa, siendo protagonistas de la celebración.
Porque ser torero, es ser parte de una pasión que no se apaga. 🔥",16,14,81,3,47.0K
2025-07-11 19:16:26,BancoPichincha,May 7,"Gracias a Sumar Juntos, un proyecto de Banco Pichincha, cada vez más comunidades se benefician de la instalación de sistemas de agua potable. Esto contribuye a una mejor nutrición de los niños y a una mayor asistencia a escuelas en las zonas rurales del país.",0,19,150,6,443.0K
2025-07-11 19:16:26,BancoPichincha,May 1,"100 años de historia. 
100 años de esfuerzo. 
100 hitos inolvidables. 
@BarcelonaSC hoy celebramos el legado que has construido y que perdurará en la memoria de los hinchas toreros. 💛
¡Felicitaciones, ídolo! 
#CentenarioBSC",0,112,486,10,85.0K
2025-07-11 19:16:26,BancoPichincha,Apr 30,"En 39 segundos, te contamos lo #NuevoEnBancoPichincha para cerrar abril con buenas noticias. 💛

💧Más comunidades con acceso a agua potable, gracias a Sumar Juntos.
📚Oportunidad laboral para los jóvenes de la Amazonía.
📲Descarga tus movimientos en Banca Móvil.",0,4,32,2,78.0K
2025-07-11 19:16:26,BancoPichincha,Apr 25,"Cada triunfo de Anahí Suárez nos recuerda que…
🎯 La perseverancia construye campeones.
🥈 La pasión lleva al podio.
🇪🇨 El orgullo de un país se corre con el corazón.
¡Felicidades por tu medalla de plata en el Campeonato Sudamericano de Atletismo!

#ElEsfuerzoTeDefine",0,32,237,9,149.0K
2025-07-11 20:22:25,BancoPichincha,Jun 30,"¿Tienes 40 segundos? Entérate de #LoNuevoEnBancoPichincha 💛
📲Pagar o cobrar con tu QR es ahora más fácil.
🎓Conoce la mejor iniciativa para empezar tu carrera laboral.
🏫 Voluntariado para apoyar a comunidad de Cayambe.",0,3,9,3,12.0K
2025-07-11 20:22:25,BancoPichincha,Jun 19,"🇪🇨 En Ecuador, 6 de cada 10 familias de zonas rurales aún no tienen acceso a agua potable. Conseguirla implica recorrer largas distancias o pagar altos costos.💧
Por eso, Banco Pichincha impulsa Sumar Juntos, iniciativa que ya ha cambiado la vida a más de 26 mil personas. 💛",0,26,124,9,157.0K
2025-07-11 20:22:25,BancoPichincha,Jun 16,"Hoy celebramos el esfuerzo de quienes, a pesar de la distancia, siempre están presentes. ✨
Porque detrás de cada envío que realizan, hay más que dinero… hay medicinas, educación, sueños y, sobre todo, ese amor de familia que nunca se pierde. 💛
#DíaInternacionalDeLasRemesas",0,3,27,3,57.0K
2025-07-11 20:22:25,BancoPichincha,Jun 12,"¡Celebramos 10 años formando a los líderes del mañana! 🚀
El mejor semillero de talento del país cumple una década.
444 estudiantes han vivido la experiencia de ser trainees durante 6 semanas en Futuros Líderes, una oportunidad que ha marcado su vida profesional. 💛",0,4,117,14,531.0K
2025-07-11 20:22:25,BancoPichincha,Jun 3,"Hay jugadores en la cancha… y tú. El número 12. ⚽
El que vibra y sufre cada partido.
El que nunca abandona, ni en la gloria ni en la derrota.
Has heredado esta pasión y la llevas como bandera.
Porque darlo todo por tu equipo, te define. 💛
@BarcelonaSC
@LDU_Oficial
@UCatolicaEC",0,28,324,12,791.0K
2025-07-11 20:22:25,BancoPichincha,Jun 2,"Confianza es creer que subir otra vez al podio del #GiroDItalia es posible. 🥉 
Gracias @RichardCarapazM por hacernos vivir momentos como estos. 💛 #ElEsfuerzoTeDefine",1,55,769,8,201.0K
2025-07-11 20:22:25,BancoPichincha,Jun 1,"Una vez más @RichardCarapazM dejó su huella en la historia del ciclismo. 🥉
¡Que orgullo verte en el podio del #GiroDItalia, el quinto en una gran vuelta! 🚴‍♂️
No es casualidad. Es levantarse cuando todos piensan que ya lo diste todo. 
Sí, Locomotora 🚂, #ElEsfuerzoTeDefine",1,55,634,1,77.0K
2025-07-11 20:22:25,BancoPichincha,May 30,"En menos de 1 minuto puedes enterarte de #LoNuevoEnBancoPichincha 💛
💰 Ahorrar a tu ritmo es más fácil gracias a Banca Móvil.
👩🏻‍💼 Seguimos apostando por el emprendimiento femenino. 
🏧 Inauguramos un nuevo cajero en Galápagos.",0,2,23,4,81.0K
2025-07-11 20:22:25,BancoPichincha,May 21,"¡Qué grande eres @RichardCarapazM! 🚂
Lo dejaste todo en la montaña y cruzaste la meta en solitario en la etapa 11 del #GiroDItalia. 🚵
No solo ganaste, volviste a demostrar que nunca hay que dejar de luchar. 💪🏻
El aliento del Ecuador entero te acompaña.🇪🇨
#ElEsfuerzoTeDefine",1,58,473,5,71.0K
2025-07-11 20:22:25,BancoPichincha,May 15,"¡Felicidades @UCatolicaEC! 🩵
Hoy nos unimos a la celebración de los hinchas del #TrencitoAzul que generación tras generación han alentado a la #Chatoleí en estos 62 años. 🎉",0,12,88,2,72.0K
2025-07-11 20:22:25,BancoPichincha,May 14,"¡Tú eres el jugador 12! ⚽
El que lo da todo por los colores de su equipo en casa, en el estadio y por todo el país. 
Y esta es una herencia que has convertido en legado, porque el esfuerzo de darlo todo por tu equipo, te define. 💛
@BarcelonaSC
@LDU_Oficial
@UCatolicaEC",0,21,217,13,689.0K
2025-07-11 20:22:25,BancoPichincha,May 9,"¡Anahí Ortiz es una de las mejores ajedrecistas del continente! 👏
♟️ Detrás de cada una de sus partidas hay años de sacrificio y perseverancia. Hoy celebramos su segundo lugar en el Campeonato Continental Femenino de Ajedrez de las Américas.🥈🇪🇨
#ElEsfuerzoTeDefine",0,10,52,0,21.0K
2025-07-11 20:22:25,BancoPichincha,May 9,"Todo empezó con un dibujo, un desayuno, un regalo hecho con amor. 🥰
Lo que parecía un juego, hoy es un sueño cumplido. ✨
Porque confianza es creer, incluso cuando nadie más lo hace… y tú, mamá, confiaste siempre. 💛
¡Feliz día! 👩🏻‍🍼
#diadelamadre",0,2,25,2,36.0K
2025-07-11 20:22:25,BancoPichincha,May 8,"Porque #ElEsfuerzoTeDefine, queremos verte de nuevo en lo más alto, @RichardCarapazM 🚂
Pedaleamos contigo en el #GirodItalia 💛",1,10,77,0,27.0K
2025-07-11 20:22:25,BancoPichincha,May 8,"100 años de esfuerzo. 💛
100 hinchas que festejaron el centenario de @BarcelonaSC como se merece: en la cancha del 🏟️ estadio Banco Pichincha, en casa, siendo protagonistas de la celebración.
Porque ser torero, es ser parte de una pasión que no se apaga. 🔥",16,14,81,3,47.0K
2025-07-11 20:22:25,BancoPichincha,May 7,"Gracias a Sumar Juntos, un proyecto de Banco Pichincha, cada vez más comunidades se benefician de la instalación de sistemas de agua potable. Esto contribuye a una mejor nutrición de los niños y a una mayor asistencia a escuelas en las zonas rurales del país.",0,19,150,6,443.0K
2025-07-11 20:22:25,BancoPichincha,May 1,"100 años de historia. 
100 años de esfuerzo. 
100 hitos inolvidables. 
@BarcelonaSC hoy celebramos el legado que has construido y que perdurará en la memoria de los hinchas toreros. 💛
¡Felicitaciones, ídolo! 
#CentenarioBSC",0,112,486,10,85.0K
2025-07-11 20:22:25,BancoPichincha,Apr 30,"En 39 segundos, te contamos lo #NuevoEnBancoPichincha para cerrar abril con buenas noticias. 💛

💧Más comunidades con acceso a agua potable, gracias a Sumar Juntos.
📚Oportunidad laboral para los jóvenes de la Amazonía.
📲Descarga tus movimientos en Banca Móvil.",0,4,32,2,78.0K
2025-07-11 20:22:25,BancoPichincha,Apr 25,"Cada triunfo de Anahí Suárez nos recuerda que…
🎯 La perseverancia construye campeones.
🥈 La pasión lleva al podio.
🇪🇨 El orgullo de un país se corre con el corazón.
¡Felicidades por tu medalla de plata en el Campeonato Sudamericano de Atletismo!

#ElEsfuerzoTeDefine",0,32,237,9,149.0K
2025-07-11 21:19:31,BancoPichincha,Jun 30,"¿Tienes 40 segundos? Entérate de #LoNuevoEnBancoPichincha 💛
📲Pagar o cobrar con tu QR es ahora más fácil.
🎓Conoce la mejor iniciativa para empezar tu carrera laboral.
🏫 Voluntariado para apoyar a comunidad de Cayambe.",0,3,9,3,12.0K
2025-07-11 21:19:31,BancoPichincha,Jun 19,"🇪🇨 En Ecuador, 6 de cada 10 familias de zonas rurales aún no tienen acceso a agua potable. Conseguirla implica recorrer largas distancias o pagar altos costos.💧
Por eso, Banco Pichincha impulsa Sumar Juntos, iniciativa que ya ha cambiado la vida a más de 26 mil personas. 💛",0,26,124,9,157.0K
2025-07-11 21:19:31,BancoPichincha,Jun 16,"Hoy celebramos el esfuerzo de quienes, a pesar de la distancia, siempre están presentes. ✨
Porque detrás de cada envío que realizan, hay más que dinero… hay medicinas, educación, sueños y, sobre todo, ese amor de familia que nunca se pierde. 💛
#DíaInternacionalDeLasRemesas",0,3,27,3,57.0K
2025-07-11 21:19:31,BancoPichincha,Jun 12,"¡Celebramos 10 años formando a los líderes del mañana! 🚀
El mejor semillero de talento del país cumple una década.
444 estudiantes han vivido la experiencia de ser trainees durante 6 semanas en Futuros Líderes, una oportunidad que ha marcado su vida profesional. 💛",0,4,117,14,531.0K
2025-07-11 21:19:31,BancoPichincha,Jun 3,"Hay jugadores en la cancha… y tú. El número 12. ⚽
El que vibra y sufre cada partido.
El que nunca abandona, ni en la gloria ni en la derrota.
Has heredado esta pasión y la llevas como bandera.
Porque darlo todo por tu equipo, te define. 💛
@BarcelonaSC
@LDU_Oficial
@UCatolicaEC",0,28,324,12,791.0K
2025-07-11 21:19:31,BancoPichincha,Jun 2,"Confianza es creer que subir otra vez al podio del #GiroDItalia es posible. 🥉 
Gracias @RichardCarapazM por hacernos vivir momentos como estos. 💛 #ElEsfuerzoTeDefine",1,55,769,8,201.0K
2025-07-11 21:19:31,BancoPichincha,Jun 1,"Una vez más @RichardCarapazM dejó su huella en la historia del ciclismo. 🥉
¡Que orgullo verte en el podio del #GiroDItalia, el quinto en una gran vuelta! 🚴‍♂️
No es casualidad. Es levantarse cuando todos piensan que ya lo diste todo. 
Sí, Locomotora 🚂, #ElEsfuerzoTeDefine",1,55,634,1,77.0K
2025-07-11 21:19:31,BancoPichincha,May 30,"En menos de 1 minuto puedes enterarte de #LoNuevoEnBancoPichincha 💛
💰 Ahorrar a tu ritmo es más fácil gracias a Banca Móvil.
👩🏻‍💼 Seguimos apostando por el emprendimiento femenino. 
🏧 Inauguramos un nuevo cajero en Galápagos.",0,2,23,4,81.0K
2025-07-11 21:19:31,BancoPichincha,May 21,"¡Qué grande eres @RichardCarapazM! 🚂
Lo dejaste todo en la montaña y cruzaste la meta en solitario en la etapa 11 del #GiroDItalia. 🚵
No solo ganaste, volviste a demostrar que nunca hay que dejar de luchar. 💪🏻
El aliento del Ecuador entero te acompaña.🇪🇨
#ElEsfuerzoTeDefine",1,58,473,5,71.0K
2025-07-11 21:19:31,BancoPichincha,May 15,"¡Felicidades @UCatolicaEC! 🩵
Hoy nos unimos a la celebración de los hinchas del #TrencitoAzul que generación tras generación han alentado a la #Chatoleí en estos 62 años. 🎉",0,12,88,2,72.0K
2025-07-11 21:19:31,BancoPichincha,May 14,"¡Tú eres el jugador 12! ⚽
El que lo da todo por los colores de su equipo en casa, en el estadio y por todo el país. 
Y esta es una herencia que has convertido en legado, porque el esfuerzo de darlo todo por tu equipo, te define. 💛
@BarcelonaSC
@LDU_Oficial
@UCatolicaEC",0,21,217,13,689.0K
2025-07-11 21:19:31,BancoPichincha,May 9,"¡Anahí Ortiz es una de las mejores ajedrecistas del continente! 👏
♟️ Detrás de cada una de sus partidas hay años de sacrificio y perseverancia. Hoy celebramos su segundo lugar en el Campeonato Continental Femenino de Ajedrez de las Américas.🥈🇪🇨
#ElEsfuerzoTeDefine",0,10,52,0,21.0K
2025-07-11 21:19:31,BancoPichincha,May 9,"Todo empezó con un dibujo, un desayuno, un regalo hecho con amor. 🥰
Lo que parecía un juego, hoy es un sueño cumplido. ✨
Porque confianza es creer, incluso cuando nadie más lo hace… y tú, mamá, confiaste siempre. 💛
¡Feliz día! 👩🏻‍🍼
#diadelamadre",0,2,25,2,36.0K
2025-07-11 21:19:31,BancoPichincha,May 8,"Porque #ElEsfuerzoTeDefine, queremos verte de nuevo en lo más alto, @RichardCarapazM 🚂
Pedaleamos contigo en el #GirodItalia 💛",1,10,77,0,27.0K
2025-07-11 21:19:31,BancoPichincha,May 8,"100 años de esfuerzo. 💛
100 hinchas que festejaron el centenario de @BarcelonaSC como se merece: en la cancha del 🏟️ estadio Banco Pichincha, en casa, siendo protagonistas de la celebración.
Porque ser torero, es ser parte de una pasión que no se apaga. 🔥",16,14,81,3,47.0K
2025-07-11 21:19:31,BancoPichincha,May 7,"Gracias a Sumar Juntos, un proyecto de Banco Pichincha, cada vez más comunidades se benefician de la instalación de sistemas de agua potable. Esto contribuye a una mejor nutrición de los niños y a una mayor asistencia a escuelas en las zonas rurales del país.",0,19,150,6,443.0K
2025-07-11 21:19:31,BancoPichincha,May 1,"100 años de historia. 
100 años de esfuerzo. 
100 hitos inolvidables. 
@BarcelonaSC hoy celebramos el legado que has construido y que perdurará en la memoria de los hinchas toreros. 💛
¡Felicitaciones, ídolo! 
#CentenarioBSC",0,112,486,10,85.0K
2025-07-11 21:19:31,BancoPichincha,Apr 30,"En 39 segundos, te contamos lo #NuevoEnBancoPichincha para cerrar abril con buenas noticias. 💛

💧Más comunidades con acceso a agua potable, gracias a Sumar Juntos.
📚Oportunidad laboral para los jóvenes de la Amazonía.
📲Descarga tus movimientos en Banca Móvil.",0,4,32,2,78.0K
2025-07-11 21:19:31,BancoPichincha,Apr 25,"Cada triunfo de Anahí Suárez nos recuerda que…
🎯 La perseverancia construye campeones.
🥈 La pasión lleva al podio.
🇪🇨 El orgullo de un país se corre con el corazón.
¡Felicidades por tu medalla de plata en el Campeonato Sudamericano de Atletismo!

#ElEsfuerzoTeDefine",0,32,237,9,149.0K
2025-07-11 22:19:33,BancoPichincha,39 m,"El amarillo no es solo un color. Es orgullo. Es pasión. 💛🔥🇪🇨
¡Vamos a darlo todo en la cancha! ⚽️
#ConfianzaEsCreer en el poder del deporte femenino que inspira y empodera. 💪",0,1,4,0,439
2025-07-11 22:19:33,BancoPichincha,Jun 30,"¿Tienes 40 segundos? Entérate de #LoNuevoEnBancoPichincha 💛
📲Pagar o cobrar con tu QR es ahora más fácil.
🎓Conoce la mejor iniciativa para empezar tu carrera laboral.
🏫 Voluntariado para apoyar a comunidad de Cayambe.",0,3,9,3,12.0K
2025-07-11 22:19:33,BancoPichincha,Jun 19,"🇪🇨 En Ecuador, 6 de cada 10 familias de zonas rurales aún no tienen acceso a agua potable. Conseguirla implica recorrer largas distancias o pagar altos costos.💧
Por eso, Banco Pichincha impulsa Sumar Juntos, iniciativa que ya ha cambiado la vida a más de 26 mil personas. 💛",0,26,124,9,157.0K
2025-07-11 22:19:33,BancoPichincha,Jun 16,"Hoy celebramos el esfuerzo de quienes, a pesar de la distancia, siempre están presentes. ✨
Porque detrás de cada envío que realizan, hay más que dinero… hay medicinas, educación, sueños y, sobre todo, ese amor de familia que nunca se pierde. 💛
#DíaInternacionalDeLasRemesas",0,3,27,3,57.0K
2025-07-11 22:19:33,BancoPichincha,Jun 12,"¡Celebramos 10 años formando a los líderes del mañana! 🚀
El mejor semillero de talento del país cumple una década.
444 estudiantes han vivido la experiencia de ser trainees durante 6 semanas en Futuros Líderes, una oportunidad que ha marcado su vida profesional. 💛",0,4,117,14,531.0K
2025-07-11 22:19:33,BancoPichincha,Jun 3,"Hay jugadores en la cancha… y tú. El número 12. ⚽
El que vibra y sufre cada partido.
El que nunca abandona, ni en la gloria ni en la derrota.
Has heredado esta pasión y la llevas como bandera.
Porque darlo todo por tu equipo, te define. 💛
@BarcelonaSC
@LDU_Oficial
@UCatolicaEC",0,28,324,12,791.0K
2025-07-11 22:19:33,BancoPichincha,Jun 2,"Confianza es creer que subir otra vez al podio del #GiroDItalia es posible. 🥉 
Gracias @RichardCarapazM por hacernos vivir momentos como estos. 💛 #ElEsfuerzoTeDefine",1,55,769,8,201.0K
2025-07-11 22:19:33,BancoPichincha,Jun 1,"Una vez más @RichardCarapazM dejó su huella en la historia del ciclismo. 🥉
¡Que orgullo verte en el podio del #GiroDItalia, el quinto en una gran vuelta! 🚴‍♂️
No es casualidad. Es levantarse cuando todos piensan que ya lo diste todo. 
Sí, Locomotora 🚂, #ElEsfuerzoTeDefine",1,55,634,1,77.0K
2025-07-11 22:19:33,BancoPichincha,May 30,"En menos de 1 minuto puedes enterarte de #LoNuevoEnBancoPichincha 💛
💰 Ahorrar a tu ritmo es más fácil gracias a Banca Móvil.
👩🏻‍💼 Seguimos apostando por el emprendimiento femenino. 
🏧 Inauguramos un nuevo cajero en Galápagos.",0,2,23,4,81.0K
2025-07-11 22:19:33,BancoPichincha,May 21,"¡Qué grande eres @RichardCarapazM! 🚂
Lo dejaste todo en la montaña y cruzaste la meta en solitario en la etapa 11 del #GiroDItalia. 🚵
No solo ganaste, volviste a demostrar que nunca hay que dejar de luchar. 💪🏻
El aliento del Ecuador entero te acompaña.🇪🇨
#ElEsfuerzoTeDefine",1,58,473,5,71.0K
2025-07-11 22:19:33,BancoPichincha,May 15,"¡Felicidades @UCatolicaEC! 🩵
Hoy nos unimos a la celebración de los hinchas del #TrencitoAzul que generación tras generación han alentado a la #Chatoleí en estos 62 años. 🎉",0,12,88,2,72.0K
2025-07-11 22:19:33,BancoPichincha,May 14,"¡Tú eres el jugador 12! ⚽
El que lo da todo por los colores de su equipo en casa, en el estadio y por todo el país. 
Y esta es una herencia que has convertido en legado, porque el esfuerzo de darlo todo por tu equipo, te define. 💛
@BarcelonaSC
@LDU_Oficial
@UCatolicaEC",0,21,217,13,689.0K
2025-07-11 22:19:33,BancoPichincha,May 9,"¡Anahí Ortiz es una de las mejores ajedrecistas del continente! 👏
♟️ Detrás de cada una de sus partidas hay años de sacrificio y perseverancia. Hoy celebramos su segundo lugar en el Campeonato Continental Femenino de Ajedrez de las Américas.🥈🇪🇨
#ElEsfuerzoTeDefine",0,10,52,0,21.0K
2025-07-11 22:19:33,BancoPichincha,May 9,"Todo empezó con un dibujo, un desayuno, un regalo hecho con amor. 🥰
Lo que parecía un juego, hoy es un sueño cumplido. ✨
Porque confianza es creer, incluso cuando nadie más lo hace… y tú, mamá, confiaste siempre. 💛
¡Feliz día! 👩🏻‍🍼
#diadelamadre",0,2,25,2,36.0K
2025-07-11 22:19:33,BancoPichincha,May 8,"Porque #ElEsfuerzoTeDefine, queremos verte de nuevo en lo más alto, @RichardCarapazM 🚂
Pedaleamos contigo en el #GirodItalia 💛",1,10,77,0,27.0K
2025-07-11 22:19:33,BancoPichincha,May 8,"100 años de esfuerzo. 💛
100 hinchas que festejaron el centenario de @BarcelonaSC como se merece: en la cancha del 🏟️ estadio Banco Pichincha, en casa, siendo protagonistas de la celebración.
Porque ser torero, es ser parte de una pasión que no se apaga. 🔥",16,14,81,3,47.0K
2025-07-11 22:19:33,BancoPichincha,May 7,"Gracias a Sumar Juntos, un proyecto de Banco Pichincha, cada vez más comunidades se benefician de la instalación de sistemas de agua potable. Esto contribuye a una mejor nutrición de los niños y a una mayor asistencia a escuelas en las zonas rurales del país.",0,19,150,6,443.0K
2025-07-11 22:19:33,BancoPichincha,May 1,"100 años de historia. 
100 años de esfuerzo. 
100 hitos inolvidables. 
@BarcelonaSC hoy celebramos el legado que has construido y que perdurará en la memoria de los hinchas toreros. 💛
¡Felicitaciones, ídolo! 
#CentenarioBSC",0,112,486,10,85.0K
2025-07-11 22:19:33,BancoPichincha,Apr 30,"En 39 segundos, te contamos lo #NuevoEnBancoPichincha para cerrar abril con buenas noticias. 💛

💧Más comunidades con acceso a agua potable, gracias a Sumar Juntos.
📚Oportunidad laboral para los jóvenes de la Amazonía.
📲Descarga tus movimientos en Banca Móvil.",0,4,32,2,78.0K
2025-07-11 22:19:33,BancoPichincha,Apr 25,"Cada triunfo de Anahí Suárez nos recuerda que…
🎯 La perseverancia construye campeones.
🥈 La pasión lleva al podio.
🇪🇨 El orgullo de un país se corre con el corazón.
¡Felicidades por tu medalla de plata en el Campeonato Sudamericano de Atletismo!

#ElEsfuerzoTeDefine",0,32,237,9,149.0K
2025-07-11 23:19:34,BancoPichincha,2 h,"El amarillo no es solo un color. Es orgullo. Es pasión. 💛🔥🇪🇨
¡Vamos a darlo todo en la cancha! ⚽️
#ConfianzaEsCreer en el poder del deporte femenino que inspira y empodera. 💪",0,2,7,0,586
2025-07-11 23:19:34,BancoPichincha,Jun 30,"¿Tienes 40 segundos? Entérate de #LoNuevoEnBancoPichincha 💛
📲Pagar o cobrar con tu QR es ahora más fácil.
🎓Conoce la mejor iniciativa para empezar tu carrera laboral.
🏫 Voluntariado para apoyar a comunidad de Cayambe.",0,3,9,3,12.0K
2025-07-11 23:19:34,BancoPichincha,Jun 19,"🇪🇨 En Ecuador, 6 de cada 10 familias de zonas rurales aún no tienen acceso a agua potable. Conseguirla implica recorrer largas distancias o pagar altos costos.💧
Por eso, Banco Pichincha impulsa Sumar Juntos, iniciativa que ya ha cambiado la vida a más de 26 mil personas. 💛",0,26,124,9,157.0K
2025-07-11 23:19:34,BancoPichincha,Jun 16,"Hoy celebramos el esfuerzo de quienes, a pesar de la distancia, siempre están presentes. ✨
Porque detrás de cada envío que realizan, hay más que dinero… hay medicinas, educación, sueños y, sobre todo, ese amor de familia que nunca se pierde. 💛
#DíaInternacionalDeLasRemesas",0,3,27,3,57.0K
2025-07-11 23:19:34,BancoPichincha,Jun 12,"¡Celebramos 10 años formando a los líderes del mañana! 🚀
El mejor semillero de talento del país cumple una década.
444 estudiantes han vivido la experiencia de ser trainees durante 6 semanas en Futuros Líderes, una oportunidad que ha marcado su vida profesional. 💛",0,4,117,14,531.0K
2025-07-11 23:19:34,BancoPichincha,Jun 3,"Hay jugadores en la cancha… y tú. El número 12. ⚽
El que vibra y sufre cada partido.
El que nunca abandona, ni en la gloria ni en la derrota.
Has heredado esta pasión y la llevas como bandera.
Porque darlo todo por tu equipo, te define. 💛
@BarcelonaSC
@LDU_Oficial
@UCatolicaEC",0,28,324,12,791.0K
2025-07-11 23:19:34,BancoPichincha,Jun 2,"Confianza es creer que subir otra vez al podio del #GiroDItalia es posible. 🥉 
Gracias @RichardCarapazM por hacernos vivir momentos como estos. 💛 #ElEsfuerzoTeDefine",1,55,769,8,201.0K
2025-07-11 23:19:34,BancoPichincha,Jun 1,"Una vez más @RichardCarapazM dejó su huella en la historia del ciclismo. 🥉
¡Que orgullo verte en el podio del #GiroDItalia, el quinto en una gran vuelta! 🚴‍♂️
No es casualidad. Es levantarse cuando todos piensan que ya lo diste todo. 
Sí, Locomotora 🚂, #ElEsfuerzoTeDefine",1,55,634,1,77.0K
2025-07-11 23:19:34,BancoPichincha,May 30,"En menos de 1 minuto puedes enterarte de #LoNuevoEnBancoPichincha 💛
💰 Ahorrar a tu ritmo es más fácil gracias a Banca Móvil.
👩🏻‍💼 Seguimos apostando por el emprendimiento femenino. 
🏧 Inauguramos un nuevo cajero en Galápagos.",0,2,23,4,81.0K
2025-07-11 23:19:34,BancoPichincha,May 21,"¡Qué grande eres @RichardCarapazM! 🚂
Lo dejaste todo en la montaña y cruzaste la meta en solitario en la etapa 11 del #GiroDItalia. 🚵
No solo ganaste, volviste a demostrar que nunca hay que dejar de luchar. 💪🏻
El aliento del Ecuador entero te acompaña.🇪🇨
#ElEsfuerzoTeDefine",1,58,473,5,71.0K
2025-07-11 23:19:34,BancoPichincha,May 15,"¡Felicidades @UCatolicaEC! 🩵
Hoy nos unimos a la celebración de los hinchas del #TrencitoAzul que generación tras generación han alentado a la #Chatoleí en estos 62 años. 🎉",0,12,88,2,72.0K
2025-07-11 23:19:34,BancoPichincha,May 14,"¡Tú eres el jugador 12! ⚽
El que lo da todo por los colores de su equipo en casa, en el estadio y por todo el país. 
Y esta es una herencia que has convertido en legado, porque el esfuerzo de darlo todo por tu equipo, te define. 💛
@BarcelonaSC
@LDU_Oficial
@UCatolicaEC",0,21,217,13,689.0K
2025-07-11 23:19:34,BancoPichincha,May 9,"¡Anahí Ortiz es una de las mejores ajedrecistas del continente! 👏
♟️ Detrás de cada una de sus partidas hay años de sacrificio y perseverancia. Hoy celebramos su segundo lugar en el Campeonato Continental Femenino de Ajedrez de las Américas.🥈🇪🇨
#ElEsfuerzoTeDefine",0,10,52,0,21.0K
2025-07-11 23:19:34,BancoPichincha,May 9,"Todo empezó con un dibujo, un desayuno, un regalo hecho con amor. 🥰
Lo que parecía un juego, hoy es un sueño cumplido. ✨
Porque confianza es creer, incluso cuando nadie más lo hace… y tú, mamá, confiaste siempre. 💛
¡Feliz día! 👩🏻‍🍼
#diadelamadre",0,2,25,2,36.0K
2025-07-11 23:19:34,BancoPichincha,May 8,"Porque #ElEsfuerzoTeDefine, queremos verte de nuevo en lo más alto, @RichardCarapazM 🚂
Pedaleamos contigo en el #GirodItalia 💛",1,10,77,0,27.0K
2025-07-11 23:19:34,BancoPichincha,May 8,"100 años de esfuerzo. 💛
100 hinchas que festejaron el centenario de @BarcelonaSC como se merece: en la cancha del 🏟️ estadio Banco Pichincha, en casa, siendo protagonistas de la celebración.
Porque ser torero, es ser parte de una pasión que no se apaga. 🔥",16,14,81,3,47.0K
2025-07-11 23:19:34,BancoPichincha,May 7,"Gracias a Sumar Juntos, un proyecto de Banco Pichincha, cada vez más comunidades se benefician de la instalación de sistemas de agua potable. Esto contribuye a una mejor nutrición de los niños y a una mayor asistencia a escuelas en las zonas rurales del país.",0,19,150,6,443.0K
2025-07-11 23:19:34,BancoPichincha,May 1,"100 años de historia. 
100 años de esfuerzo. 
100 hitos inolvidables. 
@BarcelonaSC hoy celebramos el legado que has construido y que perdurará en la memoria de los hinchas toreros. 💛
¡Felicitaciones, ídolo! 
#CentenarioBSC",0,112,486,10,85.0K
2025-07-11 23:19:34,BancoPichincha,Apr 30,"En 39 segundos, te contamos lo #NuevoEnBancoPichincha para cerrar abril con buenas noticias. 💛

💧Más comunidades con acceso a agua potable, gracias a Sumar Juntos.
📚Oportunidad laboral para los jóvenes de la Amazonía.
📲Descarga tus movimientos en Banca Móvil.",0,4,32,2,78.0K
2025-07-11 23:19:34,BancoPichincha,Apr 25,"Cada triunfo de Anahí Suárez nos recuerda que…
🎯 La perseverancia construye campeones.
🥈 La pasión lleva al podio.
🇪🇨 El orgullo de un país se corre con el corazón.
¡Felicidades por tu medalla de plata en el Campeonato Sudamericano de Atletismo!

#ElEsfuerzoTeDefine",0,32,237,9,149.0K
2025-07-12 01:45:36,BancoPichincha,4 h,"El amarillo no es solo un color. Es orgullo. Es pasión. 💛🔥🇪🇨
¡Vamos a darlo todo en la cancha! ⚽️
#ConfianzaEsCreer en el poder del deporte femenino que inspira y empodera. 💪",0,2,7,0,726
2025-07-12 01:45:36,BancoPichincha,Jun 30,"¿Tienes 40 segundos? Entérate de #LoNuevoEnBancoPichincha 💛
📲Pagar o cobrar con tu QR es ahora más fácil.
🎓Conoce la mejor iniciativa para empezar tu carrera laboral.
🏫 Voluntariado para apoyar a comunidad de Cayambe.",0,3,9,3,12.0K
2025-07-12 01:45:36,BancoPichincha,Jun 19,"🇪🇨 En Ecuador, 6 de cada 10 familias de zonas rurales aún no tienen acceso a agua potable. Conseguirla implica recorrer largas distancias o pagar altos costos.💧
Por eso, Banco Pichincha impulsa Sumar Juntos, iniciativa que ya ha cambiado la vida a más de 26 mil personas. 💛",0,26,124,9,157.0K
2025-07-12 01:45:36,BancoPichincha,Jun 16,"Hoy celebramos el esfuerzo de quienes, a pesar de la distancia, siempre están presentes. ✨
Porque detrás de cada envío que realizan, hay más que dinero… hay medicinas, educación, sueños y, sobre todo, ese amor de familia que nunca se pierde. 💛
#DíaInternacionalDeLasRemesas",0,3,27,3,57.0K
2025-07-12 01:45:36,BancoPichincha,Jun 12,"¡Celebramos 10 años formando a los líderes del mañana! 🚀
El mejor semillero de talento del país cumple una década.
444 estudiantes han vivido la experiencia de ser trainees durante 6 semanas en Futuros Líderes, una oportunidad que ha marcado su vida profesional. 💛",0,4,116,14,531.0K
2025-07-12 01:45:36,BancoPichincha,Jun 3,"Hay jugadores en la cancha… y tú. El número 12. ⚽
El que vibra y sufre cada partido.
El que nunca abandona, ni en la gloria ni en la derrota.
Has heredado esta pasión y la llevas como bandera.
Porque darlo todo por tu equipo, te define. 💛
@BarcelonaSC
@LDU_Oficial
@UCatolicaEC",0,28,324,12,791.0K
2025-07-12 01:45:36,BancoPichincha,Jun 2,"Confianza es creer que subir otra vez al podio del #GiroDItalia es posible. 🥉 
Gracias @RichardCarapazM por hacernos vivir momentos como estos. 💛 #ElEsfuerzoTeDefine",1,55,770,8,201.0K
2025-07-12 01:45:36,BancoPichincha,Jun 1,"Una vez más @RichardCarapazM dejó su huella en la historia del ciclismo. 🥉
¡Que orgullo verte en el podio del #GiroDItalia, el quinto en una gran vuelta! 🚴‍♂️
No es casualidad. Es levantarse cuando todos piensan que ya lo diste todo. 
Sí, Locomotora 🚂, #ElEsfuerzoTeDefine",1,55,634,1,77.0K
2025-07-12 01:45:36,BancoPichincha,May 30,"En menos de 1 minuto puedes enterarte de #LoNuevoEnBancoPichincha 💛
💰 Ahorrar a tu ritmo es más fácil gracias a Banca Móvil.
👩🏻‍💼 Seguimos apostando por el emprendimiento femenino. 
🏧 Inauguramos un nuevo cajero en Galápagos.",0,2,23,4,81.0K
2025-07-12 01:45:36,BancoPichincha,May 21,"¡Qué grande eres @RichardCarapazM! 🚂
Lo dejaste todo en la montaña y cruzaste la meta en solitario en la etapa 11 del #GiroDItalia. 🚵
No solo ganaste, volviste a demostrar que nunca hay que dejar de luchar. 💪🏻
El aliento del Ecuador entero te acompaña.🇪🇨
#ElEsfuerzoTeDefine",1,58,473,5,71.0K
2025-07-12 01:45:36,BancoPichincha,May 15,"¡Felicidades @UCatolicaEC! 🩵
Hoy nos unimos a la celebración de los hinchas del #TrencitoAzul que generación tras generación han alentado a la #Chatoleí en estos 62 años. 🎉",0,12,88,2,72.0K
2025-07-12 01:45:36,BancoPichincha,May 14,"¡Tú eres el jugador 12! ⚽
El que lo da todo por los colores de su equipo en casa, en el estadio y por todo el país. 
Y esta es una herencia que has convertido en legado, porque el esfuerzo de darlo todo por tu equipo, te define. 💛
@BarcelonaSC
@LDU_Oficial
@UCatolicaEC",0,21,217,13,689.0K
2025-07-12 01:45:36,BancoPichincha,May 9,"¡Anahí Ortiz es una de las mejores ajedrecistas del continente! 👏
♟️ Detrás de cada una de sus partidas hay años de sacrificio y perseverancia. Hoy celebramos su segundo lugar en el Campeonato Continental Femenino de Ajedrez de las Américas.🥈🇪🇨
#ElEsfuerzoTeDefine",0,10,52,0,21.0K
2025-07-12 01:45:36,BancoPichincha,May 9,"Todo empezó con un dibujo, un desayuno, un regalo hecho con amor. 🥰
Lo que parecía un juego, hoy es un sueño cumplido. ✨
Porque confianza es creer, incluso cuando nadie más lo hace… y tú, mamá, confiaste siempre. 💛
¡Feliz día! 👩🏻‍🍼
#diadelamadre",0,2,25,2,36.0K
2025-07-12 01:45:36,BancoPichincha,May 8,"Porque #ElEsfuerzoTeDefine, queremos verte de nuevo en lo más alto, @RichardCarapazM 🚂
Pedaleamos contigo en el #GirodItalia 💛",1,10,77,0,27.0K
2025-07-12 01:45:36,BancoPichincha,May 8,"100 años de esfuerzo. 💛
100 hinchas que festejaron el centenario de @BarcelonaSC como se merece: en la cancha del 🏟️ estadio Banco Pichincha, en casa, siendo protagonistas de la celebración.
Porque ser torero, es ser parte de una pasión que no se apaga. 🔥",16,14,81,3,47.0K
2025-07-12 01:45:36,BancoPichincha,May 7,"Gracias a Sumar Juntos, un proyecto de Banco Pichincha, cada vez más comunidades se benefician de la instalación de sistemas de agua potable. Esto contribuye a una mejor nutrición de los niños y a una mayor asistencia a escuelas en las zonas rurales del país.",0,19,150,6,443.0K
2025-07-12 01:45:36,BancoPichincha,May 1,"100 años de historia. 
100 años de esfuerzo. 
100 hitos inolvidables. 
@BarcelonaSC hoy celebramos el legado que has construido y que perdurará en la memoria de los hinchas toreros. 💛
¡Felicitaciones, ídolo! 
#CentenarioBSC",0,112,486,10,85.0K
2025-07-12 01:45:36,BancoPichincha,Apr 30,"En 39 segundos, te contamos lo #NuevoEnBancoPichincha para cerrar abril con buenas noticias. 💛

💧Más comunidades con acceso a agua potable, gracias a Sumar Juntos.
📚Oportunidad laboral para los jóvenes de la Amazonía.
📲Descarga tus movimientos en Banca Móvil.",0,4,32,2,78.0K
2025-07-12 01:45:36,BancoPichincha,Apr 25,"Cada triunfo de Anahí Suárez nos recuerda que…
🎯 La perseverancia construye campeones.
🥈 La pasión lleva al podio.
🇪🇨 El orgullo de un país se corre con el corazón.
¡Felicidades por tu medalla de plata en el Campeonato Sudamericano de Atletismo!

#ElEsfuerzoTeDefine",0,32,237,9,149.0K
2025-07-12 03:26:03,BancoPichincha,6 h,"El amarillo no es solo un color. Es orgullo. Es pasión. 💛🔥🇪🇨
¡Vamos a darlo todo en la cancha! ⚽️
#ConfianzaEsCreer en el poder del deporte femenino que inspira y empodera. 💪",0,2,7,0,787
2025-07-12 03:26:03,BancoPichincha,Jun 30,"¿Tienes 40 segundos? Entérate de #LoNuevoEnBancoPichincha 💛
📲Pagar o cobrar con tu QR es ahora más fácil.
🎓Conoce la mejor iniciativa para empezar tu carrera laboral.
🏫 Voluntariado para apoyar a comunidad de Cayambe.",0,3,9,3,12.0K
2025-07-12 03:26:03,BancoPichincha,Jun 19,"🇪🇨 En Ecuador, 6 de cada 10 familias de zonas rurales aún no tienen acceso a agua potable. Conseguirla implica recorrer largas distancias o pagar altos costos.💧
Por eso, Banco Pichincha impulsa Sumar Juntos, iniciativa que ya ha cambiado la vida a más de 26 mil personas. 💛",0,26,124,9,157.0K
2025-07-12 03:26:03,BancoPichincha,Jun 16,"Hoy celebramos el esfuerzo de quienes, a pesar de la distancia, siempre están presentes. ✨
Porque detrás de cada envío que realizan, hay más que dinero… hay medicinas, educación, sueños y, sobre todo, ese amor de familia que nunca se pierde. 💛
#DíaInternacionalDeLasRemesas",0,3,27,3,57.0K
2025-07-12 03:26:03,BancoPichincha,Jun 12,"¡Celebramos 10 años formando a los líderes del mañana! 🚀
El mejor semillero de talento del país cumple una década.
444 estudiantes han vivido la experiencia de ser trainees durante 6 semanas en Futuros Líderes, una oportunidad que ha marcado su vida profesional. 💛",0,4,116,14,531.0K
2025-07-12 03:26:03,BancoPichincha,Jun 3,"Hay jugadores en la cancha… y tú. El número 12. ⚽
El que vibra y sufre cada partido.
El que nunca abandona, ni en la gloria ni en la derrota.
Has heredado esta pasión y la llevas como bandera.
Porque darlo todo por tu equipo, te define. 💛
@BarcelonaSC
@LDU_Oficial
@UCatolicaEC",0,28,324,12,791.0K
2025-07-12 03:26:03,BancoPichincha,Jun 2,"Confianza es creer que subir otra vez al podio del #GiroDItalia es posible. 🥉 
Gracias @RichardCarapazM por hacernos vivir momentos como estos. 💛 #ElEsfuerzoTeDefine",1,55,770,8,201.0K
2025-07-12 03:26:03,BancoPichincha,Jun 1,"Una vez más @RichardCarapazM dejó su huella en la historia del ciclismo. 🥉
¡Que orgullo verte en el podio del #GiroDItalia, el quinto en una gran vuelta! 🚴‍♂️
No es casualidad. Es levantarse cuando todos piensan que ya lo diste todo. 
Sí, Locomotora 🚂, #ElEsfuerzoTeDefine",1,55,634,1,77.0K
2025-07-12 03:26:03,BancoPichincha,May 30,"En menos de 1 minuto puedes enterarte de #LoNuevoEnBancoPichincha 💛
💰 Ahorrar a tu ritmo es más fácil gracias a Banca Móvil.
👩🏻‍💼 Seguimos apostando por el emprendimiento femenino. 
🏧 Inauguramos un nuevo cajero en Galápagos.",0,2,23,4,81.0K
2025-07-12 03:26:03,BancoPichincha,May 21,"¡Qué grande eres @RichardCarapazM! 🚂
Lo dejaste todo en la montaña y cruzaste la meta en solitario en la etapa 11 del #GiroDItalia. 🚵
No solo ganaste, volviste a demostrar que nunca hay que dejar de luchar. 💪🏻
El aliento del Ecuador entero te acompaña.🇪🇨
#ElEsfuerzoTeDefine",1,58,473,5,71.0K
2025-07-12 03:26:03,BancoPichincha,May 15,"¡Felicidades @UCatolicaEC! 🩵
Hoy nos unimos a la celebración de los hinchas del #TrencitoAzul que generación tras generación han alentado a la #Chatoleí en estos 62 años. 🎉",0,12,88,2,72.0K
2025-07-12 03:26:03,BancoPichincha,May 14,"¡Tú eres el jugador 12! ⚽
El que lo da todo por los colores de su equipo en casa, en el estadio y por todo el país. 
Y esta es una herencia que has convertido en legado, porque el esfuerzo de darlo todo por tu equipo, te define. 💛
@BarcelonaSC
@LDU_Oficial
@UCatolicaEC",0,21,217,13,689.0K
2025-07-12 03:26:03,BancoPichincha,May 9,"¡Anahí Ortiz es una de las mejores ajedrecistas del continente! 👏
♟️ Detrás de cada una de sus partidas hay años de sacrificio y perseverancia. Hoy celebramos su segundo lugar en el Campeonato Continental Femenino de Ajedrez de las Américas.🥈🇪🇨
#ElEsfuerzoTeDefine",0,10,52,0,21.0K
2025-07-12 03:26:03,BancoPichincha,May 9,"Todo empezó con un dibujo, un desayuno, un regalo hecho con amor. 🥰
Lo que parecía un juego, hoy es un sueño cumplido. ✨
Porque confianza es creer, incluso cuando nadie más lo hace… y tú, mamá, confiaste siempre. 💛
¡Feliz día! 👩🏻‍🍼
#diadelamadre",0,2,25,2,36.0K
2025-07-12 03:26:03,BancoPichincha,May 8,"Porque #ElEsfuerzoTeDefine, queremos verte de nuevo en lo más alto, @RichardCarapazM 🚂
Pedaleamos contigo en el #GirodItalia 💛",1,10,77,0,27.0K
2025-07-12 03:26:03,BancoPichincha,May 8,"100 años de esfuerzo. 💛
100 hinchas que festejaron el centenario de @BarcelonaSC como se merece: en la cancha del 🏟️ estadio Banco Pichincha, en casa, siendo protagonistas de la celebración.
Porque ser torero, es ser parte de una pasión que no se apaga. 🔥",16,14,81,3,47.0K
2025-07-12 03:26:03,BancoPichincha,May 7,"Gracias a Sumar Juntos, un proyecto de Banco Pichincha, cada vez más comunidades se benefician de la instalación de sistemas de agua potable. Esto contribuye a una mejor nutrición de los niños y a una mayor asistencia a escuelas en las zonas rurales del país.",0,19,150,6,443.0K
2025-07-12 03:26:03,BancoPichincha,May 1,"100 años de historia. 
100 años de esfuerzo. 
100 hitos inolvidables. 
@BarcelonaSC hoy celebramos el legado que has construido y que perdurará en la memoria de los hinchas toreros. 💛
¡Felicitaciones, ídolo! 
#CentenarioBSC",0,112,486,10,85.0K
2025-07-12 03:26:03,BancoPichincha,Apr 30,"En 39 segundos, te contamos lo #NuevoEnBancoPichincha para cerrar abril con buenas noticias. 💛

💧Más comunidades con acceso a agua potable, gracias a Sumar Juntos.
📚Oportunidad laboral para los jóvenes de la Amazonía.
📲Descarga tus movimientos en Banca Móvil.",0,4,32,2,78.0K
2025-07-12 03:26:03,BancoPichincha,Apr 25,"Cada triunfo de Anahí Suárez nos recuerda que…
🎯 La perseverancia construye campeones.
🥈 La pasión lleva al podio.
🇪🇨 El orgullo de un país se corre con el corazón.
¡Felicidades por tu medalla de plata en el Campeonato Sudamericano de Atletismo!

#ElEsfuerzoTeDefine",0,32,237,9,149.0K
2025-07-12 04:31:14,BancoPichincha,7 h,"El amarillo no es solo un color. Es orgullo. Es pasión. 💛🔥🇪🇨
¡Vamos a darlo todo en la cancha! ⚽️
#ConfianzaEsCreer en el poder del deporte femenino que inspira y empodera. 💪",0,2,7,0,804
2025-07-12 04:31:14,BancoPichincha,Jun 30,"¿Tienes 40 segundos? Entérate de #LoNuevoEnBancoPichincha 💛
📲Pagar o cobrar con tu QR es ahora más fácil.
🎓Conoce la mejor iniciativa para empezar tu carrera laboral.
🏫 Voluntariado para apoyar a comunidad de Cayambe.",0,3,9,3,12.0K
2025-07-12 04:31:14,BancoPichincha,Jun 19,"🇪🇨 En Ecuador, 6 de cada 10 familias de zonas rurales aún no tienen acceso a agua potable. Conseguirla implica recorrer largas distancias o pagar altos costos.💧
Por eso, Banco Pichincha impulsa Sumar Juntos, iniciativa que ya ha cambiado la vida a más de 26 mil personas. 💛",0,26,124,9,157.0K
2025-07-12 04:31:14,BancoPichincha,Jun 16,"Hoy celebramos el esfuerzo de quienes, a pesar de la distancia, siempre están presentes. ✨
Porque detrás de cada envío que realizan, hay más que dinero… hay medicinas, educación, sueños y, sobre todo, ese amor de familia que nunca se pierde. 💛
#DíaInternacionalDeLasRemesas",0,3,27,3,57.0K
2025-07-12 04:31:14,BancoPichincha,Jun 12,"¡Celebramos 10 años formando a los líderes del mañana! 🚀
El mejor semillero de talento del país cumple una década.
444 estudiantes han vivido la experiencia de ser trainees durante 6 semanas en Futuros Líderes, una oportunidad que ha marcado su vida profesional. 💛",0,4,116,14,531.0K
2025-07-12 04:31:14,BancoPichincha,Jun 3,"Hay jugadores en la cancha… y tú. El número 12. ⚽
El que vibra y sufre cada partido.
El que nunca abandona, ni en la gloria ni en la derrota.
Has heredado esta pasión y la llevas como bandera.
Porque darlo todo por tu equipo, te define. 💛
@BarcelonaSC
@LDU_Oficial
@UCatolicaEC",0,28,324,12,791.0K
2025-07-12 04:31:14,BancoPichincha,Jun 2,"Confianza es creer que subir otra vez al podio del #GiroDItalia es posible. 🥉 
Gracias @RichardCarapazM por hacernos vivir momentos como estos. 💛 #ElEsfuerzoTeDefine",1,55,770,8,201.0K
2025-07-12 04:31:14,BancoPichincha,Jun 1,"Una vez más @RichardCarapazM dejó su huella en la historia del ciclismo. 🥉
¡Que orgullo verte en el podio del #GiroDItalia, el quinto en una gran vuelta! 🚴‍♂️
No es casualidad. Es levantarse cuando todos piensan que ya lo diste todo. 
Sí, Locomotora 🚂, #ElEsfuerzoTeDefine",1,55,634,1,77.0K
2025-07-12 04:31:14,BancoPichincha,May 30,"En menos de 1 minuto puedes enterarte de #LoNuevoEnBancoPichincha 💛
💰 Ahorrar a tu ritmo es más fácil gracias a Banca Móvil.
👩🏻‍💼 Seguimos apostando por el emprendimiento femenino. 
🏧 Inauguramos un nuevo cajero en Galápagos.",0,2,23,4,81.0K
2025-07-12 04:31:14,BancoPichincha,May 21,"¡Qué grande eres @RichardCarapazM! 🚂
Lo dejaste todo en la montaña y cruzaste la meta en solitario en la etapa 11 del #GiroDItalia. 🚵
No solo ganaste, volviste a demostrar que nunca hay que dejar de luchar. 💪🏻
El aliento del Ecuador entero te acompaña.🇪🇨
#ElEsfuerzoTeDefine",1,58,473,5,71.0K
2025-07-12 04:31:14,BancoPichincha,May 15,"¡Felicidades @UCatolicaEC! 🩵
Hoy nos unimos a la celebración de los hinchas del #TrencitoAzul que generación tras generación han alentado a la #Chatoleí en estos 62 años. 🎉",0,12,88,2,72.0K
2025-07-12 04:31:14,BancoPichincha,May 14,"¡Tú eres el jugador 12! ⚽
El que lo da todo por los colores de su equipo en casa, en el estadio y por todo el país. 
Y esta es una herencia que has convertido en legado, porque el esfuerzo de darlo todo por tu equipo, te define. 💛
@BarcelonaSC
@LDU_Oficial
@UCatolicaEC",0,21,217,13,689.0K
2025-07-12 04:31:14,BancoPichincha,May 9,"¡Anahí Ortiz es una de las mejores ajedrecistas del continente! 👏
♟️ Detrás de cada una de sus partidas hay años de sacrificio y perseverancia. Hoy celebramos su segundo lugar en el Campeonato Continental Femenino de Ajedrez de las Américas.🥈🇪🇨
#ElEsfuerzoTeDefine",0,10,52,0,21.0K
2025-07-12 04:31:14,BancoPichincha,May 9,"Todo empezó con un dibujo, un desayuno, un regalo hecho con amor. 🥰
Lo que parecía un juego, hoy es un sueño cumplido. ✨
Porque confianza es creer, incluso cuando nadie más lo hace… y tú, mamá, confiaste siempre. 💛
¡Feliz día! 👩🏻‍🍼
#diadelamadre",0,2,25,2,36.0K
2025-07-12 04:31:14,BancoPichincha,May 8,"Porque #ElEsfuerzoTeDefine, queremos verte de nuevo en lo más alto, @RichardCarapazM 🚂
Pedaleamos contigo en el #GirodItalia 💛",1,10,77,0,27.0K
2025-07-12 04:31:14,BancoPichincha,May 8,"100 años de esfuerzo. 💛
100 hinchas que festejaron el centenario de @BarcelonaSC como se merece: en la cancha del 🏟️ estadio Banco Pichincha, en casa, siendo protagonistas de la celebración.
Porque ser torero, es ser parte de una pasión que no se apaga. 🔥",16,14,81,3,47.0K
2025-07-12 04:31:14,BancoPichincha,May 7,"Gracias a Sumar Juntos, un proyecto de Banco Pichincha, cada vez más comunidades se benefician de la instalación de sistemas de agua potable. Esto contribuye a una mejor nutrición de los niños y a una mayor asistencia a escuelas en las zonas rurales del país.",0,19,150,6,443.0K
2025-07-12 04:31:14,BancoPichincha,May 1,"100 años de historia. 
100 años de esfuerzo. 
100 hitos inolvidables. 
@BarcelonaSC hoy celebramos el legado que has construido y que perdurará en la memoria de los hinchas toreros. 💛
¡Felicitaciones, ídolo! 
#CentenarioBSC",0,112,486,10,85.0K
2025-07-12 04:31:14,BancoPichincha,Apr 30,"En 39 segundos, te contamos lo #NuevoEnBancoPichincha para cerrar abril con buenas noticias. 💛

💧Más comunidades con acceso a agua potable, gracias a Sumar Juntos.
📚Oportunidad laboral para los jóvenes de la Amazonía.
📲Descarga tus movimientos en Banca Móvil.",0,4,32,2,78.0K
2025-07-12 04:31:14,BancoPichincha,Apr 25,"Cada triunfo de Anahí Suárez nos recuerda que…
🎯 La perseverancia construye campeones.
🥈 La pasión lleva al podio.
🇪🇨 El orgullo de un país se corre con el corazón.
¡Felicidades por tu medalla de plata en el Campeonato Sudamericano de Atletismo!

#ElEsfuerzoTeDefine",0,32,237,9,149.0K
2025-07-12 05:20:27,BancoPichincha,8 h,"El amarillo no es solo un color. Es orgullo. Es pasión. 💛🔥🇪🇨
¡Vamos a darlo todo en la cancha! ⚽️
#ConfianzaEsCreer en el poder del deporte femenino que inspira y empodera. 💪",0,2,7,0,810
2025-07-12 05:20:27,BancoPichincha,Jun 30,"¿Tienes 40 segundos? Entérate de #LoNuevoEnBancoPichincha 💛
📲Pagar o cobrar con tu QR es ahora más fácil.
🎓Conoce la mejor iniciativa para empezar tu carrera laboral.
🏫 Voluntariado para apoyar a comunidad de Cayambe.",0,3,9,3,12.0K
2025-07-12 05:20:27,BancoPichincha,Jun 19,"🇪🇨 En Ecuador, 6 de cada 10 familias de zonas rurales aún no tienen acceso a agua potable. Conseguirla implica recorrer largas distancias o pagar altos costos.💧
Por eso, Banco Pichincha impulsa Sumar Juntos, iniciativa que ya ha cambiado la vida a más de 26 mil personas. 💛",0,26,124,9,157.0K
2025-07-12 05:20:27,BancoPichincha,Jun 16,"Hoy celebramos el esfuerzo de quienes, a pesar de la distancia, siempre están presentes. ✨
Porque detrás de cada envío que realizan, hay más que dinero… hay medicinas, educación, sueños y, sobre todo, ese amor de familia que nunca se pierde. 💛
#DíaInternacionalDeLasRemesas",0,3,27,3,57.0K
2025-07-12 05:20:27,BancoPichincha,Jun 12,"¡Celebramos 10 años formando a los líderes del mañana! 🚀
El mejor semillero de talento del país cumple una década.
444 estudiantes han vivido la experiencia de ser trainees durante 6 semanas en Futuros Líderes, una oportunidad que ha marcado su vida profesional. 💛",0,4,116,14,531.0K
2025-07-12 05:20:27,BancoPichincha,Jun 3,"Hay jugadores en la cancha… y tú. El número 12. ⚽
El que vibra y sufre cada partido.
El que nunca abandona, ni en la gloria ni en la derrota.
Has heredado esta pasión y la llevas como bandera.
Porque darlo todo por tu equipo, te define. 💛
@BarcelonaSC
@LDU_Oficial
@UCatolicaEC",0,28,324,12,791.0K
2025-07-12 05:20:27,BancoPichincha,Jun 2,"Confianza es creer que subir otra vez al podio del #GiroDItalia es posible. 🥉 
Gracias @RichardCarapazM por hacernos vivir momentos como estos. 💛 #ElEsfuerzoTeDefine",1,54,770,8,201.0K
2025-07-12 05:20:27,BancoPichincha,Jun 1,"Una vez más @RichardCarapazM dejó su huella en la historia del ciclismo. 🥉
¡Que orgullo verte en el podio del #GiroDItalia, el quinto en una gran vuelta! 🚴‍♂️
No es casualidad. Es levantarse cuando todos piensan que ya lo diste todo. 
Sí, Locomotora 🚂, #ElEsfuerzoTeDefine",1,55,634,1,77.0K
2025-07-12 05:20:27,BancoPichincha,May 30,"En menos de 1 minuto puedes enterarte de #LoNuevoEnBancoPichincha 💛
💰 Ahorrar a tu ritmo es más fácil gracias a Banca Móvil.
👩🏻‍💼 Seguimos apostando por el emprendimiento femenino. 
🏧 Inauguramos un nuevo cajero en Galápagos.",0,2,23,4,81.0K
2025-07-12 05:20:27,BancoPichincha,May 21,"¡Qué grande eres @RichardCarapazM! 🚂
Lo dejaste todo en la montaña y cruzaste la meta en solitario en la etapa 11 del #GiroDItalia. 🚵
No solo ganaste, volviste a demostrar que nunca hay que dejar de luchar. 💪🏻
El aliento del Ecuador entero te acompaña.🇪🇨
#ElEsfuerzoTeDefine",1,58,473,5,71.0K
2025-07-12 05:20:27,BancoPichincha,May 15,"¡Felicidades @UCatolicaEC! 🩵
Hoy nos unimos a la celebración de los hinchas del #TrencitoAzul que generación tras generación han alentado a la #Chatoleí en estos 62 años. 🎉",0,12,88,2,72.0K
2025-07-12 05:20:27,BancoPichincha,May 14,"¡Tú eres el jugador 12! ⚽
El que lo da todo por los colores de su equipo en casa, en el estadio y por todo el país. 
Y esta es una herencia que has convertido en legado, porque el esfuerzo de darlo todo por tu equipo, te define. 💛
@BarcelonaSC
@LDU_Oficial
@UCatolicaEC",0,21,217,13,689.0K
2025-07-12 05:20:27,BancoPichincha,May 9,"¡Anahí Ortiz es una de las mejores ajedrecistas del continente! 👏
♟️ Detrás de cada una de sus partidas hay años de sacrificio y perseverancia. Hoy celebramos su segundo lugar en el Campeonato Continental Femenino de Ajedrez de las Américas.🥈🇪🇨
#ElEsfuerzoTeDefine",0,10,52,0,21.0K
2025-07-12 05:20:27,BancoPichincha,May 9,"Todo empezó con un dibujo, un desayuno, un regalo hecho con amor. 🥰
Lo que parecía un juego, hoy es un sueño cumplido. ✨
Porque confianza es creer, incluso cuando nadie más lo hace… y tú, mamá, confiaste siempre. 💛
¡Feliz día! 👩🏻‍🍼
#diadelamadre",0,2,25,2,36.0K
2025-07-12 05:20:27,BancoPichincha,May 8,"Porque #ElEsfuerzoTeDefine, queremos verte de nuevo en lo más alto, @RichardCarapazM 🚂
Pedaleamos contigo en el #GirodItalia 💛",1,10,77,0,27.0K
2025-07-12 05:20:27,BancoPichincha,May 8,"100 años de esfuerzo. 💛
100 hinchas que festejaron el centenario de @BarcelonaSC como se merece: en la cancha del 🏟️ estadio Banco Pichincha, en casa, siendo protagonistas de la celebración.
Porque ser torero, es ser parte de una pasión que no se apaga. 🔥",16,14,81,3,47.0K
2025-07-12 05:20:27,BancoPichincha,May 7,"Gracias a Sumar Juntos, un proyecto de Banco Pichincha, cada vez más comunidades se benefician de la instalación de sistemas de agua potable. Esto contribuye a una mejor nutrición de los niños y a una mayor asistencia a escuelas en las zonas rurales del país.",0,19,150,6,443.0K
2025-07-12 05:20:27,BancoPichincha,May 1,"100 años de historia. 
100 años de esfuerzo. 
100 hitos inolvidables. 
@BarcelonaSC hoy celebramos el legado que has construido y que perdurará en la memoria de los hinchas toreros. 💛
¡Felicitaciones, ídolo! 
#CentenarioBSC",0,112,486,10,85.0K
2025-07-12 05:20:27,BancoPichincha,Apr 30,"En 39 segundos, te contamos lo #NuevoEnBancoPichincha para cerrar abril con buenas noticias. 💛

💧Más comunidades con acceso a agua potable, gracias a Sumar Juntos.
📚Oportunidad laboral para los jóvenes de la Amazonía.
📲Descarga tus movimientos en Banca Móvil.",0,4,32,2,78.0K
2025-07-12 05:20:27,BancoPichincha,Apr 25,"Cada triunfo de Anahí Suárez nos recuerda que…
🎯 La perseverancia construye campeones.
🥈 La pasión lleva al podio.
🇪🇨 El orgullo de un país se corre con el corazón.
¡Felicidades por tu medalla de plata en el Campeonato Sudamericano de Atletismo!

#ElEsfuerzoTeDefine",0,32,237,9,149.0K
2025-07-12 06:28:16,BancoPichincha,9 h,"El amarillo no es solo un color. Es orgullo. Es pasión. 💛🔥🇪🇨
¡Vamos a darlo todo en la cancha! ⚽️
#ConfianzaEsCreer en el poder del deporte femenino que inspira y empodera. 💪",0,2,7,0,822
2025-07-12 06:28:16,BancoPichincha,Jun 30,"¿Tienes 40 segundos? Entérate de #LoNuevoEnBancoPichincha 💛
📲Pagar o cobrar con tu QR es ahora más fácil.
🎓Conoce la mejor iniciativa para empezar tu carrera laboral.
🏫 Voluntariado para apoyar a comunidad de Cayambe.",0,3,9,3,12.0K
2025-07-12 06:28:16,BancoPichincha,Jun 19,"🇪🇨 En Ecuador, 6 de cada 10 familias de zonas rurales aún no tienen acceso a agua potable. Conseguirla implica recorrer largas distancias o pagar altos costos.💧
Por eso, Banco Pichincha impulsa Sumar Juntos, iniciativa que ya ha cambiado la vida a más de 26 mil personas. 💛",0,26,124,9,157.0K
2025-07-12 06:28:16,BancoPichincha,Jun 16,"Hoy celebramos el esfuerzo de quienes, a pesar de la distancia, siempre están presentes. ✨
Porque detrás de cada envío que realizan, hay más que dinero… hay medicinas, educación, sueños y, sobre todo, ese amor de familia que nunca se pierde. 💛
#DíaInternacionalDeLasRemesas",0,3,27,3,57.0K
2025-07-12 06:28:16,BancoPichincha,Jun 12,"¡Celebramos 10 años formando a los líderes del mañana! 🚀
El mejor semillero de talento del país cumple una década.
444 estudiantes han vivido la experiencia de ser trainees durante 6 semanas en Futuros Líderes, una oportunidad que ha marcado su vida profesional. 💛",0,4,116,14,531.0K
2025-07-12 06:28:16,BancoPichincha,Jun 3,"Hay jugadores en la cancha… y tú. El número 12. ⚽
El que vibra y sufre cada partido.
El que nunca abandona, ni en la gloria ni en la derrota.
Has heredado esta pasión y la llevas como bandera.
Porque darlo todo por tu equipo, te define. 💛
@BarcelonaSC
@LDU_Oficial
@UCatolicaEC",0,28,324,12,791.0K
2025-07-12 06:28:16,BancoPichincha,Jun 2,"Confianza es creer que subir otra vez al podio del #GiroDItalia es posible. 🥉 
Gracias @RichardCarapazM por hacernos vivir momentos como estos. 💛 #ElEsfuerzoTeDefine",1,54,770,8,201.0K
2025-07-12 06:28:16,BancoPichincha,Jun 1,"Una vez más @RichardCarapazM dejó su huella en la historia del ciclismo. 🥉
¡Que orgullo verte en el podio del #GiroDItalia, el quinto en una gran vuelta! 🚴‍♂️
No es casualidad. Es levantarse cuando todos piensan que ya lo diste todo. 
Sí, Locomotora 🚂, #ElEsfuerzoTeDefine",1,55,634,1,77.0K
2025-07-12 06:28:16,BancoPichincha,May 30,"En menos de 1 minuto puedes enterarte de #LoNuevoEnBancoPichincha 💛
💰 Ahorrar a tu ritmo es más fácil gracias a Banca Móvil.
👩🏻‍💼 Seguimos apostando por el emprendimiento femenino. 
🏧 Inauguramos un nuevo cajero en Galápagos.",0,2,23,4,81.0K
2025-07-12 06:28:16,BancoPichincha,May 21,"¡Qué grande eres @RichardCarapazM! 🚂
Lo dejaste todo en la montaña y cruzaste la meta en solitario en la etapa 11 del #GiroDItalia. 🚵
No solo ganaste, volviste a demostrar que nunca hay que dejar de luchar. 💪🏻
El aliento del Ecuador entero te acompaña.🇪🇨
#ElEsfuerzoTeDefine",1,58,473,5,71.0K
2025-07-12 06:28:16,BancoPichincha,May 15,"¡Felicidades @UCatolicaEC! 🩵
Hoy nos unimos a la celebración de los hinchas del #TrencitoAzul que generación tras generación han alentado a la #Chatoleí en estos 62 años. 🎉",0,12,88,2,72.0K
2025-07-12 06:28:16,BancoPichincha,May 14,"¡Tú eres el jugador 12! ⚽
El que lo da todo por los colores de su equipo en casa, en el estadio y por todo el país. 
Y esta es una herencia que has convertido en legado, porque el esfuerzo de darlo todo por tu equipo, te define. 💛
@BarcelonaSC
@LDU_Oficial
@UCatolicaEC",0,21,217,13,689.0K
2025-07-12 06:28:16,BancoPichincha,May 9,"¡Anahí Ortiz es una de las mejores ajedrecistas del continente! 👏
♟️ Detrás de cada una de sus partidas hay años de sacrificio y perseverancia. Hoy celebramos su segundo lugar en el Campeonato Continental Femenino de Ajedrez de las Américas.🥈🇪🇨
#ElEsfuerzoTeDefine",0,10,52,0,21.0K
2025-07-12 06:28:16,BancoPichincha,May 9,"Todo empezó con un dibujo, un desayuno, un regalo hecho con amor. 🥰
Lo que parecía un juego, hoy es un sueño cumplido. ✨
Porque confianza es creer, incluso cuando nadie más lo hace… y tú, mamá, confiaste siempre. 💛
¡Feliz día! 👩🏻‍🍼
#diadelamadre",0,2,25,2,36.0K
2025-07-12 06:28:16,BancoPichincha,May 8,"Porque #ElEsfuerzoTeDefine, queremos verte de nuevo en lo más alto, @RichardCarapazM 🚂
Pedaleamos contigo en el #GirodItalia 💛",1,10,77,0,27.0K
2025-07-12 06:28:16,BancoPichincha,May 8,"100 años de esfuerzo. 💛
100 hinchas que festejaron el centenario de @BarcelonaSC como se merece: en la cancha del 🏟️ estadio Banco Pichincha, en casa, siendo protagonistas de la celebración.
Porque ser torero, es ser parte de una pasión que no se apaga. 🔥",16,14,81,3,47.0K
2025-07-12 06:28:16,BancoPichincha,May 7,"Gracias a Sumar Juntos, un proyecto de Banco Pichincha, cada vez más comunidades se benefician de la instalación de sistemas de agua potable. Esto contribuye a una mejor nutrición de los niños y a una mayor asistencia a escuelas en las zonas rurales del país.",0,19,150,6,443.0K
2025-07-12 06:28:16,BancoPichincha,May 1,"100 años de historia. 
100 años de esfuerzo. 
100 hitos inolvidables. 
@BarcelonaSC hoy celebramos el legado que has construido y que perdurará en la memoria de los hinchas toreros. 💛
¡Felicitaciones, ídolo! 
#CentenarioBSC",0,112,486,10,85.0K
2025-07-12 06:28:16,BancoPichincha,Apr 30,"En 39 segundos, te contamos lo #NuevoEnBancoPichincha para cerrar abril con buenas noticias. 💛

💧Más comunidades con acceso a agua potable, gracias a Sumar Juntos.
📚Oportunidad laboral para los jóvenes de la Amazonía.
📲Descarga tus movimientos en Banca Móvil.",0,4,32,2,78.0K
2025-07-12 06:28:16,BancoPichincha,Apr 25,"Cada triunfo de Anahí Suárez nos recuerda que…
🎯 La perseverancia construye campeones.
🥈 La pasión lleva al podio.
🇪🇨 El orgullo de un país se corre con el corazón.
¡Felicidades por tu medalla de plata en el Campeonato Sudamericano de Atletismo!

#ElEsfuerzoTeDefine",0,32,237,9,149.0K
2025-07-12 07:19:10,BancoPichincha,10 h,"El amarillo no es solo un color. Es orgullo. Es pasión. 💛🔥🇪🇨
¡Vamos a darlo todo en la cancha! ⚽️
#ConfianzaEsCreer en el poder del deporte femenino que inspira y empodera. 💪",0,2,7,0,830
2025-07-12 07:19:10,BancoPichincha,Jun 30,"¿Tienes 40 segundos? Entérate de #LoNuevoEnBancoPichincha 💛
📲Pagar o cobrar con tu QR es ahora más fácil.
🎓Conoce la mejor iniciativa para empezar tu carrera laboral.
🏫 Voluntariado para apoyar a comunidad de Cayambe.",0,3,9,3,12.0K
2025-07-12 07:19:10,BancoPichincha,Jun 19,"🇪🇨 En Ecuador, 6 de cada 10 familias de zonas rurales aún no tienen acceso a agua potable. Conseguirla implica recorrer largas distancias o pagar altos costos.💧
Por eso, Banco Pichincha impulsa Sumar Juntos, iniciativa que ya ha cambiado la vida a más de 26 mil personas. 💛",0,26,124,9,157.0K
2025-07-12 07:19:10,BancoPichincha,Jun 16,"Hoy celebramos el esfuerzo de quienes, a pesar de la distancia, siempre están presentes. ✨
Porque detrás de cada envío que realizan, hay más que dinero… hay medicinas, educación, sueños y, sobre todo, ese amor de familia que nunca se pierde. 💛
#DíaInternacionalDeLasRemesas",0,3,27,3,57.0K
2025-07-12 07:19:10,BancoPichincha,Jun 12,"¡Celebramos 10 años formando a los líderes del mañana! 🚀
El mejor semillero de talento del país cumple una década.
444 estudiantes han vivido la experiencia de ser trainees durante 6 semanas en Futuros Líderes, una oportunidad que ha marcado su vida profesional. 💛",0,4,116,14,531.0K
2025-07-12 07:19:10,BancoPichincha,Jun 3,"Hay jugadores en la cancha… y tú. El número 12. ⚽
El que vibra y sufre cada partido.
El que nunca abandona, ni en la gloria ni en la derrota.
Has heredado esta pasión y la llevas como bandera.
Porque darlo todo por tu equipo, te define. 💛
@BarcelonaSC
@LDU_Oficial
@UCatolicaEC",0,28,324,12,791.0K
2025-07-12 07:19:10,BancoPichincha,Jun 2,"Confianza es creer que subir otra vez al podio del #GiroDItalia es posible. 🥉 
Gracias @RichardCarapazM por hacernos vivir momentos como estos. 💛 #ElEsfuerzoTeDefine",1,54,770,8,201.0K
2025-07-12 07:19:10,BancoPichincha,Jun 1,"Una vez más @RichardCarapazM dejó su huella en la historia del ciclismo. 🥉
¡Que orgullo verte en el podio del #GiroDItalia, el quinto en una gran vuelta! 🚴‍♂️
No es casualidad. Es levantarse cuando todos piensan que ya lo diste todo. 
Sí, Locomotora 🚂, #ElEsfuerzoTeDefine",1,55,634,1,77.0K
2025-07-12 07:19:10,BancoPichincha,May 30,"En menos de 1 minuto puedes enterarte de #LoNuevoEnBancoPichincha 💛
💰 Ahorrar a tu ritmo es más fácil gracias a Banca Móvil.
👩🏻‍💼 Seguimos apostando por el emprendimiento femenino. 
🏧 Inauguramos un nuevo cajero en Galápagos.",0,2,23,4,81.0K
2025-07-12 07:19:10,BancoPichincha,May 21,"¡Qué grande eres @RichardCarapazM! 🚂
Lo dejaste todo en la montaña y cruzaste la meta en solitario en la etapa 11 del #GiroDItalia. 🚵
No solo ganaste, volviste a demostrar que nunca hay que dejar de luchar. 💪🏻
El aliento del Ecuador entero te acompaña.🇪🇨
#ElEsfuerzoTeDefine",1,58,473,5,71.0K
2025-07-12 07:19:10,BancoPichincha,May 15,"¡Felicidades @UCatolicaEC! 🩵
Hoy nos unimos a la celebración de los hinchas del #TrencitoAzul que generación tras generación han alentado a la #Chatoleí en estos 62 años. 🎉",0,12,88,2,72.0K
2025-07-12 07:19:10,BancoPichincha,May 14,"¡Tú eres el jugador 12! ⚽
El que lo da todo por los colores de su equipo en casa, en el estadio y por todo el país. 
Y esta es una herencia que has convertido en legado, porque el esfuerzo de darlo todo por tu equipo, te define. 💛
@BarcelonaSC
@LDU_Oficial
@UCatolicaEC",0,21,217,13,689.0K
2025-07-12 07:19:10,BancoPichincha,May 9,"¡Anahí Ortiz es una de las mejores ajedrecistas del continente! 👏
♟️ Detrás de cada una de sus partidas hay años de sacrificio y perseverancia. Hoy celebramos su segundo lugar en el Campeonato Continental Femenino de Ajedrez de las Américas.🥈🇪🇨
#ElEsfuerzoTeDefine",0,10,52,0,21.0K
2025-07-12 07:19:10,BancoPichincha,May 9,"Todo empezó con un dibujo, un desayuno, un regalo hecho con amor. 🥰
Lo que parecía un juego, hoy es un sueño cumplido. ✨
Porque confianza es creer, incluso cuando nadie más lo hace… y tú, mamá, confiaste siempre. 💛
¡Feliz día! 👩🏻‍🍼
#diadelamadre",0,2,25,2,36.0K
2025-07-12 07:19:10,BancoPichincha,May 8,"Porque #ElEsfuerzoTeDefine, queremos verte de nuevo en lo más alto, @RichardCarapazM 🚂
Pedaleamos contigo en el #GirodItalia 💛",1,10,77,0,27.0K
2025-07-12 07:19:10,BancoPichincha,May 8,"100 años de esfuerzo. 💛
100 hinchas que festejaron el centenario de @BarcelonaSC como se merece: en la cancha del 🏟️ estadio Banco Pichincha, en casa, siendo protagonistas de la celebración.
Porque ser torero, es ser parte de una pasión que no se apaga. 🔥",16,14,81,3,47.0K
2025-07-12 07:19:10,BancoPichincha,May 7,"Gracias a Sumar Juntos, un proyecto de Banco Pichincha, cada vez más comunidades se benefician de la instalación de sistemas de agua potable. Esto contribuye a una mejor nutrición de los niños y a una mayor asistencia a escuelas en las zonas rurales del país.",0,19,150,6,443.0K
2025-07-12 07:19:10,BancoPichincha,May 1,"100 años de historia. 
100 años de esfuerzo. 
100 hitos inolvidables. 
@BarcelonaSC hoy celebramos el legado que has construido y que perdurará en la memoria de los hinchas toreros. 💛
¡Felicitaciones, ídolo! 
#CentenarioBSC",0,112,486,10,85.0K
2025-07-12 07:19:10,BancoPichincha,Apr 30,"En 39 segundos, te contamos lo #NuevoEnBancoPichincha para cerrar abril con buenas noticias. 💛

💧Más comunidades con acceso a agua potable, gracias a Sumar Juntos.
📚Oportunidad laboral para los jóvenes de la Amazonía.
📲Descarga tus movimientos en Banca Móvil.",0,4,32,2,78.0K
2025-07-12 07:19:10,BancoPichincha,Apr 25,"Cada triunfo de Anahí Suárez nos recuerda que…
🎯 La perseverancia construye campeones.
🥈 La pasión lleva al podio.
🇪🇨 El orgullo de un país se corre con el corazón.
¡Felicidades por tu medalla de plata en el Campeonato Sudamericano de Atletismo!

#ElEsfuerzoTeDefine",0,32,237,9,149.0K
2025-07-12 08:24:31,BancoPichincha,11 h,"El amarillo no es solo un color. Es orgullo. Es pasión. 💛🔥🇪🇨
¡Vamos a darlo todo en la cancha! ⚽️
#ConfianzaEsCreer en el poder del deporte femenino que inspira y empodera. 💪",0,2,7,0,835
2025-07-12 08:24:31,BancoPichincha,Jun 30,"¿Tienes 40 segundos? Entérate de #LoNuevoEnBancoPichincha 💛
📲Pagar o cobrar con tu QR es ahora más fácil.
🎓Conoce la mejor iniciativa para empezar tu carrera laboral.
🏫 Voluntariado para apoyar a comunidad de Cayambe.",0,3,9,3,12.0K
2025-07-12 08:24:31,BancoPichincha,Jun 19,"🇪🇨 En Ecuador, 6 de cada 10 familias de zonas rurales aún no tienen acceso a agua potable. Conseguirla implica recorrer largas distancias o pagar altos costos.💧
Por eso, Banco Pichincha impulsa Sumar Juntos, iniciativa que ya ha cambiado la vida a más de 26 mil personas. 💛",0,26,124,9,157.0K
2025-07-12 08:24:31,BancoPichincha,Jun 16,"Hoy celebramos el esfuerzo de quienes, a pesar de la distancia, siempre están presentes. ✨
Porque detrás de cada envío que realizan, hay más que dinero… hay medicinas, educación, sueños y, sobre todo, ese amor de familia que nunca se pierde. 💛
#DíaInternacionalDeLasRemesas",0,3,27,3,57.0K
2025-07-12 08:24:31,BancoPichincha,Jun 12,"¡Celebramos 10 años formando a los líderes del mañana! 🚀
El mejor semillero de talento del país cumple una década.
444 estudiantes han vivido la experiencia de ser trainees durante 6 semanas en Futuros Líderes, una oportunidad que ha marcado su vida profesional. 💛",0,4,117,14,531.0K
2025-07-12 08:24:31,BancoPichincha,Jun 3,"Hay jugadores en la cancha… y tú. El número 12. ⚽
El que vibra y sufre cada partido.
El que nunca abandona, ni en la gloria ni en la derrota.
Has heredado esta pasión y la llevas como bandera.
Porque darlo todo por tu equipo, te define. 💛
@BarcelonaSC
@LDU_Oficial
@UCatolicaEC",0,28,324,12,791.0K
2025-07-12 08:24:31,BancoPichincha,Jun 2,"Confianza es creer que subir otra vez al podio del #GiroDItalia es posible. 🥉 
Gracias @RichardCarapazM por hacernos vivir momentos como estos. 💛 #ElEsfuerzoTeDefine",1,54,770,8,201.0K
2025-07-12 08:24:31,BancoPichincha,Jun 1,"Una vez más @RichardCarapazM dejó su huella en la historia del ciclismo. 🥉
¡Que orgullo verte en el podio del #GiroDItalia, el quinto en una gran vuelta! 🚴‍♂️
No es casualidad. Es levantarse cuando todos piensan que ya lo diste todo. 
Sí, Locomotora 🚂, #ElEsfuerzoTeDefine",1,55,634,1,77.0K
2025-07-12 08:24:31,BancoPichincha,May 30,"En menos de 1 minuto puedes enterarte de #LoNuevoEnBancoPichincha 💛
💰 Ahorrar a tu ritmo es más fácil gracias a Banca Móvil.
👩🏻‍💼 Seguimos apostando por el emprendimiento femenino. 
🏧 Inauguramos un nuevo cajero en Galápagos.",0,2,23,4,81.0K
2025-07-12 08:24:31,BancoPichincha,May 21,"¡Qué grande eres @RichardCarapazM! 🚂
Lo dejaste todo en la montaña y cruzaste la meta en solitario en la etapa 11 del #GiroDItalia. 🚵
No solo ganaste, volviste a demostrar que nunca hay que dejar de luchar. 💪🏻
El aliento del Ecuador entero te acompaña.🇪🇨
#ElEsfuerzoTeDefine",1,58,473,5,71.0K
2025-07-12 08:24:31,BancoPichincha,May 15,"¡Felicidades @UCatolicaEC! 🩵
Hoy nos unimos a la celebración de los hinchas del #TrencitoAzul que generación tras generación han alentado a la #Chatoleí en estos 62 años. 🎉",0,12,88,2,72.0K
2025-07-12 08:24:31,BancoPichincha,May 14,"¡Tú eres el jugador 12! ⚽
El que lo da todo por los colores de su equipo en casa, en el estadio y por todo el país. 
Y esta es una herencia que has convertido en legado, porque el esfuerzo de darlo todo por tu equipo, te define. 💛
@BarcelonaSC
@LDU_Oficial
@UCatolicaEC",0,21,217,13,689.0K
2025-07-12 08:24:31,BancoPichincha,May 9,"¡Anahí Ortiz es una de las mejores ajedrecistas del continente! 👏
♟️ Detrás de cada una de sus partidas hay años de sacrificio y perseverancia. Hoy celebramos su segundo lugar en el Campeonato Continental Femenino de Ajedrez de las Américas.🥈🇪🇨
#ElEsfuerzoTeDefine",0,10,52,0,21.0K
2025-07-12 08:24:31,BancoPichincha,May 9,"Todo empezó con un dibujo, un desayuno, un regalo hecho con amor. 🥰
Lo que parecía un juego, hoy es un sueño cumplido. ✨
Porque confianza es creer, incluso cuando nadie más lo hace… y tú, mamá, confiaste siempre. 💛
¡Feliz día! 👩🏻‍🍼
#diadelamadre",0,2,25,2,36.0K
2025-07-12 08:24:31,BancoPichincha,May 8,"Porque #ElEsfuerzoTeDefine, queremos verte de nuevo en lo más alto, @RichardCarapazM 🚂
Pedaleamos contigo en el #GirodItalia 💛",1,10,77,0,27.0K
2025-07-12 08:24:31,BancoPichincha,May 8,"100 años de esfuerzo. 💛
100 hinchas que festejaron el centenario de @BarcelonaSC como se merece: en la cancha del 🏟️ estadio Banco Pichincha, en casa, siendo protagonistas de la celebración.
Porque ser torero, es ser parte de una pasión que no se apaga. 🔥",16,14,81,3,47.0K
2025-07-12 08:24:31,BancoPichincha,May 7,"Gracias a Sumar Juntos, un proyecto de Banco Pichincha, cada vez más comunidades se benefician de la instalación de sistemas de agua potable. Esto contribuye a una mejor nutrición de los niños y a una mayor asistencia a escuelas en las zonas rurales del país.",0,19,150,6,443.0K
2025-07-12 08:24:31,BancoPichincha,May 1,"100 años de historia. 
100 años de esfuerzo. 
100 hitos inolvidables. 
@BarcelonaSC hoy celebramos el legado que has construido y que perdurará en la memoria de los hinchas toreros. 💛
¡Felicitaciones, ídolo! 
#CentenarioBSC",0,112,486,10,85.0K
2025-07-12 08:24:31,BancoPichincha,Apr 30,"En 39 segundos, te contamos lo #NuevoEnBancoPichincha para cerrar abril con buenas noticias. 💛

💧Más comunidades con acceso a agua potable, gracias a Sumar Juntos.
📚Oportunidad laboral para los jóvenes de la Amazonía.
📲Descarga tus movimientos en Banca Móvil.",0,4,32,2,78.0K
2025-07-12 08:24:31,BancoPichincha,Apr 25,"Cada triunfo de Anahí Suárez nos recuerda que…
🎯 La perseverancia construye campeones.
🥈 La pasión lleva al podio.
🇪🇨 El orgullo de un país se corre con el corazón.
¡Felicidades por tu medalla de plata en el Campeonato Sudamericano de Atletismo!

#ElEsfuerzoTeDefine",0,32,237,9,149.0K
2025-07-12 09:19:56,BancoPichincha,12 h,"El amarillo no es solo un color. Es orgullo. Es pasión. 💛🔥🇪🇨
¡Vamos a darlo todo en la cancha! ⚽️
#ConfianzaEsCreer en el poder del deporte femenino que inspira y empodera. 💪",0,2,7,0,838
2025-07-12 09:19:56,BancoPichincha,Jun 30,"¿Tienes 40 segundos? Entérate de #LoNuevoEnBancoPichincha 💛
📲Pagar o cobrar con tu QR es ahora más fácil.
🎓Conoce la mejor iniciativa para empezar tu carrera laboral.
🏫 Voluntariado para apoyar a comunidad de Cayambe.",0,3,9,3,12.0K
2025-07-12 09:19:56,BancoPichincha,Jun 19,"🇪🇨 En Ecuador, 6 de cada 10 familias de zonas rurales aún no tienen acceso a agua potable. Conseguirla implica recorrer largas distancias o pagar altos costos.💧
Por eso, Banco Pichincha impulsa Sumar Juntos, iniciativa que ya ha cambiado la vida a más de 26 mil personas. 💛",0,26,124,9,157.0K
2025-07-12 09:19:56,BancoPichincha,Jun 16,"Hoy celebramos el esfuerzo de quienes, a pesar de la distancia, siempre están presentes. ✨
Porque detrás de cada envío que realizan, hay más que dinero… hay medicinas, educación, sueños y, sobre todo, ese amor de familia que nunca se pierde. 💛
#DíaInternacionalDeLasRemesas",0,3,27,3,57.0K
2025-07-12 09:19:56,BancoPichincha,Jun 12,"¡Celebramos 10 años formando a los líderes del mañana! 🚀
El mejor semillero de talento del país cumple una década.
444 estudiantes han vivido la experiencia de ser trainees durante 6 semanas en Futuros Líderes, una oportunidad que ha marcado su vida profesional. 💛",0,4,117,14,531.0K
2025-07-12 09:19:56,BancoPichincha,Jun 3,"Hay jugadores en la cancha… y tú. El número 12. ⚽
El que vibra y sufre cada partido.
El que nunca abandona, ni en la gloria ni en la derrota.
Has heredado esta pasión y la llevas como bandera.
Porque darlo todo por tu equipo, te define. 💛
@BarcelonaSC
@LDU_Oficial
@UCatolicaEC",0,28,324,12,791.0K
2025-07-12 09:19:56,BancoPichincha,Jun 2,"Confianza es creer que subir otra vez al podio del #GiroDItalia es posible. 🥉 
Gracias @RichardCarapazM por hacernos vivir momentos como estos. 💛 #ElEsfuerzoTeDefine",1,54,770,8,201.0K
2025-07-12 09:19:56,BancoPichincha,Jun 1,"Una vez más @RichardCarapazM dejó su huella en la historia del ciclismo. 🥉
¡Que orgullo verte en el podio del #GiroDItalia, el quinto en una gran vuelta! 🚴‍♂️
No es casualidad. Es levantarse cuando todos piensan que ya lo diste todo. 
Sí, Locomotora 🚂, #ElEsfuerzoTeDefine",1,55,634,1,77.0K
2025-07-12 09:19:56,BancoPichincha,May 30,"En menos de 1 minuto puedes enterarte de #LoNuevoEnBancoPichincha 💛
💰 Ahorrar a tu ritmo es más fácil gracias a Banca Móvil.
👩🏻‍💼 Seguimos apostando por el emprendimiento femenino. 
🏧 Inauguramos un nuevo cajero en Galápagos.",0,2,23,4,81.0K
2025-07-12 09:19:56,BancoPichincha,May 21,"¡Qué grande eres @RichardCarapazM! 🚂
Lo dejaste todo en la montaña y cruzaste la meta en solitario en la etapa 11 del #GiroDItalia. 🚵
No solo ganaste, volviste a demostrar que nunca hay que dejar de luchar. 💪🏻
El aliento del Ecuador entero te acompaña.🇪🇨
#ElEsfuerzoTeDefine",1,58,473,5,71.0K
2025-07-12 09:19:56,BancoPichincha,May 15,"¡Felicidades @UCatolicaEC! 🩵
Hoy nos unimos a la celebración de los hinchas del #TrencitoAzul que generación tras generación han alentado a la #Chatoleí en estos 62 años. 🎉",0,12,88,2,72.0K
2025-07-12 09:19:56,BancoPichincha,May 14,"¡Tú eres el jugador 12! ⚽
El que lo da todo por los colores de su equipo en casa, en el estadio y por todo el país. 
Y esta es una herencia que has convertido en legado, porque el esfuerzo de darlo todo por tu equipo, te define. 💛
@BarcelonaSC
@LDU_Oficial
@UCatolicaEC",0,21,217,13,689.0K
2025-07-12 09:19:56,BancoPichincha,May 9,"¡Anahí Ortiz es una de las mejores ajedrecistas del continente! 👏
♟️ Detrás de cada una de sus partidas hay años de sacrificio y perseverancia. Hoy celebramos su segundo lugar en el Campeonato Continental Femenino de Ajedrez de las Américas.🥈🇪🇨
#ElEsfuerzoTeDefine",0,10,52,0,21.0K
2025-07-12 09:19:56,BancoPichincha,May 9,"Todo empezó con un dibujo, un desayuno, un regalo hecho con amor. 🥰
Lo que parecía un juego, hoy es un sueño cumplido. ✨
Porque confianza es creer, incluso cuando nadie más lo hace… y tú, mamá, confiaste siempre. 💛
¡Feliz día! 👩🏻‍🍼
#diadelamadre",0,2,25,2,36.0K
2025-07-12 09:19:56,BancoPichincha,May 8,"Porque #ElEsfuerzoTeDefine, queremos verte de nuevo en lo más alto, @RichardCarapazM 🚂
Pedaleamos contigo en el #GirodItalia 💛",1,10,77,0,27.0K
2025-07-12 09:19:56,BancoPichincha,May 8,"100 años de esfuerzo. 💛
100 hinchas que festejaron el centenario de @BarcelonaSC como se merece: en la cancha del 🏟️ estadio Banco Pichincha, en casa, siendo protagonistas de la celebración.
Porque ser torero, es ser parte de una pasión que no se apaga. 🔥",16,14,81,3,47.0K
2025-07-12 09:19:56,BancoPichincha,May 7,"Gracias a Sumar Juntos, un proyecto de Banco Pichincha, cada vez más comunidades se benefician de la instalación de sistemas de agua potable. Esto contribuye a una mejor nutrición de los niños y a una mayor asistencia a escuelas en las zonas rurales del país.",0,19,150,6,443.0K
2025-07-12 09:19:56,BancoPichincha,May 1,"100 años de historia. 
100 años de esfuerzo. 
100 hitos inolvidables. 
@BarcelonaSC hoy celebramos el legado que has construido y que perdurará en la memoria de los hinchas toreros. 💛
¡Felicitaciones, ídolo! 
#CentenarioBSC",0,112,486,10,85.0K
2025-07-12 09:19:56,BancoPichincha,Apr 30,"En 39 segundos, te contamos lo #NuevoEnBancoPichincha para cerrar abril con buenas noticias. 💛

💧Más comunidades con acceso a agua potable, gracias a Sumar Juntos.
📚Oportunidad laboral para los jóvenes de la Amazonía.
📲Descarga tus movimientos en Banca Móvil.",0,4,32,2,78.0K
2025-07-12 09:19:56,BancoPichincha,Apr 25,"Cada triunfo de Anahí Suárez nos recuerda que…
🎯 La perseverancia construye campeones.
🥈 La pasión lleva al podio.
🇪🇨 El orgullo de un país se corre con el corazón.
¡Felicidades por tu medalla de plata en el Campeonato Sudamericano de Atletismo!

#ElEsfuerzoTeDefine",0,32,237,9,149.0K
2025-07-12 10:19:57,BancoPichincha,13 h,"El amarillo no es solo un color. Es orgullo. Es pasión. 💛🔥🇪🇨
¡Vamos a darlo todo en la cancha! ⚽️
#ConfianzaEsCreer en el poder del deporte femenino que inspira y empodera. 💪",0,2,7,0,842
2025-07-12 10:19:57,BancoPichincha,Jun 30,"¿Tienes 40 segundos? Entérate de #LoNuevoEnBancoPichincha 💛
📲Pagar o cobrar con tu QR es ahora más fácil.
🎓Conoce la mejor iniciativa para empezar tu carrera laboral.
🏫 Voluntariado para apoyar a comunidad de Cayambe.",0,3,9,3,12.0K
2025-07-12 10:19:57,BancoPichincha,Jun 19,"🇪🇨 En Ecuador, 6 de cada 10 familias de zonas rurales aún no tienen acceso a agua potable. Conseguirla implica recorrer largas distancias o pagar altos costos.💧
Por eso, Banco Pichincha impulsa Sumar Juntos, iniciativa que ya ha cambiado la vida a más de 26 mil personas. 💛",0,26,124,9,157.0K
2025-07-12 10:19:57,BancoPichincha,Jun 16,"Hoy celebramos el esfuerzo de quienes, a pesar de la distancia, siempre están presentes. ✨
Porque detrás de cada envío que realizan, hay más que dinero… hay medicinas, educación, sueños y, sobre todo, ese amor de familia que nunca se pierde. 💛
#DíaInternacionalDeLasRemesas",0,3,27,3,57.0K
2025-07-12 10:19:57,BancoPichincha,Jun 12,"¡Celebramos 10 años formando a los líderes del mañana! 🚀
El mejor semillero de talento del país cumple una década.
444 estudiantes han vivido la experiencia de ser trainees durante 6 semanas en Futuros Líderes, una oportunidad que ha marcado su vida profesional. 💛",0,4,117,14,531.0K
2025-07-12 10:19:57,BancoPichincha,Jun 3,"Hay jugadores en la cancha… y tú. El número 12. ⚽
El que vibra y sufre cada partido.
El que nunca abandona, ni en la gloria ni en la derrota.
Has heredado esta pasión y la llevas como bandera.
Porque darlo todo por tu equipo, te define. 💛
@BarcelonaSC
@LDU_Oficial
@UCatolicaEC",0,28,324,12,791.0K
2025-07-12 10:19:57,BancoPichincha,Jun 2,"Confianza es creer que subir otra vez al podio del #GiroDItalia es posible. 🥉 
Gracias @RichardCarapazM por hacernos vivir momentos como estos. 💛 #ElEsfuerzoTeDefine",1,54,770,8,201.0K
2025-07-12 10:19:57,BancoPichincha,Jun 1,"Una vez más @RichardCarapazM dejó su huella en la historia del ciclismo. 🥉
¡Que orgullo verte en el podio del #GiroDItalia, el quinto en una gran vuelta! 🚴‍♂️
No es casualidad. Es levantarse cuando todos piensan que ya lo diste todo. 
Sí, Locomotora 🚂, #ElEsfuerzoTeDefine",1,55,634,1,77.0K
2025-07-12 10:19:57,BancoPichincha,May 30,"En menos de 1 minuto puedes enterarte de #LoNuevoEnBancoPichincha 💛
💰 Ahorrar a tu ritmo es más fácil gracias a Banca Móvil.
👩🏻‍💼 Seguimos apostando por el emprendimiento femenino. 
🏧 Inauguramos un nuevo cajero en Galápagos.",0,2,23,4,81.0K
2025-07-12 10:19:57,BancoPichincha,May 21,"¡Qué grande eres @RichardCarapazM! 🚂
Lo dejaste todo en la montaña y cruzaste la meta en solitario en la etapa 11 del #GiroDItalia. 🚵
No solo ganaste, volviste a demostrar que nunca hay que dejar de luchar. 💪🏻
El aliento del Ecuador entero te acompaña.🇪🇨
#ElEsfuerzoTeDefine",1,58,473,5,71.0K
2025-07-12 10:19:57,BancoPichincha,May 15,"¡Felicidades @UCatolicaEC! 🩵
Hoy nos unimos a la celebración de los hinchas del #TrencitoAzul que generación tras generación han alentado a la #Chatoleí en estos 62 años. 🎉",0,12,88,2,72.0K
2025-07-12 10:19:57,BancoPichincha,May 14,"¡Tú eres el jugador 12! ⚽
El que lo da todo por los colores de su equipo en casa, en el estadio y por todo el país. 
Y esta es una herencia que has convertido en legado, porque el esfuerzo de darlo todo por tu equipo, te define. 💛
@BarcelonaSC
@LDU_Oficial
@UCatolicaEC",0,21,217,13,689.0K
2025-07-12 10:19:57,BancoPichincha,May 9,"¡Anahí Ortiz es una de las mejores ajedrecistas del continente! 👏
♟️ Detrás de cada una de sus partidas hay años de sacrificio y perseverancia. Hoy celebramos su segundo lugar en el Campeonato Continental Femenino de Ajedrez de las Américas.🥈🇪🇨
#ElEsfuerzoTeDefine",0,10,52,0,21.0K
2025-07-12 10:19:57,BancoPichincha,May 9,"Todo empezó con un dibujo, un desayuno, un regalo hecho con amor. 🥰
Lo que parecía un juego, hoy es un sueño cumplido. ✨
Porque confianza es creer, incluso cuando nadie más lo hace… y tú, mamá, confiaste siempre. 💛
¡Feliz día! 👩🏻‍🍼
#diadelamadre",0,2,25,2,36.0K
2025-07-12 10:19:57,BancoPichincha,May 8,"Porque #ElEsfuerzoTeDefine, queremos verte de nuevo en lo más alto, @RichardCarapazM 🚂
Pedaleamos contigo en el #GirodItalia 💛",1,10,77,0,27.0K
2025-07-12 10:19:57,BancoPichincha,May 8,"100 años de esfuerzo. 💛
100 hinchas que festejaron el centenario de @BarcelonaSC como se merece: en la cancha del 🏟️ estadio Banco Pichincha, en casa, siendo protagonistas de la celebración.
Porque ser torero, es ser parte de una pasión que no se apaga. 🔥",16,14,81,3,47.0K
2025-07-12 10:19:57,BancoPichincha,May 7,"Gracias a Sumar Juntos, un proyecto de Banco Pichincha, cada vez más comunidades se benefician de la instalación de sistemas de agua potable. Esto contribuye a una mejor nutrición de los niños y a una mayor asistencia a escuelas en las zonas rurales del país.",0,19,150,6,443.0K
2025-07-12 10:19:57,BancoPichincha,May 1,"100 años de historia. 
100 años de esfuerzo. 
100 hitos inolvidables. 
@BarcelonaSC hoy celebramos el legado que has construido y que perdurará en la memoria de los hinchas toreros. 💛
¡Felicitaciones, ídolo! 
#CentenarioBSC",0,112,486,10,85.0K
2025-07-12 10:19:57,BancoPichincha,Apr 30,"En 39 segundos, te contamos lo #NuevoEnBancoPichincha para cerrar abril con buenas noticias. 💛

💧Más comunidades con acceso a agua potable, gracias a Sumar Juntos.
📚Oportunidad laboral para los jóvenes de la Amazonía.
📲Descarga tus movimientos en Banca Móvil.",0,4,32,2,78.0K
2025-07-12 10:19:57,BancoPichincha,Apr 25,"Cada triunfo de Anahí Suárez nos recuerda que…
🎯 La perseverancia construye campeones.
🥈 La pasión lleva al podio.
🇪🇨 El orgullo de un país se corre con el corazón.
¡Felicidades por tu medalla de plata en el Campeonato Sudamericano de Atletismo!

#ElEsfuerzoTeDefine",0,32,237,9,149.0K
2025-07-12 11:17:12,BancoPichincha,14 h,"El amarillo no es solo un color. Es orgullo. Es pasión. 💛🔥🇪🇨
¡Vamos a darlo todo en la cancha! ⚽️
#ConfianzaEsCreer en el poder del deporte femenino que inspira y empodera. 💪",0,2,7,0,845
2025-07-12 11:17:12,BancoPichincha,Jun 30,"¿Tienes 40 segundos? Entérate de #LoNuevoEnBancoPichincha 💛
📲Pagar o cobrar con tu QR es ahora más fácil.
🎓Conoce la mejor iniciativa para empezar tu carrera laboral.
🏫 Voluntariado para apoyar a comunidad de Cayambe.",0,3,9,3,12.0K
2025-07-12 11:17:12,BancoPichincha,Jun 19,"🇪🇨 En Ecuador, 6 de cada 10 familias de zonas rurales aún no tienen acceso a agua potable. Conseguirla implica recorrer largas distancias o pagar altos costos.💧
Por eso, Banco Pichincha impulsa Sumar Juntos, iniciativa que ya ha cambiado la vida a más de 26 mil personas. 💛",0,26,124,9,157.0K
2025-07-12 11:17:12,BancoPichincha,Jun 16,"Hoy celebramos el esfuerzo de quienes, a pesar de la distancia, siempre están presentes. ✨
Porque detrás de cada envío que realizan, hay más que dinero… hay medicinas, educación, sueños y, sobre todo, ese amor de familia que nunca se pierde. 💛
#DíaInternacionalDeLasRemesas",0,3,27,3,57.0K
2025-07-12 11:17:12,BancoPichincha,Jun 12,"¡Celebramos 10 años formando a los líderes del mañana! 🚀
El mejor semillero de talento del país cumple una década.
444 estudiantes han vivido la experiencia de ser trainees durante 6 semanas en Futuros Líderes, una oportunidad que ha marcado su vida profesional. 💛",0,4,117,14,531.0K
2025-07-12 11:17:12,BancoPichincha,Jun 3,"Hay jugadores en la cancha… y tú. El número 12. ⚽
El que vibra y sufre cada partido.
El que nunca abandona, ni en la gloria ni en la derrota.
Has heredado esta pasión y la llevas como bandera.
Porque darlo todo por tu equipo, te define. 💛
@BarcelonaSC
@LDU_Oficial
@UCatolicaEC",0,28,324,12,791.0K
2025-07-12 11:17:12,BancoPichincha,Jun 2,"Confianza es creer que subir otra vez al podio del #GiroDItalia es posible. 🥉 
Gracias @RichardCarapazM por hacernos vivir momentos como estos. 💛 #ElEsfuerzoTeDefine",1,54,770,8,201.0K
2025-07-12 11:17:12,BancoPichincha,Jun 1,"Una vez más @RichardCarapazM dejó su huella en la historia del ciclismo. 🥉
¡Que orgullo verte en el podio del #GiroDItalia, el quinto en una gran vuelta! 🚴‍♂️
No es casualidad. Es levantarse cuando todos piensan que ya lo diste todo. 
Sí, Locomotora 🚂, #ElEsfuerzoTeDefine",1,55,634,1,77.0K
2025-07-12 11:17:12,BancoPichincha,May 30,"En menos de 1 minuto puedes enterarte de #LoNuevoEnBancoPichincha 💛
💰 Ahorrar a tu ritmo es más fácil gracias a Banca Móvil.
👩🏻‍💼 Seguimos apostando por el emprendimiento femenino. 
🏧 Inauguramos un nuevo cajero en Galápagos.",0,2,23,4,81.0K
2025-07-12 11:17:12,BancoPichincha,May 21,"¡Qué grande eres @RichardCarapazM! 🚂
Lo dejaste todo en la montaña y cruzaste la meta en solitario en la etapa 11 del #GiroDItalia. 🚵
No solo ganaste, volviste a demostrar que nunca hay que dejar de luchar. 💪🏻
El aliento del Ecuador entero te acompaña.🇪🇨
#ElEsfuerzoTeDefine",1,58,473,5,71.0K
2025-07-12 11:17:12,BancoPichincha,May 15,"¡Felicidades @UCatolicaEC! 🩵
Hoy nos unimos a la celebración de los hinchas del #TrencitoAzul que generación tras generación han alentado a la #Chatoleí en estos 62 años. 🎉",0,12,88,2,72.0K
2025-07-12 11:17:12,BancoPichincha,May 14,"¡Tú eres el jugador 12! ⚽
El que lo da todo por los colores de su equipo en casa, en el estadio y por todo el país. 
Y esta es una herencia que has convertido en legado, porque el esfuerzo de darlo todo por tu equipo, te define. 💛
@BarcelonaSC
@LDU_Oficial
@UCatolicaEC",0,21,217,13,689.0K
2025-07-12 11:17:12,BancoPichincha,May 9,"¡Anahí Ortiz es una de las mejores ajedrecistas del continente! 👏
♟️ Detrás de cada una de sus partidas hay años de sacrificio y perseverancia. Hoy celebramos su segundo lugar en el Campeonato Continental Femenino de Ajedrez de las Américas.🥈🇪🇨
#ElEsfuerzoTeDefine",0,10,52,0,21.0K
2025-07-12 11:17:12,BancoPichincha,May 9,"Todo empezó con un dibujo, un desayuno, un regalo hecho con amor. 🥰
Lo que parecía un juego, hoy es un sueño cumplido. ✨
Porque confianza es creer, incluso cuando nadie más lo hace… y tú, mamá, confiaste siempre. 💛
¡Feliz día! 👩🏻‍🍼
#diadelamadre",0,2,25,2,36.0K
2025-07-12 11:17:12,BancoPichincha,May 8,"Porque #ElEsfuerzoTeDefine, queremos verte de nuevo en lo más alto, @RichardCarapazM 🚂
Pedaleamos contigo en el #GirodItalia 💛",1,10,77,0,27.0K
2025-07-12 11:17:12,BancoPichincha,May 8,"100 años de esfuerzo. 💛
100 hinchas que festejaron el centenario de @BarcelonaSC como se merece: en la cancha del 🏟️ estadio Banco Pichincha, en casa, siendo protagonistas de la celebración.
Porque ser torero, es ser parte de una pasión que no se apaga. 🔥",16,14,81,3,47.0K
2025-07-12 11:17:12,BancoPichincha,May 7,"Gracias a Sumar Juntos, un proyecto de Banco Pichincha, cada vez más comunidades se benefician de la instalación de sistemas de agua potable. Esto contribuye a una mejor nutrición de los niños y a una mayor asistencia a escuelas en las zonas rurales del país.",0,19,150,6,443.0K
2025-07-12 11:17:12,BancoPichincha,May 1,"100 años de historia. 
100 años de esfuerzo. 
100 hitos inolvidables. 
@BarcelonaSC hoy celebramos el legado que has construido y que perdurará en la memoria de los hinchas toreros. 💛
¡Felicitaciones, ídolo! 
#CentenarioBSC",0,112,486,10,85.0K
2025-07-12 11:17:12,BancoPichincha,Apr 30,"En 39 segundos, te contamos lo #NuevoEnBancoPichincha para cerrar abril con buenas noticias. 💛

💧Más comunidades con acceso a agua potable, gracias a Sumar Juntos.
📚Oportunidad laboral para los jóvenes de la Amazonía.
📲Descarga tus movimientos en Banca Móvil.",0,4,32,2,78.0K
2025-07-12 11:17:12,BancoPichincha,Apr 25,"Cada triunfo de Anahí Suárez nos recuerda que…
🎯 La perseverancia construye campeones.
🥈 La pasión lleva al podio.
🇪🇨 El orgullo de un país se corre con el corazón.
¡Felicidades por tu medalla de plata en el Campeonato Sudamericano de Atletismo!

#ElEsfuerzoTeDefine",0,32,237,9,149.0K
2025-07-12 12:37:57,BancoPichincha,15 h,"El amarillo no es solo un color. Es orgullo. Es pasión. 💛🔥🇪🇨
¡Vamos a darlo todo en la cancha! ⚽️
#ConfianzaEsCreer en el poder del deporte femenino que inspira y empodera. 💪",0,2,7,0,861
2025-07-12 12:37:57,BancoPichincha,Jun 30,"¿Tienes 40 segundos? Entérate de #LoNuevoEnBancoPichincha 💛
📲Pagar o cobrar con tu QR es ahora más fácil.
🎓Conoce la mejor iniciativa para empezar tu carrera laboral.
🏫 Voluntariado para apoyar a comunidad de Cayambe.",0,3,9,3,12.0K
2025-07-12 12:37:57,BancoPichincha,Jun 19,"🇪🇨 En Ecuador, 6 de cada 10 familias de zonas rurales aún no tienen acceso a agua potable. Conseguirla implica recorrer largas distancias o pagar altos costos.💧
Por eso, Banco Pichincha impulsa Sumar Juntos, iniciativa que ya ha cambiado la vida a más de 26 mil personas. 💛",0,26,124,9,157.0K
2025-07-12 12:37:57,BancoPichincha,Jun 16,"Hoy celebramos el esfuerzo de quienes, a pesar de la distancia, siempre están presentes. ✨
Porque detrás de cada envío que realizan, hay más que dinero… hay medicinas, educación, sueños y, sobre todo, ese amor de familia que nunca se pierde. 💛
#DíaInternacionalDeLasRemesas",0,3,27,3,57.0K
2025-07-12 12:37:57,BancoPichincha,Jun 12,"¡Celebramos 10 años formando a los líderes del mañana! 🚀
El mejor semillero de talento del país cumple una década.
444 estudiantes han vivido la experiencia de ser trainees durante 6 semanas en Futuros Líderes, una oportunidad que ha marcado su vida profesional. 💛",0,4,117,14,531.0K
2025-07-12 12:37:57,BancoPichincha,Jun 3,"Hay jugadores en la cancha… y tú. El número 12. ⚽
El que vibra y sufre cada partido.
El que nunca abandona, ni en la gloria ni en la derrota.
Has heredado esta pasión y la llevas como bandera.
Porque darlo todo por tu equipo, te define. 💛
@BarcelonaSC
@LDU_Oficial
@UCatolicaEC",0,28,324,12,791.0K
2025-07-12 12:37:57,BancoPichincha,Jun 2,"Confianza es creer que subir otra vez al podio del #GiroDItalia es posible. 🥉 
Gracias @RichardCarapazM por hacernos vivir momentos como estos. 💛 #ElEsfuerzoTeDefine",1,54,770,8,201.0K
2025-07-12 12:37:57,BancoPichincha,Jun 1,"Una vez más @RichardCarapazM dejó su huella en la historia del ciclismo. 🥉
¡Que orgullo verte en el podio del #GiroDItalia, el quinto en una gran vuelta! 🚴‍♂️
No es casualidad. Es levantarse cuando todos piensan que ya lo diste todo. 
Sí, Locomotora 🚂, #ElEsfuerzoTeDefine",1,55,634,1,77.0K
2025-07-12 12:37:57,BancoPichincha,May 30,"En menos de 1 minuto puedes enterarte de #LoNuevoEnBancoPichincha 💛
💰 Ahorrar a tu ritmo es más fácil gracias a Banca Móvil.
👩🏻‍💼 Seguimos apostando por el emprendimiento femenino. 
🏧 Inauguramos un nuevo cajero en Galápagos.",0,2,23,4,81.0K
2025-07-12 12:37:57,BancoPichincha,May 21,"¡Qué grande eres @RichardCarapazM! 🚂
Lo dejaste todo en la montaña y cruzaste la meta en solitario en la etapa 11 del #GiroDItalia. 🚵
No solo ganaste, volviste a demostrar que nunca hay que dejar de luchar. 💪🏻
El aliento del Ecuador entero te acompaña.🇪🇨
#ElEsfuerzoTeDefine",1,58,473,5,71.0K
2025-07-12 12:37:57,BancoPichincha,May 15,"¡Felicidades @UCatolicaEC! 🩵
Hoy nos unimos a la celebración de los hinchas del #TrencitoAzul que generación tras generación han alentado a la #Chatoleí en estos 62 años. 🎉",0,12,88,2,72.0K
2025-07-12 12:37:57,BancoPichincha,May 14,"¡Tú eres el jugador 12! ⚽
El que lo da todo por los colores de su equipo en casa, en el estadio y por todo el país. 
Y esta es una herencia que has convertido en legado, porque el esfuerzo de darlo todo por tu equipo, te define. 💛
@BarcelonaSC
@LDU_Oficial
@UCatolicaEC",0,21,217,13,689.0K
2025-07-12 12:37:57,BancoPichincha,May 9,"¡Anahí Ortiz es una de las mejores ajedrecistas del continente! 👏
♟️ Detrás de cada una de sus partidas hay años de sacrificio y perseverancia. Hoy celebramos su segundo lugar en el Campeonato Continental Femenino de Ajedrez de las Américas.🥈🇪🇨
#ElEsfuerzoTeDefine",0,10,52,0,21.0K
2025-07-12 12:37:57,BancoPichincha,May 9,"Todo empezó con un dibujo, un desayuno, un regalo hecho con amor. 🥰
Lo que parecía un juego, hoy es un sueño cumplido. ✨
Porque confianza es creer, incluso cuando nadie más lo hace… y tú, mamá, confiaste siempre. 💛
¡Feliz día! 👩🏻‍🍼
#diadelamadre",0,2,25,2,36.0K
2025-07-12 12:37:57,BancoPichincha,May 8,"Porque #ElEsfuerzoTeDefine, queremos verte de nuevo en lo más alto, @RichardCarapazM 🚂
Pedaleamos contigo en el #GirodItalia 💛",1,10,77,0,27.0K
2025-07-12 12:37:57,BancoPichincha,May 8,"100 años de esfuerzo. 💛
100 hinchas que festejaron el centenario de @BarcelonaSC como se merece: en la cancha del 🏟️ estadio Banco Pichincha, en casa, siendo protagonistas de la celebración.
Porque ser torero, es ser parte de una pasión que no se apaga. 🔥",16,14,81,3,47.0K
2025-07-12 12:37:57,BancoPichincha,May 7,"Gracias a Sumar Juntos, un proyecto de Banco Pichincha, cada vez más comunidades se benefician de la instalación de sistemas de agua potable. Esto contribuye a una mejor nutrición de los niños y a una mayor asistencia a escuelas en las zonas rurales del país.",0,19,150,6,443.0K
2025-07-12 12:37:57,BancoPichincha,May 1,"100 años de historia. 
100 años de esfuerzo. 
100 hitos inolvidables. 
@BarcelonaSC hoy celebramos el legado que has construido y que perdurará en la memoria de los hinchas toreros. 💛
¡Felicitaciones, ídolo! 
#CentenarioBSC",0,112,486,10,85.0K
2025-07-12 12:37:57,BancoPichincha,Apr 30,"En 39 segundos, te contamos lo #NuevoEnBancoPichincha para cerrar abril con buenas noticias. 💛

💧Más comunidades con acceso a agua potable, gracias a Sumar Juntos.
📚Oportunidad laboral para los jóvenes de la Amazonía.
📲Descarga tus movimientos en Banca Móvil.",0,4,32,2,78.0K
2025-07-12 12:37:57,BancoPichincha,Apr 25,"Cada triunfo de Anahí Suárez nos recuerda que…
🎯 La perseverancia construye campeones.
🥈 La pasión lleva al podio.
🇪🇨 El orgullo de un país se corre con el corazón.
¡Felicidades por tu medalla de plata en el Campeonato Sudamericano de Atletismo!

#ElEsfuerzoTeDefine",0,32,237,9,149.0K
2025-07-12 13:28:47,BancoPichincha,16 h,"El amarillo no es solo un color. Es orgullo. Es pasión. 💛🔥🇪🇨
¡Vamos a darlo todo en la cancha! ⚽️
#ConfianzaEsCreer en el poder del deporte femenino que inspira y empodera. 💪",0,2,7,0,878
2025-07-12 13:28:47,BancoPichincha,Jun 30,"¿Tienes 40 segundos? Entérate de #LoNuevoEnBancoPichincha 💛
📲Pagar o cobrar con tu QR es ahora más fácil.
🎓Conoce la mejor iniciativa para empezar tu carrera laboral.
🏫 Voluntariado para apoyar a comunidad de Cayambe.",0,3,9,3,12.0K
2025-07-12 13:28:47,BancoPichincha,Jun 19,"🇪🇨 En Ecuador, 6 de cada 10 familias de zonas rurales aún no tienen acceso a agua potable. Conseguirla implica recorrer largas distancias o pagar altos costos.💧
Por eso, Banco Pichincha impulsa Sumar Juntos, iniciativa que ya ha cambiado la vida a más de 26 mil personas. 💛",0,26,124,9,157.0K
2025-07-12 13:28:47,BancoPichincha,Jun 16,"Hoy celebramos el esfuerzo de quienes, a pesar de la distancia, siempre están presentes. ✨
Porque detrás de cada envío que realizan, hay más que dinero… hay medicinas, educación, sueños y, sobre todo, ese amor de familia que nunca se pierde. 💛
#DíaInternacionalDeLasRemesas",0,3,27,3,57.0K
2025-07-12 13:28:47,BancoPichincha,Jun 12,"¡Celebramos 10 años formando a los líderes del mañana! 🚀
El mejor semillero de talento del país cumple una década.
444 estudiantes han vivido la experiencia de ser trainees durante 6 semanas en Futuros Líderes, una oportunidad que ha marcado su vida profesional. 💛",0,4,117,14,531.0K
2025-07-12 13:28:47,BancoPichincha,Jun 3,"Hay jugadores en la cancha… y tú. El número 12. ⚽
El que vibra y sufre cada partido.
El que nunca abandona, ni en la gloria ni en la derrota.
Has heredado esta pasión y la llevas como bandera.
Porque darlo todo por tu equipo, te define. 💛
@BarcelonaSC
@LDU_Oficial
@UCatolicaEC",0,28,324,12,791.0K
2025-07-12 13:28:47,BancoPichincha,Jun 2,"Confianza es creer que subir otra vez al podio del #GiroDItalia es posible. 🥉 
Gracias @RichardCarapazM por hacernos vivir momentos como estos. 💛 #ElEsfuerzoTeDefine",1,54,770,8,201.0K
2025-07-12 13:28:47,BancoPichincha,Jun 1,"Una vez más @RichardCarapazM dejó su huella en la historia del ciclismo. 🥉
¡Que orgullo verte en el podio del #GiroDItalia, el quinto en una gran vuelta! 🚴‍♂️
No es casualidad. Es levantarse cuando todos piensan que ya lo diste todo. 
Sí, Locomotora 🚂, #ElEsfuerzoTeDefine",1,55,634,1,77.0K
2025-07-12 13:28:47,BancoPichincha,May 30,"En menos de 1 minuto puedes enterarte de #LoNuevoEnBancoPichincha 💛
💰 Ahorrar a tu ritmo es más fácil gracias a Banca Móvil.
👩🏻‍💼 Seguimos apostando por el emprendimiento femenino. 
🏧 Inauguramos un nuevo cajero en Galápagos.",0,2,23,4,81.0K
2025-07-12 13:28:47,BancoPichincha,May 21,"¡Qué grande eres @RichardCarapazM! 🚂
Lo dejaste todo en la montaña y cruzaste la meta en solitario en la etapa 11 del #GiroDItalia. 🚵
No solo ganaste, volviste a demostrar que nunca hay que dejar de luchar. 💪🏻
El aliento del Ecuador entero te acompaña.🇪🇨
#ElEsfuerzoTeDefine",1,58,473,5,71.0K
2025-07-12 13:28:47,BancoPichincha,May 15,"¡Felicidades @UCatolicaEC! 🩵
Hoy nos unimos a la celebración de los hinchas del #TrencitoAzul que generación tras generación han alentado a la #Chatoleí en estos 62 años. 🎉",0,12,88,2,72.0K
2025-07-12 13:28:47,BancoPichincha,May 14,"¡Tú eres el jugador 12! ⚽
El que lo da todo por los colores de su equipo en casa, en el estadio y por todo el país. 
Y esta es una herencia que has convertido en legado, porque el esfuerzo de darlo todo por tu equipo, te define. 💛
@BarcelonaSC
@LDU_Oficial
@UCatolicaEC",0,21,217,13,689.0K
2025-07-12 13:28:47,BancoPichincha,May 9,"¡Anahí Ortiz es una de las mejores ajedrecistas del continente! 👏
♟️ Detrás de cada una de sus partidas hay años de sacrificio y perseverancia. Hoy celebramos su segundo lugar en el Campeonato Continental Femenino de Ajedrez de las Américas.🥈🇪🇨
#ElEsfuerzoTeDefine",0,10,52,0,21.0K
2025-07-12 13:28:47,BancoPichincha,May 9,"Todo empezó con un dibujo, un desayuno, un regalo hecho con amor. 🥰
Lo que parecía un juego, hoy es un sueño cumplido. ✨
Porque confianza es creer, incluso cuando nadie más lo hace… y tú, mamá, confiaste siempre. 💛
¡Feliz día! 👩🏻‍🍼
#diadelamadre",0,2,25,2,36.0K
2025-07-12 13:28:47,BancoPichincha,May 8,"Porque #ElEsfuerzoTeDefine, queremos verte de nuevo en lo más alto, @RichardCarapazM 🚂
Pedaleamos contigo en el #GirodItalia 💛",1,10,77,0,27.0K
2025-07-12 13:28:47,BancoPichincha,May 8,"100 años de esfuerzo. 💛
100 hinchas que festejaron el centenario de @BarcelonaSC como se merece: en la cancha del 🏟️ estadio Banco Pichincha, en casa, siendo protagonistas de la celebración.
Porque ser torero, es ser parte de una pasión que no se apaga. 🔥",16,14,81,3,47.0K
2025-07-12 13:28:47,BancoPichincha,May 7,"Gracias a Sumar Juntos, un proyecto de Banco Pichincha, cada vez más comunidades se benefician de la instalación de sistemas de agua potable. Esto contribuye a una mejor nutrición de los niños y a una mayor asistencia a escuelas en las zonas rurales del país.",0,19,150,6,443.0K
2025-07-12 13:28:47,BancoPichincha,May 1,"100 años de historia. 
100 años de esfuerzo. 
100 hitos inolvidables. 
@BarcelonaSC hoy celebramos el legado que has construido y que perdurará en la memoria de los hinchas toreros. 💛
¡Felicitaciones, ídolo! 
#CentenarioBSC",0,112,486,10,85.0K
2025-07-12 13:28:47,BancoPichincha,Apr 30,"En 39 segundos, te contamos lo #NuevoEnBancoPichincha para cerrar abril con buenas noticias. 💛

💧Más comunidades con acceso a agua potable, gracias a Sumar Juntos.
📚Oportunidad laboral para los jóvenes de la Amazonía.
📲Descarga tus movimientos en Banca Móvil.",0,4,32,2,78.0K
2025-07-12 13:28:47,BancoPichincha,Apr 25,"Cada triunfo de Anahí Suárez nos recuerda que…
🎯 La perseverancia construye campeones.
🥈 La pasión lleva al podio.
🇪🇨 El orgullo de un país se corre con el corazón.
¡Felicidades por tu medalla de plata en el Campeonato Sudamericano de Atletismo!

#ElEsfuerzoTeDefine",0,32,237,9,149.0K
2025-07-12 14:17:55,BancoPichincha,17 h,"El amarillo no es solo un color. Es orgullo. Es pasión. 💛🔥🇪🇨
¡Vamos a darlo todo en la cancha! ⚽️
#ConfianzaEsCreer en el poder del deporte femenino que inspira y empodera. 💪",0,2,7,0,897
2025-07-12 14:17:55,BancoPichincha,Jun 30,"¿Tienes 40 segundos? Entérate de #LoNuevoEnBancoPichincha 💛
📲Pagar o cobrar con tu QR es ahora más fácil.
🎓Conoce la mejor iniciativa para empezar tu carrera laboral.
🏫 Voluntariado para apoyar a comunidad de Cayambe.",0,3,9,3,12.0K
2025-07-12 14:17:55,BancoPichincha,Jun 19,"🇪🇨 En Ecuador, 6 de cada 10 familias de zonas rurales aún no tienen acceso a agua potable. Conseguirla implica recorrer largas distancias o pagar altos costos.💧
Por eso, Banco Pichincha impulsa Sumar Juntos, iniciativa que ya ha cambiado la vida a más de 26 mil personas. 💛",0,26,124,9,157.0K
2025-07-12 14:17:55,BancoPichincha,Jun 16,"Hoy celebramos el esfuerzo de quienes, a pesar de la distancia, siempre están presentes. ✨
Porque detrás de cada envío que realizan, hay más que dinero… hay medicinas, educación, sueños y, sobre todo, ese amor de familia que nunca se pierde. 💛
#DíaInternacionalDeLasRemesas",0,3,27,3,57.0K
2025-07-12 14:17:55,BancoPichincha,Jun 12,"¡Celebramos 10 años formando a los líderes del mañana! 🚀
El mejor semillero de talento del país cumple una década.
444 estudiantes han vivido la experiencia de ser trainees durante 6 semanas en Futuros Líderes, una oportunidad que ha marcado su vida profesional. 💛",0,4,117,14,531.0K
2025-07-12 14:17:55,BancoPichincha,Jun 3,"Hay jugadores en la cancha… y tú. El número 12. ⚽
El que vibra y sufre cada partido.
El que nunca abandona, ni en la gloria ni en la derrota.
Has heredado esta pasión y la llevas como bandera.
Porque darlo todo por tu equipo, te define. 💛
@BarcelonaSC
@LDU_Oficial
@UCatolicaEC",0,28,324,12,791.0K
2025-07-12 14:17:55,BancoPichincha,Jun 2,"Confianza es creer que subir otra vez al podio del #GiroDItalia es posible. 🥉 
Gracias @RichardCarapazM por hacernos vivir momentos como estos. 💛 #ElEsfuerzoTeDefine",1,54,770,8,201.0K
2025-07-12 14:17:55,BancoPichincha,Jun 1,"Una vez más @RichardCarapazM dejó su huella en la historia del ciclismo. 🥉
¡Que orgullo verte en el podio del #GiroDItalia, el quinto en una gran vuelta! 🚴‍♂️
No es casualidad. Es levantarse cuando todos piensan que ya lo diste todo. 
Sí, Locomotora 🚂, #ElEsfuerzoTeDefine",1,55,634,1,77.0K
2025-07-12 14:17:55,BancoPichincha,May 30,"En menos de 1 minuto puedes enterarte de #LoNuevoEnBancoPichincha 💛
💰 Ahorrar a tu ritmo es más fácil gracias a Banca Móvil.
👩🏻‍💼 Seguimos apostando por el emprendimiento femenino. 
🏧 Inauguramos un nuevo cajero en Galápagos.",0,2,23,4,81.0K
2025-07-12 14:17:55,BancoPichincha,May 21,"¡Qué grande eres @RichardCarapazM! 🚂
Lo dejaste todo en la montaña y cruzaste la meta en solitario en la etapa 11 del #GiroDItalia. 🚵
No solo ganaste, volviste a demostrar que nunca hay que dejar de luchar. 💪🏻
El aliento del Ecuador entero te acompaña.🇪🇨
#ElEsfuerzoTeDefine",1,58,473,5,71.0K
2025-07-12 14:17:55,BancoPichincha,May 15,"¡Felicidades @UCatolicaEC! 🩵
Hoy nos unimos a la celebración de los hinchas del #TrencitoAzul que generación tras generación han alentado a la #Chatoleí en estos 62 años. 🎉",0,12,88,2,72.0K
2025-07-12 14:17:55,BancoPichincha,May 14,"¡Tú eres el jugador 12! ⚽
El que lo da todo por los colores de su equipo en casa, en el estadio y por todo el país. 
Y esta es una herencia que has convertido en legado, porque el esfuerzo de darlo todo por tu equipo, te define. 💛
@BarcelonaSC
@LDU_Oficial
@UCatolicaEC",0,21,217,13,689.0K
2025-07-12 14:17:55,BancoPichincha,May 9,"¡Anahí Ortiz es una de las mejores ajedrecistas del continente! 👏
♟️ Detrás de cada una de sus partidas hay años de sacrificio y perseverancia. Hoy celebramos su segundo lugar en el Campeonato Continental Femenino de Ajedrez de las Américas.🥈🇪🇨
#ElEsfuerzoTeDefine",0,10,52,0,21.0K
2025-07-12 14:17:55,BancoPichincha,May 9,"Todo empezó con un dibujo, un desayuno, un regalo hecho con amor. 🥰
Lo que parecía un juego, hoy es un sueño cumplido. ✨
Porque confianza es creer, incluso cuando nadie más lo hace… y tú, mamá, confiaste siempre. 💛
¡Feliz día! 👩🏻‍🍼
#diadelamadre",0,2,25,2,36.0K
2025-07-12 14:17:55,BancoPichincha,May 8,"Porque #ElEsfuerzoTeDefine, queremos verte de nuevo en lo más alto, @RichardCarapazM 🚂
Pedaleamos contigo en el #GirodItalia 💛",1,10,77,0,27.0K
2025-07-12 14:17:55,BancoPichincha,May 8,"100 años de esfuerzo. 💛
100 hinchas que festejaron el centenario de @BarcelonaSC como se merece: en la cancha del 🏟️ estadio Banco Pichincha, en casa, siendo protagonistas de la celebración.
Porque ser torero, es ser parte de una pasión que no se apaga. 🔥",16,14,81,3,47.0K
2025-07-12 14:17:55,BancoPichincha,May 7,"Gracias a Sumar Juntos, un proyecto de Banco Pichincha, cada vez más comunidades se benefician de la instalación de sistemas de agua potable. Esto contribuye a una mejor nutrición de los niños y a una mayor asistencia a escuelas en las zonas rurales del país.",0,19,150,6,443.0K
2025-07-12 14:17:55,BancoPichincha,May 1,"100 años de historia. 
100 años de esfuerzo. 
100 hitos inolvidables. 
@BarcelonaSC hoy celebramos el legado que has construido y que perdurará en la memoria de los hinchas toreros. 💛
¡Felicitaciones, ídolo! 
#CentenarioBSC",0,112,486,10,85.0K
2025-07-12 14:17:55,BancoPichincha,Apr 30,"En 39 segundos, te contamos lo #NuevoEnBancoPichincha para cerrar abril con buenas noticias. 💛

💧Más comunidades con acceso a agua potable, gracias a Sumar Juntos.
📚Oportunidad laboral para los jóvenes de la Amazonía.
📲Descarga tus movimientos en Banca Móvil.",0,4,32,2,78.0K
2025-07-12 14:17:55,BancoPichincha,Apr 25,"Cada triunfo de Anahí Suárez nos recuerda que…
🎯 La perseverancia construye campeones.
🥈 La pasión lleva al podio.
🇪🇨 El orgullo de un país se corre con el corazón.
¡Felicidades por tu medalla de plata en el Campeonato Sudamericano de Atletismo!

#ElEsfuerzoTeDefine",0,32,237,9,149.0K
2025-07-12 15:19:43,BancoPichincha,18 h,"El amarillo no es solo un color. Es orgullo. Es pasión. 💛🔥🇪🇨
¡Vamos a darlo todo en la cancha! ⚽️
#ConfianzaEsCreer en el poder del deporte femenino que inspira y empodera. 💪",0,2,7,0,915
2025-07-12 15:19:43,BancoPichincha,Jun 30,"¿Tienes 40 segundos? Entérate de #LoNuevoEnBancoPichincha 💛
📲Pagar o cobrar con tu QR es ahora más fácil.
🎓Conoce la mejor iniciativa para empezar tu carrera laboral.
🏫 Voluntariado para apoyar a comunidad de Cayambe.",0,3,9,3,12.0K
2025-07-12 15:19:43,BancoPichincha,Jun 19,"🇪🇨 En Ecuador, 6 de cada 10 familias de zonas rurales aún no tienen acceso a agua potable. Conseguirla implica recorrer largas distancias o pagar altos costos.💧
Por eso, Banco Pichincha impulsa Sumar Juntos, iniciativa que ya ha cambiado la vida a más de 26 mil personas. 💛",0,26,124,9,157.0K
2025-07-12 15:19:43,BancoPichincha,Jun 16,"Hoy celebramos el esfuerzo de quienes, a pesar de la distancia, siempre están presentes. ✨
Porque detrás de cada envío que realizan, hay más que dinero… hay medicinas, educación, sueños y, sobre todo, ese amor de familia que nunca se pierde. 💛
#DíaInternacionalDeLasRemesas",0,3,27,3,57.0K
2025-07-12 15:19:43,BancoPichincha,Jun 12,"¡Celebramos 10 años formando a los líderes del mañana! 🚀
El mejor semillero de talento del país cumple una década.
444 estudiantes han vivido la experiencia de ser trainees durante 6 semanas en Futuros Líderes, una oportunidad que ha marcado su vida profesional. 💛",0,4,117,14,531.0K
2025-07-12 15:19:43,BancoPichincha,Jun 3,"Hay jugadores en la cancha… y tú. El número 12. ⚽
El que vibra y sufre cada partido.
El que nunca abandona, ni en la gloria ni en la derrota.
Has heredado esta pasión y la llevas como bandera.
Porque darlo todo por tu equipo, te define. 💛
@BarcelonaSC
@LDU_Oficial
@UCatolicaEC",0,28,324,12,791.0K
2025-07-12 15:19:43,BancoPichincha,Jun 2,"Confianza es creer que subir otra vez al podio del #GiroDItalia es posible. 🥉 
Gracias @RichardCarapazM por hacernos vivir momentos como estos. 💛 #ElEsfuerzoTeDefine",1,54,770,8,201.0K
2025-07-12 15:19:43,BancoPichincha,Jun 1,"Una vez más @RichardCarapazM dejó su huella en la historia del ciclismo. 🥉
¡Que orgullo verte en el podio del #GiroDItalia, el quinto en una gran vuelta! 🚴‍♂️
No es casualidad. Es levantarse cuando todos piensan que ya lo diste todo. 
Sí, Locomotora 🚂, #ElEsfuerzoTeDefine",1,55,634,1,77.0K
2025-07-12 15:19:43,BancoPichincha,May 30,"En menos de 1 minuto puedes enterarte de #LoNuevoEnBancoPichincha 💛
💰 Ahorrar a tu ritmo es más fácil gracias a Banca Móvil.
👩🏻‍💼 Seguimos apostando por el emprendimiento femenino. 
🏧 Inauguramos un nuevo cajero en Galápagos.",0,2,23,4,81.0K
2025-07-12 15:19:43,BancoPichincha,May 21,"¡Qué grande eres @RichardCarapazM! 🚂
Lo dejaste todo en la montaña y cruzaste la meta en solitario en la etapa 11 del #GiroDItalia. 🚵
No solo ganaste, volviste a demostrar que nunca hay que dejar de luchar. 💪🏻
El aliento del Ecuador entero te acompaña.🇪🇨
#ElEsfuerzoTeDefine",1,58,473,5,71.0K
2025-07-12 15:19:43,BancoPichincha,May 15,"¡Felicidades @UCatolicaEC! 🩵
Hoy nos unimos a la celebración de los hinchas del #TrencitoAzul que generación tras generación han alentado a la #Chatoleí en estos 62 años. 🎉",0,12,88,2,72.0K
2025-07-12 15:19:43,BancoPichincha,May 14,"¡Tú eres el jugador 12! ⚽
El que lo da todo por los colores de su equipo en casa, en el estadio y por todo el país. 
Y esta es una herencia que has convertido en legado, porque el esfuerzo de darlo todo por tu equipo, te define. 💛
@BarcelonaSC
@LDU_Oficial
@UCatolicaEC",0,21,217,13,689.0K
2025-07-12 15:19:43,BancoPichincha,May 9,"¡Anahí Ortiz es una de las mejores ajedrecistas del continente! 👏
♟️ Detrás de cada una de sus partidas hay años de sacrificio y perseverancia. Hoy celebramos su segundo lugar en el Campeonato Continental Femenino de Ajedrez de las Américas.🥈🇪🇨
#ElEsfuerzoTeDefine",0,10,52,0,21.0K
2025-07-12 15:19:43,BancoPichincha,May 9,"Todo empezó con un dibujo, un desayuno, un regalo hecho con amor. 🥰
Lo que parecía un juego, hoy es un sueño cumplido. ✨
Porque confianza es creer, incluso cuando nadie más lo hace… y tú, mamá, confiaste siempre. 💛
¡Feliz día! 👩🏻‍🍼
#diadelamadre",0,2,25,2,36.0K
2025-07-12 15:19:43,BancoPichincha,May 8,"Porque #ElEsfuerzoTeDefine, queremos verte de nuevo en lo más alto, @RichardCarapazM 🚂
Pedaleamos contigo en el #GirodItalia 💛",1,10,77,0,27.0K
2025-07-12 15:19:43,BancoPichincha,May 8,"100 años de esfuerzo. 💛
100 hinchas que festejaron el centenario de @BarcelonaSC como se merece: en la cancha del 🏟️ estadio Banco Pichincha, en casa, siendo protagonistas de la celebración.
Porque ser torero, es ser parte de una pasión que no se apaga. 🔥",16,14,81,3,47.0K
2025-07-12 15:19:43,BancoPichincha,May 7,"Gracias a Sumar Juntos, un proyecto de Banco Pichincha, cada vez más comunidades se benefician de la instalación de sistemas de agua potable. Esto contribuye a una mejor nutrición de los niños y a una mayor asistencia a escuelas en las zonas rurales del país.",0,19,150,6,443.0K
2025-07-12 15:19:43,BancoPichincha,May 1,"100 años de historia. 
100 años de esfuerzo. 
100 hitos inolvidables. 
@BarcelonaSC hoy celebramos el legado que has construido y que perdurará en la memoria de los hinchas toreros. 💛
¡Felicitaciones, ídolo! 
#CentenarioBSC",0,112,486,10,85.0K
2025-07-12 15:19:43,BancoPichincha,Apr 30,"En 39 segundos, te contamos lo #NuevoEnBancoPichincha para cerrar abril con buenas noticias. 💛

💧Más comunidades con acceso a agua potable, gracias a Sumar Juntos.
📚Oportunidad laboral para los jóvenes de la Amazonía.
📲Descarga tus movimientos en Banca Móvil.",0,4,32,2,78.0K
2025-07-12 15:19:43,BancoPichincha,Apr 25,"Cada triunfo de Anahí Suárez nos recuerda que…
🎯 La perseverancia construye campeones.
🥈 La pasión lleva al podio.
🇪🇨 El orgullo de un país se corre con el corazón.
¡Felicidades por tu medalla de plata en el Campeonato Sudamericano de Atletismo!

#ElEsfuerzoTeDefine",0,32,237,9,149.0K
2025-07-12 16:23:23,BancoPichincha,19 h,"El amarillo no es solo un color. Es orgullo. Es pasión. 💛🔥🇪🇨
¡Vamos a darlo todo en la cancha! ⚽️
#ConfianzaEsCreer en el poder del deporte femenino que inspira y empodera. 💪",0,2,7,0,928
2025-07-12 16:23:23,BancoPichincha,Jun 30,"¿Tienes 40 segundos? Entérate de #LoNuevoEnBancoPichincha 💛
📲Pagar o cobrar con tu QR es ahora más fácil.
🎓Conoce la mejor iniciativa para empezar tu carrera laboral.
🏫 Voluntariado para apoyar a comunidad de Cayambe.",0,3,9,3,12.0K
2025-07-12 16:23:23,BancoPichincha,Jun 19,"🇪🇨 En Ecuador, 6 de cada 10 familias de zonas rurales aún no tienen acceso a agua potable. Conseguirla implica recorrer largas distancias o pagar altos costos.💧
Por eso, Banco Pichincha impulsa Sumar Juntos, iniciativa que ya ha cambiado la vida a más de 26 mil personas. 💛",0,26,124,9,157.0K
2025-07-12 16:23:23,BancoPichincha,Jun 16,"Hoy celebramos el esfuerzo de quienes, a pesar de la distancia, siempre están presentes. ✨
Porque detrás de cada envío que realizan, hay más que dinero… hay medicinas, educación, sueños y, sobre todo, ese amor de familia que nunca se pierde. 💛
#DíaInternacionalDeLasRemesas",0,3,27,3,57.0K
2025-07-12 16:23:23,BancoPichincha,Jun 12,"¡Celebramos 10 años formando a los líderes del mañana! 🚀
El mejor semillero de talento del país cumple una década.
444 estudiantes han vivido la experiencia de ser trainees durante 6 semanas en Futuros Líderes, una oportunidad que ha marcado su vida profesional. 💛",0,4,117,14,531.0K
2025-07-12 16:23:23,BancoPichincha,Jun 3,"Hay jugadores en la cancha… y tú. El número 12. ⚽
El que vibra y sufre cada partido.
El que nunca abandona, ni en la gloria ni en la derrota.
Has heredado esta pasión y la llevas como bandera.
Porque darlo todo por tu equipo, te define. 💛
@BarcelonaSC
@LDU_Oficial
@UCatolicaEC",0,28,324,12,791.0K
2025-07-12 16:23:23,BancoPichincha,Jun 2,"Confianza es creer que subir otra vez al podio del #GiroDItalia es posible. 🥉 
Gracias @RichardCarapazM por hacernos vivir momentos como estos. 💛 #ElEsfuerzoTeDefine",1,54,770,8,201.0K
2025-07-12 16:23:23,BancoPichincha,Jun 1,"Una vez más @RichardCarapazM dejó su huella en la historia del ciclismo. 🥉
¡Que orgullo verte en el podio del #GiroDItalia, el quinto en una gran vuelta! 🚴‍♂️
No es casualidad. Es levantarse cuando todos piensan que ya lo diste todo. 
Sí, Locomotora 🚂, #ElEsfuerzoTeDefine",1,55,634,1,77.0K
2025-07-12 16:23:23,BancoPichincha,May 30,"En menos de 1 minuto puedes enterarte de #LoNuevoEnBancoPichincha 💛
💰 Ahorrar a tu ritmo es más fácil gracias a Banca Móvil.
👩🏻‍💼 Seguimos apostando por el emprendimiento femenino. 
🏧 Inauguramos un nuevo cajero en Galápagos.",0,2,23,4,81.0K
2025-07-12 16:23:23,BancoPichincha,May 21,"¡Qué grande eres @RichardCarapazM! 🚂
Lo dejaste todo en la montaña y cruzaste la meta en solitario en la etapa 11 del #GiroDItalia. 🚵
No solo ganaste, volviste a demostrar que nunca hay que dejar de luchar. 💪🏻
El aliento del Ecuador entero te acompaña.🇪🇨
#ElEsfuerzoTeDefine",1,58,473,5,71.0K
2025-07-12 16:23:23,BancoPichincha,May 15,"¡Felicidades @UCatolicaEC! 🩵
Hoy nos unimos a la celebración de los hinchas del #TrencitoAzul que generación tras generación han alentado a la #Chatoleí en estos 62 años. 🎉",0,12,88,2,72.0K
2025-07-12 16:23:23,BancoPichincha,May 14,"¡Tú eres el jugador 12! ⚽
El que lo da todo por los colores de su equipo en casa, en el estadio y por todo el país. 
Y esta es una herencia que has convertido en legado, porque el esfuerzo de darlo todo por tu equipo, te define. 💛
@BarcelonaSC
@LDU_Oficial
@UCatolicaEC",0,21,217,13,689.0K
2025-07-12 16:23:23,BancoPichincha,May 9,"¡Anahí Ortiz es una de las mejores ajedrecistas del continente! 👏
♟️ Detrás de cada una de sus partidas hay años de sacrificio y perseverancia. Hoy celebramos su segundo lugar en el Campeonato Continental Femenino de Ajedrez de las Américas.🥈🇪🇨
#ElEsfuerzoTeDefine",0,10,52,0,21.0K
2025-07-12 16:23:23,BancoPichincha,May 9,"Todo empezó con un dibujo, un desayuno, un regalo hecho con amor. 🥰
Lo que parecía un juego, hoy es un sueño cumplido. ✨
Porque confianza es creer, incluso cuando nadie más lo hace… y tú, mamá, confiaste siempre. 💛
¡Feliz día! 👩🏻‍🍼
#diadelamadre",0,2,25,2,36.0K
2025-07-12 16:23:23,BancoPichincha,May 8,"Porque #ElEsfuerzoTeDefine, queremos verte de nuevo en lo más alto, @RichardCarapazM 🚂
Pedaleamos contigo en el #GirodItalia 💛",1,10,77,0,27.0K
2025-07-12 16:23:23,BancoPichincha,May 8,"100 años de esfuerzo. 💛
100 hinchas que festejaron el centenario de @BarcelonaSC como se merece: en la cancha del 🏟️ estadio Banco Pichincha, en casa, siendo protagonistas de la celebración.
Porque ser torero, es ser parte de una pasión que no se apaga. 🔥",16,14,81,3,47.0K
2025-07-12 16:23:23,BancoPichincha,May 7,"Gracias a Sumar Juntos, un proyecto de Banco Pichincha, cada vez más comunidades se benefician de la instalación de sistemas de agua potable. Esto contribuye a una mejor nutrición de los niños y a una mayor asistencia a escuelas en las zonas rurales del país.",0,19,150,6,443.0K
2025-07-12 16:23:23,BancoPichincha,May 1,"100 años de historia. 
100 años de esfuerzo. 
100 hitos inolvidables. 
@BarcelonaSC hoy celebramos el legado que has construido y que perdurará en la memoria de los hinchas toreros. 💛
¡Felicitaciones, ídolo! 
#CentenarioBSC",0,112,486,10,85.0K
2025-07-12 16:23:23,BancoPichincha,Apr 30,"En 39 segundos, te contamos lo #NuevoEnBancoPichincha para cerrar abril con buenas noticias. 💛

💧Más comunidades con acceso a agua potable, gracias a Sumar Juntos.
📚Oportunidad laboral para los jóvenes de la Amazonía.
📲Descarga tus movimientos en Banca Móvil.",0,4,32,2,78.0K
2025-07-12 16:23:23,BancoPichincha,Apr 25,"Cada triunfo de Anahí Suárez nos recuerda que…
🎯 La perseverancia construye campeones.
🥈 La pasión lleva al podio.
🇪🇨 El orgullo de un país se corre con el corazón.
¡Felicidades por tu medalla de plata en el Campeonato Sudamericano de Atletismo!

#ElEsfuerzoTeDefine",0,32,237,9,149.0K
2025-07-12 17:16:56,BancoPichincha,20 h,"El amarillo no es solo un color. Es orgullo. Es pasión. 💛🔥🇪🇨
¡Vamos a darlo todo en la cancha! ⚽️
#ConfianzaEsCreer en el poder del deporte femenino que inspira y empodera. 💪",0,2,7,0,942
2025-07-12 17:16:56,BancoPichincha,Jun 30,"¿Tienes 40 segundos? Entérate de #LoNuevoEnBancoPichincha 💛
📲Pagar o cobrar con tu QR es ahora más fácil.
🎓Conoce la mejor iniciativa para empezar tu carrera laboral.
🏫 Voluntariado para apoyar a comunidad de Cayambe.",0,3,9,3,12.0K
2025-07-12 17:16:56,BancoPichincha,Jun 19,"🇪🇨 En Ecuador, 6 de cada 10 familias de zonas rurales aún no tienen acceso a agua potable. Conseguirla implica recorrer largas distancias o pagar altos costos.💧
Por eso, Banco Pichincha impulsa Sumar Juntos, iniciativa que ya ha cambiado la vida a más de 26 mil personas. 💛",0,26,124,9,157.0K
2025-07-12 17:16:56,BancoPichincha,Jun 16,"Hoy celebramos el esfuerzo de quienes, a pesar de la distancia, siempre están presentes. ✨
Porque detrás de cada envío que realizan, hay más que dinero… hay medicinas, educación, sueños y, sobre todo, ese amor de familia que nunca se pierde. 💛
#DíaInternacionalDeLasRemesas",0,3,27,3,57.0K
2025-07-12 17:16:56,BancoPichincha,Jun 12,"¡Celebramos 10 años formando a los líderes del mañana! 🚀
El mejor semillero de talento del país cumple una década.
444 estudiantes han vivido la experiencia de ser trainees durante 6 semanas en Futuros Líderes, una oportunidad que ha marcado su vida profesional. 💛",0,4,117,14,531.0K
2025-07-12 17:16:56,BancoPichincha,Jun 3,"Hay jugadores en la cancha… y tú. El número 12. ⚽
El que vibra y sufre cada partido.
El que nunca abandona, ni en la gloria ni en la derrota.
Has heredado esta pasión y la llevas como bandera.
Porque darlo todo por tu equipo, te define. 💛
@BarcelonaSC
@LDU_Oficial
@UCatolicaEC",0,28,324,12,791.0K
2025-07-12 17:16:56,BancoPichincha,Jun 2,"Confianza es creer que subir otra vez al podio del #GiroDItalia es posible. 🥉 
Gracias @RichardCarapazM por hacernos vivir momentos como estos. 💛 #ElEsfuerzoTeDefine",1,54,770,8,201.0K
2025-07-12 17:16:56,BancoPichincha,Jun 1,"Una vez más @RichardCarapazM dejó su huella en la historia del ciclismo. 🥉
¡Que orgullo verte en el podio del #GiroDItalia, el quinto en una gran vuelta! 🚴‍♂️
No es casualidad. Es levantarse cuando todos piensan que ya lo diste todo. 
Sí, Locomotora 🚂, #ElEsfuerzoTeDefine",1,55,634,1,77.0K
2025-07-12 17:16:56,BancoPichincha,May 30,"En menos de 1 minuto puedes enterarte de #LoNuevoEnBancoPichincha 💛
💰 Ahorrar a tu ritmo es más fácil gracias a Banca Móvil.
👩🏻‍💼 Seguimos apostando por el emprendimiento femenino. 
🏧 Inauguramos un nuevo cajero en Galápagos.",0,2,23,4,81.0K
2025-07-12 17:16:56,BancoPichincha,May 21,"¡Qué grande eres @RichardCarapazM! 🚂
Lo dejaste todo en la montaña y cruzaste la meta en solitario en la etapa 11 del #GiroDItalia. 🚵
No solo ganaste, volviste a demostrar que nunca hay que dejar de luchar. 💪🏻
El aliento del Ecuador entero te acompaña.🇪🇨
#ElEsfuerzoTeDefine",1,58,473,5,71.0K
2025-07-12 17:16:56,BancoPichincha,May 15,"¡Felicidades @UCatolicaEC! 🩵
Hoy nos unimos a la celebración de los hinchas del #TrencitoAzul que generación tras generación han alentado a la #Chatoleí en estos 62 años. 🎉",0,12,88,2,72.0K
2025-07-12 17:16:56,BancoPichincha,May 14,"¡Tú eres el jugador 12! ⚽
El que lo da todo por los colores de su equipo en casa, en el estadio y por todo el país. 
Y esta es una herencia que has convertido en legado, porque el esfuerzo de darlo todo por tu equipo, te define. 💛
@BarcelonaSC
@LDU_Oficial
@UCatolicaEC",0,21,217,13,689.0K
2025-07-12 17:16:56,BancoPichincha,May 9,"¡Anahí Ortiz es una de las mejores ajedrecistas del continente! 👏
♟️ Detrás de cada una de sus partidas hay años de sacrificio y perseverancia. Hoy celebramos su segundo lugar en el Campeonato Continental Femenino de Ajedrez de las Américas.🥈🇪🇨
#ElEsfuerzoTeDefine",0,10,52,0,21.0K
2025-07-12 17:16:56,BancoPichincha,May 9,"Todo empezó con un dibujo, un desayuno, un regalo hecho con amor. 🥰
Lo que parecía un juego, hoy es un sueño cumplido. ✨
Porque confianza es creer, incluso cuando nadie más lo hace… y tú, mamá, confiaste siempre. 💛
¡Feliz día! 👩🏻‍🍼
#diadelamadre",0,2,25,2,36.0K
2025-07-12 17:16:56,BancoPichincha,May 8,"Porque #ElEsfuerzoTeDefine, queremos verte de nuevo en lo más alto, @RichardCarapazM 🚂
Pedaleamos contigo en el #GirodItalia 💛",1,10,77,0,27.0K
2025-07-12 17:16:56,BancoPichincha,May 8,"100 años de esfuerzo. 💛
100 hinchas que festejaron el centenario de @BarcelonaSC como se merece: en la cancha del 🏟️ estadio Banco Pichincha, en casa, siendo protagonistas de la celebración.
Porque ser torero, es ser parte de una pasión que no se apaga. 🔥",16,14,81,3,47.0K
2025-07-12 17:16:56,BancoPichincha,May 7,"Gracias a Sumar Juntos, un proyecto de Banco Pichincha, cada vez más comunidades se benefician de la instalación de sistemas de agua potable. Esto contribuye a una mejor nutrición de los niños y a una mayor asistencia a escuelas en las zonas rurales del país.",0,19,150,6,443.0K
2025-07-12 17:16:56,BancoPichincha,May 1,"100 años de historia. 
100 años de esfuerzo. 
100 hitos inolvidables. 
@BarcelonaSC hoy celebramos el legado que has construido y que perdurará en la memoria de los hinchas toreros. 💛
¡Felicitaciones, ídolo! 
#CentenarioBSC",0,112,486,10,85.0K
2025-07-12 17:16:56,BancoPichincha,Apr 30,"En 39 segundos, te contamos lo #NuevoEnBancoPichincha para cerrar abril con buenas noticias. 💛

💧Más comunidades con acceso a agua potable, gracias a Sumar Juntos.
📚Oportunidad laboral para los jóvenes de la Amazonía.
📲Descarga tus movimientos en Banca Móvil.",0,4,32,2,78.0K
2025-07-12 17:16:56,BancoPichincha,Apr 25,"Cada triunfo de Anahí Suárez nos recuerda que…
🎯 La perseverancia construye campeones.
🥈 La pasión lleva al podio.
🇪🇨 El orgullo de un país se corre con el corazón.
¡Felicidades por tu medalla de plata en el Campeonato Sudamericano de Atletismo!

#ElEsfuerzoTeDefine",0,32,237,9,149.0K
2025-07-12 18:27:02,BancoPichincha,21 h,"El amarillo no es solo un color. Es orgullo. Es pasión. 💛🔥🇪🇨
¡Vamos a darlo todo en la cancha! ⚽️
#ConfianzaEsCreer en el poder del deporte femenino que inspira y empodera. 💪",0,2,7,0,951
2025-07-12 18:27:02,BancoPichincha,Jun 30,"¿Tienes 40 segundos? Entérate de #LoNuevoEnBancoPichincha 💛
📲Pagar o cobrar con tu QR es ahora más fácil.
🎓Conoce la mejor iniciativa para empezar tu carrera laboral.
🏫 Voluntariado para apoyar a comunidad de Cayambe.",0,3,9,3,12.0K
2025-07-12 18:27:02,BancoPichincha,Jun 19,"🇪🇨 En Ecuador, 6 de cada 10 familias de zonas rurales aún no tienen acceso a agua potable. Conseguirla implica recorrer largas distancias o pagar altos costos.💧
Por eso, Banco Pichincha impulsa Sumar Juntos, iniciativa que ya ha cambiado la vida a más de 26 mil personas. 💛",0,26,124,9,157.0K
2025-07-12 18:27:02,BancoPichincha,Jun 16,"Hoy celebramos el esfuerzo de quienes, a pesar de la distancia, siempre están presentes. ✨
Porque detrás de cada envío que realizan, hay más que dinero… hay medicinas, educación, sueños y, sobre todo, ese amor de familia que nunca se pierde. 💛
#DíaInternacionalDeLasRemesas",0,3,27,3,57.0K
2025-07-12 18:27:02,BancoPichincha,Jun 12,"¡Celebramos 10 años formando a los líderes del mañana! 🚀
El mejor semillero de talento del país cumple una década.
444 estudiantes han vivido la experiencia de ser trainees durante 6 semanas en Futuros Líderes, una oportunidad que ha marcado su vida profesional. 💛",0,4,117,14,531.0K
2025-07-12 18:27:02,BancoPichincha,Jun 3,"Hay jugadores en la cancha… y tú. El número 12. ⚽
El que vibra y sufre cada partido.
El que nunca abandona, ni en la gloria ni en la derrota.
Has heredado esta pasión y la llevas como bandera.
Porque darlo todo por tu equipo, te define. 💛
@BarcelonaSC
@LDU_Oficial
@UCatolicaEC",0,28,324,12,791.0K
2025-07-12 18:27:02,BancoPichincha,Jun 2,"Confianza es creer que subir otra vez al podio del #GiroDItalia es posible. 🥉 
Gracias @RichardCarapazM por hacernos vivir momentos como estos. 💛 #ElEsfuerzoTeDefine",1,54,770,8,201.0K
2025-07-12 18:27:02,BancoPichincha,Jun 1,"Una vez más @RichardCarapazM dejó su huella en la historia del ciclismo. 🥉
¡Que orgullo verte en el podio del #GiroDItalia, el quinto en una gran vuelta! 🚴‍♂️
No es casualidad. Es levantarse cuando todos piensan que ya lo diste todo. 
Sí, Locomotora 🚂, #ElEsfuerzoTeDefine",1,55,634,1,77.0K
2025-07-12 18:27:02,BancoPichincha,May 30,"En menos de 1 minuto puedes enterarte de #LoNuevoEnBancoPichincha 💛
💰 Ahorrar a tu ritmo es más fácil gracias a Banca Móvil.
👩🏻‍💼 Seguimos apostando por el emprendimiento femenino. 
🏧 Inauguramos un nuevo cajero en Galápagos.",0,2,23,4,81.0K
2025-07-12 18:27:02,BancoPichincha,May 21,"¡Qué grande eres @RichardCarapazM! 🚂
Lo dejaste todo en la montaña y cruzaste la meta en solitario en la etapa 11 del #GiroDItalia. 🚵
No solo ganaste, volviste a demostrar que nunca hay que dejar de luchar. 💪🏻
El aliento del Ecuador entero te acompaña.🇪🇨
#ElEsfuerzoTeDefine",1,58,473,5,71.0K
2025-07-12 18:27:02,BancoPichincha,May 15,"¡Felicidades @UCatolicaEC! 🩵
Hoy nos unimos a la celebración de los hinchas del #TrencitoAzul que generación tras generación han alentado a la #Chatoleí en estos 62 años. 🎉",0,12,88,2,72.0K
2025-07-12 18:27:02,BancoPichincha,May 14,"¡Tú eres el jugador 12! ⚽
El que lo da todo por los colores de su equipo en casa, en el estadio y por todo el país. 
Y esta es una herencia que has convertido en legado, porque el esfuerzo de darlo todo por tu equipo, te define. 💛
@BarcelonaSC
@LDU_Oficial
@UCatolicaEC",0,21,217,13,689.0K
2025-07-12 18:27:02,BancoPichincha,May 9,"¡Anahí Ortiz es una de las mejores ajedrecistas del continente! 👏
♟️ Detrás de cada una de sus partidas hay años de sacrificio y perseverancia. Hoy celebramos su segundo lugar en el Campeonato Continental Femenino de Ajedrez de las Américas.🥈🇪🇨
#ElEsfuerzoTeDefine",0,10,52,0,21.0K
2025-07-12 18:27:02,BancoPichincha,May 9,"Todo empezó con un dibujo, un desayuno, un regalo hecho con amor. 🥰
Lo que parecía un juego, hoy es un sueño cumplido. ✨
Porque confianza es creer, incluso cuando nadie más lo hace… y tú, mamá, confiaste siempre. 💛
¡Feliz día! 👩🏻‍🍼
#diadelamadre",0,2,25,2,36.0K
2025-07-12 18:27:02,BancoPichincha,May 8,"Porque #ElEsfuerzoTeDefine, queremos verte de nuevo en lo más alto, @RichardCarapazM 🚂
Pedaleamos contigo en el #GirodItalia 💛",1,10,77,0,27.0K
2025-07-12 18:27:02,BancoPichincha,May 8,"100 años de esfuerzo. 💛
100 hinchas que festejaron el centenario de @BarcelonaSC como se merece: en la cancha del 🏟️ estadio Banco Pichincha, en casa, siendo protagonistas de la celebración.
Porque ser torero, es ser parte de una pasión que no se apaga. 🔥",16,14,81,3,47.0K
2025-07-12 18:27:02,BancoPichincha,May 7,"Gracias a Sumar Juntos, un proyecto de Banco Pichincha, cada vez más comunidades se benefician de la instalación de sistemas de agua potable. Esto contribuye a una mejor nutrición de los niños y a una mayor asistencia a escuelas en las zonas rurales del país.",0,19,150,6,443.0K
2025-07-12 18:27:02,BancoPichincha,May 1,"100 años de historia. 
100 años de esfuerzo. 
100 hitos inolvidables. 
@BarcelonaSC hoy celebramos el legado que has construido y que perdurará en la memoria de los hinchas toreros. 💛
¡Felicitaciones, ídolo! 
#CentenarioBSC",0,112,486,10,85.0K
2025-07-12 18:27:02,BancoPichincha,Apr 30,"En 39 segundos, te contamos lo #NuevoEnBancoPichincha para cerrar abril con buenas noticias. 💛

💧Más comunidades con acceso a agua potable, gracias a Sumar Juntos.
📚Oportunidad laboral para los jóvenes de la Amazonía.
📲Descarga tus movimientos en Banca Móvil.",0,4,32,2,78.0K
2025-07-12 18:27:02,BancoPichincha,Apr 25,"Cada triunfo de Anahí Suárez nos recuerda que…
🎯 La perseverancia construye campeones.
🥈 La pasión lleva al podio.
🇪🇨 El orgullo de un país se corre con el corazón.
¡Felicidades por tu medalla de plata en el Campeonato Sudamericano de Atletismo!

#ElEsfuerzoTeDefine",0,32,237,9,149.0K
2025-07-12 19:15:30,BancoPichincha,22 h,"El amarillo no es solo un color. Es orgullo. Es pasión. 💛🔥🇪🇨
¡Vamos a darlo todo en la cancha! ⚽️
#ConfianzaEsCreer en el poder del deporte femenino que inspira y empodera. 💪",0,2,7,0,962
2025-07-12 19:15:30,BancoPichincha,Jun 30,"¿Tienes 40 segundos? Entérate de #LoNuevoEnBancoPichincha 💛
📲Pagar o cobrar con tu QR es ahora más fácil.
🎓Conoce la mejor iniciativa para empezar tu carrera laboral.
🏫 Voluntariado para apoyar a comunidad de Cayambe.",0,3,9,3,12.0K
2025-07-12 19:15:30,BancoPichincha,Jun 19,"🇪🇨 En Ecuador, 6 de cada 10 familias de zonas rurales aún no tienen acceso a agua potable. Conseguirla implica recorrer largas distancias o pagar altos costos.💧
Por eso, Banco Pichincha impulsa Sumar Juntos, iniciativa que ya ha cambiado la vida a más de 26 mil personas. 💛",0,26,124,9,157.0K
2025-07-12 19:15:30,BancoPichincha,Jun 16,"Hoy celebramos el esfuerzo de quienes, a pesar de la distancia, siempre están presentes. ✨
Porque detrás de cada envío que realizan, hay más que dinero… hay medicinas, educación, sueños y, sobre todo, ese amor de familia que nunca se pierde. 💛
#DíaInternacionalDeLasRemesas",0,3,27,3,57.0K
2025-07-12 19:15:30,BancoPichincha,Jun 12,"¡Celebramos 10 años formando a los líderes del mañana! 🚀
El mejor semillero de talento del país cumple una década.
444 estudiantes han vivido la experiencia de ser trainees durante 6 semanas en Futuros Líderes, una oportunidad que ha marcado su vida profesional. 💛",0,4,117,14,531.0K
2025-07-12 19:15:30,BancoPichincha,Jun 3,"Hay jugadores en la cancha… y tú. El número 12. ⚽
El que vibra y sufre cada partido.
El que nunca abandona, ni en la gloria ni en la derrota.
Has heredado esta pasión y la llevas como bandera.
Porque darlo todo por tu equipo, te define. 💛
@BarcelonaSC
@LDU_Oficial
@UCatolicaEC",0,28,324,12,791.0K
2025-07-12 19:15:30,BancoPichincha,Jun 2,"Confianza es creer que subir otra vez al podio del #GiroDItalia es posible. 🥉 
Gracias @RichardCarapazM por hacernos vivir momentos como estos. 💛 #ElEsfuerzoTeDefine",1,54,770,8,201.0K
2025-07-12 19:15:30,BancoPichincha,Jun 1,"Una vez más @RichardCarapazM dejó su huella en la historia del ciclismo. 🥉
¡Que orgullo verte en el podio del #GiroDItalia, el quinto en una gran vuelta! 🚴‍♂️
No es casualidad. Es levantarse cuando todos piensan que ya lo diste todo. 
Sí, Locomotora 🚂, #ElEsfuerzoTeDefine",1,55,634,1,77.0K
2025-07-12 19:15:30,BancoPichincha,May 30,"En menos de 1 minuto puedes enterarte de #LoNuevoEnBancoPichincha 💛
💰 Ahorrar a tu ritmo es más fácil gracias a Banca Móvil.
👩🏻‍💼 Seguimos apostando por el emprendimiento femenino. 
🏧 Inauguramos un nuevo cajero en Galápagos.",0,2,23,4,81.0K
2025-07-12 19:15:30,BancoPichincha,May 21,"¡Qué grande eres @RichardCarapazM! 🚂
Lo dejaste todo en la montaña y cruzaste la meta en solitario en la etapa 11 del #GiroDItalia. 🚵
No solo ganaste, volviste a demostrar que nunca hay que dejar de luchar. 💪🏻
El aliento del Ecuador entero te acompaña.🇪🇨
#ElEsfuerzoTeDefine",1,58,473,5,71.0K
2025-07-12 19:15:30,BancoPichincha,May 15,"¡Felicidades @UCatolicaEC! 🩵
Hoy nos unimos a la celebración de los hinchas del #TrencitoAzul que generación tras generación han alentado a la #Chatoleí en estos 62 años. 🎉",0,12,88,2,72.0K
2025-07-12 19:15:30,BancoPichincha,May 14,"¡Tú eres el jugador 12! ⚽
El que lo da todo por los colores de su equipo en casa, en el estadio y por todo el país. 
Y esta es una herencia que has convertido en legado, porque el esfuerzo de darlo todo por tu equipo, te define. 💛
@BarcelonaSC
@LDU_Oficial
@UCatolicaEC",0,21,217,13,689.0K
2025-07-12 19:15:30,BancoPichincha,May 9,"¡Anahí Ortiz es una de las mejores ajedrecistas del continente! 👏
♟️ Detrás de cada una de sus partidas hay años de sacrificio y perseverancia. Hoy celebramos su segundo lugar en el Campeonato Continental Femenino de Ajedrez de las Américas.🥈🇪🇨
#ElEsfuerzoTeDefine",0,10,52,0,21.0K
2025-07-12 19:15:30,BancoPichincha,May 9,"Todo empezó con un dibujo, un desayuno, un regalo hecho con amor. 🥰
Lo que parecía un juego, hoy es un sueño cumplido. ✨
Porque confianza es creer, incluso cuando nadie más lo hace… y tú, mamá, confiaste siempre. 💛
¡Feliz día! 👩🏻‍🍼
#diadelamadre",0,2,25,2,36.0K
2025-07-12 19:15:30,BancoPichincha,May 8,"Porque #ElEsfuerzoTeDefine, queremos verte de nuevo en lo más alto, @RichardCarapazM 🚂
Pedaleamos contigo en el #GirodItalia 💛",1,10,77,0,27.0K
2025-07-12 19:15:30,BancoPichincha,May 8,"100 años de esfuerzo. 💛
100 hinchas que festejaron el centenario de @BarcelonaSC como se merece: en la cancha del 🏟️ estadio Banco Pichincha, en casa, siendo protagonistas de la celebración.
Porque ser torero, es ser parte de una pasión que no se apaga. 🔥",16,14,81,3,47.0K
2025-07-12 19:15:30,BancoPichincha,May 7,"Gracias a Sumar Juntos, un proyecto de Banco Pichincha, cada vez más comunidades se benefician de la instalación de sistemas de agua potable. Esto contribuye a una mejor nutrición de los niños y a una mayor asistencia a escuelas en las zonas rurales del país.",0,19,150,6,443.0K
2025-07-12 19:15:30,BancoPichincha,May 1,"100 años de historia. 
100 años de esfuerzo. 
100 hitos inolvidables. 
@BarcelonaSC hoy celebramos el legado que has construido y que perdurará en la memoria de los hinchas toreros. 💛
¡Felicitaciones, ídolo! 
#CentenarioBSC",0,112,486,10,85.0K
2025-07-12 19:15:30,BancoPichincha,Apr 30,"En 39 segundos, te contamos lo #NuevoEnBancoPichincha para cerrar abril con buenas noticias. 💛

💧Más comunidades con acceso a agua potable, gracias a Sumar Juntos.
📚Oportunidad laboral para los jóvenes de la Amazonía.
📲Descarga tus movimientos en Banca Móvil.",0,4,32,2,78.0K
2025-07-12 19:15:30,BancoPichincha,Apr 25,"Cada triunfo de Anahí Suárez nos recuerda que…
🎯 La perseverancia construye campeones.
🥈 La pasión lleva al podio.
🇪🇨 El orgullo de un país se corre con el corazón.
¡Felicidades por tu medalla de plata en el Campeonato Sudamericano de Atletismo!

#ElEsfuerzoTeDefine",0,32,237,9,149.0K
2025-07-12 20:20:56,BancoPichincha,23 h,"El amarillo no es solo un color. Es orgullo. Es pasión. 💛🔥🇪🇨
¡Vamos a darlo todo en la cancha! ⚽️
#ConfianzaEsCreer en el poder del deporte femenino que inspira y empodera. 💪",0,2,7,0,971
2025-07-12 20:20:56,BancoPichincha,Jun 30,"¿Tienes 40 segundos? Entérate de #LoNuevoEnBancoPichincha 💛
📲Pagar o cobrar con tu QR es ahora más fácil.
🎓Conoce la mejor iniciativa para empezar tu carrera laboral.
🏫 Voluntariado para apoyar a comunidad de Cayambe.",0,3,9,3,12.0K
2025-07-12 20:20:56,BancoPichincha,Jun 19,"🇪🇨 En Ecuador, 6 de cada 10 familias de zonas rurales aún no tienen acceso a agua potable. Conseguirla implica recorrer largas distancias o pagar altos costos.💧
Por eso, Banco Pichincha impulsa Sumar Juntos, iniciativa que ya ha cambiado la vida a más de 26 mil personas. 💛",0,26,124,9,157.0K
2025-07-12 20:20:56,BancoPichincha,Jun 16,"Hoy celebramos el esfuerzo de quienes, a pesar de la distancia, siempre están presentes. ✨
Porque detrás de cada envío que realizan, hay más que dinero… hay medicinas, educación, sueños y, sobre todo, ese amor de familia que nunca se pierde. 💛
#DíaInternacionalDeLasRemesas",0,3,27,3,57.0K
2025-07-12 20:20:56,BancoPichincha,Jun 12,"¡Celebramos 10 años formando a los líderes del mañana! 🚀
El mejor semillero de talento del país cumple una década.
444 estudiantes han vivido la experiencia de ser trainees durante 6 semanas en Futuros Líderes, una oportunidad que ha marcado su vida profesional. 💛",0,4,117,14,531.0K
2025-07-12 20:20:56,BancoPichincha,Jun 3,"Hay jugadores en la cancha… y tú. El número 12. ⚽
El que vibra y sufre cada partido.
El que nunca abandona, ni en la gloria ni en la derrota.
Has heredado esta pasión y la llevas como bandera.
Porque darlo todo por tu equipo, te define. 💛
@BarcelonaSC
@LDU_Oficial
@UCatolicaEC",0,28,323,12,791.0K
2025-07-12 20:20:56,BancoPichincha,Jun 2,"Confianza es creer que subir otra vez al podio del #GiroDItalia es posible. 🥉 
Gracias @RichardCarapazM por hacernos vivir momentos como estos. 💛 #ElEsfuerzoTeDefine",1,54,770,8,201.0K
2025-07-12 20:20:56,BancoPichincha,Jun 1,"Una vez más @RichardCarapazM dejó su huella en la historia del ciclismo. 🥉
¡Que orgullo verte en el podio del #GiroDItalia, el quinto en una gran vuelta! 🚴‍♂️
No es casualidad. Es levantarse cuando todos piensan que ya lo diste todo. 
Sí, Locomotora 🚂, #ElEsfuerzoTeDefine",1,55,634,1,77.0K
2025-07-12 20:20:56,BancoPichincha,May 30,"En menos de 1 minuto puedes enterarte de #LoNuevoEnBancoPichincha 💛
💰 Ahorrar a tu ritmo es más fácil gracias a Banca Móvil.
👩🏻‍💼 Seguimos apostando por el emprendimiento femenino. 
🏧 Inauguramos un nuevo cajero en Galápagos.",0,2,23,4,81.0K
2025-07-12 20:20:56,BancoPichincha,May 21,"¡Qué grande eres @RichardCarapazM! 🚂
Lo dejaste todo en la montaña y cruzaste la meta en solitario en la etapa 11 del #GiroDItalia. 🚵
No solo ganaste, volviste a demostrar que nunca hay que dejar de luchar. 💪🏻
El aliento del Ecuador entero te acompaña.🇪🇨
#ElEsfuerzoTeDefine",1,58,473,5,71.0K
2025-07-12 20:20:56,BancoPichincha,May 15,"¡Felicidades @UCatolicaEC! 🩵
Hoy nos unimos a la celebración de los hinchas del #TrencitoAzul que generación tras generación han alentado a la #Chatoleí en estos 62 años. 🎉",0,12,88,2,72.0K
2025-07-12 20:20:56,BancoPichincha,May 14,"¡Tú eres el jugador 12! ⚽
El que lo da todo por los colores de su equipo en casa, en el estadio y por todo el país. 
Y esta es una herencia que has convertido en legado, porque el esfuerzo de darlo todo por tu equipo, te define. 💛
@BarcelonaSC
@LDU_Oficial
@UCatolicaEC",0,21,217,13,689.0K
2025-07-12 20:20:56,BancoPichincha,May 9,"¡Anahí Ortiz es una de las mejores ajedrecistas del continente! 👏
♟️ Detrás de cada una de sus partidas hay años de sacrificio y perseverancia. Hoy celebramos su segundo lugar en el Campeonato Continental Femenino de Ajedrez de las Américas.🥈🇪🇨
#ElEsfuerzoTeDefine",0,10,52,0,21.0K
2025-07-12 20:20:56,BancoPichincha,May 9,"Todo empezó con un dibujo, un desayuno, un regalo hecho con amor. 🥰
Lo que parecía un juego, hoy es un sueño cumplido. ✨
Porque confianza es creer, incluso cuando nadie más lo hace… y tú, mamá, confiaste siempre. 💛
¡Feliz día! 👩🏻‍🍼
#diadelamadre",0,2,25,2,36.0K
2025-07-12 20:20:56,BancoPichincha,May 8,"Porque #ElEsfuerzoTeDefine, queremos verte de nuevo en lo más alto, @RichardCarapazM 🚂
Pedaleamos contigo en el #GirodItalia 💛",1,10,77,0,27.0K
2025-07-12 20:20:56,BancoPichincha,May 8,"100 años de esfuerzo. 💛
100 hinchas que festejaron el centenario de @BarcelonaSC como se merece: en la cancha del 🏟️ estadio Banco Pichincha, en casa, siendo protagonistas de la celebración.
Porque ser torero, es ser parte de una pasión que no se apaga. 🔥",16,14,81,3,47.0K
2025-07-12 20:20:56,BancoPichincha,May 7,"Gracias a Sumar Juntos, un proyecto de Banco Pichincha, cada vez más comunidades se benefician de la instalación de sistemas de agua potable. Esto contribuye a una mejor nutrición de los niños y a una mayor asistencia a escuelas en las zonas rurales del país.",0,19,150,6,443.0K
2025-07-12 20:20:56,BancoPichincha,May 1,"100 años de historia. 
100 años de esfuerzo. 
100 hitos inolvidables. 
@BarcelonaSC hoy celebramos el legado que has construido y que perdurará en la memoria de los hinchas toreros. 💛
¡Felicitaciones, ídolo! 
#CentenarioBSC",0,112,486,10,85.0K
2025-07-12 20:20:56,BancoPichincha,Apr 30,"En 39 segundos, te contamos lo #NuevoEnBancoPichincha para cerrar abril con buenas noticias. 💛

💧Más comunidades con acceso a agua potable, gracias a Sumar Juntos.
📚Oportunidad laboral para los jóvenes de la Amazonía.
📲Descarga tus movimientos en Banca Móvil.",0,4,32,2,78.0K
2025-07-12 20:20:56,BancoPichincha,Apr 25,"Cada triunfo de Anahí Suárez nos recuerda que…
🎯 La perseverancia construye campeones.
🥈 La pasión lleva al podio.
🇪🇨 El orgullo de un país se corre con el corazón.
¡Felicidades por tu medalla de plata en el Campeonato Sudamericano de Atletismo!

#ElEsfuerzoTeDefine",0,32,237,9,149.0K
2025-07-12 22:18:59,BancoPichincha,Jul 11,"El amarillo no es solo un color. Es orgullo. Es pasión. 💛🔥🇪🇨
¡Vamos a darlo todo en la cancha! ⚽️
#ConfianzaEsCreer en el poder del deporte femenino que inspira y empodera. 💪",0,2,7,0,984
2025-07-12 22:18:59,BancoPichincha,Jun 30,"¿Tienes 40 segundos? Entérate de #LoNuevoEnBancoPichincha 💛
📲Pagar o cobrar con tu QR es ahora más fácil.
🎓Conoce la mejor iniciativa para empezar tu carrera laboral.
🏫 Voluntariado para apoyar a comunidad de Cayambe.",0,3,9,3,12.0K
2025-07-12 22:18:59,BancoPichincha,Jun 19,"🇪🇨 En Ecuador, 6 de cada 10 familias de zonas rurales aún no tienen acceso a agua potable. Conseguirla implica recorrer largas distancias o pagar altos costos.💧
Por eso, Banco Pichincha impulsa Sumar Juntos, iniciativa que ya ha cambiado la vida a más de 26 mil personas. 💛",0,26,124,9,157.0K
2025-07-12 22:18:59,BancoPichincha,Jun 16,"Hoy celebramos el esfuerzo de quienes, a pesar de la distancia, siempre están presentes. ✨
Porque detrás de cada envío que realizan, hay más que dinero… hay medicinas, educación, sueños y, sobre todo, ese amor de familia que nunca se pierde. 💛
#DíaInternacionalDeLasRemesas",0,3,27,3,57.0K
2025-07-12 22:18:59,BancoPichincha,Jun 12,"¡Celebramos 10 años formando a los líderes del mañana! 🚀
El mejor semillero de talento del país cumple una década.
444 estudiantes han vivido la experiencia de ser trainees durante 6 semanas en Futuros Líderes, una oportunidad que ha marcado su vida profesional. 💛",0,4,117,14,531.0K
2025-07-12 22:18:59,BancoPichincha,Jun 3,"Hay jugadores en la cancha… y tú. El número 12. ⚽
El que vibra y sufre cada partido.
El que nunca abandona, ni en la gloria ni en la derrota.
Has heredado esta pasión y la llevas como bandera.
Porque darlo todo por tu equipo, te define. 💛
@BarcelonaSC
@LDU_Oficial
@UCatolicaEC",0,28,323,12,791.0K
2025-07-12 22:18:59,BancoPichincha,Jun 2,"Confianza es creer que subir otra vez al podio del #GiroDItalia es posible. 🥉 
Gracias @RichardCarapazM por hacernos vivir momentos como estos. 💛 #ElEsfuerzoTeDefine",1,54,770,8,201.0K
2025-07-12 22:18:59,BancoPichincha,Jun 1,"Una vez más @RichardCarapazM dejó su huella en la historia del ciclismo. 🥉
¡Que orgullo verte en el podio del #GiroDItalia, el quinto en una gran vuelta! 🚴‍♂️
No es casualidad. Es levantarse cuando todos piensan que ya lo diste todo. 
Sí, Locomotora 🚂, #ElEsfuerzoTeDefine",1,55,635,1,77.0K
2025-07-12 22:18:59,BancoPichincha,May 30,"En menos de 1 minuto puedes enterarte de #LoNuevoEnBancoPichincha 💛
💰 Ahorrar a tu ritmo es más fácil gracias a Banca Móvil.
👩🏻‍💼 Seguimos apostando por el emprendimiento femenino. 
🏧 Inauguramos un nuevo cajero en Galápagos.",0,2,23,4,81.0K
2025-07-12 22:18:59,BancoPichincha,May 21,"¡Qué grande eres @RichardCarapazM! 🚂
Lo dejaste todo en la montaña y cruzaste la meta en solitario en la etapa 11 del #GiroDItalia. 🚵
No solo ganaste, volviste a demostrar que nunca hay que dejar de luchar. 💪🏻
El aliento del Ecuador entero te acompaña.🇪🇨
#ElEsfuerzoTeDefine",1,58,473,5,71.0K
2025-07-12 22:18:59,BancoPichincha,May 15,"¡Felicidades @UCatolicaEC! 🩵
Hoy nos unimos a la celebración de los hinchas del #TrencitoAzul que generación tras generación han alentado a la #Chatoleí en estos 62 años. 🎉",0,12,88,2,72.0K
2025-07-12 22:18:59,BancoPichincha,May 14,"¡Tú eres el jugador 12! ⚽
El que lo da todo por los colores de su equipo en casa, en el estadio y por todo el país. 
Y esta es una herencia que has convertido en legado, porque el esfuerzo de darlo todo por tu equipo, te define. 💛
@BarcelonaSC
@LDU_Oficial
@UCatolicaEC",0,21,217,13,689.0K
2025-07-12 22:18:59,BancoPichincha,May 9,"¡Anahí Ortiz es una de las mejores ajedrecistas del continente! 👏
♟️ Detrás de cada una de sus partidas hay años de sacrificio y perseverancia. Hoy celebramos su segundo lugar en el Campeonato Continental Femenino de Ajedrez de las Américas.🥈🇪🇨
#ElEsfuerzoTeDefine",0,10,52,0,21.0K
2025-07-12 22:18:59,BancoPichincha,May 9,"Todo empezó con un dibujo, un desayuno, un regalo hecho con amor. 🥰
Lo que parecía un juego, hoy es un sueño cumplido. ✨
Porque confianza es creer, incluso cuando nadie más lo hace… y tú, mamá, confiaste siempre. 💛
¡Feliz día! 👩🏻‍🍼
#diadelamadre",0,2,25,2,36.0K
2025-07-12 22:18:59,BancoPichincha,May 8,"Porque #ElEsfuerzoTeDefine, queremos verte de nuevo en lo más alto, @RichardCarapazM 🚂
Pedaleamos contigo en el #GirodItalia 💛",1,10,77,0,27.0K
2025-07-12 22:18:59,BancoPichincha,May 8,"100 años de esfuerzo. 💛
100 hinchas que festejaron el centenario de @BarcelonaSC como se merece: en la cancha del 🏟️ estadio Banco Pichincha, en casa, siendo protagonistas de la celebración.
Porque ser torero, es ser parte de una pasión que no se apaga. 🔥",16,14,81,3,47.0K
2025-07-12 22:18:59,BancoPichincha,May 7,"Gracias a Sumar Juntos, un proyecto de Banco Pichincha, cada vez más comunidades se benefician de la instalación de sistemas de agua potable. Esto contribuye a una mejor nutrición de los niños y a una mayor asistencia a escuelas en las zonas rurales del país.",0,19,150,6,443.0K
2025-07-12 22:18:59,BancoPichincha,May 1,"100 años de historia. 
100 años de esfuerzo. 
100 hitos inolvidables. 
@BarcelonaSC hoy celebramos el legado que has construido y que perdurará en la memoria de los hinchas toreros. 💛
¡Felicitaciones, ídolo! 
#CentenarioBSC",0,112,486,10,85.0K
2025-07-12 22:18:59,BancoPichincha,Apr 30,"En 39 segundos, te contamos lo #NuevoEnBancoPichincha para cerrar abril con buenas noticias. 💛

💧Más comunidades con acceso a agua potable, gracias a Sumar Juntos.
📚Oportunidad laboral para los jóvenes de la Amazonía.
📲Descarga tus movimientos en Banca Móvil.",0,4,32,2,78.0K
2025-07-12 22:18:59,BancoPichincha,Apr 25,"Cada triunfo de Anahí Suárez nos recuerda que…
🎯 La perseverancia construye campeones.
🥈 La pasión lleva al podio.
🇪🇨 El orgullo de un país se corre con el corazón.
¡Felicidades por tu medalla de plata en el Campeonato Sudamericano de Atletismo!

#ElEsfuerzoTeDefine",0,32,237,9,149.0K
2025-07-12 23:19:58,BancoPichincha,Jul 11,"El amarillo no es solo un color. Es orgullo. Es pasión. 💛🔥🇪🇨
¡Vamos a darlo todo en la cancha! ⚽️
#ConfianzaEsCreer en el poder del deporte femenino que inspira y empodera. 💪",0,2,7,0,990
2025-07-12 23:19:58,BancoPichincha,Jun 30,"¿Tienes 40 segundos? Entérate de #LoNuevoEnBancoPichincha 💛
📲Pagar o cobrar con tu QR es ahora más fácil.
🎓Conoce la mejor iniciativa para empezar tu carrera laboral.
🏫 Voluntariado para apoyar a comunidad de Cayambe.",0,3,9,3,12.0K
2025-07-12 23:19:58,BancoPichincha,Jun 19,"🇪🇨 En Ecuador, 6 de cada 10 familias de zonas rurales aún no tienen acceso a agua potable. Conseguirla implica recorrer largas distancias o pagar altos costos.💧
Por eso, Banco Pichincha impulsa Sumar Juntos, iniciativa que ya ha cambiado la vida a más de 26 mil personas. 💛",0,26,124,9,157.0K
2025-07-12 23:19:58,BancoPichincha,Jun 16,"Hoy celebramos el esfuerzo de quienes, a pesar de la distancia, siempre están presentes. ✨
Porque detrás de cada envío que realizan, hay más que dinero… hay medicinas, educación, sueños y, sobre todo, ese amor de familia que nunca se pierde. 💛
#DíaInternacionalDeLasRemesas",0,3,27,3,57.0K
2025-07-12 23:19:58,BancoPichincha,Jun 12,"¡Celebramos 10 años formando a los líderes del mañana! 🚀
El mejor semillero de talento del país cumple una década.
444 estudiantes han vivido la experiencia de ser trainees durante 6 semanas en Futuros Líderes, una oportunidad que ha marcado su vida profesional. 💛",0,4,117,14,531.0K
2025-07-12 23:19:58,BancoPichincha,Jun 3,"Hay jugadores en la cancha… y tú. El número 12. ⚽
El que vibra y sufre cada partido.
El que nunca abandona, ni en la gloria ni en la derrota.
Has heredado esta pasión y la llevas como bandera.
Porque darlo todo por tu equipo, te define. 💛
@BarcelonaSC
@LDU_Oficial
@UCatolicaEC",0,28,323,12,791.0K
2025-07-12 23:19:58,BancoPichincha,Jun 2,"Confianza es creer que subir otra vez al podio del #GiroDItalia es posible. 🥉 
Gracias @RichardCarapazM por hacernos vivir momentos como estos. 💛 #ElEsfuerzoTeDefine",1,54,770,8,201.0K
2025-07-12 23:19:58,BancoPichincha,Jun 1,"Una vez más @RichardCarapazM dejó su huella en la historia del ciclismo. 🥉
¡Que orgullo verte en el podio del #GiroDItalia, el quinto en una gran vuelta! 🚴‍♂️
No es casualidad. Es levantarse cuando todos piensan que ya lo diste todo. 
Sí, Locomotora 🚂, #ElEsfuerzoTeDefine",1,55,635,1,77.0K
2025-07-12 23:19:58,BancoPichincha,May 30,"En menos de 1 minuto puedes enterarte de #LoNuevoEnBancoPichincha 💛
💰 Ahorrar a tu ritmo es más fácil gracias a Banca Móvil.
👩🏻‍💼 Seguimos apostando por el emprendimiento femenino. 
🏧 Inauguramos un nuevo cajero en Galápagos.",0,2,23,4,81.0K
2025-07-12 23:19:58,BancoPichincha,May 21,"¡Qué grande eres @RichardCarapazM! 🚂
Lo dejaste todo en la montaña y cruzaste la meta en solitario en la etapa 11 del #GiroDItalia. 🚵
No solo ganaste, volviste a demostrar que nunca hay que dejar de luchar. 💪🏻
El aliento del Ecuador entero te acompaña.🇪🇨
#ElEsfuerzoTeDefine",1,58,473,5,71.0K
2025-07-12 23:19:58,BancoPichincha,May 15,"¡Felicidades @UCatolicaEC! 🩵
Hoy nos unimos a la celebración de los hinchas del #TrencitoAzul que generación tras generación han alentado a la #Chatoleí en estos 62 años. 🎉",0,12,88,2,72.0K
2025-07-12 23:19:58,BancoPichincha,May 14,"¡Tú eres el jugador 12! ⚽
El que lo da todo por los colores de su equipo en casa, en el estadio y por todo el país. 
Y esta es una herencia que has convertido en legado, porque el esfuerzo de darlo todo por tu equipo, te define. 💛
@BarcelonaSC
@LDU_Oficial
@UCatolicaEC",0,21,217,13,689.0K
2025-07-12 23:19:58,BancoPichincha,May 9,"¡Anahí Ortiz es una de las mejores ajedrecistas del continente! 👏
♟️ Detrás de cada una de sus partidas hay años de sacrificio y perseverancia. Hoy celebramos su segundo lugar en el Campeonato Continental Femenino de Ajedrez de las Américas.🥈🇪🇨
#ElEsfuerzoTeDefine",0,10,52,0,21.0K
2025-07-12 23:19:58,BancoPichincha,May 9,"Todo empezó con un dibujo, un desayuno, un regalo hecho con amor. 🥰
Lo que parecía un juego, hoy es un sueño cumplido. ✨
Porque confianza es creer, incluso cuando nadie más lo hace… y tú, mamá, confiaste siempre. 💛
¡Feliz día! 👩🏻‍🍼
#diadelamadre",0,2,25,2,36.0K
2025-07-12 23:19:58,BancoPichincha,May 8,"Porque #ElEsfuerzoTeDefine, queremos verte de nuevo en lo más alto, @RichardCarapazM 🚂
Pedaleamos contigo en el #GirodItalia 💛",1,10,77,0,27.0K
2025-07-12 23:19:58,BancoPichincha,May 8,"100 años de esfuerzo. 💛
100 hinchas que festejaron el centenario de @BarcelonaSC como se merece: en la cancha del 🏟️ estadio Banco Pichincha, en casa, siendo protagonistas de la celebración.
Porque ser torero, es ser parte de una pasión que no se apaga. 🔥",16,14,81,3,47.0K
2025-07-12 23:19:58,BancoPichincha,May 7,"Gracias a Sumar Juntos, un proyecto de Banco Pichincha, cada vez más comunidades se benefician de la instalación de sistemas de agua potable. Esto contribuye a una mejor nutrición de los niños y a una mayor asistencia a escuelas en las zonas rurales del país.",0,19,150,6,443.0K
2025-07-12 23:19:58,BancoPichincha,May 1,"100 años de historia. 
100 años de esfuerzo. 
100 hitos inolvidables. 
@BarcelonaSC hoy celebramos el legado que has construido y que perdurará en la memoria de los hinchas toreros. 💛
¡Felicitaciones, ídolo! 
#CentenarioBSC",0,112,485,10,85.0K
2025-07-12 23:19:58,BancoPichincha,Apr 30,"En 39 segundos, te contamos lo #NuevoEnBancoPichincha para cerrar abril con buenas noticias. 💛

💧Más comunidades con acceso a agua potable, gracias a Sumar Juntos.
📚Oportunidad laboral para los jóvenes de la Amazonía.
📲Descarga tus movimientos en Banca Móvil.",0,4,32,2,78.0K
2025-07-12 23:19:58,BancoPichincha,Apr 25,"Cada triunfo de Anahí Suárez nos recuerda que…
🎯 La perseverancia construye campeones.
🥈 La pasión lleva al podio.
🇪🇨 El orgullo de un país se corre con el corazón.
¡Felicidades por tu medalla de plata en el Campeonato Sudamericano de Atletismo!

#ElEsfuerzoTeDefine",0,32,237,9,149.0K
2025-07-13 01:52:51,BancoPichincha,Jul 11,"El amarillo no es solo un color. Es orgullo. Es pasión. 💛🔥🇪🇨
¡Vamos a darlo todo en la cancha! ⚽️
#ConfianzaEsCreer en el poder del deporte femenino que inspira y empodera. 💪",0,2,7,0,1.0K
2025-07-13 01:52:51,BancoPichincha,Jun 30,"¿Tienes 40 segundos? Entérate de #LoNuevoEnBancoPichincha 💛
📲Pagar o cobrar con tu QR es ahora más fácil.
🎓Conoce la mejor iniciativa para empezar tu carrera laboral.
🏫 Voluntariado para apoyar a comunidad de Cayambe.",0,3,9,3,12.0K
2025-07-13 01:52:51,BancoPichincha,Jun 19,"🇪🇨 En Ecuador, 6 de cada 10 familias de zonas rurales aún no tienen acceso a agua potable. Conseguirla implica recorrer largas distancias o pagar altos costos.💧
Por eso, Banco Pichincha impulsa Sumar Juntos, iniciativa que ya ha cambiado la vida a más de 26 mil personas. 💛",0,26,124,8,157.0K
2025-07-13 01:52:51,BancoPichincha,Jun 16,"Hoy celebramos el esfuerzo de quienes, a pesar de la distancia, siempre están presentes. ✨
Porque detrás de cada envío que realizan, hay más que dinero… hay medicinas, educación, sueños y, sobre todo, ese amor de familia que nunca se pierde. 💛
#DíaInternacionalDeLasRemesas",0,3,27,3,57.0K
2025-07-13 01:52:51,BancoPichincha,Jun 12,"¡Celebramos 10 años formando a los líderes del mañana! 🚀
El mejor semillero de talento del país cumple una década.
444 estudiantes han vivido la experiencia de ser trainees durante 6 semanas en Futuros Líderes, una oportunidad que ha marcado su vida profesional. 💛",0,4,117,14,531.0K
2025-07-13 01:52:51,BancoPichincha,Jun 3,"Hay jugadores en la cancha… y tú. El número 12. ⚽
El que vibra y sufre cada partido.
El que nunca abandona, ni en la gloria ni en la derrota.
Has heredado esta pasión y la llevas como bandera.
Porque darlo todo por tu equipo, te define. 💛
@BarcelonaSC
@LDU_Oficial
@UCatolicaEC",0,28,323,12,791.0K
2025-07-13 01:52:51,BancoPichincha,Jun 2,"Confianza es creer que subir otra vez al podio del #GiroDItalia es posible. 🥉 
Gracias @RichardCarapazM por hacernos vivir momentos como estos. 💛 #ElEsfuerzoTeDefine",1,54,770,8,201.0K
2025-07-13 01:52:51,BancoPichincha,Jun 1,"Una vez más @RichardCarapazM dejó su huella en la historia del ciclismo. 🥉
¡Que orgullo verte en el podio del #GiroDItalia, el quinto en una gran vuelta! 🚴‍♂️
No es casualidad. Es levantarse cuando todos piensan que ya lo diste todo. 
Sí, Locomotora 🚂, #ElEsfuerzoTeDefine",1,55,635,1,77.0K
2025-07-13 01:52:51,BancoPichincha,May 30,"En menos de 1 minuto puedes enterarte de #LoNuevoEnBancoPichincha 💛
💰 Ahorrar a tu ritmo es más fácil gracias a Banca Móvil.
👩🏻‍💼 Seguimos apostando por el emprendimiento femenino. 
🏧 Inauguramos un nuevo cajero en Galápagos.",0,2,23,4,81.0K
2025-07-13 01:52:51,BancoPichincha,May 21,"¡Qué grande eres @RichardCarapazM! 🚂
Lo dejaste todo en la montaña y cruzaste la meta en solitario en la etapa 11 del #GiroDItalia. 🚵
No solo ganaste, volviste a demostrar que nunca hay que dejar de luchar. 💪🏻
El aliento del Ecuador entero te acompaña.🇪🇨
#ElEsfuerzoTeDefine",1,58,473,5,71.0K
2025-07-13 01:52:51,BancoPichincha,May 15,"¡Felicidades @UCatolicaEC! 🩵
Hoy nos unimos a la celebración de los hinchas del #TrencitoAzul que generación tras generación han alentado a la #Chatoleí en estos 62 años. 🎉",0,12,88,2,72.0K
2025-07-13 01:52:51,BancoPichincha,May 14,"¡Tú eres el jugador 12! ⚽
El que lo da todo por los colores de su equipo en casa, en el estadio y por todo el país. 
Y esta es una herencia que has convertido en legado, porque el esfuerzo de darlo todo por tu equipo, te define. 💛
@BarcelonaSC
@LDU_Oficial
@UCatolicaEC",0,21,217,13,689.0K
2025-07-13 01:52:51,BancoPichincha,May 9,"¡Anahí Ortiz es una de las mejores ajedrecistas del continente! 👏
♟️ Detrás de cada una de sus partidas hay años de sacrificio y perseverancia. Hoy celebramos su segundo lugar en el Campeonato Continental Femenino de Ajedrez de las Américas.🥈🇪🇨
#ElEsfuerzoTeDefine",0,10,52,0,21.0K
2025-07-13 01:52:51,BancoPichincha,May 9,"Todo empezó con un dibujo, un desayuno, un regalo hecho con amor. 🥰
Lo que parecía un juego, hoy es un sueño cumplido. ✨
Porque confianza es creer, incluso cuando nadie más lo hace… y tú, mamá, confiaste siempre. 💛
¡Feliz día! 👩🏻‍🍼
#diadelamadre",0,2,25,2,36.0K
2025-07-13 01:52:51,BancoPichincha,May 8,"Porque #ElEsfuerzoTeDefine, queremos verte de nuevo en lo más alto, @RichardCarapazM 🚂
Pedaleamos contigo en el #GirodItalia 💛",1,10,77,0,27.0K
2025-07-13 01:52:51,BancoPichincha,May 8,"100 años de esfuerzo. 💛
100 hinchas que festejaron el centenario de @BarcelonaSC como se merece: en la cancha del 🏟️ estadio Banco Pichincha, en casa, siendo protagonistas de la celebración.
Porque ser torero, es ser parte de una pasión que no se apaga. 🔥",16,14,81,3,47.0K
2025-07-13 01:52:51,BancoPichincha,May 7,"Gracias a Sumar Juntos, un proyecto de Banco Pichincha, cada vez más comunidades se benefician de la instalación de sistemas de agua potable. Esto contribuye a una mejor nutrición de los niños y a una mayor asistencia a escuelas en las zonas rurales del país.",0,19,150,6,443.0K
2025-07-13 01:52:51,BancoPichincha,May 1,"100 años de historia. 
100 años de esfuerzo. 
100 hitos inolvidables. 
@BarcelonaSC hoy celebramos el legado que has construido y que perdurará en la memoria de los hinchas toreros. 💛
¡Felicitaciones, ídolo! 
#CentenarioBSC",0,112,486,10,85.0K
2025-07-13 01:52:51,BancoPichincha,Apr 30,"En 39 segundos, te contamos lo #NuevoEnBancoPichincha para cerrar abril con buenas noticias. 💛

💧Más comunidades con acceso a agua potable, gracias a Sumar Juntos.
📚Oportunidad laboral para los jóvenes de la Amazonía.
📲Descarga tus movimientos en Banca Móvil.",0,4,32,2,78.0K
2025-07-13 01:52:51,BancoPichincha,Apr 25,"Cada triunfo de Anahí Suárez nos recuerda que…
🎯 La perseverancia construye campeones.
🥈 La pasión lleva al podio.
🇪🇨 El orgullo de un país se corre con el corazón.
¡Felicidades por tu medalla de plata en el Campeonato Sudamericano de Atletismo!

#ElEsfuerzoTeDefine",0,32,237,9,149.0K
2025-07-13 03:40:50,BancoPichincha,Jul 11,"El amarillo no es solo un color. Es orgullo. Es pasión. 💛🔥🇪🇨
¡Vamos a darlo todo en la cancha! ⚽️
#ConfianzaEsCreer en el poder del deporte femenino que inspira y empodera. 💪",0,2,7,0,1.0K
2025-07-13 03:40:50,BancoPichincha,Jun 30,"¿Tienes 40 segundos? Entérate de #LoNuevoEnBancoPichincha 💛
📲Pagar o cobrar con tu QR es ahora más fácil.
🎓Conoce la mejor iniciativa para empezar tu carrera laboral.
🏫 Voluntariado para apoyar a comunidad de Cayambe.",0,3,9,3,12.0K
2025-07-13 03:40:50,BancoPichincha,Jun 19,"🇪🇨 En Ecuador, 6 de cada 10 familias de zonas rurales aún no tienen acceso a agua potable. Conseguirla implica recorrer largas distancias o pagar altos costos.💧
Por eso, Banco Pichincha impulsa Sumar Juntos, iniciativa que ya ha cambiado la vida a más de 26 mil personas. 💛",0,26,124,8,157.0K
2025-07-13 03:40:50,BancoPichincha,Jun 16,"Hoy celebramos el esfuerzo de quienes, a pesar de la distancia, siempre están presentes. ✨
Porque detrás de cada envío que realizan, hay más que dinero… hay medicinas, educación, sueños y, sobre todo, ese amor de familia que nunca se pierde. 💛
#DíaInternacionalDeLasRemesas",0,3,27,3,57.0K
2025-07-13 03:40:50,BancoPichincha,Jun 12,"¡Celebramos 10 años formando a los líderes del mañana! 🚀
El mejor semillero de talento del país cumple una década.
444 estudiantes han vivido la experiencia de ser trainees durante 6 semanas en Futuros Líderes, una oportunidad que ha marcado su vida profesional. 💛",0,4,117,14,531.0K
2025-07-13 03:40:50,BancoPichincha,Jun 3,"Hay jugadores en la cancha… y tú. El número 12. ⚽
El que vibra y sufre cada partido.
El que nunca abandona, ni en la gloria ni en la derrota.
Has heredado esta pasión y la llevas como bandera.
Porque darlo todo por tu equipo, te define. 💛
@BarcelonaSC
@LDU_Oficial
@UCatolicaEC",0,28,323,12,791.0K
2025-07-13 03:40:50,BancoPichincha,Jun 2,"Confianza es creer que subir otra vez al podio del #GiroDItalia es posible. 🥉 
Gracias @RichardCarapazM por hacernos vivir momentos como estos. 💛 #ElEsfuerzoTeDefine",1,54,770,8,201.0K
2025-07-13 03:40:50,BancoPichincha,Jun 1,"Una vez más @RichardCarapazM dejó su huella en la historia del ciclismo. 🥉
¡Que orgullo verte en el podio del #GiroDItalia, el quinto en una gran vuelta! 🚴‍♂️
No es casualidad. Es levantarse cuando todos piensan que ya lo diste todo. 
Sí, Locomotora 🚂, #ElEsfuerzoTeDefine",1,55,635,1,77.0K
2025-07-13 03:40:50,BancoPichincha,May 30,"En menos de 1 minuto puedes enterarte de #LoNuevoEnBancoPichincha 💛
💰 Ahorrar a tu ritmo es más fácil gracias a Banca Móvil.
👩🏻‍💼 Seguimos apostando por el emprendimiento femenino. 
🏧 Inauguramos un nuevo cajero en Galápagos.",0,2,23,4,81.0K
2025-07-13 03:40:50,BancoPichincha,May 21,"¡Qué grande eres @RichardCarapazM! 🚂
Lo dejaste todo en la montaña y cruzaste la meta en solitario en la etapa 11 del #GiroDItalia. 🚵
No solo ganaste, volviste a demostrar que nunca hay que dejar de luchar. 💪🏻
El aliento del Ecuador entero te acompaña.🇪🇨
#ElEsfuerzoTeDefine",1,58,473,5,71.0K
2025-07-13 03:40:50,BancoPichincha,May 15,"¡Felicidades @UCatolicaEC! 🩵
Hoy nos unimos a la celebración de los hinchas del #TrencitoAzul que generación tras generación han alentado a la #Chatoleí en estos 62 años. 🎉",0,12,88,2,72.0K
2025-07-13 03:40:50,BancoPichincha,May 14,"¡Tú eres el jugador 12! ⚽
El que lo da todo por los colores de su equipo en casa, en el estadio y por todo el país. 
Y esta es una herencia que has convertido en legado, porque el esfuerzo de darlo todo por tu equipo, te define. 💛
@BarcelonaSC
@LDU_Oficial
@UCatolicaEC",0,21,217,13,689.0K
2025-07-13 03:40:50,BancoPichincha,May 9,"¡Anahí Ortiz es una de las mejores ajedrecistas del continente! 👏
♟️ Detrás de cada una de sus partidas hay años de sacrificio y perseverancia. Hoy celebramos su segundo lugar en el Campeonato Continental Femenino de Ajedrez de las Américas.🥈🇪🇨
#ElEsfuerzoTeDefine",0,10,52,0,21.0K
2025-07-13 03:40:50,BancoPichincha,May 9,"Todo empezó con un dibujo, un desayuno, un regalo hecho con amor. 🥰
Lo que parecía un juego, hoy es un sueño cumplido. ✨
Porque confianza es creer, incluso cuando nadie más lo hace… y tú, mamá, confiaste siempre. 💛
¡Feliz día! 👩🏻‍🍼
#diadelamadre",0,2,25,2,36.0K
2025-07-13 03:40:50,BancoPichincha,May 8,"Porque #ElEsfuerzoTeDefine, queremos verte de nuevo en lo más alto, @RichardCarapazM 🚂
Pedaleamos contigo en el #GirodItalia 💛",1,10,77,0,27.0K
2025-07-13 03:40:50,BancoPichincha,May 8,"100 años de esfuerzo. 💛
100 hinchas que festejaron el centenario de @BarcelonaSC como se merece: en la cancha del 🏟️ estadio Banco Pichincha, en casa, siendo protagonistas de la celebración.
Porque ser torero, es ser parte de una pasión que no se apaga. 🔥",16,14,81,3,47.0K
2025-07-13 03:40:50,BancoPichincha,May 7,"Gracias a Sumar Juntos, un proyecto de Banco Pichincha, cada vez más comunidades se benefician de la instalación de sistemas de agua potable. Esto contribuye a una mejor nutrición de los niños y a una mayor asistencia a escuelas en las zonas rurales del país.",0,19,150,6,443.0K
2025-07-13 03:40:50,BancoPichincha,May 1,"100 años de historia. 
100 años de esfuerzo. 
100 hitos inolvidables. 
@BarcelonaSC hoy celebramos el legado que has construido y que perdurará en la memoria de los hinchas toreros. 💛
¡Felicitaciones, ídolo! 
#CentenarioBSC",0,112,486,10,85.0K
2025-07-13 03:40:50,BancoPichincha,Apr 30,"En 39 segundos, te contamos lo #NuevoEnBancoPichincha para cerrar abril con buenas noticias. 💛

💧Más comunidades con acceso a agua potable, gracias a Sumar Juntos.
📚Oportunidad laboral para los jóvenes de la Amazonía.
📲Descarga tus movimientos en Banca Móvil.",0,4,32,2,78.0K
2025-07-13 03:40:50,BancoPichincha,Apr 25,"Cada triunfo de Anahí Suárez nos recuerda que…
🎯 La perseverancia construye campeones.
🥈 La pasión lleva al podio.
🇪🇨 El orgullo de un país se corre con el corazón.
¡Felicidades por tu medalla de plata en el Campeonato Sudamericano de Atletismo!

#ElEsfuerzoTeDefine",0,32,237,9,149.0K
2025-07-13 04:37:12,BancoPichincha,Jul 11,"El amarillo no es solo un color. Es orgullo. Es pasión. 💛🔥🇪🇨
¡Vamos a darlo todo en la cancha! ⚽️
#ConfianzaEsCreer en el poder del deporte femenino que inspira y empodera. 💪",0,2,7,0,1.0K
2025-07-13 04:37:12,BancoPichincha,Jun 30,"¿Tienes 40 segundos? Entérate de #LoNuevoEnBancoPichincha 💛
📲Pagar o cobrar con tu QR es ahora más fácil.
🎓Conoce la mejor iniciativa para empezar tu carrera laboral.
🏫 Voluntariado para apoyar a comunidad de Cayambe.",0,3,9,3,12.0K
2025-07-13 04:37:12,BancoPichincha,Jun 19,"🇪🇨 En Ecuador, 6 de cada 10 familias de zonas rurales aún no tienen acceso a agua potable. Conseguirla implica recorrer largas distancias o pagar altos costos.💧
Por eso, Banco Pichincha impulsa Sumar Juntos, iniciativa que ya ha cambiado la vida a más de 26 mil personas. 💛",0,26,124,8,157.0K
2025-07-13 04:37:12,BancoPichincha,Jun 16,"Hoy celebramos el esfuerzo de quienes, a pesar de la distancia, siempre están presentes. ✨
Porque detrás de cada envío que realizan, hay más que dinero… hay medicinas, educación, sueños y, sobre todo, ese amor de familia que nunca se pierde. 💛
#DíaInternacionalDeLasRemesas",0,3,27,3,57.0K
2025-07-13 04:37:12,BancoPichincha,Jun 12,"¡Celebramos 10 años formando a los líderes del mañana! 🚀
El mejor semillero de talento del país cumple una década.
444 estudiantes han vivido la experiencia de ser trainees durante 6 semanas en Futuros Líderes, una oportunidad que ha marcado su vida profesional. 💛",0,4,117,14,531.0K
2025-07-13 04:37:12,BancoPichincha,Jun 3,"Hay jugadores en la cancha… y tú. El número 12. ⚽
El que vibra y sufre cada partido.
El que nunca abandona, ni en la gloria ni en la derrota.
Has heredado esta pasión y la llevas como bandera.
Porque darlo todo por tu equipo, te define. 💛
@BarcelonaSC
@LDU_Oficial
@UCatolicaEC",0,28,323,12,791.0K
2025-07-13 04:37:12,BancoPichincha,Jun 2,"Confianza es creer que subir otra vez al podio del #GiroDItalia es posible. 🥉 
Gracias @RichardCarapazM por hacernos vivir momentos como estos. 💛 #ElEsfuerzoTeDefine",1,54,770,8,201.0K
2025-07-13 04:37:12,BancoPichincha,Jun 1,"Una vez más @RichardCarapazM dejó su huella en la historia del ciclismo. 🥉
¡Que orgullo verte en el podio del #GiroDItalia, el quinto en una gran vuelta! 🚴‍♂️
No es casualidad. Es levantarse cuando todos piensan que ya lo diste todo. 
Sí, Locomotora 🚂, #ElEsfuerzoTeDefine",1,55,635,1,77.0K
2025-07-13 04:37:12,BancoPichincha,May 30,"En menos de 1 minuto puedes enterarte de #LoNuevoEnBancoPichincha 💛
💰 Ahorrar a tu ritmo es más fácil gracias a Banca Móvil.
👩🏻‍💼 Seguimos apostando por el emprendimiento femenino. 
🏧 Inauguramos un nuevo cajero en Galápagos.",0,2,23,4,81.0K
2025-07-13 04:37:12,BancoPichincha,May 21,"¡Qué grande eres @RichardCarapazM! 🚂
Lo dejaste todo en la montaña y cruzaste la meta en solitario en la etapa 11 del #GiroDItalia. 🚵
No solo ganaste, volviste a demostrar que nunca hay que dejar de luchar. 💪🏻
El aliento del Ecuador entero te acompaña.🇪🇨
#ElEsfuerzoTeDefine",1,58,473,5,71.0K
2025-07-13 04:37:12,BancoPichincha,May 15,"¡Felicidades @UCatolicaEC! 🩵
Hoy nos unimos a la celebración de los hinchas del #TrencitoAzul que generación tras generación han alentado a la #Chatoleí en estos 62 años. 🎉",0,12,88,2,72.0K
2025-07-13 04:37:12,BancoPichincha,May 14,"¡Tú eres el jugador 12! ⚽
El que lo da todo por los colores de su equipo en casa, en el estadio y por todo el país. 
Y esta es una herencia que has convertido en legado, porque el esfuerzo de darlo todo por tu equipo, te define. 💛
@BarcelonaSC
@LDU_Oficial
@UCatolicaEC",0,21,217,13,689.0K
2025-07-13 04:37:12,BancoPichincha,May 9,"¡Anahí Ortiz es una de las mejores ajedrecistas del continente! 👏
♟️ Detrás de cada una de sus partidas hay años de sacrificio y perseverancia. Hoy celebramos su segundo lugar en el Campeonato Continental Femenino de Ajedrez de las Américas.🥈🇪🇨
#ElEsfuerzoTeDefine",0,10,52,0,21.0K
2025-07-13 04:37:12,BancoPichincha,May 9,"Todo empezó con un dibujo, un desayuno, un regalo hecho con amor. 🥰
Lo que parecía un juego, hoy es un sueño cumplido. ✨
Porque confianza es creer, incluso cuando nadie más lo hace… y tú, mamá, confiaste siempre. 💛
¡Feliz día! 👩🏻‍🍼
#diadelamadre",0,2,25,2,36.0K
2025-07-13 04:37:12,BancoPichincha,May 8,"Porque #ElEsfuerzoTeDefine, queremos verte de nuevo en lo más alto, @RichardCarapazM 🚂
Pedaleamos contigo en el #GirodItalia 💛",1,10,77,0,27.0K
2025-07-13 04:37:12,BancoPichincha,May 8,"100 años de esfuerzo. 💛
100 hinchas que festejaron el centenario de @BarcelonaSC como se merece: en la cancha del 🏟️ estadio Banco Pichincha, en casa, siendo protagonistas de la celebración.
Porque ser torero, es ser parte de una pasión que no se apaga. 🔥",16,14,81,3,47.0K
2025-07-13 04:37:12,BancoPichincha,May 7,"Gracias a Sumar Juntos, un proyecto de Banco Pichincha, cada vez más comunidades se benefician de la instalación de sistemas de agua potable. Esto contribuye a una mejor nutrición de los niños y a una mayor asistencia a escuelas en las zonas rurales del país.",0,19,150,6,443.0K
2025-07-13 04:37:12,BancoPichincha,May 1,"100 años de historia. 
100 años de esfuerzo. 
100 hitos inolvidables. 
@BarcelonaSC hoy celebramos el legado que has construido y que perdurará en la memoria de los hinchas toreros. 💛
¡Felicitaciones, ídolo! 
#CentenarioBSC",0,112,486,10,85.0K
2025-07-13 04:37:12,BancoPichincha,Apr 30,"En 39 segundos, te contamos lo #NuevoEnBancoPichincha para cerrar abril con buenas noticias. 💛

💧Más comunidades con acceso a agua potable, gracias a Sumar Juntos.
📚Oportunidad laboral para los jóvenes de la Amazonía.
📲Descarga tus movimientos en Banca Móvil.",0,4,32,2,78.0K
2025-07-13 04:37:12,BancoPichincha,Apr 25,"Cada triunfo de Anahí Suárez nos recuerda que…
🎯 La perseverancia construye campeones.
🥈 La pasión lleva al podio.
🇪🇨 El orgullo de un país se corre con el corazón.
¡Felicidades por tu medalla de plata en el Campeonato Sudamericano de Atletismo!

#ElEsfuerzoTeDefine",0,32,237,9,149.0K
2025-07-13 05:21:33,BancoPichincha,Jul 11,"El amarillo no es solo un color. Es orgullo. Es pasión. 💛🔥🇪🇨
¡Vamos a darlo todo en la cancha! ⚽️
#ConfianzaEsCreer en el poder del deporte femenino que inspira y empodera. 💪",0,2,7,0,1.0K
2025-07-13 05:21:33,BancoPichincha,Jun 30,"¿Tienes 40 segundos? Entérate de #LoNuevoEnBancoPichincha 💛
📲Pagar o cobrar con tu QR es ahora más fácil.
🎓Conoce la mejor iniciativa para empezar tu carrera laboral.
🏫 Voluntariado para apoyar a comunidad de Cayambe.",0,3,9,3,12.0K
2025-07-13 05:21:33,BancoPichincha,Jun 19,"🇪🇨 En Ecuador, 6 de cada 10 familias de zonas rurales aún no tienen acceso a agua potable. Conseguirla implica recorrer largas distancias o pagar altos costos.💧
Por eso, Banco Pichincha impulsa Sumar Juntos, iniciativa que ya ha cambiado la vida a más de 26 mil personas. 💛",0,26,124,8,157.0K
2025-07-13 05:21:33,BancoPichincha,Jun 16,"Hoy celebramos el esfuerzo de quienes, a pesar de la distancia, siempre están presentes. ✨
Porque detrás de cada envío que realizan, hay más que dinero… hay medicinas, educación, sueños y, sobre todo, ese amor de familia que nunca se pierde. 💛
#DíaInternacionalDeLasRemesas",0,3,27,3,57.0K
2025-07-13 05:21:33,BancoPichincha,Jun 12,"¡Celebramos 10 años formando a los líderes del mañana! 🚀
El mejor semillero de talento del país cumple una década.
444 estudiantes han vivido la experiencia de ser trainees durante 6 semanas en Futuros Líderes, una oportunidad que ha marcado su vida profesional. 💛",0,4,117,14,531.0K
2025-07-13 05:21:33,BancoPichincha,Jun 3,"Hay jugadores en la cancha… y tú. El número 12. ⚽
El que vibra y sufre cada partido.
El que nunca abandona, ni en la gloria ni en la derrota.
Has heredado esta pasión y la llevas como bandera.
Porque darlo todo por tu equipo, te define. 💛
@BarcelonaSC
@LDU_Oficial
@UCatolicaEC",0,28,323,12,791.0K
2025-07-13 05:21:33,BancoPichincha,Jun 2,"Confianza es creer que subir otra vez al podio del #GiroDItalia es posible. 🥉 
Gracias @RichardCarapazM por hacernos vivir momentos como estos. 💛 #ElEsfuerzoTeDefine",1,54,770,8,201.0K
2025-07-13 05:21:33,BancoPichincha,Jun 1,"Una vez más @RichardCarapazM dejó su huella en la historia del ciclismo. 🥉
¡Que orgullo verte en el podio del #GiroDItalia, el quinto en una gran vuelta! 🚴‍♂️
No es casualidad. Es levantarse cuando todos piensan que ya lo diste todo. 
Sí, Locomotora 🚂, #ElEsfuerzoTeDefine",1,55,635,1,77.0K
2025-07-13 05:21:33,BancoPichincha,May 30,"En menos de 1 minuto puedes enterarte de #LoNuevoEnBancoPichincha 💛
💰 Ahorrar a tu ritmo es más fácil gracias a Banca Móvil.
👩🏻‍💼 Seguimos apostando por el emprendimiento femenino. 
🏧 Inauguramos un nuevo cajero en Galápagos.",0,2,23,4,81.0K
2025-07-13 05:21:33,BancoPichincha,May 21,"¡Qué grande eres @RichardCarapazM! 🚂
Lo dejaste todo en la montaña y cruzaste la meta en solitario en la etapa 11 del #GiroDItalia. 🚵
No solo ganaste, volviste a demostrar que nunca hay que dejar de luchar. 💪🏻
El aliento del Ecuador entero te acompaña.🇪🇨
#ElEsfuerzoTeDefine",1,58,472,5,71.0K
2025-07-13 05:21:33,BancoPichincha,May 15,"¡Felicidades @UCatolicaEC! 🩵
Hoy nos unimos a la celebración de los hinchas del #TrencitoAzul que generación tras generación han alentado a la #Chatoleí en estos 62 años. 🎉",0,12,88,2,72.0K
2025-07-13 05:21:33,BancoPichincha,May 14,"¡Tú eres el jugador 12! ⚽
El que lo da todo por los colores de su equipo en casa, en el estadio y por todo el país. 
Y esta es una herencia que has convertido en legado, porque el esfuerzo de darlo todo por tu equipo, te define. 💛
@BarcelonaSC
@LDU_Oficial
@UCatolicaEC",0,21,217,13,689.0K
2025-07-13 05:21:33,BancoPichincha,May 9,"¡Anahí Ortiz es una de las mejores ajedrecistas del continente! 👏
♟️ Detrás de cada una de sus partidas hay años de sacrificio y perseverancia. Hoy celebramos su segundo lugar en el Campeonato Continental Femenino de Ajedrez de las Américas.🥈🇪🇨
#ElEsfuerzoTeDefine",0,10,52,0,21.0K
2025-07-13 05:21:33,BancoPichincha,May 9,"Todo empezó con un dibujo, un desayuno, un regalo hecho con amor. 🥰
Lo que parecía un juego, hoy es un sueño cumplido. ✨
Porque confianza es creer, incluso cuando nadie más lo hace… y tú, mamá, confiaste siempre. 💛
¡Feliz día! 👩🏻‍🍼
#diadelamadre",0,2,25,2,36.0K
2025-07-13 05:21:33,BancoPichincha,May 8,"Porque #ElEsfuerzoTeDefine, queremos verte de nuevo en lo más alto, @RichardCarapazM 🚂
Pedaleamos contigo en el #GirodItalia 💛",1,10,77,0,27.0K
2025-07-13 05:21:33,BancoPichincha,May 8,"100 años de esfuerzo. 💛
100 hinchas que festejaron el centenario de @BarcelonaSC como se merece: en la cancha del 🏟️ estadio Banco Pichincha, en casa, siendo protagonistas de la celebración.
Porque ser torero, es ser parte de una pasión que no se apaga. 🔥",16,14,81,3,47.0K
2025-07-13 05:21:33,BancoPichincha,May 7,"Gracias a Sumar Juntos, un proyecto de Banco Pichincha, cada vez más comunidades se benefician de la instalación de sistemas de agua potable. Esto contribuye a una mejor nutrición de los niños y a una mayor asistencia a escuelas en las zonas rurales del país.",0,19,150,6,443.0K
2025-07-13 05:21:33,BancoPichincha,May 1,"100 años de historia. 
100 años de esfuerzo. 
100 hitos inolvidables. 
@BarcelonaSC hoy celebramos el legado que has construido y que perdurará en la memoria de los hinchas toreros. 💛
¡Felicitaciones, ídolo! 
#CentenarioBSC",0,112,486,10,85.0K
2025-07-13 05:21:33,BancoPichincha,Apr 30,"En 39 segundos, te contamos lo #NuevoEnBancoPichincha para cerrar abril con buenas noticias. 💛

💧Más comunidades con acceso a agua potable, gracias a Sumar Juntos.
📚Oportunidad laboral para los jóvenes de la Amazonía.
📲Descarga tus movimientos en Banca Móvil.",0,4,32,2,78.0K
2025-07-13 05:21:33,BancoPichincha,Apr 25,"Cada triunfo de Anahí Suárez nos recuerda que…
🎯 La perseverancia construye campeones.
🥈 La pasión lleva al podio.
🇪🇨 El orgullo de un país se corre con el corazón.
¡Felicidades por tu medalla de plata en el Campeonato Sudamericano de Atletismo!

#ElEsfuerzoTeDefine",0,31,236,9,149.0K
2025-07-13 06:29:16,BancoPichincha,Jul 11,"El amarillo no es solo un color. Es orgullo. Es pasión. 💛🔥🇪🇨
¡Vamos a darlo todo en la cancha! ⚽️
#ConfianzaEsCreer en el poder del deporte femenino que inspira y empodera. 💪",0,2,7,0,1.0K
2025-07-13 06:29:16,BancoPichincha,Jun 30,"¿Tienes 40 segundos? Entérate de #LoNuevoEnBancoPichincha 💛
📲Pagar o cobrar con tu QR es ahora más fácil.
🎓Conoce la mejor iniciativa para empezar tu carrera laboral.
🏫 Voluntariado para apoyar a comunidad de Cayambe.",0,3,9,3,12.0K
2025-07-13 06:29:16,BancoPichincha,Jun 19,"🇪🇨 En Ecuador, 6 de cada 10 familias de zonas rurales aún no tienen acceso a agua potable. Conseguirla implica recorrer largas distancias o pagar altos costos.💧
Por eso, Banco Pichincha impulsa Sumar Juntos, iniciativa que ya ha cambiado la vida a más de 26 mil personas. 💛",0,26,124,8,157.0K
2025-07-13 06:29:16,BancoPichincha,Jun 16,"Hoy celebramos el esfuerzo de quienes, a pesar de la distancia, siempre están presentes. ✨
Porque detrás de cada envío que realizan, hay más que dinero… hay medicinas, educación, sueños y, sobre todo, ese amor de familia que nunca se pierde. 💛
#DíaInternacionalDeLasRemesas",0,3,27,3,57.0K
2025-07-13 06:29:16,BancoPichincha,Jun 12,"¡Celebramos 10 años formando a los líderes del mañana! 🚀
El mejor semillero de talento del país cumple una década.
444 estudiantes han vivido la experiencia de ser trainees durante 6 semanas en Futuros Líderes, una oportunidad que ha marcado su vida profesional. 💛",0,4,117,14,531.0K
2025-07-13 06:29:16,BancoPichincha,Jun 3,"Hay jugadores en la cancha… y tú. El número 12. ⚽
El que vibra y sufre cada partido.
El que nunca abandona, ni en la gloria ni en la derrota.
Has heredado esta pasión y la llevas como bandera.
Porque darlo todo por tu equipo, te define. 💛
@BarcelonaSC
@LDU_Oficial
@UCatolicaEC",0,28,323,12,791.0K
2025-07-13 06:29:16,BancoPichincha,Jun 2,"Confianza es creer que subir otra vez al podio del #GiroDItalia es posible. 🥉 
Gracias @RichardCarapazM por hacernos vivir momentos como estos. 💛 #ElEsfuerzoTeDefine",1,54,770,8,201.0K
2025-07-13 06:29:16,BancoPichincha,Jun 1,"Una vez más @RichardCarapazM dejó su huella en la historia del ciclismo. 🥉
¡Que orgullo verte en el podio del #GiroDItalia, el quinto en una gran vuelta! 🚴‍♂️
No es casualidad. Es levantarse cuando todos piensan que ya lo diste todo. 
Sí, Locomotora 🚂, #ElEsfuerzoTeDefine",1,56,635,1,77.0K
2025-07-13 06:29:16,BancoPichincha,May 30,"En menos de 1 minuto puedes enterarte de #LoNuevoEnBancoPichincha 💛
💰 Ahorrar a tu ritmo es más fácil gracias a Banca Móvil.
👩🏻‍💼 Seguimos apostando por el emprendimiento femenino. 
🏧 Inauguramos un nuevo cajero en Galápagos.",0,2,23,4,81.0K
2025-07-13 06:29:16,BancoPichincha,May 21,"¡Qué grande eres @RichardCarapazM! 🚂
Lo dejaste todo en la montaña y cruzaste la meta en solitario en la etapa 11 del #GiroDItalia. 🚵
No solo ganaste, volviste a demostrar que nunca hay que dejar de luchar. 💪🏻
El aliento del Ecuador entero te acompaña.🇪🇨
#ElEsfuerzoTeDefine",1,58,473,5,71.0K
2025-07-13 06:29:16,BancoPichincha,May 15,"¡Felicidades @UCatolicaEC! 🩵
Hoy nos unimos a la celebración de los hinchas del #TrencitoAzul que generación tras generación han alentado a la #Chatoleí en estos 62 años. 🎉",0,12,88,2,72.0K
2025-07-13 06:29:16,BancoPichincha,May 14,"¡Tú eres el jugador 12! ⚽
El que lo da todo por los colores de su equipo en casa, en el estadio y por todo el país. 
Y esta es una herencia que has convertido en legado, porque el esfuerzo de darlo todo por tu equipo, te define. 💛
@BarcelonaSC
@LDU_Oficial
@UCatolicaEC",0,21,217,13,689.0K
2025-07-13 06:29:16,BancoPichincha,May 9,"¡Anahí Ortiz es una de las mejores ajedrecistas del continente! 👏
♟️ Detrás de cada una de sus partidas hay años de sacrificio y perseverancia. Hoy celebramos su segundo lugar en el Campeonato Continental Femenino de Ajedrez de las Américas.🥈🇪🇨
#ElEsfuerzoTeDefine",0,10,52,0,21.0K
2025-07-13 06:29:16,BancoPichincha,May 9,"Todo empezó con un dibujo, un desayuno, un regalo hecho con amor. 🥰
Lo que parecía un juego, hoy es un sueño cumplido. ✨
Porque confianza es creer, incluso cuando nadie más lo hace… y tú, mamá, confiaste siempre. 💛
¡Feliz día! 👩🏻‍🍼
#diadelamadre",0,2,25,2,36.0K
2025-07-13 06:29:16,BancoPichincha,May 8,"Porque #ElEsfuerzoTeDefine, queremos verte de nuevo en lo más alto, @RichardCarapazM 🚂
Pedaleamos contigo en el #GirodItalia 💛",1,10,77,0,27.0K
2025-07-13 06:29:16,BancoPichincha,May 8,"100 años de esfuerzo. 💛
100 hinchas que festejaron el centenario de @BarcelonaSC como se merece: en la cancha del 🏟️ estadio Banco Pichincha, en casa, siendo protagonistas de la celebración.
Porque ser torero, es ser parte de una pasión que no se apaga. 🔥",16,14,81,3,47.0K
2025-07-13 06:29:16,BancoPichincha,May 7,"Gracias a Sumar Juntos, un proyecto de Banco Pichincha, cada vez más comunidades se benefician de la instalación de sistemas de agua potable. Esto contribuye a una mejor nutrición de los niños y a una mayor asistencia a escuelas en las zonas rurales del país.",0,19,150,6,443.0K
2025-07-13 06:29:16,BancoPichincha,May 1,"100 años de historia. 
100 años de esfuerzo. 
100 hitos inolvidables. 
@BarcelonaSC hoy celebramos el legado que has construido y que perdurará en la memoria de los hinchas toreros. 💛
¡Felicitaciones, ídolo! 
#CentenarioBSC",0,112,486,10,85.0K
2025-07-13 06:29:16,BancoPichincha,Apr 30,"En 39 segundos, te contamos lo #NuevoEnBancoPichincha para cerrar abril con buenas noticias. 💛

💧Más comunidades con acceso a agua potable, gracias a Sumar Juntos.
📚Oportunidad laboral para los jóvenes de la Amazonía.
📲Descarga tus movimientos en Banca Móvil.",0,4,32,2,78.0K
2025-07-13 06:29:16,BancoPichincha,Apr 25,"Cada triunfo de Anahí Suárez nos recuerda que…
🎯 La perseverancia construye campeones.
🥈 La pasión lleva al podio.
🇪🇨 El orgullo de un país se corre con el corazón.
¡Felicidades por tu medalla de plata en el Campeonato Sudamericano de Atletismo!

#ElEsfuerzoTeDefine",0,31,237,9,149.0K
2025-07-13 07:20:20,BancoPichincha,Jul 11,"El amarillo no es solo un color. Es orgullo. Es pasión. 💛🔥🇪🇨
¡Vamos a darlo todo en la cancha! ⚽️
#ConfianzaEsCreer en el poder del deporte femenino que inspira y empodera. 💪",0,2,7,0,1.0K
2025-07-13 07:20:20,BancoPichincha,Jun 30,"¿Tienes 40 segundos? Entérate de #LoNuevoEnBancoPichincha 💛
📲Pagar o cobrar con tu QR es ahora más fácil.
🎓Conoce la mejor iniciativa para empezar tu carrera laboral.
🏫 Voluntariado para apoyar a comunidad de Cayambe.",0,3,9,3,12.0K
2025-07-13 07:20:20,BancoPichincha,Jun 19,"🇪🇨 En Ecuador, 6 de cada 10 familias de zonas rurales aún no tienen acceso a agua potable. Conseguirla implica recorrer largas distancias o pagar altos costos.💧
Por eso, Banco Pichincha impulsa Sumar Juntos, iniciativa que ya ha cambiado la vida a más de 26 mil personas. 💛",0,26,124,8,157.0K
2025-07-13 07:20:20,BancoPichincha,Jun 16,"Hoy celebramos el esfuerzo de quienes, a pesar de la distancia, siempre están presentes. ✨
Porque detrás de cada envío que realizan, hay más que dinero… hay medicinas, educación, sueños y, sobre todo, ese amor de familia que nunca se pierde. 💛
#DíaInternacionalDeLasRemesas",0,3,27,3,57.0K
2025-07-13 07:20:20,BancoPichincha,Jun 12,"¡Celebramos 10 años formando a los líderes del mañana! 🚀
El mejor semillero de talento del país cumple una década.
444 estudiantes han vivido la experiencia de ser trainees durante 6 semanas en Futuros Líderes, una oportunidad que ha marcado su vida profesional. 💛",0,4,117,14,531.0K
2025-07-13 07:20:20,BancoPichincha,Jun 3,"Hay jugadores en la cancha… y tú. El número 12. ⚽
El que vibra y sufre cada partido.
El que nunca abandona, ni en la gloria ni en la derrota.
Has heredado esta pasión y la llevas como bandera.
Porque darlo todo por tu equipo, te define. 💛
@BarcelonaSC
@LDU_Oficial
@UCatolicaEC",0,28,323,12,791.0K
2025-07-13 07:20:20,BancoPichincha,Jun 2,"Confianza es creer que subir otra vez al podio del #GiroDItalia es posible. 🥉 
Gracias @RichardCarapazM por hacernos vivir momentos como estos. 💛 #ElEsfuerzoTeDefine",1,54,770,8,201.0K
2025-07-13 07:20:20,BancoPichincha,Jun 1,"Una vez más @RichardCarapazM dejó su huella en la historia del ciclismo. 🥉
¡Que orgullo verte en el podio del #GiroDItalia, el quinto en una gran vuelta! 🚴‍♂️
No es casualidad. Es levantarse cuando todos piensan que ya lo diste todo. 
Sí, Locomotora 🚂, #ElEsfuerzoTeDefine",1,55,635,1,77.0K
2025-07-13 07:20:20,BancoPichincha,May 30,"En menos de 1 minuto puedes enterarte de #LoNuevoEnBancoPichincha 💛
💰 Ahorrar a tu ritmo es más fácil gracias a Banca Móvil.
👩🏻‍💼 Seguimos apostando por el emprendimiento femenino. 
🏧 Inauguramos un nuevo cajero en Galápagos.",0,2,23,4,81.0K
2025-07-13 07:20:20,BancoPichincha,May 21,"¡Qué grande eres @RichardCarapazM! 🚂
Lo dejaste todo en la montaña y cruzaste la meta en solitario en la etapa 11 del #GiroDItalia. 🚵
No solo ganaste, volviste a demostrar que nunca hay que dejar de luchar. 💪🏻
El aliento del Ecuador entero te acompaña.🇪🇨
#ElEsfuerzoTeDefine",1,58,473,5,71.0K
2025-07-13 07:20:20,BancoPichincha,May 15,"¡Felicidades @UCatolicaEC! 🩵
Hoy nos unimos a la celebración de los hinchas del #TrencitoAzul que generación tras generación han alentado a la #Chatoleí en estos 62 años. 🎉",0,12,88,2,72.0K
2025-07-13 07:20:20,BancoPichincha,May 14,"¡Tú eres el jugador 12! ⚽
El que lo da todo por los colores de su equipo en casa, en el estadio y por todo el país. 
Y esta es una herencia que has convertido en legado, porque el esfuerzo de darlo todo por tu equipo, te define. 💛
@BarcelonaSC
@LDU_Oficial
@UCatolicaEC",0,21,217,13,689.0K
2025-07-13 07:20:20,BancoPichincha,May 9,"¡Anahí Ortiz es una de las mejores ajedrecistas del continente! 👏
♟️ Detrás de cada una de sus partidas hay años de sacrificio y perseverancia. Hoy celebramos su segundo lugar en el Campeonato Continental Femenino de Ajedrez de las Américas.🥈🇪🇨
#ElEsfuerzoTeDefine",0,10,52,0,21.0K
2025-07-13 07:20:20,BancoPichincha,May 9,"Todo empezó con un dibujo, un desayuno, un regalo hecho con amor. 🥰
Lo que parecía un juego, hoy es un sueño cumplido. ✨
Porque confianza es creer, incluso cuando nadie más lo hace… y tú, mamá, confiaste siempre. 💛
¡Feliz día! 👩🏻‍🍼
#diadelamadre",0,2,25,2,36.0K
2025-07-13 07:20:20,BancoPichincha,May 8,"Porque #ElEsfuerzoTeDefine, queremos verte de nuevo en lo más alto, @RichardCarapazM 🚂
Pedaleamos contigo en el #GirodItalia 💛",1,10,77,0,27.0K
2025-07-13 07:20:20,BancoPichincha,May 8,"100 años de esfuerzo. 💛
100 hinchas que festejaron el centenario de @BarcelonaSC como se merece: en la cancha del 🏟️ estadio Banco Pichincha, en casa, siendo protagonistas de la celebración.
Porque ser torero, es ser parte de una pasión que no se apaga. 🔥",16,14,81,3,47.0K
2025-07-13 07:20:20,BancoPichincha,May 7,"Gracias a Sumar Juntos, un proyecto de Banco Pichincha, cada vez más comunidades se benefician de la instalación de sistemas de agua potable. Esto contribuye a una mejor nutrición de los niños y a una mayor asistencia a escuelas en las zonas rurales del país.",0,19,150,6,443.0K
2025-07-13 07:20:20,BancoPichincha,May 1,"100 años de historia. 
100 años de esfuerzo. 
100 hitos inolvidables. 
@BarcelonaSC hoy celebramos el legado que has construido y que perdurará en la memoria de los hinchas toreros. 💛
¡Felicitaciones, ídolo! 
#CentenarioBSC",0,112,486,10,85.0K
2025-07-13 07:20:20,BancoPichincha,Apr 30,"En 39 segundos, te contamos lo #NuevoEnBancoPichincha para cerrar abril con buenas noticias. 💛

💧Más comunidades con acceso a agua potable, gracias a Sumar Juntos.
📚Oportunidad laboral para los jóvenes de la Amazonía.
📲Descarga tus movimientos en Banca Móvil.",0,4,32,2,78.0K
2025-07-13 07:20:20,BancoPichincha,Apr 25,"Cada triunfo de Anahí Suárez nos recuerda que…
🎯 La perseverancia construye campeones.
🥈 La pasión lleva al podio.
🇪🇨 El orgullo de un país se corre con el corazón.
¡Felicidades por tu medalla de plata en el Campeonato Sudamericano de Atletismo!

#ElEsfuerzoTeDefine",0,31,237,9,149.0K
2025-07-13 08:24:18,BancoPichincha,Jul 11,"El amarillo no es solo un color. Es orgullo. Es pasión. 💛🔥🇪🇨
¡Vamos a darlo todo en la cancha! ⚽️
#ConfianzaEsCreer en el poder del deporte femenino que inspira y empodera. 💪",0,2,7,0,1.0K
2025-07-13 08:24:18,BancoPichincha,Jun 30,"¿Tienes 40 segundos? Entérate de #LoNuevoEnBancoPichincha 💛
📲Pagar o cobrar con tu QR es ahora más fácil.
🎓Conoce la mejor iniciativa para empezar tu carrera laboral.
🏫 Voluntariado para apoyar a comunidad de Cayambe.",0,3,9,3,12.0K
2025-07-13 08:24:18,BancoPichincha,Jun 19,"🇪🇨 En Ecuador, 6 de cada 10 familias de zonas rurales aún no tienen acceso a agua potable. Conseguirla implica recorrer largas distancias o pagar altos costos.💧
Por eso, Banco Pichincha impulsa Sumar Juntos, iniciativa que ya ha cambiado la vida a más de 26 mil personas. 💛",0,26,124,8,157.0K
2025-07-13 08:24:18,BancoPichincha,Jun 16,"Hoy celebramos el esfuerzo de quienes, a pesar de la distancia, siempre están presentes. ✨
Porque detrás de cada envío que realizan, hay más que dinero… hay medicinas, educación, sueños y, sobre todo, ese amor de familia que nunca se pierde. 💛
#DíaInternacionalDeLasRemesas",0,3,27,3,57.0K
2025-07-13 08:24:18,BancoPichincha,Jun 12,"¡Celebramos 10 años formando a los líderes del mañana! 🚀
El mejor semillero de talento del país cumple una década.
444 estudiantes han vivido la experiencia de ser trainees durante 6 semanas en Futuros Líderes, una oportunidad que ha marcado su vida profesional. 💛",0,4,117,14,531.0K
2025-07-13 08:24:18,BancoPichincha,Jun 3,"Hay jugadores en la cancha… y tú. El número 12. ⚽
El que vibra y sufre cada partido.
El que nunca abandona, ni en la gloria ni en la derrota.
Has heredado esta pasión y la llevas como bandera.
Porque darlo todo por tu equipo, te define. 💛
@BarcelonaSC
@LDU_Oficial
@UCatolicaEC",0,28,323,12,791.0K
2025-07-13 08:24:18,BancoPichincha,Jun 2,"Confianza es creer que subir otra vez al podio del #GiroDItalia es posible. 🥉 
Gracias @RichardCarapazM por hacernos vivir momentos como estos. 💛 #ElEsfuerzoTeDefine",1,54,770,8,201.0K
2025-07-13 08:24:18,BancoPichincha,Jun 1,"Una vez más @RichardCarapazM dejó su huella en la historia del ciclismo. 🥉
¡Que orgullo verte en el podio del #GiroDItalia, el quinto en una gran vuelta! 🚴‍♂️
No es casualidad. Es levantarse cuando todos piensan que ya lo diste todo. 
Sí, Locomotora 🚂, #ElEsfuerzoTeDefine",1,55,635,1,77.0K
2025-07-13 08:24:18,BancoPichincha,May 30,"En menos de 1 minuto puedes enterarte de #LoNuevoEnBancoPichincha 💛
💰 Ahorrar a tu ritmo es más fácil gracias a Banca Móvil.
👩🏻‍💼 Seguimos apostando por el emprendimiento femenino. 
🏧 Inauguramos un nuevo cajero en Galápagos.",0,2,23,4,81.0K
2025-07-13 08:24:18,BancoPichincha,May 21,"¡Qué grande eres @RichardCarapazM! 🚂
Lo dejaste todo en la montaña y cruzaste la meta en solitario en la etapa 11 del #GiroDItalia. 🚵
No solo ganaste, volviste a demostrar que nunca hay que dejar de luchar. 💪🏻
El aliento del Ecuador entero te acompaña.🇪🇨
#ElEsfuerzoTeDefine",1,58,473,5,71.0K
2025-07-13 08:24:18,BancoPichincha,May 15,"¡Felicidades @UCatolicaEC! 🩵
Hoy nos unimos a la celebración de los hinchas del #TrencitoAzul que generación tras generación han alentado a la #Chatoleí en estos 62 años. 🎉",0,12,88,2,72.0K
2025-07-13 08:24:18,BancoPichincha,May 14,"¡Tú eres el jugador 12! ⚽
El que lo da todo por los colores de su equipo en casa, en el estadio y por todo el país. 
Y esta es una herencia que has convertido en legado, porque el esfuerzo de darlo todo por tu equipo, te define. 💛
@BarcelonaSC
@LDU_Oficial
@UCatolicaEC",0,21,217,13,689.0K
2025-07-13 08:24:18,BancoPichincha,May 9,"¡Anahí Ortiz es una de las mejores ajedrecistas del continente! 👏
♟️ Detrás de cada una de sus partidas hay años de sacrificio y perseverancia. Hoy celebramos su segundo lugar en el Campeonato Continental Femenino de Ajedrez de las Américas.🥈🇪🇨
#ElEsfuerzoTeDefine",0,10,52,0,21.0K
2025-07-13 08:24:18,BancoPichincha,May 9,"Todo empezó con un dibujo, un desayuno, un regalo hecho con amor. 🥰
Lo que parecía un juego, hoy es un sueño cumplido. ✨
Porque confianza es creer, incluso cuando nadie más lo hace… y tú, mamá, confiaste siempre. 💛
¡Feliz día! 👩🏻‍🍼
#diadelamadre",0,2,25,2,36.0K
2025-07-13 08:24:18,BancoPichincha,May 8,"Porque #ElEsfuerzoTeDefine, queremos verte de nuevo en lo más alto, @RichardCarapazM 🚂
Pedaleamos contigo en el #GirodItalia 💛",1,10,77,0,27.0K
2025-07-13 08:24:18,BancoPichincha,May 8,"100 años de esfuerzo. 💛
100 hinchas que festejaron el centenario de @BarcelonaSC como se merece: en la cancha del 🏟️ estadio Banco Pichincha, en casa, siendo protagonistas de la celebración.
Porque ser torero, es ser parte de una pasión que no se apaga. 🔥",16,14,81,3,47.0K
2025-07-13 08:24:18,BancoPichincha,May 7,"Gracias a Sumar Juntos, un proyecto de Banco Pichincha, cada vez más comunidades se benefician de la instalación de sistemas de agua potable. Esto contribuye a una mejor nutrición de los niños y a una mayor asistencia a escuelas en las zonas rurales del país.",0,19,150,6,443.0K
2025-07-13 08:24:18,BancoPichincha,May 1,"100 años de historia. 
100 años de esfuerzo. 
100 hitos inolvidables. 
@BarcelonaSC hoy celebramos el legado que has construido y que perdurará en la memoria de los hinchas toreros. 💛
¡Felicitaciones, ídolo! 
#CentenarioBSC",0,112,486,10,85.0K
2025-07-13 08:24:18,BancoPichincha,Apr 30,"En 39 segundos, te contamos lo #NuevoEnBancoPichincha para cerrar abril con buenas noticias. 💛

💧Más comunidades con acceso a agua potable, gracias a Sumar Juntos.
📚Oportunidad laboral para los jóvenes de la Amazonía.
📲Descarga tus movimientos en Banca Móvil.",0,4,32,2,78.0K
2025-07-13 08:24:18,BancoPichincha,Apr 25,"Cada triunfo de Anahí Suárez nos recuerda que…
🎯 La perseverancia construye campeones.
🥈 La pasión lleva al podio.
🇪🇨 El orgullo de un país se corre con el corazón.
¡Felicidades por tu medalla de plata en el Campeonato Sudamericano de Atletismo!

#ElEsfuerzoTeDefine",0,31,237,9,149.0K
2025-07-13 09:21:44,BancoPichincha,Jul 11,"El amarillo no es solo un color. Es orgullo. Es pasión. 💛🔥🇪🇨
¡Vamos a darlo todo en la cancha! ⚽️
#ConfianzaEsCreer en el poder del deporte femenino que inspira y empodera. 💪",0,2,7,0,1.0K
2025-07-13 09:21:44,BancoPichincha,Jun 30,"¿Tienes 40 segundos? Entérate de #LoNuevoEnBancoPichincha 💛
📲Pagar o cobrar con tu QR es ahora más fácil.
🎓Conoce la mejor iniciativa para empezar tu carrera laboral.
🏫 Voluntariado para apoyar a comunidad de Cayambe.",0,3,9,3,12.0K
2025-07-13 09:21:44,BancoPichincha,Jun 19,"🇪🇨 En Ecuador, 6 de cada 10 familias de zonas rurales aún no tienen acceso a agua potable. Conseguirla implica recorrer largas distancias o pagar altos costos.💧
Por eso, Banco Pichincha impulsa Sumar Juntos, iniciativa que ya ha cambiado la vida a más de 26 mil personas. 💛",0,26,124,8,157.0K
2025-07-13 09:21:44,BancoPichincha,Jun 16,"Hoy celebramos el esfuerzo de quienes, a pesar de la distancia, siempre están presentes. ✨
Porque detrás de cada envío que realizan, hay más que dinero… hay medicinas, educación, sueños y, sobre todo, ese amor de familia que nunca se pierde. 💛
#DíaInternacionalDeLasRemesas",0,3,27,3,57.0K
2025-07-13 09:21:44,BancoPichincha,Jun 12,"¡Celebramos 10 años formando a los líderes del mañana! 🚀
El mejor semillero de talento del país cumple una década.
444 estudiantes han vivido la experiencia de ser trainees durante 6 semanas en Futuros Líderes, una oportunidad que ha marcado su vida profesional. 💛",0,4,117,14,531.0K
2025-07-13 09:21:44,BancoPichincha,Jun 3,"Hay jugadores en la cancha… y tú. El número 12. ⚽
El que vibra y sufre cada partido.
El que nunca abandona, ni en la gloria ni en la derrota.
Has heredado esta pasión y la llevas como bandera.
Porque darlo todo por tu equipo, te define. 💛
@BarcelonaSC
@LDU_Oficial
@UCatolicaEC",0,28,323,12,791.0K
2025-07-13 09:21:44,BancoPichincha,Jun 2,"Confianza es creer que subir otra vez al podio del #GiroDItalia es posible. 🥉 
Gracias @RichardCarapazM por hacernos vivir momentos como estos. 💛 #ElEsfuerzoTeDefine",1,54,770,8,201.0K
2025-07-13 09:21:44,BancoPichincha,Jun 1,"Una vez más @RichardCarapazM dejó su huella en la historia del ciclismo. 🥉
¡Que orgullo verte en el podio del #GiroDItalia, el quinto en una gran vuelta! 🚴‍♂️
No es casualidad. Es levantarse cuando todos piensan que ya lo diste todo. 
Sí, Locomotora 🚂, #ElEsfuerzoTeDefine",1,55,635,1,77.0K
2025-07-13 09:21:44,BancoPichincha,May 30,"En menos de 1 minuto puedes enterarte de #LoNuevoEnBancoPichincha 💛
💰 Ahorrar a tu ritmo es más fácil gracias a Banca Móvil.
👩🏻‍💼 Seguimos apostando por el emprendimiento femenino. 
🏧 Inauguramos un nuevo cajero en Galápagos.",0,2,23,4,81.0K
2025-07-13 09:21:44,BancoPichincha,May 21,"¡Qué grande eres @RichardCarapazM! 🚂
Lo dejaste todo en la montaña y cruzaste la meta en solitario en la etapa 11 del #GiroDItalia. 🚵
No solo ganaste, volviste a demostrar que nunca hay que dejar de luchar. 💪🏻
El aliento del Ecuador entero te acompaña.🇪🇨
#ElEsfuerzoTeDefine",1,58,473,5,71.0K
2025-07-13 09:21:44,BancoPichincha,May 15,"¡Felicidades @UCatolicaEC! 🩵
Hoy nos unimos a la celebración de los hinchas del #TrencitoAzul que generación tras generación han alentado a la #Chatoleí en estos 62 años. 🎉",0,12,88,2,72.0K
2025-07-13 09:21:44,BancoPichincha,May 14,"¡Tú eres el jugador 12! ⚽
El que lo da todo por los colores de su equipo en casa, en el estadio y por todo el país. 
Y esta es una herencia que has convertido en legado, porque el esfuerzo de darlo todo por tu equipo, te define. 💛
@BarcelonaSC
@LDU_Oficial
@UCatolicaEC",0,21,217,13,689.0K
2025-07-13 09:21:44,BancoPichincha,May 9,"¡Anahí Ortiz es una de las mejores ajedrecistas del continente! 👏
♟️ Detrás de cada una de sus partidas hay años de sacrificio y perseverancia. Hoy celebramos su segundo lugar en el Campeonato Continental Femenino de Ajedrez de las Américas.🥈🇪🇨
#ElEsfuerzoTeDefine",0,10,52,0,21.0K
2025-07-13 09:21:44,BancoPichincha,May 9,"Todo empezó con un dibujo, un desayuno, un regalo hecho con amor. 🥰
Lo que parecía un juego, hoy es un sueño cumplido. ✨
Porque confianza es creer, incluso cuando nadie más lo hace… y tú, mamá, confiaste siempre. 💛
¡Feliz día! 👩🏻‍🍼
#diadelamadre",0,2,25,2,36.0K
2025-07-13 09:21:44,BancoPichincha,May 8,"Porque #ElEsfuerzoTeDefine, queremos verte de nuevo en lo más alto, @RichardCarapazM 🚂
Pedaleamos contigo en el #GirodItalia 💛",1,10,77,0,27.0K
2025-07-13 09:21:44,BancoPichincha,May 8,"100 años de esfuerzo. 💛
100 hinchas que festejaron el centenario de @BarcelonaSC como se merece: en la cancha del 🏟️ estadio Banco Pichincha, en casa, siendo protagonistas de la celebración.
Porque ser torero, es ser parte de una pasión que no se apaga. 🔥",16,14,81,3,47.0K
2025-07-13 09:21:44,BancoPichincha,May 7,"Gracias a Sumar Juntos, un proyecto de Banco Pichincha, cada vez más comunidades se benefician de la instalación de sistemas de agua potable. Esto contribuye a una mejor nutrición de los niños y a una mayor asistencia a escuelas en las zonas rurales del país.",0,19,150,6,443.0K
2025-07-13 09:21:44,BancoPichincha,May 1,"100 años de historia. 
100 años de esfuerzo. 
100 hitos inolvidables. 
@BarcelonaSC hoy celebramos el legado que has construido y que perdurará en la memoria de los hinchas toreros. 💛
¡Felicitaciones, ídolo! 
#CentenarioBSC",0,112,486,10,85.0K
2025-07-13 09:21:44,BancoPichincha,Apr 30,"En 39 segundos, te contamos lo #NuevoEnBancoPichincha para cerrar abril con buenas noticias. 💛

💧Más comunidades con acceso a agua potable, gracias a Sumar Juntos.
📚Oportunidad laboral para los jóvenes de la Amazonía.
📲Descarga tus movimientos en Banca Móvil.",0,4,32,2,78.0K
2025-07-13 09:21:44,BancoPichincha,Apr 25,"Cada triunfo de Anahí Suárez nos recuerda que…
🎯 La perseverancia construye campeones.
🥈 La pasión lleva al podio.
🇪🇨 El orgullo de un país se corre con el corazón.
¡Felicidades por tu medalla de plata en el Campeonato Sudamericano de Atletismo!

#ElEsfuerzoTeDefine",0,31,237,9,149.0K
2025-07-13 10:21:42,BancoPichincha,Jul 11,"El amarillo no es solo un color. Es orgullo. Es pasión. 💛🔥🇪🇨
¡Vamos a darlo todo en la cancha! ⚽️
#ConfianzaEsCreer en el poder del deporte femenino que inspira y empodera. 💪",0,2,7,0,1.0K
2025-07-13 10:21:42,BancoPichincha,Jun 30,"¿Tienes 40 segundos? Entérate de #LoNuevoEnBancoPichincha 💛
📲Pagar o cobrar con tu QR es ahora más fácil.
🎓Conoce la mejor iniciativa para empezar tu carrera laboral.
🏫 Voluntariado para apoyar a comunidad de Cayambe.",0,3,9,3,12.0K
2025-07-13 10:21:42,BancoPichincha,Jun 19,"🇪🇨 En Ecuador, 6 de cada 10 familias de zonas rurales aún no tienen acceso a agua potable. Conseguirla implica recorrer largas distancias o pagar altos costos.💧
Por eso, Banco Pichincha impulsa Sumar Juntos, iniciativa que ya ha cambiado la vida a más de 26 mil personas. 💛",0,26,124,8,157.0K
2025-07-13 10:21:42,BancoPichincha,Jun 16,"Hoy celebramos el esfuerzo de quienes, a pesar de la distancia, siempre están presentes. ✨
Porque detrás de cada envío que realizan, hay más que dinero… hay medicinas, educación, sueños y, sobre todo, ese amor de familia que nunca se pierde. 💛
#DíaInternacionalDeLasRemesas",0,3,27,3,57.0K
2025-07-13 10:21:42,BancoPichincha,Jun 12,"¡Celebramos 10 años formando a los líderes del mañana! 🚀
El mejor semillero de talento del país cumple una década.
444 estudiantes han vivido la experiencia de ser trainees durante 6 semanas en Futuros Líderes, una oportunidad que ha marcado su vida profesional. 💛",0,4,117,14,531.0K
2025-07-13 10:21:42,BancoPichincha,Jun 3,"Hay jugadores en la cancha… y tú. El número 12. ⚽
El que vibra y sufre cada partido.
El que nunca abandona, ni en la gloria ni en la derrota.
Has heredado esta pasión y la llevas como bandera.
Porque darlo todo por tu equipo, te define. 💛
@BarcelonaSC
@LDU_Oficial
@UCatolicaEC",0,28,323,12,791.0K
2025-07-13 10:21:42,BancoPichincha,Jun 2,"Confianza es creer que subir otra vez al podio del #GiroDItalia es posible. 🥉 
Gracias @RichardCarapazM por hacernos vivir momentos como estos. 💛 #ElEsfuerzoTeDefine",1,54,770,8,201.0K
2025-07-13 10:21:42,BancoPichincha,Jun 1,"Una vez más @RichardCarapazM dejó su huella en la historia del ciclismo. 🥉
¡Que orgullo verte en el podio del #GiroDItalia, el quinto en una gran vuelta! 🚴‍♂️
No es casualidad. Es levantarse cuando todos piensan que ya lo diste todo. 
Sí, Locomotora 🚂, #ElEsfuerzoTeDefine",1,55,635,1,77.0K
2025-07-13 10:21:42,BancoPichincha,May 30,"En menos de 1 minuto puedes enterarte de #LoNuevoEnBancoPichincha 💛
💰 Ahorrar a tu ritmo es más fácil gracias a Banca Móvil.
👩🏻‍💼 Seguimos apostando por el emprendimiento femenino. 
🏧 Inauguramos un nuevo cajero en Galápagos.",0,2,23,4,81.0K
2025-07-13 10:21:42,BancoPichincha,May 21,"¡Qué grande eres @RichardCarapazM! 🚂
Lo dejaste todo en la montaña y cruzaste la meta en solitario en la etapa 11 del #GiroDItalia. 🚵
No solo ganaste, volviste a demostrar que nunca hay que dejar de luchar. 💪🏻
El aliento del Ecuador entero te acompaña.🇪🇨
#ElEsfuerzoTeDefine",1,58,473,5,71.0K
2025-07-13 10:21:42,BancoPichincha,May 15,"¡Felicidades @UCatolicaEC! 🩵
Hoy nos unimos a la celebración de los hinchas del #TrencitoAzul que generación tras generación han alentado a la #Chatoleí en estos 62 años. 🎉",0,12,88,2,72.0K
2025-07-13 10:21:42,BancoPichincha,May 14,"¡Tú eres el jugador 12! ⚽
El que lo da todo por los colores de su equipo en casa, en el estadio y por todo el país. 
Y esta es una herencia que has convertido en legado, porque el esfuerzo de darlo todo por tu equipo, te define. 💛
@BarcelonaSC
@LDU_Oficial
@UCatolicaEC",0,21,217,13,689.0K
2025-07-13 10:21:42,BancoPichincha,May 9,"¡Anahí Ortiz es una de las mejores ajedrecistas del continente! 👏
♟️ Detrás de cada una de sus partidas hay años de sacrificio y perseverancia. Hoy celebramos su segundo lugar en el Campeonato Continental Femenino de Ajedrez de las Américas.🥈🇪🇨
#ElEsfuerzoTeDefine",0,10,52,0,21.0K
2025-07-13 10:21:42,BancoPichincha,May 9,"Todo empezó con un dibujo, un desayuno, un regalo hecho con amor. 🥰
Lo que parecía un juego, hoy es un sueño cumplido. ✨
Porque confianza es creer, incluso cuando nadie más lo hace… y tú, mamá, confiaste siempre. 💛
¡Feliz día! 👩🏻‍🍼
#diadelamadre",0,2,25,2,36.0K
2025-07-13 10:21:42,BancoPichincha,May 8,"Porque #ElEsfuerzoTeDefine, queremos verte de nuevo en lo más alto, @RichardCarapazM 🚂
Pedaleamos contigo en el #GirodItalia 💛",1,10,77,0,27.0K
2025-07-13 10:21:42,BancoPichincha,May 8,"100 años de esfuerzo. 💛
100 hinchas que festejaron el centenario de @BarcelonaSC como se merece: en la cancha del 🏟️ estadio Banco Pichincha, en casa, siendo protagonistas de la celebración.
Porque ser torero, es ser parte de una pasión que no se apaga. 🔥",16,14,81,3,47.0K
2025-07-13 10:21:42,BancoPichincha,May 7,"Gracias a Sumar Juntos, un proyecto de Banco Pichincha, cada vez más comunidades se benefician de la instalación de sistemas de agua potable. Esto contribuye a una mejor nutrición de los niños y a una mayor asistencia a escuelas en las zonas rurales del país.",0,19,150,6,443.0K
2025-07-13 10:21:42,BancoPichincha,May 1,"100 años de historia. 
100 años de esfuerzo. 
100 hitos inolvidables. 
@BarcelonaSC hoy celebramos el legado que has construido y que perdurará en la memoria de los hinchas toreros. 💛
¡Felicitaciones, ídolo! 
#CentenarioBSC",0,112,486,10,85.0K
2025-07-13 10:21:42,BancoPichincha,Apr 30,"En 39 segundos, te contamos lo #NuevoEnBancoPichincha para cerrar abril con buenas noticias. 💛

💧Más comunidades con acceso a agua potable, gracias a Sumar Juntos.
📚Oportunidad laboral para los jóvenes de la Amazonía.
📲Descarga tus movimientos en Banca Móvil.",0,4,32,2,78.0K
2025-07-13 10:21:42,BancoPichincha,Apr 25,"Cada triunfo de Anahí Suárez nos recuerda que…
🎯 La perseverancia construye campeones.
🥈 La pasión lleva al podio.
🇪🇨 El orgullo de un país se corre con el corazón.
¡Felicidades por tu medalla de plata en el Campeonato Sudamericano de Atletismo!

#ElEsfuerzoTeDefine",0,31,237,9,149.0K
2025-07-13 11:16:04,BancoPichincha,Jul 11,"El amarillo no es solo un color. Es orgullo. Es pasión. 💛🔥🇪🇨
¡Vamos a darlo todo en la cancha! ⚽️
#ConfianzaEsCreer en el poder del deporte femenino que inspira y empodera. 💪",0,2,7,0,1.0K
2025-07-13 11:16:04,BancoPichincha,Jun 30,"¿Tienes 40 segundos? Entérate de #LoNuevoEnBancoPichincha 💛
📲Pagar o cobrar con tu QR es ahora más fácil.
🎓Conoce la mejor iniciativa para empezar tu carrera laboral.
🏫 Voluntariado para apoyar a comunidad de Cayambe.",0,3,9,3,12.0K
2025-07-13 11:16:04,BancoPichincha,Jun 19,"🇪🇨 En Ecuador, 6 de cada 10 familias de zonas rurales aún no tienen acceso a agua potable. Conseguirla implica recorrer largas distancias o pagar altos costos.💧
Por eso, Banco Pichincha impulsa Sumar Juntos, iniciativa que ya ha cambiado la vida a más de 26 mil personas. 💛",0,26,124,8,157.0K
2025-07-13 11:16:04,BancoPichincha,Jun 16,"Hoy celebramos el esfuerzo de quienes, a pesar de la distancia, siempre están presentes. ✨
Porque detrás de cada envío que realizan, hay más que dinero… hay medicinas, educación, sueños y, sobre todo, ese amor de familia que nunca se pierde. 💛
#DíaInternacionalDeLasRemesas",0,3,27,3,57.0K
2025-07-13 11:16:04,BancoPichincha,Jun 12,"¡Celebramos 10 años formando a los líderes del mañana! 🚀
El mejor semillero de talento del país cumple una década.
444 estudiantes han vivido la experiencia de ser trainees durante 6 semanas en Futuros Líderes, una oportunidad que ha marcado su vida profesional. 💛",0,4,117,14,531.0K
2025-07-13 11:16:04,BancoPichincha,Jun 3,"Hay jugadores en la cancha… y tú. El número 12. ⚽
El que vibra y sufre cada partido.
El que nunca abandona, ni en la gloria ni en la derrota.
Has heredado esta pasión y la llevas como bandera.
Porque darlo todo por tu equipo, te define. 💛
@BarcelonaSC
@LDU_Oficial
@UCatolicaEC",0,28,323,12,791.0K
2025-07-13 11:16:04,BancoPichincha,Jun 2,"Confianza es creer que subir otra vez al podio del #GiroDItalia es posible. 🥉 
Gracias @RichardCarapazM por hacernos vivir momentos como estos. 💛 #ElEsfuerzoTeDefine",1,54,770,8,201.0K
2025-07-13 11:16:04,BancoPichincha,Jun 1,"Una vez más @RichardCarapazM dejó su huella en la historia del ciclismo. 🥉
¡Que orgullo verte en el podio del #GiroDItalia, el quinto en una gran vuelta! 🚴‍♂️
No es casualidad. Es levantarse cuando todos piensan que ya lo diste todo. 
Sí, Locomotora 🚂, #ElEsfuerzoTeDefine",1,55,635,1,77.0K
2025-07-13 11:16:04,BancoPichincha,May 30,"En menos de 1 minuto puedes enterarte de #LoNuevoEnBancoPichincha 💛
💰 Ahorrar a tu ritmo es más fácil gracias a Banca Móvil.
👩🏻‍💼 Seguimos apostando por el emprendimiento femenino. 
🏧 Inauguramos un nuevo cajero en Galápagos.",0,2,23,4,81.0K
2025-07-13 11:16:04,BancoPichincha,May 21,"¡Qué grande eres @RichardCarapazM! 🚂
Lo dejaste todo en la montaña y cruzaste la meta en solitario en la etapa 11 del #GiroDItalia. 🚵
No solo ganaste, volviste a demostrar que nunca hay que dejar de luchar. 💪🏻
El aliento del Ecuador entero te acompaña.🇪🇨
#ElEsfuerzoTeDefine",1,58,473,5,71.0K
2025-07-13 11:16:04,BancoPichincha,May 15,"¡Felicidades @UCatolicaEC! 🩵
Hoy nos unimos a la celebración de los hinchas del #TrencitoAzul que generación tras generación han alentado a la #Chatoleí en estos 62 años. 🎉",0,12,88,2,72.0K
2025-07-13 11:16:04,BancoPichincha,May 14,"¡Tú eres el jugador 12! ⚽
El que lo da todo por los colores de su equipo en casa, en el estadio y por todo el país. 
Y esta es una herencia que has convertido en legado, porque el esfuerzo de darlo todo por tu equipo, te define. 💛
@BarcelonaSC
@LDU_Oficial
@UCatolicaEC",0,21,217,13,689.0K
2025-07-13 11:16:04,BancoPichincha,May 9,"¡Anahí Ortiz es una de las mejores ajedrecistas del continente! 👏
♟️ Detrás de cada una de sus partidas hay años de sacrificio y perseverancia. Hoy celebramos su segundo lugar en el Campeonato Continental Femenino de Ajedrez de las Américas.🥈🇪🇨
#ElEsfuerzoTeDefine",0,10,52,0,21.0K
2025-07-13 11:16:04,BancoPichincha,May 9,"Todo empezó con un dibujo, un desayuno, un regalo hecho con amor. 🥰
Lo que parecía un juego, hoy es un sueño cumplido. ✨
Porque confianza es creer, incluso cuando nadie más lo hace… y tú, mamá, confiaste siempre. 💛
¡Feliz día! 👩🏻‍🍼
#diadelamadre",0,2,25,2,36.0K
2025-07-13 11:16:04,BancoPichincha,May 8,"Porque #ElEsfuerzoTeDefine, queremos verte de nuevo en lo más alto, @RichardCarapazM 🚂
Pedaleamos contigo en el #GirodItalia 💛",1,10,77,0,27.0K
2025-07-13 11:16:04,BancoPichincha,May 8,"100 años de esfuerzo. 💛
100 hinchas que festejaron el centenario de @BarcelonaSC como se merece: en la cancha del 🏟️ estadio Banco Pichincha, en casa, siendo protagonistas de la celebración.
Porque ser torero, es ser parte de una pasión que no se apaga. 🔥",16,14,81,3,47.0K
2025-07-13 11:16:04,BancoPichincha,May 7,"Gracias a Sumar Juntos, un proyecto de Banco Pichincha, cada vez más comunidades se benefician de la instalación de sistemas de agua potable. Esto contribuye a una mejor nutrición de los niños y a una mayor asistencia a escuelas en las zonas rurales del país.",0,19,150,6,443.0K
2025-07-13 11:16:04,BancoPichincha,May 1,"100 años de historia. 
100 años de esfuerzo. 
100 hitos inolvidables. 
@BarcelonaSC hoy celebramos el legado que has construido y que perdurará en la memoria de los hinchas toreros. 💛
¡Felicitaciones, ídolo! 
#CentenarioBSC",0,112,486,10,85.0K
2025-07-13 11:16:04,BancoPichincha,Apr 30,"En 39 segundos, te contamos lo #NuevoEnBancoPichincha para cerrar abril con buenas noticias. 💛

💧Más comunidades con acceso a agua potable, gracias a Sumar Juntos.
📚Oportunidad laboral para los jóvenes de la Amazonía.
📲Descarga tus movimientos en Banca Móvil.",0,4,32,2,78.0K
2025-07-13 11:16:04,BancoPichincha,Apr 25,"Cada triunfo de Anahí Suárez nos recuerda que…
🎯 La perseverancia construye campeones.
🥈 La pasión lleva al podio.
🇪🇨 El orgullo de un país se corre con el corazón.
¡Felicidades por tu medalla de plata en el Campeonato Sudamericano de Atletismo!

#ElEsfuerzoTeDefine",0,31,237,9,149.0K
2025-07-13 12:38:07,BancoPichincha,Jul 11,"El amarillo no es solo un color. Es orgullo. Es pasión. 💛🔥🇪🇨
¡Vamos a darlo todo en la cancha! ⚽️
#ConfianzaEsCreer en el poder del deporte femenino que inspira y empodera. 💪",0,2,7,0,1.0K
2025-07-13 12:38:07,BancoPichincha,Jun 30,"¿Tienes 40 segundos? Entérate de #LoNuevoEnBancoPichincha 💛
📲Pagar o cobrar con tu QR es ahora más fácil.
🎓Conoce la mejor iniciativa para empezar tu carrera laboral.
🏫 Voluntariado para apoyar a comunidad de Cayambe.",0,3,9,3,12.0K
2025-07-13 12:38:07,BancoPichincha,Jun 19,"🇪🇨 En Ecuador, 6 de cada 10 familias de zonas rurales aún no tienen acceso a agua potable. Conseguirla implica recorrer largas distancias o pagar altos costos.💧
Por eso, Banco Pichincha impulsa Sumar Juntos, iniciativa que ya ha cambiado la vida a más de 26 mil personas. 💛",0,26,124,8,157.0K
2025-07-13 12:38:07,BancoPichincha,Jun 16,"Hoy celebramos el esfuerzo de quienes, a pesar de la distancia, siempre están presentes. ✨
Porque detrás de cada envío que realizan, hay más que dinero… hay medicinas, educación, sueños y, sobre todo, ese amor de familia que nunca se pierde. 💛
#DíaInternacionalDeLasRemesas",0,3,27,3,57.0K
2025-07-13 12:38:07,BancoPichincha,Jun 12,"¡Celebramos 10 años formando a los líderes del mañana! 🚀
El mejor semillero de talento del país cumple una década.
444 estudiantes han vivido la experiencia de ser trainees durante 6 semanas en Futuros Líderes, una oportunidad que ha marcado su vida profesional. 💛",0,4,117,14,531.0K
2025-07-13 12:38:07,BancoPichincha,Jun 3,"Hay jugadores en la cancha… y tú. El número 12. ⚽
El que vibra y sufre cada partido.
El que nunca abandona, ni en la gloria ni en la derrota.
Has heredado esta pasión y la llevas como bandera.
Porque darlo todo por tu equipo, te define. 💛
@BarcelonaSC
@LDU_Oficial
@UCatolicaEC",0,28,323,12,791.0K
2025-07-13 12:38:07,BancoPichincha,Jun 2,"Confianza es creer que subir otra vez al podio del #GiroDItalia es posible. 🥉 
Gracias @RichardCarapazM por hacernos vivir momentos como estos. 💛 #ElEsfuerzoTeDefine",1,54,769,8,201.0K
2025-07-13 12:38:07,BancoPichincha,Jun 1,"Una vez más @RichardCarapazM dejó su huella en la historia del ciclismo. 🥉
¡Que orgullo verte en el podio del #GiroDItalia, el quinto en una gran vuelta! 🚴‍♂️
No es casualidad. Es levantarse cuando todos piensan que ya lo diste todo. 
Sí, Locomotora 🚂, #ElEsfuerzoTeDefine",1,55,635,1,77.0K
2025-07-13 12:38:07,BancoPichincha,May 30,"En menos de 1 minuto puedes enterarte de #LoNuevoEnBancoPichincha 💛
💰 Ahorrar a tu ritmo es más fácil gracias a Banca Móvil.
👩🏻‍💼 Seguimos apostando por el emprendimiento femenino. 
🏧 Inauguramos un nuevo cajero en Galápagos.",0,2,23,4,81.0K
2025-07-13 12:38:07,BancoPichincha,May 21,"¡Qué grande eres @RichardCarapazM! 🚂
Lo dejaste todo en la montaña y cruzaste la meta en solitario en la etapa 11 del #GiroDItalia. 🚵
No solo ganaste, volviste a demostrar que nunca hay que dejar de luchar. 💪🏻
El aliento del Ecuador entero te acompaña.🇪🇨
#ElEsfuerzoTeDefine",1,58,473,5,71.0K
2025-07-13 12:38:07,BancoPichincha,May 15,"¡Felicidades @UCatolicaEC! 🩵
Hoy nos unimos a la celebración de los hinchas del #TrencitoAzul que generación tras generación han alentado a la #Chatoleí en estos 62 años. 🎉",0,12,88,2,72.0K
2025-07-13 12:38:07,BancoPichincha,May 14,"¡Tú eres el jugador 12! ⚽
El que lo da todo por los colores de su equipo en casa, en el estadio y por todo el país. 
Y esta es una herencia que has convertido en legado, porque el esfuerzo de darlo todo por tu equipo, te define. 💛
@BarcelonaSC
@LDU_Oficial
@UCatolicaEC",0,21,217,13,689.0K
2025-07-13 12:38:07,BancoPichincha,May 9,"¡Anahí Ortiz es una de las mejores ajedrecistas del continente! 👏
♟️ Detrás de cada una de sus partidas hay años de sacrificio y perseverancia. Hoy celebramos su segundo lugar en el Campeonato Continental Femenino de Ajedrez de las Américas.🥈🇪🇨
#ElEsfuerzoTeDefine",0,10,52,0,21.0K
2025-07-13 12:38:07,BancoPichincha,May 9,"Todo empezó con un dibujo, un desayuno, un regalo hecho con amor. 🥰
Lo que parecía un juego, hoy es un sueño cumplido. ✨
Porque confianza es creer, incluso cuando nadie más lo hace… y tú, mamá, confiaste siempre. 💛
¡Feliz día! 👩🏻‍🍼
#diadelamadre",0,2,25,2,36.0K
2025-07-13 12:38:07,BancoPichincha,May 8,"Porque #ElEsfuerzoTeDefine, queremos verte de nuevo en lo más alto, @RichardCarapazM 🚂
Pedaleamos contigo en el #GirodItalia 💛",1,10,77,0,27.0K
2025-07-13 12:38:07,BancoPichincha,May 8,"100 años de esfuerzo. 💛
100 hinchas que festejaron el centenario de @BarcelonaSC como se merece: en la cancha del 🏟️ estadio Banco Pichincha, en casa, siendo protagonistas de la celebración.
Porque ser torero, es ser parte de una pasión que no se apaga. 🔥",16,14,81,3,47.0K
2025-07-13 12:38:07,BancoPichincha,May 7,"Gracias a Sumar Juntos, un proyecto de Banco Pichincha, cada vez más comunidades se benefician de la instalación de sistemas de agua potable. Esto contribuye a una mejor nutrición de los niños y a una mayor asistencia a escuelas en las zonas rurales del país.",0,19,150,6,443.0K
2025-07-13 12:38:07,BancoPichincha,May 1,"100 años de historia. 
100 años de esfuerzo. 
100 hitos inolvidables. 
@BarcelonaSC hoy celebramos el legado que has construido y que perdurará en la memoria de los hinchas toreros. 💛
¡Felicitaciones, ídolo! 
#CentenarioBSC",0,112,486,10,85.0K
2025-07-13 12:38:07,BancoPichincha,Apr 30,"En 39 segundos, te contamos lo #NuevoEnBancoPichincha para cerrar abril con buenas noticias. 💛

💧Más comunidades con acceso a agua potable, gracias a Sumar Juntos.
📚Oportunidad laboral para los jóvenes de la Amazonía.
📲Descarga tus movimientos en Banca Móvil.",0,4,32,2,78.0K
2025-07-13 12:38:07,BancoPichincha,Apr 25,"Cada triunfo de Anahí Suárez nos recuerda que…
🎯 La perseverancia construye campeones.
🥈 La pasión lleva al podio.
🇪🇨 El orgullo de un país se corre con el corazón.
¡Felicidades por tu medalla de plata en el Campeonato Sudamericano de Atletismo!

#ElEsfuerzoTeDefine",0,31,237,9,149.0K
2025-07-13 13:29:21,BancoPichincha,Jul 11,"El amarillo no es solo un color. Es orgullo. Es pasión. 💛🔥🇪🇨
¡Vamos a darlo todo en la cancha! ⚽️
#ConfianzaEsCreer en el poder del deporte femenino que inspira y empodera. 💪",0,2,7,0,1.0K
2025-07-13 13:29:21,BancoPichincha,Jun 30,"¿Tienes 40 segundos? Entérate de #LoNuevoEnBancoPichincha 💛
📲Pagar o cobrar con tu QR es ahora más fácil.
🎓Conoce la mejor iniciativa para empezar tu carrera laboral.
🏫 Voluntariado para apoyar a comunidad de Cayambe.",0,3,9,3,12.0K
2025-07-13 13:29:21,BancoPichincha,Jun 19,"🇪🇨 En Ecuador, 6 de cada 10 familias de zonas rurales aún no tienen acceso a agua potable. Conseguirla implica recorrer largas distancias o pagar altos costos.💧
Por eso, Banco Pichincha impulsa Sumar Juntos, iniciativa que ya ha cambiado la vida a más de 26 mil personas. 💛",0,26,124,8,157.0K
2025-07-13 13:29:21,BancoPichincha,Jun 16,"Hoy celebramos el esfuerzo de quienes, a pesar de la distancia, siempre están presentes. ✨
Porque detrás de cada envío que realizan, hay más que dinero… hay medicinas, educación, sueños y, sobre todo, ese amor de familia que nunca se pierde. 💛
#DíaInternacionalDeLasRemesas",0,3,27,3,57.0K
2025-07-13 13:29:21,BancoPichincha,Jun 12,"¡Celebramos 10 años formando a los líderes del mañana! 🚀
El mejor semillero de talento del país cumple una década.
444 estudiantes han vivido la experiencia de ser trainees durante 6 semanas en Futuros Líderes, una oportunidad que ha marcado su vida profesional. 💛",0,4,117,14,531.0K
2025-07-13 13:29:21,BancoPichincha,Jun 3,"Hay jugadores en la cancha… y tú. El número 12. ⚽
El que vibra y sufre cada partido.
El que nunca abandona, ni en la gloria ni en la derrota.
Has heredado esta pasión y la llevas como bandera.
Porque darlo todo por tu equipo, te define. 💛
@BarcelonaSC
@LDU_Oficial
@UCatolicaEC",0,28,323,12,791.0K
2025-07-13 13:29:21,BancoPichincha,Jun 2,"Confianza es creer que subir otra vez al podio del #GiroDItalia es posible. 🥉 
Gracias @RichardCarapazM por hacernos vivir momentos como estos. 💛 #ElEsfuerzoTeDefine",1,54,769,8,201.0K
2025-07-13 13:29:21,BancoPichincha,Jun 1,"Una vez más @RichardCarapazM dejó su huella en la historia del ciclismo. 🥉
¡Que orgullo verte en el podio del #GiroDItalia, el quinto en una gran vuelta! 🚴‍♂️
No es casualidad. Es levantarse cuando todos piensan que ya lo diste todo. 
Sí, Locomotora 🚂, #ElEsfuerzoTeDefine",1,55,635,1,77.0K
2025-07-13 13:29:21,BancoPichincha,May 30,"En menos de 1 minuto puedes enterarte de #LoNuevoEnBancoPichincha 💛
💰 Ahorrar a tu ritmo es más fácil gracias a Banca Móvil.
👩🏻‍💼 Seguimos apostando por el emprendimiento femenino. 
🏧 Inauguramos un nuevo cajero en Galápagos.",0,2,23,4,81.0K
2025-07-13 13:29:21,BancoPichincha,May 21,"¡Qué grande eres @RichardCarapazM! 🚂
Lo dejaste todo en la montaña y cruzaste la meta en solitario en la etapa 11 del #GiroDItalia. 🚵
No solo ganaste, volviste a demostrar que nunca hay que dejar de luchar. 💪🏻
El aliento del Ecuador entero te acompaña.🇪🇨
#ElEsfuerzoTeDefine",1,58,473,5,71.0K
2025-07-13 13:29:21,BancoPichincha,May 15,"¡Felicidades @UCatolicaEC! 🩵
Hoy nos unimos a la celebración de los hinchas del #TrencitoAzul que generación tras generación han alentado a la #Chatoleí en estos 62 años. 🎉",0,12,88,2,72.0K
2025-07-13 13:29:21,BancoPichincha,May 14,"¡Tú eres el jugador 12! ⚽
El que lo da todo por los colores de su equipo en casa, en el estadio y por todo el país. 
Y esta es una herencia que has convertido en legado, porque el esfuerzo de darlo todo por tu equipo, te define. 💛
@BarcelonaSC
@LDU_Oficial
@UCatolicaEC",0,21,217,13,689.0K
2025-07-13 13:29:21,BancoPichincha,May 9,"¡Anahí Ortiz es una de las mejores ajedrecistas del continente! 👏
♟️ Detrás de cada una de sus partidas hay años de sacrificio y perseverancia. Hoy celebramos su segundo lugar en el Campeonato Continental Femenino de Ajedrez de las Américas.🥈🇪🇨
#ElEsfuerzoTeDefine",0,10,52,0,21.0K
2025-07-13 13:29:21,BancoPichincha,May 9,"Todo empezó con un dibujo, un desayuno, un regalo hecho con amor. 🥰
Lo que parecía un juego, hoy es un sueño cumplido. ✨
Porque confianza es creer, incluso cuando nadie más lo hace… y tú, mamá, confiaste siempre. 💛
¡Feliz día! 👩🏻‍🍼
#diadelamadre",0,2,25,2,36.0K
2025-07-13 13:29:21,BancoPichincha,May 8,"Porque #ElEsfuerzoTeDefine, queremos verte de nuevo en lo más alto, @RichardCarapazM 🚂
Pedaleamos contigo en el #GirodItalia 💛",1,10,77,0,27.0K
2025-07-13 13:29:21,BancoPichincha,May 8,"100 años de esfuerzo. 💛
100 hinchas que festejaron el centenario de @BarcelonaSC como se merece: en la cancha del 🏟️ estadio Banco Pichincha, en casa, siendo protagonistas de la celebración.
Porque ser torero, es ser parte de una pasión que no se apaga. 🔥",16,14,81,3,47.0K
2025-07-13 13:29:21,BancoPichincha,May 7,"Gracias a Sumar Juntos, un proyecto de Banco Pichincha, cada vez más comunidades se benefician de la instalación de sistemas de agua potable. Esto contribuye a una mejor nutrición de los niños y a una mayor asistencia a escuelas en las zonas rurales del país.",0,19,150,6,443.0K
2025-07-13 13:29:21,BancoPichincha,May 1,"100 años de historia. 
100 años de esfuerzo. 
100 hitos inolvidables. 
@BarcelonaSC hoy celebramos el legado que has construido y que perdurará en la memoria de los hinchas toreros. 💛
¡Felicitaciones, ídolo! 
#CentenarioBSC",0,112,486,10,85.0K
2025-07-13 13:29:21,BancoPichincha,Apr 30,"En 39 segundos, te contamos lo #NuevoEnBancoPichincha para cerrar abril con buenas noticias. 💛

💧Más comunidades con acceso a agua potable, gracias a Sumar Juntos.
📚Oportunidad laboral para los jóvenes de la Amazonía.
📲Descarga tus movimientos en Banca Móvil.",0,4,32,2,78.0K
2025-07-13 13:29:21,BancoPichincha,Apr 25,"Cada triunfo de Anahí Suárez nos recuerda que…
🎯 La perseverancia construye campeones.
🥈 La pasión lleva al podio.
🇪🇨 El orgullo de un país se corre con el corazón.
¡Felicidades por tu medalla de plata en el Campeonato Sudamericano de Atletismo!

#ElEsfuerzoTeDefine",0,31,237,9,149.0K
