timestamp,usuario,fecha_publicacion,contenido,respuestas,retweets,likes,guardados,vistas
2025-07-09 07:09:56,BancodelaNacion,9 h,"El BN y Línea 1 del Metro de Lima inauguraron una muestra fotográfica que se exhibe en estaciones por el mes patrio. La exposición titulada “Perú: De los Andes a la Amazonía”, refleja la riqueza natural y cultural del país. Conoce más aquí: bn.com.pe/noticias/2025/…",1,1,0,0,205
2025-07-09 07:09:56,BancodelaNacion,Jul 5,,24,29,31,1,10.0K
2025-07-09 07:09:56,BancodelaNacion,Jun 27,#Comunicado,3,3,5,1,1.0K
2025-07-09 07:09:56,BancodelaNacion,Jun 25,"Hoy brindamos una capacitación sobre comercio exterior y educación financiera, a los estudiantes de la Escuela de Administración y Negocios de la Universidad César Vallejo , brindándoles herramientas para fortalecer sus habilidades y afrontar los retos del mundo económico actual.",0,0,5,0,335
2025-07-09 07:09:56,BancodelaNacion,Jun 22,,1,4,12,0,2.0K
2025-07-09 07:09:56,BancodelaNacion,Jun 19,#ConexiónBN | Nos reunimos con alcaldes lambayecanos y funcionarios municipales para impulsar obras públicas; en la reunión se expuso el procedimiento para que las comunas accedan a líneas de financiamiento para proyectos a favor de la población local.  info.bn.com.pe/ConexiónBNAlca…,0,0,0,0,202
2025-07-09 07:09:56,BancodelaNacion,Jun 18,,0,4,9,0,2.0K
2025-07-09 07:09:56,BancodelaNacion,Jun 17,"#ConexiónBNChiclayo Se llevó a cabo el seminario ""Finanzas Inteligentes para Jóvenes"" en la Universidad Nacional Pedro Ruiz Gallo, dirigido a estudiantes universitarios. Se compartieron herramientas y conocimientos sobre bancarización, digitalización y ahorro responsable.",1,0,0,0,229
2025-07-09 07:09:56,BancodelaNacion,Jun 12,,3,7,5,0,2.0K
2025-07-09 07:09:56,BancodelaNacion,Jun 11,"📣 Banco de la Nación amplía hasta el 14 de junio 🗓️ campaña de préstamos con tasa promocional 💰 para el sector público 👩‍🏫👨‍⚕️. 
Más información: 
👉 info.bn.com.pe/AmpliacionTasa",6,1,2,0,807
2025-07-09 07:09:56,BancodelaNacion,May 23,,2,2,3,0,1.0K
2025-07-09 07:09:56,BancodelaNacion,May 23,,1,1,1,0,1.0K
2025-07-09 07:09:56,BancodelaNacion,May 23,,0,2,0,0,820
2025-07-09 07:09:56,BancodelaNacion,May 23,,0,1,1,0,844
2025-07-09 07:09:56,BancodelaNacion,May 21,,0,2,2,0,853
2025-07-09 07:09:56,BancodelaNacion,May 16,"El Presidente Ejecutivo del Banco de la Nación, José Ricardo Stok, se reunió con el Director General de Comunidades Peruanas en el Exterior, Pedro Bravo, para fortalecer la cooperación interinstitucional y mejorar los servicios para más de 3.5 millones de peruanos en el exterior.",3,0,0,0,469
2025-07-09 07:18:33,BancodelaNacion,9 h,"El BN y Línea 1 del Metro de Lima inauguraron una muestra fotográfica que se exhibe en estaciones por el mes patrio. La exposición titulada “Perú: De los Andes a la Amazonía”, refleja la riqueza natural y cultural del país. Conoce más aquí: bn.com.pe/noticias/2025/…",1,1,0,0,205
2025-07-09 07:18:33,BancodelaNacion,Jul 5,,24,29,31,1,10.0K
2025-07-09 07:18:33,BancodelaNacion,Jun 27,#Comunicado,3,3,5,1,1.0K
2025-07-09 07:18:33,BancodelaNacion,Jun 25,"Hoy brindamos una capacitación sobre comercio exterior y educación financiera, a los estudiantes de la Escuela de Administración y Negocios de la Universidad César Vallejo , brindándoles herramientas para fortalecer sus habilidades y afrontar los retos del mundo económico actual.",0,0,5,0,335
2025-07-09 07:18:33,BancodelaNacion,Jun 22,,1,4,12,0,2.0K
2025-07-09 07:18:33,BancodelaNacion,Jun 19,#ConexiónBN | Nos reunimos con alcaldes lambayecanos y funcionarios municipales para impulsar obras públicas; en la reunión se expuso el procedimiento para que las comunas accedan a líneas de financiamiento para proyectos a favor de la población local.  info.bn.com.pe/ConexiónBNAlca…,0,0,0,0,202
2025-07-09 07:18:33,BancodelaNacion,Jun 18,,0,4,9,0,2.0K
2025-07-09 07:18:33,BancodelaNacion,Jun 17,"#ConexiónBNChiclayo Se llevó a cabo el seminario ""Finanzas Inteligentes para Jóvenes"" en la Universidad Nacional Pedro Ruiz Gallo, dirigido a estudiantes universitarios. Se compartieron herramientas y conocimientos sobre bancarización, digitalización y ahorro responsable.",1,0,0,0,229
2025-07-09 07:18:33,BancodelaNacion,Jun 12,,3,7,5,0,2.0K
2025-07-09 07:18:33,BancodelaNacion,Jun 11,"📣 Banco de la Nación amplía hasta el 14 de junio 🗓️ campaña de préstamos con tasa promocional 💰 para el sector público 👩‍🏫👨‍⚕️. 
Más información: 
👉 info.bn.com.pe/AmpliacionTasa",6,1,2,0,807
2025-07-09 07:18:33,BancodelaNacion,May 23,,2,2,3,0,1.0K
2025-07-09 07:18:33,BancodelaNacion,May 23,,1,1,1,0,1.0K
2025-07-09 07:18:33,BancodelaNacion,May 23,,0,2,0,0,820
2025-07-09 07:18:33,BancodelaNacion,May 23,,0,1,1,0,844
2025-07-09 07:18:33,BancodelaNacion,May 21,,0,2,2,0,853
2025-07-09 07:18:33,BancodelaNacion,May 16,"El Presidente Ejecutivo del Banco de la Nación, José Ricardo Stok, se reunió con el Director General de Comunidades Peruanas en el Exterior, Pedro Bravo, para fortalecer la cooperación interinstitucional y mejorar los servicios para más de 3.5 millones de peruanos en el exterior.",3,0,0,0,469
2025-07-09 08:27:52,BancodelaNacion,10 h,"El BN y Línea 1 del Metro de Lima inauguraron una muestra fotográfica que se exhibe en estaciones por el mes patrio. La exposición titulada “Perú: De los Andes a la Amazonía”, refleja la riqueza natural y cultural del país. Conoce más aquí: bn.com.pe/noticias/2025/…",1,1,0,0,205
2025-07-09 08:27:52,BancodelaNacion,Jul 5,,24,29,31,1,10.0K
2025-07-09 08:27:52,BancodelaNacion,Jun 27,#Comunicado,3,3,5,1,1.0K
2025-07-09 08:27:52,BancodelaNacion,Jun 25,"Hoy brindamos una capacitación sobre comercio exterior y educación financiera, a los estudiantes de la Escuela de Administración y Negocios de la Universidad César Vallejo , brindándoles herramientas para fortalecer sus habilidades y afrontar los retos del mundo económico actual.",0,0,5,0,335
2025-07-09 08:27:52,BancodelaNacion,Jun 22,,1,4,12,0,2.0K
2025-07-09 08:27:52,BancodelaNacion,Jun 19,#ConexiónBN | Nos reunimos con alcaldes lambayecanos y funcionarios municipales para impulsar obras públicas; en la reunión se expuso el procedimiento para que las comunas accedan a líneas de financiamiento para proyectos a favor de la población local.  info.bn.com.pe/ConexiónBNAlca…,0,0,0,0,202
2025-07-09 08:27:52,BancodelaNacion,Jun 18,,0,4,9,0,2.0K
2025-07-09 08:27:52,BancodelaNacion,Jun 17,"#ConexiónBNChiclayo Se llevó a cabo el seminario ""Finanzas Inteligentes para Jóvenes"" en la Universidad Nacional Pedro Ruiz Gallo, dirigido a estudiantes universitarios. Se compartieron herramientas y conocimientos sobre bancarización, digitalización y ahorro responsable.",1,0,0,0,229
2025-07-09 08:27:52,BancodelaNacion,Jun 12,,3,7,5,0,2.0K
2025-07-09 08:27:52,BancodelaNacion,Jun 11,"📣 Banco de la Nación amplía hasta el 14 de junio 🗓️ campaña de préstamos con tasa promocional 💰 para el sector público 👩‍🏫👨‍⚕️. 
Más información: 
👉 info.bn.com.pe/AmpliacionTasa",6,1,2,0,807
2025-07-09 08:27:52,BancodelaNacion,May 23,,2,2,3,0,1.0K
2025-07-09 08:27:52,BancodelaNacion,May 23,,1,1,1,0,1.0K
2025-07-09 08:27:52,BancodelaNacion,May 23,,0,2,0,0,821
2025-07-09 08:27:52,BancodelaNacion,May 23,,0,1,1,0,844
2025-07-09 08:27:52,BancodelaNacion,May 21,,0,2,2,0,853
2025-07-09 08:27:52,BancodelaNacion,May 16,"El Presidente Ejecutivo del Banco de la Nación, José Ricardo Stok, se reunió con el Director General de Comunidades Peruanas en el Exterior, Pedro Bravo, para fortalecer la cooperación interinstitucional y mejorar los servicios para más de 3.5 millones de peruanos en el exterior.",3,0,0,0,469
2025-07-09 09:23:25,BancodelaNacion,11 h,"El BN y Línea 1 del Metro de Lima inauguraron una muestra fotográfica que se exhibe en estaciones por el mes patrio. La exposición titulada “Perú: De los Andes a la Amazonía”, refleja la riqueza natural y cultural del país. Conoce más aquí: bn.com.pe/noticias/2025/…",1,1,0,0,206
2025-07-09 09:23:25,BancodelaNacion,Jul 5,,24,29,31,1,10.0K
2025-07-09 09:23:25,BancodelaNacion,Jun 27,#Comunicado,3,3,5,1,1.0K
2025-07-09 09:23:25,BancodelaNacion,Jun 25,"Hoy brindamos una capacitación sobre comercio exterior y educación financiera, a los estudiantes de la Escuela de Administración y Negocios de la Universidad César Vallejo , brindándoles herramientas para fortalecer sus habilidades y afrontar los retos del mundo económico actual.",0,0,5,0,335
2025-07-09 09:23:25,BancodelaNacion,Jun 22,,1,4,12,0,2.0K
2025-07-09 09:23:25,BancodelaNacion,Jun 19,#ConexiónBN | Nos reunimos con alcaldes lambayecanos y funcionarios municipales para impulsar obras públicas; en la reunión se expuso el procedimiento para que las comunas accedan a líneas de financiamiento para proyectos a favor de la población local.  info.bn.com.pe/ConexiónBNAlca…,0,0,0,0,202
2025-07-09 09:23:25,BancodelaNacion,Jun 18,,0,4,9,0,2.0K
2025-07-09 09:23:25,BancodelaNacion,Jun 17,"#ConexiónBNChiclayo Se llevó a cabo el seminario ""Finanzas Inteligentes para Jóvenes"" en la Universidad Nacional Pedro Ruiz Gallo, dirigido a estudiantes universitarios. Se compartieron herramientas y conocimientos sobre bancarización, digitalización y ahorro responsable.",1,0,0,0,229
2025-07-09 09:23:25,BancodelaNacion,Jun 12,,3,7,5,0,2.0K
2025-07-09 09:23:25,BancodelaNacion,Jun 11,"📣 Banco de la Nación amplía hasta el 14 de junio 🗓️ campaña de préstamos con tasa promocional 💰 para el sector público 👩‍🏫👨‍⚕️. 
Más información: 
👉 info.bn.com.pe/AmpliacionTasa",6,1,2,0,807
2025-07-09 09:23:25,BancodelaNacion,May 23,,2,2,3,0,1.0K
2025-07-09 09:23:25,BancodelaNacion,May 23,,1,1,1,0,1.0K
2025-07-09 09:23:25,BancodelaNacion,May 23,,0,2,0,0,821
2025-07-09 09:23:25,BancodelaNacion,May 23,,0,1,1,0,844
2025-07-09 09:23:25,BancodelaNacion,May 21,,0,2,2,0,853
2025-07-09 09:23:25,BancodelaNacion,May 16,"El Presidente Ejecutivo del Banco de la Nación, José Ricardo Stok, se reunió con el Director General de Comunidades Peruanas en el Exterior, Pedro Bravo, para fortalecer la cooperación interinstitucional y mejorar los servicios para más de 3.5 millones de peruanos en el exterior.",3,0,0,0,469
2025-07-09 10:22:18,BancodelaNacion,12 h,"El BN y Línea 1 del Metro de Lima inauguraron una muestra fotográfica que se exhibe en estaciones por el mes patrio. La exposición titulada “Perú: De los Andes a la Amazonía”, refleja la riqueza natural y cultural del país. Conoce más aquí: bn.com.pe/noticias/2025/…",1,1,0,0,207
2025-07-09 10:22:18,BancodelaNacion,Jul 5,,24,29,31,1,10.0K
2025-07-09 10:22:18,BancodelaNacion,Jun 27,#Comunicado,3,3,5,1,1.0K
2025-07-09 10:22:18,BancodelaNacion,Jun 25,"Hoy brindamos una capacitación sobre comercio exterior y educación financiera, a los estudiantes de la Escuela de Administración y Negocios de la Universidad César Vallejo , brindándoles herramientas para fortalecer sus habilidades y afrontar los retos del mundo económico actual.",0,0,5,0,335
2025-07-09 10:22:18,BancodelaNacion,Jun 22,,1,4,12,0,2.0K
2025-07-09 10:22:18,BancodelaNacion,Jun 19,#ConexiónBN | Nos reunimos con alcaldes lambayecanos y funcionarios municipales para impulsar obras públicas; en la reunión se expuso el procedimiento para que las comunas accedan a líneas de financiamiento para proyectos a favor de la población local.  info.bn.com.pe/ConexiónBNAlca…,0,0,0,0,202
2025-07-09 10:22:18,BancodelaNacion,Jun 18,,0,4,9,0,2.0K
2025-07-09 10:22:18,BancodelaNacion,Jun 17,"#ConexiónBNChiclayo Se llevó a cabo el seminario ""Finanzas Inteligentes para Jóvenes"" en la Universidad Nacional Pedro Ruiz Gallo, dirigido a estudiantes universitarios. Se compartieron herramientas y conocimientos sobre bancarización, digitalización y ahorro responsable.",1,0,0,0,229
2025-07-09 10:22:18,BancodelaNacion,Jun 12,,3,7,5,0,2.0K
2025-07-09 10:22:18,BancodelaNacion,Jun 11,"📣 Banco de la Nación amplía hasta el 14 de junio 🗓️ campaña de préstamos con tasa promocional 💰 para el sector público 👩‍🏫👨‍⚕️. 
Más información: 
👉 info.bn.com.pe/AmpliacionTasa",6,1,2,0,807
2025-07-09 10:22:18,BancodelaNacion,May 23,,2,2,3,0,1.0K
2025-07-09 10:22:18,BancodelaNacion,May 23,,1,1,1,0,1.0K
2025-07-09 10:22:18,BancodelaNacion,May 23,,0,2,0,0,821
2025-07-09 10:22:18,BancodelaNacion,May 23,,0,1,1,0,844
2025-07-09 10:22:18,BancodelaNacion,May 21,,0,2,2,0,853
2025-07-09 10:22:18,BancodelaNacion,May 16,"El Presidente Ejecutivo del Banco de la Nación, José Ricardo Stok, se reunió con el Director General de Comunidades Peruanas en el Exterior, Pedro Bravo, para fortalecer la cooperación interinstitucional y mejorar los servicios para más de 3.5 millones de peruanos en el exterior.",3,0,0,0,469
2025-07-09 11:17:46,BancodelaNacion,13 h,"El BN y Línea 1 del Metro de Lima inauguraron una muestra fotográfica que se exhibe en estaciones por el mes patrio. La exposición titulada “Perú: De los Andes a la Amazonía”, refleja la riqueza natural y cultural del país. Conoce más aquí: bn.com.pe/noticias/2025/…",1,1,0,0,207
2025-07-09 11:17:46,BancodelaNacion,Jul 5,,24,29,31,1,10.0K
2025-07-09 11:17:46,BancodelaNacion,Jun 27,#Comunicado,3,3,5,1,1.0K
2025-07-09 11:17:46,BancodelaNacion,Jun 25,"Hoy brindamos una capacitación sobre comercio exterior y educación financiera, a los estudiantes de la Escuela de Administración y Negocios de la Universidad César Vallejo , brindándoles herramientas para fortalecer sus habilidades y afrontar los retos del mundo económico actual.",0,0,5,0,335
2025-07-09 11:17:46,BancodelaNacion,Jun 22,,1,4,12,0,2.0K
2025-07-09 11:17:46,BancodelaNacion,Jun 19,#ConexiónBN | Nos reunimos con alcaldes lambayecanos y funcionarios municipales para impulsar obras públicas; en la reunión se expuso el procedimiento para que las comunas accedan a líneas de financiamiento para proyectos a favor de la población local.  info.bn.com.pe/ConexiónBNAlca…,0,0,0,0,202
2025-07-09 11:17:46,BancodelaNacion,Jun 18,,0,4,9,0,2.0K
2025-07-09 11:17:46,BancodelaNacion,Jun 17,"#ConexiónBNChiclayo Se llevó a cabo el seminario ""Finanzas Inteligentes para Jóvenes"" en la Universidad Nacional Pedro Ruiz Gallo, dirigido a estudiantes universitarios. Se compartieron herramientas y conocimientos sobre bancarización, digitalización y ahorro responsable.",1,0,0,0,229
2025-07-09 11:17:46,BancodelaNacion,Jun 12,,3,7,5,0,2.0K
2025-07-09 11:17:46,BancodelaNacion,Jun 11,"📣 Banco de la Nación amplía hasta el 14 de junio 🗓️ campaña de préstamos con tasa promocional 💰 para el sector público 👩‍🏫👨‍⚕️. 
Más información: 
👉 info.bn.com.pe/AmpliacionTasa",6,1,2,0,807
2025-07-09 11:17:46,BancodelaNacion,May 23,,2,2,3,0,1.0K
2025-07-09 11:17:46,BancodelaNacion,May 23,,1,1,1,0,1.0K
2025-07-09 11:17:46,BancodelaNacion,May 23,,0,2,0,0,821
2025-07-09 11:17:46,BancodelaNacion,May 23,,0,1,1,0,844
2025-07-09 11:17:46,BancodelaNacion,May 21,,0,2,2,0,853
2025-07-09 11:17:46,BancodelaNacion,May 16,"El Presidente Ejecutivo del Banco de la Nación, José Ricardo Stok, se reunió con el Director General de Comunidades Peruanas en el Exterior, Pedro Bravo, para fortalecer la cooperación interinstitucional y mejorar los servicios para más de 3.5 millones de peruanos en el exterior.",3,0,0,0,469
2025-07-09 12:41:09,BancodelaNacion,14 h,"El BN y Línea 1 del Metro de Lima inauguraron una muestra fotográfica que se exhibe en estaciones por el mes patrio. La exposición titulada “Perú: De los Andes a la Amazonía”, refleja la riqueza natural y cultural del país. Conoce más aquí: bn.com.pe/noticias/2025/…",1,1,0,0,209
2025-07-09 12:41:09,BancodelaNacion,Jul 5,,24,29,31,1,10.0K
2025-07-09 12:41:09,BancodelaNacion,Jun 27,#Comunicado,3,3,5,1,1.0K
2025-07-09 12:41:09,BancodelaNacion,Jun 25,"Hoy brindamos una capacitación sobre comercio exterior y educación financiera, a los estudiantes de la Escuela de Administración y Negocios de la Universidad César Vallejo , brindándoles herramientas para fortalecer sus habilidades y afrontar los retos del mundo económico actual.",0,0,5,0,335
2025-07-09 12:41:09,BancodelaNacion,Jun 22,,1,4,12,0,2.0K
2025-07-09 12:41:09,BancodelaNacion,Jun 19,#ConexiónBN | Nos reunimos con alcaldes lambayecanos y funcionarios municipales para impulsar obras públicas; en la reunión se expuso el procedimiento para que las comunas accedan a líneas de financiamiento para proyectos a favor de la población local.  info.bn.com.pe/ConexiónBNAlca…,0,0,0,0,202
2025-07-09 12:41:09,BancodelaNacion,Jun 18,,0,4,9,0,2.0K
2025-07-09 12:41:09,BancodelaNacion,Jun 17,"#ConexiónBNChiclayo Se llevó a cabo el seminario ""Finanzas Inteligentes para Jóvenes"" en la Universidad Nacional Pedro Ruiz Gallo, dirigido a estudiantes universitarios. Se compartieron herramientas y conocimientos sobre bancarización, digitalización y ahorro responsable.",1,0,0,0,229
2025-07-09 12:41:09,BancodelaNacion,Jun 12,,3,7,5,0,2.0K
2025-07-09 12:41:09,BancodelaNacion,Jun 11,"📣 Banco de la Nación amplía hasta el 14 de junio 🗓️ campaña de préstamos con tasa promocional 💰 para el sector público 👩‍🏫👨‍⚕️. 
Más información: 
👉 info.bn.com.pe/AmpliacionTasa",6,1,2,0,807
2025-07-09 12:41:09,BancodelaNacion,May 23,,2,2,3,0,1.0K
2025-07-09 12:41:09,BancodelaNacion,May 23,,1,1,1,0,1.0K
2025-07-09 12:41:09,BancodelaNacion,May 23,,0,2,0,0,821
2025-07-09 12:41:09,BancodelaNacion,May 23,,0,1,1,0,844
2025-07-09 12:41:09,BancodelaNacion,May 21,,0,2,2,0,853
2025-07-09 12:41:09,BancodelaNacion,May 16,"El Presidente Ejecutivo del Banco de la Nación, José Ricardo Stok, se reunió con el Director General de Comunidades Peruanas en el Exterior, Pedro Bravo, para fortalecer la cooperación interinstitucional y mejorar los servicios para más de 3.5 millones de peruanos en el exterior.",3,0,0,0,469
2025-07-09 15:21:51,BancodelaNacion,17 h,"El BN y Línea 1 del Metro de Lima inauguraron una muestra fotográfica que se exhibe en estaciones por el mes patrio. La exposición titulada “Perú: De los Andes a la Amazonía”, refleja la riqueza natural y cultural del país. Conoce más aquí: bn.com.pe/noticias/2025/…",1,1,1,0,230
2025-07-09 15:21:51,BancodelaNacion,Jul 5,"✅ ¡Precios estables! La inflación anual fue de 1,7 % en junio y ya son 6 meses dentro del rango meta. Más tranquilidad para tu bolsillo. #EconomíaPunche 💪 📊

#Inflación #Estabilidad #EconomíaPerú",24,29,32,1,10.0K
2025-07-09 15:21:51,BancodelaNacion,Jun 27,#Comunicado,3,3,5,1,1.0K
2025-07-09 15:21:51,BancodelaNacion,Jun 25,"Hoy brindamos una capacitación sobre comercio exterior y educación financiera, a los estudiantes de la Escuela de Administración y Negocios de la Universidad César Vallejo , brindándoles herramientas para fortalecer sus habilidades y afrontar los retos del mundo económico actual.",0,0,5,0,336
2025-07-09 15:21:51,BancodelaNacion,Jun 22,"#NotaDePrensa |  El Ministerio de Economía y Finanzas #MEF resaltó que el trabajo conjunto entre la política fiscal y monetaria ha sido clave para que el Perú continúe registrando los índices inflacionarios más bajos de la región. 

🗞️ Más información: gob.pe/es/n/1192072",1,4,12,0,2.0K
2025-07-09 15:21:51,BancodelaNacion,Jun 19,#ConexiónBN | Nos reunimos con alcaldes lambayecanos y funcionarios municipales para impulsar obras públicas; en la reunión se expuso el procedimiento para que las comunas accedan a líneas de financiamiento para proyectos a favor de la población local.  info.bn.com.pe/ConexiónBNAlca…,0,0,0,0,202
2025-07-09 15:21:51,BancodelaNacion,Jun 18,"¡#ElPerúNoSeDetiene!
El Banco de la Nación, OECE, ONP y la SUNAT continúan atendiendo con total normalidad, para asegurar que la población acceda a sus trámites y consultas sin interrupciones ni contratiempos. 💪🇵🇪",0,4,9,0,2.0K
2025-07-09 15:21:51,BancodelaNacion,Jun 17,"#ConexiónBNChiclayo Se llevó a cabo el seminario ""Finanzas Inteligentes para Jóvenes"" en la Universidad Nacional Pedro Ruiz Gallo, dirigido a estudiantes universitarios. Se compartieron herramientas y conocimientos sobre bancarización, digitalización y ahorro responsable.",1,0,0,0,229
2025-07-09 15:21:51,BancodelaNacion,Jun 12,"#VotoDeConfianza | 💡 ¡Proyectos estratégicos que impulsan el desarrollo!
Este año se promoverá inversiones por más de USD 8600 millones en transporte, salud, turismo y desarrollo urbano, beneficiando a más de 15 millones de peruanos mediante APP, #ObrasPorImpuestos y Gobierno a…",3,7,5,0,2.0K
2025-07-09 15:21:51,BancodelaNacion,Jun 11,"📣 Banco de la Nación amplía hasta el 14 de junio 🗓️ campaña de préstamos con tasa promocional 💰 para el sector público 👩‍🏫👨‍⚕️. 
Más información: 
👉 info.bn.com.pe/AmpliacionTasa",6,1,2,0,807
2025-07-09 15:21:51,BancodelaNacion,May 23,"🔴 EN VIVO ¡Aprovecha! El @BancodelaNacion viene ofreciendo préstamos personales con una tasa promocional interesante. Entérate cómo acceder, conversamos con Piero Flores Miranda, sub gerente de Banca Personal del Banco de la Nación ow.ly/4Yto50VXPQ3",2,2,3,0,1.0K
2025-07-09 15:21:51,BancodelaNacion,May 23,"🔴 EN VIVO ¡Aprovecha! El @BancodelaNacion viene ofreciendo préstamos personales con una tasa promocional interesante. Entérate cómo acceder, conversamos con Piero Flores Miranda, sub gerente de Banca Personal del Banco de la Nación ow.ly/4Yto50VXPQ3",1,1,1,0,1.0K
2025-07-09 15:21:51,BancodelaNacion,May 23,¿Eres trabajador o pensionista del sector público? Accede a un préstamo del @BancodelaNacion ➡️ Todos los detalles hoy en #AndinaCanalOnline ow.ly/RnfO50VXJsc,0,2,0,0,821
2025-07-09 15:21:51,BancodelaNacion,May 23,¿Eres trabajador o pensionista del sector público? Accede a un préstamo del @BancodelaNacion ➡️ Todos los detalles hoy en #AndinaCanalOnline ow.ly/RnfO50VXJsc,0,1,1,0,844
2025-07-09 15:21:51,BancodelaNacion,May 21,▶ Banco de la Nación (@BancodelaNacion)  lanza campaña de préstamos con tasa promocional para sector público ow.ly/gRtA50VWrWQ,0,2,2,0,853
2025-07-09 15:21:51,BancodelaNacion,May 16,"El Presidente Ejecutivo del Banco de la Nación, José Ricardo Stok, se reunió con el Director General de Comunidades Peruanas en el Exterior, Pedro Bravo, para fortalecer la cooperación interinstitucional y mejorar los servicios para más de 3.5 millones de peruanos en el exterior.",3,0,0,0,469
2025-07-09 16:24:14,BancodelaNacion,18 h,"El BN y Línea 1 del Metro de Lima inauguraron una muestra fotográfica que se exhibe en estaciones por el mes patrio. La exposición titulada “Perú: De los Andes a la Amazonía”, refleja la riqueza natural y cultural del país. Conoce más aquí: bn.com.pe/noticias/2025/…",1,1,1,0,232
2025-07-09 16:24:14,BancodelaNacion,Jul 5,"✅ ¡Precios estables! La inflación anual fue de 1,7 % en junio y ya son 6 meses dentro del rango meta. Más tranquilidad para tu bolsillo. #EconomíaPunche 💪 📊

#Inflación #Estabilidad #EconomíaPerú",24,29,32,1,10.0K
2025-07-09 16:24:14,BancodelaNacion,Jun 27,#Comunicado,3,3,5,1,1.0K
2025-07-09 16:24:14,BancodelaNacion,Jun 25,"Hoy brindamos una capacitación sobre comercio exterior y educación financiera, a los estudiantes de la Escuela de Administración y Negocios de la Universidad César Vallejo , brindándoles herramientas para fortalecer sus habilidades y afrontar los retos del mundo económico actual.",0,0,5,0,336
2025-07-09 16:24:14,BancodelaNacion,Jun 22,"#NotaDePrensa |  El Ministerio de Economía y Finanzas #MEF resaltó que el trabajo conjunto entre la política fiscal y monetaria ha sido clave para que el Perú continúe registrando los índices inflacionarios más bajos de la región. 

🗞️ Más información: gob.pe/es/n/1192072",1,4,12,0,2.0K
2025-07-09 16:24:14,BancodelaNacion,Jun 19,#ConexiónBN | Nos reunimos con alcaldes lambayecanos y funcionarios municipales para impulsar obras públicas; en la reunión se expuso el procedimiento para que las comunas accedan a líneas de financiamiento para proyectos a favor de la población local.  info.bn.com.pe/ConexiónBNAlca…,0,0,0,0,202
2025-07-09 16:24:14,BancodelaNacion,Jun 18,"¡#ElPerúNoSeDetiene!
El Banco de la Nación, OECE, ONP y la SUNAT continúan atendiendo con total normalidad, para asegurar que la población acceda a sus trámites y consultas sin interrupciones ni contratiempos. 💪🇵🇪",0,4,9,0,2.0K
2025-07-09 16:24:14,BancodelaNacion,Jun 17,"#ConexiónBNChiclayo Se llevó a cabo el seminario ""Finanzas Inteligentes para Jóvenes"" en la Universidad Nacional Pedro Ruiz Gallo, dirigido a estudiantes universitarios. Se compartieron herramientas y conocimientos sobre bancarización, digitalización y ahorro responsable.",1,0,0,0,229
2025-07-09 16:24:14,BancodelaNacion,Jun 12,"#VotoDeConfianza | 💡 ¡Proyectos estratégicos que impulsan el desarrollo!
Este año se promoverá inversiones por más de USD 8600 millones en transporte, salud, turismo y desarrollo urbano, beneficiando a más de 15 millones de peruanos mediante APP, #ObrasPorImpuestos y Gobierno a…",3,7,5,0,2.0K
2025-07-09 16:24:14,BancodelaNacion,Jun 11,"📣 Banco de la Nación amplía hasta el 14 de junio 🗓️ campaña de préstamos con tasa promocional 💰 para el sector público 👩‍🏫👨‍⚕️. 
Más información: 
👉 info.bn.com.pe/AmpliacionTasa",6,1,2,0,807
2025-07-09 16:24:14,BancodelaNacion,May 23,"🔴 EN VIVO ¡Aprovecha! El @BancodelaNacion viene ofreciendo préstamos personales con una tasa promocional interesante. Entérate cómo acceder, conversamos con Piero Flores Miranda, sub gerente de Banca Personal del Banco de la Nación ow.ly/4Yto50VXPQ3",2,2,3,0,1.0K
2025-07-09 16:24:14,BancodelaNacion,May 23,"🔴 EN VIVO ¡Aprovecha! El @BancodelaNacion viene ofreciendo préstamos personales con una tasa promocional interesante. Entérate cómo acceder, conversamos con Piero Flores Miranda, sub gerente de Banca Personal del Banco de la Nación ow.ly/4Yto50VXPQ3",1,1,1,0,1.0K
2025-07-09 16:24:14,BancodelaNacion,May 23,¿Eres trabajador o pensionista del sector público? Accede a un préstamo del @BancodelaNacion ➡️ Todos los detalles hoy en #AndinaCanalOnline ow.ly/RnfO50VXJsc,0,2,0,0,821
2025-07-09 16:24:14,BancodelaNacion,May 23,¿Eres trabajador o pensionista del sector público? Accede a un préstamo del @BancodelaNacion ➡️ Todos los detalles hoy en #AndinaCanalOnline ow.ly/RnfO50VXJsc,0,1,1,0,844
2025-07-09 16:24:14,BancodelaNacion,May 21,▶ Banco de la Nación (@BancodelaNacion)  lanza campaña de préstamos con tasa promocional para sector público ow.ly/gRtA50VWrWQ,0,2,2,0,853
2025-07-09 16:24:14,BancodelaNacion,May 16,"El Presidente Ejecutivo del Banco de la Nación, José Ricardo Stok, se reunió con el Director General de Comunidades Peruanas en el Exterior, Pedro Bravo, para fortalecer la cooperación interinstitucional y mejorar los servicios para más de 3.5 millones de peruanos en el exterior.",3,0,0,0,469
2025-07-09 17:19:38,BancodelaNacion,19 h,"El BN y Línea 1 del Metro de Lima inauguraron una muestra fotográfica que se exhibe en estaciones por el mes patrio. La exposición titulada “Perú: De los Andes a la Amazonía”, refleja la riqueza natural y cultural del país. Conoce más aquí: bn.com.pe/noticias/2025/…",1,1,1,0,233
2025-07-09 17:19:38,BancodelaNacion,Jul 5,"✅ ¡Precios estables! La inflación anual fue de 1,7 % en junio y ya son 6 meses dentro del rango meta. Más tranquilidad para tu bolsillo. #EconomíaPunche 💪 📊

#Inflación #Estabilidad #EconomíaPerú",24,29,32,1,10.0K
2025-07-09 17:19:38,BancodelaNacion,Jun 27,#Comunicado,3,3,5,1,1.0K
2025-07-09 17:19:38,BancodelaNacion,Jun 25,"Hoy brindamos una capacitación sobre comercio exterior y educación financiera, a los estudiantes de la Escuela de Administración y Negocios de la Universidad César Vallejo , brindándoles herramientas para fortalecer sus habilidades y afrontar los retos del mundo económico actual.",0,0,5,0,336
2025-07-09 17:19:38,BancodelaNacion,Jun 22,"#NotaDePrensa |  El Ministerio de Economía y Finanzas #MEF resaltó que el trabajo conjunto entre la política fiscal y monetaria ha sido clave para que el Perú continúe registrando los índices inflacionarios más bajos de la región. 

🗞️ Más información: gob.pe/es/n/1192072",1,4,12,0,2.0K
2025-07-09 17:19:38,BancodelaNacion,Jun 19,#ConexiónBN | Nos reunimos con alcaldes lambayecanos y funcionarios municipales para impulsar obras públicas; en la reunión se expuso el procedimiento para que las comunas accedan a líneas de financiamiento para proyectos a favor de la población local.  info.bn.com.pe/ConexiónBNAlca…,0,0,0,0,202
2025-07-09 17:19:38,BancodelaNacion,Jun 18,"¡#ElPerúNoSeDetiene!
El Banco de la Nación, OECE, ONP y la SUNAT continúan atendiendo con total normalidad, para asegurar que la población acceda a sus trámites y consultas sin interrupciones ni contratiempos. 💪🇵🇪",0,4,9,0,2.0K
2025-07-09 17:19:38,BancodelaNacion,Jun 17,"#ConexiónBNChiclayo Se llevó a cabo el seminario ""Finanzas Inteligentes para Jóvenes"" en la Universidad Nacional Pedro Ruiz Gallo, dirigido a estudiantes universitarios. Se compartieron herramientas y conocimientos sobre bancarización, digitalización y ahorro responsable.",1,0,0,0,229
2025-07-09 17:19:38,BancodelaNacion,Jun 12,"#VotoDeConfianza | 💡 ¡Proyectos estratégicos que impulsan el desarrollo!
Este año se promoverá inversiones por más de USD 8600 millones en transporte, salud, turismo y desarrollo urbano, beneficiando a más de 15 millones de peruanos mediante APP, #ObrasPorImpuestos y Gobierno a…",3,7,5,0,2.0K
2025-07-09 17:19:38,BancodelaNacion,Jun 11,"📣 Banco de la Nación amplía hasta el 14 de junio 🗓️ campaña de préstamos con tasa promocional 💰 para el sector público 👩‍🏫👨‍⚕️. 
Más información: 
👉 info.bn.com.pe/AmpliacionTasa",6,1,2,0,807
2025-07-09 17:19:38,BancodelaNacion,May 23,"🔴 EN VIVO ¡Aprovecha! El @BancodelaNacion viene ofreciendo préstamos personales con una tasa promocional interesante. Entérate cómo acceder, conversamos con Piero Flores Miranda, sub gerente de Banca Personal del Banco de la Nación ow.ly/4Yto50VXPQ3",2,2,3,0,1.0K
2025-07-09 17:19:38,BancodelaNacion,May 23,"🔴 EN VIVO ¡Aprovecha! El @BancodelaNacion viene ofreciendo préstamos personales con una tasa promocional interesante. Entérate cómo acceder, conversamos con Piero Flores Miranda, sub gerente de Banca Personal del Banco de la Nación ow.ly/4Yto50VXPQ3",1,1,1,0,1.0K
2025-07-09 17:19:38,BancodelaNacion,May 23,¿Eres trabajador o pensionista del sector público? Accede a un préstamo del @BancodelaNacion ➡️ Todos los detalles hoy en #AndinaCanalOnline ow.ly/RnfO50VXJsc,0,2,0,0,821
2025-07-09 17:19:38,BancodelaNacion,May 23,¿Eres trabajador o pensionista del sector público? Accede a un préstamo del @BancodelaNacion ➡️ Todos los detalles hoy en #AndinaCanalOnline ow.ly/RnfO50VXJsc,0,1,1,0,844
2025-07-09 17:19:38,BancodelaNacion,May 21,▶ Banco de la Nación (@BancodelaNacion)  lanza campaña de préstamos con tasa promocional para sector público ow.ly/gRtA50VWrWQ,0,2,2,0,853
2025-07-09 17:19:38,BancodelaNacion,May 16,"El Presidente Ejecutivo del Banco de la Nación, José Ricardo Stok, se reunió con el Director General de Comunidades Peruanas en el Exterior, Pedro Bravo, para fortalecer la cooperación interinstitucional y mejorar los servicios para más de 3.5 millones de peruanos en el exterior.",3,0,0,0,469
2025-07-09 18:29:13,BancodelaNacion,20 h,"El BN y Línea 1 del Metro de Lima inauguraron una muestra fotográfica que se exhibe en estaciones por el mes patrio. La exposición titulada “Perú: De los Andes a la Amazonía”, refleja la riqueza natural y cultural del país. Conoce más aquí: bn.com.pe/noticias/2025/…",1,1,1,0,240
2025-07-09 18:29:13,BancodelaNacion,Jul 5,"✅ ¡Precios estables! La inflación anual fue de 1,7 % en junio y ya son 6 meses dentro del rango meta. Más tranquilidad para tu bolsillo. #EconomíaPunche 💪 📊

#Inflación #Estabilidad #EconomíaPerú",24,29,32,1,10.0K
2025-07-09 18:29:13,BancodelaNacion,Jun 27,#Comunicado,3,3,5,1,1.0K
2025-07-09 18:29:13,BancodelaNacion,Jun 25,"Hoy brindamos una capacitación sobre comercio exterior y educación financiera, a los estudiantes de la Escuela de Administración y Negocios de la Universidad César Vallejo , brindándoles herramientas para fortalecer sus habilidades y afrontar los retos del mundo económico actual.",0,0,5,0,337
2025-07-09 18:29:13,BancodelaNacion,Jun 22,"#NotaDePrensa |  El Ministerio de Economía y Finanzas #MEF resaltó que el trabajo conjunto entre la política fiscal y monetaria ha sido clave para que el Perú continúe registrando los índices inflacionarios más bajos de la región. 

🗞️ Más información: gob.pe/es/n/1192072",1,4,12,0,2.0K
2025-07-09 18:29:13,BancodelaNacion,Jun 19,#ConexiónBN | Nos reunimos con alcaldes lambayecanos y funcionarios municipales para impulsar obras públicas; en la reunión se expuso el procedimiento para que las comunas accedan a líneas de financiamiento para proyectos a favor de la población local.  info.bn.com.pe/ConexiónBNAlca…,0,0,0,0,203
2025-07-09 18:29:13,BancodelaNacion,Jun 18,"¡#ElPerúNoSeDetiene!
El Banco de la Nación, OECE, ONP y la SUNAT continúan atendiendo con total normalidad, para asegurar que la población acceda a sus trámites y consultas sin interrupciones ni contratiempos. 💪🇵🇪",0,4,9,0,2.0K
2025-07-09 18:29:13,BancodelaNacion,Jun 17,"#ConexiónBNChiclayo Se llevó a cabo el seminario ""Finanzas Inteligentes para Jóvenes"" en la Universidad Nacional Pedro Ruiz Gallo, dirigido a estudiantes universitarios. Se compartieron herramientas y conocimientos sobre bancarización, digitalización y ahorro responsable.",1,0,0,0,230
2025-07-09 18:29:13,BancodelaNacion,Jun 12,"#VotoDeConfianza | 💡 ¡Proyectos estratégicos que impulsan el desarrollo!
Este año se promoverá inversiones por más de USD 8600 millones en transporte, salud, turismo y desarrollo urbano, beneficiando a más de 15 millones de peruanos mediante APP, #ObrasPorImpuestos y Gobierno a…",3,7,5,0,2.0K
2025-07-09 18:29:13,BancodelaNacion,Jun 11,"📣 Banco de la Nación amplía hasta el 14 de junio 🗓️ campaña de préstamos con tasa promocional 💰 para el sector público 👩‍🏫👨‍⚕️. 
Más información: 
👉 info.bn.com.pe/AmpliacionTasa",6,1,2,0,808
2025-07-09 18:29:13,BancodelaNacion,May 23,"🔴 EN VIVO ¡Aprovecha! El @BancodelaNacion viene ofreciendo préstamos personales con una tasa promocional interesante. Entérate cómo acceder, conversamos con Piero Flores Miranda, sub gerente de Banca Personal del Banco de la Nación ow.ly/4Yto50VXPQ3",2,2,3,0,1.0K
2025-07-09 18:29:13,BancodelaNacion,May 23,"🔴 EN VIVO ¡Aprovecha! El @BancodelaNacion viene ofreciendo préstamos personales con una tasa promocional interesante. Entérate cómo acceder, conversamos con Piero Flores Miranda, sub gerente de Banca Personal del Banco de la Nación ow.ly/4Yto50VXPQ3",1,1,1,0,1.0K
2025-07-09 18:29:13,BancodelaNacion,May 23,¿Eres trabajador o pensionista del sector público? Accede a un préstamo del @BancodelaNacion ➡️ Todos los detalles hoy en #AndinaCanalOnline ow.ly/RnfO50VXJsc,0,2,0,0,821
2025-07-09 18:29:13,BancodelaNacion,May 23,¿Eres trabajador o pensionista del sector público? Accede a un préstamo del @BancodelaNacion ➡️ Todos los detalles hoy en #AndinaCanalOnline ow.ly/RnfO50VXJsc,0,1,1,0,844
2025-07-09 18:29:13,BancodelaNacion,May 21,▶ Banco de la Nación (@BancodelaNacion)  lanza campaña de préstamos con tasa promocional para sector público ow.ly/gRtA50VWrWQ,0,2,2,0,853
2025-07-09 18:29:13,BancodelaNacion,May 16,"El Presidente Ejecutivo del Banco de la Nación, José Ricardo Stok, se reunió con el Director General de Comunidades Peruanas en el Exterior, Pedro Bravo, para fortalecer la cooperación interinstitucional y mejorar los servicios para más de 3.5 millones de peruanos en el exterior.",3,0,0,0,469
2025-07-10 20:22:09,BancodelaNacion,Jul 8,"El BN y Línea 1 del Metro de Lima inauguraron una muestra fotográfica que se exhibe en estaciones por el mes patrio. La exposición titulada “Perú: De los Andes a la Amazonía”, refleja la riqueza natural y cultural del país. Conoce más aquí: bn.com.pe/noticias/2025/…",1,1,1,0,280
2025-07-10 20:22:09,BancodelaNacion,Jul 5,"✅ ¡Precios estables! La inflación anual fue de 1,7 % en junio y ya son 6 meses dentro del rango meta. Más tranquilidad para tu bolsillo. #EconomíaPunche 💪 📊

#Inflación #Estabilidad #EconomíaPerú",24,29,33,1,10.0K
2025-07-10 20:22:09,BancodelaNacion,Jun 27,#Comunicado,3,3,6,1,1.0K
2025-07-10 20:22:09,BancodelaNacion,Jun 25,"Hoy brindamos una capacitación sobre comercio exterior y educación financiera, a los estudiantes de la Escuela de Administración y Negocios de la Universidad César Vallejo , brindándoles herramientas para fortalecer sus habilidades y afrontar los retos del mundo económico actual.",0,0,5,0,345
2025-07-10 20:22:09,BancodelaNacion,Jun 22,"#NotaDePrensa |  El Ministerio de Economía y Finanzas #MEF resaltó que el trabajo conjunto entre la política fiscal y monetaria ha sido clave para que el Perú continúe registrando los índices inflacionarios más bajos de la región. 

🗞️ Más información: gob.pe/es/n/1192072",1,4,12,0,2.0K
2025-07-10 20:22:09,BancodelaNacion,Jun 19,#ConexiónBN | Nos reunimos con alcaldes lambayecanos y funcionarios municipales para impulsar obras públicas; en la reunión se expuso el procedimiento para que las comunas accedan a líneas de financiamiento para proyectos a favor de la población local.  info.bn.com.pe/ConexiónBNAlca…,0,0,0,0,204
2025-07-10 20:22:09,BancodelaNacion,Jun 18,"¡#ElPerúNoSeDetiene!
El Banco de la Nación, OECE, ONP y la SUNAT continúan atendiendo con total normalidad, para asegurar que la población acceda a sus trámites y consultas sin interrupciones ni contratiempos. 💪🇵🇪",0,4,9,0,2.0K
2025-07-10 20:22:09,BancodelaNacion,Jun 17,"#ConexiónBNChiclayo Se llevó a cabo el seminario ""Finanzas Inteligentes para Jóvenes"" en la Universidad Nacional Pedro Ruiz Gallo, dirigido a estudiantes universitarios. Se compartieron herramientas y conocimientos sobre bancarización, digitalización y ahorro responsable.",1,0,0,0,230
2025-07-10 20:22:09,BancodelaNacion,Jun 12,"#VotoDeConfianza | 💡 ¡Proyectos estratégicos que impulsan el desarrollo!
Este año se promoverá inversiones por más de USD 8600 millones en transporte, salud, turismo y desarrollo urbano, beneficiando a más de 15 millones de peruanos mediante APP, #ObrasPorImpuestos y Gobierno a…",3,7,5,0,2.0K
2025-07-10 20:22:09,BancodelaNacion,Jun 11,"📣 Banco de la Nación amplía hasta el 14 de junio 🗓️ campaña de préstamos con tasa promocional 💰 para el sector público 👩‍🏫👨‍⚕️. 
Más información: 
👉 info.bn.com.pe/AmpliacionTasa",6,1,2,0,808
2025-07-10 20:22:09,BancodelaNacion,May 23,"🔴 EN VIVO ¡Aprovecha! El @BancodelaNacion viene ofreciendo préstamos personales con una tasa promocional interesante. Entérate cómo acceder, conversamos con Piero Flores Miranda, sub gerente de Banca Personal del Banco de la Nación ow.ly/4Yto50VXPQ3",2,2,3,0,1.0K
2025-07-10 20:22:09,BancodelaNacion,May 23,"🔴 EN VIVO ¡Aprovecha! El @BancodelaNacion viene ofreciendo préstamos personales con una tasa promocional interesante. Entérate cómo acceder, conversamos con Piero Flores Miranda, sub gerente de Banca Personal del Banco de la Nación ow.ly/4Yto50VXPQ3",1,1,1,0,1.0K
2025-07-10 20:22:09,BancodelaNacion,May 23,¿Eres trabajador o pensionista del sector público? Accede a un préstamo del @BancodelaNacion ➡️ Todos los detalles hoy en #AndinaCanalOnline ow.ly/RnfO50VXJsc,0,2,0,0,821
2025-07-10 20:22:09,BancodelaNacion,May 23,¿Eres trabajador o pensionista del sector público? Accede a un préstamo del @BancodelaNacion ➡️ Todos los detalles hoy en #AndinaCanalOnline ow.ly/RnfO50VXJsc,0,1,1,0,844
2025-07-10 20:22:09,BancodelaNacion,May 21,▶ Banco de la Nación (@BancodelaNacion)  lanza campaña de préstamos con tasa promocional para sector público ow.ly/gRtA50VWrWQ,0,2,2,0,853
2025-07-10 20:22:09,BancodelaNacion,May 16,"El Presidente Ejecutivo del Banco de la Nación, José Ricardo Stok, se reunió con el Director General de Comunidades Peruanas en el Exterior, Pedro Bravo, para fortalecer la cooperación interinstitucional y mejorar los servicios para más de 3.5 millones de peruanos en el exterior.",3,0,0,0,469
2025-07-10 21:20:20,BancodelaNacion,Jul 8,"El BN y Línea 1 del Metro de Lima inauguraron una muestra fotográfica que se exhibe en estaciones por el mes patrio. La exposición titulada “Perú: De los Andes a la Amazonía”, refleja la riqueza natural y cultural del país. Conoce más aquí: bn.com.pe/noticias/2025/…",1,1,1,0,280
2025-07-10 21:20:20,BancodelaNacion,Jul 5,"✅ ¡Precios estables! La inflación anual fue de 1,7 % en junio y ya son 6 meses dentro del rango meta. Más tranquilidad para tu bolsillo. #EconomíaPunche 💪 📊

#Inflación #Estabilidad #EconomíaPerú",24,29,33,1,10.0K
2025-07-10 21:20:20,BancodelaNacion,Jun 27,#Comunicado,3,3,6,1,1.0K
2025-07-10 21:20:20,BancodelaNacion,Jun 25,"Hoy brindamos una capacitación sobre comercio exterior y educación financiera, a los estudiantes de la Escuela de Administración y Negocios de la Universidad César Vallejo , brindándoles herramientas para fortalecer sus habilidades y afrontar los retos del mundo económico actual.",0,0,5,0,345
2025-07-10 21:20:20,BancodelaNacion,Jun 22,"#NotaDePrensa |  El Ministerio de Economía y Finanzas #MEF resaltó que el trabajo conjunto entre la política fiscal y monetaria ha sido clave para que el Perú continúe registrando los índices inflacionarios más bajos de la región. 

🗞️ Más información: gob.pe/es/n/1192072",1,4,12,0,2.0K
2025-07-10 21:20:20,BancodelaNacion,Jun 19,#ConexiónBN | Nos reunimos con alcaldes lambayecanos y funcionarios municipales para impulsar obras públicas; en la reunión se expuso el procedimiento para que las comunas accedan a líneas de financiamiento para proyectos a favor de la población local.  info.bn.com.pe/ConexiónBNAlca…,0,0,0,0,204
2025-07-10 21:20:20,BancodelaNacion,Jun 18,"¡#ElPerúNoSeDetiene!
El Banco de la Nación, OECE, ONP y la SUNAT continúan atendiendo con total normalidad, para asegurar que la población acceda a sus trámites y consultas sin interrupciones ni contratiempos. 💪🇵🇪",0,4,9,0,2.0K
2025-07-10 21:20:20,BancodelaNacion,Jun 17,"#ConexiónBNChiclayo Se llevó a cabo el seminario ""Finanzas Inteligentes para Jóvenes"" en la Universidad Nacional Pedro Ruiz Gallo, dirigido a estudiantes universitarios. Se compartieron herramientas y conocimientos sobre bancarización, digitalización y ahorro responsable.",1,0,0,0,230
2025-07-10 21:20:20,BancodelaNacion,Jun 12,"#VotoDeConfianza | 💡 ¡Proyectos estratégicos que impulsan el desarrollo!
Este año se promoverá inversiones por más de USD 8600 millones en transporte, salud, turismo y desarrollo urbano, beneficiando a más de 15 millones de peruanos mediante APP, #ObrasPorImpuestos y Gobierno a…",3,7,5,0,2.0K
2025-07-10 21:20:20,BancodelaNacion,Jun 11,"📣 Banco de la Nación amplía hasta el 14 de junio 🗓️ campaña de préstamos con tasa promocional 💰 para el sector público 👩‍🏫👨‍⚕️. 
Más información: 
👉 info.bn.com.pe/AmpliacionTasa",6,1,2,0,808
2025-07-10 21:20:20,BancodelaNacion,May 23,"🔴 EN VIVO ¡Aprovecha! El @BancodelaNacion viene ofreciendo préstamos personales con una tasa promocional interesante. Entérate cómo acceder, conversamos con Piero Flores Miranda, sub gerente de Banca Personal del Banco de la Nación ow.ly/4Yto50VXPQ3",2,2,3,0,1.0K
2025-07-10 21:20:20,BancodelaNacion,May 23,"🔴 EN VIVO ¡Aprovecha! El @BancodelaNacion viene ofreciendo préstamos personales con una tasa promocional interesante. Entérate cómo acceder, conversamos con Piero Flores Miranda, sub gerente de Banca Personal del Banco de la Nación ow.ly/4Yto50VXPQ3",1,1,1,0,1.0K
2025-07-10 21:20:20,BancodelaNacion,May 23,¿Eres trabajador o pensionista del sector público? Accede a un préstamo del @BancodelaNacion ➡️ Todos los detalles hoy en #AndinaCanalOnline ow.ly/RnfO50VXJsc,0,2,0,0,821
2025-07-10 21:20:20,BancodelaNacion,May 23,¿Eres trabajador o pensionista del sector público? Accede a un préstamo del @BancodelaNacion ➡️ Todos los detalles hoy en #AndinaCanalOnline ow.ly/RnfO50VXJsc,0,1,1,0,844
2025-07-10 21:20:20,BancodelaNacion,May 21,▶ Banco de la Nación (@BancodelaNacion)  lanza campaña de préstamos con tasa promocional para sector público ow.ly/gRtA50VWrWQ,0,2,2,0,853
2025-07-10 21:20:20,BancodelaNacion,May 16,"El Presidente Ejecutivo del Banco de la Nación, José Ricardo Stok, se reunió con el Director General de Comunidades Peruanas en el Exterior, Pedro Bravo, para fortalecer la cooperación interinstitucional y mejorar los servicios para más de 3.5 millones de peruanos en el exterior.",3,0,0,0,469
2025-07-10 22:19:04,BancodelaNacion,Jul 8,"El BN y Línea 1 del Metro de Lima inauguraron una muestra fotográfica que se exhibe en estaciones por el mes patrio. La exposición titulada “Perú: De los Andes a la Amazonía”, refleja la riqueza natural y cultural del país. Conoce más aquí: bn.com.pe/noticias/2025/…",1,1,1,0,281
2025-07-10 22:19:04,BancodelaNacion,Jul 5,"✅ ¡Precios estables! La inflación anual fue de 1,7 % en junio y ya son 6 meses dentro del rango meta. Más tranquilidad para tu bolsillo. #EconomíaPunche 💪 📊

#Inflación #Estabilidad #EconomíaPerú",24,29,33,1,10.0K
2025-07-10 22:19:04,BancodelaNacion,Jun 27,#Comunicado,3,3,6,1,1.0K
2025-07-10 22:19:04,BancodelaNacion,Jun 25,"Hoy brindamos una capacitación sobre comercio exterior y educación financiera, a los estudiantes de la Escuela de Administración y Negocios de la Universidad César Vallejo , brindándoles herramientas para fortalecer sus habilidades y afrontar los retos del mundo económico actual.",0,0,5,0,345
2025-07-10 22:19:04,BancodelaNacion,Jun 22,"#NotaDePrensa |  El Ministerio de Economía y Finanzas #MEF resaltó que el trabajo conjunto entre la política fiscal y monetaria ha sido clave para que el Perú continúe registrando los índices inflacionarios más bajos de la región. 

🗞️ Más información: gob.pe/es/n/1192072",1,4,12,0,2.0K
2025-07-10 22:19:04,BancodelaNacion,Jun 19,#ConexiónBN | Nos reunimos con alcaldes lambayecanos y funcionarios municipales para impulsar obras públicas; en la reunión se expuso el procedimiento para que las comunas accedan a líneas de financiamiento para proyectos a favor de la población local.  info.bn.com.pe/ConexiónBNAlca…,0,0,0,0,204
2025-07-10 22:19:04,BancodelaNacion,Jun 18,"¡#ElPerúNoSeDetiene!
El Banco de la Nación, OECE, ONP y la SUNAT continúan atendiendo con total normalidad, para asegurar que la población acceda a sus trámites y consultas sin interrupciones ni contratiempos. 💪🇵🇪",0,4,9,0,2.0K
2025-07-10 22:19:04,BancodelaNacion,Jun 17,"#ConexiónBNChiclayo Se llevó a cabo el seminario ""Finanzas Inteligentes para Jóvenes"" en la Universidad Nacional Pedro Ruiz Gallo, dirigido a estudiantes universitarios. Se compartieron herramientas y conocimientos sobre bancarización, digitalización y ahorro responsable.",1,0,0,0,230
2025-07-10 22:19:04,BancodelaNacion,Jun 12,"#VotoDeConfianza | 💡 ¡Proyectos estratégicos que impulsan el desarrollo!
Este año se promoverá inversiones por más de USD 8600 millones en transporte, salud, turismo y desarrollo urbano, beneficiando a más de 15 millones de peruanos mediante APP, #ObrasPorImpuestos y Gobierno a…",3,7,5,0,2.0K
2025-07-10 22:19:04,BancodelaNacion,Jun 11,"📣 Banco de la Nación amplía hasta el 14 de junio 🗓️ campaña de préstamos con tasa promocional 💰 para el sector público 👩‍🏫👨‍⚕️. 
Más información: 
👉 info.bn.com.pe/AmpliacionTasa",6,1,2,0,808
2025-07-10 22:19:04,BancodelaNacion,May 23,"🔴 EN VIVO ¡Aprovecha! El @BancodelaNacion viene ofreciendo préstamos personales con una tasa promocional interesante. Entérate cómo acceder, conversamos con Piero Flores Miranda, sub gerente de Banca Personal del Banco de la Nación ow.ly/4Yto50VXPQ3",2,2,3,0,1.0K
2025-07-10 22:19:04,BancodelaNacion,May 23,"🔴 EN VIVO ¡Aprovecha! El @BancodelaNacion viene ofreciendo préstamos personales con una tasa promocional interesante. Entérate cómo acceder, conversamos con Piero Flores Miranda, sub gerente de Banca Personal del Banco de la Nación ow.ly/4Yto50VXPQ3",1,1,1,0,1.0K
2025-07-10 22:19:04,BancodelaNacion,May 23,¿Eres trabajador o pensionista del sector público? Accede a un préstamo del @BancodelaNacion ➡️ Todos los detalles hoy en #AndinaCanalOnline ow.ly/RnfO50VXJsc,0,2,0,0,821
2025-07-10 22:19:04,BancodelaNacion,May 23,¿Eres trabajador o pensionista del sector público? Accede a un préstamo del @BancodelaNacion ➡️ Todos los detalles hoy en #AndinaCanalOnline ow.ly/RnfO50VXJsc,0,1,1,0,844
2025-07-10 22:19:04,BancodelaNacion,May 21,▶ Banco de la Nación (@BancodelaNacion)  lanza campaña de préstamos con tasa promocional para sector público ow.ly/gRtA50VWrWQ,0,2,2,0,853
2025-07-10 22:19:04,BancodelaNacion,May 16,"El Presidente Ejecutivo del Banco de la Nación, José Ricardo Stok, se reunió con el Director General de Comunidades Peruanas en el Exterior, Pedro Bravo, para fortalecer la cooperación interinstitucional y mejorar los servicios para más de 3.5 millones de peruanos en el exterior.",3,0,0,0,469
2025-07-10 23:19:31,BancodelaNacion,Jul 8,"El BN y Línea 1 del Metro de Lima inauguraron una muestra fotográfica que se exhibe en estaciones por el mes patrio. La exposición titulada “Perú: De los Andes a la Amazonía”, refleja la riqueza natural y cultural del país. Conoce más aquí: bn.com.pe/noticias/2025/…",1,1,1,0,283
2025-07-10 23:19:31,BancodelaNacion,Jul 5,"✅ ¡Precios estables! La inflación anual fue de 1,7 % en junio y ya son 6 meses dentro del rango meta. Más tranquilidad para tu bolsillo. #EconomíaPunche 💪 📊

#Inflación #Estabilidad #EconomíaPerú",24,29,33,1,10.0K
2025-07-10 23:19:31,BancodelaNacion,Jun 27,#Comunicado,3,3,6,1,1.0K
2025-07-10 23:19:31,BancodelaNacion,Jun 25,"Hoy brindamos una capacitación sobre comercio exterior y educación financiera, a los estudiantes de la Escuela de Administración y Negocios de la Universidad César Vallejo , brindándoles herramientas para fortalecer sus habilidades y afrontar los retos del mundo económico actual.",0,0,5,0,347
2025-07-10 23:19:31,BancodelaNacion,Jun 22,"#NotaDePrensa |  El Ministerio de Economía y Finanzas #MEF resaltó que el trabajo conjunto entre la política fiscal y monetaria ha sido clave para que el Perú continúe registrando los índices inflacionarios más bajos de la región. 

🗞️ Más información: gob.pe/es/n/1192072",1,4,12,0,2.0K
2025-07-10 23:19:31,BancodelaNacion,Jun 19,#ConexiónBN | Nos reunimos con alcaldes lambayecanos y funcionarios municipales para impulsar obras públicas; en la reunión se expuso el procedimiento para que las comunas accedan a líneas de financiamiento para proyectos a favor de la población local.  info.bn.com.pe/ConexiónBNAlca…,0,0,0,0,206
2025-07-10 23:19:31,BancodelaNacion,Jun 18,"¡#ElPerúNoSeDetiene!
El Banco de la Nación, OECE, ONP y la SUNAT continúan atendiendo con total normalidad, para asegurar que la población acceda a sus trámites y consultas sin interrupciones ni contratiempos. 💪🇵🇪",0,4,9,0,2.0K
2025-07-10 23:19:31,BancodelaNacion,Jun 17,"#ConexiónBNChiclayo Se llevó a cabo el seminario ""Finanzas Inteligentes para Jóvenes"" en la Universidad Nacional Pedro Ruiz Gallo, dirigido a estudiantes universitarios. Se compartieron herramientas y conocimientos sobre bancarización, digitalización y ahorro responsable.",1,0,0,0,232
2025-07-10 23:19:31,BancodelaNacion,Jun 12,"#VotoDeConfianza | 💡 ¡Proyectos estratégicos que impulsan el desarrollo!
Este año se promoverá inversiones por más de USD 8600 millones en transporte, salud, turismo y desarrollo urbano, beneficiando a más de 15 millones de peruanos mediante APP, #ObrasPorImpuestos y Gobierno a…",3,7,5,0,2.0K
2025-07-10 23:19:31,BancodelaNacion,Jun 11,"📣 Banco de la Nación amplía hasta el 14 de junio 🗓️ campaña de préstamos con tasa promocional 💰 para el sector público 👩‍🏫👨‍⚕️. 
Más información: 
👉 info.bn.com.pe/AmpliacionTasa",6,1,2,0,810
2025-07-10 23:19:31,BancodelaNacion,May 23,"🔴 EN VIVO ¡Aprovecha! El @BancodelaNacion viene ofreciendo préstamos personales con una tasa promocional interesante. Entérate cómo acceder, conversamos con Piero Flores Miranda, sub gerente de Banca Personal del Banco de la Nación ow.ly/4Yto50VXPQ3",2,2,3,0,1.0K
2025-07-10 23:19:31,BancodelaNacion,May 23,"🔴 EN VIVO ¡Aprovecha! El @BancodelaNacion viene ofreciendo préstamos personales con una tasa promocional interesante. Entérate cómo acceder, conversamos con Piero Flores Miranda, sub gerente de Banca Personal del Banco de la Nación ow.ly/4Yto50VXPQ3",1,1,1,0,1.0K
2025-07-10 23:19:31,BancodelaNacion,May 23,¿Eres trabajador o pensionista del sector público? Accede a un préstamo del @BancodelaNacion ➡️ Todos los detalles hoy en #AndinaCanalOnline ow.ly/RnfO50VXJsc,0,2,0,0,821
2025-07-10 23:19:31,BancodelaNacion,May 23,¿Eres trabajador o pensionista del sector público? Accede a un préstamo del @BancodelaNacion ➡️ Todos los detalles hoy en #AndinaCanalOnline ow.ly/RnfO50VXJsc,0,1,1,0,844
2025-07-10 23:19:31,BancodelaNacion,May 21,▶ Banco de la Nación (@BancodelaNacion)  lanza campaña de préstamos con tasa promocional para sector público ow.ly/gRtA50VWrWQ,0,2,2,0,854
2025-07-10 23:19:31,BancodelaNacion,May 16,"El Presidente Ejecutivo del Banco de la Nación, José Ricardo Stok, se reunió con el Director General de Comunidades Peruanas en el Exterior, Pedro Bravo, para fortalecer la cooperación interinstitucional y mejorar los servicios para más de 3.5 millones de peruanos en el exterior.",3,0,0,0,471
2025-07-11 01:43:46,BancodelaNacion,Jul 8,"El BN y Línea 1 del Metro de Lima inauguraron una muestra fotográfica que se exhibe en estaciones por el mes patrio. La exposición titulada “Perú: De los Andes a la Amazonía”, refleja la riqueza natural y cultural del país. Conoce más aquí: bn.com.pe/noticias/2025/…",1,1,1,0,285
2025-07-11 01:43:46,BancodelaNacion,Jul 5,"✅ ¡Precios estables! La inflación anual fue de 1,7 % en junio y ya son 6 meses dentro del rango meta. Más tranquilidad para tu bolsillo. #EconomíaPunche 💪 📊

#Inflación #Estabilidad #EconomíaPerú",24,29,33,1,10.0K
2025-07-11 01:43:46,BancodelaNacion,Jun 27,#Comunicado,3,3,6,1,1.0K
2025-07-11 01:43:46,BancodelaNacion,Jun 25,"Hoy brindamos una capacitación sobre comercio exterior y educación financiera, a los estudiantes de la Escuela de Administración y Negocios de la Universidad César Vallejo , brindándoles herramientas para fortalecer sus habilidades y afrontar los retos del mundo económico actual.",0,0,5,0,347
2025-07-11 01:43:46,BancodelaNacion,Jun 22,"#NotaDePrensa |  El Ministerio de Economía y Finanzas #MEF resaltó que el trabajo conjunto entre la política fiscal y monetaria ha sido clave para que el Perú continúe registrando los índices inflacionarios más bajos de la región. 

🗞️ Más información: gob.pe/es/n/1192072",1,4,12,0,2.0K
2025-07-11 01:43:46,BancodelaNacion,Jun 19,#ConexiónBN | Nos reunimos con alcaldes lambayecanos y funcionarios municipales para impulsar obras públicas; en la reunión se expuso el procedimiento para que las comunas accedan a líneas de financiamiento para proyectos a favor de la población local.  info.bn.com.pe/ConexiónBNAlca…,0,0,0,0,206
2025-07-11 01:43:46,BancodelaNacion,Jun 18,"¡#ElPerúNoSeDetiene!
El Banco de la Nación, OECE, ONP y la SUNAT continúan atendiendo con total normalidad, para asegurar que la población acceda a sus trámites y consultas sin interrupciones ni contratiempos. 💪🇵🇪",0,4,9,0,2.0K
2025-07-11 01:43:46,BancodelaNacion,Jun 17,"#ConexiónBNChiclayo Se llevó a cabo el seminario ""Finanzas Inteligentes para Jóvenes"" en la Universidad Nacional Pedro Ruiz Gallo, dirigido a estudiantes universitarios. Se compartieron herramientas y conocimientos sobre bancarización, digitalización y ahorro responsable.",1,0,0,0,232
2025-07-11 01:43:46,BancodelaNacion,Jun 12,"#VotoDeConfianza | 💡 ¡Proyectos estratégicos que impulsan el desarrollo!
Este año se promoverá inversiones por más de USD 8600 millones en transporte, salud, turismo y desarrollo urbano, beneficiando a más de 15 millones de peruanos mediante APP, #ObrasPorImpuestos y Gobierno a…",3,7,5,0,2.0K
2025-07-11 01:43:46,BancodelaNacion,Jun 11,"📣 Banco de la Nación amplía hasta el 14 de junio 🗓️ campaña de préstamos con tasa promocional 💰 para el sector público 👩‍🏫👨‍⚕️. 
Más información: 
👉 info.bn.com.pe/AmpliacionTasa",6,1,2,0,810
2025-07-11 01:43:46,BancodelaNacion,May 23,"🔴 EN VIVO ¡Aprovecha! El @BancodelaNacion viene ofreciendo préstamos personales con una tasa promocional interesante. Entérate cómo acceder, conversamos con Piero Flores Miranda, sub gerente de Banca Personal del Banco de la Nación ow.ly/4Yto50VXPQ3",2,2,3,0,1.0K
2025-07-11 01:43:46,BancodelaNacion,May 23,"🔴 EN VIVO ¡Aprovecha! El @BancodelaNacion viene ofreciendo préstamos personales con una tasa promocional interesante. Entérate cómo acceder, conversamos con Piero Flores Miranda, sub gerente de Banca Personal del Banco de la Nación ow.ly/4Yto50VXPQ3",1,1,1,0,1.0K
2025-07-11 01:43:46,BancodelaNacion,May 23,¿Eres trabajador o pensionista del sector público? Accede a un préstamo del @BancodelaNacion ➡️ Todos los detalles hoy en #AndinaCanalOnline ow.ly/RnfO50VXJsc,0,2,0,0,821
2025-07-11 01:43:46,BancodelaNacion,May 23,¿Eres trabajador o pensionista del sector público? Accede a un préstamo del @BancodelaNacion ➡️ Todos los detalles hoy en #AndinaCanalOnline ow.ly/RnfO50VXJsc,0,1,1,0,844
2025-07-11 01:43:46,BancodelaNacion,May 21,▶ Banco de la Nación (@BancodelaNacion)  lanza campaña de préstamos con tasa promocional para sector público ow.ly/gRtA50VWrWQ,0,2,2,0,854
2025-07-11 01:43:46,BancodelaNacion,May 16,"El Presidente Ejecutivo del Banco de la Nación, José Ricardo Stok, se reunió con el Director General de Comunidades Peruanas en el Exterior, Pedro Bravo, para fortalecer la cooperación interinstitucional y mejorar los servicios para más de 3.5 millones de peruanos en el exterior.",3,0,0,0,471
2025-07-11 03:27:38,BancodelaNacion,Jul 8,"El BN y Línea 1 del Metro de Lima inauguraron una muestra fotográfica que se exhibe en estaciones por el mes patrio. La exposición titulada “Perú: De los Andes a la Amazonía”, refleja la riqueza natural y cultural del país. Conoce más aquí: bn.com.pe/noticias/2025/…",1,1,1,0,286
2025-07-11 03:27:38,BancodelaNacion,Jul 5,"✅ ¡Precios estables! La inflación anual fue de 1,7 % en junio y ya son 6 meses dentro del rango meta. Más tranquilidad para tu bolsillo. #EconomíaPunche 💪 📊

#Inflación #Estabilidad #EconomíaPerú",24,29,33,1,10.0K
2025-07-11 03:27:38,BancodelaNacion,Jun 27,#Comunicado,3,3,6,1,1.0K
2025-07-11 03:27:38,BancodelaNacion,Jun 25,"Hoy brindamos una capacitación sobre comercio exterior y educación financiera, a los estudiantes de la Escuela de Administración y Negocios de la Universidad César Vallejo , brindándoles herramientas para fortalecer sus habilidades y afrontar los retos del mundo económico actual.",0,0,5,0,347
2025-07-11 03:27:38,BancodelaNacion,Jun 22,"#NotaDePrensa |  El Ministerio de Economía y Finanzas #MEF resaltó que el trabajo conjunto entre la política fiscal y monetaria ha sido clave para que el Perú continúe registrando los índices inflacionarios más bajos de la región. 

🗞️ Más información: gob.pe/es/n/1192072",1,4,12,0,2.0K
2025-07-11 03:27:38,BancodelaNacion,Jun 19,#ConexiónBN | Nos reunimos con alcaldes lambayecanos y funcionarios municipales para impulsar obras públicas; en la reunión se expuso el procedimiento para que las comunas accedan a líneas de financiamiento para proyectos a favor de la población local.  info.bn.com.pe/ConexiónBNAlca…,0,0,0,0,206
2025-07-11 03:27:38,BancodelaNacion,Jun 18,"¡#ElPerúNoSeDetiene!
El Banco de la Nación, OECE, ONP y la SUNAT continúan atendiendo con total normalidad, para asegurar que la población acceda a sus trámites y consultas sin interrupciones ni contratiempos. 💪🇵🇪",0,4,9,0,2.0K
2025-07-11 03:27:38,BancodelaNacion,Jun 17,"#ConexiónBNChiclayo Se llevó a cabo el seminario ""Finanzas Inteligentes para Jóvenes"" en la Universidad Nacional Pedro Ruiz Gallo, dirigido a estudiantes universitarios. Se compartieron herramientas y conocimientos sobre bancarización, digitalización y ahorro responsable.",1,0,0,0,232
2025-07-11 03:27:38,BancodelaNacion,Jun 12,"#VotoDeConfianza | 💡 ¡Proyectos estratégicos que impulsan el desarrollo!
Este año se promoverá inversiones por más de USD 8600 millones en transporte, salud, turismo y desarrollo urbano, beneficiando a más de 15 millones de peruanos mediante APP, #ObrasPorImpuestos y Gobierno a…",3,7,5,0,2.0K
2025-07-11 03:27:38,BancodelaNacion,Jun 11,"📣 Banco de la Nación amplía hasta el 14 de junio 🗓️ campaña de préstamos con tasa promocional 💰 para el sector público 👩‍🏫👨‍⚕️. 
Más información: 
👉 info.bn.com.pe/AmpliacionTasa",6,1,2,0,810
2025-07-11 03:27:38,BancodelaNacion,May 23,"🔴 EN VIVO ¡Aprovecha! El @BancodelaNacion viene ofreciendo préstamos personales con una tasa promocional interesante. Entérate cómo acceder, conversamos con Piero Flores Miranda, sub gerente de Banca Personal del Banco de la Nación ow.ly/4Yto50VXPQ3",2,2,3,0,1.0K
2025-07-11 03:27:38,BancodelaNacion,May 23,"🔴 EN VIVO ¡Aprovecha! El @BancodelaNacion viene ofreciendo préstamos personales con una tasa promocional interesante. Entérate cómo acceder, conversamos con Piero Flores Miranda, sub gerente de Banca Personal del Banco de la Nación ow.ly/4Yto50VXPQ3",1,1,1,0,1.0K
2025-07-11 03:27:38,BancodelaNacion,May 23,¿Eres trabajador o pensionista del sector público? Accede a un préstamo del @BancodelaNacion ➡️ Todos los detalles hoy en #AndinaCanalOnline ow.ly/RnfO50VXJsc,0,2,0,0,821
2025-07-11 03:27:38,BancodelaNacion,May 23,¿Eres trabajador o pensionista del sector público? Accede a un préstamo del @BancodelaNacion ➡️ Todos los detalles hoy en #AndinaCanalOnline ow.ly/RnfO50VXJsc,0,1,1,0,844
2025-07-11 03:27:38,BancodelaNacion,May 21,▶ Banco de la Nación (@BancodelaNacion)  lanza campaña de préstamos con tasa promocional para sector público ow.ly/gRtA50VWrWQ,0,2,2,0,854
2025-07-11 03:27:38,BancodelaNacion,May 16,"El Presidente Ejecutivo del Banco de la Nación, José Ricardo Stok, se reunió con el Director General de Comunidades Peruanas en el Exterior, Pedro Bravo, para fortalecer la cooperación interinstitucional y mejorar los servicios para más de 3.5 millones de peruanos en el exterior.",3,0,0,0,471
2025-07-11 06:30:49,BancodelaNacion,Jul 8,"El BN y Línea 1 del Metro de Lima inauguraron una muestra fotográfica que se exhibe en estaciones por el mes patrio. La exposición titulada “Perú: De los Andes a la Amazonía”, refleja la riqueza natural y cultural del país. Conoce más aquí: bn.com.pe/noticias/2025/…",1,1,1,0,288
2025-07-11 06:30:49,BancodelaNacion,Jul 5,"✅ ¡Precios estables! La inflación anual fue de 1,7 % en junio y ya son 6 meses dentro del rango meta. Más tranquilidad para tu bolsillo. #EconomíaPunche 💪 📊

#Inflación #Estabilidad #EconomíaPerú",24,29,33,1,10.0K
2025-07-11 06:30:49,BancodelaNacion,Jun 27,#Comunicado,3,3,6,1,1.0K
2025-07-11 06:30:49,BancodelaNacion,Jun 25,"Hoy brindamos una capacitación sobre comercio exterior y educación financiera, a los estudiantes de la Escuela de Administración y Negocios de la Universidad César Vallejo , brindándoles herramientas para fortalecer sus habilidades y afrontar los retos del mundo económico actual.",0,0,5,0,347
2025-07-11 06:30:49,BancodelaNacion,Jun 22,"#NotaDePrensa |  El Ministerio de Economía y Finanzas #MEF resaltó que el trabajo conjunto entre la política fiscal y monetaria ha sido clave para que el Perú continúe registrando los índices inflacionarios más bajos de la región. 

🗞️ Más información: gob.pe/es/n/1192072",1,4,12,0,2.0K
2025-07-11 06:30:49,BancodelaNacion,Jun 19,#ConexiónBN | Nos reunimos con alcaldes lambayecanos y funcionarios municipales para impulsar obras públicas; en la reunión se expuso el procedimiento para que las comunas accedan a líneas de financiamiento para proyectos a favor de la población local.  info.bn.com.pe/ConexiónBNAlca…,0,0,0,0,206
2025-07-11 06:30:49,BancodelaNacion,Jun 18,"¡#ElPerúNoSeDetiene!
El Banco de la Nación, OECE, ONP y la SUNAT continúan atendiendo con total normalidad, para asegurar que la población acceda a sus trámites y consultas sin interrupciones ni contratiempos. 💪🇵🇪",0,4,9,0,2.0K
2025-07-11 06:30:49,BancodelaNacion,Jun 17,"#ConexiónBNChiclayo Se llevó a cabo el seminario ""Finanzas Inteligentes para Jóvenes"" en la Universidad Nacional Pedro Ruiz Gallo, dirigido a estudiantes universitarios. Se compartieron herramientas y conocimientos sobre bancarización, digitalización y ahorro responsable.",1,0,0,0,232
2025-07-11 06:30:49,BancodelaNacion,Jun 12,"#VotoDeConfianza | 💡 ¡Proyectos estratégicos que impulsan el desarrollo!
Este año se promoverá inversiones por más de USD 8600 millones en transporte, salud, turismo y desarrollo urbano, beneficiando a más de 15 millones de peruanos mediante APP, #ObrasPorImpuestos y Gobierno a…",3,7,5,0,2.0K
2025-07-11 06:30:49,BancodelaNacion,Jun 11,"📣 Banco de la Nación amplía hasta el 14 de junio 🗓️ campaña de préstamos con tasa promocional 💰 para el sector público 👩‍🏫👨‍⚕️. 
Más información: 
👉 info.bn.com.pe/AmpliacionTasa",6,1,2,0,810
2025-07-11 06:30:49,BancodelaNacion,May 23,"🔴 EN VIVO ¡Aprovecha! El @BancodelaNacion viene ofreciendo préstamos personales con una tasa promocional interesante. Entérate cómo acceder, conversamos con Piero Flores Miranda, sub gerente de Banca Personal del Banco de la Nación ow.ly/4Yto50VXPQ3",2,2,3,0,1.0K
2025-07-11 06:30:49,BancodelaNacion,May 23,"🔴 EN VIVO ¡Aprovecha! El @BancodelaNacion viene ofreciendo préstamos personales con una tasa promocional interesante. Entérate cómo acceder, conversamos con Piero Flores Miranda, sub gerente de Banca Personal del Banco de la Nación ow.ly/4Yto50VXPQ3",1,1,1,0,1.0K
2025-07-11 06:30:49,BancodelaNacion,May 23,¿Eres trabajador o pensionista del sector público? Accede a un préstamo del @BancodelaNacion ➡️ Todos los detalles hoy en #AndinaCanalOnline ow.ly/RnfO50VXJsc,0,2,0,0,821
2025-07-11 06:30:49,BancodelaNacion,May 23,¿Eres trabajador o pensionista del sector público? Accede a un préstamo del @BancodelaNacion ➡️ Todos los detalles hoy en #AndinaCanalOnline ow.ly/RnfO50VXJsc,0,1,1,0,844
2025-07-11 06:30:49,BancodelaNacion,May 21,▶ Banco de la Nación (@BancodelaNacion)  lanza campaña de préstamos con tasa promocional para sector público ow.ly/gRtA50VWrWQ,0,2,2,0,854
2025-07-11 06:30:49,BancodelaNacion,May 16,"El Presidente Ejecutivo del Banco de la Nación, José Ricardo Stok, se reunió con el Director General de Comunidades Peruanas en el Exterior, Pedro Bravo, para fortalecer la cooperación interinstitucional y mejorar los servicios para más de 3.5 millones de peruanos en el exterior.",3,0,0,0,471
2025-07-11 07:20:54,BancodelaNacion,Jul 8,"El BN y Línea 1 del Metro de Lima inauguraron una muestra fotográfica que se exhibe en estaciones por el mes patrio. La exposición titulada “Perú: De los Andes a la Amazonía”, refleja la riqueza natural y cultural del país. Conoce más aquí: bn.com.pe/noticias/2025/…",1,1,1,0,289
2025-07-11 07:20:54,BancodelaNacion,Jul 5,"✅ ¡Precios estables! La inflación anual fue de 1,7 % en junio y ya son 6 meses dentro del rango meta. Más tranquilidad para tu bolsillo. #EconomíaPunche 💪 📊

#Inflación #Estabilidad #EconomíaPerú",24,29,33,1,10.0K
2025-07-11 07:20:54,BancodelaNacion,Jun 27,#Comunicado,3,3,6,1,1.0K
2025-07-11 07:20:54,BancodelaNacion,Jun 25,"Hoy brindamos una capacitación sobre comercio exterior y educación financiera, a los estudiantes de la Escuela de Administración y Negocios de la Universidad César Vallejo , brindándoles herramientas para fortalecer sus habilidades y afrontar los retos del mundo económico actual.",0,0,5,0,347
2025-07-11 07:20:54,BancodelaNacion,Jun 22,"#NotaDePrensa |  El Ministerio de Economía y Finanzas #MEF resaltó que el trabajo conjunto entre la política fiscal y monetaria ha sido clave para que el Perú continúe registrando los índices inflacionarios más bajos de la región. 

🗞️ Más información: gob.pe/es/n/1192072",1,4,12,0,2.0K
2025-07-11 07:20:54,BancodelaNacion,Jun 19,#ConexiónBN | Nos reunimos con alcaldes lambayecanos y funcionarios municipales para impulsar obras públicas; en la reunión se expuso el procedimiento para que las comunas accedan a líneas de financiamiento para proyectos a favor de la población local.  info.bn.com.pe/ConexiónBNAlca…,0,0,0,0,206
2025-07-11 07:20:54,BancodelaNacion,Jun 18,"¡#ElPerúNoSeDetiene!
El Banco de la Nación, OECE, ONP y la SUNAT continúan atendiendo con total normalidad, para asegurar que la población acceda a sus trámites y consultas sin interrupciones ni contratiempos. 💪🇵🇪",0,4,9,0,2.0K
2025-07-11 07:20:54,BancodelaNacion,Jun 17,"#ConexiónBNChiclayo Se llevó a cabo el seminario ""Finanzas Inteligentes para Jóvenes"" en la Universidad Nacional Pedro Ruiz Gallo, dirigido a estudiantes universitarios. Se compartieron herramientas y conocimientos sobre bancarización, digitalización y ahorro responsable.",1,0,0,0,232
2025-07-11 07:20:54,BancodelaNacion,Jun 12,"#VotoDeConfianza | 💡 ¡Proyectos estratégicos que impulsan el desarrollo!
Este año se promoverá inversiones por más de USD 8600 millones en transporte, salud, turismo y desarrollo urbano, beneficiando a más de 15 millones de peruanos mediante APP, #ObrasPorImpuestos y Gobierno a…",3,7,5,0,2.0K
2025-07-11 07:20:54,BancodelaNacion,Jun 11,"📣 Banco de la Nación amplía hasta el 14 de junio 🗓️ campaña de préstamos con tasa promocional 💰 para el sector público 👩‍🏫👨‍⚕️. 
Más información: 
👉 info.bn.com.pe/AmpliacionTasa",6,1,2,0,810
2025-07-11 07:20:54,BancodelaNacion,May 23,"🔴 EN VIVO ¡Aprovecha! El @BancodelaNacion viene ofreciendo préstamos personales con una tasa promocional interesante. Entérate cómo acceder, conversamos con Piero Flores Miranda, sub gerente de Banca Personal del Banco de la Nación ow.ly/4Yto50VXPQ3",2,2,3,0,1.0K
2025-07-11 07:20:54,BancodelaNacion,May 23,"🔴 EN VIVO ¡Aprovecha! El @BancodelaNacion viene ofreciendo préstamos personales con una tasa promocional interesante. Entérate cómo acceder, conversamos con Piero Flores Miranda, sub gerente de Banca Personal del Banco de la Nación ow.ly/4Yto50VXPQ3",1,1,1,0,1.0K
2025-07-11 07:20:54,BancodelaNacion,May 23,¿Eres trabajador o pensionista del sector público? Accede a un préstamo del @BancodelaNacion ➡️ Todos los detalles hoy en #AndinaCanalOnline ow.ly/RnfO50VXJsc,0,2,0,0,821
2025-07-11 07:20:54,BancodelaNacion,May 23,¿Eres trabajador o pensionista del sector público? Accede a un préstamo del @BancodelaNacion ➡️ Todos los detalles hoy en #AndinaCanalOnline ow.ly/RnfO50VXJsc,0,1,1,0,844
2025-07-11 07:20:54,BancodelaNacion,May 21,▶ Banco de la Nación (@BancodelaNacion)  lanza campaña de préstamos con tasa promocional para sector público ow.ly/gRtA50VWrWQ,0,2,2,0,854
2025-07-11 07:20:54,BancodelaNacion,May 16,"El Presidente Ejecutivo del Banco de la Nación, José Ricardo Stok, se reunió con el Director General de Comunidades Peruanas en el Exterior, Pedro Bravo, para fortalecer la cooperación interinstitucional y mejorar los servicios para más de 3.5 millones de peruanos en el exterior.",3,0,0,0,471
2025-07-11 08:27:37,BancodelaNacion,Jul 8,"El BN y Línea 1 del Metro de Lima inauguraron una muestra fotográfica que se exhibe en estaciones por el mes patrio. La exposición titulada “Perú: De los Andes a la Amazonía”, refleja la riqueza natural y cultural del país. Conoce más aquí: bn.com.pe/noticias/2025/…",1,1,1,0,289
2025-07-11 08:27:37,BancodelaNacion,Jul 5,"✅ ¡Precios estables! La inflación anual fue de 1,7 % en junio y ya son 6 meses dentro del rango meta. Más tranquilidad para tu bolsillo. #EconomíaPunche 💪 📊

#Inflación #Estabilidad #EconomíaPerú",24,29,33,1,10.0K
2025-07-11 08:27:37,BancodelaNacion,Jun 27,#Comunicado,3,3,6,1,1.0K
2025-07-11 08:27:37,BancodelaNacion,Jun 25,"Hoy brindamos una capacitación sobre comercio exterior y educación financiera, a los estudiantes de la Escuela de Administración y Negocios de la Universidad César Vallejo , brindándoles herramientas para fortalecer sus habilidades y afrontar los retos del mundo económico actual.",0,0,5,0,347
2025-07-11 08:27:37,BancodelaNacion,Jun 22,"#NotaDePrensa |  El Ministerio de Economía y Finanzas #MEF resaltó que el trabajo conjunto entre la política fiscal y monetaria ha sido clave para que el Perú continúe registrando los índices inflacionarios más bajos de la región. 

🗞️ Más información: gob.pe/es/n/1192072",1,4,12,0,2.0K
2025-07-11 08:27:37,BancodelaNacion,Jun 19,#ConexiónBN | Nos reunimos con alcaldes lambayecanos y funcionarios municipales para impulsar obras públicas; en la reunión se expuso el procedimiento para que las comunas accedan a líneas de financiamiento para proyectos a favor de la población local.  info.bn.com.pe/ConexiónBNAlca…,0,0,0,0,206
2025-07-11 08:27:37,BancodelaNacion,Jun 18,"¡#ElPerúNoSeDetiene!
El Banco de la Nación, OECE, ONP y la SUNAT continúan atendiendo con total normalidad, para asegurar que la población acceda a sus trámites y consultas sin interrupciones ni contratiempos. 💪🇵🇪",0,4,9,0,2.0K
2025-07-11 08:27:37,BancodelaNacion,Jun 17,"#ConexiónBNChiclayo Se llevó a cabo el seminario ""Finanzas Inteligentes para Jóvenes"" en la Universidad Nacional Pedro Ruiz Gallo, dirigido a estudiantes universitarios. Se compartieron herramientas y conocimientos sobre bancarización, digitalización y ahorro responsable.",1,0,0,0,232
2025-07-11 08:27:37,BancodelaNacion,Jun 12,"#VotoDeConfianza | 💡 ¡Proyectos estratégicos que impulsan el desarrollo!
Este año se promoverá inversiones por más de USD 8600 millones en transporte, salud, turismo y desarrollo urbano, beneficiando a más de 15 millones de peruanos mediante APP, #ObrasPorImpuestos y Gobierno a…",3,7,5,0,2.0K
2025-07-11 08:27:37,BancodelaNacion,Jun 11,"📣 Banco de la Nación amplía hasta el 14 de junio 🗓️ campaña de préstamos con tasa promocional 💰 para el sector público 👩‍🏫👨‍⚕️. 
Más información: 
👉 info.bn.com.pe/AmpliacionTasa",6,1,2,0,810
2025-07-11 08:27:37,BancodelaNacion,May 23,"🔴 EN VIVO ¡Aprovecha! El @BancodelaNacion viene ofreciendo préstamos personales con una tasa promocional interesante. Entérate cómo acceder, conversamos con Piero Flores Miranda, sub gerente de Banca Personal del Banco de la Nación ow.ly/4Yto50VXPQ3",2,2,3,0,1.0K
2025-07-11 08:27:37,BancodelaNacion,May 23,"🔴 EN VIVO ¡Aprovecha! El @BancodelaNacion viene ofreciendo préstamos personales con una tasa promocional interesante. Entérate cómo acceder, conversamos con Piero Flores Miranda, sub gerente de Banca Personal del Banco de la Nación ow.ly/4Yto50VXPQ3",1,1,1,0,1.0K
2025-07-11 08:27:37,BancodelaNacion,May 23,¿Eres trabajador o pensionista del sector público? Accede a un préstamo del @BancodelaNacion ➡️ Todos los detalles hoy en #AndinaCanalOnline ow.ly/RnfO50VXJsc,0,2,0,0,821
2025-07-11 08:27:37,BancodelaNacion,May 23,¿Eres trabajador o pensionista del sector público? Accede a un préstamo del @BancodelaNacion ➡️ Todos los detalles hoy en #AndinaCanalOnline ow.ly/RnfO50VXJsc,0,1,1,0,844
2025-07-11 08:27:37,BancodelaNacion,May 21,▶ Banco de la Nación (@BancodelaNacion)  lanza campaña de préstamos con tasa promocional para sector público ow.ly/gRtA50VWrWQ,0,2,2,0,854
2025-07-11 08:27:37,BancodelaNacion,May 16,"El Presidente Ejecutivo del Banco de la Nación, José Ricardo Stok, se reunió con el Director General de Comunidades Peruanas en el Exterior, Pedro Bravo, para fortalecer la cooperación interinstitucional y mejorar los servicios para más de 3.5 millones de peruanos en el exterior.",3,0,0,0,471
2025-07-11 09:22:23,BancodelaNacion,Jul 8,"El BN y Línea 1 del Metro de Lima inauguraron una muestra fotográfica que se exhibe en estaciones por el mes patrio. La exposición titulada “Perú: De los Andes a la Amazonía”, refleja la riqueza natural y cultural del país. Conoce más aquí: bn.com.pe/noticias/2025/…",1,1,1,0,289
2025-07-11 09:22:23,BancodelaNacion,Jul 5,"✅ ¡Precios estables! La inflación anual fue de 1,7 % en junio y ya son 6 meses dentro del rango meta. Más tranquilidad para tu bolsillo. #EconomíaPunche 💪 📊

#Inflación #Estabilidad #EconomíaPerú",24,29,33,1,10.0K
2025-07-11 09:22:23,BancodelaNacion,Jun 27,#Comunicado,3,3,6,1,1.0K
2025-07-11 09:22:23,BancodelaNacion,Jun 25,"Hoy brindamos una capacitación sobre comercio exterior y educación financiera, a los estudiantes de la Escuela de Administración y Negocios de la Universidad César Vallejo , brindándoles herramientas para fortalecer sus habilidades y afrontar los retos del mundo económico actual.",0,0,5,0,347
2025-07-11 09:22:23,BancodelaNacion,Jun 22,"#NotaDePrensa |  El Ministerio de Economía y Finanzas #MEF resaltó que el trabajo conjunto entre la política fiscal y monetaria ha sido clave para que el Perú continúe registrando los índices inflacionarios más bajos de la región. 

🗞️ Más información: gob.pe/es/n/1192072",1,4,12,0,2.0K
2025-07-11 09:22:23,BancodelaNacion,Jun 19,#ConexiónBN | Nos reunimos con alcaldes lambayecanos y funcionarios municipales para impulsar obras públicas; en la reunión se expuso el procedimiento para que las comunas accedan a líneas de financiamiento para proyectos a favor de la población local.  info.bn.com.pe/ConexiónBNAlca…,0,0,0,0,206
2025-07-11 09:22:23,BancodelaNacion,Jun 18,"¡#ElPerúNoSeDetiene!
El Banco de la Nación, OECE, ONP y la SUNAT continúan atendiendo con total normalidad, para asegurar que la población acceda a sus trámites y consultas sin interrupciones ni contratiempos. 💪🇵🇪",0,4,9,0,2.0K
2025-07-11 09:22:23,BancodelaNacion,Jun 17,"#ConexiónBNChiclayo Se llevó a cabo el seminario ""Finanzas Inteligentes para Jóvenes"" en la Universidad Nacional Pedro Ruiz Gallo, dirigido a estudiantes universitarios. Se compartieron herramientas y conocimientos sobre bancarización, digitalización y ahorro responsable.",1,0,0,0,232
2025-07-11 09:22:23,BancodelaNacion,Jun 12,"#VotoDeConfianza | 💡 ¡Proyectos estratégicos que impulsan el desarrollo!
Este año se promoverá inversiones por más de USD 8600 millones en transporte, salud, turismo y desarrollo urbano, beneficiando a más de 15 millones de peruanos mediante APP, #ObrasPorImpuestos y Gobierno a…",3,7,5,0,2.0K
2025-07-11 09:22:23,BancodelaNacion,Jun 11,"📣 Banco de la Nación amplía hasta el 14 de junio 🗓️ campaña de préstamos con tasa promocional 💰 para el sector público 👩‍🏫👨‍⚕️. 
Más información: 
👉 info.bn.com.pe/AmpliacionTasa",6,1,2,0,810
2025-07-11 09:22:23,BancodelaNacion,May 23,"🔴 EN VIVO ¡Aprovecha! El @BancodelaNacion viene ofreciendo préstamos personales con una tasa promocional interesante. Entérate cómo acceder, conversamos con Piero Flores Miranda, sub gerente de Banca Personal del Banco de la Nación ow.ly/4Yto50VXPQ3",2,2,3,0,1.0K
2025-07-11 09:22:23,BancodelaNacion,May 23,"🔴 EN VIVO ¡Aprovecha! El @BancodelaNacion viene ofreciendo préstamos personales con una tasa promocional interesante. Entérate cómo acceder, conversamos con Piero Flores Miranda, sub gerente de Banca Personal del Banco de la Nación ow.ly/4Yto50VXPQ3",1,1,1,0,1.0K
2025-07-11 09:22:23,BancodelaNacion,May 23,¿Eres trabajador o pensionista del sector público? Accede a un préstamo del @BancodelaNacion ➡️ Todos los detalles hoy en #AndinaCanalOnline ow.ly/RnfO50VXJsc,0,2,0,0,821
2025-07-11 09:22:23,BancodelaNacion,May 23,¿Eres trabajador o pensionista del sector público? Accede a un préstamo del @BancodelaNacion ➡️ Todos los detalles hoy en #AndinaCanalOnline ow.ly/RnfO50VXJsc,0,1,1,0,844
2025-07-11 09:22:23,BancodelaNacion,May 21,▶ Banco de la Nación (@BancodelaNacion)  lanza campaña de préstamos con tasa promocional para sector público ow.ly/gRtA50VWrWQ,0,2,2,0,854
2025-07-11 09:22:23,BancodelaNacion,May 16,"El Presidente Ejecutivo del Banco de la Nación, José Ricardo Stok, se reunió con el Director General de Comunidades Peruanas en el Exterior, Pedro Bravo, para fortalecer la cooperación interinstitucional y mejorar los servicios para más de 3.5 millones de peruanos en el exterior.",3,0,0,0,471
2025-07-11 10:21:36,BancodelaNacion,Jul 8,"El BN y Línea 1 del Metro de Lima inauguraron una muestra fotográfica que se exhibe en estaciones por el mes patrio. La exposición titulada “Perú: De los Andes a la Amazonía”, refleja la riqueza natural y cultural del país. Conoce más aquí: bn.com.pe/noticias/2025/…",1,1,1,0,289
2025-07-11 10:21:36,BancodelaNacion,Jul 5,"✅ ¡Precios estables! La inflación anual fue de 1,7 % en junio y ya son 6 meses dentro del rango meta. Más tranquilidad para tu bolsillo. #EconomíaPunche 💪 📊

#Inflación #Estabilidad #EconomíaPerú",24,29,33,1,10.0K
2025-07-11 10:21:36,BancodelaNacion,Jun 27,#Comunicado,3,3,6,1,1.0K
2025-07-11 10:21:36,BancodelaNacion,Jun 25,"Hoy brindamos una capacitación sobre comercio exterior y educación financiera, a los estudiantes de la Escuela de Administración y Negocios de la Universidad César Vallejo , brindándoles herramientas para fortalecer sus habilidades y afrontar los retos del mundo económico actual.",0,0,5,0,347
2025-07-11 10:21:36,BancodelaNacion,Jun 22,"#NotaDePrensa |  El Ministerio de Economía y Finanzas #MEF resaltó que el trabajo conjunto entre la política fiscal y monetaria ha sido clave para que el Perú continúe registrando los índices inflacionarios más bajos de la región. 

🗞️ Más información: gob.pe/es/n/1192072",1,4,12,0,2.0K
2025-07-11 10:21:36,BancodelaNacion,Jun 19,#ConexiónBN | Nos reunimos con alcaldes lambayecanos y funcionarios municipales para impulsar obras públicas; en la reunión se expuso el procedimiento para que las comunas accedan a líneas de financiamiento para proyectos a favor de la población local.  info.bn.com.pe/ConexiónBNAlca…,0,0,0,0,206
2025-07-11 10:21:36,BancodelaNacion,Jun 18,"¡#ElPerúNoSeDetiene!
El Banco de la Nación, OECE, ONP y la SUNAT continúan atendiendo con total normalidad, para asegurar que la población acceda a sus trámites y consultas sin interrupciones ni contratiempos. 💪🇵🇪",0,4,9,0,2.0K
2025-07-11 10:21:36,BancodelaNacion,Jun 17,"#ConexiónBNChiclayo Se llevó a cabo el seminario ""Finanzas Inteligentes para Jóvenes"" en la Universidad Nacional Pedro Ruiz Gallo, dirigido a estudiantes universitarios. Se compartieron herramientas y conocimientos sobre bancarización, digitalización y ahorro responsable.",1,0,0,0,232
2025-07-11 10:21:36,BancodelaNacion,Jun 12,"#VotoDeConfianza | 💡 ¡Proyectos estratégicos que impulsan el desarrollo!
Este año se promoverá inversiones por más de USD 8600 millones en transporte, salud, turismo y desarrollo urbano, beneficiando a más de 15 millones de peruanos mediante APP, #ObrasPorImpuestos y Gobierno a…",3,7,5,0,2.0K
2025-07-11 10:21:36,BancodelaNacion,Jun 11,"📣 Banco de la Nación amplía hasta el 14 de junio 🗓️ campaña de préstamos con tasa promocional 💰 para el sector público 👩‍🏫👨‍⚕️. 
Más información: 
👉 info.bn.com.pe/AmpliacionTasa",6,1,2,0,810
2025-07-11 10:21:36,BancodelaNacion,May 23,"🔴 EN VIVO ¡Aprovecha! El @BancodelaNacion viene ofreciendo préstamos personales con una tasa promocional interesante. Entérate cómo acceder, conversamos con Piero Flores Miranda, sub gerente de Banca Personal del Banco de la Nación ow.ly/4Yto50VXPQ3",2,2,3,0,1.0K
2025-07-11 10:21:36,BancodelaNacion,May 23,"🔴 EN VIVO ¡Aprovecha! El @BancodelaNacion viene ofreciendo préstamos personales con una tasa promocional interesante. Entérate cómo acceder, conversamos con Piero Flores Miranda, sub gerente de Banca Personal del Banco de la Nación ow.ly/4Yto50VXPQ3",1,1,1,0,1.0K
2025-07-11 10:21:36,BancodelaNacion,May 23,¿Eres trabajador o pensionista del sector público? Accede a un préstamo del @BancodelaNacion ➡️ Todos los detalles hoy en #AndinaCanalOnline ow.ly/RnfO50VXJsc,0,2,0,0,821
2025-07-11 10:21:36,BancodelaNacion,May 23,¿Eres trabajador o pensionista del sector público? Accede a un préstamo del @BancodelaNacion ➡️ Todos los detalles hoy en #AndinaCanalOnline ow.ly/RnfO50VXJsc,0,1,1,0,844
2025-07-11 10:21:36,BancodelaNacion,May 21,▶ Banco de la Nación (@BancodelaNacion)  lanza campaña de préstamos con tasa promocional para sector público ow.ly/gRtA50VWrWQ,0,2,2,0,854
2025-07-11 10:21:36,BancodelaNacion,May 16,"El Presidente Ejecutivo del Banco de la Nación, José Ricardo Stok, se reunió con el Director General de Comunidades Peruanas en el Exterior, Pedro Bravo, para fortalecer la cooperación interinstitucional y mejorar los servicios para más de 3.5 millones de peruanos en el exterior.",3,0,0,0,471
2025-07-11 12:40:32,BancodelaNacion,Jul 8,"El BN y Línea 1 del Metro de Lima inauguraron una muestra fotográfica que se exhibe en estaciones por el mes patrio. La exposición titulada “Perú: De los Andes a la Amazonía”, refleja la riqueza natural y cultural del país. Conoce más aquí: bn.com.pe/noticias/2025/…",1,1,1,0,289
2025-07-11 12:40:32,BancodelaNacion,Jul 5,"✅ ¡Precios estables! La inflación anual fue de 1,7 % en junio y ya son 6 meses dentro del rango meta. Más tranquilidad para tu bolsillo. #EconomíaPunche 💪 📊

#Inflación #Estabilidad #EconomíaPerú",24,29,33,1,10.0K
2025-07-11 12:40:32,BancodelaNacion,Jun 27,#Comunicado,3,3,6,1,1.0K
2025-07-11 12:40:32,BancodelaNacion,Jun 25,"Hoy brindamos una capacitación sobre comercio exterior y educación financiera, a los estudiantes de la Escuela de Administración y Negocios de la Universidad César Vallejo , brindándoles herramientas para fortalecer sus habilidades y afrontar los retos del mundo económico actual.",0,0,5,0,347
2025-07-11 12:40:32,BancodelaNacion,Jun 22,"#NotaDePrensa |  El Ministerio de Economía y Finanzas #MEF resaltó que el trabajo conjunto entre la política fiscal y monetaria ha sido clave para que el Perú continúe registrando los índices inflacionarios más bajos de la región. 

🗞️ Más información: gob.pe/es/n/1192072",1,4,12,0,2.0K
2025-07-11 12:40:32,BancodelaNacion,Jun 19,#ConexiónBN | Nos reunimos con alcaldes lambayecanos y funcionarios municipales para impulsar obras públicas; en la reunión se expuso el procedimiento para que las comunas accedan a líneas de financiamiento para proyectos a favor de la población local.  info.bn.com.pe/ConexiónBNAlca…,0,0,0,0,206
2025-07-11 12:40:32,BancodelaNacion,Jun 18,"¡#ElPerúNoSeDetiene!
El Banco de la Nación, OECE, ONP y la SUNAT continúan atendiendo con total normalidad, para asegurar que la población acceda a sus trámites y consultas sin interrupciones ni contratiempos. 💪🇵🇪",0,4,9,0,2.0K
2025-07-11 12:40:32,BancodelaNacion,Jun 17,"#ConexiónBNChiclayo Se llevó a cabo el seminario ""Finanzas Inteligentes para Jóvenes"" en la Universidad Nacional Pedro Ruiz Gallo, dirigido a estudiantes universitarios. Se compartieron herramientas y conocimientos sobre bancarización, digitalización y ahorro responsable.",1,0,0,0,232
2025-07-11 12:40:32,BancodelaNacion,Jun 12,"#VotoDeConfianza | 💡 ¡Proyectos estratégicos que impulsan el desarrollo!
Este año se promoverá inversiones por más de USD 8600 millones en transporte, salud, turismo y desarrollo urbano, beneficiando a más de 15 millones de peruanos mediante APP, #ObrasPorImpuestos y Gobierno a…",3,7,5,0,2.0K
2025-07-11 12:40:32,BancodelaNacion,Jun 11,"📣 Banco de la Nación amplía hasta el 14 de junio 🗓️ campaña de préstamos con tasa promocional 💰 para el sector público 👩‍🏫👨‍⚕️. 
Más información: 
👉 info.bn.com.pe/AmpliacionTasa",6,1,2,0,810
2025-07-11 12:40:32,BancodelaNacion,May 23,"🔴 EN VIVO ¡Aprovecha! El @BancodelaNacion viene ofreciendo préstamos personales con una tasa promocional interesante. Entérate cómo acceder, conversamos con Piero Flores Miranda, sub gerente de Banca Personal del Banco de la Nación ow.ly/4Yto50VXPQ3",2,2,3,0,1.0K
2025-07-11 12:40:32,BancodelaNacion,May 23,"🔴 EN VIVO ¡Aprovecha! El @BancodelaNacion viene ofreciendo préstamos personales con una tasa promocional interesante. Entérate cómo acceder, conversamos con Piero Flores Miranda, sub gerente de Banca Personal del Banco de la Nación ow.ly/4Yto50VXPQ3",1,1,1,0,1.0K
2025-07-11 12:40:32,BancodelaNacion,May 23,¿Eres trabajador o pensionista del sector público? Accede a un préstamo del @BancodelaNacion ➡️ Todos los detalles hoy en #AndinaCanalOnline ow.ly/RnfO50VXJsc,0,2,0,0,821
2025-07-11 12:40:32,BancodelaNacion,May 23,¿Eres trabajador o pensionista del sector público? Accede a un préstamo del @BancodelaNacion ➡️ Todos los detalles hoy en #AndinaCanalOnline ow.ly/RnfO50VXJsc,0,1,1,0,844
2025-07-11 12:40:32,BancodelaNacion,May 21,▶ Banco de la Nación (@BancodelaNacion)  lanza campaña de préstamos con tasa promocional para sector público ow.ly/gRtA50VWrWQ,0,2,2,0,854
2025-07-11 12:40:32,BancodelaNacion,May 16,"El Presidente Ejecutivo del Banco de la Nación, José Ricardo Stok, se reunió con el Director General de Comunidades Peruanas en el Exterior, Pedro Bravo, para fortalecer la cooperación interinstitucional y mejorar los servicios para más de 3.5 millones de peruanos en el exterior.",3,0,0,0,471
2025-07-11 13:32:55,BancodelaNacion,Jul 8,"El BN y Línea 1 del Metro de Lima inauguraron una muestra fotográfica que se exhibe en estaciones por el mes patrio. La exposición titulada “Perú: De los Andes a la Amazonía”, refleja la riqueza natural y cultural del país. Conoce más aquí: bn.com.pe/noticias/2025/…",1,1,1,0,290
2025-07-11 13:32:55,BancodelaNacion,Jul 5,"✅ ¡Precios estables! La inflación anual fue de 1,7 % en junio y ya son 6 meses dentro del rango meta. Más tranquilidad para tu bolsillo. #EconomíaPunche 💪 📊

#Inflación #Estabilidad #EconomíaPerú",24,29,33,1,10.0K
2025-07-11 13:32:55,BancodelaNacion,Jun 27,#Comunicado,3,3,6,1,1.0K
2025-07-11 13:32:55,BancodelaNacion,Jun 25,"Hoy brindamos una capacitación sobre comercio exterior y educación financiera, a los estudiantes de la Escuela de Administración y Negocios de la Universidad César Vallejo , brindándoles herramientas para fortalecer sus habilidades y afrontar los retos del mundo económico actual.",0,0,5,0,347
2025-07-11 13:32:55,BancodelaNacion,Jun 22,"#NotaDePrensa |  El Ministerio de Economía y Finanzas #MEF resaltó que el trabajo conjunto entre la política fiscal y monetaria ha sido clave para que el Perú continúe registrando los índices inflacionarios más bajos de la región. 

🗞️ Más información: gob.pe/es/n/1192072",1,4,12,0,2.0K
2025-07-11 13:32:55,BancodelaNacion,Jun 19,#ConexiónBN | Nos reunimos con alcaldes lambayecanos y funcionarios municipales para impulsar obras públicas; en la reunión se expuso el procedimiento para que las comunas accedan a líneas de financiamiento para proyectos a favor de la población local.  info.bn.com.pe/ConexiónBNAlca…,0,0,0,0,206
2025-07-11 13:32:55,BancodelaNacion,Jun 18,"¡#ElPerúNoSeDetiene!
El Banco de la Nación, OECE, ONP y la SUNAT continúan atendiendo con total normalidad, para asegurar que la población acceda a sus trámites y consultas sin interrupciones ni contratiempos. 💪🇵🇪",0,4,9,0,2.0K
2025-07-11 13:32:55,BancodelaNacion,Jun 17,"#ConexiónBNChiclayo Se llevó a cabo el seminario ""Finanzas Inteligentes para Jóvenes"" en la Universidad Nacional Pedro Ruiz Gallo, dirigido a estudiantes universitarios. Se compartieron herramientas y conocimientos sobre bancarización, digitalización y ahorro responsable.",1,0,0,0,232
2025-07-11 13:32:55,BancodelaNacion,Jun 12,"#VotoDeConfianza | 💡 ¡Proyectos estratégicos que impulsan el desarrollo!
Este año se promoverá inversiones por más de USD 8600 millones en transporte, salud, turismo y desarrollo urbano, beneficiando a más de 15 millones de peruanos mediante APP, #ObrasPorImpuestos y Gobierno a…",3,7,5,0,2.0K
2025-07-11 13:32:55,BancodelaNacion,Jun 11,"📣 Banco de la Nación amplía hasta el 14 de junio 🗓️ campaña de préstamos con tasa promocional 💰 para el sector público 👩‍🏫👨‍⚕️. 
Más información: 
👉 info.bn.com.pe/AmpliacionTasa",6,1,2,0,810
2025-07-11 13:32:55,BancodelaNacion,May 23,"🔴 EN VIVO ¡Aprovecha! El @BancodelaNacion viene ofreciendo préstamos personales con una tasa promocional interesante. Entérate cómo acceder, conversamos con Piero Flores Miranda, sub gerente de Banca Personal del Banco de la Nación ow.ly/4Yto50VXPQ3",2,2,3,0,1.0K
2025-07-11 13:32:55,BancodelaNacion,May 23,"🔴 EN VIVO ¡Aprovecha! El @BancodelaNacion viene ofreciendo préstamos personales con una tasa promocional interesante. Entérate cómo acceder, conversamos con Piero Flores Miranda, sub gerente de Banca Personal del Banco de la Nación ow.ly/4Yto50VXPQ3",1,1,1,0,1.0K
2025-07-11 13:32:55,BancodelaNacion,May 23,¿Eres trabajador o pensionista del sector público? Accede a un préstamo del @BancodelaNacion ➡️ Todos los detalles hoy en #AndinaCanalOnline ow.ly/RnfO50VXJsc,0,2,0,0,821
2025-07-11 13:32:55,BancodelaNacion,May 23,¿Eres trabajador o pensionista del sector público? Accede a un préstamo del @BancodelaNacion ➡️ Todos los detalles hoy en #AndinaCanalOnline ow.ly/RnfO50VXJsc,0,1,1,0,844
2025-07-11 13:32:55,BancodelaNacion,May 21,▶ Banco de la Nación (@BancodelaNacion)  lanza campaña de préstamos con tasa promocional para sector público ow.ly/gRtA50VWrWQ,0,2,2,0,854
2025-07-11 13:32:55,BancodelaNacion,May 16,"El Presidente Ejecutivo del Banco de la Nación, José Ricardo Stok, se reunió con el Director General de Comunidades Peruanas en el Exterior, Pedro Bravo, para fortalecer la cooperación interinstitucional y mejorar los servicios para más de 3.5 millones de peruanos en el exterior.",3,0,0,0,471
2025-07-11 14:20:08,BancodelaNacion,Jul 8,"El BN y Línea 1 del Metro de Lima inauguraron una muestra fotográfica que se exhibe en estaciones por el mes patrio. La exposición titulada “Perú: De los Andes a la Amazonía”, refleja la riqueza natural y cultural del país. Conoce más aquí: bn.com.pe/noticias/2025/…",1,1,1,0,291
2025-07-11 14:20:08,BancodelaNacion,Jul 5,"✅ ¡Precios estables! La inflación anual fue de 1,7 % en junio y ya son 6 meses dentro del rango meta. Más tranquilidad para tu bolsillo. #EconomíaPunche 💪 📊

#Inflación #Estabilidad #EconomíaPerú",24,29,33,1,10.0K
2025-07-11 14:20:08,BancodelaNacion,Jun 27,#Comunicado,3,3,6,1,1.0K
2025-07-11 14:20:08,BancodelaNacion,Jun 25,"Hoy brindamos una capacitación sobre comercio exterior y educación financiera, a los estudiantes de la Escuela de Administración y Negocios de la Universidad César Vallejo , brindándoles herramientas para fortalecer sus habilidades y afrontar los retos del mundo económico actual.",0,0,5,0,347
2025-07-11 14:20:08,BancodelaNacion,Jun 22,"#NotaDePrensa |  El Ministerio de Economía y Finanzas #MEF resaltó que el trabajo conjunto entre la política fiscal y monetaria ha sido clave para que el Perú continúe registrando los índices inflacionarios más bajos de la región. 

🗞️ Más información: gob.pe/es/n/1192072",1,4,12,0,2.0K
2025-07-11 14:20:08,BancodelaNacion,Jun 19,#ConexiónBN | Nos reunimos con alcaldes lambayecanos y funcionarios municipales para impulsar obras públicas; en la reunión se expuso el procedimiento para que las comunas accedan a líneas de financiamiento para proyectos a favor de la población local.  info.bn.com.pe/ConexiónBNAlca…,0,0,0,0,206
2025-07-11 14:20:08,BancodelaNacion,Jun 18,"¡#ElPerúNoSeDetiene!
El Banco de la Nación, OECE, ONP y la SUNAT continúan atendiendo con total normalidad, para asegurar que la población acceda a sus trámites y consultas sin interrupciones ni contratiempos. 💪🇵🇪",0,4,9,0,2.0K
2025-07-11 14:20:08,BancodelaNacion,Jun 17,"#ConexiónBNChiclayo Se llevó a cabo el seminario ""Finanzas Inteligentes para Jóvenes"" en la Universidad Nacional Pedro Ruiz Gallo, dirigido a estudiantes universitarios. Se compartieron herramientas y conocimientos sobre bancarización, digitalización y ahorro responsable.",1,0,0,0,232
2025-07-11 14:20:08,BancodelaNacion,Jun 12,"#VotoDeConfianza | 💡 ¡Proyectos estratégicos que impulsan el desarrollo!
Este año se promoverá inversiones por más de USD 8600 millones en transporte, salud, turismo y desarrollo urbano, beneficiando a más de 15 millones de peruanos mediante APP, #ObrasPorImpuestos y Gobierno a…",3,7,5,0,2.0K
2025-07-11 14:20:08,BancodelaNacion,Jun 11,"📣 Banco de la Nación amplía hasta el 14 de junio 🗓️ campaña de préstamos con tasa promocional 💰 para el sector público 👩‍🏫👨‍⚕️. 
Más información: 
👉 info.bn.com.pe/AmpliacionTasa",6,1,2,0,810
2025-07-11 14:20:08,BancodelaNacion,May 23,"🔴 EN VIVO ¡Aprovecha! El @BancodelaNacion viene ofreciendo préstamos personales con una tasa promocional interesante. Entérate cómo acceder, conversamos con Piero Flores Miranda, sub gerente de Banca Personal del Banco de la Nación ow.ly/4Yto50VXPQ3",2,2,3,0,1.0K
2025-07-11 14:20:08,BancodelaNacion,May 23,"🔴 EN VIVO ¡Aprovecha! El @BancodelaNacion viene ofreciendo préstamos personales con una tasa promocional interesante. Entérate cómo acceder, conversamos con Piero Flores Miranda, sub gerente de Banca Personal del Banco de la Nación ow.ly/4Yto50VXPQ3",1,1,1,0,1.0K
2025-07-11 14:20:08,BancodelaNacion,May 23,¿Eres trabajador o pensionista del sector público? Accede a un préstamo del @BancodelaNacion ➡️ Todos los detalles hoy en #AndinaCanalOnline ow.ly/RnfO50VXJsc,0,2,0,0,821
2025-07-11 14:20:08,BancodelaNacion,May 23,¿Eres trabajador o pensionista del sector público? Accede a un préstamo del @BancodelaNacion ➡️ Todos los detalles hoy en #AndinaCanalOnline ow.ly/RnfO50VXJsc,0,1,1,0,844
2025-07-11 14:20:08,BancodelaNacion,May 21,▶ Banco de la Nación (@BancodelaNacion)  lanza campaña de préstamos con tasa promocional para sector público ow.ly/gRtA50VWrWQ,0,2,2,0,854
2025-07-11 14:20:08,BancodelaNacion,May 16,"El Presidente Ejecutivo del Banco de la Nación, José Ricardo Stok, se reunió con el Director General de Comunidades Peruanas en el Exterior, Pedro Bravo, para fortalecer la cooperación interinstitucional y mejorar los servicios para más de 3.5 millones de peruanos en el exterior.",3,0,0,0,471
2025-07-11 15:21:37,BancodelaNacion,Jul 8,"El BN y Línea 1 del Metro de Lima inauguraron una muestra fotográfica que se exhibe en estaciones por el mes patrio. La exposición titulada “Perú: De los Andes a la Amazonía”, refleja la riqueza natural y cultural del país. Conoce más aquí: bn.com.pe/noticias/2025/…",1,1,1,0,292
2025-07-11 15:21:37,BancodelaNacion,Jul 5,"✅ ¡Precios estables! La inflación anual fue de 1,7 % en junio y ya son 6 meses dentro del rango meta. Más tranquilidad para tu bolsillo. #EconomíaPunche 💪 📊

#Inflación #Estabilidad #EconomíaPerú",24,30,34,1,10.0K
2025-07-11 15:21:37,BancodelaNacion,Jun 27,#Comunicado,3,3,6,1,1.0K
2025-07-11 15:21:37,BancodelaNacion,Jun 25,"Hoy brindamos una capacitación sobre comercio exterior y educación financiera, a los estudiantes de la Escuela de Administración y Negocios de la Universidad César Vallejo , brindándoles herramientas para fortalecer sus habilidades y afrontar los retos del mundo económico actual.",0,0,5,0,347
2025-07-11 15:21:37,BancodelaNacion,Jun 22,"#NotaDePrensa |  El Ministerio de Economía y Finanzas #MEF resaltó que el trabajo conjunto entre la política fiscal y monetaria ha sido clave para que el Perú continúe registrando los índices inflacionarios más bajos de la región. 

🗞️ Más información: gob.pe/es/n/1192072",1,4,12,0,2.0K
2025-07-11 15:21:37,BancodelaNacion,Jun 19,#ConexiónBN | Nos reunimos con alcaldes lambayecanos y funcionarios municipales para impulsar obras públicas; en la reunión se expuso el procedimiento para que las comunas accedan a líneas de financiamiento para proyectos a favor de la población local.  info.bn.com.pe/ConexiónBNAlca…,0,0,0,0,206
2025-07-11 15:21:37,BancodelaNacion,Jun 18,"¡#ElPerúNoSeDetiene!
El Banco de la Nación, OECE, ONP y la SUNAT continúan atendiendo con total normalidad, para asegurar que la población acceda a sus trámites y consultas sin interrupciones ni contratiempos. 💪🇵🇪",0,4,9,0,2.0K
2025-07-11 15:21:37,BancodelaNacion,Jun 17,"#ConexiónBNChiclayo Se llevó a cabo el seminario ""Finanzas Inteligentes para Jóvenes"" en la Universidad Nacional Pedro Ruiz Gallo, dirigido a estudiantes universitarios. Se compartieron herramientas y conocimientos sobre bancarización, digitalización y ahorro responsable.",1,0,0,0,232
2025-07-11 15:21:37,BancodelaNacion,Jun 12,"#VotoDeConfianza | 💡 ¡Proyectos estratégicos que impulsan el desarrollo!
Este año se promoverá inversiones por más de USD 8600 millones en transporte, salud, turismo y desarrollo urbano, beneficiando a más de 15 millones de peruanos mediante APP, #ObrasPorImpuestos y Gobierno a…",3,7,5,0,2.0K
2025-07-11 15:21:37,BancodelaNacion,Jun 11,"📣 Banco de la Nación amplía hasta el 14 de junio 🗓️ campaña de préstamos con tasa promocional 💰 para el sector público 👩‍🏫👨‍⚕️. 
Más información: 
👉 info.bn.com.pe/AmpliacionTasa",6,1,2,0,810
2025-07-11 15:21:37,BancodelaNacion,May 23,"🔴 EN VIVO ¡Aprovecha! El @BancodelaNacion viene ofreciendo préstamos personales con una tasa promocional interesante. Entérate cómo acceder, conversamos con Piero Flores Miranda, sub gerente de Banca Personal del Banco de la Nación ow.ly/4Yto50VXPQ3",2,2,3,0,1.0K
2025-07-11 15:21:37,BancodelaNacion,May 23,"🔴 EN VIVO ¡Aprovecha! El @BancodelaNacion viene ofreciendo préstamos personales con una tasa promocional interesante. Entérate cómo acceder, conversamos con Piero Flores Miranda, sub gerente de Banca Personal del Banco de la Nación ow.ly/4Yto50VXPQ3",1,1,1,0,1.0K
2025-07-11 15:21:37,BancodelaNacion,May 23,¿Eres trabajador o pensionista del sector público? Accede a un préstamo del @BancodelaNacion ➡️ Todos los detalles hoy en #AndinaCanalOnline ow.ly/RnfO50VXJsc,0,2,0,0,821
2025-07-11 15:21:37,BancodelaNacion,May 23,¿Eres trabajador o pensionista del sector público? Accede a un préstamo del @BancodelaNacion ➡️ Todos los detalles hoy en #AndinaCanalOnline ow.ly/RnfO50VXJsc,0,1,1,0,844
2025-07-11 15:21:37,BancodelaNacion,May 21,▶ Banco de la Nación (@BancodelaNacion)  lanza campaña de préstamos con tasa promocional para sector público ow.ly/gRtA50VWrWQ,0,2,2,0,854
2025-07-11 15:21:37,BancodelaNacion,May 16,"El Presidente Ejecutivo del Banco de la Nación, José Ricardo Stok, se reunió con el Director General de Comunidades Peruanas en el Exterior, Pedro Bravo, para fortalecer la cooperación interinstitucional y mejorar los servicios para más de 3.5 millones de peruanos en el exterior.",3,0,0,0,471
2025-07-11 16:25:49,BancodelaNacion,Jul 8,"El BN y Línea 1 del Metro de Lima inauguraron una muestra fotográfica que se exhibe en estaciones por el mes patrio. La exposición titulada “Perú: De los Andes a la Amazonía”, refleja la riqueza natural y cultural del país. Conoce más aquí: bn.com.pe/noticias/2025/…",1,1,1,0,292
2025-07-11 16:25:49,BancodelaNacion,Jul 5,"✅ ¡Precios estables! La inflación anual fue de 1,7 % en junio y ya son 6 meses dentro del rango meta. Más tranquilidad para tu bolsillo. #EconomíaPunche 💪 📊

#Inflación #Estabilidad #EconomíaPerú",24,30,34,1,10.0K
2025-07-11 16:25:49,BancodelaNacion,Jun 27,#Comunicado,3,3,6,1,1.0K
2025-07-11 16:25:49,BancodelaNacion,Jun 25,"Hoy brindamos una capacitación sobre comercio exterior y educación financiera, a los estudiantes de la Escuela de Administración y Negocios de la Universidad César Vallejo , brindándoles herramientas para fortalecer sus habilidades y afrontar los retos del mundo económico actual.",0,0,5,0,347
2025-07-11 16:25:49,BancodelaNacion,Jun 22,"#NotaDePrensa |  El Ministerio de Economía y Finanzas #MEF resaltó que el trabajo conjunto entre la política fiscal y monetaria ha sido clave para que el Perú continúe registrando los índices inflacionarios más bajos de la región. 

🗞️ Más información: gob.pe/es/n/1192072",1,4,12,0,2.0K
2025-07-11 16:25:49,BancodelaNacion,Jun 19,#ConexiónBN | Nos reunimos con alcaldes lambayecanos y funcionarios municipales para impulsar obras públicas; en la reunión se expuso el procedimiento para que las comunas accedan a líneas de financiamiento para proyectos a favor de la población local.  info.bn.com.pe/ConexiónBNAlca…,0,0,0,0,206
2025-07-11 16:25:49,BancodelaNacion,Jun 18,"¡#ElPerúNoSeDetiene!
El Banco de la Nación, OECE, ONP y la SUNAT continúan atendiendo con total normalidad, para asegurar que la población acceda a sus trámites y consultas sin interrupciones ni contratiempos. 💪🇵🇪",0,4,9,0,2.0K
2025-07-11 16:25:49,BancodelaNacion,Jun 17,"#ConexiónBNChiclayo Se llevó a cabo el seminario ""Finanzas Inteligentes para Jóvenes"" en la Universidad Nacional Pedro Ruiz Gallo, dirigido a estudiantes universitarios. Se compartieron herramientas y conocimientos sobre bancarización, digitalización y ahorro responsable.",1,0,0,0,232
2025-07-11 16:25:49,BancodelaNacion,Jun 12,"#VotoDeConfianza | 💡 ¡Proyectos estratégicos que impulsan el desarrollo!
Este año se promoverá inversiones por más de USD 8600 millones en transporte, salud, turismo y desarrollo urbano, beneficiando a más de 15 millones de peruanos mediante APP, #ObrasPorImpuestos y Gobierno a…",3,7,5,0,2.0K
2025-07-11 16:25:49,BancodelaNacion,Jun 11,"📣 Banco de la Nación amplía hasta el 14 de junio 🗓️ campaña de préstamos con tasa promocional 💰 para el sector público 👩‍🏫👨‍⚕️. 
Más información: 
👉 info.bn.com.pe/AmpliacionTasa",6,1,2,0,810
2025-07-11 16:25:49,BancodelaNacion,May 23,"🔴 EN VIVO ¡Aprovecha! El @BancodelaNacion viene ofreciendo préstamos personales con una tasa promocional interesante. Entérate cómo acceder, conversamos con Piero Flores Miranda, sub gerente de Banca Personal del Banco de la Nación ow.ly/4Yto50VXPQ3",2,2,3,0,1.0K
2025-07-11 16:25:49,BancodelaNacion,May 23,"🔴 EN VIVO ¡Aprovecha! El @BancodelaNacion viene ofreciendo préstamos personales con una tasa promocional interesante. Entérate cómo acceder, conversamos con Piero Flores Miranda, sub gerente de Banca Personal del Banco de la Nación ow.ly/4Yto50VXPQ3",1,1,1,0,1.0K
2025-07-11 16:25:49,BancodelaNacion,May 23,¿Eres trabajador o pensionista del sector público? Accede a un préstamo del @BancodelaNacion ➡️ Todos los detalles hoy en #AndinaCanalOnline ow.ly/RnfO50VXJsc,0,2,0,0,821
2025-07-11 16:25:49,BancodelaNacion,May 23,¿Eres trabajador o pensionista del sector público? Accede a un préstamo del @BancodelaNacion ➡️ Todos los detalles hoy en #AndinaCanalOnline ow.ly/RnfO50VXJsc,0,1,1,0,844
2025-07-11 16:25:49,BancodelaNacion,May 21,▶ Banco de la Nación (@BancodelaNacion)  lanza campaña de préstamos con tasa promocional para sector público ow.ly/gRtA50VWrWQ,0,2,2,0,854
2025-07-11 16:25:49,BancodelaNacion,May 16,"El Presidente Ejecutivo del Banco de la Nación, José Ricardo Stok, se reunió con el Director General de Comunidades Peruanas en el Exterior, Pedro Bravo, para fortalecer la cooperación interinstitucional y mejorar los servicios para más de 3.5 millones de peruanos en el exterior.",3,0,0,0,471
2025-07-11 17:18:42,BancodelaNacion,Jul 8,"El BN y Línea 1 del Metro de Lima inauguraron una muestra fotográfica que se exhibe en estaciones por el mes patrio. La exposición titulada “Perú: De los Andes a la Amazonía”, refleja la riqueza natural y cultural del país. Conoce más aquí: bn.com.pe/noticias/2025/…",1,1,1,0,295
2025-07-11 17:18:42,BancodelaNacion,Jul 5,"✅ ¡Precios estables! La inflación anual fue de 1,7 % en junio y ya son 6 meses dentro del rango meta. Más tranquilidad para tu bolsillo. #EconomíaPunche 💪 📊

#Inflación #Estabilidad #EconomíaPerú",24,30,34,1,10.0K
2025-07-11 17:18:42,BancodelaNacion,Jun 27,#Comunicado,3,3,6,1,1.0K
2025-07-11 17:18:42,BancodelaNacion,Jun 25,"Hoy brindamos una capacitación sobre comercio exterior y educación financiera, a los estudiantes de la Escuela de Administración y Negocios de la Universidad César Vallejo , brindándoles herramientas para fortalecer sus habilidades y afrontar los retos del mundo económico actual.",0,0,5,0,347
2025-07-11 17:18:42,BancodelaNacion,Jun 22,"#NotaDePrensa |  El Ministerio de Economía y Finanzas #MEF resaltó que el trabajo conjunto entre la política fiscal y monetaria ha sido clave para que el Perú continúe registrando los índices inflacionarios más bajos de la región. 

🗞️ Más información: gob.pe/es/n/1192072",1,4,12,0,2.0K
2025-07-11 17:18:42,BancodelaNacion,Jun 19,#ConexiónBN | Nos reunimos con alcaldes lambayecanos y funcionarios municipales para impulsar obras públicas; en la reunión se expuso el procedimiento para que las comunas accedan a líneas de financiamiento para proyectos a favor de la población local.  info.bn.com.pe/ConexiónBNAlca…,0,0,0,0,206
2025-07-11 17:18:42,BancodelaNacion,Jun 18,"¡#ElPerúNoSeDetiene!
El Banco de la Nación, OECE, ONP y la SUNAT continúan atendiendo con total normalidad, para asegurar que la población acceda a sus trámites y consultas sin interrupciones ni contratiempos. 💪🇵🇪",0,4,9,0,2.0K
2025-07-11 17:18:42,BancodelaNacion,Jun 17,"#ConexiónBNChiclayo Se llevó a cabo el seminario ""Finanzas Inteligentes para Jóvenes"" en la Universidad Nacional Pedro Ruiz Gallo, dirigido a estudiantes universitarios. Se compartieron herramientas y conocimientos sobre bancarización, digitalización y ahorro responsable.",1,0,0,0,232
2025-07-11 17:18:42,BancodelaNacion,Jun 12,"#VotoDeConfianza | 💡 ¡Proyectos estratégicos que impulsan el desarrollo!
Este año se promoverá inversiones por más de USD 8600 millones en transporte, salud, turismo y desarrollo urbano, beneficiando a más de 15 millones de peruanos mediante APP, #ObrasPorImpuestos y Gobierno a…",3,7,5,0,2.0K
2025-07-11 17:18:42,BancodelaNacion,Jun 11,"📣 Banco de la Nación amplía hasta el 14 de junio 🗓️ campaña de préstamos con tasa promocional 💰 para el sector público 👩‍🏫👨‍⚕️. 
Más información: 
👉 info.bn.com.pe/AmpliacionTasa",6,1,2,0,810
2025-07-11 17:18:42,BancodelaNacion,May 23,"🔴 EN VIVO ¡Aprovecha! El @BancodelaNacion viene ofreciendo préstamos personales con una tasa promocional interesante. Entérate cómo acceder, conversamos con Piero Flores Miranda, sub gerente de Banca Personal del Banco de la Nación ow.ly/4Yto50VXPQ3",2,2,3,0,1.0K
2025-07-11 17:18:42,BancodelaNacion,May 23,"🔴 EN VIVO ¡Aprovecha! El @BancodelaNacion viene ofreciendo préstamos personales con una tasa promocional interesante. Entérate cómo acceder, conversamos con Piero Flores Miranda, sub gerente de Banca Personal del Banco de la Nación ow.ly/4Yto50VXPQ3",1,1,1,0,1.0K
2025-07-11 17:18:42,BancodelaNacion,May 23,¿Eres trabajador o pensionista del sector público? Accede a un préstamo del @BancodelaNacion ➡️ Todos los detalles hoy en #AndinaCanalOnline ow.ly/RnfO50VXJsc,0,2,0,0,821
2025-07-11 17:18:42,BancodelaNacion,May 23,¿Eres trabajador o pensionista del sector público? Accede a un préstamo del @BancodelaNacion ➡️ Todos los detalles hoy en #AndinaCanalOnline ow.ly/RnfO50VXJsc,0,1,1,0,844
2025-07-11 17:18:42,BancodelaNacion,May 21,▶ Banco de la Nación (@BancodelaNacion)  lanza campaña de préstamos con tasa promocional para sector público ow.ly/gRtA50VWrWQ,0,2,2,0,854
2025-07-11 17:18:42,BancodelaNacion,May 16,"El Presidente Ejecutivo del Banco de la Nación, José Ricardo Stok, se reunió con el Director General de Comunidades Peruanas en el Exterior, Pedro Bravo, para fortalecer la cooperación interinstitucional y mejorar los servicios para más de 3.5 millones de peruanos en el exterior.",3,0,0,0,471
2025-07-11 18:28:27,BancodelaNacion,Jul 8,"El BN y Línea 1 del Metro de Lima inauguraron una muestra fotográfica que se exhibe en estaciones por el mes patrio. La exposición titulada “Perú: De los Andes a la Amazonía”, refleja la riqueza natural y cultural del país. Conoce más aquí: bn.com.pe/noticias/2025/…",1,1,1,0,297
2025-07-11 18:28:27,BancodelaNacion,Jul 5,"✅ ¡Precios estables! La inflación anual fue de 1,7 % en junio y ya son 6 meses dentro del rango meta. Más tranquilidad para tu bolsillo. #EconomíaPunche 💪 📊

#Inflación #Estabilidad #EconomíaPerú",24,30,34,1,10.0K
2025-07-11 18:28:27,BancodelaNacion,Jun 27,#Comunicado,3,3,6,1,1.0K
2025-07-11 18:28:27,BancodelaNacion,Jun 25,"Hoy brindamos una capacitación sobre comercio exterior y educación financiera, a los estudiantes de la Escuela de Administración y Negocios de la Universidad César Vallejo , brindándoles herramientas para fortalecer sus habilidades y afrontar los retos del mundo económico actual.",0,0,5,0,348
2025-07-11 18:28:27,BancodelaNacion,Jun 22,"#NotaDePrensa |  El Ministerio de Economía y Finanzas #MEF resaltó que el trabajo conjunto entre la política fiscal y monetaria ha sido clave para que el Perú continúe registrando los índices inflacionarios más bajos de la región. 

🗞️ Más información: gob.pe/es/n/1192072",1,4,12,0,2.0K
2025-07-11 18:28:27,BancodelaNacion,Jun 19,#ConexiónBN | Nos reunimos con alcaldes lambayecanos y funcionarios municipales para impulsar obras públicas; en la reunión se expuso el procedimiento para que las comunas accedan a líneas de financiamiento para proyectos a favor de la población local.  info.bn.com.pe/ConexiónBNAlca…,0,0,0,0,206
2025-07-11 18:28:27,BancodelaNacion,Jun 18,"¡#ElPerúNoSeDetiene!
El Banco de la Nación, OECE, ONP y la SUNAT continúan atendiendo con total normalidad, para asegurar que la población acceda a sus trámites y consultas sin interrupciones ni contratiempos. 💪🇵🇪",0,4,9,0,2.0K
2025-07-11 18:28:27,BancodelaNacion,Jun 17,"#ConexiónBNChiclayo Se llevó a cabo el seminario ""Finanzas Inteligentes para Jóvenes"" en la Universidad Nacional Pedro Ruiz Gallo, dirigido a estudiantes universitarios. Se compartieron herramientas y conocimientos sobre bancarización, digitalización y ahorro responsable.",1,0,0,0,232
2025-07-11 18:28:27,BancodelaNacion,Jun 12,"#VotoDeConfianza | 💡 ¡Proyectos estratégicos que impulsan el desarrollo!
Este año se promoverá inversiones por más de USD 8600 millones en transporte, salud, turismo y desarrollo urbano, beneficiando a más de 15 millones de peruanos mediante APP, #ObrasPorImpuestos y Gobierno a…",3,7,5,0,2.0K
2025-07-11 18:28:27,BancodelaNacion,Jun 11,"📣 Banco de la Nación amplía hasta el 14 de junio 🗓️ campaña de préstamos con tasa promocional 💰 para el sector público 👩‍🏫👨‍⚕️. 
Más información: 
👉 info.bn.com.pe/AmpliacionTasa",6,1,2,0,810
2025-07-11 18:28:27,BancodelaNacion,May 23,"🔴 EN VIVO ¡Aprovecha! El @BancodelaNacion viene ofreciendo préstamos personales con una tasa promocional interesante. Entérate cómo acceder, conversamos con Piero Flores Miranda, sub gerente de Banca Personal del Banco de la Nación ow.ly/4Yto50VXPQ3",2,2,3,0,1.0K
2025-07-11 18:28:27,BancodelaNacion,May 23,"🔴 EN VIVO ¡Aprovecha! El @BancodelaNacion viene ofreciendo préstamos personales con una tasa promocional interesante. Entérate cómo acceder, conversamos con Piero Flores Miranda, sub gerente de Banca Personal del Banco de la Nación ow.ly/4Yto50VXPQ3",1,1,1,0,1.0K
2025-07-11 18:28:27,BancodelaNacion,May 23,¿Eres trabajador o pensionista del sector público? Accede a un préstamo del @BancodelaNacion ➡️ Todos los detalles hoy en #AndinaCanalOnline ow.ly/RnfO50VXJsc,0,2,0,0,821
2025-07-11 18:28:27,BancodelaNacion,May 23,¿Eres trabajador o pensionista del sector público? Accede a un préstamo del @BancodelaNacion ➡️ Todos los detalles hoy en #AndinaCanalOnline ow.ly/RnfO50VXJsc,0,1,1,0,844
2025-07-11 18:28:27,BancodelaNacion,May 21,▶ Banco de la Nación (@BancodelaNacion)  lanza campaña de préstamos con tasa promocional para sector público ow.ly/gRtA50VWrWQ,0,2,2,0,854
2025-07-11 18:28:27,BancodelaNacion,May 16,"El Presidente Ejecutivo del Banco de la Nación, José Ricardo Stok, se reunió con el Director General de Comunidades Peruanas en el Exterior, Pedro Bravo, para fortalecer la cooperación interinstitucional y mejorar los servicios para más de 3.5 millones de peruanos en el exterior.",3,0,0,0,471
2025-07-11 19:16:15,BancodelaNacion,Jul 8,"El BN y Línea 1 del Metro de Lima inauguraron una muestra fotográfica que se exhibe en estaciones por el mes patrio. La exposición titulada “Perú: De los Andes a la Amazonía”, refleja la riqueza natural y cultural del país. Conoce más aquí: bn.com.pe/noticias/2025/…",1,1,1,0,297
2025-07-11 19:16:15,BancodelaNacion,Jul 5,"✅ ¡Precios estables! La inflación anual fue de 1,7 % en junio y ya son 6 meses dentro del rango meta. Más tranquilidad para tu bolsillo. #EconomíaPunche 💪 📊

#Inflación #Estabilidad #EconomíaPerú",24,30,34,1,10.0K
2025-07-11 19:16:15,BancodelaNacion,Jun 27,#Comunicado,3,3,6,1,1.0K
2025-07-11 19:16:15,BancodelaNacion,Jun 25,"Hoy brindamos una capacitación sobre comercio exterior y educación financiera, a los estudiantes de la Escuela de Administración y Negocios de la Universidad César Vallejo , brindándoles herramientas para fortalecer sus habilidades y afrontar los retos del mundo económico actual.",0,0,5,0,348
2025-07-11 19:16:15,BancodelaNacion,Jun 22,"#NotaDePrensa |  El Ministerio de Economía y Finanzas #MEF resaltó que el trabajo conjunto entre la política fiscal y monetaria ha sido clave para que el Perú continúe registrando los índices inflacionarios más bajos de la región. 

🗞️ Más información: gob.pe/es/n/1192072",1,4,12,0,2.0K
2025-07-11 19:16:15,BancodelaNacion,Jun 19,#ConexiónBN | Nos reunimos con alcaldes lambayecanos y funcionarios municipales para impulsar obras públicas; en la reunión se expuso el procedimiento para que las comunas accedan a líneas de financiamiento para proyectos a favor de la población local.  info.bn.com.pe/ConexiónBNAlca…,0,0,0,0,206
2025-07-11 19:16:15,BancodelaNacion,Jun 18,"¡#ElPerúNoSeDetiene!
El Banco de la Nación, OECE, ONP y la SUNAT continúan atendiendo con total normalidad, para asegurar que la población acceda a sus trámites y consultas sin interrupciones ni contratiempos. 💪🇵🇪",0,4,9,0,2.0K
2025-07-11 19:16:15,BancodelaNacion,Jun 17,"#ConexiónBNChiclayo Se llevó a cabo el seminario ""Finanzas Inteligentes para Jóvenes"" en la Universidad Nacional Pedro Ruiz Gallo, dirigido a estudiantes universitarios. Se compartieron herramientas y conocimientos sobre bancarización, digitalización y ahorro responsable.",1,0,0,0,232
2025-07-11 19:16:15,BancodelaNacion,Jun 12,"#VotoDeConfianza | 💡 ¡Proyectos estratégicos que impulsan el desarrollo!
Este año se promoverá inversiones por más de USD 8600 millones en transporte, salud, turismo y desarrollo urbano, beneficiando a más de 15 millones de peruanos mediante APP, #ObrasPorImpuestos y Gobierno a…",3,7,5,0,2.0K
2025-07-11 19:16:15,BancodelaNacion,Jun 11,"📣 Banco de la Nación amplía hasta el 14 de junio 🗓️ campaña de préstamos con tasa promocional 💰 para el sector público 👩‍🏫👨‍⚕️. 
Más información: 
👉 info.bn.com.pe/AmpliacionTasa",6,1,2,0,810
2025-07-11 19:16:15,BancodelaNacion,May 23,"🔴 EN VIVO ¡Aprovecha! El @BancodelaNacion viene ofreciendo préstamos personales con una tasa promocional interesante. Entérate cómo acceder, conversamos con Piero Flores Miranda, sub gerente de Banca Personal del Banco de la Nación ow.ly/4Yto50VXPQ3",2,2,3,0,1.0K
2025-07-11 19:16:15,BancodelaNacion,May 23,"🔴 EN VIVO ¡Aprovecha! El @BancodelaNacion viene ofreciendo préstamos personales con una tasa promocional interesante. Entérate cómo acceder, conversamos con Piero Flores Miranda, sub gerente de Banca Personal del Banco de la Nación ow.ly/4Yto50VXPQ3",1,1,1,0,1.0K
2025-07-11 19:16:15,BancodelaNacion,May 23,¿Eres trabajador o pensionista del sector público? Accede a un préstamo del @BancodelaNacion ➡️ Todos los detalles hoy en #AndinaCanalOnline ow.ly/RnfO50VXJsc,0,2,0,0,821
2025-07-11 19:16:15,BancodelaNacion,May 23,¿Eres trabajador o pensionista del sector público? Accede a un préstamo del @BancodelaNacion ➡️ Todos los detalles hoy en #AndinaCanalOnline ow.ly/RnfO50VXJsc,0,1,1,0,844
2025-07-11 19:16:15,BancodelaNacion,May 21,▶ Banco de la Nación (@BancodelaNacion)  lanza campaña de préstamos con tasa promocional para sector público ow.ly/gRtA50VWrWQ,0,2,2,0,854
2025-07-11 19:16:15,BancodelaNacion,May 16,"El Presidente Ejecutivo del Banco de la Nación, José Ricardo Stok, se reunió con el Director General de Comunidades Peruanas en el Exterior, Pedro Bravo, para fortalecer la cooperación interinstitucional y mejorar los servicios para más de 3.5 millones de peruanos en el exterior.",3,0,0,0,471
2025-07-11 20:22:16,BancodelaNacion,Jul 8,"El BN y Línea 1 del Metro de Lima inauguraron una muestra fotográfica que se exhibe en estaciones por el mes patrio. La exposición titulada “Perú: De los Andes a la Amazonía”, refleja la riqueza natural y cultural del país. Conoce más aquí: bn.com.pe/noticias/2025/…",1,1,1,0,299
2025-07-11 20:22:16,BancodelaNacion,Jul 5,"✅ ¡Precios estables! La inflación anual fue de 1,7 % en junio y ya son 6 meses dentro del rango meta. Más tranquilidad para tu bolsillo. #EconomíaPunche 💪 📊

#Inflación #Estabilidad #EconomíaPerú",24,30,34,1,10.0K
2025-07-11 20:22:16,BancodelaNacion,Jun 27,#Comunicado,3,3,6,1,1.0K
2025-07-11 20:22:16,BancodelaNacion,Jun 25,"Hoy brindamos una capacitación sobre comercio exterior y educación financiera, a los estudiantes de la Escuela de Administración y Negocios de la Universidad César Vallejo , brindándoles herramientas para fortalecer sus habilidades y afrontar los retos del mundo económico actual.",0,0,5,0,349
2025-07-11 20:22:16,BancodelaNacion,Jun 22,"#NotaDePrensa |  El Ministerio de Economía y Finanzas #MEF resaltó que el trabajo conjunto entre la política fiscal y monetaria ha sido clave para que el Perú continúe registrando los índices inflacionarios más bajos de la región. 

🗞️ Más información: gob.pe/es/n/1192072",1,4,12,0,2.0K
2025-07-11 20:22:16,BancodelaNacion,Jun 19,#ConexiónBN | Nos reunimos con alcaldes lambayecanos y funcionarios municipales para impulsar obras públicas; en la reunión se expuso el procedimiento para que las comunas accedan a líneas de financiamiento para proyectos a favor de la población local.  info.bn.com.pe/ConexiónBNAlca…,0,0,0,0,206
2025-07-11 20:22:16,BancodelaNacion,Jun 18,"¡#ElPerúNoSeDetiene!
El Banco de la Nación, OECE, ONP y la SUNAT continúan atendiendo con total normalidad, para asegurar que la población acceda a sus trámites y consultas sin interrupciones ni contratiempos. 💪🇵🇪",0,4,9,0,2.0K
2025-07-11 20:22:16,BancodelaNacion,Jun 17,"#ConexiónBNChiclayo Se llevó a cabo el seminario ""Finanzas Inteligentes para Jóvenes"" en la Universidad Nacional Pedro Ruiz Gallo, dirigido a estudiantes universitarios. Se compartieron herramientas y conocimientos sobre bancarización, digitalización y ahorro responsable.",1,0,0,0,232
2025-07-11 20:22:16,BancodelaNacion,Jun 12,"#VotoDeConfianza | 💡 ¡Proyectos estratégicos que impulsan el desarrollo!
Este año se promoverá inversiones por más de USD 8600 millones en transporte, salud, turismo y desarrollo urbano, beneficiando a más de 15 millones de peruanos mediante APP, #ObrasPorImpuestos y Gobierno a…",3,7,5,0,2.0K
2025-07-11 20:22:16,BancodelaNacion,Jun 11,"📣 Banco de la Nación amplía hasta el 14 de junio 🗓️ campaña de préstamos con tasa promocional 💰 para el sector público 👩‍🏫👨‍⚕️. 
Más información: 
👉 info.bn.com.pe/AmpliacionTasa",6,1,2,0,810
2025-07-11 20:22:16,BancodelaNacion,May 23,"🔴 EN VIVO ¡Aprovecha! El @BancodelaNacion viene ofreciendo préstamos personales con una tasa promocional interesante. Entérate cómo acceder, conversamos con Piero Flores Miranda, sub gerente de Banca Personal del Banco de la Nación ow.ly/4Yto50VXPQ3",2,2,3,0,1.0K
2025-07-11 20:22:16,BancodelaNacion,May 23,"🔴 EN VIVO ¡Aprovecha! El @BancodelaNacion viene ofreciendo préstamos personales con una tasa promocional interesante. Entérate cómo acceder, conversamos con Piero Flores Miranda, sub gerente de Banca Personal del Banco de la Nación ow.ly/4Yto50VXPQ3",1,1,1,0,1.0K
2025-07-11 20:22:16,BancodelaNacion,May 23,¿Eres trabajador o pensionista del sector público? Accede a un préstamo del @BancodelaNacion ➡️ Todos los detalles hoy en #AndinaCanalOnline ow.ly/RnfO50VXJsc,0,2,0,0,821
2025-07-11 20:22:16,BancodelaNacion,May 23,¿Eres trabajador o pensionista del sector público? Accede a un préstamo del @BancodelaNacion ➡️ Todos los detalles hoy en #AndinaCanalOnline ow.ly/RnfO50VXJsc,0,1,1,0,844
2025-07-11 20:22:16,BancodelaNacion,May 21,▶ Banco de la Nación (@BancodelaNacion)  lanza campaña de préstamos con tasa promocional para sector público ow.ly/gRtA50VWrWQ,0,2,2,0,854
2025-07-11 20:22:16,BancodelaNacion,May 16,"El Presidente Ejecutivo del Banco de la Nación, José Ricardo Stok, se reunió con el Director General de Comunidades Peruanas en el Exterior, Pedro Bravo, para fortalecer la cooperación interinstitucional y mejorar los servicios para más de 3.5 millones de peruanos en el exterior.",3,0,0,0,471
2025-07-11 21:19:21,BancodelaNacion,Jul 8,"El BN y Línea 1 del Metro de Lima inauguraron una muestra fotográfica que se exhibe en estaciones por el mes patrio. La exposición titulada “Perú: De los Andes a la Amazonía”, refleja la riqueza natural y cultural del país. Conoce más aquí: bn.com.pe/noticias/2025/…",1,1,1,0,299
2025-07-11 21:19:21,BancodelaNacion,Jul 5,"✅ ¡Precios estables! La inflación anual fue de 1,7 % en junio y ya son 6 meses dentro del rango meta. Más tranquilidad para tu bolsillo. #EconomíaPunche 💪 📊

#Inflación #Estabilidad #EconomíaPerú",24,30,34,1,10.0K
2025-07-11 21:19:21,BancodelaNacion,Jun 27,#Comunicado,3,3,6,1,1.0K
2025-07-11 21:19:21,BancodelaNacion,Jun 25,"Hoy brindamos una capacitación sobre comercio exterior y educación financiera, a los estudiantes de la Escuela de Administración y Negocios de la Universidad César Vallejo , brindándoles herramientas para fortalecer sus habilidades y afrontar los retos del mundo económico actual.",0,0,5,0,349
2025-07-11 21:19:21,BancodelaNacion,Jun 22,"#NotaDePrensa |  El Ministerio de Economía y Finanzas #MEF resaltó que el trabajo conjunto entre la política fiscal y monetaria ha sido clave para que el Perú continúe registrando los índices inflacionarios más bajos de la región. 

🗞️ Más información: gob.pe/es/n/1192072",1,4,12,0,2.0K
2025-07-11 21:19:21,BancodelaNacion,Jun 19,#ConexiónBN | Nos reunimos con alcaldes lambayecanos y funcionarios municipales para impulsar obras públicas; en la reunión se expuso el procedimiento para que las comunas accedan a líneas de financiamiento para proyectos a favor de la población local.  info.bn.com.pe/ConexiónBNAlca…,0,0,0,0,206
2025-07-11 21:19:21,BancodelaNacion,Jun 18,"¡#ElPerúNoSeDetiene!
El Banco de la Nación, OECE, ONP y la SUNAT continúan atendiendo con total normalidad, para asegurar que la población acceda a sus trámites y consultas sin interrupciones ni contratiempos. 💪🇵🇪",0,4,9,0,2.0K
2025-07-11 21:19:21,BancodelaNacion,Jun 17,"#ConexiónBNChiclayo Se llevó a cabo el seminario ""Finanzas Inteligentes para Jóvenes"" en la Universidad Nacional Pedro Ruiz Gallo, dirigido a estudiantes universitarios. Se compartieron herramientas y conocimientos sobre bancarización, digitalización y ahorro responsable.",1,0,0,0,232
2025-07-11 21:19:21,BancodelaNacion,Jun 12,"#VotoDeConfianza | 💡 ¡Proyectos estratégicos que impulsan el desarrollo!
Este año se promoverá inversiones por más de USD 8600 millones en transporte, salud, turismo y desarrollo urbano, beneficiando a más de 15 millones de peruanos mediante APP, #ObrasPorImpuestos y Gobierno a…",3,7,5,0,2.0K
2025-07-11 21:19:21,BancodelaNacion,Jun 11,"📣 Banco de la Nación amplía hasta el 14 de junio 🗓️ campaña de préstamos con tasa promocional 💰 para el sector público 👩‍🏫👨‍⚕️. 
Más información: 
👉 info.bn.com.pe/AmpliacionTasa",6,1,2,0,810
2025-07-11 21:19:21,BancodelaNacion,May 23,"🔴 EN VIVO ¡Aprovecha! El @BancodelaNacion viene ofreciendo préstamos personales con una tasa promocional interesante. Entérate cómo acceder, conversamos con Piero Flores Miranda, sub gerente de Banca Personal del Banco de la Nación ow.ly/4Yto50VXPQ3",2,2,3,0,1.0K
2025-07-11 21:19:21,BancodelaNacion,May 23,"🔴 EN VIVO ¡Aprovecha! El @BancodelaNacion viene ofreciendo préstamos personales con una tasa promocional interesante. Entérate cómo acceder, conversamos con Piero Flores Miranda, sub gerente de Banca Personal del Banco de la Nación ow.ly/4Yto50VXPQ3",1,1,1,0,1.0K
2025-07-11 21:19:21,BancodelaNacion,May 23,¿Eres trabajador o pensionista del sector público? Accede a un préstamo del @BancodelaNacion ➡️ Todos los detalles hoy en #AndinaCanalOnline ow.ly/RnfO50VXJsc,0,2,0,0,822
2025-07-11 21:19:21,BancodelaNacion,May 23,¿Eres trabajador o pensionista del sector público? Accede a un préstamo del @BancodelaNacion ➡️ Todos los detalles hoy en #AndinaCanalOnline ow.ly/RnfO50VXJsc,0,1,1,0,845
2025-07-11 21:19:21,BancodelaNacion,May 21,▶ Banco de la Nación (@BancodelaNacion)  lanza campaña de préstamos con tasa promocional para sector público ow.ly/gRtA50VWrWQ,0,2,2,0,854
2025-07-11 21:19:21,BancodelaNacion,May 16,"El Presidente Ejecutivo del Banco de la Nación, José Ricardo Stok, se reunió con el Director General de Comunidades Peruanas en el Exterior, Pedro Bravo, para fortalecer la cooperación interinstitucional y mejorar los servicios para más de 3.5 millones de peruanos en el exterior.",3,0,0,0,471
2025-07-11 22:19:22,BancodelaNacion,Jul 8,"El BN y Línea 1 del Metro de Lima inauguraron una muestra fotográfica que se exhibe en estaciones por el mes patrio. La exposición titulada “Perú: De los Andes a la Amazonía”, refleja la riqueza natural y cultural del país. Conoce más aquí: bn.com.pe/noticias/2025/…",1,1,1,0,299
2025-07-11 22:19:22,BancodelaNacion,Jul 5,"✅ ¡Precios estables! La inflación anual fue de 1,7 % en junio y ya son 6 meses dentro del rango meta. Más tranquilidad para tu bolsillo. #EconomíaPunche 💪 📊

#Inflación #Estabilidad #EconomíaPerú",24,30,34,1,10.0K
2025-07-11 22:19:22,BancodelaNacion,Jun 27,#Comunicado,3,3,6,1,1.0K
2025-07-11 22:19:22,BancodelaNacion,Jun 25,"Hoy brindamos una capacitación sobre comercio exterior y educación financiera, a los estudiantes de la Escuela de Administración y Negocios de la Universidad César Vallejo , brindándoles herramientas para fortalecer sus habilidades y afrontar los retos del mundo económico actual.",0,0,5,0,349
2025-07-11 22:19:22,BancodelaNacion,Jun 22,"#NotaDePrensa |  El Ministerio de Economía y Finanzas #MEF resaltó que el trabajo conjunto entre la política fiscal y monetaria ha sido clave para que el Perú continúe registrando los índices inflacionarios más bajos de la región. 

🗞️ Más información: gob.pe/es/n/1192072",1,4,12,0,2.0K
2025-07-11 22:19:22,BancodelaNacion,Jun 19,#ConexiónBN | Nos reunimos con alcaldes lambayecanos y funcionarios municipales para impulsar obras públicas; en la reunión se expuso el procedimiento para que las comunas accedan a líneas de financiamiento para proyectos a favor de la población local.  info.bn.com.pe/ConexiónBNAlca…,0,0,0,0,206
2025-07-11 22:19:22,BancodelaNacion,Jun 18,"¡#ElPerúNoSeDetiene!
El Banco de la Nación, OECE, ONP y la SUNAT continúan atendiendo con total normalidad, para asegurar que la población acceda a sus trámites y consultas sin interrupciones ni contratiempos. 💪🇵🇪",0,4,9,0,2.0K
2025-07-11 22:19:22,BancodelaNacion,Jun 17,"#ConexiónBNChiclayo Se llevó a cabo el seminario ""Finanzas Inteligentes para Jóvenes"" en la Universidad Nacional Pedro Ruiz Gallo, dirigido a estudiantes universitarios. Se compartieron herramientas y conocimientos sobre bancarización, digitalización y ahorro responsable.",1,0,0,0,232
2025-07-11 22:19:22,BancodelaNacion,Jun 12,"#VotoDeConfianza | 💡 ¡Proyectos estratégicos que impulsan el desarrollo!
Este año se promoverá inversiones por más de USD 8600 millones en transporte, salud, turismo y desarrollo urbano, beneficiando a más de 15 millones de peruanos mediante APP, #ObrasPorImpuestos y Gobierno a…",3,7,5,0,2.0K
2025-07-11 22:19:22,BancodelaNacion,Jun 11,"📣 Banco de la Nación amplía hasta el 14 de junio 🗓️ campaña de préstamos con tasa promocional 💰 para el sector público 👩‍🏫👨‍⚕️. 
Más información: 
👉 info.bn.com.pe/AmpliacionTasa",6,1,2,0,810
2025-07-11 22:19:22,BancodelaNacion,May 23,"🔴 EN VIVO ¡Aprovecha! El @BancodelaNacion viene ofreciendo préstamos personales con una tasa promocional interesante. Entérate cómo acceder, conversamos con Piero Flores Miranda, sub gerente de Banca Personal del Banco de la Nación ow.ly/4Yto50VXPQ3",2,2,3,0,1.0K
2025-07-11 22:19:22,BancodelaNacion,May 23,"🔴 EN VIVO ¡Aprovecha! El @BancodelaNacion viene ofreciendo préstamos personales con una tasa promocional interesante. Entérate cómo acceder, conversamos con Piero Flores Miranda, sub gerente de Banca Personal del Banco de la Nación ow.ly/4Yto50VXPQ3",1,1,1,0,1.0K
2025-07-11 22:19:22,BancodelaNacion,May 23,¿Eres trabajador o pensionista del sector público? Accede a un préstamo del @BancodelaNacion ➡️ Todos los detalles hoy en #AndinaCanalOnline ow.ly/RnfO50VXJsc,0,2,0,0,822
2025-07-11 22:19:22,BancodelaNacion,May 23,¿Eres trabajador o pensionista del sector público? Accede a un préstamo del @BancodelaNacion ➡️ Todos los detalles hoy en #AndinaCanalOnline ow.ly/RnfO50VXJsc,0,1,1,0,845
2025-07-11 22:19:22,BancodelaNacion,May 21,▶ Banco de la Nación (@BancodelaNacion)  lanza campaña de préstamos con tasa promocional para sector público ow.ly/gRtA50VWrWQ,0,2,2,0,854
2025-07-11 22:19:22,BancodelaNacion,May 16,"El Presidente Ejecutivo del Banco de la Nación, José Ricardo Stok, se reunió con el Director General de Comunidades Peruanas en el Exterior, Pedro Bravo, para fortalecer la cooperación interinstitucional y mejorar los servicios para más de 3.5 millones de peruanos en el exterior.",3,0,0,0,471
2025-07-11 23:19:24,BancodelaNacion,Jul 8,"El BN y Línea 1 del Metro de Lima inauguraron una muestra fotográfica que se exhibe en estaciones por el mes patrio. La exposición titulada “Perú: De los Andes a la Amazonía”, refleja la riqueza natural y cultural del país. Conoce más aquí: bn.com.pe/noticias/2025/…",1,1,1,0,299
2025-07-11 23:19:24,BancodelaNacion,Jul 5,"✅ ¡Precios estables! La inflación anual fue de 1,7 % en junio y ya son 6 meses dentro del rango meta. Más tranquilidad para tu bolsillo. #EconomíaPunche 💪 📊

#Inflación #Estabilidad #EconomíaPerú",24,30,34,1,10.0K
2025-07-11 23:19:24,BancodelaNacion,Jun 27,#Comunicado,3,3,6,1,1.0K
2025-07-11 23:19:24,BancodelaNacion,Jun 25,"Hoy brindamos una capacitación sobre comercio exterior y educación financiera, a los estudiantes de la Escuela de Administración y Negocios de la Universidad César Vallejo , brindándoles herramientas para fortalecer sus habilidades y afrontar los retos del mundo económico actual.",0,0,5,0,349
2025-07-11 23:19:24,BancodelaNacion,Jun 22,"#NotaDePrensa |  El Ministerio de Economía y Finanzas #MEF resaltó que el trabajo conjunto entre la política fiscal y monetaria ha sido clave para que el Perú continúe registrando los índices inflacionarios más bajos de la región. 

🗞️ Más información: gob.pe/es/n/1192072",1,4,12,0,2.0K
2025-07-11 23:19:24,BancodelaNacion,Jun 19,#ConexiónBN | Nos reunimos con alcaldes lambayecanos y funcionarios municipales para impulsar obras públicas; en la reunión se expuso el procedimiento para que las comunas accedan a líneas de financiamiento para proyectos a favor de la población local.  info.bn.com.pe/ConexiónBNAlca…,0,0,0,0,206
2025-07-11 23:19:24,BancodelaNacion,Jun 18,"¡#ElPerúNoSeDetiene!
El Banco de la Nación, OECE, ONP y la SUNAT continúan atendiendo con total normalidad, para asegurar que la población acceda a sus trámites y consultas sin interrupciones ni contratiempos. 💪🇵🇪",0,4,9,0,2.0K
2025-07-11 23:19:24,BancodelaNacion,Jun 17,"#ConexiónBNChiclayo Se llevó a cabo el seminario ""Finanzas Inteligentes para Jóvenes"" en la Universidad Nacional Pedro Ruiz Gallo, dirigido a estudiantes universitarios. Se compartieron herramientas y conocimientos sobre bancarización, digitalización y ahorro responsable.",1,0,0,0,232
2025-07-11 23:19:24,BancodelaNacion,Jun 12,"#VotoDeConfianza | 💡 ¡Proyectos estratégicos que impulsan el desarrollo!
Este año se promoverá inversiones por más de USD 8600 millones en transporte, salud, turismo y desarrollo urbano, beneficiando a más de 15 millones de peruanos mediante APP, #ObrasPorImpuestos y Gobierno a…",3,7,5,0,2.0K
2025-07-11 23:19:24,BancodelaNacion,Jun 11,"📣 Banco de la Nación amplía hasta el 14 de junio 🗓️ campaña de préstamos con tasa promocional 💰 para el sector público 👩‍🏫👨‍⚕️. 
Más información: 
👉 info.bn.com.pe/AmpliacionTasa",6,1,2,0,810
2025-07-11 23:19:24,BancodelaNacion,May 23,"🔴 EN VIVO ¡Aprovecha! El @BancodelaNacion viene ofreciendo préstamos personales con una tasa promocional interesante. Entérate cómo acceder, conversamos con Piero Flores Miranda, sub gerente de Banca Personal del Banco de la Nación ow.ly/4Yto50VXPQ3",2,2,3,0,1.0K
2025-07-11 23:19:24,BancodelaNacion,May 23,"🔴 EN VIVO ¡Aprovecha! El @BancodelaNacion viene ofreciendo préstamos personales con una tasa promocional interesante. Entérate cómo acceder, conversamos con Piero Flores Miranda, sub gerente de Banca Personal del Banco de la Nación ow.ly/4Yto50VXPQ3",1,1,1,0,1.0K
2025-07-11 23:19:24,BancodelaNacion,May 23,¿Eres trabajador o pensionista del sector público? Accede a un préstamo del @BancodelaNacion ➡️ Todos los detalles hoy en #AndinaCanalOnline ow.ly/RnfO50VXJsc,0,2,0,0,822
2025-07-11 23:19:24,BancodelaNacion,May 23,¿Eres trabajador o pensionista del sector público? Accede a un préstamo del @BancodelaNacion ➡️ Todos los detalles hoy en #AndinaCanalOnline ow.ly/RnfO50VXJsc,0,1,1,0,845
2025-07-11 23:19:24,BancodelaNacion,May 21,▶ Banco de la Nación (@BancodelaNacion)  lanza campaña de préstamos con tasa promocional para sector público ow.ly/gRtA50VWrWQ,0,2,2,0,854
2025-07-11 23:19:24,BancodelaNacion,May 16,"El Presidente Ejecutivo del Banco de la Nación, José Ricardo Stok, se reunió con el Director General de Comunidades Peruanas en el Exterior, Pedro Bravo, para fortalecer la cooperación interinstitucional y mejorar los servicios para más de 3.5 millones de peruanos en el exterior.",3,0,0,0,471
2025-07-12 01:45:26,BancodelaNacion,Jul 8,"El BN y Línea 1 del Metro de Lima inauguraron una muestra fotográfica que se exhibe en estaciones por el mes patrio. La exposición titulada “Perú: De los Andes a la Amazonía”, refleja la riqueza natural y cultural del país. Conoce más aquí: bn.com.pe/noticias/2025/…",1,1,1,0,299
2025-07-12 01:45:26,BancodelaNacion,Jul 5,"✅ ¡Precios estables! La inflación anual fue de 1,7 % en junio y ya son 6 meses dentro del rango meta. Más tranquilidad para tu bolsillo. #EconomíaPunche 💪 📊

#Inflación #Estabilidad #EconomíaPerú",24,30,34,1,10.0K
2025-07-12 01:45:26,BancodelaNacion,Jun 27,#Comunicado,3,3,6,1,1.0K
2025-07-12 01:45:26,BancodelaNacion,Jun 25,"Hoy brindamos una capacitación sobre comercio exterior y educación financiera, a los estudiantes de la Escuela de Administración y Negocios de la Universidad César Vallejo , brindándoles herramientas para fortalecer sus habilidades y afrontar los retos del mundo económico actual.",0,0,5,0,349
2025-07-12 01:45:26,BancodelaNacion,Jun 22,"#NotaDePrensa |  El Ministerio de Economía y Finanzas #MEF resaltó que el trabajo conjunto entre la política fiscal y monetaria ha sido clave para que el Perú continúe registrando los índices inflacionarios más bajos de la región. 

🗞️ Más información: gob.pe/es/n/1192072",1,4,12,0,2.0K
2025-07-12 01:45:26,BancodelaNacion,Jun 19,#ConexiónBN | Nos reunimos con alcaldes lambayecanos y funcionarios municipales para impulsar obras públicas; en la reunión se expuso el procedimiento para que las comunas accedan a líneas de financiamiento para proyectos a favor de la población local.  info.bn.com.pe/ConexiónBNAlca…,0,0,0,0,206
2025-07-12 01:45:26,BancodelaNacion,Jun 18,"¡#ElPerúNoSeDetiene!
El Banco de la Nación, OECE, ONP y la SUNAT continúan atendiendo con total normalidad, para asegurar que la población acceda a sus trámites y consultas sin interrupciones ni contratiempos. 💪🇵🇪",0,4,9,0,2.0K
2025-07-12 01:45:26,BancodelaNacion,Jun 17,"#ConexiónBNChiclayo Se llevó a cabo el seminario ""Finanzas Inteligentes para Jóvenes"" en la Universidad Nacional Pedro Ruiz Gallo, dirigido a estudiantes universitarios. Se compartieron herramientas y conocimientos sobre bancarización, digitalización y ahorro responsable.",1,0,0,0,232
2025-07-12 01:45:26,BancodelaNacion,Jun 12,"#VotoDeConfianza | 💡 ¡Proyectos estratégicos que impulsan el desarrollo!
Este año se promoverá inversiones por más de USD 8600 millones en transporte, salud, turismo y desarrollo urbano, beneficiando a más de 15 millones de peruanos mediante APP, #ObrasPorImpuestos y Gobierno a…",3,7,5,0,2.0K
2025-07-12 01:45:26,BancodelaNacion,Jun 11,"📣 Banco de la Nación amplía hasta el 14 de junio 🗓️ campaña de préstamos con tasa promocional 💰 para el sector público 👩‍🏫👨‍⚕️. 
Más información: 
👉 info.bn.com.pe/AmpliacionTasa",6,1,2,0,810
2025-07-12 01:45:26,BancodelaNacion,May 23,"🔴 EN VIVO ¡Aprovecha! El @BancodelaNacion viene ofreciendo préstamos personales con una tasa promocional interesante. Entérate cómo acceder, conversamos con Piero Flores Miranda, sub gerente de Banca Personal del Banco de la Nación ow.ly/4Yto50VXPQ3",2,2,3,0,1.0K
2025-07-12 01:45:26,BancodelaNacion,May 23,"🔴 EN VIVO ¡Aprovecha! El @BancodelaNacion viene ofreciendo préstamos personales con una tasa promocional interesante. Entérate cómo acceder, conversamos con Piero Flores Miranda, sub gerente de Banca Personal del Banco de la Nación ow.ly/4Yto50VXPQ3",1,1,1,0,1.0K
2025-07-12 01:45:26,BancodelaNacion,May 23,¿Eres trabajador o pensionista del sector público? Accede a un préstamo del @BancodelaNacion ➡️ Todos los detalles hoy en #AndinaCanalOnline ow.ly/RnfO50VXJsc,0,2,0,0,822
2025-07-12 01:45:26,BancodelaNacion,May 23,¿Eres trabajador o pensionista del sector público? Accede a un préstamo del @BancodelaNacion ➡️ Todos los detalles hoy en #AndinaCanalOnline ow.ly/RnfO50VXJsc,0,1,1,0,845
2025-07-12 01:45:26,BancodelaNacion,May 21,▶ Banco de la Nación (@BancodelaNacion)  lanza campaña de préstamos con tasa promocional para sector público ow.ly/gRtA50VWrWQ,0,2,2,0,854
2025-07-12 01:45:26,BancodelaNacion,May 16,"El Presidente Ejecutivo del Banco de la Nación, José Ricardo Stok, se reunió con el Director General de Comunidades Peruanas en el Exterior, Pedro Bravo, para fortalecer la cooperación interinstitucional y mejorar los servicios para más de 3.5 millones de peruanos en el exterior.",3,0,0,0,471
2025-07-12 03:25:54,BancodelaNacion,Jul 8,"El BN y Línea 1 del Metro de Lima inauguraron una muestra fotográfica que se exhibe en estaciones por el mes patrio. La exposición titulada “Perú: De los Andes a la Amazonía”, refleja la riqueza natural y cultural del país. Conoce más aquí: bn.com.pe/noticias/2025/…",1,1,1,0,299
2025-07-12 03:25:54,BancodelaNacion,Jul 5,"✅ ¡Precios estables! La inflación anual fue de 1,7 % en junio y ya son 6 meses dentro del rango meta. Más tranquilidad para tu bolsillo. #EconomíaPunche 💪 📊

#Inflación #Estabilidad #EconomíaPerú",24,30,34,1,10.0K
2025-07-12 03:25:54,BancodelaNacion,Jun 27,#Comunicado,3,3,6,1,1.0K
2025-07-12 03:25:54,BancodelaNacion,Jun 25,"Hoy brindamos una capacitación sobre comercio exterior y educación financiera, a los estudiantes de la Escuela de Administración y Negocios de la Universidad César Vallejo , brindándoles herramientas para fortalecer sus habilidades y afrontar los retos del mundo económico actual.",0,0,5,0,349
2025-07-12 03:25:54,BancodelaNacion,Jun 22,"#NotaDePrensa |  El Ministerio de Economía y Finanzas #MEF resaltó que el trabajo conjunto entre la política fiscal y monetaria ha sido clave para que el Perú continúe registrando los índices inflacionarios más bajos de la región. 

🗞️ Más información: gob.pe/es/n/1192072",1,4,12,0,2.0K
2025-07-12 03:25:54,BancodelaNacion,Jun 19,#ConexiónBN | Nos reunimos con alcaldes lambayecanos y funcionarios municipales para impulsar obras públicas; en la reunión se expuso el procedimiento para que las comunas accedan a líneas de financiamiento para proyectos a favor de la población local.  info.bn.com.pe/ConexiónBNAlca…,0,0,0,0,206
2025-07-12 03:25:54,BancodelaNacion,Jun 18,"¡#ElPerúNoSeDetiene!
El Banco de la Nación, OECE, ONP y la SUNAT continúan atendiendo con total normalidad, para asegurar que la población acceda a sus trámites y consultas sin interrupciones ni contratiempos. 💪🇵🇪",0,4,9,0,2.0K
2025-07-12 03:25:54,BancodelaNacion,Jun 17,"#ConexiónBNChiclayo Se llevó a cabo el seminario ""Finanzas Inteligentes para Jóvenes"" en la Universidad Nacional Pedro Ruiz Gallo, dirigido a estudiantes universitarios. Se compartieron herramientas y conocimientos sobre bancarización, digitalización y ahorro responsable.",1,0,0,0,232
2025-07-12 03:25:54,BancodelaNacion,Jun 12,"#VotoDeConfianza | 💡 ¡Proyectos estratégicos que impulsan el desarrollo!
Este año se promoverá inversiones por más de USD 8600 millones en transporte, salud, turismo y desarrollo urbano, beneficiando a más de 15 millones de peruanos mediante APP, #ObrasPorImpuestos y Gobierno a…",3,7,5,0,2.0K
2025-07-12 03:25:54,BancodelaNacion,Jun 11,"📣 Banco de la Nación amplía hasta el 14 de junio 🗓️ campaña de préstamos con tasa promocional 💰 para el sector público 👩‍🏫👨‍⚕️. 
Más información: 
👉 info.bn.com.pe/AmpliacionTasa",6,1,2,0,810
2025-07-12 03:25:54,BancodelaNacion,May 23,"🔴 EN VIVO ¡Aprovecha! El @BancodelaNacion viene ofreciendo préstamos personales con una tasa promocional interesante. Entérate cómo acceder, conversamos con Piero Flores Miranda, sub gerente de Banca Personal del Banco de la Nación ow.ly/4Yto50VXPQ3",2,2,3,0,1.0K
2025-07-12 03:25:54,BancodelaNacion,May 23,"🔴 EN VIVO ¡Aprovecha! El @BancodelaNacion viene ofreciendo préstamos personales con una tasa promocional interesante. Entérate cómo acceder, conversamos con Piero Flores Miranda, sub gerente de Banca Personal del Banco de la Nación ow.ly/4Yto50VXPQ3",1,1,1,0,1.0K
2025-07-12 03:25:54,BancodelaNacion,May 23,¿Eres trabajador o pensionista del sector público? Accede a un préstamo del @BancodelaNacion ➡️ Todos los detalles hoy en #AndinaCanalOnline ow.ly/RnfO50VXJsc,0,2,0,0,822
2025-07-12 03:25:54,BancodelaNacion,May 23,¿Eres trabajador o pensionista del sector público? Accede a un préstamo del @BancodelaNacion ➡️ Todos los detalles hoy en #AndinaCanalOnline ow.ly/RnfO50VXJsc,0,1,1,0,845
2025-07-12 03:25:54,BancodelaNacion,May 21,▶ Banco de la Nación (@BancodelaNacion)  lanza campaña de préstamos con tasa promocional para sector público ow.ly/gRtA50VWrWQ,0,2,2,0,854
2025-07-12 03:25:54,BancodelaNacion,May 16,"El Presidente Ejecutivo del Banco de la Nación, José Ricardo Stok, se reunió con el Director General de Comunidades Peruanas en el Exterior, Pedro Bravo, para fortalecer la cooperación interinstitucional y mejorar los servicios para más de 3.5 millones de peruanos en el exterior.",3,0,0,0,471
2025-07-12 04:31:04,BancodelaNacion,Jul 8,"El BN y Línea 1 del Metro de Lima inauguraron una muestra fotográfica que se exhibe en estaciones por el mes patrio. La exposición titulada “Perú: De los Andes a la Amazonía”, refleja la riqueza natural y cultural del país. Conoce más aquí: bn.com.pe/noticias/2025/…",1,1,1,0,302
2025-07-12 04:31:04,BancodelaNacion,Jul 5,"✅ ¡Precios estables! La inflación anual fue de 1,7 % en junio y ya son 6 meses dentro del rango meta. Más tranquilidad para tu bolsillo. #EconomíaPunche 💪 📊

#Inflación #Estabilidad #EconomíaPerú",24,30,34,1,10.0K
2025-07-12 04:31:04,BancodelaNacion,Jun 27,#Comunicado,3,3,6,1,1.0K
2025-07-12 04:31:04,BancodelaNacion,Jun 25,"Hoy brindamos una capacitación sobre comercio exterior y educación financiera, a los estudiantes de la Escuela de Administración y Negocios de la Universidad César Vallejo , brindándoles herramientas para fortalecer sus habilidades y afrontar los retos del mundo económico actual.",0,0,5,0,349
2025-07-12 04:31:04,BancodelaNacion,Jun 22,"#NotaDePrensa |  El Ministerio de Economía y Finanzas #MEF resaltó que el trabajo conjunto entre la política fiscal y monetaria ha sido clave para que el Perú continúe registrando los índices inflacionarios más bajos de la región. 

🗞️ Más información: gob.pe/es/n/1192072",1,4,12,0,2.0K
2025-07-12 04:31:04,BancodelaNacion,Jun 19,#ConexiónBN | Nos reunimos con alcaldes lambayecanos y funcionarios municipales para impulsar obras públicas; en la reunión se expuso el procedimiento para que las comunas accedan a líneas de financiamiento para proyectos a favor de la población local.  info.bn.com.pe/ConexiónBNAlca…,0,0,0,0,206
2025-07-12 04:31:04,BancodelaNacion,Jun 18,"¡#ElPerúNoSeDetiene!
El Banco de la Nación, OECE, ONP y la SUNAT continúan atendiendo con total normalidad, para asegurar que la población acceda a sus trámites y consultas sin interrupciones ni contratiempos. 💪🇵🇪",0,4,9,0,2.0K
2025-07-12 04:31:04,BancodelaNacion,Jun 17,"#ConexiónBNChiclayo Se llevó a cabo el seminario ""Finanzas Inteligentes para Jóvenes"" en la Universidad Nacional Pedro Ruiz Gallo, dirigido a estudiantes universitarios. Se compartieron herramientas y conocimientos sobre bancarización, digitalización y ahorro responsable.",1,0,0,0,232
2025-07-12 04:31:04,BancodelaNacion,Jun 12,"#VotoDeConfianza | 💡 ¡Proyectos estratégicos que impulsan el desarrollo!
Este año se promoverá inversiones por más de USD 8600 millones en transporte, salud, turismo y desarrollo urbano, beneficiando a más de 15 millones de peruanos mediante APP, #ObrasPorImpuestos y Gobierno a…",3,7,5,0,2.0K
2025-07-12 04:31:04,BancodelaNacion,Jun 11,"📣 Banco de la Nación amplía hasta el 14 de junio 🗓️ campaña de préstamos con tasa promocional 💰 para el sector público 👩‍🏫👨‍⚕️. 
Más información: 
👉 info.bn.com.pe/AmpliacionTasa",6,1,2,0,810
2025-07-12 04:31:04,BancodelaNacion,May 23,"🔴 EN VIVO ¡Aprovecha! El @BancodelaNacion viene ofreciendo préstamos personales con una tasa promocional interesante. Entérate cómo acceder, conversamos con Piero Flores Miranda, sub gerente de Banca Personal del Banco de la Nación ow.ly/4Yto50VXPQ3",2,2,3,0,1.0K
2025-07-12 04:31:04,BancodelaNacion,May 23,"🔴 EN VIVO ¡Aprovecha! El @BancodelaNacion viene ofreciendo préstamos personales con una tasa promocional interesante. Entérate cómo acceder, conversamos con Piero Flores Miranda, sub gerente de Banca Personal del Banco de la Nación ow.ly/4Yto50VXPQ3",1,1,1,0,1.0K
2025-07-12 04:31:04,BancodelaNacion,May 23,¿Eres trabajador o pensionista del sector público? Accede a un préstamo del @BancodelaNacion ➡️ Todos los detalles hoy en #AndinaCanalOnline ow.ly/RnfO50VXJsc,0,2,0,0,822
2025-07-12 04:31:04,BancodelaNacion,May 23,¿Eres trabajador o pensionista del sector público? Accede a un préstamo del @BancodelaNacion ➡️ Todos los detalles hoy en #AndinaCanalOnline ow.ly/RnfO50VXJsc,0,1,1,0,845
2025-07-12 04:31:04,BancodelaNacion,May 21,▶ Banco de la Nación (@BancodelaNacion)  lanza campaña de préstamos con tasa promocional para sector público ow.ly/gRtA50VWrWQ,0,2,2,0,854
2025-07-12 04:31:04,BancodelaNacion,May 16,"El Presidente Ejecutivo del Banco de la Nación, José Ricardo Stok, se reunió con el Director General de Comunidades Peruanas en el Exterior, Pedro Bravo, para fortalecer la cooperación interinstitucional y mejorar los servicios para más de 3.5 millones de peruanos en el exterior.",3,0,0,0,471
2025-07-12 05:20:17,BancodelaNacion,Jul 8,"El BN y Línea 1 del Metro de Lima inauguraron una muestra fotográfica que se exhibe en estaciones por el mes patrio. La exposición titulada “Perú: De los Andes a la Amazonía”, refleja la riqueza natural y cultural del país. Conoce más aquí: bn.com.pe/noticias/2025/…",1,1,1,0,302
2025-07-12 05:20:17,BancodelaNacion,Jul 5,"✅ ¡Precios estables! La inflación anual fue de 1,7 % en junio y ya son 6 meses dentro del rango meta. Más tranquilidad para tu bolsillo. #EconomíaPunche 💪 📊

#Inflación #Estabilidad #EconomíaPerú",24,30,34,1,10.0K
2025-07-12 05:20:17,BancodelaNacion,Jun 27,#Comunicado,3,3,6,1,1.0K
2025-07-12 05:20:17,BancodelaNacion,Jun 25,"Hoy brindamos una capacitación sobre comercio exterior y educación financiera, a los estudiantes de la Escuela de Administración y Negocios de la Universidad César Vallejo , brindándoles herramientas para fortalecer sus habilidades y afrontar los retos del mundo económico actual.",0,0,5,0,349
2025-07-12 05:20:17,BancodelaNacion,Jun 22,"#NotaDePrensa |  El Ministerio de Economía y Finanzas #MEF resaltó que el trabajo conjunto entre la política fiscal y monetaria ha sido clave para que el Perú continúe registrando los índices inflacionarios más bajos de la región. 

🗞️ Más información: gob.pe/es/n/1192072",1,4,12,0,2.0K
2025-07-12 05:20:17,BancodelaNacion,Jun 19,#ConexiónBN | Nos reunimos con alcaldes lambayecanos y funcionarios municipales para impulsar obras públicas; en la reunión se expuso el procedimiento para que las comunas accedan a líneas de financiamiento para proyectos a favor de la población local.  info.bn.com.pe/ConexiónBNAlca…,0,0,0,0,206
2025-07-12 05:20:17,BancodelaNacion,Jun 18,"¡#ElPerúNoSeDetiene!
El Banco de la Nación, OECE, ONP y la SUNAT continúan atendiendo con total normalidad, para asegurar que la población acceda a sus trámites y consultas sin interrupciones ni contratiempos. 💪🇵🇪",0,4,9,0,2.0K
2025-07-12 05:20:17,BancodelaNacion,Jun 17,"#ConexiónBNChiclayo Se llevó a cabo el seminario ""Finanzas Inteligentes para Jóvenes"" en la Universidad Nacional Pedro Ruiz Gallo, dirigido a estudiantes universitarios. Se compartieron herramientas y conocimientos sobre bancarización, digitalización y ahorro responsable.",1,0,0,0,232
2025-07-12 05:20:17,BancodelaNacion,Jun 12,"#VotoDeConfianza | 💡 ¡Proyectos estratégicos que impulsan el desarrollo!
Este año se promoverá inversiones por más de USD 8600 millones en transporte, salud, turismo y desarrollo urbano, beneficiando a más de 15 millones de peruanos mediante APP, #ObrasPorImpuestos y Gobierno a…",3,7,5,0,2.0K
2025-07-12 05:20:17,BancodelaNacion,Jun 11,"📣 Banco de la Nación amplía hasta el 14 de junio 🗓️ campaña de préstamos con tasa promocional 💰 para el sector público 👩‍🏫👨‍⚕️. 
Más información: 
👉 info.bn.com.pe/AmpliacionTasa",6,1,2,0,810
2025-07-12 05:20:17,BancodelaNacion,May 23,"🔴 EN VIVO ¡Aprovecha! El @BancodelaNacion viene ofreciendo préstamos personales con una tasa promocional interesante. Entérate cómo acceder, conversamos con Piero Flores Miranda, sub gerente de Banca Personal del Banco de la Nación ow.ly/4Yto50VXPQ3",2,2,3,0,1.0K
2025-07-12 05:20:17,BancodelaNacion,May 23,"🔴 EN VIVO ¡Aprovecha! El @BancodelaNacion viene ofreciendo préstamos personales con una tasa promocional interesante. Entérate cómo acceder, conversamos con Piero Flores Miranda, sub gerente de Banca Personal del Banco de la Nación ow.ly/4Yto50VXPQ3",1,1,1,0,1.0K
2025-07-12 05:20:17,BancodelaNacion,May 23,¿Eres trabajador o pensionista del sector público? Accede a un préstamo del @BancodelaNacion ➡️ Todos los detalles hoy en #AndinaCanalOnline ow.ly/RnfO50VXJsc,0,2,0,0,822
2025-07-12 05:20:17,BancodelaNacion,May 23,¿Eres trabajador o pensionista del sector público? Accede a un préstamo del @BancodelaNacion ➡️ Todos los detalles hoy en #AndinaCanalOnline ow.ly/RnfO50VXJsc,0,1,1,0,845
2025-07-12 05:20:17,BancodelaNacion,May 21,▶ Banco de la Nación (@BancodelaNacion)  lanza campaña de préstamos con tasa promocional para sector público ow.ly/gRtA50VWrWQ,0,2,2,0,854
2025-07-12 05:20:17,BancodelaNacion,May 16,"El Presidente Ejecutivo del Banco de la Nación, José Ricardo Stok, se reunió con el Director General de Comunidades Peruanas en el Exterior, Pedro Bravo, para fortalecer la cooperación interinstitucional y mejorar los servicios para más de 3.5 millones de peruanos en el exterior.",3,0,0,0,471
2025-07-12 06:28:07,BancodelaNacion,Jul 8,"El BN y Línea 1 del Metro de Lima inauguraron una muestra fotográfica que se exhibe en estaciones por el mes patrio. La exposición titulada “Perú: De los Andes a la Amazonía”, refleja la riqueza natural y cultural del país. Conoce más aquí: bn.com.pe/noticias/2025/…",1,1,1,0,302
2025-07-12 06:28:07,BancodelaNacion,Jul 5,"✅ ¡Precios estables! La inflación anual fue de 1,7 % en junio y ya son 6 meses dentro del rango meta. Más tranquilidad para tu bolsillo. #EconomíaPunche 💪 📊

#Inflación #Estabilidad #EconomíaPerú",24,30,34,1,10.0K
2025-07-12 06:28:07,BancodelaNacion,Jun 27,#Comunicado,3,3,6,1,1.0K
2025-07-12 06:28:07,BancodelaNacion,Jun 25,"Hoy brindamos una capacitación sobre comercio exterior y educación financiera, a los estudiantes de la Escuela de Administración y Negocios de la Universidad César Vallejo , brindándoles herramientas para fortalecer sus habilidades y afrontar los retos del mundo económico actual.",0,0,5,0,349
2025-07-12 06:28:07,BancodelaNacion,Jun 22,"#NotaDePrensa |  El Ministerio de Economía y Finanzas #MEF resaltó que el trabajo conjunto entre la política fiscal y monetaria ha sido clave para que el Perú continúe registrando los índices inflacionarios más bajos de la región. 

🗞️ Más información: gob.pe/es/n/1192072",1,4,12,0,2.0K
2025-07-12 06:28:07,BancodelaNacion,Jun 19,#ConexiónBN | Nos reunimos con alcaldes lambayecanos y funcionarios municipales para impulsar obras públicas; en la reunión se expuso el procedimiento para que las comunas accedan a líneas de financiamiento para proyectos a favor de la población local.  info.bn.com.pe/ConexiónBNAlca…,0,0,0,0,206
2025-07-12 06:28:07,BancodelaNacion,Jun 18,"¡#ElPerúNoSeDetiene!
El Banco de la Nación, OECE, ONP y la SUNAT continúan atendiendo con total normalidad, para asegurar que la población acceda a sus trámites y consultas sin interrupciones ni contratiempos. 💪🇵🇪",0,4,9,0,2.0K
2025-07-12 06:28:07,BancodelaNacion,Jun 17,"#ConexiónBNChiclayo Se llevó a cabo el seminario ""Finanzas Inteligentes para Jóvenes"" en la Universidad Nacional Pedro Ruiz Gallo, dirigido a estudiantes universitarios. Se compartieron herramientas y conocimientos sobre bancarización, digitalización y ahorro responsable.",1,0,0,0,232
2025-07-12 06:28:07,BancodelaNacion,Jun 12,"#VotoDeConfianza | 💡 ¡Proyectos estratégicos que impulsan el desarrollo!
Este año se promoverá inversiones por más de USD 8600 millones en transporte, salud, turismo y desarrollo urbano, beneficiando a más de 15 millones de peruanos mediante APP, #ObrasPorImpuestos y Gobierno a…",3,7,5,0,2.0K
2025-07-12 06:28:07,BancodelaNacion,Jun 11,"📣 Banco de la Nación amplía hasta el 14 de junio 🗓️ campaña de préstamos con tasa promocional 💰 para el sector público 👩‍🏫👨‍⚕️. 
Más información: 
👉 info.bn.com.pe/AmpliacionTasa",6,1,2,0,810
2025-07-12 06:28:07,BancodelaNacion,May 23,"🔴 EN VIVO ¡Aprovecha! El @BancodelaNacion viene ofreciendo préstamos personales con una tasa promocional interesante. Entérate cómo acceder, conversamos con Piero Flores Miranda, sub gerente de Banca Personal del Banco de la Nación ow.ly/4Yto50VXPQ3",2,2,3,0,1.0K
2025-07-12 06:28:07,BancodelaNacion,May 23,"🔴 EN VIVO ¡Aprovecha! El @BancodelaNacion viene ofreciendo préstamos personales con una tasa promocional interesante. Entérate cómo acceder, conversamos con Piero Flores Miranda, sub gerente de Banca Personal del Banco de la Nación ow.ly/4Yto50VXPQ3",1,1,1,0,1.0K
2025-07-12 06:28:07,BancodelaNacion,May 23,¿Eres trabajador o pensionista del sector público? Accede a un préstamo del @BancodelaNacion ➡️ Todos los detalles hoy en #AndinaCanalOnline ow.ly/RnfO50VXJsc,0,2,0,0,822
2025-07-12 06:28:07,BancodelaNacion,May 23,¿Eres trabajador o pensionista del sector público? Accede a un préstamo del @BancodelaNacion ➡️ Todos los detalles hoy en #AndinaCanalOnline ow.ly/RnfO50VXJsc,0,1,1,0,845
2025-07-12 06:28:07,BancodelaNacion,May 21,▶ Banco de la Nación (@BancodelaNacion)  lanza campaña de préstamos con tasa promocional para sector público ow.ly/gRtA50VWrWQ,0,2,2,0,854
2025-07-12 06:28:07,BancodelaNacion,May 16,"El Presidente Ejecutivo del Banco de la Nación, José Ricardo Stok, se reunió con el Director General de Comunidades Peruanas en el Exterior, Pedro Bravo, para fortalecer la cooperación interinstitucional y mejorar los servicios para más de 3.5 millones de peruanos en el exterior.",3,0,0,0,471
2025-07-12 07:19:01,BancodelaNacion,Jul 8,"El BN y Línea 1 del Metro de Lima inauguraron una muestra fotográfica que se exhibe en estaciones por el mes patrio. La exposición titulada “Perú: De los Andes a la Amazonía”, refleja la riqueza natural y cultural del país. Conoce más aquí: bn.com.pe/noticias/2025/…",1,1,1,0,302
2025-07-12 07:19:01,BancodelaNacion,Jul 5,"✅ ¡Precios estables! La inflación anual fue de 1,7 % en junio y ya son 6 meses dentro del rango meta. Más tranquilidad para tu bolsillo. #EconomíaPunche 💪 📊

#Inflación #Estabilidad #EconomíaPerú",24,30,34,1,10.0K
2025-07-12 07:19:01,BancodelaNacion,Jun 27,#Comunicado,3,3,6,1,1.0K
2025-07-12 07:19:01,BancodelaNacion,Jun 25,"Hoy brindamos una capacitación sobre comercio exterior y educación financiera, a los estudiantes de la Escuela de Administración y Negocios de la Universidad César Vallejo , brindándoles herramientas para fortalecer sus habilidades y afrontar los retos del mundo económico actual.",0,0,5,0,349
2025-07-12 07:19:01,BancodelaNacion,Jun 22,"#NotaDePrensa |  El Ministerio de Economía y Finanzas #MEF resaltó que el trabajo conjunto entre la política fiscal y monetaria ha sido clave para que el Perú continúe registrando los índices inflacionarios más bajos de la región. 

🗞️ Más información: gob.pe/es/n/1192072",1,4,12,0,2.0K
2025-07-12 07:19:01,BancodelaNacion,Jun 19,#ConexiónBN | Nos reunimos con alcaldes lambayecanos y funcionarios municipales para impulsar obras públicas; en la reunión se expuso el procedimiento para que las comunas accedan a líneas de financiamiento para proyectos a favor de la población local.  info.bn.com.pe/ConexiónBNAlca…,0,0,0,0,206
2025-07-12 07:19:01,BancodelaNacion,Jun 18,"¡#ElPerúNoSeDetiene!
El Banco de la Nación, OECE, ONP y la SUNAT continúan atendiendo con total normalidad, para asegurar que la población acceda a sus trámites y consultas sin interrupciones ni contratiempos. 💪🇵🇪",0,4,9,0,2.0K
2025-07-12 07:19:01,BancodelaNacion,Jun 17,"#ConexiónBNChiclayo Se llevó a cabo el seminario ""Finanzas Inteligentes para Jóvenes"" en la Universidad Nacional Pedro Ruiz Gallo, dirigido a estudiantes universitarios. Se compartieron herramientas y conocimientos sobre bancarización, digitalización y ahorro responsable.",1,0,0,0,232
2025-07-12 07:19:01,BancodelaNacion,Jun 12,"#VotoDeConfianza | 💡 ¡Proyectos estratégicos que impulsan el desarrollo!
Este año se promoverá inversiones por más de USD 8600 millones en transporte, salud, turismo y desarrollo urbano, beneficiando a más de 15 millones de peruanos mediante APP, #ObrasPorImpuestos y Gobierno a…",3,7,5,0,2.0K
2025-07-12 07:19:01,BancodelaNacion,Jun 11,"📣 Banco de la Nación amplía hasta el 14 de junio 🗓️ campaña de préstamos con tasa promocional 💰 para el sector público 👩‍🏫👨‍⚕️. 
Más información: 
👉 info.bn.com.pe/AmpliacionTasa",6,1,2,0,810
2025-07-12 07:19:01,BancodelaNacion,May 23,"🔴 EN VIVO ¡Aprovecha! El @BancodelaNacion viene ofreciendo préstamos personales con una tasa promocional interesante. Entérate cómo acceder, conversamos con Piero Flores Miranda, sub gerente de Banca Personal del Banco de la Nación ow.ly/4Yto50VXPQ3",2,2,3,0,1.0K
2025-07-12 07:19:01,BancodelaNacion,May 23,"🔴 EN VIVO ¡Aprovecha! El @BancodelaNacion viene ofreciendo préstamos personales con una tasa promocional interesante. Entérate cómo acceder, conversamos con Piero Flores Miranda, sub gerente de Banca Personal del Banco de la Nación ow.ly/4Yto50VXPQ3",1,1,1,0,1.0K
2025-07-12 07:19:01,BancodelaNacion,May 23,¿Eres trabajador o pensionista del sector público? Accede a un préstamo del @BancodelaNacion ➡️ Todos los detalles hoy en #AndinaCanalOnline ow.ly/RnfO50VXJsc,0,2,0,0,822
2025-07-12 07:19:01,BancodelaNacion,May 23,¿Eres trabajador o pensionista del sector público? Accede a un préstamo del @BancodelaNacion ➡️ Todos los detalles hoy en #AndinaCanalOnline ow.ly/RnfO50VXJsc,0,1,1,0,845
2025-07-12 07:19:01,BancodelaNacion,May 21,▶ Banco de la Nación (@BancodelaNacion)  lanza campaña de préstamos con tasa promocional para sector público ow.ly/gRtA50VWrWQ,0,2,2,0,854
2025-07-12 07:19:01,BancodelaNacion,May 16,"El Presidente Ejecutivo del Banco de la Nación, José Ricardo Stok, se reunió con el Director General de Comunidades Peruanas en el Exterior, Pedro Bravo, para fortalecer la cooperación interinstitucional y mejorar los servicios para más de 3.5 millones de peruanos en el exterior.",3,0,0,0,471
2025-07-12 08:24:21,BancodelaNacion,Jul 8,"El BN y Línea 1 del Metro de Lima inauguraron una muestra fotográfica que se exhibe en estaciones por el mes patrio. La exposición titulada “Perú: De los Andes a la Amazonía”, refleja la riqueza natural y cultural del país. Conoce más aquí: bn.com.pe/noticias/2025/…",1,1,1,0,303
2025-07-12 08:24:21,BancodelaNacion,Jul 5,"✅ ¡Precios estables! La inflación anual fue de 1,7 % en junio y ya son 6 meses dentro del rango meta. Más tranquilidad para tu bolsillo. #EconomíaPunche 💪 📊

#Inflación #Estabilidad #EconomíaPerú",24,30,34,1,10.0K
2025-07-12 08:24:21,BancodelaNacion,Jun 27,#Comunicado,3,3,6,1,1.0K
2025-07-12 08:24:21,BancodelaNacion,Jun 25,"Hoy brindamos una capacitación sobre comercio exterior y educación financiera, a los estudiantes de la Escuela de Administración y Negocios de la Universidad César Vallejo , brindándoles herramientas para fortalecer sus habilidades y afrontar los retos del mundo económico actual.",0,0,5,0,350
2025-07-12 08:24:21,BancodelaNacion,Jun 22,"#NotaDePrensa |  El Ministerio de Economía y Finanzas #MEF resaltó que el trabajo conjunto entre la política fiscal y monetaria ha sido clave para que el Perú continúe registrando los índices inflacionarios más bajos de la región. 

🗞️ Más información: gob.pe/es/n/1192072",1,4,12,0,2.0K
2025-07-12 08:24:21,BancodelaNacion,Jun 19,#ConexiónBN | Nos reunimos con alcaldes lambayecanos y funcionarios municipales para impulsar obras públicas; en la reunión se expuso el procedimiento para que las comunas accedan a líneas de financiamiento para proyectos a favor de la población local.  info.bn.com.pe/ConexiónBNAlca…,0,0,0,0,207
2025-07-12 08:24:21,BancodelaNacion,Jun 18,"¡#ElPerúNoSeDetiene!
El Banco de la Nación, OECE, ONP y la SUNAT continúan atendiendo con total normalidad, para asegurar que la población acceda a sus trámites y consultas sin interrupciones ni contratiempos. 💪🇵🇪",0,4,9,0,2.0K
2025-07-12 08:24:21,BancodelaNacion,Jun 17,"#ConexiónBNChiclayo Se llevó a cabo el seminario ""Finanzas Inteligentes para Jóvenes"" en la Universidad Nacional Pedro Ruiz Gallo, dirigido a estudiantes universitarios. Se compartieron herramientas y conocimientos sobre bancarización, digitalización y ahorro responsable.",1,0,0,0,233
2025-07-12 08:24:21,BancodelaNacion,Jun 12,"#VotoDeConfianza | 💡 ¡Proyectos estratégicos que impulsan el desarrollo!
Este año se promoverá inversiones por más de USD 8600 millones en transporte, salud, turismo y desarrollo urbano, beneficiando a más de 15 millones de peruanos mediante APP, #ObrasPorImpuestos y Gobierno a…",3,7,5,0,2.0K
2025-07-12 08:24:21,BancodelaNacion,Jun 11,"📣 Banco de la Nación amplía hasta el 14 de junio 🗓️ campaña de préstamos con tasa promocional 💰 para el sector público 👩‍🏫👨‍⚕️. 
Más información: 
👉 info.bn.com.pe/AmpliacionTasa",6,1,2,0,810
2025-07-12 08:24:21,BancodelaNacion,May 23,"🔴 EN VIVO ¡Aprovecha! El @BancodelaNacion viene ofreciendo préstamos personales con una tasa promocional interesante. Entérate cómo acceder, conversamos con Piero Flores Miranda, sub gerente de Banca Personal del Banco de la Nación ow.ly/4Yto50VXPQ3",2,2,3,0,1.0K
2025-07-12 08:24:21,BancodelaNacion,May 23,"🔴 EN VIVO ¡Aprovecha! El @BancodelaNacion viene ofreciendo préstamos personales con una tasa promocional interesante. Entérate cómo acceder, conversamos con Piero Flores Miranda, sub gerente de Banca Personal del Banco de la Nación ow.ly/4Yto50VXPQ3",1,1,1,0,1.0K
2025-07-12 08:24:21,BancodelaNacion,May 23,¿Eres trabajador o pensionista del sector público? Accede a un préstamo del @BancodelaNacion ➡️ Todos los detalles hoy en #AndinaCanalOnline ow.ly/RnfO50VXJsc,0,2,0,0,822
2025-07-12 08:24:21,BancodelaNacion,May 23,¿Eres trabajador o pensionista del sector público? Accede a un préstamo del @BancodelaNacion ➡️ Todos los detalles hoy en #AndinaCanalOnline ow.ly/RnfO50VXJsc,0,1,1,0,845
2025-07-12 08:24:21,BancodelaNacion,May 21,▶ Banco de la Nación (@BancodelaNacion)  lanza campaña de préstamos con tasa promocional para sector público ow.ly/gRtA50VWrWQ,0,2,2,0,854
2025-07-12 08:24:21,BancodelaNacion,May 16,"El Presidente Ejecutivo del Banco de la Nación, José Ricardo Stok, se reunió con el Director General de Comunidades Peruanas en el Exterior, Pedro Bravo, para fortalecer la cooperación interinstitucional y mejorar los servicios para más de 3.5 millones de peruanos en el exterior.",3,0,0,0,471
2025-07-12 09:19:47,BancodelaNacion,Jul 8,"El BN y Línea 1 del Metro de Lima inauguraron una muestra fotográfica que se exhibe en estaciones por el mes patrio. La exposición titulada “Perú: De los Andes a la Amazonía”, refleja la riqueza natural y cultural del país. Conoce más aquí: bn.com.pe/noticias/2025/…",1,1,1,0,303
2025-07-12 09:19:47,BancodelaNacion,Jul 5,"✅ ¡Precios estables! La inflación anual fue de 1,7 % en junio y ya son 6 meses dentro del rango meta. Más tranquilidad para tu bolsillo. #EconomíaPunche 💪 📊

#Inflación #Estabilidad #EconomíaPerú",24,30,34,1,10.0K
2025-07-12 09:19:47,BancodelaNacion,Jun 27,#Comunicado,3,3,6,1,1.0K
2025-07-12 09:19:47,BancodelaNacion,Jun 25,"Hoy brindamos una capacitación sobre comercio exterior y educación financiera, a los estudiantes de la Escuela de Administración y Negocios de la Universidad César Vallejo , brindándoles herramientas para fortalecer sus habilidades y afrontar los retos del mundo económico actual.",0,0,5,0,350
2025-07-12 09:19:47,BancodelaNacion,Jun 22,"#NotaDePrensa |  El Ministerio de Economía y Finanzas #MEF resaltó que el trabajo conjunto entre la política fiscal y monetaria ha sido clave para que el Perú continúe registrando los índices inflacionarios más bajos de la región. 

🗞️ Más información: gob.pe/es/n/1192072",1,4,12,0,2.0K
2025-07-12 09:19:47,BancodelaNacion,Jun 19,#ConexiónBN | Nos reunimos con alcaldes lambayecanos y funcionarios municipales para impulsar obras públicas; en la reunión se expuso el procedimiento para que las comunas accedan a líneas de financiamiento para proyectos a favor de la población local.  info.bn.com.pe/ConexiónBNAlca…,0,0,0,0,207
2025-07-12 09:19:47,BancodelaNacion,Jun 18,"¡#ElPerúNoSeDetiene!
El Banco de la Nación, OECE, ONP y la SUNAT continúan atendiendo con total normalidad, para asegurar que la población acceda a sus trámites y consultas sin interrupciones ni contratiempos. 💪🇵🇪",0,4,9,0,2.0K
2025-07-12 09:19:47,BancodelaNacion,Jun 17,"#ConexiónBNChiclayo Se llevó a cabo el seminario ""Finanzas Inteligentes para Jóvenes"" en la Universidad Nacional Pedro Ruiz Gallo, dirigido a estudiantes universitarios. Se compartieron herramientas y conocimientos sobre bancarización, digitalización y ahorro responsable.",1,0,0,0,233
2025-07-12 09:19:47,BancodelaNacion,Jun 12,"#VotoDeConfianza | 💡 ¡Proyectos estratégicos que impulsan el desarrollo!
Este año se promoverá inversiones por más de USD 8600 millones en transporte, salud, turismo y desarrollo urbano, beneficiando a más de 15 millones de peruanos mediante APP, #ObrasPorImpuestos y Gobierno a…",3,7,5,0,2.0K
2025-07-12 09:19:47,BancodelaNacion,Jun 11,"📣 Banco de la Nación amplía hasta el 14 de junio 🗓️ campaña de préstamos con tasa promocional 💰 para el sector público 👩‍🏫👨‍⚕️. 
Más información: 
👉 info.bn.com.pe/AmpliacionTasa",6,1,2,0,810
2025-07-12 09:19:47,BancodelaNacion,May 23,"🔴 EN VIVO ¡Aprovecha! El @BancodelaNacion viene ofreciendo préstamos personales con una tasa promocional interesante. Entérate cómo acceder, conversamos con Piero Flores Miranda, sub gerente de Banca Personal del Banco de la Nación ow.ly/4Yto50VXPQ3",2,2,3,0,1.0K
2025-07-12 09:19:47,BancodelaNacion,May 23,"🔴 EN VIVO ¡Aprovecha! El @BancodelaNacion viene ofreciendo préstamos personales con una tasa promocional interesante. Entérate cómo acceder, conversamos con Piero Flores Miranda, sub gerente de Banca Personal del Banco de la Nación ow.ly/4Yto50VXPQ3",1,1,1,0,1.0K
2025-07-12 09:19:47,BancodelaNacion,May 23,¿Eres trabajador o pensionista del sector público? Accede a un préstamo del @BancodelaNacion ➡️ Todos los detalles hoy en #AndinaCanalOnline ow.ly/RnfO50VXJsc,0,2,0,0,822
2025-07-12 09:19:47,BancodelaNacion,May 23,¿Eres trabajador o pensionista del sector público? Accede a un préstamo del @BancodelaNacion ➡️ Todos los detalles hoy en #AndinaCanalOnline ow.ly/RnfO50VXJsc,0,1,1,0,845
2025-07-12 09:19:47,BancodelaNacion,May 21,▶ Banco de la Nación (@BancodelaNacion)  lanza campaña de préstamos con tasa promocional para sector público ow.ly/gRtA50VWrWQ,0,2,2,0,854
2025-07-12 09:19:47,BancodelaNacion,May 16,"El Presidente Ejecutivo del Banco de la Nación, José Ricardo Stok, se reunió con el Director General de Comunidades Peruanas en el Exterior, Pedro Bravo, para fortalecer la cooperación interinstitucional y mejorar los servicios para más de 3.5 millones de peruanos en el exterior.",3,0,0,0,471
2025-07-12 10:19:48,BancodelaNacion,Jul 8,"El BN y Línea 1 del Metro de Lima inauguraron una muestra fotográfica que se exhibe en estaciones por el mes patrio. La exposición titulada “Perú: De los Andes a la Amazonía”, refleja la riqueza natural y cultural del país. Conoce más aquí: bn.com.pe/noticias/2025/…",1,1,1,0,303
2025-07-12 10:19:48,BancodelaNacion,Jul 5,"✅ ¡Precios estables! La inflación anual fue de 1,7 % en junio y ya son 6 meses dentro del rango meta. Más tranquilidad para tu bolsillo. #EconomíaPunche 💪 📊

#Inflación #Estabilidad #EconomíaPerú",24,30,34,1,10.0K
2025-07-12 10:19:48,BancodelaNacion,Jun 27,#Comunicado,3,3,6,1,1.0K
2025-07-12 10:19:48,BancodelaNacion,Jun 25,"Hoy brindamos una capacitación sobre comercio exterior y educación financiera, a los estudiantes de la Escuela de Administración y Negocios de la Universidad César Vallejo , brindándoles herramientas para fortalecer sus habilidades y afrontar los retos del mundo económico actual.",0,0,5,0,350
2025-07-12 10:19:48,BancodelaNacion,Jun 22,"#NotaDePrensa |  El Ministerio de Economía y Finanzas #MEF resaltó que el trabajo conjunto entre la política fiscal y monetaria ha sido clave para que el Perú continúe registrando los índices inflacionarios más bajos de la región. 

🗞️ Más información: gob.pe/es/n/1192072",1,4,12,0,2.0K
2025-07-12 10:19:48,BancodelaNacion,Jun 19,#ConexiónBN | Nos reunimos con alcaldes lambayecanos y funcionarios municipales para impulsar obras públicas; en la reunión se expuso el procedimiento para que las comunas accedan a líneas de financiamiento para proyectos a favor de la población local.  info.bn.com.pe/ConexiónBNAlca…,0,0,0,0,207
2025-07-12 10:19:48,BancodelaNacion,Jun 18,"¡#ElPerúNoSeDetiene!
El Banco de la Nación, OECE, ONP y la SUNAT continúan atendiendo con total normalidad, para asegurar que la población acceda a sus trámites y consultas sin interrupciones ni contratiempos. 💪🇵🇪",0,4,9,0,2.0K
2025-07-12 10:19:48,BancodelaNacion,Jun 17,"#ConexiónBNChiclayo Se llevó a cabo el seminario ""Finanzas Inteligentes para Jóvenes"" en la Universidad Nacional Pedro Ruiz Gallo, dirigido a estudiantes universitarios. Se compartieron herramientas y conocimientos sobre bancarización, digitalización y ahorro responsable.",1,0,0,0,233
2025-07-12 10:19:48,BancodelaNacion,Jun 12,"#VotoDeConfianza | 💡 ¡Proyectos estratégicos que impulsan el desarrollo!
Este año se promoverá inversiones por más de USD 8600 millones en transporte, salud, turismo y desarrollo urbano, beneficiando a más de 15 millones de peruanos mediante APP, #ObrasPorImpuestos y Gobierno a…",3,7,5,0,2.0K
2025-07-12 10:19:48,BancodelaNacion,Jun 11,"📣 Banco de la Nación amplía hasta el 14 de junio 🗓️ campaña de préstamos con tasa promocional 💰 para el sector público 👩‍🏫👨‍⚕️. 
Más información: 
👉 info.bn.com.pe/AmpliacionTasa",6,1,2,0,810
2025-07-12 10:19:48,BancodelaNacion,May 23,"🔴 EN VIVO ¡Aprovecha! El @BancodelaNacion viene ofreciendo préstamos personales con una tasa promocional interesante. Entérate cómo acceder, conversamos con Piero Flores Miranda, sub gerente de Banca Personal del Banco de la Nación ow.ly/4Yto50VXPQ3",2,2,3,0,1.0K
2025-07-12 10:19:48,BancodelaNacion,May 23,"🔴 EN VIVO ¡Aprovecha! El @BancodelaNacion viene ofreciendo préstamos personales con una tasa promocional interesante. Entérate cómo acceder, conversamos con Piero Flores Miranda, sub gerente de Banca Personal del Banco de la Nación ow.ly/4Yto50VXPQ3",1,1,1,0,1.0K
2025-07-12 10:19:48,BancodelaNacion,May 23,¿Eres trabajador o pensionista del sector público? Accede a un préstamo del @BancodelaNacion ➡️ Todos los detalles hoy en #AndinaCanalOnline ow.ly/RnfO50VXJsc,0,2,0,0,822
2025-07-12 10:19:48,BancodelaNacion,May 23,¿Eres trabajador o pensionista del sector público? Accede a un préstamo del @BancodelaNacion ➡️ Todos los detalles hoy en #AndinaCanalOnline ow.ly/RnfO50VXJsc,0,1,1,0,845
2025-07-12 10:19:48,BancodelaNacion,May 21,▶ Banco de la Nación (@BancodelaNacion)  lanza campaña de préstamos con tasa promocional para sector público ow.ly/gRtA50VWrWQ,0,2,2,0,854
2025-07-12 10:19:48,BancodelaNacion,May 16,"El Presidente Ejecutivo del Banco de la Nación, José Ricardo Stok, se reunió con el Director General de Comunidades Peruanas en el Exterior, Pedro Bravo, para fortalecer la cooperación interinstitucional y mejorar los servicios para más de 3.5 millones de peruanos en el exterior.",3,0,0,0,471
2025-07-12 11:17:03,BancodelaNacion,Jul 8,"El BN y Línea 1 del Metro de Lima inauguraron una muestra fotográfica que se exhibe en estaciones por el mes patrio. La exposición titulada “Perú: De los Andes a la Amazonía”, refleja la riqueza natural y cultural del país. Conoce más aquí: bn.com.pe/noticias/2025/…",1,1,1,0,303
2025-07-12 11:17:03,BancodelaNacion,Jul 5,"✅ ¡Precios estables! La inflación anual fue de 1,7 % en junio y ya son 6 meses dentro del rango meta. Más tranquilidad para tu bolsillo. #EconomíaPunche 💪 📊

#Inflación #Estabilidad #EconomíaPerú",24,30,34,1,10.0K
2025-07-12 11:17:03,BancodelaNacion,Jun 27,#Comunicado,3,3,6,1,1.0K
2025-07-12 11:17:03,BancodelaNacion,Jun 25,"Hoy brindamos una capacitación sobre comercio exterior y educación financiera, a los estudiantes de la Escuela de Administración y Negocios de la Universidad César Vallejo , brindándoles herramientas para fortalecer sus habilidades y afrontar los retos del mundo económico actual.",0,0,5,0,350
2025-07-12 11:17:03,BancodelaNacion,Jun 22,"#NotaDePrensa |  El Ministerio de Economía y Finanzas #MEF resaltó que el trabajo conjunto entre la política fiscal y monetaria ha sido clave para que el Perú continúe registrando los índices inflacionarios más bajos de la región. 

🗞️ Más información: gob.pe/es/n/1192072",1,4,12,0,2.0K
2025-07-12 11:17:03,BancodelaNacion,Jun 19,#ConexiónBN | Nos reunimos con alcaldes lambayecanos y funcionarios municipales para impulsar obras públicas; en la reunión se expuso el procedimiento para que las comunas accedan a líneas de financiamiento para proyectos a favor de la población local.  info.bn.com.pe/ConexiónBNAlca…,0,0,0,0,207
2025-07-12 11:17:03,BancodelaNacion,Jun 18,"¡#ElPerúNoSeDetiene!
El Banco de la Nación, OECE, ONP y la SUNAT continúan atendiendo con total normalidad, para asegurar que la población acceda a sus trámites y consultas sin interrupciones ni contratiempos. 💪🇵🇪",0,4,9,0,2.0K
2025-07-12 11:17:03,BancodelaNacion,Jun 17,"#ConexiónBNChiclayo Se llevó a cabo el seminario ""Finanzas Inteligentes para Jóvenes"" en la Universidad Nacional Pedro Ruiz Gallo, dirigido a estudiantes universitarios. Se compartieron herramientas y conocimientos sobre bancarización, digitalización y ahorro responsable.",1,0,0,0,233
2025-07-12 11:17:03,BancodelaNacion,Jun 12,"#VotoDeConfianza | 💡 ¡Proyectos estratégicos que impulsan el desarrollo!
Este año se promoverá inversiones por más de USD 8600 millones en transporte, salud, turismo y desarrollo urbano, beneficiando a más de 15 millones de peruanos mediante APP, #ObrasPorImpuestos y Gobierno a…",3,7,5,0,2.0K
2025-07-12 11:17:03,BancodelaNacion,Jun 11,"📣 Banco de la Nación amplía hasta el 14 de junio 🗓️ campaña de préstamos con tasa promocional 💰 para el sector público 👩‍🏫👨‍⚕️. 
Más información: 
👉 info.bn.com.pe/AmpliacionTasa",6,1,2,0,810
2025-07-12 11:17:03,BancodelaNacion,May 23,"🔴 EN VIVO ¡Aprovecha! El @BancodelaNacion viene ofreciendo préstamos personales con una tasa promocional interesante. Entérate cómo acceder, conversamos con Piero Flores Miranda, sub gerente de Banca Personal del Banco de la Nación ow.ly/4Yto50VXPQ3",2,2,3,0,1.0K
2025-07-12 11:17:03,BancodelaNacion,May 23,"🔴 EN VIVO ¡Aprovecha! El @BancodelaNacion viene ofreciendo préstamos personales con una tasa promocional interesante. Entérate cómo acceder, conversamos con Piero Flores Miranda, sub gerente de Banca Personal del Banco de la Nación ow.ly/4Yto50VXPQ3",1,1,1,0,1.0K
2025-07-12 11:17:03,BancodelaNacion,May 23,¿Eres trabajador o pensionista del sector público? Accede a un préstamo del @BancodelaNacion ➡️ Todos los detalles hoy en #AndinaCanalOnline ow.ly/RnfO50VXJsc,0,2,0,0,822
2025-07-12 11:17:03,BancodelaNacion,May 23,¿Eres trabajador o pensionista del sector público? Accede a un préstamo del @BancodelaNacion ➡️ Todos los detalles hoy en #AndinaCanalOnline ow.ly/RnfO50VXJsc,0,1,1,0,845
2025-07-12 11:17:03,BancodelaNacion,May 21,▶ Banco de la Nación (@BancodelaNacion)  lanza campaña de préstamos con tasa promocional para sector público ow.ly/gRtA50VWrWQ,0,2,2,0,854
2025-07-12 11:17:03,BancodelaNacion,May 16,"El Presidente Ejecutivo del Banco de la Nación, José Ricardo Stok, se reunió con el Director General de Comunidades Peruanas en el Exterior, Pedro Bravo, para fortalecer la cooperación interinstitucional y mejorar los servicios para más de 3.5 millones de peruanos en el exterior.",3,0,0,0,471
2025-07-12 12:37:47,BancodelaNacion,Jul 8,"El BN y Línea 1 del Metro de Lima inauguraron una muestra fotográfica que se exhibe en estaciones por el mes patrio. La exposición titulada “Perú: De los Andes a la Amazonía”, refleja la riqueza natural y cultural del país. Conoce más aquí: bn.com.pe/noticias/2025/…",1,1,1,0,303
2025-07-12 12:37:47,BancodelaNacion,Jul 5,"✅ ¡Precios estables! La inflación anual fue de 1,7 % en junio y ya son 6 meses dentro del rango meta. Más tranquilidad para tu bolsillo. #EconomíaPunche 💪 📊

#Inflación #Estabilidad #EconomíaPerú",24,30,34,1,10.0K
2025-07-12 12:37:47,BancodelaNacion,Jun 27,#Comunicado,3,3,6,1,1.0K
2025-07-12 12:37:47,BancodelaNacion,Jun 25,"Hoy brindamos una capacitación sobre comercio exterior y educación financiera, a los estudiantes de la Escuela de Administración y Negocios de la Universidad César Vallejo , brindándoles herramientas para fortalecer sus habilidades y afrontar los retos del mundo económico actual.",0,0,5,0,350
2025-07-12 12:37:47,BancodelaNacion,Jun 22,"#NotaDePrensa |  El Ministerio de Economía y Finanzas #MEF resaltó que el trabajo conjunto entre la política fiscal y monetaria ha sido clave para que el Perú continúe registrando los índices inflacionarios más bajos de la región. 

🗞️ Más información: gob.pe/es/n/1192072",1,4,12,0,2.0K
2025-07-12 12:37:47,BancodelaNacion,Jun 19,#ConexiónBN | Nos reunimos con alcaldes lambayecanos y funcionarios municipales para impulsar obras públicas; en la reunión se expuso el procedimiento para que las comunas accedan a líneas de financiamiento para proyectos a favor de la población local.  info.bn.com.pe/ConexiónBNAlca…,0,0,0,0,207
2025-07-12 12:37:47,BancodelaNacion,Jun 18,"¡#ElPerúNoSeDetiene!
El Banco de la Nación, OECE, ONP y la SUNAT continúan atendiendo con total normalidad, para asegurar que la población acceda a sus trámites y consultas sin interrupciones ni contratiempos. 💪🇵🇪",0,4,9,0,2.0K
2025-07-12 12:37:47,BancodelaNacion,Jun 17,"#ConexiónBNChiclayo Se llevó a cabo el seminario ""Finanzas Inteligentes para Jóvenes"" en la Universidad Nacional Pedro Ruiz Gallo, dirigido a estudiantes universitarios. Se compartieron herramientas y conocimientos sobre bancarización, digitalización y ahorro responsable.",1,0,0,0,233
2025-07-12 12:37:47,BancodelaNacion,Jun 12,"#VotoDeConfianza | 💡 ¡Proyectos estratégicos que impulsan el desarrollo!
Este año se promoverá inversiones por más de USD 8600 millones en transporte, salud, turismo y desarrollo urbano, beneficiando a más de 15 millones de peruanos mediante APP, #ObrasPorImpuestos y Gobierno a…",3,7,5,0,2.0K
2025-07-12 12:37:47,BancodelaNacion,Jun 11,"📣 Banco de la Nación amplía hasta el 14 de junio 🗓️ campaña de préstamos con tasa promocional 💰 para el sector público 👩‍🏫👨‍⚕️. 
Más información: 
👉 info.bn.com.pe/AmpliacionTasa",6,1,2,0,810
2025-07-12 12:37:47,BancodelaNacion,May 23,"🔴 EN VIVO ¡Aprovecha! El @BancodelaNacion viene ofreciendo préstamos personales con una tasa promocional interesante. Entérate cómo acceder, conversamos con Piero Flores Miranda, sub gerente de Banca Personal del Banco de la Nación ow.ly/4Yto50VXPQ3",2,2,3,0,1.0K
2025-07-12 12:37:47,BancodelaNacion,May 23,"🔴 EN VIVO ¡Aprovecha! El @BancodelaNacion viene ofreciendo préstamos personales con una tasa promocional interesante. Entérate cómo acceder, conversamos con Piero Flores Miranda, sub gerente de Banca Personal del Banco de la Nación ow.ly/4Yto50VXPQ3",1,1,1,0,1.0K
2025-07-12 12:37:47,BancodelaNacion,May 23,¿Eres trabajador o pensionista del sector público? Accede a un préstamo del @BancodelaNacion ➡️ Todos los detalles hoy en #AndinaCanalOnline ow.ly/RnfO50VXJsc,0,2,0,0,822
2025-07-12 12:37:47,BancodelaNacion,May 23,¿Eres trabajador o pensionista del sector público? Accede a un préstamo del @BancodelaNacion ➡️ Todos los detalles hoy en #AndinaCanalOnline ow.ly/RnfO50VXJsc,0,1,1,0,845
2025-07-12 12:37:47,BancodelaNacion,May 21,▶ Banco de la Nación (@BancodelaNacion)  lanza campaña de préstamos con tasa promocional para sector público ow.ly/gRtA50VWrWQ,0,2,2,0,854
2025-07-12 12:37:47,BancodelaNacion,May 16,"El Presidente Ejecutivo del Banco de la Nación, José Ricardo Stok, se reunió con el Director General de Comunidades Peruanas en el Exterior, Pedro Bravo, para fortalecer la cooperación interinstitucional y mejorar los servicios para más de 3.5 millones de peruanos en el exterior.",3,0,0,0,471
2025-07-12 13:28:38,BancodelaNacion,Jul 8,"El BN y Línea 1 del Metro de Lima inauguraron una muestra fotográfica que se exhibe en estaciones por el mes patrio. La exposición titulada “Perú: De los Andes a la Amazonía”, refleja la riqueza natural y cultural del país. Conoce más aquí: bn.com.pe/noticias/2025/…",1,1,1,0,303
2025-07-12 13:28:38,BancodelaNacion,Jul 5,"✅ ¡Precios estables! La inflación anual fue de 1,7 % en junio y ya son 6 meses dentro del rango meta. Más tranquilidad para tu bolsillo. #EconomíaPunche 💪 📊

#Inflación #Estabilidad #EconomíaPerú",24,30,34,1,10.0K
2025-07-12 13:28:38,BancodelaNacion,Jun 27,#Comunicado,3,3,6,1,1.0K
2025-07-12 13:28:38,BancodelaNacion,Jun 25,"Hoy brindamos una capacitación sobre comercio exterior y educación financiera, a los estudiantes de la Escuela de Administración y Negocios de la Universidad César Vallejo , brindándoles herramientas para fortalecer sus habilidades y afrontar los retos del mundo económico actual.",0,0,5,0,350
2025-07-12 13:28:38,BancodelaNacion,Jun 22,"#NotaDePrensa |  El Ministerio de Economía y Finanzas #MEF resaltó que el trabajo conjunto entre la política fiscal y monetaria ha sido clave para que el Perú continúe registrando los índices inflacionarios más bajos de la región. 

🗞️ Más información: gob.pe/es/n/1192072",1,4,12,0,2.0K
2025-07-12 13:28:38,BancodelaNacion,Jun 19,#ConexiónBN | Nos reunimos con alcaldes lambayecanos y funcionarios municipales para impulsar obras públicas; en la reunión se expuso el procedimiento para que las comunas accedan a líneas de financiamiento para proyectos a favor de la población local.  info.bn.com.pe/ConexiónBNAlca…,0,0,0,0,207
2025-07-12 13:28:38,BancodelaNacion,Jun 18,"¡#ElPerúNoSeDetiene!
El Banco de la Nación, OECE, ONP y la SUNAT continúan atendiendo con total normalidad, para asegurar que la población acceda a sus trámites y consultas sin interrupciones ni contratiempos. 💪🇵🇪",0,4,9,0,2.0K
2025-07-12 13:28:38,BancodelaNacion,Jun 17,"#ConexiónBNChiclayo Se llevó a cabo el seminario ""Finanzas Inteligentes para Jóvenes"" en la Universidad Nacional Pedro Ruiz Gallo, dirigido a estudiantes universitarios. Se compartieron herramientas y conocimientos sobre bancarización, digitalización y ahorro responsable.",1,0,0,0,233
2025-07-12 13:28:38,BancodelaNacion,Jun 12,"#VotoDeConfianza | 💡 ¡Proyectos estratégicos que impulsan el desarrollo!
Este año se promoverá inversiones por más de USD 8600 millones en transporte, salud, turismo y desarrollo urbano, beneficiando a más de 15 millones de peruanos mediante APP, #ObrasPorImpuestos y Gobierno a…",3,7,5,0,2.0K
2025-07-12 13:28:38,BancodelaNacion,Jun 11,"📣 Banco de la Nación amplía hasta el 14 de junio 🗓️ campaña de préstamos con tasa promocional 💰 para el sector público 👩‍🏫👨‍⚕️. 
Más información: 
👉 info.bn.com.pe/AmpliacionTasa",6,1,2,0,810
2025-07-12 13:28:38,BancodelaNacion,May 23,"🔴 EN VIVO ¡Aprovecha! El @BancodelaNacion viene ofreciendo préstamos personales con una tasa promocional interesante. Entérate cómo acceder, conversamos con Piero Flores Miranda, sub gerente de Banca Personal del Banco de la Nación ow.ly/4Yto50VXPQ3",2,2,3,0,1.0K
2025-07-12 13:28:38,BancodelaNacion,May 23,"🔴 EN VIVO ¡Aprovecha! El @BancodelaNacion viene ofreciendo préstamos personales con una tasa promocional interesante. Entérate cómo acceder, conversamos con Piero Flores Miranda, sub gerente de Banca Personal del Banco de la Nación ow.ly/4Yto50VXPQ3",1,1,1,0,1.0K
2025-07-12 13:28:38,BancodelaNacion,May 23,¿Eres trabajador o pensionista del sector público? Accede a un préstamo del @BancodelaNacion ➡️ Todos los detalles hoy en #AndinaCanalOnline ow.ly/RnfO50VXJsc,0,2,0,0,822
2025-07-12 13:28:38,BancodelaNacion,May 23,¿Eres trabajador o pensionista del sector público? Accede a un préstamo del @BancodelaNacion ➡️ Todos los detalles hoy en #AndinaCanalOnline ow.ly/RnfO50VXJsc,0,1,1,0,845
2025-07-12 13:28:38,BancodelaNacion,May 21,▶ Banco de la Nación (@BancodelaNacion)  lanza campaña de préstamos con tasa promocional para sector público ow.ly/gRtA50VWrWQ,0,2,2,0,854
2025-07-12 13:28:38,BancodelaNacion,May 16,"El Presidente Ejecutivo del Banco de la Nación, José Ricardo Stok, se reunió con el Director General de Comunidades Peruanas en el Exterior, Pedro Bravo, para fortalecer la cooperación interinstitucional y mejorar los servicios para más de 3.5 millones de peruanos en el exterior.",3,0,0,0,471
2025-07-12 14:17:45,BancodelaNacion,Jul 8,"El BN y Línea 1 del Metro de Lima inauguraron una muestra fotográfica que se exhibe en estaciones por el mes patrio. La exposición titulada “Perú: De los Andes a la Amazonía”, refleja la riqueza natural y cultural del país. Conoce más aquí: bn.com.pe/noticias/2025/…",1,1,1,0,303
2025-07-12 14:17:45,BancodelaNacion,Jul 5,"✅ ¡Precios estables! La inflación anual fue de 1,7 % en junio y ya son 6 meses dentro del rango meta. Más tranquilidad para tu bolsillo. #EconomíaPunche 💪 📊

#Inflación #Estabilidad #EconomíaPerú",24,30,34,1,10.0K
2025-07-12 14:17:45,BancodelaNacion,Jun 27,#Comunicado,3,3,6,1,1.0K
2025-07-12 14:17:45,BancodelaNacion,Jun 25,"Hoy brindamos una capacitación sobre comercio exterior y educación financiera, a los estudiantes de la Escuela de Administración y Negocios de la Universidad César Vallejo , brindándoles herramientas para fortalecer sus habilidades y afrontar los retos del mundo económico actual.",0,0,5,0,350
2025-07-12 14:17:45,BancodelaNacion,Jun 22,"#NotaDePrensa |  El Ministerio de Economía y Finanzas #MEF resaltó que el trabajo conjunto entre la política fiscal y monetaria ha sido clave para que el Perú continúe registrando los índices inflacionarios más bajos de la región. 

🗞️ Más información: gob.pe/es/n/1192072",1,4,12,0,2.0K
2025-07-12 14:17:45,BancodelaNacion,Jun 19,#ConexiónBN | Nos reunimos con alcaldes lambayecanos y funcionarios municipales para impulsar obras públicas; en la reunión se expuso el procedimiento para que las comunas accedan a líneas de financiamiento para proyectos a favor de la población local.  info.bn.com.pe/ConexiónBNAlca…,0,0,0,0,207
2025-07-12 14:17:45,BancodelaNacion,Jun 18,"¡#ElPerúNoSeDetiene!
El Banco de la Nación, OECE, ONP y la SUNAT continúan atendiendo con total normalidad, para asegurar que la población acceda a sus trámites y consultas sin interrupciones ni contratiempos. 💪🇵🇪",0,4,9,0,2.0K
2025-07-12 14:17:45,BancodelaNacion,Jun 17,"#ConexiónBNChiclayo Se llevó a cabo el seminario ""Finanzas Inteligentes para Jóvenes"" en la Universidad Nacional Pedro Ruiz Gallo, dirigido a estudiantes universitarios. Se compartieron herramientas y conocimientos sobre bancarización, digitalización y ahorro responsable.",1,0,0,0,233
2025-07-12 14:17:45,BancodelaNacion,Jun 12,"#VotoDeConfianza | 💡 ¡Proyectos estratégicos que impulsan el desarrollo!
Este año se promoverá inversiones por más de USD 8600 millones en transporte, salud, turismo y desarrollo urbano, beneficiando a más de 15 millones de peruanos mediante APP, #ObrasPorImpuestos y Gobierno a…",3,7,5,0,2.0K
2025-07-12 14:17:45,BancodelaNacion,Jun 11,"📣 Banco de la Nación amplía hasta el 14 de junio 🗓️ campaña de préstamos con tasa promocional 💰 para el sector público 👩‍🏫👨‍⚕️. 
Más información: 
👉 info.bn.com.pe/AmpliacionTasa",6,1,2,0,810
2025-07-12 14:17:45,BancodelaNacion,May 23,"🔴 EN VIVO ¡Aprovecha! El @BancodelaNacion viene ofreciendo préstamos personales con una tasa promocional interesante. Entérate cómo acceder, conversamos con Piero Flores Miranda, sub gerente de Banca Personal del Banco de la Nación ow.ly/4Yto50VXPQ3",2,2,3,0,1.0K
2025-07-12 14:17:45,BancodelaNacion,May 23,"🔴 EN VIVO ¡Aprovecha! El @BancodelaNacion viene ofreciendo préstamos personales con una tasa promocional interesante. Entérate cómo acceder, conversamos con Piero Flores Miranda, sub gerente de Banca Personal del Banco de la Nación ow.ly/4Yto50VXPQ3",1,1,1,0,1.0K
2025-07-12 14:17:45,BancodelaNacion,May 23,¿Eres trabajador o pensionista del sector público? Accede a un préstamo del @BancodelaNacion ➡️ Todos los detalles hoy en #AndinaCanalOnline ow.ly/RnfO50VXJsc,0,2,0,0,822
2025-07-12 14:17:45,BancodelaNacion,May 23,¿Eres trabajador o pensionista del sector público? Accede a un préstamo del @BancodelaNacion ➡️ Todos los detalles hoy en #AndinaCanalOnline ow.ly/RnfO50VXJsc,0,1,1,0,845
2025-07-12 14:17:45,BancodelaNacion,May 21,▶ Banco de la Nación (@BancodelaNacion)  lanza campaña de préstamos con tasa promocional para sector público ow.ly/gRtA50VWrWQ,0,2,2,0,854
2025-07-12 14:17:45,BancodelaNacion,May 16,"El Presidente Ejecutivo del Banco de la Nación, José Ricardo Stok, se reunió con el Director General de Comunidades Peruanas en el Exterior, Pedro Bravo, para fortalecer la cooperación interinstitucional y mejorar los servicios para más de 3.5 millones de peruanos en el exterior.",3,0,0,0,471
2025-07-12 15:19:33,BancodelaNacion,Jul 8,"El BN y Línea 1 del Metro de Lima inauguraron una muestra fotográfica que se exhibe en estaciones por el mes patrio. La exposición titulada “Perú: De los Andes a la Amazonía”, refleja la riqueza natural y cultural del país. Conoce más aquí: bn.com.pe/noticias/2025/…",1,1,1,0,306
2025-07-12 15:19:33,BancodelaNacion,Jul 5,"✅ ¡Precios estables! La inflación anual fue de 1,7 % en junio y ya son 6 meses dentro del rango meta. Más tranquilidad para tu bolsillo. #EconomíaPunche 💪 📊

#Inflación #Estabilidad #EconomíaPerú",24,30,34,1,10.0K
2025-07-12 15:19:33,BancodelaNacion,Jun 27,#Comunicado,3,3,6,1,1.0K
2025-07-12 15:19:33,BancodelaNacion,Jun 25,"Hoy brindamos una capacitación sobre comercio exterior y educación financiera, a los estudiantes de la Escuela de Administración y Negocios de la Universidad César Vallejo , brindándoles herramientas para fortalecer sus habilidades y afrontar los retos del mundo económico actual.",0,0,5,0,350
2025-07-12 15:19:33,BancodelaNacion,Jun 22,"#NotaDePrensa |  El Ministerio de Economía y Finanzas #MEF resaltó que el trabajo conjunto entre la política fiscal y monetaria ha sido clave para que el Perú continúe registrando los índices inflacionarios más bajos de la región. 

🗞️ Más información: gob.pe/es/n/1192072",1,4,12,0,2.0K
2025-07-12 15:19:33,BancodelaNacion,Jun 19,#ConexiónBN | Nos reunimos con alcaldes lambayecanos y funcionarios municipales para impulsar obras públicas; en la reunión se expuso el procedimiento para que las comunas accedan a líneas de financiamiento para proyectos a favor de la población local.  info.bn.com.pe/ConexiónBNAlca…,0,0,0,0,207
2025-07-12 15:19:33,BancodelaNacion,Jun 18,"¡#ElPerúNoSeDetiene!
El Banco de la Nación, OECE, ONP y la SUNAT continúan atendiendo con total normalidad, para asegurar que la población acceda a sus trámites y consultas sin interrupciones ni contratiempos. 💪🇵🇪",0,4,9,0,2.0K
2025-07-12 15:19:33,BancodelaNacion,Jun 17,"#ConexiónBNChiclayo Se llevó a cabo el seminario ""Finanzas Inteligentes para Jóvenes"" en la Universidad Nacional Pedro Ruiz Gallo, dirigido a estudiantes universitarios. Se compartieron herramientas y conocimientos sobre bancarización, digitalización y ahorro responsable.",1,0,0,0,233
2025-07-12 15:19:33,BancodelaNacion,Jun 12,"#VotoDeConfianza | 💡 ¡Proyectos estratégicos que impulsan el desarrollo!
Este año se promoverá inversiones por más de USD 8600 millones en transporte, salud, turismo y desarrollo urbano, beneficiando a más de 15 millones de peruanos mediante APP, #ObrasPorImpuestos y Gobierno a…",3,7,5,0,2.0K
2025-07-12 15:19:33,BancodelaNacion,Jun 11,"📣 Banco de la Nación amplía hasta el 14 de junio 🗓️ campaña de préstamos con tasa promocional 💰 para el sector público 👩‍🏫👨‍⚕️. 
Más información: 
👉 info.bn.com.pe/AmpliacionTasa",6,1,2,0,810
2025-07-12 15:19:33,BancodelaNacion,May 23,"🔴 EN VIVO ¡Aprovecha! El @BancodelaNacion viene ofreciendo préstamos personales con una tasa promocional interesante. Entérate cómo acceder, conversamos con Piero Flores Miranda, sub gerente de Banca Personal del Banco de la Nación ow.ly/4Yto50VXPQ3",2,2,3,0,1.0K
2025-07-12 15:19:33,BancodelaNacion,May 23,"🔴 EN VIVO ¡Aprovecha! El @BancodelaNacion viene ofreciendo préstamos personales con una tasa promocional interesante. Entérate cómo acceder, conversamos con Piero Flores Miranda, sub gerente de Banca Personal del Banco de la Nación ow.ly/4Yto50VXPQ3",1,1,1,0,1.0K
2025-07-12 15:19:33,BancodelaNacion,May 23,¿Eres trabajador o pensionista del sector público? Accede a un préstamo del @BancodelaNacion ➡️ Todos los detalles hoy en #AndinaCanalOnline ow.ly/RnfO50VXJsc,0,2,0,0,822
2025-07-12 15:19:33,BancodelaNacion,May 23,¿Eres trabajador o pensionista del sector público? Accede a un préstamo del @BancodelaNacion ➡️ Todos los detalles hoy en #AndinaCanalOnline ow.ly/RnfO50VXJsc,0,1,1,0,845
2025-07-12 15:19:33,BancodelaNacion,May 21,▶ Banco de la Nación (@BancodelaNacion)  lanza campaña de préstamos con tasa promocional para sector público ow.ly/gRtA50VWrWQ,0,2,2,0,854
2025-07-12 15:19:33,BancodelaNacion,May 16,"El Presidente Ejecutivo del Banco de la Nación, José Ricardo Stok, se reunió con el Director General de Comunidades Peruanas en el Exterior, Pedro Bravo, para fortalecer la cooperación interinstitucional y mejorar los servicios para más de 3.5 millones de peruanos en el exterior.",3,0,0,0,471
2025-07-12 16:23:13,BancodelaNacion,Jul 8,"El BN y Línea 1 del Metro de Lima inauguraron una muestra fotográfica que se exhibe en estaciones por el mes patrio. La exposición titulada “Perú: De los Andes a la Amazonía”, refleja la riqueza natural y cultural del país. Conoce más aquí: bn.com.pe/noticias/2025/…",1,1,1,0,306
2025-07-12 16:23:13,BancodelaNacion,Jul 5,"✅ ¡Precios estables! La inflación anual fue de 1,7 % en junio y ya son 6 meses dentro del rango meta. Más tranquilidad para tu bolsillo. #EconomíaPunche 💪 📊

#Inflación #Estabilidad #EconomíaPerú",24,30,34,1,10.0K
2025-07-12 16:23:13,BancodelaNacion,Jun 27,#Comunicado,3,3,6,1,1.0K
2025-07-12 16:23:13,BancodelaNacion,Jun 25,"Hoy brindamos una capacitación sobre comercio exterior y educación financiera, a los estudiantes de la Escuela de Administración y Negocios de la Universidad César Vallejo , brindándoles herramientas para fortalecer sus habilidades y afrontar los retos del mundo económico actual.",0,0,5,0,350
2025-07-12 16:23:13,BancodelaNacion,Jun 22,"#NotaDePrensa |  El Ministerio de Economía y Finanzas #MEF resaltó que el trabajo conjunto entre la política fiscal y monetaria ha sido clave para que el Perú continúe registrando los índices inflacionarios más bajos de la región. 

🗞️ Más información: gob.pe/es/n/1192072",1,4,12,0,2.0K
2025-07-12 16:23:13,BancodelaNacion,Jun 19,#ConexiónBN | Nos reunimos con alcaldes lambayecanos y funcionarios municipales para impulsar obras públicas; en la reunión se expuso el procedimiento para que las comunas accedan a líneas de financiamiento para proyectos a favor de la población local.  info.bn.com.pe/ConexiónBNAlca…,0,0,0,0,207
2025-07-12 16:23:13,BancodelaNacion,Jun 18,"¡#ElPerúNoSeDetiene!
El Banco de la Nación, OECE, ONP y la SUNAT continúan atendiendo con total normalidad, para asegurar que la población acceda a sus trámites y consultas sin interrupciones ni contratiempos. 💪🇵🇪",0,4,9,0,2.0K
2025-07-12 16:23:13,BancodelaNacion,Jun 17,"#ConexiónBNChiclayo Se llevó a cabo el seminario ""Finanzas Inteligentes para Jóvenes"" en la Universidad Nacional Pedro Ruiz Gallo, dirigido a estudiantes universitarios. Se compartieron herramientas y conocimientos sobre bancarización, digitalización y ahorro responsable.",1,0,0,0,233
2025-07-12 16:23:13,BancodelaNacion,Jun 12,"#VotoDeConfianza | 💡 ¡Proyectos estratégicos que impulsan el desarrollo!
Este año se promoverá inversiones por más de USD 8600 millones en transporte, salud, turismo y desarrollo urbano, beneficiando a más de 15 millones de peruanos mediante APP, #ObrasPorImpuestos y Gobierno a…",3,7,5,0,2.0K
2025-07-12 16:23:13,BancodelaNacion,Jun 11,"📣 Banco de la Nación amplía hasta el 14 de junio 🗓️ campaña de préstamos con tasa promocional 💰 para el sector público 👩‍🏫👨‍⚕️. 
Más información: 
👉 info.bn.com.pe/AmpliacionTasa",6,1,2,0,810
2025-07-12 16:23:13,BancodelaNacion,May 23,"🔴 EN VIVO ¡Aprovecha! El @BancodelaNacion viene ofreciendo préstamos personales con una tasa promocional interesante. Entérate cómo acceder, conversamos con Piero Flores Miranda, sub gerente de Banca Personal del Banco de la Nación ow.ly/4Yto50VXPQ3",2,2,3,0,1.0K
2025-07-12 16:23:13,BancodelaNacion,May 23,"🔴 EN VIVO ¡Aprovecha! El @BancodelaNacion viene ofreciendo préstamos personales con una tasa promocional interesante. Entérate cómo acceder, conversamos con Piero Flores Miranda, sub gerente de Banca Personal del Banco de la Nación ow.ly/4Yto50VXPQ3",1,1,1,0,1.0K
2025-07-12 16:23:13,BancodelaNacion,May 23,¿Eres trabajador o pensionista del sector público? Accede a un préstamo del @BancodelaNacion ➡️ Todos los detalles hoy en #AndinaCanalOnline ow.ly/RnfO50VXJsc,0,2,0,0,822
2025-07-12 16:23:13,BancodelaNacion,May 23,¿Eres trabajador o pensionista del sector público? Accede a un préstamo del @BancodelaNacion ➡️ Todos los detalles hoy en #AndinaCanalOnline ow.ly/RnfO50VXJsc,0,1,1,0,845
2025-07-12 16:23:13,BancodelaNacion,May 21,▶ Banco de la Nación (@BancodelaNacion)  lanza campaña de préstamos con tasa promocional para sector público ow.ly/gRtA50VWrWQ,0,2,2,0,854
2025-07-12 16:23:13,BancodelaNacion,May 16,"El Presidente Ejecutivo del Banco de la Nación, José Ricardo Stok, se reunió con el Director General de Comunidades Peruanas en el Exterior, Pedro Bravo, para fortalecer la cooperación interinstitucional y mejorar los servicios para más de 3.5 millones de peruanos en el exterior.",3,0,0,0,471
2025-07-12 17:16:45,BancodelaNacion,Jul 8,"El BN y Línea 1 del Metro de Lima inauguraron una muestra fotográfica que se exhibe en estaciones por el mes patrio. La exposición titulada “Perú: De los Andes a la Amazonía”, refleja la riqueza natural y cultural del país. Conoce más aquí: bn.com.pe/noticias/2025/…",1,1,1,0,309
2025-07-12 17:16:45,BancodelaNacion,Jul 5,"✅ ¡Precios estables! La inflación anual fue de 1,7 % en junio y ya son 6 meses dentro del rango meta. Más tranquilidad para tu bolsillo. #EconomíaPunche 💪 📊

#Inflación #Estabilidad #EconomíaPerú",24,30,34,1,10.0K
2025-07-12 17:16:45,BancodelaNacion,Jun 27,#Comunicado,3,3,6,1,1.0K
2025-07-12 17:16:45,BancodelaNacion,Jun 25,"Hoy brindamos una capacitación sobre comercio exterior y educación financiera, a los estudiantes de la Escuela de Administración y Negocios de la Universidad César Vallejo , brindándoles herramientas para fortalecer sus habilidades y afrontar los retos del mundo económico actual.",0,0,5,0,350
2025-07-12 17:16:45,BancodelaNacion,Jun 22,"#NotaDePrensa |  El Ministerio de Economía y Finanzas #MEF resaltó que el trabajo conjunto entre la política fiscal y monetaria ha sido clave para que el Perú continúe registrando los índices inflacionarios más bajos de la región. 

🗞️ Más información: gob.pe/es/n/1192072",1,4,12,0,2.0K
2025-07-12 17:16:45,BancodelaNacion,Jun 19,#ConexiónBN | Nos reunimos con alcaldes lambayecanos y funcionarios municipales para impulsar obras públicas; en la reunión se expuso el procedimiento para que las comunas accedan a líneas de financiamiento para proyectos a favor de la población local.  info.bn.com.pe/ConexiónBNAlca…,0,0,0,0,207
2025-07-12 17:16:45,BancodelaNacion,Jun 18,"¡#ElPerúNoSeDetiene!
El Banco de la Nación, OECE, ONP y la SUNAT continúan atendiendo con total normalidad, para asegurar que la población acceda a sus trámites y consultas sin interrupciones ni contratiempos. 💪🇵🇪",0,4,9,0,2.0K
2025-07-12 17:16:45,BancodelaNacion,Jun 17,"#ConexiónBNChiclayo Se llevó a cabo el seminario ""Finanzas Inteligentes para Jóvenes"" en la Universidad Nacional Pedro Ruiz Gallo, dirigido a estudiantes universitarios. Se compartieron herramientas y conocimientos sobre bancarización, digitalización y ahorro responsable.",1,0,0,0,233
2025-07-12 17:16:45,BancodelaNacion,Jun 12,"#VotoDeConfianza | 💡 ¡Proyectos estratégicos que impulsan el desarrollo!
Este año se promoverá inversiones por más de USD 8600 millones en transporte, salud, turismo y desarrollo urbano, beneficiando a más de 15 millones de peruanos mediante APP, #ObrasPorImpuestos y Gobierno a…",3,7,5,0,2.0K
2025-07-12 17:16:45,BancodelaNacion,Jun 11,"📣 Banco de la Nación amplía hasta el 14 de junio 🗓️ campaña de préstamos con tasa promocional 💰 para el sector público 👩‍🏫👨‍⚕️. 
Más información: 
👉 info.bn.com.pe/AmpliacionTasa",6,1,2,0,810
2025-07-12 17:16:45,BancodelaNacion,May 23,"🔴 EN VIVO ¡Aprovecha! El @BancodelaNacion viene ofreciendo préstamos personales con una tasa promocional interesante. Entérate cómo acceder, conversamos con Piero Flores Miranda, sub gerente de Banca Personal del Banco de la Nación ow.ly/4Yto50VXPQ3",2,2,3,0,1.0K
2025-07-12 17:16:45,BancodelaNacion,May 23,"🔴 EN VIVO ¡Aprovecha! El @BancodelaNacion viene ofreciendo préstamos personales con una tasa promocional interesante. Entérate cómo acceder, conversamos con Piero Flores Miranda, sub gerente de Banca Personal del Banco de la Nación ow.ly/4Yto50VXPQ3",1,1,1,0,1.0K
2025-07-12 17:16:45,BancodelaNacion,May 23,¿Eres trabajador o pensionista del sector público? Accede a un préstamo del @BancodelaNacion ➡️ Todos los detalles hoy en #AndinaCanalOnline ow.ly/RnfO50VXJsc,0,2,0,0,822
2025-07-12 17:16:45,BancodelaNacion,May 23,¿Eres trabajador o pensionista del sector público? Accede a un préstamo del @BancodelaNacion ➡️ Todos los detalles hoy en #AndinaCanalOnline ow.ly/RnfO50VXJsc,0,1,1,0,845
2025-07-12 17:16:45,BancodelaNacion,May 21,▶ Banco de la Nación (@BancodelaNacion)  lanza campaña de préstamos con tasa promocional para sector público ow.ly/gRtA50VWrWQ,0,2,2,0,854
2025-07-12 17:16:45,BancodelaNacion,May 16,"El Presidente Ejecutivo del Banco de la Nación, José Ricardo Stok, se reunió con el Director General de Comunidades Peruanas en el Exterior, Pedro Bravo, para fortalecer la cooperación interinstitucional y mejorar los servicios para más de 3.5 millones de peruanos en el exterior.",3,0,0,0,471
2025-07-12 18:26:52,BancodelaNacion,Jul 8,"El BN y Línea 1 del Metro de Lima inauguraron una muestra fotográfica que se exhibe en estaciones por el mes patrio. La exposición titulada “Perú: De los Andes a la Amazonía”, refleja la riqueza natural y cultural del país. Conoce más aquí: bn.com.pe/noticias/2025/…",1,1,1,0,310
2025-07-12 18:26:52,BancodelaNacion,Jul 5,"✅ ¡Precios estables! La inflación anual fue de 1,7 % en junio y ya son 6 meses dentro del rango meta. Más tranquilidad para tu bolsillo. #EconomíaPunche 💪 📊

#Inflación #Estabilidad #EconomíaPerú",24,30,34,1,10.0K
2025-07-12 18:26:52,BancodelaNacion,Jun 27,#Comunicado,3,3,6,1,1.0K
2025-07-12 18:26:52,BancodelaNacion,Jun 25,"Hoy brindamos una capacitación sobre comercio exterior y educación financiera, a los estudiantes de la Escuela de Administración y Negocios de la Universidad César Vallejo , brindándoles herramientas para fortalecer sus habilidades y afrontar los retos del mundo económico actual.",0,0,5,0,350
2025-07-12 18:26:52,BancodelaNacion,Jun 22,"#NotaDePrensa |  El Ministerio de Economía y Finanzas #MEF resaltó que el trabajo conjunto entre la política fiscal y monetaria ha sido clave para que el Perú continúe registrando los índices inflacionarios más bajos de la región. 

🗞️ Más información: gob.pe/es/n/1192072",1,4,12,0,2.0K
2025-07-12 18:26:52,BancodelaNacion,Jun 19,#ConexiónBN | Nos reunimos con alcaldes lambayecanos y funcionarios municipales para impulsar obras públicas; en la reunión se expuso el procedimiento para que las comunas accedan a líneas de financiamiento para proyectos a favor de la población local.  info.bn.com.pe/ConexiónBNAlca…,0,0,0,0,207
2025-07-12 18:26:52,BancodelaNacion,Jun 18,"¡#ElPerúNoSeDetiene!
El Banco de la Nación, OECE, ONP y la SUNAT continúan atendiendo con total normalidad, para asegurar que la población acceda a sus trámites y consultas sin interrupciones ni contratiempos. 💪🇵🇪",0,4,9,0,2.0K
2025-07-12 18:26:52,BancodelaNacion,Jun 17,"#ConexiónBNChiclayo Se llevó a cabo el seminario ""Finanzas Inteligentes para Jóvenes"" en la Universidad Nacional Pedro Ruiz Gallo, dirigido a estudiantes universitarios. Se compartieron herramientas y conocimientos sobre bancarización, digitalización y ahorro responsable.",1,0,0,0,233
2025-07-12 18:26:52,BancodelaNacion,Jun 12,"#VotoDeConfianza | 💡 ¡Proyectos estratégicos que impulsan el desarrollo!
Este año se promoverá inversiones por más de USD 8600 millones en transporte, salud, turismo y desarrollo urbano, beneficiando a más de 15 millones de peruanos mediante APP, #ObrasPorImpuestos y Gobierno a…",3,7,5,0,2.0K
2025-07-12 18:26:52,BancodelaNacion,Jun 11,"📣 Banco de la Nación amplía hasta el 14 de junio 🗓️ campaña de préstamos con tasa promocional 💰 para el sector público 👩‍🏫👨‍⚕️. 
Más información: 
👉 info.bn.com.pe/AmpliacionTasa",6,1,2,0,810
2025-07-12 18:26:52,BancodelaNacion,May 23,"🔴 EN VIVO ¡Aprovecha! El @BancodelaNacion viene ofreciendo préstamos personales con una tasa promocional interesante. Entérate cómo acceder, conversamos con Piero Flores Miranda, sub gerente de Banca Personal del Banco de la Nación ow.ly/4Yto50VXPQ3",2,2,3,0,1.0K
2025-07-12 18:26:52,BancodelaNacion,May 23,"🔴 EN VIVO ¡Aprovecha! El @BancodelaNacion viene ofreciendo préstamos personales con una tasa promocional interesante. Entérate cómo acceder, conversamos con Piero Flores Miranda, sub gerente de Banca Personal del Banco de la Nación ow.ly/4Yto50VXPQ3",1,1,1,0,1.0K
2025-07-12 18:26:52,BancodelaNacion,May 23,¿Eres trabajador o pensionista del sector público? Accede a un préstamo del @BancodelaNacion ➡️ Todos los detalles hoy en #AndinaCanalOnline ow.ly/RnfO50VXJsc,0,2,0,0,822
2025-07-12 18:26:52,BancodelaNacion,May 23,¿Eres trabajador o pensionista del sector público? Accede a un préstamo del @BancodelaNacion ➡️ Todos los detalles hoy en #AndinaCanalOnline ow.ly/RnfO50VXJsc,0,1,1,0,845
2025-07-12 18:26:52,BancodelaNacion,May 21,▶ Banco de la Nación (@BancodelaNacion)  lanza campaña de préstamos con tasa promocional para sector público ow.ly/gRtA50VWrWQ,0,2,2,0,854
2025-07-12 18:26:52,BancodelaNacion,May 16,"El Presidente Ejecutivo del Banco de la Nación, José Ricardo Stok, se reunió con el Director General de Comunidades Peruanas en el Exterior, Pedro Bravo, para fortalecer la cooperación interinstitucional y mejorar los servicios para más de 3.5 millones de peruanos en el exterior.",3,0,0,0,471
2025-07-12 19:15:21,BancodelaNacion,Jul 8,"El BN y Línea 1 del Metro de Lima inauguraron una muestra fotográfica que se exhibe en estaciones por el mes patrio. La exposición titulada “Perú: De los Andes a la Amazonía”, refleja la riqueza natural y cultural del país. Conoce más aquí: bn.com.pe/noticias/2025/…",1,1,1,0,310
2025-07-12 19:15:21,BancodelaNacion,Jul 5,"✅ ¡Precios estables! La inflación anual fue de 1,7 % en junio y ya son 6 meses dentro del rango meta. Más tranquilidad para tu bolsillo. #EconomíaPunche 💪 📊

#Inflación #Estabilidad #EconomíaPerú",24,30,34,1,10.0K
2025-07-12 19:15:21,BancodelaNacion,Jun 27,#Comunicado,3,3,6,1,1.0K
2025-07-12 19:15:21,BancodelaNacion,Jun 25,"Hoy brindamos una capacitación sobre comercio exterior y educación financiera, a los estudiantes de la Escuela de Administración y Negocios de la Universidad César Vallejo , brindándoles herramientas para fortalecer sus habilidades y afrontar los retos del mundo económico actual.",0,0,5,0,350
2025-07-12 19:15:21,BancodelaNacion,Jun 22,"#NotaDePrensa |  El Ministerio de Economía y Finanzas #MEF resaltó que el trabajo conjunto entre la política fiscal y monetaria ha sido clave para que el Perú continúe registrando los índices inflacionarios más bajos de la región. 

🗞️ Más información: gob.pe/es/n/1192072",1,4,12,0,2.0K
2025-07-12 19:15:21,BancodelaNacion,Jun 19,#ConexiónBN | Nos reunimos con alcaldes lambayecanos y funcionarios municipales para impulsar obras públicas; en la reunión se expuso el procedimiento para que las comunas accedan a líneas de financiamiento para proyectos a favor de la población local.  info.bn.com.pe/ConexiónBNAlca…,0,0,0,0,207
2025-07-12 19:15:21,BancodelaNacion,Jun 18,"¡#ElPerúNoSeDetiene!
El Banco de la Nación, OECE, ONP y la SUNAT continúan atendiendo con total normalidad, para asegurar que la población acceda a sus trámites y consultas sin interrupciones ni contratiempos. 💪🇵🇪",0,4,9,0,2.0K
2025-07-12 19:15:21,BancodelaNacion,Jun 17,"#ConexiónBNChiclayo Se llevó a cabo el seminario ""Finanzas Inteligentes para Jóvenes"" en la Universidad Nacional Pedro Ruiz Gallo, dirigido a estudiantes universitarios. Se compartieron herramientas y conocimientos sobre bancarización, digitalización y ahorro responsable.",1,0,0,0,233
2025-07-12 19:15:21,BancodelaNacion,Jun 12,"#VotoDeConfianza | 💡 ¡Proyectos estratégicos que impulsan el desarrollo!
Este año se promoverá inversiones por más de USD 8600 millones en transporte, salud, turismo y desarrollo urbano, beneficiando a más de 15 millones de peruanos mediante APP, #ObrasPorImpuestos y Gobierno a…",3,7,5,0,2.0K
2025-07-12 19:15:21,BancodelaNacion,Jun 11,"📣 Banco de la Nación amplía hasta el 14 de junio 🗓️ campaña de préstamos con tasa promocional 💰 para el sector público 👩‍🏫👨‍⚕️. 
Más información: 
👉 info.bn.com.pe/AmpliacionTasa",6,1,2,0,810
2025-07-12 19:15:21,BancodelaNacion,May 23,"🔴 EN VIVO ¡Aprovecha! El @BancodelaNacion viene ofreciendo préstamos personales con una tasa promocional interesante. Entérate cómo acceder, conversamos con Piero Flores Miranda, sub gerente de Banca Personal del Banco de la Nación ow.ly/4Yto50VXPQ3",2,2,3,0,1.0K
2025-07-12 19:15:21,BancodelaNacion,May 23,"🔴 EN VIVO ¡Aprovecha! El @BancodelaNacion viene ofreciendo préstamos personales con una tasa promocional interesante. Entérate cómo acceder, conversamos con Piero Flores Miranda, sub gerente de Banca Personal del Banco de la Nación ow.ly/4Yto50VXPQ3",1,1,1,0,1.0K
2025-07-12 19:15:21,BancodelaNacion,May 23,¿Eres trabajador o pensionista del sector público? Accede a un préstamo del @BancodelaNacion ➡️ Todos los detalles hoy en #AndinaCanalOnline ow.ly/RnfO50VXJsc,0,2,0,0,822
2025-07-12 19:15:21,BancodelaNacion,May 23,¿Eres trabajador o pensionista del sector público? Accede a un préstamo del @BancodelaNacion ➡️ Todos los detalles hoy en #AndinaCanalOnline ow.ly/RnfO50VXJsc,0,1,1,0,845
2025-07-12 19:15:21,BancodelaNacion,May 21,▶ Banco de la Nación (@BancodelaNacion)  lanza campaña de préstamos con tasa promocional para sector público ow.ly/gRtA50VWrWQ,0,2,2,0,854
2025-07-12 19:15:21,BancodelaNacion,May 16,"El Presidente Ejecutivo del Banco de la Nación, José Ricardo Stok, se reunió con el Director General de Comunidades Peruanas en el Exterior, Pedro Bravo, para fortalecer la cooperación interinstitucional y mejorar los servicios para más de 3.5 millones de peruanos en el exterior.",3,0,0,0,471
2025-07-12 20:20:47,BancodelaNacion,Jul 8,"El BN y Línea 1 del Metro de Lima inauguraron una muestra fotográfica que se exhibe en estaciones por el mes patrio. La exposición titulada “Perú: De los Andes a la Amazonía”, refleja la riqueza natural y cultural del país. Conoce más aquí: bn.com.pe/noticias/2025/…",1,1,1,0,310
2025-07-12 20:20:47,BancodelaNacion,Jul 5,"✅ ¡Precios estables! La inflación anual fue de 1,7 % en junio y ya son 6 meses dentro del rango meta. Más tranquilidad para tu bolsillo. #EconomíaPunche 💪 📊

#Inflación #Estabilidad #EconomíaPerú",24,30,34,1,10.0K
2025-07-12 20:20:47,BancodelaNacion,Jun 27,#Comunicado,3,3,6,1,1.0K
2025-07-12 20:20:47,BancodelaNacion,Jun 25,"Hoy brindamos una capacitación sobre comercio exterior y educación financiera, a los estudiantes de la Escuela de Administración y Negocios de la Universidad César Vallejo , brindándoles herramientas para fortalecer sus habilidades y afrontar los retos del mundo económico actual.",0,0,5,0,350
2025-07-12 20:20:47,BancodelaNacion,Jun 22,"#NotaDePrensa |  El Ministerio de Economía y Finanzas #MEF resaltó que el trabajo conjunto entre la política fiscal y monetaria ha sido clave para que el Perú continúe registrando los índices inflacionarios más bajos de la región. 

🗞️ Más información: gob.pe/es/n/1192072",1,4,12,0,2.0K
2025-07-12 20:20:47,BancodelaNacion,Jun 19,#ConexiónBN | Nos reunimos con alcaldes lambayecanos y funcionarios municipales para impulsar obras públicas; en la reunión se expuso el procedimiento para que las comunas accedan a líneas de financiamiento para proyectos a favor de la población local.  info.bn.com.pe/ConexiónBNAlca…,0,0,0,0,207
2025-07-12 20:20:47,BancodelaNacion,Jun 18,"¡#ElPerúNoSeDetiene!
El Banco de la Nación, OECE, ONP y la SUNAT continúan atendiendo con total normalidad, para asegurar que la población acceda a sus trámites y consultas sin interrupciones ni contratiempos. 💪🇵🇪",0,4,9,0,2.0K
2025-07-12 20:20:47,BancodelaNacion,Jun 17,"#ConexiónBNChiclayo Se llevó a cabo el seminario ""Finanzas Inteligentes para Jóvenes"" en la Universidad Nacional Pedro Ruiz Gallo, dirigido a estudiantes universitarios. Se compartieron herramientas y conocimientos sobre bancarización, digitalización y ahorro responsable.",1,0,0,0,233
2025-07-12 20:20:47,BancodelaNacion,Jun 12,"#VotoDeConfianza | 💡 ¡Proyectos estratégicos que impulsan el desarrollo!
Este año se promoverá inversiones por más de USD 8600 millones en transporte, salud, turismo y desarrollo urbano, beneficiando a más de 15 millones de peruanos mediante APP, #ObrasPorImpuestos y Gobierno a…",3,7,5,0,2.0K
2025-07-12 20:20:47,BancodelaNacion,Jun 11,"📣 Banco de la Nación amplía hasta el 14 de junio 🗓️ campaña de préstamos con tasa promocional 💰 para el sector público 👩‍🏫👨‍⚕️. 
Más información: 
👉 info.bn.com.pe/AmpliacionTasa",6,1,2,0,810
2025-07-12 20:20:47,BancodelaNacion,May 23,"🔴 EN VIVO ¡Aprovecha! El @BancodelaNacion viene ofreciendo préstamos personales con una tasa promocional interesante. Entérate cómo acceder, conversamos con Piero Flores Miranda, sub gerente de Banca Personal del Banco de la Nación ow.ly/4Yto50VXPQ3",2,2,3,0,1.0K
2025-07-12 20:20:47,BancodelaNacion,May 23,"🔴 EN VIVO ¡Aprovecha! El @BancodelaNacion viene ofreciendo préstamos personales con una tasa promocional interesante. Entérate cómo acceder, conversamos con Piero Flores Miranda, sub gerente de Banca Personal del Banco de la Nación ow.ly/4Yto50VXPQ3",1,1,1,0,1.0K
2025-07-12 20:20:47,BancodelaNacion,May 23,¿Eres trabajador o pensionista del sector público? Accede a un préstamo del @BancodelaNacion ➡️ Todos los detalles hoy en #AndinaCanalOnline ow.ly/RnfO50VXJsc,0,2,0,0,822
2025-07-12 20:20:47,BancodelaNacion,May 23,¿Eres trabajador o pensionista del sector público? Accede a un préstamo del @BancodelaNacion ➡️ Todos los detalles hoy en #AndinaCanalOnline ow.ly/RnfO50VXJsc,0,1,1,0,845
2025-07-12 20:20:47,BancodelaNacion,May 21,▶ Banco de la Nación (@BancodelaNacion)  lanza campaña de préstamos con tasa promocional para sector público ow.ly/gRtA50VWrWQ,0,2,2,0,854
2025-07-12 20:20:47,BancodelaNacion,May 16,"El Presidente Ejecutivo del Banco de la Nación, José Ricardo Stok, se reunió con el Director General de Comunidades Peruanas en el Exterior, Pedro Bravo, para fortalecer la cooperación interinstitucional y mejorar los servicios para más de 3.5 millones de peruanos en el exterior.",3,0,0,0,471
2025-07-12 22:18:48,BancodelaNacion,Jul 8,"El BN y Línea 1 del Metro de Lima inauguraron una muestra fotográfica que se exhibe en estaciones por el mes patrio. La exposición titulada “Perú: De los Andes a la Amazonía”, refleja la riqueza natural y cultural del país. Conoce más aquí: bn.com.pe/noticias/2025/…",1,1,1,0,310
2025-07-12 22:18:48,BancodelaNacion,Jul 5,"✅ ¡Precios estables! La inflación anual fue de 1,7 % en junio y ya son 6 meses dentro del rango meta. Más tranquilidad para tu bolsillo. #EconomíaPunche 💪 📊

#Inflación #Estabilidad #EconomíaPerú",24,30,34,1,10.0K
2025-07-12 22:18:48,BancodelaNacion,Jun 27,#Comunicado,3,3,6,1,1.0K
2025-07-12 22:18:48,BancodelaNacion,Jun 25,"Hoy brindamos una capacitación sobre comercio exterior y educación financiera, a los estudiantes de la Escuela de Administración y Negocios de la Universidad César Vallejo , brindándoles herramientas para fortalecer sus habilidades y afrontar los retos del mundo económico actual.",0,0,5,0,350
2025-07-12 22:18:48,BancodelaNacion,Jun 22,"#NotaDePrensa |  El Ministerio de Economía y Finanzas #MEF resaltó que el trabajo conjunto entre la política fiscal y monetaria ha sido clave para que el Perú continúe registrando los índices inflacionarios más bajos de la región. 

🗞️ Más información: gob.pe/es/n/1192072",1,4,12,0,2.0K
2025-07-12 22:18:48,BancodelaNacion,Jun 19,#ConexiónBN | Nos reunimos con alcaldes lambayecanos y funcionarios municipales para impulsar obras públicas; en la reunión se expuso el procedimiento para que las comunas accedan a líneas de financiamiento para proyectos a favor de la población local.  info.bn.com.pe/ConexiónBNAlca…,0,0,0,0,207
2025-07-12 22:18:48,BancodelaNacion,Jun 18,"¡#ElPerúNoSeDetiene!
El Banco de la Nación, OECE, ONP y la SUNAT continúan atendiendo con total normalidad, para asegurar que la población acceda a sus trámites y consultas sin interrupciones ni contratiempos. 💪🇵🇪",0,4,9,0,2.0K
2025-07-12 22:18:48,BancodelaNacion,Jun 17,"#ConexiónBNChiclayo Se llevó a cabo el seminario ""Finanzas Inteligentes para Jóvenes"" en la Universidad Nacional Pedro Ruiz Gallo, dirigido a estudiantes universitarios. Se compartieron herramientas y conocimientos sobre bancarización, digitalización y ahorro responsable.",1,0,0,0,233
2025-07-12 22:18:48,BancodelaNacion,Jun 12,"#VotoDeConfianza | 💡 ¡Proyectos estratégicos que impulsan el desarrollo!
Este año se promoverá inversiones por más de USD 8600 millones en transporte, salud, turismo y desarrollo urbano, beneficiando a más de 15 millones de peruanos mediante APP, #ObrasPorImpuestos y Gobierno a…",3,7,5,0,2.0K
2025-07-12 22:18:48,BancodelaNacion,Jun 11,"📣 Banco de la Nación amplía hasta el 14 de junio 🗓️ campaña de préstamos con tasa promocional 💰 para el sector público 👩‍🏫👨‍⚕️. 
Más información: 
👉 info.bn.com.pe/AmpliacionTasa",6,1,2,0,810
2025-07-12 22:18:48,BancodelaNacion,May 23,"🔴 EN VIVO ¡Aprovecha! El @BancodelaNacion viene ofreciendo préstamos personales con una tasa promocional interesante. Entérate cómo acceder, conversamos con Piero Flores Miranda, sub gerente de Banca Personal del Banco de la Nación ow.ly/4Yto50VXPQ3",2,2,3,0,1.0K
2025-07-12 22:18:48,BancodelaNacion,May 23,"🔴 EN VIVO ¡Aprovecha! El @BancodelaNacion viene ofreciendo préstamos personales con una tasa promocional interesante. Entérate cómo acceder, conversamos con Piero Flores Miranda, sub gerente de Banca Personal del Banco de la Nación ow.ly/4Yto50VXPQ3",1,1,1,0,1.0K
2025-07-12 22:18:48,BancodelaNacion,May 23,¿Eres trabajador o pensionista del sector público? Accede a un préstamo del @BancodelaNacion ➡️ Todos los detalles hoy en #AndinaCanalOnline ow.ly/RnfO50VXJsc,0,2,0,0,822
2025-07-12 22:18:48,BancodelaNacion,May 23,¿Eres trabajador o pensionista del sector público? Accede a un préstamo del @BancodelaNacion ➡️ Todos los detalles hoy en #AndinaCanalOnline ow.ly/RnfO50VXJsc,0,1,1,0,845
2025-07-12 22:18:48,BancodelaNacion,May 21,▶ Banco de la Nación (@BancodelaNacion)  lanza campaña de préstamos con tasa promocional para sector público ow.ly/gRtA50VWrWQ,0,2,2,0,854
2025-07-12 22:18:48,BancodelaNacion,May 16,"El Presidente Ejecutivo del Banco de la Nación, José Ricardo Stok, se reunió con el Director General de Comunidades Peruanas en el Exterior, Pedro Bravo, para fortalecer la cooperación interinstitucional y mejorar los servicios para más de 3.5 millones de peruanos en el exterior.",3,0,0,0,471
2025-07-12 23:19:49,BancodelaNacion,Jul 8,"El BN y Línea 1 del Metro de Lima inauguraron una muestra fotográfica que se exhibe en estaciones por el mes patrio. La exposición titulada “Perú: De los Andes a la Amazonía”, refleja la riqueza natural y cultural del país. Conoce más aquí: bn.com.pe/noticias/2025/…",1,1,1,0,311
2025-07-12 23:19:49,BancodelaNacion,Jul 5,"✅ ¡Precios estables! La inflación anual fue de 1,7 % en junio y ya son 6 meses dentro del rango meta. Más tranquilidad para tu bolsillo. #EconomíaPunche 💪 📊

#Inflación #Estabilidad #EconomíaPerú",24,30,34,1,10.0K
2025-07-12 23:19:49,BancodelaNacion,Jun 27,#Comunicado,3,3,6,1,1.0K
2025-07-12 23:19:49,BancodelaNacion,Jun 25,"Hoy brindamos una capacitación sobre comercio exterior y educación financiera, a los estudiantes de la Escuela de Administración y Negocios de la Universidad César Vallejo , brindándoles herramientas para fortalecer sus habilidades y afrontar los retos del mundo económico actual.",0,0,5,0,350
2025-07-12 23:19:49,BancodelaNacion,Jun 22,"#NotaDePrensa |  El Ministerio de Economía y Finanzas #MEF resaltó que el trabajo conjunto entre la política fiscal y monetaria ha sido clave para que el Perú continúe registrando los índices inflacionarios más bajos de la región. 

🗞️ Más información: gob.pe/es/n/1192072",1,4,12,0,2.0K
2025-07-12 23:19:49,BancodelaNacion,Jun 19,#ConexiónBN | Nos reunimos con alcaldes lambayecanos y funcionarios municipales para impulsar obras públicas; en la reunión se expuso el procedimiento para que las comunas accedan a líneas de financiamiento para proyectos a favor de la población local.  info.bn.com.pe/ConexiónBNAlca…,0,0,0,0,207
2025-07-12 23:19:49,BancodelaNacion,Jun 18,"¡#ElPerúNoSeDetiene!
El Banco de la Nación, OECE, ONP y la SUNAT continúan atendiendo con total normalidad, para asegurar que la población acceda a sus trámites y consultas sin interrupciones ni contratiempos. 💪🇵🇪",0,4,9,0,2.0K
2025-07-12 23:19:49,BancodelaNacion,Jun 17,"#ConexiónBNChiclayo Se llevó a cabo el seminario ""Finanzas Inteligentes para Jóvenes"" en la Universidad Nacional Pedro Ruiz Gallo, dirigido a estudiantes universitarios. Se compartieron herramientas y conocimientos sobre bancarización, digitalización y ahorro responsable.",1,0,0,0,233
2025-07-12 23:19:49,BancodelaNacion,Jun 12,"#VotoDeConfianza | 💡 ¡Proyectos estratégicos que impulsan el desarrollo!
Este año se promoverá inversiones por más de USD 8600 millones en transporte, salud, turismo y desarrollo urbano, beneficiando a más de 15 millones de peruanos mediante APP, #ObrasPorImpuestos y Gobierno a…",3,7,5,0,2.0K
2025-07-12 23:19:49,BancodelaNacion,Jun 11,"📣 Banco de la Nación amplía hasta el 14 de junio 🗓️ campaña de préstamos con tasa promocional 💰 para el sector público 👩‍🏫👨‍⚕️. 
Más información: 
👉 info.bn.com.pe/AmpliacionTasa",6,1,2,0,810
2025-07-12 23:19:49,BancodelaNacion,May 23,"🔴 EN VIVO ¡Aprovecha! El @BancodelaNacion viene ofreciendo préstamos personales con una tasa promocional interesante. Entérate cómo acceder, conversamos con Piero Flores Miranda, sub gerente de Banca Personal del Banco de la Nación ow.ly/4Yto50VXPQ3",2,2,3,0,1.0K
2025-07-12 23:19:49,BancodelaNacion,May 23,"🔴 EN VIVO ¡Aprovecha! El @BancodelaNacion viene ofreciendo préstamos personales con una tasa promocional interesante. Entérate cómo acceder, conversamos con Piero Flores Miranda, sub gerente de Banca Personal del Banco de la Nación ow.ly/4Yto50VXPQ3",1,1,1,0,1.0K
2025-07-12 23:19:49,BancodelaNacion,May 23,¿Eres trabajador o pensionista del sector público? Accede a un préstamo del @BancodelaNacion ➡️ Todos los detalles hoy en #AndinaCanalOnline ow.ly/RnfO50VXJsc,0,2,0,0,822
2025-07-12 23:19:49,BancodelaNacion,May 23,¿Eres trabajador o pensionista del sector público? Accede a un préstamo del @BancodelaNacion ➡️ Todos los detalles hoy en #AndinaCanalOnline ow.ly/RnfO50VXJsc,0,1,1,0,845
2025-07-12 23:19:49,BancodelaNacion,May 21,▶ Banco de la Nación (@BancodelaNacion)  lanza campaña de préstamos con tasa promocional para sector público ow.ly/gRtA50VWrWQ,0,2,2,0,854
2025-07-12 23:19:49,BancodelaNacion,May 16,"El Presidente Ejecutivo del Banco de la Nación, José Ricardo Stok, se reunió con el Director General de Comunidades Peruanas en el Exterior, Pedro Bravo, para fortalecer la cooperación interinstitucional y mejorar los servicios para más de 3.5 millones de peruanos en el exterior.",3,0,0,0,471
