timestamp,usuario,fecha_publicacion,contenido,respuestas,retweets,likes,guardados,vistas
2025-07-09 07:13:14,bbva_peru,Jun 25,"Mostremos nuestro orgullo todo el año. 🏳️‍🌈🏳️‍⚧️ En Be Yourself, ya impulsamos acciones internas para hacerlo posible, y seguiremos trabajando para que sea una realidad en todo el país. 💪😎

#BBVA #orgullo #pride",13,1,8,1,2.0K
2025-07-09 07:13:14,bbva_peru,Jun 24,"¿Avanzamos? Tus metas se hacen posible con la rentabilidad y seguridad que tiene la Cuenta Vip. Conoce más 👉 bbva.info/40jA8E9  😊

#BBVA #CuentaBBVA #VIP #metas",1,0,0,0,1.0K
2025-07-09 07:13:14,bbva_peru,Jun 18,"¿A qué zona irás en el concierto de Green Day?...
Por cierto, tus Tarjetas BBVA te dan beneficios para que puedas conseguir tus entradas. 😉🙌",3,0,0,0,974
2025-07-09 07:13:14,bbva_peru,Jun 17,¿Qué cuenta sorteará en unas semanas 2 DEPAS DE ESTRENO solo por ahorrar?,1,0,0,0,881
2025-07-09 07:13:14,bbva_peru,Jun 16,"Cuenta Independencia BBVA
¿Sabes todos los BENEFICIOS de la Cuenta Independencia BBVA? 

Descúbrelos aquí: bbva.info/4dUWLo4

¿Listo para avanzar?",2,0,0,0,913
2025-07-09 07:13:14,bbva_peru,Jun 10,"Hay muchas formas de avanzar… y una de ellas es ganarte tu nuevo depa de estreno. 🏠💙 Abriendo tu Cuenta Ganadora, participas por 2 departamentos de estreno.

Conoce más aquí: bbva.info/45dZ3fT
#BBVA #CuentasBBVA #Avanzamos",0,0,0,0,772
2025-07-09 07:13:14,bbva_peru,Jun 10,Cuando hay que pagar los servicios existen dos tipos de personas. ¿Cuál eres tú?,0,0,0,0,732
2025-07-09 07:13:14,bbva_peru,Jun 10,"¡Un depa puede ser tuyo! 🙌 Abriendo tu Cuenta Ganadora BBVA desde S/1500, ya estás participando. Ver más información en bbva.pe/cuentas 😉

#CuentasBBVA #BBVA #Avanzamos",0,0,0,0,765
2025-07-09 07:13:14,bbva_peru,Jun 6,"¿Listo para verlos actuar por el Día del Padre? 😊 Si ese día tienes que ir al banco ya sabes que puedes elegir en qué horario hacerlo con Turno Digital desde tu App BBVA. 😎📱

Conoce más aquí: bbva.info/42vhRpz
#BBVA #BancoBBVA #TurnoDigital #Tiempo",0,0,0,0,734
2025-07-09 07:13:14,bbva_peru,Jun 4,"¿Listo para ganar uno de los 2 DEPAS DE ESTRENO que la Cuenta Ganadora BBVA tiene para ti? ¡Abriendo tu cuenta desde S/1,500 participas al instante! 🏢😎

Ábrela Aquí: bbva.info/2kw78IE
#BBVA #BancoBBVA #CuentaGanadoraBBVA #Ahorrar #CuentaDeAhorros",4,0,0,0,704
2025-07-09 07:13:14,bbva_peru,Jun 2,"Tenemos una cuenta para acompañarte en cada manera de avanzar.

#BBVA #proyectos #avanzamos",2,0,3,0,836
2025-07-09 07:13:14,bbva_peru,May 28,Para hacer realidad tu próximo proyecto necesitas un banco que te acompañe con:,4,0,1,0,845
2025-07-09 07:13:14,bbva_peru,May 26,"¿Listo para hacer realidad cada uno de tus proyectos? En BBVA, nos renovamos para acompañarte en cada paso. 😎💪

#BBVA #proyectos #Avanzamos",0,0,2,0,853
2025-07-09 07:13:14,bbva_peru,May 23,Separar tu dinero para cubrir cada gasto del mes es posible con tu App BBVA y su función...,1,0,2,0,974
2025-07-09 07:13:14,bbva_peru,May 23,"¿App o Agencia? 😎 Decide con LIBERTAD desde dónde hacer tus TRANSFERENCIAS TOTALMENTE GRATIS con la Cuenta Independencia BBVA. 💵😉

Abre tu cuenta aquí: bbva.info/32eZMcG
#BBVA #BancoBBVA #CuentaIndependencia #TransferenciasSinComisiones #CercaníaYConfianza",1,0,1,0,846
2025-07-09 07:13:14,bbva_peru,May 22,"🏠🚗🎒✨ No hay proyecto grande o pequeño, lo importante es seguir avanzando. Hoy estrenamos imagen y renovamos nuestro compromiso de acompañarte en cada paso, brindándote las herramientas que impulsan tus decisiones. ¿Avanzamos?",0,0,1,0,835
2025-07-09 07:13:14,bbva_peru,May 20,"Todos tenemos un proyecto que queremos hacer realidad👀 ¿Cuál de estos te motiva más? ¡Mejor aún, escribe el tuyo en los comentarios!",0,0,1,0,642
2025-07-09 07:13:14,bbva_peru,May 19,☝️ Con la Cuenta Independencia BBVA puedo realizar todas mis operaciones por canales físicos TOTALMENTE GRATIS.,1,0,0,0,762
2025-07-09 07:13:14,bbva_peru,May 19,"¡Aún estás a tiempo! 📷📷 Abre o incrementa tu cuenta desde S/3,200 y GANA AL INSTANTE  tu set de cubiertos Tramontina. ¡No te quedes fuera! 📷
Abre tu cuenta aquí: bbva.info/3LWb53n
#BBVA #BancoBBVA #QDA #QuincenaDelAhorro #Ahorrar",2,0,0,0,712
2025-07-09 07:13:14,bbva_peru,May 7,¡Verdadero o falso! 🤔 La Quincena del Ahorro BBVA te premia al INSTANTE y sin SORTEOS  con un set de cubiertos Tramontina. 🍴😉,5,0,0,0,1.0K
2025-07-09 07:18:46,bbva_peru,Jun 25,"Mostremos nuestro orgullo todo el año. 🏳️‍🌈🏳️‍⚧️ En Be Yourself, ya impulsamos acciones internas para hacerlo posible, y seguiremos trabajando para que sea una realidad en todo el país. 💪😎

#BBVA #orgullo #pride",13,1,8,1,2.0K
2025-07-09 07:18:46,bbva_peru,Jun 24,"¿Avanzamos? Tus metas se hacen posible con la rentabilidad y seguridad que tiene la Cuenta Vip. Conoce más 👉 bbva.info/40jA8E9  😊

#BBVA #CuentaBBVA #VIP #metas",1,0,0,0,1.0K
2025-07-09 07:18:46,bbva_peru,Jun 18,"¿A qué zona irás en el concierto de Green Day?...
Por cierto, tus Tarjetas BBVA te dan beneficios para que puedas conseguir tus entradas. 😉🙌",3,0,0,0,974
2025-07-09 07:18:46,bbva_peru,Jun 17,¿Qué cuenta sorteará en unas semanas 2 DEPAS DE ESTRENO solo por ahorrar?,1,0,0,0,881
2025-07-09 07:18:46,bbva_peru,Jun 16,"Cuenta Independencia BBVA
¿Sabes todos los BENEFICIOS de la Cuenta Independencia BBVA? 

Descúbrelos aquí: bbva.info/4dUWLo4

¿Listo para avanzar?",2,0,0,0,913
2025-07-09 07:18:46,bbva_peru,Jun 10,"Hay muchas formas de avanzar… y una de ellas es ganarte tu nuevo depa de estreno. 🏠💙 Abriendo tu Cuenta Ganadora, participas por 2 departamentos de estreno.

Conoce más aquí: bbva.info/45dZ3fT
#BBVA #CuentasBBVA #Avanzamos",0,0,0,0,772
2025-07-09 07:18:46,bbva_peru,Jun 10,Cuando hay que pagar los servicios existen dos tipos de personas. ¿Cuál eres tú?,0,0,0,0,732
2025-07-09 07:18:46,bbva_peru,Jun 10,"¡Un depa puede ser tuyo! 🙌 Abriendo tu Cuenta Ganadora BBVA desde S/1500, ya estás participando. Ver más información en bbva.pe/cuentas 😉

#CuentasBBVA #BBVA #Avanzamos",0,0,0,0,765
2025-07-09 07:18:46,bbva_peru,Jun 6,"¿Listo para verlos actuar por el Día del Padre? 😊 Si ese día tienes que ir al banco ya sabes que puedes elegir en qué horario hacerlo con Turno Digital desde tu App BBVA. 😎📱

Conoce más aquí: bbva.info/42vhRpz
#BBVA #BancoBBVA #TurnoDigital #Tiempo",0,0,0,0,734
2025-07-09 07:18:46,bbva_peru,Jun 4,"¿Listo para ganar uno de los 2 DEPAS DE ESTRENO que la Cuenta Ganadora BBVA tiene para ti? ¡Abriendo tu cuenta desde S/1,500 participas al instante! 🏢😎

Ábrela Aquí: bbva.info/2kw78IE
#BBVA #BancoBBVA #CuentaGanadoraBBVA #Ahorrar #CuentaDeAhorros",4,0,0,0,704
2025-07-09 07:18:46,bbva_peru,Jun 2,"Tenemos una cuenta para acompañarte en cada manera de avanzar.

#BBVA #proyectos #avanzamos",2,0,3,0,836
2025-07-09 07:18:46,bbva_peru,May 28,Para hacer realidad tu próximo proyecto necesitas un banco que te acompañe con:,4,0,1,0,845
2025-07-09 07:18:46,bbva_peru,May 26,"¿Listo para hacer realidad cada uno de tus proyectos? En BBVA, nos renovamos para acompañarte en cada paso. 😎💪

#BBVA #proyectos #Avanzamos",0,0,2,0,853
2025-07-09 07:18:46,bbva_peru,May 23,Separar tu dinero para cubrir cada gasto del mes es posible con tu App BBVA y su función...,1,0,2,0,974
2025-07-09 07:18:46,bbva_peru,May 23,"¿App o Agencia? 😎 Decide con LIBERTAD desde dónde hacer tus TRANSFERENCIAS TOTALMENTE GRATIS con la Cuenta Independencia BBVA. 💵😉

Abre tu cuenta aquí: bbva.info/32eZMcG
#BBVA #BancoBBVA #CuentaIndependencia #TransferenciasSinComisiones #CercaníaYConfianza",1,0,1,0,846
2025-07-09 07:18:46,bbva_peru,May 22,"🏠🚗🎒✨ No hay proyecto grande o pequeño, lo importante es seguir avanzando. Hoy estrenamos imagen y renovamos nuestro compromiso de acompañarte en cada paso, brindándote las herramientas que impulsan tus decisiones. ¿Avanzamos?",0,0,1,0,835
2025-07-09 07:18:46,bbva_peru,May 20,"Todos tenemos un proyecto que queremos hacer realidad👀 ¿Cuál de estos te motiva más? ¡Mejor aún, escribe el tuyo en los comentarios!",0,0,1,0,642
2025-07-09 07:18:46,bbva_peru,May 19,☝️ Con la Cuenta Independencia BBVA puedo realizar todas mis operaciones por canales físicos TOTALMENTE GRATIS.,1,0,0,0,762
2025-07-09 07:18:46,bbva_peru,May 19,"¡Aún estás a tiempo! 📷📷 Abre o incrementa tu cuenta desde S/3,200 y GANA AL INSTANTE  tu set de cubiertos Tramontina. ¡No te quedes fuera! 📷
Abre tu cuenta aquí: bbva.info/3LWb53n
#BBVA #BancoBBVA #QDA #QuincenaDelAhorro #Ahorrar",2,0,0,0,712
2025-07-09 07:18:46,bbva_peru,May 7,¡Verdadero o falso! 🤔 La Quincena del Ahorro BBVA te premia al INSTANTE y sin SORTEOS  con un set de cubiertos Tramontina. 🍴😉,5,0,0,0,1.0K
2025-07-09 08:28:05,bbva_peru,Jun 25,"Mostremos nuestro orgullo todo el año. 🏳️‍🌈🏳️‍⚧️ En Be Yourself, ya impulsamos acciones internas para hacerlo posible, y seguiremos trabajando para que sea una realidad en todo el país. 💪😎

#BBVA #orgullo #pride",13,1,8,1,2.0K
2025-07-09 08:28:05,bbva_peru,Jun 24,"¿Avanzamos? Tus metas se hacen posible con la rentabilidad y seguridad que tiene la Cuenta Vip. Conoce más 👉 bbva.info/40jA8E9  😊

#BBVA #CuentaBBVA #VIP #metas",1,0,0,0,1.0K
2025-07-09 08:28:05,bbva_peru,Jun 18,"¿A qué zona irás en el concierto de Green Day?...
Por cierto, tus Tarjetas BBVA te dan beneficios para que puedas conseguir tus entradas. 😉🙌",3,0,0,0,975
2025-07-09 08:28:05,bbva_peru,Jun 17,¿Qué cuenta sorteará en unas semanas 2 DEPAS DE ESTRENO solo por ahorrar?,1,0,0,0,882
2025-07-09 08:28:05,bbva_peru,Jun 16,"Cuenta Independencia BBVA
¿Sabes todos los BENEFICIOS de la Cuenta Independencia BBVA? 

Descúbrelos aquí: bbva.info/4dUWLo4

¿Listo para avanzar?",2,0,0,0,914
2025-07-09 08:28:05,bbva_peru,Jun 10,"Hay muchas formas de avanzar… y una de ellas es ganarte tu nuevo depa de estreno. 🏠💙 Abriendo tu Cuenta Ganadora, participas por 2 departamentos de estreno.

Conoce más aquí: bbva.info/45dZ3fT
#BBVA #CuentasBBVA #Avanzamos",0,0,0,0,772
2025-07-09 08:28:05,bbva_peru,Jun 10,Cuando hay que pagar los servicios existen dos tipos de personas. ¿Cuál eres tú?,0,0,0,0,732
2025-07-09 08:28:05,bbva_peru,Jun 10,"¡Un depa puede ser tuyo! 🙌 Abriendo tu Cuenta Ganadora BBVA desde S/1500, ya estás participando. Ver más información en bbva.pe/cuentas 😉

#CuentasBBVA #BBVA #Avanzamos",0,0,0,0,765
2025-07-09 08:28:05,bbva_peru,Jun 6,"¿Listo para verlos actuar por el Día del Padre? 😊 Si ese día tienes que ir al banco ya sabes que puedes elegir en qué horario hacerlo con Turno Digital desde tu App BBVA. 😎📱

Conoce más aquí: bbva.info/42vhRpz
#BBVA #BancoBBVA #TurnoDigital #Tiempo",0,0,0,0,734
2025-07-09 08:28:05,bbva_peru,Jun 4,"¿Listo para ganar uno de los 2 DEPAS DE ESTRENO que la Cuenta Ganadora BBVA tiene para ti? ¡Abriendo tu cuenta desde S/1,500 participas al instante! 🏢😎

Ábrela Aquí: bbva.info/2kw78IE
#BBVA #BancoBBVA #CuentaGanadoraBBVA #Ahorrar #CuentaDeAhorros",4,0,0,0,704
2025-07-09 08:28:05,bbva_peru,Jun 2,"Tenemos una cuenta para acompañarte en cada manera de avanzar.

#BBVA #proyectos #avanzamos",2,0,3,0,836
2025-07-09 08:28:05,bbva_peru,May 28,Para hacer realidad tu próximo proyecto necesitas un banco que te acompañe con:,4,0,1,0,845
2025-07-09 08:28:05,bbva_peru,May 26,"¿Listo para hacer realidad cada uno de tus proyectos? En BBVA, nos renovamos para acompañarte en cada paso. 😎💪

#BBVA #proyectos #Avanzamos",0,0,2,0,853
2025-07-09 08:28:05,bbva_peru,May 23,Separar tu dinero para cubrir cada gasto del mes es posible con tu App BBVA y su función...,1,0,2,0,974
2025-07-09 08:28:05,bbva_peru,May 23,"¿App o Agencia? 😎 Decide con LIBERTAD desde dónde hacer tus TRANSFERENCIAS TOTALMENTE GRATIS con la Cuenta Independencia BBVA. 💵😉

Abre tu cuenta aquí: bbva.info/32eZMcG
#BBVA #BancoBBVA #CuentaIndependencia #TransferenciasSinComisiones #CercaníaYConfianza",1,0,1,0,846
2025-07-09 08:28:05,bbva_peru,May 22,"🏠🚗🎒✨ No hay proyecto grande o pequeño, lo importante es seguir avanzando. Hoy estrenamos imagen y renovamos nuestro compromiso de acompañarte en cada paso, brindándote las herramientas que impulsan tus decisiones. ¿Avanzamos?",0,0,1,0,835
2025-07-09 08:28:05,bbva_peru,May 20,"Todos tenemos un proyecto que queremos hacer realidad👀 ¿Cuál de estos te motiva más? ¡Mejor aún, escribe el tuyo en los comentarios!",0,0,1,0,642
2025-07-09 08:28:05,bbva_peru,May 19,☝️ Con la Cuenta Independencia BBVA puedo realizar todas mis operaciones por canales físicos TOTALMENTE GRATIS.,1,0,0,0,762
2025-07-09 08:28:05,bbva_peru,May 19,"¡Aún estás a tiempo! 📷📷 Abre o incrementa tu cuenta desde S/3,200 y GANA AL INSTANTE  tu set de cubiertos Tramontina. ¡No te quedes fuera! 📷
Abre tu cuenta aquí: bbva.info/3LWb53n
#BBVA #BancoBBVA #QDA #QuincenaDelAhorro #Ahorrar",2,0,0,0,712
2025-07-09 08:28:05,bbva_peru,May 7,¡Verdadero o falso! 🤔 La Quincena del Ahorro BBVA te premia al INSTANTE y sin SORTEOS  con un set de cubiertos Tramontina. 🍴😉,5,0,0,0,1.0K
2025-07-09 09:23:40,bbva_peru,Jun 25,"Mostremos nuestro orgullo todo el año. 🏳️‍🌈🏳️‍⚧️ En Be Yourself, ya impulsamos acciones internas para hacerlo posible, y seguiremos trabajando para que sea una realidad en todo el país. 💪😎

#BBVA #orgullo #pride",13,1,8,1,2.0K
2025-07-09 09:23:40,bbva_peru,Jun 24,"¿Avanzamos? Tus metas se hacen posible con la rentabilidad y seguridad que tiene la Cuenta Vip. Conoce más 👉 bbva.info/40jA8E9  😊

#BBVA #CuentaBBVA #VIP #metas",1,0,0,0,1.0K
2025-07-09 09:23:40,bbva_peru,Jun 18,"¿A qué zona irás en el concierto de Green Day?...
Por cierto, tus Tarjetas BBVA te dan beneficios para que puedas conseguir tus entradas. 😉🙌",3,0,0,0,975
2025-07-09 09:23:40,bbva_peru,Jun 17,¿Qué cuenta sorteará en unas semanas 2 DEPAS DE ESTRENO solo por ahorrar?,1,0,0,0,882
2025-07-09 09:23:40,bbva_peru,Jun 16,"Cuenta Independencia BBVA
¿Sabes todos los BENEFICIOS de la Cuenta Independencia BBVA? 

Descúbrelos aquí: bbva.info/4dUWLo4

¿Listo para avanzar?",2,0,0,0,914
2025-07-09 09:23:40,bbva_peru,Jun 10,"Hay muchas formas de avanzar… y una de ellas es ganarte tu nuevo depa de estreno. 🏠💙 Abriendo tu Cuenta Ganadora, participas por 2 departamentos de estreno.

Conoce más aquí: bbva.info/45dZ3fT
#BBVA #CuentasBBVA #Avanzamos",0,0,0,0,772
2025-07-09 09:23:40,bbva_peru,Jun 10,Cuando hay que pagar los servicios existen dos tipos de personas. ¿Cuál eres tú?,0,0,0,0,732
2025-07-09 09:23:40,bbva_peru,Jun 10,"¡Un depa puede ser tuyo! 🙌 Abriendo tu Cuenta Ganadora BBVA desde S/1500, ya estás participando. Ver más información en bbva.pe/cuentas 😉

#CuentasBBVA #BBVA #Avanzamos",0,0,0,0,765
2025-07-09 09:23:40,bbva_peru,Jun 6,"¿Listo para verlos actuar por el Día del Padre? 😊 Si ese día tienes que ir al banco ya sabes que puedes elegir en qué horario hacerlo con Turno Digital desde tu App BBVA. 😎📱

Conoce más aquí: bbva.info/42vhRpz
#BBVA #BancoBBVA #TurnoDigital #Tiempo",0,0,0,0,734
2025-07-09 09:23:40,bbva_peru,Jun 4,"¿Listo para ganar uno de los 2 DEPAS DE ESTRENO que la Cuenta Ganadora BBVA tiene para ti? ¡Abriendo tu cuenta desde S/1,500 participas al instante! 🏢😎

Ábrela Aquí: bbva.info/2kw78IE
#BBVA #BancoBBVA #CuentaGanadoraBBVA #Ahorrar #CuentaDeAhorros",4,0,0,0,704
2025-07-09 09:23:40,bbva_peru,Jun 2,"Tenemos una cuenta para acompañarte en cada manera de avanzar.

#BBVA #proyectos #avanzamos",2,0,3,0,836
2025-07-09 09:23:40,bbva_peru,May 28,Para hacer realidad tu próximo proyecto necesitas un banco que te acompañe con:,4,0,1,0,845
2025-07-09 09:23:40,bbva_peru,May 26,"¿Listo para hacer realidad cada uno de tus proyectos? En BBVA, nos renovamos para acompañarte en cada paso. 😎💪

#BBVA #proyectos #Avanzamos",0,0,2,0,853
2025-07-09 09:23:40,bbva_peru,May 23,Separar tu dinero para cubrir cada gasto del mes es posible con tu App BBVA y su función...,1,0,2,0,974
2025-07-09 09:23:40,bbva_peru,May 23,"¿App o Agencia? 😎 Decide con LIBERTAD desde dónde hacer tus TRANSFERENCIAS TOTALMENTE GRATIS con la Cuenta Independencia BBVA. 💵😉

Abre tu cuenta aquí: bbva.info/32eZMcG
#BBVA #BancoBBVA #CuentaIndependencia #TransferenciasSinComisiones #CercaníaYConfianza",1,0,1,0,846
2025-07-09 09:23:40,bbva_peru,May 22,"🏠🚗🎒✨ No hay proyecto grande o pequeño, lo importante es seguir avanzando. Hoy estrenamos imagen y renovamos nuestro compromiso de acompañarte en cada paso, brindándote las herramientas que impulsan tus decisiones. ¿Avanzamos?",0,0,1,0,835
2025-07-09 09:23:40,bbva_peru,May 20,"Todos tenemos un proyecto que queremos hacer realidad👀 ¿Cuál de estos te motiva más? ¡Mejor aún, escribe el tuyo en los comentarios!",0,0,1,0,642
2025-07-09 09:23:40,bbva_peru,May 19,☝️ Con la Cuenta Independencia BBVA puedo realizar todas mis operaciones por canales físicos TOTALMENTE GRATIS.,1,0,0,0,762
2025-07-09 09:23:40,bbva_peru,May 19,"¡Aún estás a tiempo! 📷📷 Abre o incrementa tu cuenta desde S/3,200 y GANA AL INSTANTE  tu set de cubiertos Tramontina. ¡No te quedes fuera! 📷
Abre tu cuenta aquí: bbva.info/3LWb53n
#BBVA #BancoBBVA #QDA #QuincenaDelAhorro #Ahorrar",2,0,0,0,712
2025-07-09 09:23:40,bbva_peru,May 7,¡Verdadero o falso! 🤔 La Quincena del Ahorro BBVA te premia al INSTANTE y sin SORTEOS  con un set de cubiertos Tramontina. 🍴😉,5,0,0,0,1.0K
2025-07-09 10:22:38,bbva_peru,Jun 25,"Mostremos nuestro orgullo todo el año. 🏳️‍🌈🏳️‍⚧️ En Be Yourself, ya impulsamos acciones internas para hacerlo posible, y seguiremos trabajando para que sea una realidad en todo el país. 💪😎

#BBVA #orgullo #pride",13,1,8,1,2.0K
2025-07-09 10:22:38,bbva_peru,Jun 24,"¿Avanzamos? Tus metas se hacen posible con la rentabilidad y seguridad que tiene la Cuenta Vip. Conoce más 👉 bbva.info/40jA8E9  😊

#BBVA #CuentaBBVA #VIP #metas",1,0,0,0,1.0K
2025-07-09 10:22:38,bbva_peru,Jun 18,"¿A qué zona irás en el concierto de Green Day?...
Por cierto, tus Tarjetas BBVA te dan beneficios para que puedas conseguir tus entradas. 😉🙌",3,0,0,0,975
2025-07-09 10:22:38,bbva_peru,Jun 17,¿Qué cuenta sorteará en unas semanas 2 DEPAS DE ESTRENO solo por ahorrar?,1,0,0,0,882
2025-07-09 10:22:38,bbva_peru,Jun 16,"Cuenta Independencia BBVA
¿Sabes todos los BENEFICIOS de la Cuenta Independencia BBVA? 

Descúbrelos aquí: bbva.info/4dUWLo4

¿Listo para avanzar?",2,0,0,0,914
2025-07-09 10:22:38,bbva_peru,Jun 10,"Hay muchas formas de avanzar… y una de ellas es ganarte tu nuevo depa de estreno. 🏠💙 Abriendo tu Cuenta Ganadora, participas por 2 departamentos de estreno.

Conoce más aquí: bbva.info/45dZ3fT
#BBVA #CuentasBBVA #Avanzamos",0,0,0,0,772
2025-07-09 10:22:38,bbva_peru,Jun 10,Cuando hay que pagar los servicios existen dos tipos de personas. ¿Cuál eres tú?,0,0,0,0,732
2025-07-09 10:22:38,bbva_peru,Jun 10,"¡Un depa puede ser tuyo! 🙌 Abriendo tu Cuenta Ganadora BBVA desde S/1500, ya estás participando. Ver más información en bbva.pe/cuentas 😉

#CuentasBBVA #BBVA #Avanzamos",0,0,0,0,765
2025-07-09 10:22:38,bbva_peru,Jun 6,"¿Listo para verlos actuar por el Día del Padre? 😊 Si ese día tienes que ir al banco ya sabes que puedes elegir en qué horario hacerlo con Turno Digital desde tu App BBVA. 😎📱

Conoce más aquí: bbva.info/42vhRpz
#BBVA #BancoBBVA #TurnoDigital #Tiempo",0,0,0,0,734
2025-07-09 10:22:38,bbva_peru,Jun 4,"¿Listo para ganar uno de los 2 DEPAS DE ESTRENO que la Cuenta Ganadora BBVA tiene para ti? ¡Abriendo tu cuenta desde S/1,500 participas al instante! 🏢😎

Ábrela Aquí: bbva.info/2kw78IE
#BBVA #BancoBBVA #CuentaGanadoraBBVA #Ahorrar #CuentaDeAhorros",4,0,0,0,704
2025-07-09 10:22:38,bbva_peru,Jun 2,"Tenemos una cuenta para acompañarte en cada manera de avanzar.

#BBVA #proyectos #avanzamos",2,0,3,0,836
2025-07-09 10:22:38,bbva_peru,May 28,Para hacer realidad tu próximo proyecto necesitas un banco que te acompañe con:,4,0,1,0,845
2025-07-09 10:22:38,bbva_peru,May 26,"¿Listo para hacer realidad cada uno de tus proyectos? En BBVA, nos renovamos para acompañarte en cada paso. 😎💪

#BBVA #proyectos #Avanzamos",0,0,2,0,853
2025-07-09 10:22:38,bbva_peru,May 23,Separar tu dinero para cubrir cada gasto del mes es posible con tu App BBVA y su función...,1,0,2,0,974
2025-07-09 10:22:38,bbva_peru,May 23,"¿App o Agencia? 😎 Decide con LIBERTAD desde dónde hacer tus TRANSFERENCIAS TOTALMENTE GRATIS con la Cuenta Independencia BBVA. 💵😉

Abre tu cuenta aquí: bbva.info/32eZMcG
#BBVA #BancoBBVA #CuentaIndependencia #TransferenciasSinComisiones #CercaníaYConfianza",1,0,1,0,846
2025-07-09 10:22:38,bbva_peru,May 22,"🏠🚗🎒✨ No hay proyecto grande o pequeño, lo importante es seguir avanzando. Hoy estrenamos imagen y renovamos nuestro compromiso de acompañarte en cada paso, brindándote las herramientas que impulsan tus decisiones. ¿Avanzamos?",0,0,1,0,835
2025-07-09 10:22:38,bbva_peru,May 20,"Todos tenemos un proyecto que queremos hacer realidad👀 ¿Cuál de estos te motiva más? ¡Mejor aún, escribe el tuyo en los comentarios!",0,0,1,0,642
2025-07-09 10:22:38,bbva_peru,May 19,☝️ Con la Cuenta Independencia BBVA puedo realizar todas mis operaciones por canales físicos TOTALMENTE GRATIS.,1,0,0,0,762
2025-07-09 10:22:38,bbva_peru,May 19,"¡Aún estás a tiempo! 📷📷 Abre o incrementa tu cuenta desde S/3,200 y GANA AL INSTANTE  tu set de cubiertos Tramontina. ¡No te quedes fuera! 📷
Abre tu cuenta aquí: bbva.info/3LWb53n
#BBVA #BancoBBVA #QDA #QuincenaDelAhorro #Ahorrar",2,0,0,0,712
2025-07-09 10:22:38,bbva_peru,May 7,¡Verdadero o falso! 🤔 La Quincena del Ahorro BBVA te premia al INSTANTE y sin SORTEOS  con un set de cubiertos Tramontina. 🍴😉,5,0,0,0,1.0K
2025-07-09 11:18:01,bbva_peru,Jun 25,"Mostremos nuestro orgullo todo el año. 🏳️‍🌈🏳️‍⚧️ En Be Yourself, ya impulsamos acciones internas para hacerlo posible, y seguiremos trabajando para que sea una realidad en todo el país. 💪😎

#BBVA #orgullo #pride",13,1,8,1,2.0K
2025-07-09 11:18:01,bbva_peru,Jun 24,"¿Avanzamos? Tus metas se hacen posible con la rentabilidad y seguridad que tiene la Cuenta Vip. Conoce más 👉 bbva.info/40jA8E9  😊

#BBVA #CuentaBBVA #VIP #metas",1,0,0,0,1.0K
2025-07-09 11:18:01,bbva_peru,Jun 18,"¿A qué zona irás en el concierto de Green Day?...
Por cierto, tus Tarjetas BBVA te dan beneficios para que puedas conseguir tus entradas. 😉🙌",3,0,0,0,975
2025-07-09 11:18:01,bbva_peru,Jun 17,¿Qué cuenta sorteará en unas semanas 2 DEPAS DE ESTRENO solo por ahorrar?,1,0,0,0,882
2025-07-09 11:18:01,bbva_peru,Jun 16,"Cuenta Independencia BBVA
¿Sabes todos los BENEFICIOS de la Cuenta Independencia BBVA? 

Descúbrelos aquí: bbva.info/4dUWLo4

¿Listo para avanzar?",2,0,0,0,914
2025-07-09 11:18:01,bbva_peru,Jun 10,"Hay muchas formas de avanzar… y una de ellas es ganarte tu nuevo depa de estreno. 🏠💙 Abriendo tu Cuenta Ganadora, participas por 2 departamentos de estreno.

Conoce más aquí: bbva.info/45dZ3fT
#BBVA #CuentasBBVA #Avanzamos",0,0,0,0,772
2025-07-09 11:18:01,bbva_peru,Jun 10,Cuando hay que pagar los servicios existen dos tipos de personas. ¿Cuál eres tú?,0,0,0,0,732
2025-07-09 11:18:01,bbva_peru,Jun 10,"¡Un depa puede ser tuyo! 🙌 Abriendo tu Cuenta Ganadora BBVA desde S/1500, ya estás participando. Ver más información en bbva.pe/cuentas 😉

#CuentasBBVA #BBVA #Avanzamos",0,0,0,0,765
2025-07-09 11:18:01,bbva_peru,Jun 6,"¿Listo para verlos actuar por el Día del Padre? 😊 Si ese día tienes que ir al banco ya sabes que puedes elegir en qué horario hacerlo con Turno Digital desde tu App BBVA. 😎📱

Conoce más aquí: bbva.info/42vhRpz
#BBVA #BancoBBVA #TurnoDigital #Tiempo",0,0,0,0,734
2025-07-09 11:18:01,bbva_peru,Jun 4,"¿Listo para ganar uno de los 2 DEPAS DE ESTRENO que la Cuenta Ganadora BBVA tiene para ti? ¡Abriendo tu cuenta desde S/1,500 participas al instante! 🏢😎

Ábrela Aquí: bbva.info/2kw78IE
#BBVA #BancoBBVA #CuentaGanadoraBBVA #Ahorrar #CuentaDeAhorros",4,0,0,0,704
2025-07-09 11:18:01,bbva_peru,Jun 2,"Tenemos una cuenta para acompañarte en cada manera de avanzar.

#BBVA #proyectos #avanzamos",2,0,3,0,836
2025-07-09 11:18:01,bbva_peru,May 28,Para hacer realidad tu próximo proyecto necesitas un banco que te acompañe con:,4,0,1,0,845
2025-07-09 11:18:01,bbva_peru,May 26,"¿Listo para hacer realidad cada uno de tus proyectos? En BBVA, nos renovamos para acompañarte en cada paso. 😎💪

#BBVA #proyectos #Avanzamos",0,0,2,0,853
2025-07-09 11:18:01,bbva_peru,May 23,Separar tu dinero para cubrir cada gasto del mes es posible con tu App BBVA y su función...,1,0,2,0,974
2025-07-09 11:18:01,bbva_peru,May 23,"¿App o Agencia? 😎 Decide con LIBERTAD desde dónde hacer tus TRANSFERENCIAS TOTALMENTE GRATIS con la Cuenta Independencia BBVA. 💵😉

Abre tu cuenta aquí: bbva.info/32eZMcG
#BBVA #BancoBBVA #CuentaIndependencia #TransferenciasSinComisiones #CercaníaYConfianza",1,0,1,0,846
2025-07-09 11:18:01,bbva_peru,May 22,"🏠🚗🎒✨ No hay proyecto grande o pequeño, lo importante es seguir avanzando. Hoy estrenamos imagen y renovamos nuestro compromiso de acompañarte en cada paso, brindándote las herramientas que impulsan tus decisiones. ¿Avanzamos?",0,0,1,0,835
2025-07-09 11:18:01,bbva_peru,May 20,"Todos tenemos un proyecto que queremos hacer realidad👀 ¿Cuál de estos te motiva más? ¡Mejor aún, escribe el tuyo en los comentarios!",0,0,1,0,642
2025-07-09 11:18:01,bbva_peru,May 19,☝️ Con la Cuenta Independencia BBVA puedo realizar todas mis operaciones por canales físicos TOTALMENTE GRATIS.,1,0,0,0,762
2025-07-09 11:18:01,bbva_peru,May 19,"¡Aún estás a tiempo! 📷📷 Abre o incrementa tu cuenta desde S/3,200 y GANA AL INSTANTE  tu set de cubiertos Tramontina. ¡No te quedes fuera! 📷
Abre tu cuenta aquí: bbva.info/3LWb53n
#BBVA #BancoBBVA #QDA #QuincenaDelAhorro #Ahorrar",2,0,0,0,712
2025-07-09 11:18:01,bbva_peru,May 7,¡Verdadero o falso! 🤔 La Quincena del Ahorro BBVA te premia al INSTANTE y sin SORTEOS  con un set de cubiertos Tramontina. 🍴😉,5,0,0,0,1.0K
2025-07-09 12:41:25,bbva_peru,Jun 25,"Mostremos nuestro orgullo todo el año. 🏳️‍🌈🏳️‍⚧️ En Be Yourself, ya impulsamos acciones internas para hacerlo posible, y seguiremos trabajando para que sea una realidad en todo el país. 💪😎

#BBVA #orgullo #pride",13,1,8,1,2.0K
2025-07-09 12:41:25,bbva_peru,Jun 24,"¿Avanzamos? Tus metas se hacen posible con la rentabilidad y seguridad que tiene la Cuenta Vip. Conoce más 👉 bbva.info/40jA8E9  😊

#BBVA #CuentaBBVA #VIP #metas",1,0,0,0,1.0K
2025-07-09 12:41:25,bbva_peru,Jun 18,"¿A qué zona irás en el concierto de Green Day?...
Por cierto, tus Tarjetas BBVA te dan beneficios para que puedas conseguir tus entradas. 😉🙌",3,0,0,0,976
2025-07-09 12:41:25,bbva_peru,Jun 17,¿Qué cuenta sorteará en unas semanas 2 DEPAS DE ESTRENO solo por ahorrar?,1,0,0,0,883
2025-07-09 12:41:25,bbva_peru,Jun 16,"Cuenta Independencia BBVA
¿Sabes todos los BENEFICIOS de la Cuenta Independencia BBVA? 

Descúbrelos aquí: bbva.info/4dUWLo4

¿Listo para avanzar?",2,0,0,0,916
2025-07-09 12:41:25,bbva_peru,Jun 10,"Hay muchas formas de avanzar… y una de ellas es ganarte tu nuevo depa de estreno. 🏠💙 Abriendo tu Cuenta Ganadora, participas por 2 departamentos de estreno.

Conoce más aquí: bbva.info/45dZ3fT
#BBVA #CuentasBBVA #Avanzamos",0,0,0,0,773
2025-07-09 12:41:25,bbva_peru,Jun 10,Cuando hay que pagar los servicios existen dos tipos de personas. ¿Cuál eres tú?,0,0,0,0,734
2025-07-09 12:41:25,bbva_peru,Jun 10,"¡Un depa puede ser tuyo! 🙌 Abriendo tu Cuenta Ganadora BBVA desde S/1500, ya estás participando. Ver más información en bbva.pe/cuentas 😉

#CuentasBBVA #BBVA #Avanzamos",0,0,0,0,766
2025-07-09 12:41:25,bbva_peru,Jun 6,"¿Listo para verlos actuar por el Día del Padre? 😊 Si ese día tienes que ir al banco ya sabes que puedes elegir en qué horario hacerlo con Turno Digital desde tu App BBVA. 😎📱

Conoce más aquí: bbva.info/42vhRpz
#BBVA #BancoBBVA #TurnoDigital #Tiempo",0,0,0,0,735
2025-07-09 12:41:25,bbva_peru,Jun 4,"¿Listo para ganar uno de los 2 DEPAS DE ESTRENO que la Cuenta Ganadora BBVA tiene para ti? ¡Abriendo tu cuenta desde S/1,500 participas al instante! 🏢😎

Ábrela Aquí: bbva.info/2kw78IE
#BBVA #BancoBBVA #CuentaGanadoraBBVA #Ahorrar #CuentaDeAhorros",4,0,0,0,705
2025-07-09 12:41:25,bbva_peru,Jun 2,"Tenemos una cuenta para acompañarte en cada manera de avanzar.

#BBVA #proyectos #avanzamos",2,0,3,0,837
2025-07-09 12:41:25,bbva_peru,May 28,Para hacer realidad tu próximo proyecto necesitas un banco que te acompañe con:,4,0,1,0,845
2025-07-09 12:41:25,bbva_peru,May 26,"¿Listo para hacer realidad cada uno de tus proyectos? En BBVA, nos renovamos para acompañarte en cada paso. 😎💪

#BBVA #proyectos #Avanzamos",0,0,2,0,854
2025-07-09 12:41:25,bbva_peru,May 23,Separar tu dinero para cubrir cada gasto del mes es posible con tu App BBVA y su función...,1,0,2,0,974
2025-07-09 12:41:25,bbva_peru,May 23,"¿App o Agencia? 😎 Decide con LIBERTAD desde dónde hacer tus TRANSFERENCIAS TOTALMENTE GRATIS con la Cuenta Independencia BBVA. 💵😉

Abre tu cuenta aquí: bbva.info/32eZMcG
#BBVA #BancoBBVA #CuentaIndependencia #TransferenciasSinComisiones #CercaníaYConfianza",1,0,1,0,846
2025-07-09 12:41:25,bbva_peru,May 22,"🏠🚗🎒✨ No hay proyecto grande o pequeño, lo importante es seguir avanzando. Hoy estrenamos imagen y renovamos nuestro compromiso de acompañarte en cada paso, brindándote las herramientas que impulsan tus decisiones. ¿Avanzamos?",0,0,1,0,835
2025-07-09 12:41:25,bbva_peru,May 20,"Todos tenemos un proyecto que queremos hacer realidad👀 ¿Cuál de estos te motiva más? ¡Mejor aún, escribe el tuyo en los comentarios!",0,0,1,0,642
2025-07-09 12:41:25,bbva_peru,May 19,☝️ Con la Cuenta Independencia BBVA puedo realizar todas mis operaciones por canales físicos TOTALMENTE GRATIS.,1,0,0,0,762
2025-07-09 12:41:25,bbva_peru,May 19,"¡Aún estás a tiempo! 📷📷 Abre o incrementa tu cuenta desde S/3,200 y GANA AL INSTANTE  tu set de cubiertos Tramontina. ¡No te quedes fuera! 📷
Abre tu cuenta aquí: bbva.info/3LWb53n
#BBVA #BancoBBVA #QDA #QuincenaDelAhorro #Ahorrar",2,0,0,0,712
2025-07-09 12:41:25,bbva_peru,May 7,¡Verdadero o falso! 🤔 La Quincena del Ahorro BBVA te premia al INSTANTE y sin SORTEOS  con un set de cubiertos Tramontina. 🍴😉,5,0,0,0,1.0K
2025-07-09 15:22:06,bbva_peru,now,¿Cómo te convendría pagar los pasajes de tu viaje por Fiestas Patrias?,0,0,0,0,0
2025-07-09 15:22:06,bbva_peru,Jun 25,"Mostremos nuestro orgullo todo el año. 🏳️‍🌈🏳️‍⚧️ En Be Yourself, ya impulsamos acciones internas para hacerlo posible, y seguiremos trabajando para que sea una realidad en todo el país. 💪😎

#BBVA #orgullo #pride",13,1,8,1,2.0K
2025-07-09 15:22:06,bbva_peru,Jun 24,"¿Avanzamos? Tus metas se hacen posible con la rentabilidad y seguridad que tiene la Cuenta Vip. Conoce más 👉 bbva.info/40jA8E9  😊

#BBVA #CuentaBBVA #VIP #metas",1,0,0,0,1.0K
2025-07-09 15:22:06,bbva_peru,Jun 18,"¿A qué zona irás en el concierto de Green Day?...
Por cierto, tus Tarjetas BBVA te dan beneficios para que puedas conseguir tus entradas. 😉🙌",3,0,0,0,977
2025-07-09 15:22:06,bbva_peru,Jun 17,¿Qué cuenta sorteará en unas semanas 2 DEPAS DE ESTRENO solo por ahorrar?,1,0,0,0,884
2025-07-09 15:22:06,bbva_peru,Jun 16,"Cuenta Independencia BBVA
¿Sabes todos los BENEFICIOS de la Cuenta Independencia BBVA? 

Descúbrelos aquí: bbva.info/4dUWLo4

¿Listo para avanzar?",2,0,0,0,917
2025-07-09 15:22:06,bbva_peru,Jun 10,"Hay muchas formas de avanzar… y una de ellas es ganarte tu nuevo depa de estreno. 🏠💙 Abriendo tu Cuenta Ganadora, participas por 2 departamentos de estreno.

Conoce más aquí: bbva.info/45dZ3fT
#BBVA #CuentasBBVA #Avanzamos",0,0,0,0,774
2025-07-09 15:22:06,bbva_peru,Jun 10,Cuando hay que pagar los servicios existen dos tipos de personas. ¿Cuál eres tú?,0,0,0,0,735
2025-07-09 15:22:06,bbva_peru,Jun 10,"¡Un depa puede ser tuyo! 🙌 Abriendo tu Cuenta Ganadora BBVA desde S/1500, ya estás participando. Ver más información en bbva.pe/cuentas 😉

#CuentasBBVA #BBVA #Avanzamos",0,0,0,0,767
2025-07-09 15:22:06,bbva_peru,Jun 6,"¿Listo para verlos actuar por el Día del Padre? 😊 Si ese día tienes que ir al banco ya sabes que puedes elegir en qué horario hacerlo con Turno Digital desde tu App BBVA. 😎📱

Conoce más aquí: bbva.info/42vhRpz
#BBVA #BancoBBVA #TurnoDigital #Tiempo",0,0,0,0,736
2025-07-09 15:22:06,bbva_peru,Jun 4,"¿Listo para ganar uno de los 2 DEPAS DE ESTRENO que la Cuenta Ganadora BBVA tiene para ti? ¡Abriendo tu cuenta desde S/1,500 participas al instante! 🏢😎

Ábrela Aquí: bbva.info/2kw78IE
#BBVA #BancoBBVA #CuentaGanadoraBBVA #Ahorrar #CuentaDeAhorros",4,0,0,0,706
2025-07-09 15:22:06,bbva_peru,Jun 2,"Tenemos una cuenta para acompañarte en cada manera de avanzar.

#BBVA #proyectos #avanzamos",2,0,3,0,838
2025-07-09 15:22:06,bbva_peru,May 28,Para hacer realidad tu próximo proyecto necesitas un banco que te acompañe con:,4,0,1,0,846
2025-07-09 15:22:06,bbva_peru,May 26,"¿Listo para hacer realidad cada uno de tus proyectos? En BBVA, nos renovamos para acompañarte en cada paso. 😎💪

#BBVA #proyectos #Avanzamos",0,0,2,0,855
2025-07-09 15:22:06,bbva_peru,May 23,Separar tu dinero para cubrir cada gasto del mes es posible con tu App BBVA y su función...,1,0,2,0,975
2025-07-09 15:22:06,bbva_peru,May 23,"¿App o Agencia? 😎 Decide con LIBERTAD desde dónde hacer tus TRANSFERENCIAS TOTALMENTE GRATIS con la Cuenta Independencia BBVA. 💵😉

Abre tu cuenta aquí: bbva.info/32eZMcG
#BBVA #BancoBBVA #CuentaIndependencia #TransferenciasSinComisiones #CercaníaYConfianza",1,0,1,0,847
2025-07-09 15:22:06,bbva_peru,May 22,"🏠🚗🎒✨ No hay proyecto grande o pequeño, lo importante es seguir avanzando. Hoy estrenamos imagen y renovamos nuestro compromiso de acompañarte en cada paso, brindándote las herramientas que impulsan tus decisiones. ¿Avanzamos?",0,0,1,0,836
2025-07-09 15:22:06,bbva_peru,May 20,"Todos tenemos un proyecto que queremos hacer realidad👀 ¿Cuál de estos te motiva más? ¡Mejor aún, escribe el tuyo en los comentarios!",0,0,1,0,643
2025-07-09 15:22:06,bbva_peru,May 19,☝️ Con la Cuenta Independencia BBVA puedo realizar todas mis operaciones por canales físicos TOTALMENTE GRATIS.,1,0,0,0,763
2025-07-09 15:22:06,bbva_peru,May 19,"¡Aún estás a tiempo! 📷📷 Abre o incrementa tu cuenta desde S/3,200 y GANA AL INSTANTE  tu set de cubiertos Tramontina. ¡No te quedes fuera! 📷
Abre tu cuenta aquí: bbva.info/3LWb53n
#BBVA #BancoBBVA #QDA #QuincenaDelAhorro #Ahorrar",2,0,0,0,713
2025-07-09 16:24:33,bbva_peru,1 h,¿Cómo te convendría pagar los pasajes de tu viaje por Fiestas Patrias?,0,0,0,0,122
2025-07-09 16:24:33,bbva_peru,Jun 25,"Mostremos nuestro orgullo todo el año. 🏳️‍🌈🏳️‍⚧️ En Be Yourself, ya impulsamos acciones internas para hacerlo posible, y seguiremos trabajando para que sea una realidad en todo el país. 💪😎

#BBVA #orgullo #pride",13,1,8,1,2.0K
2025-07-09 16:24:33,bbva_peru,Jun 24,"¿Avanzamos? Tus metas se hacen posible con la rentabilidad y seguridad que tiene la Cuenta Vip. Conoce más 👉 bbva.info/40jA8E9  😊

#BBVA #CuentaBBVA #VIP #metas",1,0,0,0,1.0K
2025-07-09 16:24:33,bbva_peru,Jun 18,"¿A qué zona irás en el concierto de Green Day?...
Por cierto, tus Tarjetas BBVA te dan beneficios para que puedas conseguir tus entradas. 😉🙌",3,0,0,0,978
2025-07-09 16:24:33,bbva_peru,Jun 17,¿Qué cuenta sorteará en unas semanas 2 DEPAS DE ESTRENO solo por ahorrar?,1,0,0,0,885
2025-07-09 16:24:33,bbva_peru,Jun 16,"Cuenta Independencia BBVA
¿Sabes todos los BENEFICIOS de la Cuenta Independencia BBVA? 

Descúbrelos aquí: bbva.info/4dUWLo4

¿Listo para avanzar?",2,0,0,0,918
2025-07-09 16:24:33,bbva_peru,Jun 10,"Hay muchas formas de avanzar… y una de ellas es ganarte tu nuevo depa de estreno. 🏠💙 Abriendo tu Cuenta Ganadora, participas por 2 departamentos de estreno.

Conoce más aquí: bbva.info/45dZ3fT
#BBVA #CuentasBBVA #Avanzamos",0,0,0,0,775
2025-07-09 16:24:33,bbva_peru,Jun 10,Cuando hay que pagar los servicios existen dos tipos de personas. ¿Cuál eres tú?,0,0,0,0,736
2025-07-09 16:24:33,bbva_peru,Jun 10,"¡Un depa puede ser tuyo! 🙌 Abriendo tu Cuenta Ganadora BBVA desde S/1500, ya estás participando. Ver más información en bbva.pe/cuentas 😉

#CuentasBBVA #BBVA #Avanzamos",0,0,0,0,768
2025-07-09 16:24:33,bbva_peru,Jun 6,"¿Listo para verlos actuar por el Día del Padre? 😊 Si ese día tienes que ir al banco ya sabes que puedes elegir en qué horario hacerlo con Turno Digital desde tu App BBVA. 😎📱

Conoce más aquí: bbva.info/42vhRpz
#BBVA #BancoBBVA #TurnoDigital #Tiempo",0,0,0,0,737
2025-07-09 16:24:33,bbva_peru,Jun 4,"¿Listo para ganar uno de los 2 DEPAS DE ESTRENO que la Cuenta Ganadora BBVA tiene para ti? ¡Abriendo tu cuenta desde S/1,500 participas al instante! 🏢😎

Ábrela Aquí: bbva.info/2kw78IE
#BBVA #BancoBBVA #CuentaGanadoraBBVA #Ahorrar #CuentaDeAhorros",4,0,0,0,707
2025-07-09 16:24:33,bbva_peru,Jun 2,"Tenemos una cuenta para acompañarte en cada manera de avanzar.

#BBVA #proyectos #avanzamos",2,0,3,0,839
2025-07-09 16:24:33,bbva_peru,May 28,Para hacer realidad tu próximo proyecto necesitas un banco que te acompañe con:,4,0,1,0,848
2025-07-09 16:24:33,bbva_peru,May 26,"¿Listo para hacer realidad cada uno de tus proyectos? En BBVA, nos renovamos para acompañarte en cada paso. 😎💪

#BBVA #proyectos #Avanzamos",0,0,2,0,856
2025-07-09 16:24:33,bbva_peru,May 23,Separar tu dinero para cubrir cada gasto del mes es posible con tu App BBVA y su función...,1,0,2,0,975
2025-07-09 16:24:33,bbva_peru,May 23,"¿App o Agencia? 😎 Decide con LIBERTAD desde dónde hacer tus TRANSFERENCIAS TOTALMENTE GRATIS con la Cuenta Independencia BBVA. 💵😉

Abre tu cuenta aquí: bbva.info/32eZMcG
#BBVA #BancoBBVA #CuentaIndependencia #TransferenciasSinComisiones #CercaníaYConfianza",1,0,1,0,847
2025-07-09 16:24:33,bbva_peru,May 22,"🏠🚗🎒✨ No hay proyecto grande o pequeño, lo importante es seguir avanzando. Hoy estrenamos imagen y renovamos nuestro compromiso de acompañarte en cada paso, brindándote las herramientas que impulsan tus decisiones. ¿Avanzamos?",0,0,1,0,836
2025-07-09 16:24:33,bbva_peru,May 20,"Todos tenemos un proyecto que queremos hacer realidad👀 ¿Cuál de estos te motiva más? ¡Mejor aún, escribe el tuyo en los comentarios!",0,0,1,0,643
2025-07-09 16:24:33,bbva_peru,May 19,☝️ Con la Cuenta Independencia BBVA puedo realizar todas mis operaciones por canales físicos TOTALMENTE GRATIS.,1,0,0,0,763
2025-07-09 16:24:33,bbva_peru,May 19,"¡Aún estás a tiempo! 📷📷 Abre o incrementa tu cuenta desde S/3,200 y GANA AL INSTANTE  tu set de cubiertos Tramontina. ¡No te quedes fuera! 📷
Abre tu cuenta aquí: bbva.info/3LWb53n
#BBVA #BancoBBVA #QDA #QuincenaDelAhorro #Ahorrar",2,0,0,0,713
2025-07-09 17:19:53,bbva_peru,2 h,¿Cómo te convendría pagar los pasajes de tu viaje por Fiestas Patrias?,0,0,0,0,144
2025-07-09 17:19:53,bbva_peru,Jun 25,"Mostremos nuestro orgullo todo el año. 🏳️‍🌈🏳️‍⚧️ En Be Yourself, ya impulsamos acciones internas para hacerlo posible, y seguiremos trabajando para que sea una realidad en todo el país. 💪😎

#BBVA #orgullo #pride",13,1,8,1,2.0K
2025-07-09 17:19:53,bbva_peru,Jun 24,"¿Avanzamos? Tus metas se hacen posible con la rentabilidad y seguridad que tiene la Cuenta Vip. Conoce más 👉 bbva.info/40jA8E9  😊

#BBVA #CuentaBBVA #VIP #metas",1,0,0,0,1.0K
2025-07-09 17:19:53,bbva_peru,Jun 18,"¿A qué zona irás en el concierto de Green Day?...
Por cierto, tus Tarjetas BBVA te dan beneficios para que puedas conseguir tus entradas. 😉🙌",3,0,0,0,978
2025-07-09 17:19:53,bbva_peru,Jun 17,¿Qué cuenta sorteará en unas semanas 2 DEPAS DE ESTRENO solo por ahorrar?,1,0,0,0,885
2025-07-09 17:19:53,bbva_peru,Jun 16,"Cuenta Independencia BBVA
¿Sabes todos los BENEFICIOS de la Cuenta Independencia BBVA? 

Descúbrelos aquí: bbva.info/4dUWLo4

¿Listo para avanzar?",2,0,0,0,918
2025-07-09 17:19:53,bbva_peru,Jun 10,"Hay muchas formas de avanzar… y una de ellas es ganarte tu nuevo depa de estreno. 🏠💙 Abriendo tu Cuenta Ganadora, participas por 2 departamentos de estreno.

Conoce más aquí: bbva.info/45dZ3fT
#BBVA #CuentasBBVA #Avanzamos",0,0,0,0,775
2025-07-09 17:19:53,bbva_peru,Jun 10,Cuando hay que pagar los servicios existen dos tipos de personas. ¿Cuál eres tú?,0,0,0,0,736
2025-07-09 17:19:53,bbva_peru,Jun 10,"¡Un depa puede ser tuyo! 🙌 Abriendo tu Cuenta Ganadora BBVA desde S/1500, ya estás participando. Ver más información en bbva.pe/cuentas 😉

#CuentasBBVA #BBVA #Avanzamos",0,0,0,0,768
2025-07-09 17:19:53,bbva_peru,Jun 6,"¿Listo para verlos actuar por el Día del Padre? 😊 Si ese día tienes que ir al banco ya sabes que puedes elegir en qué horario hacerlo con Turno Digital desde tu App BBVA. 😎📱

Conoce más aquí: bbva.info/42vhRpz
#BBVA #BancoBBVA #TurnoDigital #Tiempo",0,0,0,0,737
2025-07-09 17:19:53,bbva_peru,Jun 4,"¿Listo para ganar uno de los 2 DEPAS DE ESTRENO que la Cuenta Ganadora BBVA tiene para ti? ¡Abriendo tu cuenta desde S/1,500 participas al instante! 🏢😎

Ábrela Aquí: bbva.info/2kw78IE
#BBVA #BancoBBVA #CuentaGanadoraBBVA #Ahorrar #CuentaDeAhorros",4,0,0,0,707
2025-07-09 17:19:53,bbva_peru,Jun 2,"Tenemos una cuenta para acompañarte en cada manera de avanzar.

#BBVA #proyectos #avanzamos",2,0,3,0,839
2025-07-09 17:19:53,bbva_peru,May 28,Para hacer realidad tu próximo proyecto necesitas un banco que te acompañe con:,4,0,1,0,848
2025-07-09 17:19:53,bbva_peru,May 26,"¿Listo para hacer realidad cada uno de tus proyectos? En BBVA, nos renovamos para acompañarte en cada paso. 😎💪

#BBVA #proyectos #Avanzamos",0,0,2,0,856
2025-07-09 17:19:53,bbva_peru,May 23,Separar tu dinero para cubrir cada gasto del mes es posible con tu App BBVA y su función...,1,0,2,0,975
2025-07-09 17:19:53,bbva_peru,May 23,"¿App o Agencia? 😎 Decide con LIBERTAD desde dónde hacer tus TRANSFERENCIAS TOTALMENTE GRATIS con la Cuenta Independencia BBVA. 💵😉

Abre tu cuenta aquí: bbva.info/32eZMcG
#BBVA #BancoBBVA #CuentaIndependencia #TransferenciasSinComisiones #CercaníaYConfianza",1,0,1,0,847
2025-07-09 17:19:53,bbva_peru,May 22,"🏠🚗🎒✨ No hay proyecto grande o pequeño, lo importante es seguir avanzando. Hoy estrenamos imagen y renovamos nuestro compromiso de acompañarte en cada paso, brindándote las herramientas que impulsan tus decisiones. ¿Avanzamos?",0,0,1,0,836
2025-07-09 17:19:53,bbva_peru,May 20,"Todos tenemos un proyecto que queremos hacer realidad👀 ¿Cuál de estos te motiva más? ¡Mejor aún, escribe el tuyo en los comentarios!",0,0,1,0,643
2025-07-09 17:19:53,bbva_peru,May 19,☝️ Con la Cuenta Independencia BBVA puedo realizar todas mis operaciones por canales físicos TOTALMENTE GRATIS.,1,0,0,0,763
2025-07-09 17:19:53,bbva_peru,May 19,"¡Aún estás a tiempo! 📷📷 Abre o incrementa tu cuenta desde S/3,200 y GANA AL INSTANTE  tu set de cubiertos Tramontina. ¡No te quedes fuera! 📷
Abre tu cuenta aquí: bbva.info/3LWb53n
#BBVA #BancoBBVA #QDA #QuincenaDelAhorro #Ahorrar",2,0,0,0,713
2025-07-09 18:29:27,bbva_peru,3 h,¿Cómo te convendría pagar los pasajes de tu viaje por Fiestas Patrias?,0,0,0,0,158
2025-07-09 18:29:27,bbva_peru,Jun 25,"Mostremos nuestro orgullo todo el año. 🏳️‍🌈🏳️‍⚧️ En Be Yourself, ya impulsamos acciones internas para hacerlo posible, y seguiremos trabajando para que sea una realidad en todo el país. 💪😎

#BBVA #orgullo #pride",13,1,8,1,2.0K
2025-07-09 18:29:27,bbva_peru,Jun 24,"¿Avanzamos? Tus metas se hacen posible con la rentabilidad y seguridad que tiene la Cuenta Vip. Conoce más 👉 bbva.info/40jA8E9  😊

#BBVA #CuentaBBVA #VIP #metas",1,0,0,0,1.0K
2025-07-09 18:29:27,bbva_peru,Jun 18,"¿A qué zona irás en el concierto de Green Day?...
Por cierto, tus Tarjetas BBVA te dan beneficios para que puedas conseguir tus entradas. 😉🙌",3,0,0,0,978
2025-07-09 18:29:27,bbva_peru,Jun 17,¿Qué cuenta sorteará en unas semanas 2 DEPAS DE ESTRENO solo por ahorrar?,1,0,0,0,885
2025-07-09 18:29:27,bbva_peru,Jun 16,"Cuenta Independencia BBVA
¿Sabes todos los BENEFICIOS de la Cuenta Independencia BBVA? 

Descúbrelos aquí: bbva.info/4dUWLo4

¿Listo para avanzar?",2,0,0,0,918
2025-07-09 18:29:27,bbva_peru,Jun 10,"Hay muchas formas de avanzar… y una de ellas es ganarte tu nuevo depa de estreno. 🏠💙 Abriendo tu Cuenta Ganadora, participas por 2 departamentos de estreno.

Conoce más aquí: bbva.info/45dZ3fT
#BBVA #CuentasBBVA #Avanzamos",0,0,0,0,775
2025-07-09 18:29:27,bbva_peru,Jun 10,Cuando hay que pagar los servicios existen dos tipos de personas. ¿Cuál eres tú?,0,0,0,0,736
2025-07-09 18:29:27,bbva_peru,Jun 10,"¡Un depa puede ser tuyo! 🙌 Abriendo tu Cuenta Ganadora BBVA desde S/1500, ya estás participando. Ver más información en bbva.pe/cuentas 😉

#CuentasBBVA #BBVA #Avanzamos",0,0,0,0,768
2025-07-09 18:29:27,bbva_peru,Jun 6,"¿Listo para verlos actuar por el Día del Padre? 😊 Si ese día tienes que ir al banco ya sabes que puedes elegir en qué horario hacerlo con Turno Digital desde tu App BBVA. 😎📱

Conoce más aquí: bbva.info/42vhRpz
#BBVA #BancoBBVA #TurnoDigital #Tiempo",0,0,0,0,737
2025-07-09 18:29:27,bbva_peru,Jun 4,"¿Listo para ganar uno de los 2 DEPAS DE ESTRENO que la Cuenta Ganadora BBVA tiene para ti? ¡Abriendo tu cuenta desde S/1,500 participas al instante! 🏢😎

Ábrela Aquí: bbva.info/2kw78IE
#BBVA #BancoBBVA #CuentaGanadoraBBVA #Ahorrar #CuentaDeAhorros",4,0,0,0,707
2025-07-09 18:29:27,bbva_peru,Jun 2,"Tenemos una cuenta para acompañarte en cada manera de avanzar.

#BBVA #proyectos #avanzamos",2,0,3,0,839
2025-07-09 18:29:27,bbva_peru,May 28,Para hacer realidad tu próximo proyecto necesitas un banco que te acompañe con:,4,0,1,0,848
2025-07-09 18:29:27,bbva_peru,May 26,"¿Listo para hacer realidad cada uno de tus proyectos? En BBVA, nos renovamos para acompañarte en cada paso. 😎💪

#BBVA #proyectos #Avanzamos",0,0,2,0,856
2025-07-09 18:29:27,bbva_peru,May 23,Separar tu dinero para cubrir cada gasto del mes es posible con tu App BBVA y su función...,1,0,2,0,975
2025-07-09 18:29:27,bbva_peru,May 23,"¿App o Agencia? 😎 Decide con LIBERTAD desde dónde hacer tus TRANSFERENCIAS TOTALMENTE GRATIS con la Cuenta Independencia BBVA. 💵😉

Abre tu cuenta aquí: bbva.info/32eZMcG
#BBVA #BancoBBVA #CuentaIndependencia #TransferenciasSinComisiones #CercaníaYConfianza",1,0,1,0,847
2025-07-09 18:29:27,bbva_peru,May 22,"🏠🚗🎒✨ No hay proyecto grande o pequeño, lo importante es seguir avanzando. Hoy estrenamos imagen y renovamos nuestro compromiso de acompañarte en cada paso, brindándote las herramientas que impulsan tus decisiones. ¿Avanzamos?",0,0,1,0,836
2025-07-09 18:29:27,bbva_peru,May 20,"Todos tenemos un proyecto que queremos hacer realidad👀 ¿Cuál de estos te motiva más? ¡Mejor aún, escribe el tuyo en los comentarios!",0,0,1,0,643
2025-07-09 18:29:27,bbva_peru,May 19,☝️ Con la Cuenta Independencia BBVA puedo realizar todas mis operaciones por canales físicos TOTALMENTE GRATIS.,1,0,0,0,763
2025-07-09 18:29:27,bbva_peru,May 19,"¡Aún estás a tiempo! 📷📷 Abre o incrementa tu cuenta desde S/3,200 y GANA AL INSTANTE  tu set de cubiertos Tramontina. ¡No te quedes fuera! 📷
Abre tu cuenta aquí: bbva.info/3LWb53n
#BBVA #BancoBBVA #QDA #QuincenaDelAhorro #Ahorrar",2,0,0,0,713
2025-07-10 20:22:24,bbva_peru,Jul 9,¿Cómo te convendría pagar los pasajes de tu viaje por Fiestas Patrias?,0,0,0,0,274
2025-07-10 20:22:24,bbva_peru,Jun 25,"Mostremos nuestro orgullo todo el año. 🏳️‍🌈🏳️‍⚧️ En Be Yourself, ya impulsamos acciones internas para hacerlo posible, y seguiremos trabajando para que sea una realidad en todo el país. 💪😎

#BBVA #orgullo #pride",13,1,8,1,2.0K
2025-07-10 20:22:24,bbva_peru,Jun 24,"¿Avanzamos? Tus metas se hacen posible con la rentabilidad y seguridad que tiene la Cuenta Vip. Conoce más 👉 bbva.info/40jA8E9  😊

#BBVA #CuentaBBVA #VIP #metas",1,0,0,0,1.0K
2025-07-10 20:22:24,bbva_peru,Jun 18,"¿A qué zona irás en el concierto de Green Day?...
Por cierto, tus Tarjetas BBVA te dan beneficios para que puedas conseguir tus entradas. 😉🙌",3,0,0,0,995
2025-07-10 20:22:24,bbva_peru,Jun 17,¿Qué cuenta sorteará en unas semanas 2 DEPAS DE ESTRENO solo por ahorrar?,1,0,0,0,902
2025-07-10 20:22:24,bbva_peru,Jun 16,"Cuenta Independencia BBVA
¿Sabes todos los BENEFICIOS de la Cuenta Independencia BBVA? 

Descúbrelos aquí: bbva.info/4dUWLo4

¿Listo para avanzar?",2,0,0,0,932
2025-07-10 20:22:24,bbva_peru,Jun 10,"Hay muchas formas de avanzar… y una de ellas es ganarte tu nuevo depa de estreno. 🏠💙 Abriendo tu Cuenta Ganadora, participas por 2 departamentos de estreno.

Conoce más aquí: bbva.info/45dZ3fT
#BBVA #CuentasBBVA #Avanzamos",0,0,0,0,789
2025-07-10 20:22:24,bbva_peru,Jun 10,Cuando hay que pagar los servicios existen dos tipos de personas. ¿Cuál eres tú?,0,0,0,0,747
2025-07-10 20:22:24,bbva_peru,Jun 10,"¡Un depa puede ser tuyo! 🙌 Abriendo tu Cuenta Ganadora BBVA desde S/1500, ya estás participando. Ver más información en bbva.pe/cuentas 😉

#CuentasBBVA #BBVA #Avanzamos",0,0,0,0,781
2025-07-10 20:22:24,bbva_peru,Jun 6,"¿Listo para verlos actuar por el Día del Padre? 😊 Si ese día tienes que ir al banco ya sabes que puedes elegir en qué horario hacerlo con Turno Digital desde tu App BBVA. 😎📱

Conoce más aquí: bbva.info/42vhRpz
#BBVA #BancoBBVA #TurnoDigital #Tiempo",0,0,0,0,745
2025-07-10 20:22:24,bbva_peru,Jun 4,"¿Listo para ganar uno de los 2 DEPAS DE ESTRENO que la Cuenta Ganadora BBVA tiene para ti? ¡Abriendo tu cuenta desde S/1,500 participas al instante! 🏢😎

Ábrela Aquí: bbva.info/2kw78IE
#BBVA #BancoBBVA #CuentaGanadoraBBVA #Ahorrar #CuentaDeAhorros",4,0,0,0,713
2025-07-10 20:22:24,bbva_peru,Jun 2,"Tenemos una cuenta para acompañarte en cada manera de avanzar.

#BBVA #proyectos #avanzamos",2,0,3,0,848
2025-07-10 20:22:24,bbva_peru,May 28,Para hacer realidad tu próximo proyecto necesitas un banco que te acompañe con:,4,0,1,0,853
2025-07-10 20:22:24,bbva_peru,May 26,"¿Listo para hacer realidad cada uno de tus proyectos? En BBVA, nos renovamos para acompañarte en cada paso. 😎💪

#BBVA #proyectos #Avanzamos",0,0,2,0,861
2025-07-10 20:22:24,bbva_peru,May 23,Separar tu dinero para cubrir cada gasto del mes es posible con tu App BBVA y su función...,1,0,2,0,979
2025-07-10 20:22:24,bbva_peru,May 23,"¿App o Agencia? 😎 Decide con LIBERTAD desde dónde hacer tus TRANSFERENCIAS TOTALMENTE GRATIS con la Cuenta Independencia BBVA. 💵😉

Abre tu cuenta aquí: bbva.info/32eZMcG
#BBVA #BancoBBVA #CuentaIndependencia #TransferenciasSinComisiones #CercaníaYConfianza",1,0,1,0,852
2025-07-10 20:22:24,bbva_peru,May 22,"🏠🚗🎒✨ No hay proyecto grande o pequeño, lo importante es seguir avanzando. Hoy estrenamos imagen y renovamos nuestro compromiso de acompañarte en cada paso, brindándote las herramientas que impulsan tus decisiones. ¿Avanzamos?",0,0,1,0,842
2025-07-10 20:22:24,bbva_peru,May 20,"Todos tenemos un proyecto que queremos hacer realidad👀 ¿Cuál de estos te motiva más? ¡Mejor aún, escribe el tuyo en los comentarios!",0,0,1,0,646
2025-07-10 20:22:24,bbva_peru,May 19,☝️ Con la Cuenta Independencia BBVA puedo realizar todas mis operaciones por canales físicos TOTALMENTE GRATIS.,1,0,0,0,766
2025-07-10 20:22:24,bbva_peru,May 19,"¡Aún estás a tiempo! 📷📷 Abre o incrementa tu cuenta desde S/3,200 y GANA AL INSTANTE  tu set de cubiertos Tramontina. ¡No te quedes fuera! 📷
Abre tu cuenta aquí: bbva.info/3LWb53n
#BBVA #BancoBBVA #QDA #QuincenaDelAhorro #Ahorrar",2,0,0,0,716
2025-07-10 21:20:38,bbva_peru,Jul 9,¿Cómo te convendría pagar los pasajes de tu viaje por Fiestas Patrias?,0,0,0,0,276
2025-07-10 21:20:38,bbva_peru,Jun 25,"Mostremos nuestro orgullo todo el año. 🏳️‍🌈🏳️‍⚧️ En Be Yourself, ya impulsamos acciones internas para hacerlo posible, y seguiremos trabajando para que sea una realidad en todo el país. 💪😎

#BBVA #orgullo #pride",13,1,8,1,2.0K
2025-07-10 21:20:38,bbva_peru,Jun 24,"¿Avanzamos? Tus metas se hacen posible con la rentabilidad y seguridad que tiene la Cuenta Vip. Conoce más 👉 bbva.info/40jA8E9  😊

#BBVA #CuentaBBVA #VIP #metas",1,0,0,0,1.0K
2025-07-10 21:20:38,bbva_peru,Jun 18,"¿A qué zona irás en el concierto de Green Day?...
Por cierto, tus Tarjetas BBVA te dan beneficios para que puedas conseguir tus entradas. 😉🙌",3,0,0,0,996
2025-07-10 21:20:38,bbva_peru,Jun 17,¿Qué cuenta sorteará en unas semanas 2 DEPAS DE ESTRENO solo por ahorrar?,1,0,0,0,903
2025-07-10 21:20:38,bbva_peru,Jun 16,"Cuenta Independencia BBVA
¿Sabes todos los BENEFICIOS de la Cuenta Independencia BBVA? 

Descúbrelos aquí: bbva.info/4dUWLo4

¿Listo para avanzar?",2,0,0,0,933
2025-07-10 21:20:38,bbva_peru,Jun 10,"Hay muchas formas de avanzar… y una de ellas es ganarte tu nuevo depa de estreno. 🏠💙 Abriendo tu Cuenta Ganadora, participas por 2 departamentos de estreno.

Conoce más aquí: bbva.info/45dZ3fT
#BBVA #CuentasBBVA #Avanzamos",0,0,0,0,790
2025-07-10 21:20:38,bbva_peru,Jun 10,Cuando hay que pagar los servicios existen dos tipos de personas. ¿Cuál eres tú?,0,0,0,0,748
2025-07-10 21:20:38,bbva_peru,Jun 10,"¡Un depa puede ser tuyo! 🙌 Abriendo tu Cuenta Ganadora BBVA desde S/1500, ya estás participando. Ver más información en bbva.pe/cuentas 😉

#CuentasBBVA #BBVA #Avanzamos",0,0,0,0,782
2025-07-10 21:20:38,bbva_peru,Jun 6,"¿Listo para verlos actuar por el Día del Padre? 😊 Si ese día tienes que ir al banco ya sabes que puedes elegir en qué horario hacerlo con Turno Digital desde tu App BBVA. 😎📱

Conoce más aquí: bbva.info/42vhRpz
#BBVA #BancoBBVA #TurnoDigital #Tiempo",0,0,0,0,745
2025-07-10 21:20:38,bbva_peru,Jun 4,"¿Listo para ganar uno de los 2 DEPAS DE ESTRENO que la Cuenta Ganadora BBVA tiene para ti? ¡Abriendo tu cuenta desde S/1,500 participas al instante! 🏢😎

Ábrela Aquí: bbva.info/2kw78IE
#BBVA #BancoBBVA #CuentaGanadoraBBVA #Ahorrar #CuentaDeAhorros",4,0,0,0,713
2025-07-10 21:20:38,bbva_peru,Jun 2,"Tenemos una cuenta para acompañarte en cada manera de avanzar.

#BBVA #proyectos #avanzamos",2,0,3,0,848
2025-07-10 21:20:38,bbva_peru,May 28,Para hacer realidad tu próximo proyecto necesitas un banco que te acompañe con:,4,0,1,0,853
2025-07-10 21:20:38,bbva_peru,May 26,"¿Listo para hacer realidad cada uno de tus proyectos? En BBVA, nos renovamos para acompañarte en cada paso. 😎💪

#BBVA #proyectos #Avanzamos",0,0,2,0,862
2025-07-10 21:20:38,bbva_peru,May 23,Separar tu dinero para cubrir cada gasto del mes es posible con tu App BBVA y su función...,1,0,2,0,978
2025-07-10 21:20:38,bbva_peru,May 23,"¿App o Agencia? 😎 Decide con LIBERTAD desde dónde hacer tus TRANSFERENCIAS TOTALMENTE GRATIS con la Cuenta Independencia BBVA. 💵😉

Abre tu cuenta aquí: bbva.info/32eZMcG
#BBVA #BancoBBVA #CuentaIndependencia #TransferenciasSinComisiones #CercaníaYConfianza",1,0,1,0,853
2025-07-10 21:20:38,bbva_peru,May 22,"🏠🚗🎒✨ No hay proyecto grande o pequeño, lo importante es seguir avanzando. Hoy estrenamos imagen y renovamos nuestro compromiso de acompañarte en cada paso, brindándote las herramientas que impulsan tus decisiones. ¿Avanzamos?",0,0,1,0,842
2025-07-10 21:20:38,bbva_peru,May 20,"Todos tenemos un proyecto que queremos hacer realidad👀 ¿Cuál de estos te motiva más? ¡Mejor aún, escribe el tuyo en los comentarios!",0,0,1,0,646
2025-07-10 21:20:38,bbva_peru,May 19,☝️ Con la Cuenta Independencia BBVA puedo realizar todas mis operaciones por canales físicos TOTALMENTE GRATIS.,1,0,0,0,765
2025-07-10 21:20:38,bbva_peru,May 19,"¡Aún estás a tiempo! 📷📷 Abre o incrementa tu cuenta desde S/3,200 y GANA AL INSTANTE  tu set de cubiertos Tramontina. ¡No te quedes fuera! 📷
Abre tu cuenta aquí: bbva.info/3LWb53n
#BBVA #BancoBBVA #QDA #QuincenaDelAhorro #Ahorrar",2,0,0,0,716
2025-07-10 22:19:19,bbva_peru,Jul 9,¿Cómo te convendría pagar los pasajes de tu viaje por Fiestas Patrias?,0,0,0,0,277
2025-07-10 22:19:19,bbva_peru,Jun 25,"Mostremos nuestro orgullo todo el año. 🏳️‍🌈🏳️‍⚧️ En Be Yourself, ya impulsamos acciones internas para hacerlo posible, y seguiremos trabajando para que sea una realidad en todo el país. 💪😎

#BBVA #orgullo #pride",13,1,8,1,2.0K
2025-07-10 22:19:19,bbva_peru,Jun 24,"¿Avanzamos? Tus metas se hacen posible con la rentabilidad y seguridad que tiene la Cuenta Vip. Conoce más 👉 bbva.info/40jA8E9  😊

#BBVA #CuentaBBVA #VIP #metas",1,0,0,0,1.0K
2025-07-10 22:19:19,bbva_peru,Jun 18,"¿A qué zona irás en el concierto de Green Day?...
Por cierto, tus Tarjetas BBVA te dan beneficios para que puedas conseguir tus entradas. 😉🙌",3,0,0,0,996
2025-07-10 22:19:19,bbva_peru,Jun 17,¿Qué cuenta sorteará en unas semanas 2 DEPAS DE ESTRENO solo por ahorrar?,1,0,0,0,903
2025-07-10 22:19:19,bbva_peru,Jun 16,"Cuenta Independencia BBVA
¿Sabes todos los BENEFICIOS de la Cuenta Independencia BBVA? 

Descúbrelos aquí: bbva.info/4dUWLo4

¿Listo para avanzar?",2,0,0,0,933
2025-07-10 22:19:19,bbva_peru,Jun 10,"Hay muchas formas de avanzar… y una de ellas es ganarte tu nuevo depa de estreno. 🏠💙 Abriendo tu Cuenta Ganadora, participas por 2 departamentos de estreno.

Conoce más aquí: bbva.info/45dZ3fT
#BBVA #CuentasBBVA #Avanzamos",0,0,0,0,790
2025-07-10 22:19:19,bbva_peru,Jun 10,Cuando hay que pagar los servicios existen dos tipos de personas. ¿Cuál eres tú?,0,0,0,0,748
2025-07-10 22:19:19,bbva_peru,Jun 10,"¡Un depa puede ser tuyo! 🙌 Abriendo tu Cuenta Ganadora BBVA desde S/1500, ya estás participando. Ver más información en bbva.pe/cuentas 😉

#CuentasBBVA #BBVA #Avanzamos",0,0,0,0,782
2025-07-10 22:19:19,bbva_peru,Jun 6,"¿Listo para verlos actuar por el Día del Padre? 😊 Si ese día tienes que ir al banco ya sabes que puedes elegir en qué horario hacerlo con Turno Digital desde tu App BBVA. 😎📱

Conoce más aquí: bbva.info/42vhRpz
#BBVA #BancoBBVA #TurnoDigital #Tiempo",0,0,0,0,745
2025-07-10 22:19:19,bbva_peru,Jun 4,"¿Listo para ganar uno de los 2 DEPAS DE ESTRENO que la Cuenta Ganadora BBVA tiene para ti? ¡Abriendo tu cuenta desde S/1,500 participas al instante! 🏢😎

Ábrela Aquí: bbva.info/2kw78IE
#BBVA #BancoBBVA #CuentaGanadoraBBVA #Ahorrar #CuentaDeAhorros",4,0,0,0,713
2025-07-10 22:19:19,bbva_peru,Jun 2,"Tenemos una cuenta para acompañarte en cada manera de avanzar.

#BBVA #proyectos #avanzamos",2,0,3,0,848
2025-07-10 22:19:19,bbva_peru,May 28,Para hacer realidad tu próximo proyecto necesitas un banco que te acompañe con:,4,0,1,0,853
2025-07-10 22:19:19,bbva_peru,May 26,"¿Listo para hacer realidad cada uno de tus proyectos? En BBVA, nos renovamos para acompañarte en cada paso. 😎💪

#BBVA #proyectos #Avanzamos",0,0,2,0,862
2025-07-10 22:19:19,bbva_peru,May 23,Separar tu dinero para cubrir cada gasto del mes es posible con tu App BBVA y su función...,1,0,2,0,978
2025-07-10 22:19:19,bbva_peru,May 23,"¿App o Agencia? 😎 Decide con LIBERTAD desde dónde hacer tus TRANSFERENCIAS TOTALMENTE GRATIS con la Cuenta Independencia BBVA. 💵😉

Abre tu cuenta aquí: bbva.info/32eZMcG
#BBVA #BancoBBVA #CuentaIndependencia #TransferenciasSinComisiones #CercaníaYConfianza",1,0,1,0,853
2025-07-10 22:19:19,bbva_peru,May 22,"🏠🚗🎒✨ No hay proyecto grande o pequeño, lo importante es seguir avanzando. Hoy estrenamos imagen y renovamos nuestro compromiso de acompañarte en cada paso, brindándote las herramientas que impulsan tus decisiones. ¿Avanzamos?",0,0,1,0,842
2025-07-10 22:19:19,bbva_peru,May 20,"Todos tenemos un proyecto que queremos hacer realidad👀 ¿Cuál de estos te motiva más? ¡Mejor aún, escribe el tuyo en los comentarios!",0,0,1,0,646
2025-07-10 22:19:19,bbva_peru,May 19,☝️ Con la Cuenta Independencia BBVA puedo realizar todas mis operaciones por canales físicos TOTALMENTE GRATIS.,1,0,0,0,765
2025-07-10 22:19:19,bbva_peru,May 19,"¡Aún estás a tiempo! 📷📷 Abre o incrementa tu cuenta desde S/3,200 y GANA AL INSTANTE  tu set de cubiertos Tramontina. ¡No te quedes fuera! 📷
Abre tu cuenta aquí: bbva.info/3LWb53n
#BBVA #BancoBBVA #QDA #QuincenaDelAhorro #Ahorrar",2,0,0,0,716
2025-07-10 23:19:46,bbva_peru,Jul 9,¿Cómo te convendría pagar los pasajes de tu viaje por Fiestas Patrias?,0,0,0,0,278
2025-07-10 23:19:46,bbva_peru,Jun 25,"Mostremos nuestro orgullo todo el año. 🏳️‍🌈🏳️‍⚧️ En Be Yourself, ya impulsamos acciones internas para hacerlo posible, y seguiremos trabajando para que sea una realidad en todo el país. 💪😎

#BBVA #orgullo #pride",13,1,8,1,2.0K
2025-07-10 23:19:46,bbva_peru,Jun 24,"¿Avanzamos? Tus metas se hacen posible con la rentabilidad y seguridad que tiene la Cuenta Vip. Conoce más 👉 bbva.info/40jA8E9  😊

#BBVA #CuentaBBVA #VIP #metas",1,0,0,0,1.0K
2025-07-10 23:19:46,bbva_peru,Jun 18,"¿A qué zona irás en el concierto de Green Day?...
Por cierto, tus Tarjetas BBVA te dan beneficios para que puedas conseguir tus entradas. 😉🙌",3,0,0,0,997
2025-07-10 23:19:46,bbva_peru,Jun 17,¿Qué cuenta sorteará en unas semanas 2 DEPAS DE ESTRENO solo por ahorrar?,1,0,0,0,904
2025-07-10 23:19:46,bbva_peru,Jun 16,"Cuenta Independencia BBVA
¿Sabes todos los BENEFICIOS de la Cuenta Independencia BBVA? 

Descúbrelos aquí: bbva.info/4dUWLo4

¿Listo para avanzar?",2,0,0,0,934
2025-07-10 23:19:46,bbva_peru,Jun 10,"Hay muchas formas de avanzar… y una de ellas es ganarte tu nuevo depa de estreno. 🏠💙 Abriendo tu Cuenta Ganadora, participas por 2 departamentos de estreno.

Conoce más aquí: bbva.info/45dZ3fT
#BBVA #CuentasBBVA #Avanzamos",0,0,0,0,791
2025-07-10 23:19:46,bbva_peru,Jun 10,Cuando hay que pagar los servicios existen dos tipos de personas. ¿Cuál eres tú?,0,0,0,0,749
2025-07-10 23:19:46,bbva_peru,Jun 10,"¡Un depa puede ser tuyo! 🙌 Abriendo tu Cuenta Ganadora BBVA desde S/1500, ya estás participando. Ver más información en bbva.pe/cuentas 😉

#CuentasBBVA #BBVA #Avanzamos",0,0,0,0,783
2025-07-10 23:19:46,bbva_peru,Jun 6,"¿Listo para verlos actuar por el Día del Padre? 😊 Si ese día tienes que ir al banco ya sabes que puedes elegir en qué horario hacerlo con Turno Digital desde tu App BBVA. 😎📱

Conoce más aquí: bbva.info/42vhRpz
#BBVA #BancoBBVA #TurnoDigital #Tiempo",0,0,0,0,746
2025-07-10 23:19:46,bbva_peru,Jun 4,"¿Listo para ganar uno de los 2 DEPAS DE ESTRENO que la Cuenta Ganadora BBVA tiene para ti? ¡Abriendo tu cuenta desde S/1,500 participas al instante! 🏢😎

Ábrela Aquí: bbva.info/2kw78IE
#BBVA #BancoBBVA #CuentaGanadoraBBVA #Ahorrar #CuentaDeAhorros",4,0,0,0,714
2025-07-10 23:19:46,bbva_peru,Jun 2,"Tenemos una cuenta para acompañarte en cada manera de avanzar.

#BBVA #proyectos #avanzamos",2,0,3,0,848
2025-07-10 23:19:46,bbva_peru,May 28,Para hacer realidad tu próximo proyecto necesitas un banco que te acompañe con:,4,0,1,0,853
2025-07-10 23:19:46,bbva_peru,May 26,"¿Listo para hacer realidad cada uno de tus proyectos? En BBVA, nos renovamos para acompañarte en cada paso. 😎💪

#BBVA #proyectos #Avanzamos",0,0,2,0,862
2025-07-10 23:19:46,bbva_peru,May 23,Separar tu dinero para cubrir cada gasto del mes es posible con tu App BBVA y su función...,1,0,2,0,978
2025-07-10 23:19:46,bbva_peru,May 23,"¿App o Agencia? 😎 Decide con LIBERTAD desde dónde hacer tus TRANSFERENCIAS TOTALMENTE GRATIS con la Cuenta Independencia BBVA. 💵😉

Abre tu cuenta aquí: bbva.info/32eZMcG
#BBVA #BancoBBVA #CuentaIndependencia #TransferenciasSinComisiones #CercaníaYConfianza",1,0,1,0,853
2025-07-10 23:19:46,bbva_peru,May 22,"🏠🚗🎒✨ No hay proyecto grande o pequeño, lo importante es seguir avanzando. Hoy estrenamos imagen y renovamos nuestro compromiso de acompañarte en cada paso, brindándote las herramientas que impulsan tus decisiones. ¿Avanzamos?",0,0,1,0,842
2025-07-10 23:19:46,bbva_peru,May 20,"Todos tenemos un proyecto que queremos hacer realidad👀 ¿Cuál de estos te motiva más? ¡Mejor aún, escribe el tuyo en los comentarios!",0,0,1,0,646
2025-07-10 23:19:46,bbva_peru,May 19,☝️ Con la Cuenta Independencia BBVA puedo realizar todas mis operaciones por canales físicos TOTALMENTE GRATIS.,1,0,0,0,765
2025-07-10 23:19:46,bbva_peru,May 19,"¡Aún estás a tiempo! 📷📷 Abre o incrementa tu cuenta desde S/3,200 y GANA AL INSTANTE  tu set de cubiertos Tramontina. ¡No te quedes fuera! 📷
Abre tu cuenta aquí: bbva.info/3LWb53n
#BBVA #BancoBBVA #QDA #QuincenaDelAhorro #Ahorrar",2,0,0,0,716
2025-07-11 01:44:00,bbva_peru,Jul 9,¿Cómo te convendría pagar los pasajes de tu viaje por Fiestas Patrias?,0,0,0,0,285
2025-07-11 01:44:00,bbva_peru,Jun 25,"Mostremos nuestro orgullo todo el año. 🏳️‍🌈🏳️‍⚧️ En Be Yourself, ya impulsamos acciones internas para hacerlo posible, y seguiremos trabajando para que sea una realidad en todo el país. 💪😎

#BBVA #orgullo #pride",13,1,8,1,2.0K
2025-07-11 01:44:00,bbva_peru,Jun 24,"¿Avanzamos? Tus metas se hacen posible con la rentabilidad y seguridad que tiene la Cuenta Vip. Conoce más 👉 bbva.info/40jA8E9  😊

#BBVA #CuentaBBVA #VIP #metas",1,0,0,0,1.0K
2025-07-11 01:44:00,bbva_peru,Jun 18,"¿A qué zona irás en el concierto de Green Day?...
Por cierto, tus Tarjetas BBVA te dan beneficios para que puedas conseguir tus entradas. 😉🙌",3,0,0,0,1.0K
2025-07-11 01:44:00,bbva_peru,Jun 17,¿Qué cuenta sorteará en unas semanas 2 DEPAS DE ESTRENO solo por ahorrar?,1,0,0,0,905
2025-07-11 01:44:00,bbva_peru,Jun 16,"Cuenta Independencia BBVA
¿Sabes todos los BENEFICIOS de la Cuenta Independencia BBVA? 

Descúbrelos aquí: bbva.info/4dUWLo4

¿Listo para avanzar?",2,0,0,0,935
2025-07-11 01:44:00,bbva_peru,Jun 10,"Hay muchas formas de avanzar… y una de ellas es ganarte tu nuevo depa de estreno. 🏠💙 Abriendo tu Cuenta Ganadora, participas por 2 departamentos de estreno.

Conoce más aquí: bbva.info/45dZ3fT
#BBVA #CuentasBBVA #Avanzamos",0,0,0,0,792
2025-07-11 01:44:00,bbva_peru,Jun 10,Cuando hay que pagar los servicios existen dos tipos de personas. ¿Cuál eres tú?,0,0,0,0,750
2025-07-11 01:44:00,bbva_peru,Jun 10,"¡Un depa puede ser tuyo! 🙌 Abriendo tu Cuenta Ganadora BBVA desde S/1500, ya estás participando. Ver más información en bbva.pe/cuentas 😉

#CuentasBBVA #BBVA #Avanzamos",0,0,0,0,784
2025-07-11 01:44:00,bbva_peru,Jun 6,"¿Listo para verlos actuar por el Día del Padre? 😊 Si ese día tienes que ir al banco ya sabes que puedes elegir en qué horario hacerlo con Turno Digital desde tu App BBVA. 😎📱

Conoce más aquí: bbva.info/42vhRpz
#BBVA #BancoBBVA #TurnoDigital #Tiempo",0,0,0,0,746
2025-07-11 01:44:00,bbva_peru,Jun 4,"¿Listo para ganar uno de los 2 DEPAS DE ESTRENO que la Cuenta Ganadora BBVA tiene para ti? ¡Abriendo tu cuenta desde S/1,500 participas al instante! 🏢😎

Ábrela Aquí: bbva.info/2kw78IE
#BBVA #BancoBBVA #CuentaGanadoraBBVA #Ahorrar #CuentaDeAhorros",4,0,0,0,714
2025-07-11 01:44:00,bbva_peru,Jun 2,"Tenemos una cuenta para acompañarte en cada manera de avanzar.

#BBVA #proyectos #avanzamos",2,0,3,0,848
2025-07-11 01:44:00,bbva_peru,May 28,Para hacer realidad tu próximo proyecto necesitas un banco que te acompañe con:,4,0,1,0,853
2025-07-11 01:44:00,bbva_peru,May 26,"¿Listo para hacer realidad cada uno de tus proyectos? En BBVA, nos renovamos para acompañarte en cada paso. 😎💪

#BBVA #proyectos #Avanzamos",0,0,2,0,861
2025-07-11 01:44:00,bbva_peru,May 23,Separar tu dinero para cubrir cada gasto del mes es posible con tu App BBVA y su función...,1,0,2,0,979
2025-07-11 01:44:00,bbva_peru,May 23,"¿App o Agencia? 😎 Decide con LIBERTAD desde dónde hacer tus TRANSFERENCIAS TOTALMENTE GRATIS con la Cuenta Independencia BBVA. 💵😉

Abre tu cuenta aquí: bbva.info/32eZMcG
#BBVA #BancoBBVA #CuentaIndependencia #TransferenciasSinComisiones #CercaníaYConfianza",1,0,1,0,852
2025-07-11 01:44:00,bbva_peru,May 22,"🏠🚗🎒✨ No hay proyecto grande o pequeño, lo importante es seguir avanzando. Hoy estrenamos imagen y renovamos nuestro compromiso de acompañarte en cada paso, brindándote las herramientas que impulsan tus decisiones. ¿Avanzamos?",0,0,1,0,842
2025-07-11 01:44:00,bbva_peru,May 20,"Todos tenemos un proyecto que queremos hacer realidad👀 ¿Cuál de estos te motiva más? ¡Mejor aún, escribe el tuyo en los comentarios!",0,0,1,0,646
2025-07-11 01:44:00,bbva_peru,May 19,☝️ Con la Cuenta Independencia BBVA puedo realizar todas mis operaciones por canales físicos TOTALMENTE GRATIS.,1,0,0,0,766
2025-07-11 01:44:00,bbva_peru,May 19,"¡Aún estás a tiempo! 📷📷 Abre o incrementa tu cuenta desde S/3,200 y GANA AL INSTANTE  tu set de cubiertos Tramontina. ¡No te quedes fuera! 📷
Abre tu cuenta aquí: bbva.info/3LWb53n
#BBVA #BancoBBVA #QDA #QuincenaDelAhorro #Ahorrar",2,0,0,0,716
2025-07-11 03:27:53,bbva_peru,Jul 9,¿Cómo te convendría pagar los pasajes de tu viaje por Fiestas Patrias?,0,0,0,0,290
2025-07-11 03:27:53,bbva_peru,Jun 25,"Mostremos nuestro orgullo todo el año. 🏳️‍🌈🏳️‍⚧️ En Be Yourself, ya impulsamos acciones internas para hacerlo posible, y seguiremos trabajando para que sea una realidad en todo el país. 💪😎

#BBVA #orgullo #pride",13,1,8,1,2.0K
2025-07-11 03:27:53,bbva_peru,Jun 24,"¿Avanzamos? Tus metas se hacen posible con la rentabilidad y seguridad que tiene la Cuenta Vip. Conoce más 👉 bbva.info/40jA8E9  😊

#BBVA #CuentaBBVA #VIP #metas",1,0,0,0,1.0K
2025-07-11 03:27:53,bbva_peru,Jun 18,"¿A qué zona irás en el concierto de Green Day?...
Por cierto, tus Tarjetas BBVA te dan beneficios para que puedas conseguir tus entradas. 😉🙌",3,0,0,0,1.0K
2025-07-11 03:27:53,bbva_peru,Jun 17,¿Qué cuenta sorteará en unas semanas 2 DEPAS DE ESTRENO solo por ahorrar?,1,0,0,0,905
2025-07-11 03:27:53,bbva_peru,Jun 16,"Cuenta Independencia BBVA
¿Sabes todos los BENEFICIOS de la Cuenta Independencia BBVA? 

Descúbrelos aquí: bbva.info/4dUWLo4

¿Listo para avanzar?",2,0,0,0,935
2025-07-11 03:27:53,bbva_peru,Jun 10,"Hay muchas formas de avanzar… y una de ellas es ganarte tu nuevo depa de estreno. 🏠💙 Abriendo tu Cuenta Ganadora, participas por 2 departamentos de estreno.

Conoce más aquí: bbva.info/45dZ3fT
#BBVA #CuentasBBVA #Avanzamos",0,0,0,0,792
2025-07-11 03:27:53,bbva_peru,Jun 10,Cuando hay que pagar los servicios existen dos tipos de personas. ¿Cuál eres tú?,0,0,0,0,750
2025-07-11 03:27:53,bbva_peru,Jun 10,"¡Un depa puede ser tuyo! 🙌 Abriendo tu Cuenta Ganadora BBVA desde S/1500, ya estás participando. Ver más información en bbva.pe/cuentas 😉

#CuentasBBVA #BBVA #Avanzamos",0,0,0,0,784
2025-07-11 03:27:53,bbva_peru,Jun 6,"¿Listo para verlos actuar por el Día del Padre? 😊 Si ese día tienes que ir al banco ya sabes que puedes elegir en qué horario hacerlo con Turno Digital desde tu App BBVA. 😎📱

Conoce más aquí: bbva.info/42vhRpz
#BBVA #BancoBBVA #TurnoDigital #Tiempo",0,0,0,0,746
2025-07-11 03:27:53,bbva_peru,Jun 4,"¿Listo para ganar uno de los 2 DEPAS DE ESTRENO que la Cuenta Ganadora BBVA tiene para ti? ¡Abriendo tu cuenta desde S/1,500 participas al instante! 🏢😎

Ábrela Aquí: bbva.info/2kw78IE
#BBVA #BancoBBVA #CuentaGanadoraBBVA #Ahorrar #CuentaDeAhorros",4,0,0,0,714
2025-07-11 03:27:53,bbva_peru,Jun 2,"Tenemos una cuenta para acompañarte en cada manera de avanzar.

#BBVA #proyectos #avanzamos",2,0,3,0,848
2025-07-11 03:27:53,bbva_peru,May 28,Para hacer realidad tu próximo proyecto necesitas un banco que te acompañe con:,4,0,1,0,853
2025-07-11 03:27:53,bbva_peru,May 26,"¿Listo para hacer realidad cada uno de tus proyectos? En BBVA, nos renovamos para acompañarte en cada paso. 😎💪

#BBVA #proyectos #Avanzamos",0,0,2,0,861
2025-07-11 03:27:53,bbva_peru,May 23,Separar tu dinero para cubrir cada gasto del mes es posible con tu App BBVA y su función...,1,0,2,0,979
2025-07-11 03:27:53,bbva_peru,May 23,"¿App o Agencia? 😎 Decide con LIBERTAD desde dónde hacer tus TRANSFERENCIAS TOTALMENTE GRATIS con la Cuenta Independencia BBVA. 💵😉

Abre tu cuenta aquí: bbva.info/32eZMcG
#BBVA #BancoBBVA #CuentaIndependencia #TransferenciasSinComisiones #CercaníaYConfianza",1,0,1,0,852
2025-07-11 03:27:53,bbva_peru,May 22,"🏠🚗🎒✨ No hay proyecto grande o pequeño, lo importante es seguir avanzando. Hoy estrenamos imagen y renovamos nuestro compromiso de acompañarte en cada paso, brindándote las herramientas que impulsan tus decisiones. ¿Avanzamos?",0,0,1,0,842
2025-07-11 03:27:53,bbva_peru,May 20,"Todos tenemos un proyecto que queremos hacer realidad👀 ¿Cuál de estos te motiva más? ¡Mejor aún, escribe el tuyo en los comentarios!",0,0,1,0,646
2025-07-11 03:27:53,bbva_peru,May 19,☝️ Con la Cuenta Independencia BBVA puedo realizar todas mis operaciones por canales físicos TOTALMENTE GRATIS.,1,0,0,0,766
2025-07-11 03:27:53,bbva_peru,May 19,"¡Aún estás a tiempo! 📷📷 Abre o incrementa tu cuenta desde S/3,200 y GANA AL INSTANTE  tu set de cubiertos Tramontina. ¡No te quedes fuera! 📷
Abre tu cuenta aquí: bbva.info/3LWb53n
#BBVA #BancoBBVA #QDA #QuincenaDelAhorro #Ahorrar",2,0,0,0,716
2025-07-11 06:31:03,bbva_peru,Jul 9,¿Cómo te convendría pagar los pasajes de tu viaje por Fiestas Patrias?,0,0,0,0,299
2025-07-11 06:31:03,bbva_peru,Jun 25,"Mostremos nuestro orgullo todo el año. 🏳️‍🌈🏳️‍⚧️ En Be Yourself, ya impulsamos acciones internas para hacerlo posible, y seguiremos trabajando para que sea una realidad en todo el país. 💪😎

#BBVA #orgullo #pride",13,1,8,1,2.0K
2025-07-11 06:31:03,bbva_peru,Jun 24,"¿Avanzamos? Tus metas se hacen posible con la rentabilidad y seguridad que tiene la Cuenta Vip. Conoce más 👉 bbva.info/40jA8E9  😊

#BBVA #CuentaBBVA #VIP #metas",1,0,0,0,1.0K
2025-07-11 06:31:03,bbva_peru,Jun 18,"¿A qué zona irás en el concierto de Green Day?...
Por cierto, tus Tarjetas BBVA te dan beneficios para que puedas conseguir tus entradas. 😉🙌",3,0,0,0,1.0K
2025-07-11 06:31:03,bbva_peru,Jun 17,¿Qué cuenta sorteará en unas semanas 2 DEPAS DE ESTRENO solo por ahorrar?,1,0,0,0,906
2025-07-11 06:31:03,bbva_peru,Jun 16,"Cuenta Independencia BBVA
¿Sabes todos los BENEFICIOS de la Cuenta Independencia BBVA? 

Descúbrelos aquí: bbva.info/4dUWLo4

¿Listo para avanzar?",2,0,0,0,936
2025-07-11 06:31:03,bbva_peru,Jun 10,"Hay muchas formas de avanzar… y una de ellas es ganarte tu nuevo depa de estreno. 🏠💙 Abriendo tu Cuenta Ganadora, participas por 2 departamentos de estreno.

Conoce más aquí: bbva.info/45dZ3fT
#BBVA #CuentasBBVA #Avanzamos",0,0,0,0,793
2025-07-11 06:31:03,bbva_peru,Jun 10,Cuando hay que pagar los servicios existen dos tipos de personas. ¿Cuál eres tú?,0,0,0,0,751
2025-07-11 06:31:03,bbva_peru,Jun 10,"¡Un depa puede ser tuyo! 🙌 Abriendo tu Cuenta Ganadora BBVA desde S/1500, ya estás participando. Ver más información en bbva.pe/cuentas 😉

#CuentasBBVA #BBVA #Avanzamos",0,0,0,0,785
2025-07-11 06:31:03,bbva_peru,Jun 6,"¿Listo para verlos actuar por el Día del Padre? 😊 Si ese día tienes que ir al banco ya sabes que puedes elegir en qué horario hacerlo con Turno Digital desde tu App BBVA. 😎📱

Conoce más aquí: bbva.info/42vhRpz
#BBVA #BancoBBVA #TurnoDigital #Tiempo",0,0,0,0,746
2025-07-11 06:31:03,bbva_peru,Jun 4,"¿Listo para ganar uno de los 2 DEPAS DE ESTRENO que la Cuenta Ganadora BBVA tiene para ti? ¡Abriendo tu cuenta desde S/1,500 participas al instante! 🏢😎

Ábrela Aquí: bbva.info/2kw78IE
#BBVA #BancoBBVA #CuentaGanadoraBBVA #Ahorrar #CuentaDeAhorros",4,0,0,0,715
2025-07-11 06:31:03,bbva_peru,Jun 2,"Tenemos una cuenta para acompañarte en cada manera de avanzar.

#BBVA #proyectos #avanzamos",2,0,3,0,848
2025-07-11 06:31:03,bbva_peru,May 28,Para hacer realidad tu próximo proyecto necesitas un banco que te acompañe con:,4,0,1,0,853
2025-07-11 06:31:03,bbva_peru,May 26,"¿Listo para hacer realidad cada uno de tus proyectos? En BBVA, nos renovamos para acompañarte en cada paso. 😎💪

#BBVA #proyectos #Avanzamos",0,0,2,0,861
2025-07-11 06:31:03,bbva_peru,May 23,Separar tu dinero para cubrir cada gasto del mes es posible con tu App BBVA y su función...,1,0,2,0,979
2025-07-11 06:31:03,bbva_peru,May 23,"¿App o Agencia? 😎 Decide con LIBERTAD desde dónde hacer tus TRANSFERENCIAS TOTALMENTE GRATIS con la Cuenta Independencia BBVA. 💵😉

Abre tu cuenta aquí: bbva.info/32eZMcG
#BBVA #BancoBBVA #CuentaIndependencia #TransferenciasSinComisiones #CercaníaYConfianza",1,0,1,0,853
2025-07-11 06:31:03,bbva_peru,May 22,"🏠🚗🎒✨ No hay proyecto grande o pequeño, lo importante es seguir avanzando. Hoy estrenamos imagen y renovamos nuestro compromiso de acompañarte en cada paso, brindándote las herramientas que impulsan tus decisiones. ¿Avanzamos?",0,0,1,0,842
2025-07-11 06:31:03,bbva_peru,May 20,"Todos tenemos un proyecto que queremos hacer realidad👀 ¿Cuál de estos te motiva más? ¡Mejor aún, escribe el tuyo en los comentarios!",0,0,1,0,646
2025-07-11 06:31:03,bbva_peru,May 19,☝️ Con la Cuenta Independencia BBVA puedo realizar todas mis operaciones por canales físicos TOTALMENTE GRATIS.,1,0,0,0,766
2025-07-11 06:31:03,bbva_peru,May 19,"¡Aún estás a tiempo! 📷📷 Abre o incrementa tu cuenta desde S/3,200 y GANA AL INSTANTE  tu set de cubiertos Tramontina. ¡No te quedes fuera! 📷
Abre tu cuenta aquí: bbva.info/3LWb53n
#BBVA #BancoBBVA #QDA #QuincenaDelAhorro #Ahorrar",2,0,0,0,716
2025-07-11 07:21:09,bbva_peru,Jul 9,¿Cómo te convendría pagar los pasajes de tu viaje por Fiestas Patrias?,0,0,0,0,299
2025-07-11 07:21:09,bbva_peru,Jun 25,"Mostremos nuestro orgullo todo el año. 🏳️‍🌈🏳️‍⚧️ En Be Yourself, ya impulsamos acciones internas para hacerlo posible, y seguiremos trabajando para que sea una realidad en todo el país. 💪😎

#BBVA #orgullo #pride",13,1,8,1,2.0K
2025-07-11 07:21:09,bbva_peru,Jun 24,"¿Avanzamos? Tus metas se hacen posible con la rentabilidad y seguridad que tiene la Cuenta Vip. Conoce más 👉 bbva.info/40jA8E9  😊

#BBVA #CuentaBBVA #VIP #metas",1,0,0,0,1.0K
2025-07-11 07:21:09,bbva_peru,Jun 18,"¿A qué zona irás en el concierto de Green Day?...
Por cierto, tus Tarjetas BBVA te dan beneficios para que puedas conseguir tus entradas. 😉🙌",3,0,0,0,1.0K
2025-07-11 07:21:09,bbva_peru,Jun 17,¿Qué cuenta sorteará en unas semanas 2 DEPAS DE ESTRENO solo por ahorrar?,1,0,0,0,906
2025-07-11 07:21:09,bbva_peru,Jun 16,"Cuenta Independencia BBVA
¿Sabes todos los BENEFICIOS de la Cuenta Independencia BBVA? 

Descúbrelos aquí: bbva.info/4dUWLo4

¿Listo para avanzar?",2,0,0,0,936
2025-07-11 07:21:09,bbva_peru,Jun 10,"Hay muchas formas de avanzar… y una de ellas es ganarte tu nuevo depa de estreno. 🏠💙 Abriendo tu Cuenta Ganadora, participas por 2 departamentos de estreno.

Conoce más aquí: bbva.info/45dZ3fT
#BBVA #CuentasBBVA #Avanzamos",0,0,0,0,793
2025-07-11 07:21:09,bbva_peru,Jun 10,Cuando hay que pagar los servicios existen dos tipos de personas. ¿Cuál eres tú?,0,0,0,0,751
2025-07-11 07:21:09,bbva_peru,Jun 10,"¡Un depa puede ser tuyo! 🙌 Abriendo tu Cuenta Ganadora BBVA desde S/1500, ya estás participando. Ver más información en bbva.pe/cuentas 😉

#CuentasBBVA #BBVA #Avanzamos",0,0,0,0,785
2025-07-11 07:21:09,bbva_peru,Jun 6,"¿Listo para verlos actuar por el Día del Padre? 😊 Si ese día tienes que ir al banco ya sabes que puedes elegir en qué horario hacerlo con Turno Digital desde tu App BBVA. 😎📱

Conoce más aquí: bbva.info/42vhRpz
#BBVA #BancoBBVA #TurnoDigital #Tiempo",0,0,0,0,746
2025-07-11 07:21:09,bbva_peru,Jun 4,"¿Listo para ganar uno de los 2 DEPAS DE ESTRENO que la Cuenta Ganadora BBVA tiene para ti? ¡Abriendo tu cuenta desde S/1,500 participas al instante! 🏢😎

Ábrela Aquí: bbva.info/2kw78IE
#BBVA #BancoBBVA #CuentaGanadoraBBVA #Ahorrar #CuentaDeAhorros",4,0,0,0,715
2025-07-11 07:21:09,bbva_peru,Jun 2,"Tenemos una cuenta para acompañarte en cada manera de avanzar.

#BBVA #proyectos #avanzamos",2,0,3,0,848
2025-07-11 07:21:09,bbva_peru,May 28,Para hacer realidad tu próximo proyecto necesitas un banco que te acompañe con:,4,0,1,0,853
2025-07-11 07:21:09,bbva_peru,May 26,"¿Listo para hacer realidad cada uno de tus proyectos? En BBVA, nos renovamos para acompañarte en cada paso. 😎💪

#BBVA #proyectos #Avanzamos",0,0,2,0,861
2025-07-11 07:21:09,bbva_peru,May 23,Separar tu dinero para cubrir cada gasto del mes es posible con tu App BBVA y su función...,1,0,2,0,979
2025-07-11 07:21:09,bbva_peru,May 23,"¿App o Agencia? 😎 Decide con LIBERTAD desde dónde hacer tus TRANSFERENCIAS TOTALMENTE GRATIS con la Cuenta Independencia BBVA. 💵😉

Abre tu cuenta aquí: bbva.info/32eZMcG
#BBVA #BancoBBVA #CuentaIndependencia #TransferenciasSinComisiones #CercaníaYConfianza",1,0,1,0,853
2025-07-11 07:21:09,bbva_peru,May 22,"🏠🚗🎒✨ No hay proyecto grande o pequeño, lo importante es seguir avanzando. Hoy estrenamos imagen y renovamos nuestro compromiso de acompañarte en cada paso, brindándote las herramientas que impulsan tus decisiones. ¿Avanzamos?",0,0,1,0,842
2025-07-11 07:21:09,bbva_peru,May 20,"Todos tenemos un proyecto que queremos hacer realidad👀 ¿Cuál de estos te motiva más? ¡Mejor aún, escribe el tuyo en los comentarios!",0,0,1,0,646
2025-07-11 07:21:09,bbva_peru,May 19,☝️ Con la Cuenta Independencia BBVA puedo realizar todas mis operaciones por canales físicos TOTALMENTE GRATIS.,1,0,0,0,766
2025-07-11 07:21:09,bbva_peru,May 19,"¡Aún estás a tiempo! 📷📷 Abre o incrementa tu cuenta desde S/3,200 y GANA AL INSTANTE  tu set de cubiertos Tramontina. ¡No te quedes fuera! 📷
Abre tu cuenta aquí: bbva.info/3LWb53n
#BBVA #BancoBBVA #QDA #QuincenaDelAhorro #Ahorrar",2,0,0,0,716
2025-07-11 08:27:54,bbva_peru,Jul 9,¿Cómo te convendría pagar los pasajes de tu viaje por Fiestas Patrias?,0,0,0,0,299
2025-07-11 08:27:54,bbva_peru,Jun 25,"Mostremos nuestro orgullo todo el año. 🏳️‍🌈🏳️‍⚧️ En Be Yourself, ya impulsamos acciones internas para hacerlo posible, y seguiremos trabajando para que sea una realidad en todo el país. 💪😎

#BBVA #orgullo #pride",13,1,8,1,2.0K
2025-07-11 08:27:54,bbva_peru,Jun 24,"¿Avanzamos? Tus metas se hacen posible con la rentabilidad y seguridad que tiene la Cuenta Vip. Conoce más 👉 bbva.info/40jA8E9  😊

#BBVA #CuentaBBVA #VIP #metas",1,0,0,0,1.0K
2025-07-11 08:27:54,bbva_peru,Jun 18,"¿A qué zona irás en el concierto de Green Day?...
Por cierto, tus Tarjetas BBVA te dan beneficios para que puedas conseguir tus entradas. 😉🙌",3,0,0,0,1.0K
2025-07-11 08:27:54,bbva_peru,Jun 17,¿Qué cuenta sorteará en unas semanas 2 DEPAS DE ESTRENO solo por ahorrar?,1,0,0,0,906
2025-07-11 08:27:54,bbva_peru,Jun 16,"Cuenta Independencia BBVA
¿Sabes todos los BENEFICIOS de la Cuenta Independencia BBVA? 

Descúbrelos aquí: bbva.info/4dUWLo4

¿Listo para avanzar?",2,0,0,0,936
2025-07-11 08:27:54,bbva_peru,Jun 10,"Hay muchas formas de avanzar… y una de ellas es ganarte tu nuevo depa de estreno. 🏠💙 Abriendo tu Cuenta Ganadora, participas por 2 departamentos de estreno.

Conoce más aquí: bbva.info/45dZ3fT
#BBVA #CuentasBBVA #Avanzamos",0,0,0,0,793
2025-07-11 08:27:54,bbva_peru,Jun 10,Cuando hay que pagar los servicios existen dos tipos de personas. ¿Cuál eres tú?,0,0,0,0,751
2025-07-11 08:27:54,bbva_peru,Jun 10,"¡Un depa puede ser tuyo! 🙌 Abriendo tu Cuenta Ganadora BBVA desde S/1500, ya estás participando. Ver más información en bbva.pe/cuentas 😉

#CuentasBBVA #BBVA #Avanzamos",0,0,0,0,785
2025-07-11 08:27:54,bbva_peru,Jun 6,"¿Listo para verlos actuar por el Día del Padre? 😊 Si ese día tienes que ir al banco ya sabes que puedes elegir en qué horario hacerlo con Turno Digital desde tu App BBVA. 😎📱

Conoce más aquí: bbva.info/42vhRpz
#BBVA #BancoBBVA #TurnoDigital #Tiempo",0,0,0,0,746
2025-07-11 08:27:54,bbva_peru,Jun 4,"¿Listo para ganar uno de los 2 DEPAS DE ESTRENO que la Cuenta Ganadora BBVA tiene para ti? ¡Abriendo tu cuenta desde S/1,500 participas al instante! 🏢😎

Ábrela Aquí: bbva.info/2kw78IE
#BBVA #BancoBBVA #CuentaGanadoraBBVA #Ahorrar #CuentaDeAhorros",4,0,0,0,715
2025-07-11 08:27:54,bbva_peru,Jun 2,"Tenemos una cuenta para acompañarte en cada manera de avanzar.

#BBVA #proyectos #avanzamos",2,0,3,0,848
2025-07-11 08:27:54,bbva_peru,May 28,Para hacer realidad tu próximo proyecto necesitas un banco que te acompañe con:,4,0,1,0,853
2025-07-11 08:27:54,bbva_peru,May 26,"¿Listo para hacer realidad cada uno de tus proyectos? En BBVA, nos renovamos para acompañarte en cada paso. 😎💪

#BBVA #proyectos #Avanzamos",0,0,2,0,861
2025-07-11 08:27:54,bbva_peru,May 23,Separar tu dinero para cubrir cada gasto del mes es posible con tu App BBVA y su función...,1,0,2,0,979
2025-07-11 08:27:54,bbva_peru,May 23,"¿App o Agencia? 😎 Decide con LIBERTAD desde dónde hacer tus TRANSFERENCIAS TOTALMENTE GRATIS con la Cuenta Independencia BBVA. 💵😉

Abre tu cuenta aquí: bbva.info/32eZMcG
#BBVA #BancoBBVA #CuentaIndependencia #TransferenciasSinComisiones #CercaníaYConfianza",1,0,1,0,853
2025-07-11 08:27:54,bbva_peru,May 22,"🏠🚗🎒✨ No hay proyecto grande o pequeño, lo importante es seguir avanzando. Hoy estrenamos imagen y renovamos nuestro compromiso de acompañarte en cada paso, brindándote las herramientas que impulsan tus decisiones. ¿Avanzamos?",0,0,1,0,842
2025-07-11 08:27:54,bbva_peru,May 20,"Todos tenemos un proyecto que queremos hacer realidad👀 ¿Cuál de estos te motiva más? ¡Mejor aún, escribe el tuyo en los comentarios!",0,0,1,0,646
2025-07-11 08:27:54,bbva_peru,May 19,☝️ Con la Cuenta Independencia BBVA puedo realizar todas mis operaciones por canales físicos TOTALMENTE GRATIS.,1,0,0,0,766
2025-07-11 08:27:54,bbva_peru,May 19,"¡Aún estás a tiempo! 📷📷 Abre o incrementa tu cuenta desde S/3,200 y GANA AL INSTANTE  tu set de cubiertos Tramontina. ¡No te quedes fuera! 📷
Abre tu cuenta aquí: bbva.info/3LWb53n
#BBVA #BancoBBVA #QDA #QuincenaDelAhorro #Ahorrar",2,0,0,0,716
2025-07-11 09:22:38,bbva_peru,Jul 9,¿Cómo te convendría pagar los pasajes de tu viaje por Fiestas Patrias?,0,0,0,0,301
2025-07-11 09:22:38,bbva_peru,Jun 25,"Mostremos nuestro orgullo todo el año. 🏳️‍🌈🏳️‍⚧️ En Be Yourself, ya impulsamos acciones internas para hacerlo posible, y seguiremos trabajando para que sea una realidad en todo el país. 💪😎

#BBVA #orgullo #pride",13,1,8,1,2.0K
2025-07-11 09:22:38,bbva_peru,Jun 24,"¿Avanzamos? Tus metas se hacen posible con la rentabilidad y seguridad que tiene la Cuenta Vip. Conoce más 👉 bbva.info/40jA8E9  😊

#BBVA #CuentaBBVA #VIP #metas",1,0,0,0,1.0K
2025-07-11 09:22:38,bbva_peru,Jun 18,"¿A qué zona irás en el concierto de Green Day?...
Por cierto, tus Tarjetas BBVA te dan beneficios para que puedas conseguir tus entradas. 😉🙌",3,0,0,0,1.0K
2025-07-11 09:22:38,bbva_peru,Jun 17,¿Qué cuenta sorteará en unas semanas 2 DEPAS DE ESTRENO solo por ahorrar?,1,0,0,0,906
2025-07-11 09:22:38,bbva_peru,Jun 16,"Cuenta Independencia BBVA
¿Sabes todos los BENEFICIOS de la Cuenta Independencia BBVA? 

Descúbrelos aquí: bbva.info/4dUWLo4

¿Listo para avanzar?",2,0,0,0,936
2025-07-11 09:22:38,bbva_peru,Jun 10,"Hay muchas formas de avanzar… y una de ellas es ganarte tu nuevo depa de estreno. 🏠💙 Abriendo tu Cuenta Ganadora, participas por 2 departamentos de estreno.

Conoce más aquí: bbva.info/45dZ3fT
#BBVA #CuentasBBVA #Avanzamos",0,0,0,0,793
2025-07-11 09:22:38,bbva_peru,Jun 10,Cuando hay que pagar los servicios existen dos tipos de personas. ¿Cuál eres tú?,0,0,0,0,751
2025-07-11 09:22:38,bbva_peru,Jun 10,"¡Un depa puede ser tuyo! 🙌 Abriendo tu Cuenta Ganadora BBVA desde S/1500, ya estás participando. Ver más información en bbva.pe/cuentas 😉

#CuentasBBVA #BBVA #Avanzamos",0,0,0,0,785
2025-07-11 09:22:38,bbva_peru,Jun 6,"¿Listo para verlos actuar por el Día del Padre? 😊 Si ese día tienes que ir al banco ya sabes que puedes elegir en qué horario hacerlo con Turno Digital desde tu App BBVA. 😎📱

Conoce más aquí: bbva.info/42vhRpz
#BBVA #BancoBBVA #TurnoDigital #Tiempo",0,0,0,0,746
2025-07-11 09:22:38,bbva_peru,Jun 4,"¿Listo para ganar uno de los 2 DEPAS DE ESTRENO que la Cuenta Ganadora BBVA tiene para ti? ¡Abriendo tu cuenta desde S/1,500 participas al instante! 🏢😎

Ábrela Aquí: bbva.info/2kw78IE
#BBVA #BancoBBVA #CuentaGanadoraBBVA #Ahorrar #CuentaDeAhorros",4,0,0,0,715
2025-07-11 09:22:38,bbva_peru,Jun 2,"Tenemos una cuenta para acompañarte en cada manera de avanzar.

#BBVA #proyectos #avanzamos",2,0,3,0,848
2025-07-11 09:22:38,bbva_peru,May 28,Para hacer realidad tu próximo proyecto necesitas un banco que te acompañe con:,4,0,1,0,853
2025-07-11 09:22:38,bbva_peru,May 26,"¿Listo para hacer realidad cada uno de tus proyectos? En BBVA, nos renovamos para acompañarte en cada paso. 😎💪

#BBVA #proyectos #Avanzamos",0,0,2,0,861
2025-07-11 09:22:38,bbva_peru,May 23,Separar tu dinero para cubrir cada gasto del mes es posible con tu App BBVA y su función...,1,0,2,0,979
2025-07-11 09:22:38,bbva_peru,May 23,"¿App o Agencia? 😎 Decide con LIBERTAD desde dónde hacer tus TRANSFERENCIAS TOTALMENTE GRATIS con la Cuenta Independencia BBVA. 💵😉

Abre tu cuenta aquí: bbva.info/32eZMcG
#BBVA #BancoBBVA #CuentaIndependencia #TransferenciasSinComisiones #CercaníaYConfianza",1,0,1,0,853
2025-07-11 09:22:38,bbva_peru,May 22,"🏠🚗🎒✨ No hay proyecto grande o pequeño, lo importante es seguir avanzando. Hoy estrenamos imagen y renovamos nuestro compromiso de acompañarte en cada paso, brindándote las herramientas que impulsan tus decisiones. ¿Avanzamos?",0,0,1,0,842
2025-07-11 09:22:38,bbva_peru,May 20,"Todos tenemos un proyecto que queremos hacer realidad👀 ¿Cuál de estos te motiva más? ¡Mejor aún, escribe el tuyo en los comentarios!",0,0,1,0,646
2025-07-11 09:22:38,bbva_peru,May 19,☝️ Con la Cuenta Independencia BBVA puedo realizar todas mis operaciones por canales físicos TOTALMENTE GRATIS.,1,0,0,0,766
2025-07-11 09:22:38,bbva_peru,May 19,"¡Aún estás a tiempo! 📷📷 Abre o incrementa tu cuenta desde S/3,200 y GANA AL INSTANTE  tu set de cubiertos Tramontina. ¡No te quedes fuera! 📷
Abre tu cuenta aquí: bbva.info/3LWb53n
#BBVA #BancoBBVA #QDA #QuincenaDelAhorro #Ahorrar",2,0,0,0,716
2025-07-11 10:21:51,bbva_peru,Jul 9,¿Cómo te convendría pagar los pasajes de tu viaje por Fiestas Patrias?,0,0,0,0,301
2025-07-11 10:21:51,bbva_peru,Jun 25,"Mostremos nuestro orgullo todo el año. 🏳️‍🌈🏳️‍⚧️ En Be Yourself, ya impulsamos acciones internas para hacerlo posible, y seguiremos trabajando para que sea una realidad en todo el país. 💪😎

#BBVA #orgullo #pride",13,1,8,1,2.0K
2025-07-11 10:21:51,bbva_peru,Jun 24,"¿Avanzamos? Tus metas se hacen posible con la rentabilidad y seguridad que tiene la Cuenta Vip. Conoce más 👉 bbva.info/40jA8E9  😊

#BBVA #CuentaBBVA #VIP #metas",1,0,0,0,1.0K
2025-07-11 10:21:51,bbva_peru,Jun 18,"¿A qué zona irás en el concierto de Green Day?...
Por cierto, tus Tarjetas BBVA te dan beneficios para que puedas conseguir tus entradas. 😉🙌",3,0,0,0,1.0K
2025-07-11 10:21:51,bbva_peru,Jun 17,¿Qué cuenta sorteará en unas semanas 2 DEPAS DE ESTRENO solo por ahorrar?,1,0,0,0,906
2025-07-11 10:21:51,bbva_peru,Jun 16,"Cuenta Independencia BBVA
¿Sabes todos los BENEFICIOS de la Cuenta Independencia BBVA? 

Descúbrelos aquí: bbva.info/4dUWLo4

¿Listo para avanzar?",2,0,0,0,936
2025-07-11 10:21:51,bbva_peru,Jun 10,"Hay muchas formas de avanzar… y una de ellas es ganarte tu nuevo depa de estreno. 🏠💙 Abriendo tu Cuenta Ganadora, participas por 2 departamentos de estreno.

Conoce más aquí: bbva.info/45dZ3fT
#BBVA #CuentasBBVA #Avanzamos",0,0,0,0,793
2025-07-11 10:21:51,bbva_peru,Jun 10,Cuando hay que pagar los servicios existen dos tipos de personas. ¿Cuál eres tú?,0,0,0,0,751
2025-07-11 10:21:51,bbva_peru,Jun 10,"¡Un depa puede ser tuyo! 🙌 Abriendo tu Cuenta Ganadora BBVA desde S/1500, ya estás participando. Ver más información en bbva.pe/cuentas 😉

#CuentasBBVA #BBVA #Avanzamos",0,0,0,0,785
2025-07-11 10:21:51,bbva_peru,Jun 6,"¿Listo para verlos actuar por el Día del Padre? 😊 Si ese día tienes que ir al banco ya sabes que puedes elegir en qué horario hacerlo con Turno Digital desde tu App BBVA. 😎📱

Conoce más aquí: bbva.info/42vhRpz
#BBVA #BancoBBVA #TurnoDigital #Tiempo",0,0,0,0,746
2025-07-11 10:21:51,bbva_peru,Jun 4,"¿Listo para ganar uno de los 2 DEPAS DE ESTRENO que la Cuenta Ganadora BBVA tiene para ti? ¡Abriendo tu cuenta desde S/1,500 participas al instante! 🏢😎

Ábrela Aquí: bbva.info/2kw78IE
#BBVA #BancoBBVA #CuentaGanadoraBBVA #Ahorrar #CuentaDeAhorros",4,0,0,0,715
2025-07-11 10:21:51,bbva_peru,Jun 2,"Tenemos una cuenta para acompañarte en cada manera de avanzar.

#BBVA #proyectos #avanzamos",2,0,3,0,848
2025-07-11 10:21:51,bbva_peru,May 28,Para hacer realidad tu próximo proyecto necesitas un banco que te acompañe con:,4,0,1,0,853
2025-07-11 10:21:51,bbva_peru,May 26,"¿Listo para hacer realidad cada uno de tus proyectos? En BBVA, nos renovamos para acompañarte en cada paso. 😎💪

#BBVA #proyectos #Avanzamos",0,0,2,0,861
2025-07-11 10:21:51,bbva_peru,May 23,Separar tu dinero para cubrir cada gasto del mes es posible con tu App BBVA y su función...,1,0,2,0,979
2025-07-11 10:21:51,bbva_peru,May 23,"¿App o Agencia? 😎 Decide con LIBERTAD desde dónde hacer tus TRANSFERENCIAS TOTALMENTE GRATIS con la Cuenta Independencia BBVA. 💵😉

Abre tu cuenta aquí: bbva.info/32eZMcG
#BBVA #BancoBBVA #CuentaIndependencia #TransferenciasSinComisiones #CercaníaYConfianza",1,0,1,0,853
2025-07-11 10:21:51,bbva_peru,May 22,"🏠🚗🎒✨ No hay proyecto grande o pequeño, lo importante es seguir avanzando. Hoy estrenamos imagen y renovamos nuestro compromiso de acompañarte en cada paso, brindándote las herramientas que impulsan tus decisiones. ¿Avanzamos?",0,0,1,0,842
2025-07-11 10:21:51,bbva_peru,May 20,"Todos tenemos un proyecto que queremos hacer realidad👀 ¿Cuál de estos te motiva más? ¡Mejor aún, escribe el tuyo en los comentarios!",0,0,1,0,646
2025-07-11 10:21:51,bbva_peru,May 19,☝️ Con la Cuenta Independencia BBVA puedo realizar todas mis operaciones por canales físicos TOTALMENTE GRATIS.,1,0,0,0,766
2025-07-11 10:21:51,bbva_peru,May 19,"¡Aún estás a tiempo! 📷📷 Abre o incrementa tu cuenta desde S/3,200 y GANA AL INSTANTE  tu set de cubiertos Tramontina. ¡No te quedes fuera! 📷
Abre tu cuenta aquí: bbva.info/3LWb53n
#BBVA #BancoBBVA #QDA #QuincenaDelAhorro #Ahorrar",2,0,0,0,716
2025-07-11 12:40:48,bbva_peru,Jul 9,¿Cómo te convendría pagar los pasajes de tu viaje por Fiestas Patrias?,0,0,0,0,303
2025-07-11 12:40:48,bbva_peru,Jun 25,"Mostremos nuestro orgullo todo el año. 🏳️‍🌈🏳️‍⚧️ En Be Yourself, ya impulsamos acciones internas para hacerlo posible, y seguiremos trabajando para que sea una realidad en todo el país. 💪😎

#BBVA #orgullo #pride",13,1,8,1,2.0K
2025-07-11 12:40:48,bbva_peru,Jun 24,"¿Avanzamos? Tus metas se hacen posible con la rentabilidad y seguridad que tiene la Cuenta Vip. Conoce más 👉 bbva.info/40jA8E9  😊

#BBVA #CuentaBBVA #VIP #metas",1,0,0,0,1.0K
2025-07-11 12:40:48,bbva_peru,Jun 18,"¿A qué zona irás en el concierto de Green Day?...
Por cierto, tus Tarjetas BBVA te dan beneficios para que puedas conseguir tus entradas. 😉🙌",3,0,0,0,1.0K
2025-07-11 12:40:48,bbva_peru,Jun 17,¿Qué cuenta sorteará en unas semanas 2 DEPAS DE ESTRENO solo por ahorrar?,1,0,0,0,906
2025-07-11 12:40:48,bbva_peru,Jun 16,"Cuenta Independencia BBVA
¿Sabes todos los BENEFICIOS de la Cuenta Independencia BBVA? 

Descúbrelos aquí: bbva.info/4dUWLo4

¿Listo para avanzar?",2,0,0,0,936
2025-07-11 12:40:48,bbva_peru,Jun 10,"Hay muchas formas de avanzar… y una de ellas es ganarte tu nuevo depa de estreno. 🏠💙 Abriendo tu Cuenta Ganadora, participas por 2 departamentos de estreno.

Conoce más aquí: bbva.info/45dZ3fT
#BBVA #CuentasBBVA #Avanzamos",0,0,0,0,793
2025-07-11 12:40:48,bbva_peru,Jun 10,Cuando hay que pagar los servicios existen dos tipos de personas. ¿Cuál eres tú?,0,0,0,0,751
2025-07-11 12:40:48,bbva_peru,Jun 10,"¡Un depa puede ser tuyo! 🙌 Abriendo tu Cuenta Ganadora BBVA desde S/1500, ya estás participando. Ver más información en bbva.pe/cuentas 😉

#CuentasBBVA #BBVA #Avanzamos",0,0,0,0,785
2025-07-11 12:40:48,bbva_peru,Jun 6,"¿Listo para verlos actuar por el Día del Padre? 😊 Si ese día tienes que ir al banco ya sabes que puedes elegir en qué horario hacerlo con Turno Digital desde tu App BBVA. 😎📱

Conoce más aquí: bbva.info/42vhRpz
#BBVA #BancoBBVA #TurnoDigital #Tiempo",0,0,0,0,746
2025-07-11 12:40:48,bbva_peru,Jun 4,"¿Listo para ganar uno de los 2 DEPAS DE ESTRENO que la Cuenta Ganadora BBVA tiene para ti? ¡Abriendo tu cuenta desde S/1,500 participas al instante! 🏢😎

Ábrela Aquí: bbva.info/2kw78IE
#BBVA #BancoBBVA #CuentaGanadoraBBVA #Ahorrar #CuentaDeAhorros",4,0,0,0,715
2025-07-11 12:40:48,bbva_peru,Jun 2,"Tenemos una cuenta para acompañarte en cada manera de avanzar.

#BBVA #proyectos #avanzamos",2,0,3,0,848
2025-07-11 12:40:48,bbva_peru,May 28,Para hacer realidad tu próximo proyecto necesitas un banco que te acompañe con:,4,0,1,0,853
2025-07-11 12:40:48,bbva_peru,May 26,"¿Listo para hacer realidad cada uno de tus proyectos? En BBVA, nos renovamos para acompañarte en cada paso. 😎💪

#BBVA #proyectos #Avanzamos",0,0,2,0,861
2025-07-11 12:40:48,bbva_peru,May 23,Separar tu dinero para cubrir cada gasto del mes es posible con tu App BBVA y su función...,1,0,2,0,979
2025-07-11 12:40:48,bbva_peru,May 23,"¿App o Agencia? 😎 Decide con LIBERTAD desde dónde hacer tus TRANSFERENCIAS TOTALMENTE GRATIS con la Cuenta Independencia BBVA. 💵😉

Abre tu cuenta aquí: bbva.info/32eZMcG
#BBVA #BancoBBVA #CuentaIndependencia #TransferenciasSinComisiones #CercaníaYConfianza",1,0,1,0,853
2025-07-11 12:40:48,bbva_peru,May 22,"🏠🚗🎒✨ No hay proyecto grande o pequeño, lo importante es seguir avanzando. Hoy estrenamos imagen y renovamos nuestro compromiso de acompañarte en cada paso, brindándote las herramientas que impulsan tus decisiones. ¿Avanzamos?",0,0,1,0,842
2025-07-11 12:40:48,bbva_peru,May 20,"Todos tenemos un proyecto que queremos hacer realidad👀 ¿Cuál de estos te motiva más? ¡Mejor aún, escribe el tuyo en los comentarios!",0,0,1,0,646
2025-07-11 12:40:48,bbva_peru,May 19,☝️ Con la Cuenta Independencia BBVA puedo realizar todas mis operaciones por canales físicos TOTALMENTE GRATIS.,1,0,0,0,766
2025-07-11 12:40:48,bbva_peru,May 19,"¡Aún estás a tiempo! 📷📷 Abre o incrementa tu cuenta desde S/3,200 y GANA AL INSTANTE  tu set de cubiertos Tramontina. ¡No te quedes fuera! 📷
Abre tu cuenta aquí: bbva.info/3LWb53n
#BBVA #BancoBBVA #QDA #QuincenaDelAhorro #Ahorrar",2,0,0,0,716
2025-07-11 13:33:12,bbva_peru,Jul 9,¿Cómo te convendría pagar los pasajes de tu viaje por Fiestas Patrias?,0,0,0,0,303
2025-07-11 13:33:12,bbva_peru,Jun 25,"Mostremos nuestro orgullo todo el año. 🏳️‍🌈🏳️‍⚧️ En Be Yourself, ya impulsamos acciones internas para hacerlo posible, y seguiremos trabajando para que sea una realidad en todo el país. 💪😎

#BBVA #orgullo #pride",13,1,8,1,2.0K
2025-07-11 13:33:12,bbva_peru,Jun 24,"¿Avanzamos? Tus metas se hacen posible con la rentabilidad y seguridad que tiene la Cuenta Vip. Conoce más 👉 bbva.info/40jA8E9  😊

#BBVA #CuentaBBVA #VIP #metas",1,0,0,0,1.0K
2025-07-11 13:33:12,bbva_peru,Jun 18,"¿A qué zona irás en el concierto de Green Day?...
Por cierto, tus Tarjetas BBVA te dan beneficios para que puedas conseguir tus entradas. 😉🙌",3,0,0,0,1.0K
2025-07-11 13:33:12,bbva_peru,Jun 17,¿Qué cuenta sorteará en unas semanas 2 DEPAS DE ESTRENO solo por ahorrar?,1,0,0,0,906
2025-07-11 13:33:12,bbva_peru,Jun 16,"Cuenta Independencia BBVA
¿Sabes todos los BENEFICIOS de la Cuenta Independencia BBVA? 

Descúbrelos aquí: bbva.info/4dUWLo4

¿Listo para avanzar?",2,0,0,0,936
2025-07-11 13:33:12,bbva_peru,Jun 10,"Hay muchas formas de avanzar… y una de ellas es ganarte tu nuevo depa de estreno. 🏠💙 Abriendo tu Cuenta Ganadora, participas por 2 departamentos de estreno.

Conoce más aquí: bbva.info/45dZ3fT
#BBVA #CuentasBBVA #Avanzamos",0,0,0,0,793
2025-07-11 13:33:12,bbva_peru,Jun 10,Cuando hay que pagar los servicios existen dos tipos de personas. ¿Cuál eres tú?,0,0,0,0,751
2025-07-11 13:33:12,bbva_peru,Jun 10,"¡Un depa puede ser tuyo! 🙌 Abriendo tu Cuenta Ganadora BBVA desde S/1500, ya estás participando. Ver más información en bbva.pe/cuentas 😉

#CuentasBBVA #BBVA #Avanzamos",0,0,0,0,785
2025-07-11 13:33:12,bbva_peru,Jun 6,"¿Listo para verlos actuar por el Día del Padre? 😊 Si ese día tienes que ir al banco ya sabes que puedes elegir en qué horario hacerlo con Turno Digital desde tu App BBVA. 😎📱

Conoce más aquí: bbva.info/42vhRpz
#BBVA #BancoBBVA #TurnoDigital #Tiempo",0,0,0,0,746
2025-07-11 13:33:12,bbva_peru,Jun 4,"¿Listo para ganar uno de los 2 DEPAS DE ESTRENO que la Cuenta Ganadora BBVA tiene para ti? ¡Abriendo tu cuenta desde S/1,500 participas al instante! 🏢😎

Ábrela Aquí: bbva.info/2kw78IE
#BBVA #BancoBBVA #CuentaGanadoraBBVA #Ahorrar #CuentaDeAhorros",4,0,0,0,715
2025-07-11 13:33:12,bbva_peru,Jun 2,"Tenemos una cuenta para acompañarte en cada manera de avanzar.

#BBVA #proyectos #avanzamos",2,0,3,0,848
2025-07-11 13:33:12,bbva_peru,May 28,Para hacer realidad tu próximo proyecto necesitas un banco que te acompañe con:,4,0,1,0,853
2025-07-11 13:33:12,bbva_peru,May 26,"¿Listo para hacer realidad cada uno de tus proyectos? En BBVA, nos renovamos para acompañarte en cada paso. 😎💪

#BBVA #proyectos #Avanzamos",0,0,2,0,861
2025-07-11 13:33:12,bbva_peru,May 23,Separar tu dinero para cubrir cada gasto del mes es posible con tu App BBVA y su función...,1,0,2,0,979
2025-07-11 13:33:12,bbva_peru,May 23,"¿App o Agencia? 😎 Decide con LIBERTAD desde dónde hacer tus TRANSFERENCIAS TOTALMENTE GRATIS con la Cuenta Independencia BBVA. 💵😉

Abre tu cuenta aquí: bbva.info/32eZMcG
#BBVA #BancoBBVA #CuentaIndependencia #TransferenciasSinComisiones #CercaníaYConfianza",1,0,1,0,853
2025-07-11 13:33:12,bbva_peru,May 22,"🏠🚗🎒✨ No hay proyecto grande o pequeño, lo importante es seguir avanzando. Hoy estrenamos imagen y renovamos nuestro compromiso de acompañarte en cada paso, brindándote las herramientas que impulsan tus decisiones. ¿Avanzamos?",0,0,1,0,842
2025-07-11 13:33:12,bbva_peru,May 20,"Todos tenemos un proyecto que queremos hacer realidad👀 ¿Cuál de estos te motiva más? ¡Mejor aún, escribe el tuyo en los comentarios!",0,0,1,0,646
2025-07-11 13:33:12,bbva_peru,May 19,☝️ Con la Cuenta Independencia BBVA puedo realizar todas mis operaciones por canales físicos TOTALMENTE GRATIS.,1,0,0,0,766
2025-07-11 13:33:12,bbva_peru,May 19,"¡Aún estás a tiempo! 📷📷 Abre o incrementa tu cuenta desde S/3,200 y GANA AL INSTANTE  tu set de cubiertos Tramontina. ¡No te quedes fuera! 📷
Abre tu cuenta aquí: bbva.info/3LWb53n
#BBVA #BancoBBVA #QDA #QuincenaDelAhorro #Ahorrar",2,0,0,0,716
2025-07-11 14:20:24,bbva_peru,Jul 9,¿Cómo te convendría pagar los pasajes de tu viaje por Fiestas Patrias?,0,0,0,0,304
2025-07-11 14:20:24,bbva_peru,Jun 25,"Mostremos nuestro orgullo todo el año. 🏳️‍🌈🏳️‍⚧️ En Be Yourself, ya impulsamos acciones internas para hacerlo posible, y seguiremos trabajando para que sea una realidad en todo el país. 💪😎

#BBVA #orgullo #pride",13,1,8,1,2.0K
2025-07-11 14:20:24,bbva_peru,Jun 24,"¿Avanzamos? Tus metas se hacen posible con la rentabilidad y seguridad que tiene la Cuenta Vip. Conoce más 👉 bbva.info/40jA8E9  😊

#BBVA #CuentaBBVA #VIP #metas",1,0,0,0,1.0K
2025-07-11 14:20:24,bbva_peru,Jun 18,"¿A qué zona irás en el concierto de Green Day?...
Por cierto, tus Tarjetas BBVA te dan beneficios para que puedas conseguir tus entradas. 😉🙌",3,0,0,0,1.0K
2025-07-11 14:20:24,bbva_peru,Jun 17,¿Qué cuenta sorteará en unas semanas 2 DEPAS DE ESTRENO solo por ahorrar?,1,0,0,0,906
2025-07-11 14:20:24,bbva_peru,Jun 16,"Cuenta Independencia BBVA
¿Sabes todos los BENEFICIOS de la Cuenta Independencia BBVA? 

Descúbrelos aquí: bbva.info/4dUWLo4

¿Listo para avanzar?",2,0,0,0,936
2025-07-11 14:20:24,bbva_peru,Jun 10,"Hay muchas formas de avanzar… y una de ellas es ganarte tu nuevo depa de estreno. 🏠💙 Abriendo tu Cuenta Ganadora, participas por 2 departamentos de estreno.

Conoce más aquí: bbva.info/45dZ3fT
#BBVA #CuentasBBVA #Avanzamos",0,0,0,0,793
2025-07-11 14:20:24,bbva_peru,Jun 10,Cuando hay que pagar los servicios existen dos tipos de personas. ¿Cuál eres tú?,0,0,0,0,751
2025-07-11 14:20:24,bbva_peru,Jun 10,"¡Un depa puede ser tuyo! 🙌 Abriendo tu Cuenta Ganadora BBVA desde S/1500, ya estás participando. Ver más información en bbva.pe/cuentas 😉

#CuentasBBVA #BBVA #Avanzamos",0,0,0,0,785
2025-07-11 14:20:24,bbva_peru,Jun 6,"¿Listo para verlos actuar por el Día del Padre? 😊 Si ese día tienes que ir al banco ya sabes que puedes elegir en qué horario hacerlo con Turno Digital desde tu App BBVA. 😎📱

Conoce más aquí: bbva.info/42vhRpz
#BBVA #BancoBBVA #TurnoDigital #Tiempo",0,0,0,0,746
2025-07-11 14:20:24,bbva_peru,Jun 4,"¿Listo para ganar uno de los 2 DEPAS DE ESTRENO que la Cuenta Ganadora BBVA tiene para ti? ¡Abriendo tu cuenta desde S/1,500 participas al instante! 🏢😎

Ábrela Aquí: bbva.info/2kw78IE
#BBVA #BancoBBVA #CuentaGanadoraBBVA #Ahorrar #CuentaDeAhorros",4,0,0,0,715
2025-07-11 14:20:24,bbva_peru,Jun 2,"Tenemos una cuenta para acompañarte en cada manera de avanzar.

#BBVA #proyectos #avanzamos",2,0,3,0,848
2025-07-11 14:20:24,bbva_peru,May 28,Para hacer realidad tu próximo proyecto necesitas un banco que te acompañe con:,4,0,1,0,853
2025-07-11 14:20:24,bbva_peru,May 26,"¿Listo para hacer realidad cada uno de tus proyectos? En BBVA, nos renovamos para acompañarte en cada paso. 😎💪

#BBVA #proyectos #Avanzamos",0,0,2,0,861
2025-07-11 14:20:24,bbva_peru,May 23,Separar tu dinero para cubrir cada gasto del mes es posible con tu App BBVA y su función...,1,0,2,0,979
2025-07-11 14:20:24,bbva_peru,May 23,"¿App o Agencia? 😎 Decide con LIBERTAD desde dónde hacer tus TRANSFERENCIAS TOTALMENTE GRATIS con la Cuenta Independencia BBVA. 💵😉

Abre tu cuenta aquí: bbva.info/32eZMcG
#BBVA #BancoBBVA #CuentaIndependencia #TransferenciasSinComisiones #CercaníaYConfianza",1,0,1,0,853
2025-07-11 14:20:24,bbva_peru,May 22,"🏠🚗🎒✨ No hay proyecto grande o pequeño, lo importante es seguir avanzando. Hoy estrenamos imagen y renovamos nuestro compromiso de acompañarte en cada paso, brindándote las herramientas que impulsan tus decisiones. ¿Avanzamos?",0,0,1,0,842
2025-07-11 14:20:24,bbva_peru,May 20,"Todos tenemos un proyecto que queremos hacer realidad👀 ¿Cuál de estos te motiva más? ¡Mejor aún, escribe el tuyo en los comentarios!",0,0,1,0,646
2025-07-11 14:20:24,bbva_peru,May 19,☝️ Con la Cuenta Independencia BBVA puedo realizar todas mis operaciones por canales físicos TOTALMENTE GRATIS.,1,0,0,0,766
2025-07-11 14:20:24,bbva_peru,May 19,"¡Aún estás a tiempo! 📷📷 Abre o incrementa tu cuenta desde S/3,200 y GANA AL INSTANTE  tu set de cubiertos Tramontina. ¡No te quedes fuera! 📷
Abre tu cuenta aquí: bbva.info/3LWb53n
#BBVA #BancoBBVA #QDA #QuincenaDelAhorro #Ahorrar",2,0,0,0,716
2025-07-11 15:21:53,bbva_peru,Jul 9,¿Cómo te convendría pagar los pasajes de tu viaje por Fiestas Patrias?,0,0,0,0,307
2025-07-11 15:21:53,bbva_peru,Jun 25,"Mostremos nuestro orgullo todo el año. 🏳️‍🌈🏳️‍⚧️ En Be Yourself, ya impulsamos acciones internas para hacerlo posible, y seguiremos trabajando para que sea una realidad en todo el país. 💪😎

#BBVA #orgullo #pride",13,1,8,1,2.0K
2025-07-11 15:21:53,bbva_peru,Jun 24,"¿Avanzamos? Tus metas se hacen posible con la rentabilidad y seguridad que tiene la Cuenta Vip. Conoce más 👉 bbva.info/40jA8E9  😊

#BBVA #CuentaBBVA #VIP #metas",1,0,0,0,1.0K
2025-07-11 15:21:53,bbva_peru,Jun 18,"¿A qué zona irás en el concierto de Green Day?...
Por cierto, tus Tarjetas BBVA te dan beneficios para que puedas conseguir tus entradas. 😉🙌",3,0,0,0,1.0K
2025-07-11 15:21:53,bbva_peru,Jun 17,¿Qué cuenta sorteará en unas semanas 2 DEPAS DE ESTRENO solo por ahorrar?,1,0,0,0,906
2025-07-11 15:21:53,bbva_peru,Jun 16,"Cuenta Independencia BBVA
¿Sabes todos los BENEFICIOS de la Cuenta Independencia BBVA? 

Descúbrelos aquí: bbva.info/4dUWLo4

¿Listo para avanzar?",2,0,0,0,938
2025-07-11 15:21:53,bbva_peru,Jun 10,"Hay muchas formas de avanzar… y una de ellas es ganarte tu nuevo depa de estreno. 🏠💙 Abriendo tu Cuenta Ganadora, participas por 2 departamentos de estreno.

Conoce más aquí: bbva.info/45dZ3fT
#BBVA #CuentasBBVA #Avanzamos",0,0,0,0,795
2025-07-11 15:21:53,bbva_peru,Jun 10,Cuando hay que pagar los servicios existen dos tipos de personas. ¿Cuál eres tú?,0,0,0,0,751
2025-07-11 15:21:53,bbva_peru,Jun 10,"¡Un depa puede ser tuyo! 🙌 Abriendo tu Cuenta Ganadora BBVA desde S/1500, ya estás participando. Ver más información en bbva.pe/cuentas 😉

#CuentasBBVA #BBVA #Avanzamos",0,0,0,0,787
2025-07-11 15:21:53,bbva_peru,Jun 6,"¿Listo para verlos actuar por el Día del Padre? 😊 Si ese día tienes que ir al banco ya sabes que puedes elegir en qué horario hacerlo con Turno Digital desde tu App BBVA. 😎📱

Conoce más aquí: bbva.info/42vhRpz
#BBVA #BancoBBVA #TurnoDigital #Tiempo",0,0,0,0,746
2025-07-11 15:21:53,bbva_peru,Jun 4,"¿Listo para ganar uno de los 2 DEPAS DE ESTRENO que la Cuenta Ganadora BBVA tiene para ti? ¡Abriendo tu cuenta desde S/1,500 participas al instante! 🏢😎

Ábrela Aquí: bbva.info/2kw78IE
#BBVA #BancoBBVA #CuentaGanadoraBBVA #Ahorrar #CuentaDeAhorros",4,0,0,0,715
2025-07-11 15:21:53,bbva_peru,Jun 2,"Tenemos una cuenta para acompañarte en cada manera de avanzar.

#BBVA #proyectos #avanzamos",2,0,3,0,848
2025-07-11 15:21:53,bbva_peru,May 28,Para hacer realidad tu próximo proyecto necesitas un banco que te acompañe con:,4,0,1,0,853
2025-07-11 15:21:53,bbva_peru,May 26,"¿Listo para hacer realidad cada uno de tus proyectos? En BBVA, nos renovamos para acompañarte en cada paso. 😎💪

#BBVA #proyectos #Avanzamos",0,0,2,0,861
2025-07-11 15:21:53,bbva_peru,May 23,Separar tu dinero para cubrir cada gasto del mes es posible con tu App BBVA y su función...,1,0,2,0,979
2025-07-11 15:21:53,bbva_peru,May 23,"¿App o Agencia? 😎 Decide con LIBERTAD desde dónde hacer tus TRANSFERENCIAS TOTALMENTE GRATIS con la Cuenta Independencia BBVA. 💵😉

Abre tu cuenta aquí: bbva.info/32eZMcG
#BBVA #BancoBBVA #CuentaIndependencia #TransferenciasSinComisiones #CercaníaYConfianza",1,0,1,0,853
2025-07-11 15:21:53,bbva_peru,May 22,"🏠🚗🎒✨ No hay proyecto grande o pequeño, lo importante es seguir avanzando. Hoy estrenamos imagen y renovamos nuestro compromiso de acompañarte en cada paso, brindándote las herramientas que impulsan tus decisiones. ¿Avanzamos?",0,0,1,0,842
2025-07-11 15:21:53,bbva_peru,May 20,"Todos tenemos un proyecto que queremos hacer realidad👀 ¿Cuál de estos te motiva más? ¡Mejor aún, escribe el tuyo en los comentarios!",0,0,1,0,646
2025-07-11 15:21:53,bbva_peru,May 19,☝️ Con la Cuenta Independencia BBVA puedo realizar todas mis operaciones por canales físicos TOTALMENTE GRATIS.,1,0,0,0,766
2025-07-11 15:21:53,bbva_peru,May 19,"¡Aún estás a tiempo! 📷📷 Abre o incrementa tu cuenta desde S/3,200 y GANA AL INSTANTE  tu set de cubiertos Tramontina. ¡No te quedes fuera! 📷
Abre tu cuenta aquí: bbva.info/3LWb53n
#BBVA #BancoBBVA #QDA #QuincenaDelAhorro #Ahorrar",2,0,0,0,716
2025-07-11 16:26:06,bbva_peru,Jul 9,¿Cómo te convendría pagar los pasajes de tu viaje por Fiestas Patrias?,0,0,0,0,308
2025-07-11 16:26:06,bbva_peru,Jun 25,"Mostremos nuestro orgullo todo el año. 🏳️‍🌈🏳️‍⚧️ En Be Yourself, ya impulsamos acciones internas para hacerlo posible, y seguiremos trabajando para que sea una realidad en todo el país. 💪😎

#BBVA #orgullo #pride",13,1,8,1,2.0K
2025-07-11 16:26:06,bbva_peru,Jun 24,"¿Avanzamos? Tus metas se hacen posible con la rentabilidad y seguridad que tiene la Cuenta Vip. Conoce más 👉 bbva.info/40jA8E9  😊

#BBVA #CuentaBBVA #VIP #metas",1,0,0,0,1.0K
2025-07-11 16:26:06,bbva_peru,Jun 18,"¿A qué zona irás en el concierto de Green Day?...
Por cierto, tus Tarjetas BBVA te dan beneficios para que puedas conseguir tus entradas. 😉🙌",3,0,0,0,1.0K
2025-07-11 16:26:06,bbva_peru,Jun 17,¿Qué cuenta sorteará en unas semanas 2 DEPAS DE ESTRENO solo por ahorrar?,1,0,0,0,906
2025-07-11 16:26:06,bbva_peru,Jun 16,"Cuenta Independencia BBVA
¿Sabes todos los BENEFICIOS de la Cuenta Independencia BBVA? 

Descúbrelos aquí: bbva.info/4dUWLo4

¿Listo para avanzar?",2,0,0,0,938
2025-07-11 16:26:06,bbva_peru,Jun 10,"Hay muchas formas de avanzar… y una de ellas es ganarte tu nuevo depa de estreno. 🏠💙 Abriendo tu Cuenta Ganadora, participas por 2 departamentos de estreno.

Conoce más aquí: bbva.info/45dZ3fT
#BBVA #CuentasBBVA #Avanzamos",0,0,0,0,795
2025-07-11 16:26:06,bbva_peru,Jun 10,Cuando hay que pagar los servicios existen dos tipos de personas. ¿Cuál eres tú?,0,0,0,0,751
2025-07-11 16:26:06,bbva_peru,Jun 10,"¡Un depa puede ser tuyo! 🙌 Abriendo tu Cuenta Ganadora BBVA desde S/1500, ya estás participando. Ver más información en bbva.pe/cuentas 😉

#CuentasBBVA #BBVA #Avanzamos",0,0,0,0,787
2025-07-11 16:26:06,bbva_peru,Jun 6,"¿Listo para verlos actuar por el Día del Padre? 😊 Si ese día tienes que ir al banco ya sabes que puedes elegir en qué horario hacerlo con Turno Digital desde tu App BBVA. 😎📱

Conoce más aquí: bbva.info/42vhRpz
#BBVA #BancoBBVA #TurnoDigital #Tiempo",0,0,0,0,746
2025-07-11 16:26:06,bbva_peru,Jun 4,"¿Listo para ganar uno de los 2 DEPAS DE ESTRENO que la Cuenta Ganadora BBVA tiene para ti? ¡Abriendo tu cuenta desde S/1,500 participas al instante! 🏢😎

Ábrela Aquí: bbva.info/2kw78IE
#BBVA #BancoBBVA #CuentaGanadoraBBVA #Ahorrar #CuentaDeAhorros",4,0,0,0,715
2025-07-11 16:26:06,bbva_peru,Jun 2,"Tenemos una cuenta para acompañarte en cada manera de avanzar.

#BBVA #proyectos #avanzamos",2,0,3,0,849
2025-07-11 16:26:06,bbva_peru,May 28,Para hacer realidad tu próximo proyecto necesitas un banco que te acompañe con:,4,0,1,0,853
2025-07-11 16:26:06,bbva_peru,May 26,"¿Listo para hacer realidad cada uno de tus proyectos? En BBVA, nos renovamos para acompañarte en cada paso. 😎💪

#BBVA #proyectos #Avanzamos",0,0,2,0,861
2025-07-11 16:26:06,bbva_peru,May 23,Separar tu dinero para cubrir cada gasto del mes es posible con tu App BBVA y su función...,1,0,2,0,979
2025-07-11 16:26:06,bbva_peru,May 23,"¿App o Agencia? 😎 Decide con LIBERTAD desde dónde hacer tus TRANSFERENCIAS TOTALMENTE GRATIS con la Cuenta Independencia BBVA. 💵😉

Abre tu cuenta aquí: bbva.info/32eZMcG
#BBVA #BancoBBVA #CuentaIndependencia #TransferenciasSinComisiones #CercaníaYConfianza",1,0,1,0,853
2025-07-11 16:26:06,bbva_peru,May 22,"🏠🚗🎒✨ No hay proyecto grande o pequeño, lo importante es seguir avanzando. Hoy estrenamos imagen y renovamos nuestro compromiso de acompañarte en cada paso, brindándote las herramientas que impulsan tus decisiones. ¿Avanzamos?",0,0,1,0,842
2025-07-11 16:26:06,bbva_peru,May 20,"Todos tenemos un proyecto que queremos hacer realidad👀 ¿Cuál de estos te motiva más? ¡Mejor aún, escribe el tuyo en los comentarios!",0,0,1,0,646
2025-07-11 16:26:06,bbva_peru,May 19,☝️ Con la Cuenta Independencia BBVA puedo realizar todas mis operaciones por canales físicos TOTALMENTE GRATIS.,1,0,0,0,766
2025-07-11 16:26:06,bbva_peru,May 19,"¡Aún estás a tiempo! 📷📷 Abre o incrementa tu cuenta desde S/3,200 y GANA AL INSTANTE  tu set de cubiertos Tramontina. ¡No te quedes fuera! 📷
Abre tu cuenta aquí: bbva.info/3LWb53n
#BBVA #BancoBBVA #QDA #QuincenaDelAhorro #Ahorrar",2,0,0,0,716
2025-07-11 17:18:57,bbva_peru,Jul 9,¿Cómo te convendría pagar los pasajes de tu viaje por Fiestas Patrias?,0,0,0,0,310
2025-07-11 17:18:57,bbva_peru,Jun 25,"Mostremos nuestro orgullo todo el año. 🏳️‍🌈🏳️‍⚧️ En Be Yourself, ya impulsamos acciones internas para hacerlo posible, y seguiremos trabajando para que sea una realidad en todo el país. 💪😎

#BBVA #orgullo #pride",13,1,8,1,2.0K
2025-07-11 17:18:57,bbva_peru,Jun 24,"¿Avanzamos? Tus metas se hacen posible con la rentabilidad y seguridad que tiene la Cuenta Vip. Conoce más 👉 bbva.info/40jA8E9  😊

#BBVA #CuentaBBVA #VIP #metas",1,0,0,0,1.0K
2025-07-11 17:18:57,bbva_peru,Jun 18,"¿A qué zona irás en el concierto de Green Day?...
Por cierto, tus Tarjetas BBVA te dan beneficios para que puedas conseguir tus entradas. 😉🙌",3,0,0,0,1.0K
2025-07-11 17:18:57,bbva_peru,Jun 17,¿Qué cuenta sorteará en unas semanas 2 DEPAS DE ESTRENO solo por ahorrar?,1,0,0,0,907
2025-07-11 17:18:57,bbva_peru,Jun 16,"Cuenta Independencia BBVA
¿Sabes todos los BENEFICIOS de la Cuenta Independencia BBVA? 

Descúbrelos aquí: bbva.info/4dUWLo4

¿Listo para avanzar?",2,0,0,0,939
2025-07-11 17:18:57,bbva_peru,Jun 10,"Hay muchas formas de avanzar… y una de ellas es ganarte tu nuevo depa de estreno. 🏠💙 Abriendo tu Cuenta Ganadora, participas por 2 departamentos de estreno.

Conoce más aquí: bbva.info/45dZ3fT
#BBVA #CuentasBBVA #Avanzamos",0,0,0,0,796
2025-07-11 17:18:57,bbva_peru,Jun 10,Cuando hay que pagar los servicios existen dos tipos de personas. ¿Cuál eres tú?,0,0,0,0,752
2025-07-11 17:18:57,bbva_peru,Jun 10,"¡Un depa puede ser tuyo! 🙌 Abriendo tu Cuenta Ganadora BBVA desde S/1500, ya estás participando. Ver más información en bbva.pe/cuentas 😉

#CuentasBBVA #BBVA #Avanzamos",0,0,0,0,788
2025-07-11 17:18:57,bbva_peru,Jun 6,"¿Listo para verlos actuar por el Día del Padre? 😊 Si ese día tienes que ir al banco ya sabes que puedes elegir en qué horario hacerlo con Turno Digital desde tu App BBVA. 😎📱

Conoce más aquí: bbva.info/42vhRpz
#BBVA #BancoBBVA #TurnoDigital #Tiempo",0,0,0,0,747
2025-07-11 17:18:57,bbva_peru,Jun 4,"¿Listo para ganar uno de los 2 DEPAS DE ESTRENO que la Cuenta Ganadora BBVA tiene para ti? ¡Abriendo tu cuenta desde S/1,500 participas al instante! 🏢😎

Ábrela Aquí: bbva.info/2kw78IE
#BBVA #BancoBBVA #CuentaGanadoraBBVA #Ahorrar #CuentaDeAhorros",4,0,0,0,716
2025-07-11 17:18:57,bbva_peru,Jun 2,"Tenemos una cuenta para acompañarte en cada manera de avanzar.

#BBVA #proyectos #avanzamos",2,0,3,0,850
2025-07-11 17:18:57,bbva_peru,May 28,Para hacer realidad tu próximo proyecto necesitas un banco que te acompañe con:,4,0,1,0,853
2025-07-11 17:18:57,bbva_peru,May 26,"¿Listo para hacer realidad cada uno de tus proyectos? En BBVA, nos renovamos para acompañarte en cada paso. 😎💪

#BBVA #proyectos #Avanzamos",0,0,2,0,862
2025-07-11 17:18:57,bbva_peru,May 23,Separar tu dinero para cubrir cada gasto del mes es posible con tu App BBVA y su función...,1,0,2,0,979
2025-07-11 17:18:57,bbva_peru,May 23,"¿App o Agencia? 😎 Decide con LIBERTAD desde dónde hacer tus TRANSFERENCIAS TOTALMENTE GRATIS con la Cuenta Independencia BBVA. 💵😉

Abre tu cuenta aquí: bbva.info/32eZMcG
#BBVA #BancoBBVA #CuentaIndependencia #TransferenciasSinComisiones #CercaníaYConfianza",1,0,1,0,854
2025-07-11 17:18:57,bbva_peru,May 22,"🏠🚗🎒✨ No hay proyecto grande o pequeño, lo importante es seguir avanzando. Hoy estrenamos imagen y renovamos nuestro compromiso de acompañarte en cada paso, brindándote las herramientas que impulsan tus decisiones. ¿Avanzamos?",0,0,1,0,842
2025-07-11 17:18:57,bbva_peru,May 20,"Todos tenemos un proyecto que queremos hacer realidad👀 ¿Cuál de estos te motiva más? ¡Mejor aún, escribe el tuyo en los comentarios!",0,0,1,0,646
2025-07-11 17:18:57,bbva_peru,May 19,☝️ Con la Cuenta Independencia BBVA puedo realizar todas mis operaciones por canales físicos TOTALMENTE GRATIS.,1,0,0,0,766
2025-07-11 17:18:57,bbva_peru,May 19,"¡Aún estás a tiempo! 📷📷 Abre o incrementa tu cuenta desde S/3,200 y GANA AL INSTANTE  tu set de cubiertos Tramontina. ¡No te quedes fuera! 📷
Abre tu cuenta aquí: bbva.info/3LWb53n
#BBVA #BancoBBVA #QDA #QuincenaDelAhorro #Ahorrar",2,0,0,0,716
2025-07-11 18:28:42,bbva_peru,Jul 9,¿Cómo te convendría pagar los pasajes de tu viaje por Fiestas Patrias?,0,0,0,0,313
2025-07-11 18:28:42,bbva_peru,Jun 25,"Mostremos nuestro orgullo todo el año. 🏳️‍🌈🏳️‍⚧️ En Be Yourself, ya impulsamos acciones internas para hacerlo posible, y seguiremos trabajando para que sea una realidad en todo el país. 💪😎

#BBVA #orgullo #pride",13,1,8,1,2.0K
2025-07-11 18:28:42,bbva_peru,Jun 24,"¿Avanzamos? Tus metas se hacen posible con la rentabilidad y seguridad que tiene la Cuenta Vip. Conoce más 👉 bbva.info/40jA8E9  😊

#BBVA #CuentaBBVA #VIP #metas",1,0,0,0,1.0K
2025-07-11 18:28:42,bbva_peru,Jun 18,"¿A qué zona irás en el concierto de Green Day?...
Por cierto, tus Tarjetas BBVA te dan beneficios para que puedas conseguir tus entradas. 😉🙌",3,0,0,0,1.0K
2025-07-11 18:28:42,bbva_peru,Jun 17,¿Qué cuenta sorteará en unas semanas 2 DEPAS DE ESTRENO solo por ahorrar?,1,0,0,0,907
2025-07-11 18:28:42,bbva_peru,Jun 16,"Cuenta Independencia BBVA
¿Sabes todos los BENEFICIOS de la Cuenta Independencia BBVA? 

Descúbrelos aquí: bbva.info/4dUWLo4

¿Listo para avanzar?",2,0,0,0,939
2025-07-11 18:28:42,bbva_peru,Jun 10,"Hay muchas formas de avanzar… y una de ellas es ganarte tu nuevo depa de estreno. 🏠💙 Abriendo tu Cuenta Ganadora, participas por 2 departamentos de estreno.

Conoce más aquí: bbva.info/45dZ3fT
#BBVA #CuentasBBVA #Avanzamos",0,0,0,0,796
2025-07-11 18:28:42,bbva_peru,Jun 10,Cuando hay que pagar los servicios existen dos tipos de personas. ¿Cuál eres tú?,0,0,0,0,752
2025-07-11 18:28:42,bbva_peru,Jun 10,"¡Un depa puede ser tuyo! 🙌 Abriendo tu Cuenta Ganadora BBVA desde S/1500, ya estás participando. Ver más información en bbva.pe/cuentas 😉

#CuentasBBVA #BBVA #Avanzamos",0,0,0,0,788
2025-07-11 18:28:42,bbva_peru,Jun 6,"¿Listo para verlos actuar por el Día del Padre? 😊 Si ese día tienes que ir al banco ya sabes que puedes elegir en qué horario hacerlo con Turno Digital desde tu App BBVA. 😎📱

Conoce más aquí: bbva.info/42vhRpz
#BBVA #BancoBBVA #TurnoDigital #Tiempo",0,0,0,0,747
2025-07-11 18:28:42,bbva_peru,Jun 4,"¿Listo para ganar uno de los 2 DEPAS DE ESTRENO que la Cuenta Ganadora BBVA tiene para ti? ¡Abriendo tu cuenta desde S/1,500 participas al instante! 🏢😎

Ábrela Aquí: bbva.info/2kw78IE
#BBVA #BancoBBVA #CuentaGanadoraBBVA #Ahorrar #CuentaDeAhorros",4,0,0,0,716
2025-07-11 18:28:42,bbva_peru,Jun 2,"Tenemos una cuenta para acompañarte en cada manera de avanzar.

#BBVA #proyectos #avanzamos",2,0,3,0,850
2025-07-11 18:28:42,bbva_peru,May 28,Para hacer realidad tu próximo proyecto necesitas un banco que te acompañe con:,4,0,1,0,853
2025-07-11 18:28:42,bbva_peru,May 26,"¿Listo para hacer realidad cada uno de tus proyectos? En BBVA, nos renovamos para acompañarte en cada paso. 😎💪

#BBVA #proyectos #Avanzamos",0,0,2,0,862
2025-07-11 18:28:42,bbva_peru,May 23,Separar tu dinero para cubrir cada gasto del mes es posible con tu App BBVA y su función...,1,0,2,0,979
2025-07-11 18:28:42,bbva_peru,May 23,"¿App o Agencia? 😎 Decide con LIBERTAD desde dónde hacer tus TRANSFERENCIAS TOTALMENTE GRATIS con la Cuenta Independencia BBVA. 💵😉

Abre tu cuenta aquí: bbva.info/32eZMcG
#BBVA #BancoBBVA #CuentaIndependencia #TransferenciasSinComisiones #CercaníaYConfianza",1,0,1,0,854
2025-07-11 18:28:42,bbva_peru,May 22,"🏠🚗🎒✨ No hay proyecto grande o pequeño, lo importante es seguir avanzando. Hoy estrenamos imagen y renovamos nuestro compromiso de acompañarte en cada paso, brindándote las herramientas que impulsan tus decisiones. ¿Avanzamos?",0,0,1,0,842
2025-07-11 18:28:42,bbva_peru,May 20,"Todos tenemos un proyecto que queremos hacer realidad👀 ¿Cuál de estos te motiva más? ¡Mejor aún, escribe el tuyo en los comentarios!",0,0,1,0,646
2025-07-11 18:28:42,bbva_peru,May 19,☝️ Con la Cuenta Independencia BBVA puedo realizar todas mis operaciones por canales físicos TOTALMENTE GRATIS.,1,0,0,0,766
2025-07-11 18:28:42,bbva_peru,May 19,"¡Aún estás a tiempo! 📷📷 Abre o incrementa tu cuenta desde S/3,200 y GANA AL INSTANTE  tu set de cubiertos Tramontina. ¡No te quedes fuera! 📷
Abre tu cuenta aquí: bbva.info/3LWb53n
#BBVA #BancoBBVA #QDA #QuincenaDelAhorro #Ahorrar",2,0,0,0,716
2025-07-11 19:16:32,bbva_peru,Jul 9,¿Cómo te convendría pagar los pasajes de tu viaje por Fiestas Patrias?,0,0,0,0,316
2025-07-11 19:16:32,bbva_peru,Jun 25,"Mostremos nuestro orgullo todo el año. 🏳️‍🌈🏳️‍⚧️ En Be Yourself, ya impulsamos acciones internas para hacerlo posible, y seguiremos trabajando para que sea una realidad en todo el país. 💪😎

#BBVA #orgullo #pride",13,1,8,1,2.0K
2025-07-11 19:16:32,bbva_peru,Jun 24,"¿Avanzamos? Tus metas se hacen posible con la rentabilidad y seguridad que tiene la Cuenta Vip. Conoce más 👉 bbva.info/40jA8E9  😊

#BBVA #CuentaBBVA #VIP #metas",1,0,0,0,1.0K
2025-07-11 19:16:32,bbva_peru,Jun 18,"¿A qué zona irás en el concierto de Green Day?...
Por cierto, tus Tarjetas BBVA te dan beneficios para que puedas conseguir tus entradas. 😉🙌",3,0,0,0,1.0K
2025-07-11 19:16:32,bbva_peru,Jun 17,¿Qué cuenta sorteará en unas semanas 2 DEPAS DE ESTRENO solo por ahorrar?,1,0,0,0,909
2025-07-11 19:16:32,bbva_peru,Jun 16,"Cuenta Independencia BBVA
¿Sabes todos los BENEFICIOS de la Cuenta Independencia BBVA? 

Descúbrelos aquí: bbva.info/4dUWLo4

¿Listo para avanzar?",2,0,0,0,941
2025-07-11 19:16:32,bbva_peru,Jun 10,"Hay muchas formas de avanzar… y una de ellas es ganarte tu nuevo depa de estreno. 🏠💙 Abriendo tu Cuenta Ganadora, participas por 2 departamentos de estreno.

Conoce más aquí: bbva.info/45dZ3fT
#BBVA #CuentasBBVA #Avanzamos",0,0,0,0,797
2025-07-11 19:16:32,bbva_peru,Jun 10,Cuando hay que pagar los servicios existen dos tipos de personas. ¿Cuál eres tú?,0,0,0,0,753
2025-07-11 19:16:32,bbva_peru,Jun 10,"¡Un depa puede ser tuyo! 🙌 Abriendo tu Cuenta Ganadora BBVA desde S/1500, ya estás participando. Ver más información en bbva.pe/cuentas 😉

#CuentasBBVA #BBVA #Avanzamos",0,0,0,0,789
2025-07-11 19:16:32,bbva_peru,Jun 6,"¿Listo para verlos actuar por el Día del Padre? 😊 Si ese día tienes que ir al banco ya sabes que puedes elegir en qué horario hacerlo con Turno Digital desde tu App BBVA. 😎📱

Conoce más aquí: bbva.info/42vhRpz
#BBVA #BancoBBVA #TurnoDigital #Tiempo",0,0,0,0,748
2025-07-11 19:16:32,bbva_peru,Jun 4,"¿Listo para ganar uno de los 2 DEPAS DE ESTRENO que la Cuenta Ganadora BBVA tiene para ti? ¡Abriendo tu cuenta desde S/1,500 participas al instante! 🏢😎

Ábrela Aquí: bbva.info/2kw78IE
#BBVA #BancoBBVA #CuentaGanadoraBBVA #Ahorrar #CuentaDeAhorros",4,0,0,0,717
2025-07-11 19:16:32,bbva_peru,Jun 2,"Tenemos una cuenta para acompañarte en cada manera de avanzar.

#BBVA #proyectos #avanzamos",2,0,3,0,851
2025-07-11 19:16:32,bbva_peru,May 28,Para hacer realidad tu próximo proyecto necesitas un banco que te acompañe con:,4,0,1,0,854
2025-07-11 19:16:32,bbva_peru,May 26,"¿Listo para hacer realidad cada uno de tus proyectos? En BBVA, nos renovamos para acompañarte en cada paso. 😎💪

#BBVA #proyectos #Avanzamos",0,0,2,0,863
2025-07-11 19:16:32,bbva_peru,May 23,Separar tu dinero para cubrir cada gasto del mes es posible con tu App BBVA y su función...,1,0,2,0,980
2025-07-11 19:16:32,bbva_peru,May 23,"¿App o Agencia? 😎 Decide con LIBERTAD desde dónde hacer tus TRANSFERENCIAS TOTALMENTE GRATIS con la Cuenta Independencia BBVA. 💵😉

Abre tu cuenta aquí: bbva.info/32eZMcG
#BBVA #BancoBBVA #CuentaIndependencia #TransferenciasSinComisiones #CercaníaYConfianza",1,0,1,0,854
2025-07-11 19:16:32,bbva_peru,May 22,"🏠🚗🎒✨ No hay proyecto grande o pequeño, lo importante es seguir avanzando. Hoy estrenamos imagen y renovamos nuestro compromiso de acompañarte en cada paso, brindándote las herramientas que impulsan tus decisiones. ¿Avanzamos?",0,0,1,0,843
2025-07-11 19:16:32,bbva_peru,May 20,"Todos tenemos un proyecto que queremos hacer realidad👀 ¿Cuál de estos te motiva más? ¡Mejor aún, escribe el tuyo en los comentarios!",0,0,1,0,647
2025-07-11 19:16:32,bbva_peru,May 19,☝️ Con la Cuenta Independencia BBVA puedo realizar todas mis operaciones por canales físicos TOTALMENTE GRATIS.,1,0,0,0,767
2025-07-11 19:16:32,bbva_peru,May 19,"¡Aún estás a tiempo! 📷📷 Abre o incrementa tu cuenta desde S/3,200 y GANA AL INSTANTE  tu set de cubiertos Tramontina. ¡No te quedes fuera! 📷
Abre tu cuenta aquí: bbva.info/3LWb53n
#BBVA #BancoBBVA #QDA #QuincenaDelAhorro #Ahorrar",2,0,0,0,717
2025-07-11 20:22:30,bbva_peru,Jul 9,¿Cómo te convendría pagar los pasajes de tu viaje por Fiestas Patrias?,0,0,0,0,318
2025-07-11 20:22:30,bbva_peru,Jun 25,"Mostremos nuestro orgullo todo el año. 🏳️‍🌈🏳️‍⚧️ En Be Yourself, ya impulsamos acciones internas para hacerlo posible, y seguiremos trabajando para que sea una realidad en todo el país. 💪😎

#BBVA #orgullo #pride",13,1,8,1,2.0K
2025-07-11 20:22:30,bbva_peru,Jun 24,"¿Avanzamos? Tus metas se hacen posible con la rentabilidad y seguridad que tiene la Cuenta Vip. Conoce más 👉 bbva.info/40jA8E9  😊

#BBVA #CuentaBBVA #VIP #metas",1,0,0,0,1.0K
2025-07-11 20:22:30,bbva_peru,Jun 18,"¿A qué zona irás en el concierto de Green Day?...
Por cierto, tus Tarjetas BBVA te dan beneficios para que puedas conseguir tus entradas. 😉🙌",3,0,0,0,1.0K
2025-07-11 20:22:30,bbva_peru,Jun 17,¿Qué cuenta sorteará en unas semanas 2 DEPAS DE ESTRENO solo por ahorrar?,1,0,0,0,909
2025-07-11 20:22:30,bbva_peru,Jun 16,"Cuenta Independencia BBVA
¿Sabes todos los BENEFICIOS de la Cuenta Independencia BBVA? 

Descúbrelos aquí: bbva.info/4dUWLo4

¿Listo para avanzar?",2,0,0,0,941
2025-07-11 20:22:30,bbva_peru,Jun 10,"Hay muchas formas de avanzar… y una de ellas es ganarte tu nuevo depa de estreno. 🏠💙 Abriendo tu Cuenta Ganadora, participas por 2 departamentos de estreno.

Conoce más aquí: bbva.info/45dZ3fT
#BBVA #CuentasBBVA #Avanzamos",0,0,0,0,797
2025-07-11 20:22:30,bbva_peru,Jun 10,Cuando hay que pagar los servicios existen dos tipos de personas. ¿Cuál eres tú?,0,0,0,0,753
2025-07-11 20:22:30,bbva_peru,Jun 10,"¡Un depa puede ser tuyo! 🙌 Abriendo tu Cuenta Ganadora BBVA desde S/1500, ya estás participando. Ver más información en bbva.pe/cuentas 😉

#CuentasBBVA #BBVA #Avanzamos",0,0,0,0,789
2025-07-11 20:22:30,bbva_peru,Jun 6,"¿Listo para verlos actuar por el Día del Padre? 😊 Si ese día tienes que ir al banco ya sabes que puedes elegir en qué horario hacerlo con Turno Digital desde tu App BBVA. 😎📱

Conoce más aquí: bbva.info/42vhRpz
#BBVA #BancoBBVA #TurnoDigital #Tiempo",0,0,0,0,748
2025-07-11 20:22:30,bbva_peru,Jun 4,"¿Listo para ganar uno de los 2 DEPAS DE ESTRENO que la Cuenta Ganadora BBVA tiene para ti? ¡Abriendo tu cuenta desde S/1,500 participas al instante! 🏢😎

Ábrela Aquí: bbva.info/2kw78IE
#BBVA #BancoBBVA #CuentaGanadoraBBVA #Ahorrar #CuentaDeAhorros",4,0,0,0,717
2025-07-11 20:22:30,bbva_peru,Jun 2,"Tenemos una cuenta para acompañarte en cada manera de avanzar.

#BBVA #proyectos #avanzamos",2,0,3,0,851
2025-07-11 20:22:30,bbva_peru,May 28,Para hacer realidad tu próximo proyecto necesitas un banco que te acompañe con:,4,0,1,0,854
2025-07-11 20:22:30,bbva_peru,May 26,"¿Listo para hacer realidad cada uno de tus proyectos? En BBVA, nos renovamos para acompañarte en cada paso. 😎💪

#BBVA #proyectos #Avanzamos",0,0,2,0,863
2025-07-11 20:22:30,bbva_peru,May 23,Separar tu dinero para cubrir cada gasto del mes es posible con tu App BBVA y su función...,1,0,2,0,980
2025-07-11 20:22:30,bbva_peru,May 23,"¿App o Agencia? 😎 Decide con LIBERTAD desde dónde hacer tus TRANSFERENCIAS TOTALMENTE GRATIS con la Cuenta Independencia BBVA. 💵😉

Abre tu cuenta aquí: bbva.info/32eZMcG
#BBVA #BancoBBVA #CuentaIndependencia #TransferenciasSinComisiones #CercaníaYConfianza",1,0,1,0,854
2025-07-11 20:22:30,bbva_peru,May 22,"🏠🚗🎒✨ No hay proyecto grande o pequeño, lo importante es seguir avanzando. Hoy estrenamos imagen y renovamos nuestro compromiso de acompañarte en cada paso, brindándote las herramientas que impulsan tus decisiones. ¿Avanzamos?",0,0,1,0,843
2025-07-11 20:22:30,bbva_peru,May 20,"Todos tenemos un proyecto que queremos hacer realidad👀 ¿Cuál de estos te motiva más? ¡Mejor aún, escribe el tuyo en los comentarios!",0,0,1,0,647
2025-07-11 20:22:30,bbva_peru,May 19,☝️ Con la Cuenta Independencia BBVA puedo realizar todas mis operaciones por canales físicos TOTALMENTE GRATIS.,1,0,0,0,767
2025-07-11 20:22:30,bbva_peru,May 19,"¡Aún estás a tiempo! 📷📷 Abre o incrementa tu cuenta desde S/3,200 y GANA AL INSTANTE  tu set de cubiertos Tramontina. ¡No te quedes fuera! 📷
Abre tu cuenta aquí: bbva.info/3LWb53n
#BBVA #BancoBBVA #QDA #QuincenaDelAhorro #Ahorrar",2,0,0,0,717
2025-07-11 21:19:36,bbva_peru,Jul 9,¿Cómo te convendría pagar los pasajes de tu viaje por Fiestas Patrias?,0,0,0,0,318
2025-07-11 21:19:36,bbva_peru,Jun 25,"Mostremos nuestro orgullo todo el año. 🏳️‍🌈🏳️‍⚧️ En Be Yourself, ya impulsamos acciones internas para hacerlo posible, y seguiremos trabajando para que sea una realidad en todo el país. 💪😎

#BBVA #orgullo #pride",13,1,8,1,2.0K
2025-07-11 21:19:36,bbva_peru,Jun 24,"¿Avanzamos? Tus metas se hacen posible con la rentabilidad y seguridad que tiene la Cuenta Vip. Conoce más 👉 bbva.info/40jA8E9  😊

#BBVA #CuentaBBVA #VIP #metas",1,0,0,0,1.0K
2025-07-11 21:19:36,bbva_peru,Jun 18,"¿A qué zona irás en el concierto de Green Day?...
Por cierto, tus Tarjetas BBVA te dan beneficios para que puedas conseguir tus entradas. 😉🙌",3,0,0,0,1.0K
2025-07-11 21:19:36,bbva_peru,Jun 17,¿Qué cuenta sorteará en unas semanas 2 DEPAS DE ESTRENO solo por ahorrar?,1,0,0,0,909
2025-07-11 21:19:36,bbva_peru,Jun 16,"Cuenta Independencia BBVA
¿Sabes todos los BENEFICIOS de la Cuenta Independencia BBVA? 

Descúbrelos aquí: bbva.info/4dUWLo4

¿Listo para avanzar?",2,0,0,0,941
2025-07-11 21:19:36,bbva_peru,Jun 10,"Hay muchas formas de avanzar… y una de ellas es ganarte tu nuevo depa de estreno. 🏠💙 Abriendo tu Cuenta Ganadora, participas por 2 departamentos de estreno.

Conoce más aquí: bbva.info/45dZ3fT
#BBVA #CuentasBBVA #Avanzamos",0,0,0,0,797
2025-07-11 21:19:36,bbva_peru,Jun 10,Cuando hay que pagar los servicios existen dos tipos de personas. ¿Cuál eres tú?,0,0,0,0,753
2025-07-11 21:19:36,bbva_peru,Jun 10,"¡Un depa puede ser tuyo! 🙌 Abriendo tu Cuenta Ganadora BBVA desde S/1500, ya estás participando. Ver más información en bbva.pe/cuentas 😉

#CuentasBBVA #BBVA #Avanzamos",0,0,0,0,789
2025-07-11 21:19:36,bbva_peru,Jun 6,"¿Listo para verlos actuar por el Día del Padre? 😊 Si ese día tienes que ir al banco ya sabes que puedes elegir en qué horario hacerlo con Turno Digital desde tu App BBVA. 😎📱

Conoce más aquí: bbva.info/42vhRpz
#BBVA #BancoBBVA #TurnoDigital #Tiempo",0,0,0,0,748
2025-07-11 21:19:36,bbva_peru,Jun 4,"¿Listo para ganar uno de los 2 DEPAS DE ESTRENO que la Cuenta Ganadora BBVA tiene para ti? ¡Abriendo tu cuenta desde S/1,500 participas al instante! 🏢😎

Ábrela Aquí: bbva.info/2kw78IE
#BBVA #BancoBBVA #CuentaGanadoraBBVA #Ahorrar #CuentaDeAhorros",4,0,0,0,717
2025-07-11 21:19:36,bbva_peru,Jun 2,"Tenemos una cuenta para acompañarte en cada manera de avanzar.

#BBVA #proyectos #avanzamos",2,0,3,0,851
2025-07-11 21:19:36,bbva_peru,May 28,Para hacer realidad tu próximo proyecto necesitas un banco que te acompañe con:,4,0,1,0,854
2025-07-11 21:19:36,bbva_peru,May 26,"¿Listo para hacer realidad cada uno de tus proyectos? En BBVA, nos renovamos para acompañarte en cada paso. 😎💪

#BBVA #proyectos #Avanzamos",0,0,2,0,863
2025-07-11 21:19:36,bbva_peru,May 23,Separar tu dinero para cubrir cada gasto del mes es posible con tu App BBVA y su función...,1,0,2,0,980
2025-07-11 21:19:36,bbva_peru,May 23,"¿App o Agencia? 😎 Decide con LIBERTAD desde dónde hacer tus TRANSFERENCIAS TOTALMENTE GRATIS con la Cuenta Independencia BBVA. 💵😉

Abre tu cuenta aquí: bbva.info/32eZMcG
#BBVA #BancoBBVA #CuentaIndependencia #TransferenciasSinComisiones #CercaníaYConfianza",1,0,1,0,855
2025-07-11 21:19:36,bbva_peru,May 22,"🏠🚗🎒✨ No hay proyecto grande o pequeño, lo importante es seguir avanzando. Hoy estrenamos imagen y renovamos nuestro compromiso de acompañarte en cada paso, brindándote las herramientas que impulsan tus decisiones. ¿Avanzamos?",0,0,1,0,843
2025-07-11 21:19:36,bbva_peru,May 20,"Todos tenemos un proyecto que queremos hacer realidad👀 ¿Cuál de estos te motiva más? ¡Mejor aún, escribe el tuyo en los comentarios!",0,0,1,0,647
2025-07-11 21:19:36,bbva_peru,May 19,☝️ Con la Cuenta Independencia BBVA puedo realizar todas mis operaciones por canales físicos TOTALMENTE GRATIS.,1,0,0,0,767
2025-07-11 21:19:36,bbva_peru,May 19,"¡Aún estás a tiempo! 📷📷 Abre o incrementa tu cuenta desde S/3,200 y GANA AL INSTANTE  tu set de cubiertos Tramontina. ¡No te quedes fuera! 📷
Abre tu cuenta aquí: bbva.info/3LWb53n
#BBVA #BancoBBVA #QDA #QuincenaDelAhorro #Ahorrar",2,0,0,0,717
2025-07-11 22:19:43,bbva_peru,Jul 9,¿Cómo te convendría pagar los pasajes de tu viaje por Fiestas Patrias?,0,0,0,0,318
2025-07-11 22:19:43,bbva_peru,Jun 25,"Mostremos nuestro orgullo todo el año. 🏳️‍🌈🏳️‍⚧️ En Be Yourself, ya impulsamos acciones internas para hacerlo posible, y seguiremos trabajando para que sea una realidad en todo el país. 💪😎

#BBVA #orgullo #pride",13,1,8,1,2.0K
2025-07-11 22:19:43,bbva_peru,Jun 24,"¿Avanzamos? Tus metas se hacen posible con la rentabilidad y seguridad que tiene la Cuenta Vip. Conoce más 👉 bbva.info/40jA8E9  😊

#BBVA #CuentaBBVA #VIP #metas",1,0,0,0,1.0K
2025-07-11 22:19:43,bbva_peru,Jun 18,"¿A qué zona irás en el concierto de Green Day?...
Por cierto, tus Tarjetas BBVA te dan beneficios para que puedas conseguir tus entradas. 😉🙌",3,0,0,0,1.0K
2025-07-11 22:19:43,bbva_peru,Jun 17,¿Qué cuenta sorteará en unas semanas 2 DEPAS DE ESTRENO solo por ahorrar?,1,0,0,0,909
2025-07-11 22:19:43,bbva_peru,Jun 16,"Cuenta Independencia BBVA
¿Sabes todos los BENEFICIOS de la Cuenta Independencia BBVA? 

Descúbrelos aquí: bbva.info/4dUWLo4

¿Listo para avanzar?",2,0,0,0,941
2025-07-11 22:19:43,bbva_peru,Jun 10,"Hay muchas formas de avanzar… y una de ellas es ganarte tu nuevo depa de estreno. 🏠💙 Abriendo tu Cuenta Ganadora, participas por 2 departamentos de estreno.

Conoce más aquí: bbva.info/45dZ3fT
#BBVA #CuentasBBVA #Avanzamos",0,0,0,0,797
2025-07-11 22:19:43,bbva_peru,Jun 10,Cuando hay que pagar los servicios existen dos tipos de personas. ¿Cuál eres tú?,0,0,0,0,753
2025-07-11 22:19:43,bbva_peru,Jun 10,"¡Un depa puede ser tuyo! 🙌 Abriendo tu Cuenta Ganadora BBVA desde S/1500, ya estás participando. Ver más información en bbva.pe/cuentas 😉

#CuentasBBVA #BBVA #Avanzamos",0,0,0,0,789
2025-07-11 22:19:43,bbva_peru,Jun 6,"¿Listo para verlos actuar por el Día del Padre? 😊 Si ese día tienes que ir al banco ya sabes que puedes elegir en qué horario hacerlo con Turno Digital desde tu App BBVA. 😎📱

Conoce más aquí: bbva.info/42vhRpz
#BBVA #BancoBBVA #TurnoDigital #Tiempo",0,0,0,0,748
2025-07-11 22:19:43,bbva_peru,Jun 4,"¿Listo para ganar uno de los 2 DEPAS DE ESTRENO que la Cuenta Ganadora BBVA tiene para ti? ¡Abriendo tu cuenta desde S/1,500 participas al instante! 🏢😎

Ábrela Aquí: bbva.info/2kw78IE
#BBVA #BancoBBVA #CuentaGanadoraBBVA #Ahorrar #CuentaDeAhorros",4,0,0,0,717
2025-07-11 22:19:43,bbva_peru,Jun 2,"Tenemos una cuenta para acompañarte en cada manera de avanzar.

#BBVA #proyectos #avanzamos",2,0,3,0,851
2025-07-11 22:19:43,bbva_peru,May 28,Para hacer realidad tu próximo proyecto necesitas un banco que te acompañe con:,4,0,1,0,854
2025-07-11 22:19:43,bbva_peru,May 26,"¿Listo para hacer realidad cada uno de tus proyectos? En BBVA, nos renovamos para acompañarte en cada paso. 😎💪

#BBVA #proyectos #Avanzamos",0,0,2,0,863
2025-07-11 22:19:43,bbva_peru,May 23,Separar tu dinero para cubrir cada gasto del mes es posible con tu App BBVA y su función...,1,0,2,0,980
2025-07-11 22:19:43,bbva_peru,May 23,"¿App o Agencia? 😎 Decide con LIBERTAD desde dónde hacer tus TRANSFERENCIAS TOTALMENTE GRATIS con la Cuenta Independencia BBVA. 💵😉

Abre tu cuenta aquí: bbva.info/32eZMcG
#BBVA #BancoBBVA #CuentaIndependencia #TransferenciasSinComisiones #CercaníaYConfianza",1,0,1,0,854
2025-07-11 22:19:43,bbva_peru,May 22,"🏠🚗🎒✨ No hay proyecto grande o pequeño, lo importante es seguir avanzando. Hoy estrenamos imagen y renovamos nuestro compromiso de acompañarte en cada paso, brindándote las herramientas que impulsan tus decisiones. ¿Avanzamos?",0,0,1,0,843
2025-07-11 22:19:43,bbva_peru,May 20,"Todos tenemos un proyecto que queremos hacer realidad👀 ¿Cuál de estos te motiva más? ¡Mejor aún, escribe el tuyo en los comentarios!",0,0,1,0,647
2025-07-11 22:19:43,bbva_peru,May 19,☝️ Con la Cuenta Independencia BBVA puedo realizar todas mis operaciones por canales físicos TOTALMENTE GRATIS.,1,0,0,0,767
2025-07-11 22:19:43,bbva_peru,May 19,"¡Aún estás a tiempo! 📷📷 Abre o incrementa tu cuenta desde S/3,200 y GANA AL INSTANTE  tu set de cubiertos Tramontina. ¡No te quedes fuera! 📷
Abre tu cuenta aquí: bbva.info/3LWb53n
#BBVA #BancoBBVA #QDA #QuincenaDelAhorro #Ahorrar",2,0,0,0,717
2025-07-11 23:19:40,bbva_peru,Jul 9,¿Cómo te convendría pagar los pasajes de tu viaje por Fiestas Patrias?,0,0,0,0,321
2025-07-11 23:19:40,bbva_peru,Jun 25,"Mostremos nuestro orgullo todo el año. 🏳️‍🌈🏳️‍⚧️ En Be Yourself, ya impulsamos acciones internas para hacerlo posible, y seguiremos trabajando para que sea una realidad en todo el país. 💪😎

#BBVA #orgullo #pride",13,1,8,1,2.0K
2025-07-11 23:19:40,bbva_peru,Jun 24,"¿Avanzamos? Tus metas se hacen posible con la rentabilidad y seguridad que tiene la Cuenta Vip. Conoce más 👉 bbva.info/40jA8E9  😊

#BBVA #CuentaBBVA #VIP #metas",1,0,0,0,1.0K
2025-07-11 23:19:40,bbva_peru,Jun 18,"¿A qué zona irás en el concierto de Green Day?...
Por cierto, tus Tarjetas BBVA te dan beneficios para que puedas conseguir tus entradas. 😉🙌",3,0,0,0,1.0K
2025-07-11 23:19:40,bbva_peru,Jun 17,¿Qué cuenta sorteará en unas semanas 2 DEPAS DE ESTRENO solo por ahorrar?,1,0,0,0,909
2025-07-11 23:19:40,bbva_peru,Jun 16,"Cuenta Independencia BBVA
¿Sabes todos los BENEFICIOS de la Cuenta Independencia BBVA? 

Descúbrelos aquí: bbva.info/4dUWLo4

¿Listo para avanzar?",2,0,0,0,941
2025-07-11 23:19:40,bbva_peru,Jun 10,"Hay muchas formas de avanzar… y una de ellas es ganarte tu nuevo depa de estreno. 🏠💙 Abriendo tu Cuenta Ganadora, participas por 2 departamentos de estreno.

Conoce más aquí: bbva.info/45dZ3fT
#BBVA #CuentasBBVA #Avanzamos",0,0,0,0,797
2025-07-11 23:19:40,bbva_peru,Jun 10,Cuando hay que pagar los servicios existen dos tipos de personas. ¿Cuál eres tú?,0,0,0,0,753
2025-07-11 23:19:40,bbva_peru,Jun 10,"¡Un depa puede ser tuyo! 🙌 Abriendo tu Cuenta Ganadora BBVA desde S/1500, ya estás participando. Ver más información en bbva.pe/cuentas 😉

#CuentasBBVA #BBVA #Avanzamos",0,0,0,0,789
2025-07-11 23:19:40,bbva_peru,Jun 6,"¿Listo para verlos actuar por el Día del Padre? 😊 Si ese día tienes que ir al banco ya sabes que puedes elegir en qué horario hacerlo con Turno Digital desde tu App BBVA. 😎📱

Conoce más aquí: bbva.info/42vhRpz
#BBVA #BancoBBVA #TurnoDigital #Tiempo",0,0,0,0,748
2025-07-11 23:19:40,bbva_peru,Jun 4,"¿Listo para ganar uno de los 2 DEPAS DE ESTRENO que la Cuenta Ganadora BBVA tiene para ti? ¡Abriendo tu cuenta desde S/1,500 participas al instante! 🏢😎

Ábrela Aquí: bbva.info/2kw78IE
#BBVA #BancoBBVA #CuentaGanadoraBBVA #Ahorrar #CuentaDeAhorros",4,0,0,0,717
2025-07-11 23:19:40,bbva_peru,Jun 2,"Tenemos una cuenta para acompañarte en cada manera de avanzar.

#BBVA #proyectos #avanzamos",2,0,3,0,851
2025-07-11 23:19:40,bbva_peru,May 28,Para hacer realidad tu próximo proyecto necesitas un banco que te acompañe con:,4,0,1,0,854
2025-07-11 23:19:40,bbva_peru,May 26,"¿Listo para hacer realidad cada uno de tus proyectos? En BBVA, nos renovamos para acompañarte en cada paso. 😎💪

#BBVA #proyectos #Avanzamos",0,0,2,0,863
2025-07-11 23:19:40,bbva_peru,May 23,Separar tu dinero para cubrir cada gasto del mes es posible con tu App BBVA y su función...,1,0,2,0,980
2025-07-11 23:19:40,bbva_peru,May 23,"¿App o Agencia? 😎 Decide con LIBERTAD desde dónde hacer tus TRANSFERENCIAS TOTALMENTE GRATIS con la Cuenta Independencia BBVA. 💵😉

Abre tu cuenta aquí: bbva.info/32eZMcG
#BBVA #BancoBBVA #CuentaIndependencia #TransferenciasSinComisiones #CercaníaYConfianza",1,0,1,0,854
2025-07-11 23:19:40,bbva_peru,May 22,"🏠🚗🎒✨ No hay proyecto grande o pequeño, lo importante es seguir avanzando. Hoy estrenamos imagen y renovamos nuestro compromiso de acompañarte en cada paso, brindándote las herramientas que impulsan tus decisiones. ¿Avanzamos?",0,0,1,0,843
2025-07-11 23:19:40,bbva_peru,May 20,"Todos tenemos un proyecto que queremos hacer realidad👀 ¿Cuál de estos te motiva más? ¡Mejor aún, escribe el tuyo en los comentarios!",0,0,1,0,647
2025-07-11 23:19:40,bbva_peru,May 19,☝️ Con la Cuenta Independencia BBVA puedo realizar todas mis operaciones por canales físicos TOTALMENTE GRATIS.,1,0,0,0,767
2025-07-11 23:19:40,bbva_peru,May 19,"¡Aún estás a tiempo! 📷📷 Abre o incrementa tu cuenta desde S/3,200 y GANA AL INSTANTE  tu set de cubiertos Tramontina. ¡No te quedes fuera! 📷
Abre tu cuenta aquí: bbva.info/3LWb53n
#BBVA #BancoBBVA #QDA #QuincenaDelAhorro #Ahorrar",2,0,0,0,717
2025-07-12 01:45:41,bbva_peru,Jul 9,¿Cómo te convendría pagar los pasajes de tu viaje por Fiestas Patrias?,0,0,0,0,324
2025-07-12 01:45:41,bbva_peru,Jun 25,"Mostremos nuestro orgullo todo el año. 🏳️‍🌈🏳️‍⚧️ En Be Yourself, ya impulsamos acciones internas para hacerlo posible, y seguiremos trabajando para que sea una realidad en todo el país. 💪😎

#BBVA #orgullo #pride",13,1,8,1,2.0K
2025-07-12 01:45:41,bbva_peru,Jun 24,"¿Avanzamos? Tus metas se hacen posible con la rentabilidad y seguridad que tiene la Cuenta Vip. Conoce más 👉 bbva.info/40jA8E9  😊

#BBVA #CuentaBBVA #VIP #metas",1,0,0,0,1.0K
2025-07-12 01:45:41,bbva_peru,Jun 18,"¿A qué zona irás en el concierto de Green Day?...
Por cierto, tus Tarjetas BBVA te dan beneficios para que puedas conseguir tus entradas. 😉🙌",3,0,0,0,1.0K
2025-07-12 01:45:41,bbva_peru,Jun 17,¿Qué cuenta sorteará en unas semanas 2 DEPAS DE ESTRENO solo por ahorrar?,1,0,0,0,910
2025-07-12 01:45:41,bbva_peru,Jun 16,"Cuenta Independencia BBVA
¿Sabes todos los BENEFICIOS de la Cuenta Independencia BBVA? 

Descúbrelos aquí: bbva.info/4dUWLo4

¿Listo para avanzar?",2,0,0,0,942
2025-07-12 01:45:41,bbva_peru,Jun 10,"Hay muchas formas de avanzar… y una de ellas es ganarte tu nuevo depa de estreno. 🏠💙 Abriendo tu Cuenta Ganadora, participas por 2 departamentos de estreno.

Conoce más aquí: bbva.info/45dZ3fT
#BBVA #CuentasBBVA #Avanzamos",0,0,0,0,797
2025-07-12 01:45:41,bbva_peru,Jun 10,Cuando hay que pagar los servicios existen dos tipos de personas. ¿Cuál eres tú?,0,0,0,0,753
2025-07-12 01:45:41,bbva_peru,Jun 10,"¡Un depa puede ser tuyo! 🙌 Abriendo tu Cuenta Ganadora BBVA desde S/1500, ya estás participando. Ver más información en bbva.pe/cuentas 😉

#CuentasBBVA #BBVA #Avanzamos",0,0,0,0,789
2025-07-12 01:45:41,bbva_peru,Jun 6,"¿Listo para verlos actuar por el Día del Padre? 😊 Si ese día tienes que ir al banco ya sabes que puedes elegir en qué horario hacerlo con Turno Digital desde tu App BBVA. 😎📱

Conoce más aquí: bbva.info/42vhRpz
#BBVA #BancoBBVA #TurnoDigital #Tiempo",0,0,0,0,748
2025-07-12 01:45:41,bbva_peru,Jun 4,"¿Listo para ganar uno de los 2 DEPAS DE ESTRENO que la Cuenta Ganadora BBVA tiene para ti? ¡Abriendo tu cuenta desde S/1,500 participas al instante! 🏢😎

Ábrela Aquí: bbva.info/2kw78IE
#BBVA #BancoBBVA #CuentaGanadoraBBVA #Ahorrar #CuentaDeAhorros",4,0,0,0,717
2025-07-12 01:45:41,bbva_peru,Jun 2,"Tenemos una cuenta para acompañarte en cada manera de avanzar.

#BBVA #proyectos #avanzamos",2,0,3,0,851
2025-07-12 01:45:41,bbva_peru,May 28,Para hacer realidad tu próximo proyecto necesitas un banco que te acompañe con:,4,0,1,0,854
2025-07-12 01:45:41,bbva_peru,May 26,"¿Listo para hacer realidad cada uno de tus proyectos? En BBVA, nos renovamos para acompañarte en cada paso. 😎💪

#BBVA #proyectos #Avanzamos",0,0,2,0,863
2025-07-12 01:45:41,bbva_peru,May 23,Separar tu dinero para cubrir cada gasto del mes es posible con tu App BBVA y su función...,1,0,2,0,980
2025-07-12 01:45:41,bbva_peru,May 23,"¿App o Agencia? 😎 Decide con LIBERTAD desde dónde hacer tus TRANSFERENCIAS TOTALMENTE GRATIS con la Cuenta Independencia BBVA. 💵😉

Abre tu cuenta aquí: bbva.info/32eZMcG
#BBVA #BancoBBVA #CuentaIndependencia #TransferenciasSinComisiones #CercaníaYConfianza",1,0,1,0,854
2025-07-12 01:45:41,bbva_peru,May 22,"🏠🚗🎒✨ No hay proyecto grande o pequeño, lo importante es seguir avanzando. Hoy estrenamos imagen y renovamos nuestro compromiso de acompañarte en cada paso, brindándote las herramientas que impulsan tus decisiones. ¿Avanzamos?",0,0,1,0,843
2025-07-12 01:45:41,bbva_peru,May 20,"Todos tenemos un proyecto que queremos hacer realidad👀 ¿Cuál de estos te motiva más? ¡Mejor aún, escribe el tuyo en los comentarios!",0,0,1,0,647
2025-07-12 01:45:41,bbva_peru,May 19,☝️ Con la Cuenta Independencia BBVA puedo realizar todas mis operaciones por canales físicos TOTALMENTE GRATIS.,1,0,0,0,767
2025-07-12 01:45:41,bbva_peru,May 19,"¡Aún estás a tiempo! 📷📷 Abre o incrementa tu cuenta desde S/3,200 y GANA AL INSTANTE  tu set de cubiertos Tramontina. ¡No te quedes fuera! 📷
Abre tu cuenta aquí: bbva.info/3LWb53n
#BBVA #BancoBBVA #QDA #QuincenaDelAhorro #Ahorrar",2,0,0,0,717
2025-07-12 03:26:09,bbva_peru,Jul 9,¿Cómo te convendría pagar los pasajes de tu viaje por Fiestas Patrias?,0,0,0,0,328
2025-07-12 03:26:09,bbva_peru,Jun 25,"Mostremos nuestro orgullo todo el año. 🏳️‍🌈🏳️‍⚧️ En Be Yourself, ya impulsamos acciones internas para hacerlo posible, y seguiremos trabajando para que sea una realidad en todo el país. 💪😎

#BBVA #orgullo #pride",14,1,8,1,2.0K
2025-07-12 03:26:09,bbva_peru,Jun 24,"¿Avanzamos? Tus metas se hacen posible con la rentabilidad y seguridad que tiene la Cuenta Vip. Conoce más 👉 bbva.info/40jA8E9  😊

#BBVA #CuentaBBVA #VIP #metas",1,0,0,0,1.0K
2025-07-12 03:26:09,bbva_peru,Jun 18,"¿A qué zona irás en el concierto de Green Day?...
Por cierto, tus Tarjetas BBVA te dan beneficios para que puedas conseguir tus entradas. 😉🙌",3,0,0,0,1.0K
2025-07-12 03:26:09,bbva_peru,Jun 17,¿Qué cuenta sorteará en unas semanas 2 DEPAS DE ESTRENO solo por ahorrar?,1,0,0,0,910
2025-07-12 03:26:09,bbva_peru,Jun 16,"Cuenta Independencia BBVA
¿Sabes todos los BENEFICIOS de la Cuenta Independencia BBVA? 

Descúbrelos aquí: bbva.info/4dUWLo4

¿Listo para avanzar?",2,0,0,0,942
2025-07-12 03:26:09,bbva_peru,Jun 10,"Hay muchas formas de avanzar… y una de ellas es ganarte tu nuevo depa de estreno. 🏠💙 Abriendo tu Cuenta Ganadora, participas por 2 departamentos de estreno.

Conoce más aquí: bbva.info/45dZ3fT
#BBVA #CuentasBBVA #Avanzamos",0,0,0,0,797
2025-07-12 03:26:09,bbva_peru,Jun 10,Cuando hay que pagar los servicios existen dos tipos de personas. ¿Cuál eres tú?,0,0,0,0,753
2025-07-12 03:26:09,bbva_peru,Jun 10,"¡Un depa puede ser tuyo! 🙌 Abriendo tu Cuenta Ganadora BBVA desde S/1500, ya estás participando. Ver más información en bbva.pe/cuentas 😉

#CuentasBBVA #BBVA #Avanzamos",0,0,0,0,789
2025-07-12 03:26:09,bbva_peru,Jun 6,"¿Listo para verlos actuar por el Día del Padre? 😊 Si ese día tienes que ir al banco ya sabes que puedes elegir en qué horario hacerlo con Turno Digital desde tu App BBVA. 😎📱

Conoce más aquí: bbva.info/42vhRpz
#BBVA #BancoBBVA #TurnoDigital #Tiempo",0,0,0,0,748
2025-07-12 03:26:09,bbva_peru,Jun 4,"¿Listo para ganar uno de los 2 DEPAS DE ESTRENO que la Cuenta Ganadora BBVA tiene para ti? ¡Abriendo tu cuenta desde S/1,500 participas al instante! 🏢😎

Ábrela Aquí: bbva.info/2kw78IE
#BBVA #BancoBBVA #CuentaGanadoraBBVA #Ahorrar #CuentaDeAhorros",4,0,0,0,717
2025-07-12 03:26:09,bbva_peru,Jun 2,"Tenemos una cuenta para acompañarte en cada manera de avanzar.

#BBVA #proyectos #avanzamos",2,0,3,0,851
2025-07-12 03:26:09,bbva_peru,May 28,Para hacer realidad tu próximo proyecto necesitas un banco que te acompañe con:,4,0,1,0,854
2025-07-12 03:26:09,bbva_peru,May 26,"¿Listo para hacer realidad cada uno de tus proyectos? En BBVA, nos renovamos para acompañarte en cada paso. 😎💪

#BBVA #proyectos #Avanzamos",0,0,2,0,863
2025-07-12 03:26:09,bbva_peru,May 23,Separar tu dinero para cubrir cada gasto del mes es posible con tu App BBVA y su función...,1,0,2,0,980
2025-07-12 03:26:09,bbva_peru,May 23,"¿App o Agencia? 😎 Decide con LIBERTAD desde dónde hacer tus TRANSFERENCIAS TOTALMENTE GRATIS con la Cuenta Independencia BBVA. 💵😉

Abre tu cuenta aquí: bbva.info/32eZMcG
#BBVA #BancoBBVA #CuentaIndependencia #TransferenciasSinComisiones #CercaníaYConfianza",1,0,1,0,854
2025-07-12 03:26:09,bbva_peru,May 22,"🏠🚗🎒✨ No hay proyecto grande o pequeño, lo importante es seguir avanzando. Hoy estrenamos imagen y renovamos nuestro compromiso de acompañarte en cada paso, brindándote las herramientas que impulsan tus decisiones. ¿Avanzamos?",0,0,1,0,843
2025-07-12 03:26:09,bbva_peru,May 20,"Todos tenemos un proyecto que queremos hacer realidad👀 ¿Cuál de estos te motiva más? ¡Mejor aún, escribe el tuyo en los comentarios!",0,0,1,0,647
2025-07-12 03:26:09,bbva_peru,May 19,☝️ Con la Cuenta Independencia BBVA puedo realizar todas mis operaciones por canales físicos TOTALMENTE GRATIS.,1,0,0,0,767
2025-07-12 03:26:09,bbva_peru,May 19,"¡Aún estás a tiempo! 📷📷 Abre o incrementa tu cuenta desde S/3,200 y GANA AL INSTANTE  tu set de cubiertos Tramontina. ¡No te quedes fuera! 📷
Abre tu cuenta aquí: bbva.info/3LWb53n
#BBVA #BancoBBVA #QDA #QuincenaDelAhorro #Ahorrar",2,0,0,0,717
2025-07-12 04:31:19,bbva_peru,Jul 9,¿Cómo te convendría pagar los pasajes de tu viaje por Fiestas Patrias?,0,0,0,0,329
2025-07-12 04:31:19,bbva_peru,Jun 25,"Mostremos nuestro orgullo todo el año. 🏳️‍🌈🏳️‍⚧️ En Be Yourself, ya impulsamos acciones internas para hacerlo posible, y seguiremos trabajando para que sea una realidad en todo el país. 💪😎

#BBVA #orgullo #pride",14,1,8,1,2.0K
2025-07-12 04:31:19,bbva_peru,Jun 24,"¿Avanzamos? Tus metas se hacen posible con la rentabilidad y seguridad que tiene la Cuenta Vip. Conoce más 👉 bbva.info/40jA8E9  😊

#BBVA #CuentaBBVA #VIP #metas",1,0,0,0,1.0K
2025-07-12 04:31:19,bbva_peru,Jun 18,"¿A qué zona irás en el concierto de Green Day?...
Por cierto, tus Tarjetas BBVA te dan beneficios para que puedas conseguir tus entradas. 😉🙌",3,0,0,0,1.0K
2025-07-12 04:31:19,bbva_peru,Jun 17,¿Qué cuenta sorteará en unas semanas 2 DEPAS DE ESTRENO solo por ahorrar?,1,0,0,0,910
2025-07-12 04:31:19,bbva_peru,Jun 16,"Cuenta Independencia BBVA
¿Sabes todos los BENEFICIOS de la Cuenta Independencia BBVA? 

Descúbrelos aquí: bbva.info/4dUWLo4

¿Listo para avanzar?",2,0,0,0,942
2025-07-12 04:31:19,bbva_peru,Jun 10,"Hay muchas formas de avanzar… y una de ellas es ganarte tu nuevo depa de estreno. 🏠💙 Abriendo tu Cuenta Ganadora, participas por 2 departamentos de estreno.

Conoce más aquí: bbva.info/45dZ3fT
#BBVA #CuentasBBVA #Avanzamos",0,0,0,0,797
2025-07-12 04:31:19,bbva_peru,Jun 10,Cuando hay que pagar los servicios existen dos tipos de personas. ¿Cuál eres tú?,0,0,0,0,753
2025-07-12 04:31:19,bbva_peru,Jun 10,"¡Un depa puede ser tuyo! 🙌 Abriendo tu Cuenta Ganadora BBVA desde S/1500, ya estás participando. Ver más información en bbva.pe/cuentas 😉

#CuentasBBVA #BBVA #Avanzamos",0,0,0,0,789
2025-07-12 04:31:19,bbva_peru,Jun 6,"¿Listo para verlos actuar por el Día del Padre? 😊 Si ese día tienes que ir al banco ya sabes que puedes elegir en qué horario hacerlo con Turno Digital desde tu App BBVA. 😎📱

Conoce más aquí: bbva.info/42vhRpz
#BBVA #BancoBBVA #TurnoDigital #Tiempo",0,0,0,0,748
2025-07-12 04:31:19,bbva_peru,Jun 4,"¿Listo para ganar uno de los 2 DEPAS DE ESTRENO que la Cuenta Ganadora BBVA tiene para ti? ¡Abriendo tu cuenta desde S/1,500 participas al instante! 🏢😎

Ábrela Aquí: bbva.info/2kw78IE
#BBVA #BancoBBVA #CuentaGanadoraBBVA #Ahorrar #CuentaDeAhorros",4,0,0,0,717
2025-07-12 04:31:19,bbva_peru,Jun 2,"Tenemos una cuenta para acompañarte en cada manera de avanzar.

#BBVA #proyectos #avanzamos",2,0,3,0,851
2025-07-12 04:31:19,bbva_peru,May 28,Para hacer realidad tu próximo proyecto necesitas un banco que te acompañe con:,4,0,1,0,854
2025-07-12 04:31:19,bbva_peru,May 26,"¿Listo para hacer realidad cada uno de tus proyectos? En BBVA, nos renovamos para acompañarte en cada paso. 😎💪

#BBVA #proyectos #Avanzamos",0,0,2,0,863
2025-07-12 04:31:19,bbva_peru,May 23,Separar tu dinero para cubrir cada gasto del mes es posible con tu App BBVA y su función...,1,0,2,0,980
2025-07-12 04:31:19,bbva_peru,May 23,"¿App o Agencia? 😎 Decide con LIBERTAD desde dónde hacer tus TRANSFERENCIAS TOTALMENTE GRATIS con la Cuenta Independencia BBVA. 💵😉

Abre tu cuenta aquí: bbva.info/32eZMcG
#BBVA #BancoBBVA #CuentaIndependencia #TransferenciasSinComisiones #CercaníaYConfianza",1,0,1,0,854
2025-07-12 04:31:19,bbva_peru,May 22,"🏠🚗🎒✨ No hay proyecto grande o pequeño, lo importante es seguir avanzando. Hoy estrenamos imagen y renovamos nuestro compromiso de acompañarte en cada paso, brindándote las herramientas que impulsan tus decisiones. ¿Avanzamos?",0,0,1,0,843
2025-07-12 04:31:19,bbva_peru,May 20,"Todos tenemos un proyecto que queremos hacer realidad👀 ¿Cuál de estos te motiva más? ¡Mejor aún, escribe el tuyo en los comentarios!",0,0,1,0,647
2025-07-12 04:31:19,bbva_peru,May 19,☝️ Con la Cuenta Independencia BBVA puedo realizar todas mis operaciones por canales físicos TOTALMENTE GRATIS.,1,0,0,0,767
2025-07-12 04:31:19,bbva_peru,May 19,"¡Aún estás a tiempo! 📷📷 Abre o incrementa tu cuenta desde S/3,200 y GANA AL INSTANTE  tu set de cubiertos Tramontina. ¡No te quedes fuera! 📷
Abre tu cuenta aquí: bbva.info/3LWb53n
#BBVA #BancoBBVA #QDA #QuincenaDelAhorro #Ahorrar",2,0,0,0,717
2025-07-12 05:20:32,bbva_peru,Jul 9,¿Cómo te convendría pagar los pasajes de tu viaje por Fiestas Patrias?,0,0,0,0,329
2025-07-12 05:20:32,bbva_peru,Jun 25,"Mostremos nuestro orgullo todo el año. 🏳️‍🌈🏳️‍⚧️ En Be Yourself, ya impulsamos acciones internas para hacerlo posible, y seguiremos trabajando para que sea una realidad en todo el país. 💪😎

#BBVA #orgullo #pride",14,1,8,1,2.0K
2025-07-12 05:20:32,bbva_peru,Jun 24,"¿Avanzamos? Tus metas se hacen posible con la rentabilidad y seguridad que tiene la Cuenta Vip. Conoce más 👉 bbva.info/40jA8E9  😊

#BBVA #CuentaBBVA #VIP #metas",1,0,0,0,1.0K
2025-07-12 05:20:32,bbva_peru,Jun 18,"¿A qué zona irás en el concierto de Green Day?...
Por cierto, tus Tarjetas BBVA te dan beneficios para que puedas conseguir tus entradas. 😉🙌",3,0,0,0,1.0K
2025-07-12 05:20:32,bbva_peru,Jun 17,¿Qué cuenta sorteará en unas semanas 2 DEPAS DE ESTRENO solo por ahorrar?,1,0,0,0,910
2025-07-12 05:20:32,bbva_peru,Jun 16,"Cuenta Independencia BBVA
¿Sabes todos los BENEFICIOS de la Cuenta Independencia BBVA? 

Descúbrelos aquí: bbva.info/4dUWLo4

¿Listo para avanzar?",2,0,0,0,942
2025-07-12 05:20:32,bbva_peru,Jun 10,"Hay muchas formas de avanzar… y una de ellas es ganarte tu nuevo depa de estreno. 🏠💙 Abriendo tu Cuenta Ganadora, participas por 2 departamentos de estreno.

Conoce más aquí: bbva.info/45dZ3fT
#BBVA #CuentasBBVA #Avanzamos",0,0,0,0,797
2025-07-12 05:20:32,bbva_peru,Jun 10,Cuando hay que pagar los servicios existen dos tipos de personas. ¿Cuál eres tú?,0,0,0,0,753
2025-07-12 05:20:32,bbva_peru,Jun 10,"¡Un depa puede ser tuyo! 🙌 Abriendo tu Cuenta Ganadora BBVA desde S/1500, ya estás participando. Ver más información en bbva.pe/cuentas 😉

#CuentasBBVA #BBVA #Avanzamos",0,0,0,0,789
2025-07-12 05:20:32,bbva_peru,Jun 6,"¿Listo para verlos actuar por el Día del Padre? 😊 Si ese día tienes que ir al banco ya sabes que puedes elegir en qué horario hacerlo con Turno Digital desde tu App BBVA. 😎📱

Conoce más aquí: bbva.info/42vhRpz
#BBVA #BancoBBVA #TurnoDigital #Tiempo",0,0,0,0,748
2025-07-12 05:20:32,bbva_peru,Jun 4,"¿Listo para ganar uno de los 2 DEPAS DE ESTRENO que la Cuenta Ganadora BBVA tiene para ti? ¡Abriendo tu cuenta desde S/1,500 participas al instante! 🏢😎

Ábrela Aquí: bbva.info/2kw78IE
#BBVA #BancoBBVA #CuentaGanadoraBBVA #Ahorrar #CuentaDeAhorros",4,0,0,0,717
2025-07-12 05:20:32,bbva_peru,Jun 2,"Tenemos una cuenta para acompañarte en cada manera de avanzar.

#BBVA #proyectos #avanzamos",2,0,3,0,851
2025-07-12 05:20:32,bbva_peru,May 28,Para hacer realidad tu próximo proyecto necesitas un banco que te acompañe con:,4,0,1,0,854
2025-07-12 05:20:32,bbva_peru,May 26,"¿Listo para hacer realidad cada uno de tus proyectos? En BBVA, nos renovamos para acompañarte en cada paso. 😎💪

#BBVA #proyectos #Avanzamos",0,0,2,0,863
2025-07-12 05:20:32,bbva_peru,May 23,Separar tu dinero para cubrir cada gasto del mes es posible con tu App BBVA y su función...,1,0,2,0,980
2025-07-12 05:20:32,bbva_peru,May 23,"¿App o Agencia? 😎 Decide con LIBERTAD desde dónde hacer tus TRANSFERENCIAS TOTALMENTE GRATIS con la Cuenta Independencia BBVA. 💵😉

Abre tu cuenta aquí: bbva.info/32eZMcG
#BBVA #BancoBBVA #CuentaIndependencia #TransferenciasSinComisiones #CercaníaYConfianza",1,0,1,0,854
2025-07-12 05:20:32,bbva_peru,May 22,"🏠🚗🎒✨ No hay proyecto grande o pequeño, lo importante es seguir avanzando. Hoy estrenamos imagen y renovamos nuestro compromiso de acompañarte en cada paso, brindándote las herramientas que impulsan tus decisiones. ¿Avanzamos?",0,0,1,0,843
2025-07-12 05:20:32,bbva_peru,May 20,"Todos tenemos un proyecto que queremos hacer realidad👀 ¿Cuál de estos te motiva más? ¡Mejor aún, escribe el tuyo en los comentarios!",0,0,1,0,647
2025-07-12 05:20:32,bbva_peru,May 19,☝️ Con la Cuenta Independencia BBVA puedo realizar todas mis operaciones por canales físicos TOTALMENTE GRATIS.,1,0,0,0,767
2025-07-12 05:20:32,bbva_peru,May 19,"¡Aún estás a tiempo! 📷📷 Abre o incrementa tu cuenta desde S/3,200 y GANA AL INSTANTE  tu set de cubiertos Tramontina. ¡No te quedes fuera! 📷
Abre tu cuenta aquí: bbva.info/3LWb53n
#BBVA #BancoBBVA #QDA #QuincenaDelAhorro #Ahorrar",2,0,0,0,717
2025-07-12 06:28:20,bbva_peru,Jul 9,¿Cómo te convendría pagar los pasajes de tu viaje por Fiestas Patrias?,0,0,0,0,329
2025-07-12 06:28:20,bbva_peru,Jun 25,"Mostremos nuestro orgullo todo el año. 🏳️‍🌈🏳️‍⚧️ En Be Yourself, ya impulsamos acciones internas para hacerlo posible, y seguiremos trabajando para que sea una realidad en todo el país. 💪😎

#BBVA #orgullo #pride",14,1,8,1,2.0K
2025-07-12 06:28:20,bbva_peru,Jun 24,"¿Avanzamos? Tus metas se hacen posible con la rentabilidad y seguridad que tiene la Cuenta Vip. Conoce más 👉 bbva.info/40jA8E9  😊

#BBVA #CuentaBBVA #VIP #metas",1,0,0,0,1.0K
2025-07-12 06:28:20,bbva_peru,Jun 18,"¿A qué zona irás en el concierto de Green Day?...
Por cierto, tus Tarjetas BBVA te dan beneficios para que puedas conseguir tus entradas. 😉🙌",3,0,0,0,1.0K
2025-07-12 06:28:20,bbva_peru,Jun 17,¿Qué cuenta sorteará en unas semanas 2 DEPAS DE ESTRENO solo por ahorrar?,1,0,0,0,910
2025-07-12 06:28:20,bbva_peru,Jun 16,"Cuenta Independencia BBVA
¿Sabes todos los BENEFICIOS de la Cuenta Independencia BBVA? 

Descúbrelos aquí: bbva.info/4dUWLo4

¿Listo para avanzar?",2,0,0,0,942
2025-07-12 06:28:20,bbva_peru,Jun 10,"Hay muchas formas de avanzar… y una de ellas es ganarte tu nuevo depa de estreno. 🏠💙 Abriendo tu Cuenta Ganadora, participas por 2 departamentos de estreno.

Conoce más aquí: bbva.info/45dZ3fT
#BBVA #CuentasBBVA #Avanzamos",0,0,0,0,797
2025-07-12 06:28:20,bbva_peru,Jun 10,Cuando hay que pagar los servicios existen dos tipos de personas. ¿Cuál eres tú?,0,0,0,0,753
2025-07-12 06:28:20,bbva_peru,Jun 10,"¡Un depa puede ser tuyo! 🙌 Abriendo tu Cuenta Ganadora BBVA desde S/1500, ya estás participando. Ver más información en bbva.pe/cuentas 😉

#CuentasBBVA #BBVA #Avanzamos",0,0,0,0,789
2025-07-12 06:28:20,bbva_peru,Jun 6,"¿Listo para verlos actuar por el Día del Padre? 😊 Si ese día tienes que ir al banco ya sabes que puedes elegir en qué horario hacerlo con Turno Digital desde tu App BBVA. 😎📱

Conoce más aquí: bbva.info/42vhRpz
#BBVA #BancoBBVA #TurnoDigital #Tiempo",0,0,0,0,748
2025-07-12 06:28:20,bbva_peru,Jun 4,"¿Listo para ganar uno de los 2 DEPAS DE ESTRENO que la Cuenta Ganadora BBVA tiene para ti? ¡Abriendo tu cuenta desde S/1,500 participas al instante! 🏢😎

Ábrela Aquí: bbva.info/2kw78IE
#BBVA #BancoBBVA #CuentaGanadoraBBVA #Ahorrar #CuentaDeAhorros",4,0,0,0,717
2025-07-12 06:28:20,bbva_peru,Jun 2,"Tenemos una cuenta para acompañarte en cada manera de avanzar.

#BBVA #proyectos #avanzamos",2,0,3,0,851
2025-07-12 06:28:20,bbva_peru,May 28,Para hacer realidad tu próximo proyecto necesitas un banco que te acompañe con:,4,0,1,0,854
2025-07-12 06:28:20,bbva_peru,May 26,"¿Listo para hacer realidad cada uno de tus proyectos? En BBVA, nos renovamos para acompañarte en cada paso. 😎💪

#BBVA #proyectos #Avanzamos",0,0,2,0,863
2025-07-12 06:28:20,bbva_peru,May 23,Separar tu dinero para cubrir cada gasto del mes es posible con tu App BBVA y su función...,1,0,2,0,980
2025-07-12 06:28:20,bbva_peru,May 23,"¿App o Agencia? 😎 Decide con LIBERTAD desde dónde hacer tus TRANSFERENCIAS TOTALMENTE GRATIS con la Cuenta Independencia BBVA. 💵😉

Abre tu cuenta aquí: bbva.info/32eZMcG
#BBVA #BancoBBVA #CuentaIndependencia #TransferenciasSinComisiones #CercaníaYConfianza",1,0,1,0,854
2025-07-12 06:28:20,bbva_peru,May 22,"🏠🚗🎒✨ No hay proyecto grande o pequeño, lo importante es seguir avanzando. Hoy estrenamos imagen y renovamos nuestro compromiso de acompañarte en cada paso, brindándote las herramientas que impulsan tus decisiones. ¿Avanzamos?",0,0,1,0,843
2025-07-12 06:28:20,bbva_peru,May 20,"Todos tenemos un proyecto que queremos hacer realidad👀 ¿Cuál de estos te motiva más? ¡Mejor aún, escribe el tuyo en los comentarios!",0,0,1,0,647
2025-07-12 06:28:20,bbva_peru,May 19,☝️ Con la Cuenta Independencia BBVA puedo realizar todas mis operaciones por canales físicos TOTALMENTE GRATIS.,1,0,0,0,767
2025-07-12 06:28:20,bbva_peru,May 19,"¡Aún estás a tiempo! 📷📷 Abre o incrementa tu cuenta desde S/3,200 y GANA AL INSTANTE  tu set de cubiertos Tramontina. ¡No te quedes fuera! 📷
Abre tu cuenta aquí: bbva.info/3LWb53n
#BBVA #BancoBBVA #QDA #QuincenaDelAhorro #Ahorrar",2,0,0,0,717
2025-07-12 07:19:15,bbva_peru,Jul 9,¿Cómo te convendría pagar los pasajes de tu viaje por Fiestas Patrias?,0,0,0,0,329
2025-07-12 07:19:15,bbva_peru,Jun 25,"Mostremos nuestro orgullo todo el año. 🏳️‍🌈🏳️‍⚧️ En Be Yourself, ya impulsamos acciones internas para hacerlo posible, y seguiremos trabajando para que sea una realidad en todo el país. 💪😎

#BBVA #orgullo #pride",14,1,8,1,2.0K
2025-07-12 07:19:15,bbva_peru,Jun 24,"¿Avanzamos? Tus metas se hacen posible con la rentabilidad y seguridad que tiene la Cuenta Vip. Conoce más 👉 bbva.info/40jA8E9  😊

#BBVA #CuentaBBVA #VIP #metas",1,0,0,0,1.0K
2025-07-12 07:19:15,bbva_peru,Jun 18,"¿A qué zona irás en el concierto de Green Day?...
Por cierto, tus Tarjetas BBVA te dan beneficios para que puedas conseguir tus entradas. 😉🙌",3,0,0,0,1.0K
2025-07-12 07:19:15,bbva_peru,Jun 17,¿Qué cuenta sorteará en unas semanas 2 DEPAS DE ESTRENO solo por ahorrar?,1,0,0,0,910
2025-07-12 07:19:15,bbva_peru,Jun 16,"Cuenta Independencia BBVA
¿Sabes todos los BENEFICIOS de la Cuenta Independencia BBVA? 

Descúbrelos aquí: bbva.info/4dUWLo4

¿Listo para avanzar?",2,0,0,0,942
2025-07-12 07:19:15,bbva_peru,Jun 10,"Hay muchas formas de avanzar… y una de ellas es ganarte tu nuevo depa de estreno. 🏠💙 Abriendo tu Cuenta Ganadora, participas por 2 departamentos de estreno.

Conoce más aquí: bbva.info/45dZ3fT
#BBVA #CuentasBBVA #Avanzamos",0,0,0,0,797
2025-07-12 07:19:15,bbva_peru,Jun 10,Cuando hay que pagar los servicios existen dos tipos de personas. ¿Cuál eres tú?,0,0,0,0,753
2025-07-12 07:19:15,bbva_peru,Jun 10,"¡Un depa puede ser tuyo! 🙌 Abriendo tu Cuenta Ganadora BBVA desde S/1500, ya estás participando. Ver más información en bbva.pe/cuentas 😉

#CuentasBBVA #BBVA #Avanzamos",0,0,0,0,789
2025-07-12 07:19:15,bbva_peru,Jun 6,"¿Listo para verlos actuar por el Día del Padre? 😊 Si ese día tienes que ir al banco ya sabes que puedes elegir en qué horario hacerlo con Turno Digital desde tu App BBVA. 😎📱

Conoce más aquí: bbva.info/42vhRpz
#BBVA #BancoBBVA #TurnoDigital #Tiempo",0,0,0,0,748
2025-07-12 07:19:15,bbva_peru,Jun 4,"¿Listo para ganar uno de los 2 DEPAS DE ESTRENO que la Cuenta Ganadora BBVA tiene para ti? ¡Abriendo tu cuenta desde S/1,500 participas al instante! 🏢😎

Ábrela Aquí: bbva.info/2kw78IE
#BBVA #BancoBBVA #CuentaGanadoraBBVA #Ahorrar #CuentaDeAhorros",4,0,0,0,717
2025-07-12 07:19:15,bbva_peru,Jun 2,"Tenemos una cuenta para acompañarte en cada manera de avanzar.

#BBVA #proyectos #avanzamos",2,0,3,0,851
2025-07-12 07:19:15,bbva_peru,May 28,Para hacer realidad tu próximo proyecto necesitas un banco que te acompañe con:,4,0,1,0,854
2025-07-12 07:19:15,bbva_peru,May 26,"¿Listo para hacer realidad cada uno de tus proyectos? En BBVA, nos renovamos para acompañarte en cada paso. 😎💪

#BBVA #proyectos #Avanzamos",0,0,2,0,863
2025-07-12 07:19:15,bbva_peru,May 23,Separar tu dinero para cubrir cada gasto del mes es posible con tu App BBVA y su función...,1,0,2,0,980
2025-07-12 07:19:15,bbva_peru,May 23,"¿App o Agencia? 😎 Decide con LIBERTAD desde dónde hacer tus TRANSFERENCIAS TOTALMENTE GRATIS con la Cuenta Independencia BBVA. 💵😉

Abre tu cuenta aquí: bbva.info/32eZMcG
#BBVA #BancoBBVA #CuentaIndependencia #TransferenciasSinComisiones #CercaníaYConfianza",1,0,1,0,854
2025-07-12 07:19:15,bbva_peru,May 22,"🏠🚗🎒✨ No hay proyecto grande o pequeño, lo importante es seguir avanzando. Hoy estrenamos imagen y renovamos nuestro compromiso de acompañarte en cada paso, brindándote las herramientas que impulsan tus decisiones. ¿Avanzamos?",0,0,1,0,843
2025-07-12 07:19:15,bbva_peru,May 20,"Todos tenemos un proyecto que queremos hacer realidad👀 ¿Cuál de estos te motiva más? ¡Mejor aún, escribe el tuyo en los comentarios!",0,0,1,0,647
2025-07-12 07:19:15,bbva_peru,May 19,☝️ Con la Cuenta Independencia BBVA puedo realizar todas mis operaciones por canales físicos TOTALMENTE GRATIS.,1,0,0,0,767
2025-07-12 07:19:15,bbva_peru,May 19,"¡Aún estás a tiempo! 📷📷 Abre o incrementa tu cuenta desde S/3,200 y GANA AL INSTANTE  tu set de cubiertos Tramontina. ¡No te quedes fuera! 📷
Abre tu cuenta aquí: bbva.info/3LWb53n
#BBVA #BancoBBVA #QDA #QuincenaDelAhorro #Ahorrar",2,0,0,0,717
2025-07-12 08:24:36,bbva_peru,Jul 9,¿Cómo te convendría pagar los pasajes de tu viaje por Fiestas Patrias?,0,0,0,0,331
2025-07-12 08:24:36,bbva_peru,Jun 25,"Mostremos nuestro orgullo todo el año. 🏳️‍🌈🏳️‍⚧️ En Be Yourself, ya impulsamos acciones internas para hacerlo posible, y seguiremos trabajando para que sea una realidad en todo el país. 💪😎

#BBVA #orgullo #pride",14,1,8,1,2.0K
2025-07-12 08:24:36,bbva_peru,Jun 24,"¿Avanzamos? Tus metas se hacen posible con la rentabilidad y seguridad que tiene la Cuenta Vip. Conoce más 👉 bbva.info/40jA8E9  😊

#BBVA #CuentaBBVA #VIP #metas",1,0,0,0,1.0K
2025-07-12 08:24:36,bbva_peru,Jun 18,"¿A qué zona irás en el concierto de Green Day?...
Por cierto, tus Tarjetas BBVA te dan beneficios para que puedas conseguir tus entradas. 😉🙌",3,0,0,0,1.0K
2025-07-12 08:24:36,bbva_peru,Jun 17,¿Qué cuenta sorteará en unas semanas 2 DEPAS DE ESTRENO solo por ahorrar?,1,0,0,0,911
2025-07-12 08:24:36,bbva_peru,Jun 16,"Cuenta Independencia BBVA
¿Sabes todos los BENEFICIOS de la Cuenta Independencia BBVA? 

Descúbrelos aquí: bbva.info/4dUWLo4

¿Listo para avanzar?",2,0,0,0,943
2025-07-12 08:24:36,bbva_peru,Jun 10,"Hay muchas formas de avanzar… y una de ellas es ganarte tu nuevo depa de estreno. 🏠💙 Abriendo tu Cuenta Ganadora, participas por 2 departamentos de estreno.

Conoce más aquí: bbva.info/45dZ3fT
#BBVA #CuentasBBVA #Avanzamos",0,0,0,0,797
2025-07-12 08:24:36,bbva_peru,Jun 10,Cuando hay que pagar los servicios existen dos tipos de personas. ¿Cuál eres tú?,0,0,0,0,753
2025-07-12 08:24:36,bbva_peru,Jun 10,"¡Un depa puede ser tuyo! 🙌 Abriendo tu Cuenta Ganadora BBVA desde S/1500, ya estás participando. Ver más información en bbva.pe/cuentas 😉

#CuentasBBVA #BBVA #Avanzamos",0,0,0,0,789
2025-07-12 08:24:36,bbva_peru,Jun 6,"¿Listo para verlos actuar por el Día del Padre? 😊 Si ese día tienes que ir al banco ya sabes que puedes elegir en qué horario hacerlo con Turno Digital desde tu App BBVA. 😎📱

Conoce más aquí: bbva.info/42vhRpz
#BBVA #BancoBBVA #TurnoDigital #Tiempo",0,0,0,0,748
2025-07-12 08:24:36,bbva_peru,Jun 4,"¿Listo para ganar uno de los 2 DEPAS DE ESTRENO que la Cuenta Ganadora BBVA tiene para ti? ¡Abriendo tu cuenta desde S/1,500 participas al instante! 🏢😎

Ábrela Aquí: bbva.info/2kw78IE
#BBVA #BancoBBVA #CuentaGanadoraBBVA #Ahorrar #CuentaDeAhorros",4,0,0,0,717
2025-07-12 08:24:36,bbva_peru,Jun 2,"Tenemos una cuenta para acompañarte en cada manera de avanzar.

#BBVA #proyectos #avanzamos",2,0,3,0,851
2025-07-12 08:24:36,bbva_peru,May 28,Para hacer realidad tu próximo proyecto necesitas un banco que te acompañe con:,4,0,1,0,854
2025-07-12 08:24:36,bbva_peru,May 26,"¿Listo para hacer realidad cada uno de tus proyectos? En BBVA, nos renovamos para acompañarte en cada paso. 😎💪

#BBVA #proyectos #Avanzamos",0,0,2,0,863
2025-07-12 08:24:36,bbva_peru,May 23,Separar tu dinero para cubrir cada gasto del mes es posible con tu App BBVA y su función...,1,0,2,0,980
2025-07-12 08:24:36,bbva_peru,May 23,"¿App o Agencia? 😎 Decide con LIBERTAD desde dónde hacer tus TRANSFERENCIAS TOTALMENTE GRATIS con la Cuenta Independencia BBVA. 💵😉

Abre tu cuenta aquí: bbva.info/32eZMcG
#BBVA #BancoBBVA #CuentaIndependencia #TransferenciasSinComisiones #CercaníaYConfianza",1,0,1,0,854
2025-07-12 08:24:36,bbva_peru,May 22,"🏠🚗🎒✨ No hay proyecto grande o pequeño, lo importante es seguir avanzando. Hoy estrenamos imagen y renovamos nuestro compromiso de acompañarte en cada paso, brindándote las herramientas que impulsan tus decisiones. ¿Avanzamos?",0,0,1,0,843
2025-07-12 08:24:36,bbva_peru,May 20,"Todos tenemos un proyecto que queremos hacer realidad👀 ¿Cuál de estos te motiva más? ¡Mejor aún, escribe el tuyo en los comentarios!",0,0,1,0,647
2025-07-12 08:24:36,bbva_peru,May 19,☝️ Con la Cuenta Independencia BBVA puedo realizar todas mis operaciones por canales físicos TOTALMENTE GRATIS.,1,0,0,0,767
2025-07-12 08:24:36,bbva_peru,May 19,"¡Aún estás a tiempo! 📷📷 Abre o incrementa tu cuenta desde S/3,200 y GANA AL INSTANTE  tu set de cubiertos Tramontina. ¡No te quedes fuera! 📷
Abre tu cuenta aquí: bbva.info/3LWb53n
#BBVA #BancoBBVA #QDA #QuincenaDelAhorro #Ahorrar",2,0,0,0,717
2025-07-12 09:20:01,bbva_peru,Jul 9,¿Cómo te convendría pagar los pasajes de tu viaje por Fiestas Patrias?,0,0,0,0,331
2025-07-12 09:20:01,bbva_peru,Jun 25,"Mostremos nuestro orgullo todo el año. 🏳️‍🌈🏳️‍⚧️ En Be Yourself, ya impulsamos acciones internas para hacerlo posible, y seguiremos trabajando para que sea una realidad en todo el país. 💪😎

#BBVA #orgullo #pride",14,1,8,1,2.0K
2025-07-12 09:20:01,bbva_peru,Jun 24,"¿Avanzamos? Tus metas se hacen posible con la rentabilidad y seguridad que tiene la Cuenta Vip. Conoce más 👉 bbva.info/40jA8E9  😊

#BBVA #CuentaBBVA #VIP #metas",1,0,0,0,1.0K
2025-07-12 09:20:01,bbva_peru,Jun 18,"¿A qué zona irás en el concierto de Green Day?...
Por cierto, tus Tarjetas BBVA te dan beneficios para que puedas conseguir tus entradas. 😉🙌",3,0,0,0,1.0K
2025-07-12 09:20:01,bbva_peru,Jun 17,¿Qué cuenta sorteará en unas semanas 2 DEPAS DE ESTRENO solo por ahorrar?,1,0,0,0,911
2025-07-12 09:20:01,bbva_peru,Jun 16,"Cuenta Independencia BBVA
¿Sabes todos los BENEFICIOS de la Cuenta Independencia BBVA? 

Descúbrelos aquí: bbva.info/4dUWLo4

¿Listo para avanzar?",2,0,0,0,943
2025-07-12 09:20:01,bbva_peru,Jun 10,"Hay muchas formas de avanzar… y una de ellas es ganarte tu nuevo depa de estreno. 🏠💙 Abriendo tu Cuenta Ganadora, participas por 2 departamentos de estreno.

Conoce más aquí: bbva.info/45dZ3fT
#BBVA #CuentasBBVA #Avanzamos",0,0,0,0,797
2025-07-12 09:20:01,bbva_peru,Jun 10,Cuando hay que pagar los servicios existen dos tipos de personas. ¿Cuál eres tú?,0,0,0,0,753
2025-07-12 09:20:01,bbva_peru,Jun 10,"¡Un depa puede ser tuyo! 🙌 Abriendo tu Cuenta Ganadora BBVA desde S/1500, ya estás participando. Ver más información en bbva.pe/cuentas 😉

#CuentasBBVA #BBVA #Avanzamos",0,0,0,0,789
2025-07-12 09:20:01,bbva_peru,Jun 6,"¿Listo para verlos actuar por el Día del Padre? 😊 Si ese día tienes que ir al banco ya sabes que puedes elegir en qué horario hacerlo con Turno Digital desde tu App BBVA. 😎📱

Conoce más aquí: bbva.info/42vhRpz
#BBVA #BancoBBVA #TurnoDigital #Tiempo",0,0,0,0,748
2025-07-12 09:20:01,bbva_peru,Jun 4,"¿Listo para ganar uno de los 2 DEPAS DE ESTRENO que la Cuenta Ganadora BBVA tiene para ti? ¡Abriendo tu cuenta desde S/1,500 participas al instante! 🏢😎

Ábrela Aquí: bbva.info/2kw78IE
#BBVA #BancoBBVA #CuentaGanadoraBBVA #Ahorrar #CuentaDeAhorros",4,0,0,0,717
2025-07-12 09:20:01,bbva_peru,Jun 2,"Tenemos una cuenta para acompañarte en cada manera de avanzar.

#BBVA #proyectos #avanzamos",2,0,3,0,851
2025-07-12 09:20:01,bbva_peru,May 28,Para hacer realidad tu próximo proyecto necesitas un banco que te acompañe con:,4,0,1,0,854
2025-07-12 09:20:01,bbva_peru,May 26,"¿Listo para hacer realidad cada uno de tus proyectos? En BBVA, nos renovamos para acompañarte en cada paso. 😎💪

#BBVA #proyectos #Avanzamos",0,0,2,0,863
2025-07-12 09:20:01,bbva_peru,May 23,Separar tu dinero para cubrir cada gasto del mes es posible con tu App BBVA y su función...,1,0,2,0,980
2025-07-12 09:20:01,bbva_peru,May 23,"¿App o Agencia? 😎 Decide con LIBERTAD desde dónde hacer tus TRANSFERENCIAS TOTALMENTE GRATIS con la Cuenta Independencia BBVA. 💵😉

Abre tu cuenta aquí: bbva.info/32eZMcG
#BBVA #BancoBBVA #CuentaIndependencia #TransferenciasSinComisiones #CercaníaYConfianza",1,0,1,0,854
2025-07-12 09:20:01,bbva_peru,May 22,"🏠🚗🎒✨ No hay proyecto grande o pequeño, lo importante es seguir avanzando. Hoy estrenamos imagen y renovamos nuestro compromiso de acompañarte en cada paso, brindándote las herramientas que impulsan tus decisiones. ¿Avanzamos?",0,0,1,0,843
2025-07-12 09:20:01,bbva_peru,May 20,"Todos tenemos un proyecto que queremos hacer realidad👀 ¿Cuál de estos te motiva más? ¡Mejor aún, escribe el tuyo en los comentarios!",0,0,1,0,647
2025-07-12 09:20:01,bbva_peru,May 19,☝️ Con la Cuenta Independencia BBVA puedo realizar todas mis operaciones por canales físicos TOTALMENTE GRATIS.,1,0,0,0,767
2025-07-12 09:20:01,bbva_peru,May 19,"¡Aún estás a tiempo! 📷📷 Abre o incrementa tu cuenta desde S/3,200 y GANA AL INSTANTE  tu set de cubiertos Tramontina. ¡No te quedes fuera! 📷
Abre tu cuenta aquí: bbva.info/3LWb53n
#BBVA #BancoBBVA #QDA #QuincenaDelAhorro #Ahorrar",2,0,0,0,717
2025-07-12 10:20:03,bbva_peru,Jul 9,¿Cómo te convendría pagar los pasajes de tu viaje por Fiestas Patrias?,0,0,0,0,332
2025-07-12 10:20:03,bbva_peru,Jun 25,"Mostremos nuestro orgullo todo el año. 🏳️‍🌈🏳️‍⚧️ En Be Yourself, ya impulsamos acciones internas para hacerlo posible, y seguiremos trabajando para que sea una realidad en todo el país. 💪😎

#BBVA #orgullo #pride",14,1,8,1,2.0K
2025-07-12 10:20:03,bbva_peru,Jun 24,"¿Avanzamos? Tus metas se hacen posible con la rentabilidad y seguridad que tiene la Cuenta Vip. Conoce más 👉 bbva.info/40jA8E9  😊

#BBVA #CuentaBBVA #VIP #metas",1,0,0,0,1.0K
2025-07-12 10:20:03,bbva_peru,Jun 18,"¿A qué zona irás en el concierto de Green Day?...
Por cierto, tus Tarjetas BBVA te dan beneficios para que puedas conseguir tus entradas. 😉🙌",3,0,0,0,1.0K
2025-07-12 10:20:03,bbva_peru,Jun 17,¿Qué cuenta sorteará en unas semanas 2 DEPAS DE ESTRENO solo por ahorrar?,1,0,0,0,911
2025-07-12 10:20:03,bbva_peru,Jun 16,"Cuenta Independencia BBVA
¿Sabes todos los BENEFICIOS de la Cuenta Independencia BBVA? 

Descúbrelos aquí: bbva.info/4dUWLo4

¿Listo para avanzar?",2,0,0,0,943
2025-07-12 10:20:03,bbva_peru,Jun 10,"Hay muchas formas de avanzar… y una de ellas es ganarte tu nuevo depa de estreno. 🏠💙 Abriendo tu Cuenta Ganadora, participas por 2 departamentos de estreno.

Conoce más aquí: bbva.info/45dZ3fT
#BBVA #CuentasBBVA #Avanzamos",0,0,0,0,797
2025-07-12 10:20:03,bbva_peru,Jun 10,Cuando hay que pagar los servicios existen dos tipos de personas. ¿Cuál eres tú?,0,0,0,0,753
2025-07-12 10:20:03,bbva_peru,Jun 10,"¡Un depa puede ser tuyo! 🙌 Abriendo tu Cuenta Ganadora BBVA desde S/1500, ya estás participando. Ver más información en bbva.pe/cuentas 😉

#CuentasBBVA #BBVA #Avanzamos",0,0,0,0,789
2025-07-12 10:20:03,bbva_peru,Jun 6,"¿Listo para verlos actuar por el Día del Padre? 😊 Si ese día tienes que ir al banco ya sabes que puedes elegir en qué horario hacerlo con Turno Digital desde tu App BBVA. 😎📱

Conoce más aquí: bbva.info/42vhRpz
#BBVA #BancoBBVA #TurnoDigital #Tiempo",0,0,0,0,748
2025-07-12 10:20:03,bbva_peru,Jun 4,"¿Listo para ganar uno de los 2 DEPAS DE ESTRENO que la Cuenta Ganadora BBVA tiene para ti? ¡Abriendo tu cuenta desde S/1,500 participas al instante! 🏢😎

Ábrela Aquí: bbva.info/2kw78IE
#BBVA #BancoBBVA #CuentaGanadoraBBVA #Ahorrar #CuentaDeAhorros",4,0,0,0,717
2025-07-12 10:20:03,bbva_peru,Jun 2,"Tenemos una cuenta para acompañarte en cada manera de avanzar.

#BBVA #proyectos #avanzamos",2,0,3,0,851
2025-07-12 10:20:03,bbva_peru,May 28,Para hacer realidad tu próximo proyecto necesitas un banco que te acompañe con:,4,0,1,0,854
2025-07-12 10:20:03,bbva_peru,May 26,"¿Listo para hacer realidad cada uno de tus proyectos? En BBVA, nos renovamos para acompañarte en cada paso. 😎💪

#BBVA #proyectos #Avanzamos",0,0,2,0,863
2025-07-12 10:20:03,bbva_peru,May 23,Separar tu dinero para cubrir cada gasto del mes es posible con tu App BBVA y su función...,1,0,2,0,980
2025-07-12 10:20:03,bbva_peru,May 23,"¿App o Agencia? 😎 Decide con LIBERTAD desde dónde hacer tus TRANSFERENCIAS TOTALMENTE GRATIS con la Cuenta Independencia BBVA. 💵😉

Abre tu cuenta aquí: bbva.info/32eZMcG
#BBVA #BancoBBVA #CuentaIndependencia #TransferenciasSinComisiones #CercaníaYConfianza",1,0,1,0,854
2025-07-12 10:20:03,bbva_peru,May 22,"🏠🚗🎒✨ No hay proyecto grande o pequeño, lo importante es seguir avanzando. Hoy estrenamos imagen y renovamos nuestro compromiso de acompañarte en cada paso, brindándote las herramientas que impulsan tus decisiones. ¿Avanzamos?",0,0,1,0,843
2025-07-12 10:20:03,bbva_peru,May 20,"Todos tenemos un proyecto que queremos hacer realidad👀 ¿Cuál de estos te motiva más? ¡Mejor aún, escribe el tuyo en los comentarios!",0,0,1,0,647
2025-07-12 10:20:03,bbva_peru,May 19,☝️ Con la Cuenta Independencia BBVA puedo realizar todas mis operaciones por canales físicos TOTALMENTE GRATIS.,1,0,0,0,767
2025-07-12 10:20:03,bbva_peru,May 19,"¡Aún estás a tiempo! 📷📷 Abre o incrementa tu cuenta desde S/3,200 y GANA AL INSTANTE  tu set de cubiertos Tramontina. ¡No te quedes fuera! 📷
Abre tu cuenta aquí: bbva.info/3LWb53n
#BBVA #BancoBBVA #QDA #QuincenaDelAhorro #Ahorrar",2,0,0,0,717
2025-07-12 11:17:17,bbva_peru,Jul 9,¿Cómo te convendría pagar los pasajes de tu viaje por Fiestas Patrias?,0,0,0,0,332
2025-07-12 11:17:17,bbva_peru,Jun 25,"Mostremos nuestro orgullo todo el año. 🏳️‍🌈🏳️‍⚧️ En Be Yourself, ya impulsamos acciones internas para hacerlo posible, y seguiremos trabajando para que sea una realidad en todo el país. 💪😎

#BBVA #orgullo #pride",14,1,8,1,2.0K
2025-07-12 11:17:17,bbva_peru,Jun 24,"¿Avanzamos? Tus metas se hacen posible con la rentabilidad y seguridad que tiene la Cuenta Vip. Conoce más 👉 bbva.info/40jA8E9  😊

#BBVA #CuentaBBVA #VIP #metas",1,0,0,0,1.0K
2025-07-12 11:17:17,bbva_peru,Jun 18,"¿A qué zona irás en el concierto de Green Day?...
Por cierto, tus Tarjetas BBVA te dan beneficios para que puedas conseguir tus entradas. 😉🙌",3,0,0,0,1.0K
2025-07-12 11:17:17,bbva_peru,Jun 17,¿Qué cuenta sorteará en unas semanas 2 DEPAS DE ESTRENO solo por ahorrar?,1,0,0,0,911
2025-07-12 11:17:17,bbva_peru,Jun 16,"Cuenta Independencia BBVA
¿Sabes todos los BENEFICIOS de la Cuenta Independencia BBVA? 

Descúbrelos aquí: bbva.info/4dUWLo4

¿Listo para avanzar?",2,0,0,0,943
2025-07-12 11:17:17,bbva_peru,Jun 10,"Hay muchas formas de avanzar… y una de ellas es ganarte tu nuevo depa de estreno. 🏠💙 Abriendo tu Cuenta Ganadora, participas por 2 departamentos de estreno.

Conoce más aquí: bbva.info/45dZ3fT
#BBVA #CuentasBBVA #Avanzamos",0,0,0,0,797
2025-07-12 11:17:17,bbva_peru,Jun 10,Cuando hay que pagar los servicios existen dos tipos de personas. ¿Cuál eres tú?,0,0,0,0,753
2025-07-12 11:17:17,bbva_peru,Jun 10,"¡Un depa puede ser tuyo! 🙌 Abriendo tu Cuenta Ganadora BBVA desde S/1500, ya estás participando. Ver más información en bbva.pe/cuentas 😉

#CuentasBBVA #BBVA #Avanzamos",0,0,0,0,789
2025-07-12 11:17:17,bbva_peru,Jun 6,"¿Listo para verlos actuar por el Día del Padre? 😊 Si ese día tienes que ir al banco ya sabes que puedes elegir en qué horario hacerlo con Turno Digital desde tu App BBVA. 😎📱

Conoce más aquí: bbva.info/42vhRpz
#BBVA #BancoBBVA #TurnoDigital #Tiempo",0,0,0,0,748
2025-07-12 11:17:17,bbva_peru,Jun 4,"¿Listo para ganar uno de los 2 DEPAS DE ESTRENO que la Cuenta Ganadora BBVA tiene para ti? ¡Abriendo tu cuenta desde S/1,500 participas al instante! 🏢😎

Ábrela Aquí: bbva.info/2kw78IE
#BBVA #BancoBBVA #CuentaGanadoraBBVA #Ahorrar #CuentaDeAhorros",4,0,0,0,717
2025-07-12 11:17:17,bbva_peru,Jun 2,"Tenemos una cuenta para acompañarte en cada manera de avanzar.

#BBVA #proyectos #avanzamos",2,0,3,0,851
2025-07-12 11:17:17,bbva_peru,May 28,Para hacer realidad tu próximo proyecto necesitas un banco que te acompañe con:,4,0,1,0,854
2025-07-12 11:17:17,bbva_peru,May 26,"¿Listo para hacer realidad cada uno de tus proyectos? En BBVA, nos renovamos para acompañarte en cada paso. 😎💪

#BBVA #proyectos #Avanzamos",0,0,2,0,863
2025-07-12 11:17:17,bbva_peru,May 23,Separar tu dinero para cubrir cada gasto del mes es posible con tu App BBVA y su función...,1,0,2,0,980
2025-07-12 11:17:17,bbva_peru,May 23,"¿App o Agencia? 😎 Decide con LIBERTAD desde dónde hacer tus TRANSFERENCIAS TOTALMENTE GRATIS con la Cuenta Independencia BBVA. 💵😉

Abre tu cuenta aquí: bbva.info/32eZMcG
#BBVA #BancoBBVA #CuentaIndependencia #TransferenciasSinComisiones #CercaníaYConfianza",1,0,1,0,854
2025-07-12 11:17:17,bbva_peru,May 22,"🏠🚗🎒✨ No hay proyecto grande o pequeño, lo importante es seguir avanzando. Hoy estrenamos imagen y renovamos nuestro compromiso de acompañarte en cada paso, brindándote las herramientas que impulsan tus decisiones. ¿Avanzamos?",0,0,1,0,843
2025-07-12 11:17:17,bbva_peru,May 20,"Todos tenemos un proyecto que queremos hacer realidad👀 ¿Cuál de estos te motiva más? ¡Mejor aún, escribe el tuyo en los comentarios!",0,0,1,0,647
2025-07-12 11:17:17,bbva_peru,May 19,☝️ Con la Cuenta Independencia BBVA puedo realizar todas mis operaciones por canales físicos TOTALMENTE GRATIS.,1,0,0,0,767
2025-07-12 11:17:17,bbva_peru,May 19,"¡Aún estás a tiempo! 📷📷 Abre o incrementa tu cuenta desde S/3,200 y GANA AL INSTANTE  tu set de cubiertos Tramontina. ¡No te quedes fuera! 📷
Abre tu cuenta aquí: bbva.info/3LWb53n
#BBVA #BancoBBVA #QDA #QuincenaDelAhorro #Ahorrar",2,0,0,0,717
2025-07-12 12:38:03,bbva_peru,Jul 9,¿Cómo te convendría pagar los pasajes de tu viaje por Fiestas Patrias?,0,0,0,0,332
2025-07-12 12:38:03,bbva_peru,Jun 25,"Mostremos nuestro orgullo todo el año. 🏳️‍🌈🏳️‍⚧️ En Be Yourself, ya impulsamos acciones internas para hacerlo posible, y seguiremos trabajando para que sea una realidad en todo el país. 💪😎

#BBVA #orgullo #pride",14,1,8,1,2.0K
2025-07-12 12:38:03,bbva_peru,Jun 24,"¿Avanzamos? Tus metas se hacen posible con la rentabilidad y seguridad que tiene la Cuenta Vip. Conoce más 👉 bbva.info/40jA8E9  😊

#BBVA #CuentaBBVA #VIP #metas",1,0,0,0,1.0K
2025-07-12 12:38:03,bbva_peru,Jun 18,"¿A qué zona irás en el concierto de Green Day?...
Por cierto, tus Tarjetas BBVA te dan beneficios para que puedas conseguir tus entradas. 😉🙌",3,0,0,0,1.0K
2025-07-12 12:38:03,bbva_peru,Jun 17,¿Qué cuenta sorteará en unas semanas 2 DEPAS DE ESTRENO solo por ahorrar?,1,0,0,0,911
2025-07-12 12:38:03,bbva_peru,Jun 16,"Cuenta Independencia BBVA
¿Sabes todos los BENEFICIOS de la Cuenta Independencia BBVA? 

Descúbrelos aquí: bbva.info/4dUWLo4

¿Listo para avanzar?",2,0,0,0,943
2025-07-12 12:38:03,bbva_peru,Jun 10,"Hay muchas formas de avanzar… y una de ellas es ganarte tu nuevo depa de estreno. 🏠💙 Abriendo tu Cuenta Ganadora, participas por 2 departamentos de estreno.

Conoce más aquí: bbva.info/45dZ3fT
#BBVA #CuentasBBVA #Avanzamos",0,0,0,0,797
2025-07-12 12:38:03,bbva_peru,Jun 10,Cuando hay que pagar los servicios existen dos tipos de personas. ¿Cuál eres tú?,0,0,0,0,753
2025-07-12 12:38:03,bbva_peru,Jun 10,"¡Un depa puede ser tuyo! 🙌 Abriendo tu Cuenta Ganadora BBVA desde S/1500, ya estás participando. Ver más información en bbva.pe/cuentas 😉

#CuentasBBVA #BBVA #Avanzamos",0,0,0,0,789
2025-07-12 12:38:03,bbva_peru,Jun 6,"¿Listo para verlos actuar por el Día del Padre? 😊 Si ese día tienes que ir al banco ya sabes que puedes elegir en qué horario hacerlo con Turno Digital desde tu App BBVA. 😎📱

Conoce más aquí: bbva.info/42vhRpz
#BBVA #BancoBBVA #TurnoDigital #Tiempo",0,0,0,0,748
2025-07-12 12:38:03,bbva_peru,Jun 4,"¿Listo para ganar uno de los 2 DEPAS DE ESTRENO que la Cuenta Ganadora BBVA tiene para ti? ¡Abriendo tu cuenta desde S/1,500 participas al instante! 🏢😎

Ábrela Aquí: bbva.info/2kw78IE
#BBVA #BancoBBVA #CuentaGanadoraBBVA #Ahorrar #CuentaDeAhorros",4,0,0,0,717
2025-07-12 12:38:03,bbva_peru,Jun 2,"Tenemos una cuenta para acompañarte en cada manera de avanzar.

#BBVA #proyectos #avanzamos",2,0,3,0,851
2025-07-12 12:38:03,bbva_peru,May 28,Para hacer realidad tu próximo proyecto necesitas un banco que te acompañe con:,4,0,1,0,854
2025-07-12 12:38:03,bbva_peru,May 26,"¿Listo para hacer realidad cada uno de tus proyectos? En BBVA, nos renovamos para acompañarte en cada paso. 😎💪

#BBVA #proyectos #Avanzamos",0,0,2,0,863
2025-07-12 12:38:03,bbva_peru,May 23,Separar tu dinero para cubrir cada gasto del mes es posible con tu App BBVA y su función...,1,0,2,0,980
2025-07-12 12:38:03,bbva_peru,May 23,"¿App o Agencia? 😎 Decide con LIBERTAD desde dónde hacer tus TRANSFERENCIAS TOTALMENTE GRATIS con la Cuenta Independencia BBVA. 💵😉

Abre tu cuenta aquí: bbva.info/32eZMcG
#BBVA #BancoBBVA #CuentaIndependencia #TransferenciasSinComisiones #CercaníaYConfianza",1,0,1,0,854
2025-07-12 12:38:03,bbva_peru,May 22,"🏠🚗🎒✨ No hay proyecto grande o pequeño, lo importante es seguir avanzando. Hoy estrenamos imagen y renovamos nuestro compromiso de acompañarte en cada paso, brindándote las herramientas que impulsan tus decisiones. ¿Avanzamos?",0,0,1,0,843
2025-07-12 12:38:03,bbva_peru,May 20,"Todos tenemos un proyecto que queremos hacer realidad👀 ¿Cuál de estos te motiva más? ¡Mejor aún, escribe el tuyo en los comentarios!",0,0,1,0,647
2025-07-12 12:38:03,bbva_peru,May 19,☝️ Con la Cuenta Independencia BBVA puedo realizar todas mis operaciones por canales físicos TOTALMENTE GRATIS.,1,0,0,0,767
2025-07-12 12:38:03,bbva_peru,May 19,"¡Aún estás a tiempo! 📷📷 Abre o incrementa tu cuenta desde S/3,200 y GANA AL INSTANTE  tu set de cubiertos Tramontina. ¡No te quedes fuera! 📷
Abre tu cuenta aquí: bbva.info/3LWb53n
#BBVA #BancoBBVA #QDA #QuincenaDelAhorro #Ahorrar",2,0,0,0,717
2025-07-12 13:28:52,bbva_peru,Jul 9,¿Cómo te convendría pagar los pasajes de tu viaje por Fiestas Patrias?,0,0,0,0,332
2025-07-12 13:28:52,bbva_peru,Jun 25,"Mostremos nuestro orgullo todo el año. 🏳️‍🌈🏳️‍⚧️ En Be Yourself, ya impulsamos acciones internas para hacerlo posible, y seguiremos trabajando para que sea una realidad en todo el país. 💪😎

#BBVA #orgullo #pride",14,1,8,1,2.0K
2025-07-12 13:28:52,bbva_peru,Jun 24,"¿Avanzamos? Tus metas se hacen posible con la rentabilidad y seguridad que tiene la Cuenta Vip. Conoce más 👉 bbva.info/40jA8E9  😊

#BBVA #CuentaBBVA #VIP #metas",1,0,0,0,1.0K
2025-07-12 13:28:52,bbva_peru,Jun 18,"¿A qué zona irás en el concierto de Green Day?...
Por cierto, tus Tarjetas BBVA te dan beneficios para que puedas conseguir tus entradas. 😉🙌",3,0,0,0,1.0K
2025-07-12 13:28:52,bbva_peru,Jun 17,¿Qué cuenta sorteará en unas semanas 2 DEPAS DE ESTRENO solo por ahorrar?,1,0,0,0,911
2025-07-12 13:28:52,bbva_peru,Jun 16,"Cuenta Independencia BBVA
¿Sabes todos los BENEFICIOS de la Cuenta Independencia BBVA? 

Descúbrelos aquí: bbva.info/4dUWLo4

¿Listo para avanzar?",2,0,0,0,943
2025-07-12 13:28:52,bbva_peru,Jun 10,"Hay muchas formas de avanzar… y una de ellas es ganarte tu nuevo depa de estreno. 🏠💙 Abriendo tu Cuenta Ganadora, participas por 2 departamentos de estreno.

Conoce más aquí: bbva.info/45dZ3fT
#BBVA #CuentasBBVA #Avanzamos",0,0,0,0,797
2025-07-12 13:28:52,bbva_peru,Jun 10,Cuando hay que pagar los servicios existen dos tipos de personas. ¿Cuál eres tú?,0,0,0,0,753
2025-07-12 13:28:52,bbva_peru,Jun 10,"¡Un depa puede ser tuyo! 🙌 Abriendo tu Cuenta Ganadora BBVA desde S/1500, ya estás participando. Ver más información en bbva.pe/cuentas 😉

#CuentasBBVA #BBVA #Avanzamos",0,0,0,0,789
2025-07-12 13:28:52,bbva_peru,Jun 6,"¿Listo para verlos actuar por el Día del Padre? 😊 Si ese día tienes que ir al banco ya sabes que puedes elegir en qué horario hacerlo con Turno Digital desde tu App BBVA. 😎📱

Conoce más aquí: bbva.info/42vhRpz
#BBVA #BancoBBVA #TurnoDigital #Tiempo",0,0,0,0,748
2025-07-12 13:28:52,bbva_peru,Jun 4,"¿Listo para ganar uno de los 2 DEPAS DE ESTRENO que la Cuenta Ganadora BBVA tiene para ti? ¡Abriendo tu cuenta desde S/1,500 participas al instante! 🏢😎

Ábrela Aquí: bbva.info/2kw78IE
#BBVA #BancoBBVA #CuentaGanadoraBBVA #Ahorrar #CuentaDeAhorros",4,0,0,0,717
2025-07-12 13:28:52,bbva_peru,Jun 2,"Tenemos una cuenta para acompañarte en cada manera de avanzar.

#BBVA #proyectos #avanzamos",2,0,3,0,851
2025-07-12 13:28:52,bbva_peru,May 28,Para hacer realidad tu próximo proyecto necesitas un banco que te acompañe con:,4,0,1,0,854
2025-07-12 13:28:52,bbva_peru,May 26,"¿Listo para hacer realidad cada uno de tus proyectos? En BBVA, nos renovamos para acompañarte en cada paso. 😎💪

#BBVA #proyectos #Avanzamos",0,0,2,0,863
2025-07-12 13:28:52,bbva_peru,May 23,Separar tu dinero para cubrir cada gasto del mes es posible con tu App BBVA y su función...,1,0,2,0,980
2025-07-12 13:28:52,bbva_peru,May 23,"¿App o Agencia? 😎 Decide con LIBERTAD desde dónde hacer tus TRANSFERENCIAS TOTALMENTE GRATIS con la Cuenta Independencia BBVA. 💵😉

Abre tu cuenta aquí: bbva.info/32eZMcG
#BBVA #BancoBBVA #CuentaIndependencia #TransferenciasSinComisiones #CercaníaYConfianza",1,0,1,0,854
2025-07-12 13:28:52,bbva_peru,May 22,"🏠🚗🎒✨ No hay proyecto grande o pequeño, lo importante es seguir avanzando. Hoy estrenamos imagen y renovamos nuestro compromiso de acompañarte en cada paso, brindándote las herramientas que impulsan tus decisiones. ¿Avanzamos?",0,0,1,0,843
2025-07-12 13:28:52,bbva_peru,May 20,"Todos tenemos un proyecto que queremos hacer realidad👀 ¿Cuál de estos te motiva más? ¡Mejor aún, escribe el tuyo en los comentarios!",0,0,1,0,647
2025-07-12 13:28:52,bbva_peru,May 19,☝️ Con la Cuenta Independencia BBVA puedo realizar todas mis operaciones por canales físicos TOTALMENTE GRATIS.,1,0,0,0,767
2025-07-12 13:28:52,bbva_peru,May 19,"¡Aún estás a tiempo! 📷📷 Abre o incrementa tu cuenta desde S/3,200 y GANA AL INSTANTE  tu set de cubiertos Tramontina. ¡No te quedes fuera! 📷
Abre tu cuenta aquí: bbva.info/3LWb53n
#BBVA #BancoBBVA #QDA #QuincenaDelAhorro #Ahorrar",2,0,0,0,717
2025-07-12 14:18:00,bbva_peru,Jul 9,¿Cómo te convendría pagar los pasajes de tu viaje por Fiestas Patrias?,0,0,0,0,332
2025-07-12 14:18:00,bbva_peru,Jun 25,"Mostremos nuestro orgullo todo el año. 🏳️‍🌈🏳️‍⚧️ En Be Yourself, ya impulsamos acciones internas para hacerlo posible, y seguiremos trabajando para que sea una realidad en todo el país. 💪😎

#BBVA #orgullo #pride",14,1,8,1,2.0K
2025-07-12 14:18:00,bbva_peru,Jun 24,"¿Avanzamos? Tus metas se hacen posible con la rentabilidad y seguridad que tiene la Cuenta Vip. Conoce más 👉 bbva.info/40jA8E9  😊

#BBVA #CuentaBBVA #VIP #metas",1,0,0,0,1.0K
2025-07-12 14:18:00,bbva_peru,Jun 18,"¿A qué zona irás en el concierto de Green Day?...
Por cierto, tus Tarjetas BBVA te dan beneficios para que puedas conseguir tus entradas. 😉🙌",3,0,0,0,1.0K
2025-07-12 14:18:00,bbva_peru,Jun 17,¿Qué cuenta sorteará en unas semanas 2 DEPAS DE ESTRENO solo por ahorrar?,1,0,0,0,911
2025-07-12 14:18:00,bbva_peru,Jun 16,"Cuenta Independencia BBVA
¿Sabes todos los BENEFICIOS de la Cuenta Independencia BBVA? 

Descúbrelos aquí: bbva.info/4dUWLo4

¿Listo para avanzar?",2,0,0,0,943
2025-07-12 14:18:00,bbva_peru,Jun 10,"Hay muchas formas de avanzar… y una de ellas es ganarte tu nuevo depa de estreno. 🏠💙 Abriendo tu Cuenta Ganadora, participas por 2 departamentos de estreno.

Conoce más aquí: bbva.info/45dZ3fT
#BBVA #CuentasBBVA #Avanzamos",0,0,0,0,797
2025-07-12 14:18:00,bbva_peru,Jun 10,Cuando hay que pagar los servicios existen dos tipos de personas. ¿Cuál eres tú?,0,0,0,0,753
2025-07-12 14:18:00,bbva_peru,Jun 10,"¡Un depa puede ser tuyo! 🙌 Abriendo tu Cuenta Ganadora BBVA desde S/1500, ya estás participando. Ver más información en bbva.pe/cuentas 😉

#CuentasBBVA #BBVA #Avanzamos",0,0,0,0,789
2025-07-12 14:18:00,bbva_peru,Jun 6,"¿Listo para verlos actuar por el Día del Padre? 😊 Si ese día tienes que ir al banco ya sabes que puedes elegir en qué horario hacerlo con Turno Digital desde tu App BBVA. 😎📱

Conoce más aquí: bbva.info/42vhRpz
#BBVA #BancoBBVA #TurnoDigital #Tiempo",0,0,0,0,748
2025-07-12 14:18:00,bbva_peru,Jun 4,"¿Listo para ganar uno de los 2 DEPAS DE ESTRENO que la Cuenta Ganadora BBVA tiene para ti? ¡Abriendo tu cuenta desde S/1,500 participas al instante! 🏢😎

Ábrela Aquí: bbva.info/2kw78IE
#BBVA #BancoBBVA #CuentaGanadoraBBVA #Ahorrar #CuentaDeAhorros",4,0,0,0,717
2025-07-12 14:18:00,bbva_peru,Jun 2,"Tenemos una cuenta para acompañarte en cada manera de avanzar.

#BBVA #proyectos #avanzamos",2,0,3,0,851
2025-07-12 14:18:00,bbva_peru,May 28,Para hacer realidad tu próximo proyecto necesitas un banco que te acompañe con:,4,0,1,0,854
2025-07-12 14:18:00,bbva_peru,May 26,"¿Listo para hacer realidad cada uno de tus proyectos? En BBVA, nos renovamos para acompañarte en cada paso. 😎💪

#BBVA #proyectos #Avanzamos",0,0,2,0,863
2025-07-12 14:18:00,bbva_peru,May 23,Separar tu dinero para cubrir cada gasto del mes es posible con tu App BBVA y su función...,1,0,2,0,980
2025-07-12 14:18:00,bbva_peru,May 23,"¿App o Agencia? 😎 Decide con LIBERTAD desde dónde hacer tus TRANSFERENCIAS TOTALMENTE GRATIS con la Cuenta Independencia BBVA. 💵😉

Abre tu cuenta aquí: bbva.info/32eZMcG
#BBVA #BancoBBVA #CuentaIndependencia #TransferenciasSinComisiones #CercaníaYConfianza",1,0,1,0,854
2025-07-12 14:18:00,bbva_peru,May 22,"🏠🚗🎒✨ No hay proyecto grande o pequeño, lo importante es seguir avanzando. Hoy estrenamos imagen y renovamos nuestro compromiso de acompañarte en cada paso, brindándote las herramientas que impulsan tus decisiones. ¿Avanzamos?",0,0,1,0,843
2025-07-12 14:18:00,bbva_peru,May 20,"Todos tenemos un proyecto que queremos hacer realidad👀 ¿Cuál de estos te motiva más? ¡Mejor aún, escribe el tuyo en los comentarios!",0,0,1,0,647
2025-07-12 14:18:00,bbva_peru,May 19,☝️ Con la Cuenta Independencia BBVA puedo realizar todas mis operaciones por canales físicos TOTALMENTE GRATIS.,1,0,0,0,767
2025-07-12 14:18:00,bbva_peru,May 19,"¡Aún estás a tiempo! 📷📷 Abre o incrementa tu cuenta desde S/3,200 y GANA AL INSTANTE  tu set de cubiertos Tramontina. ¡No te quedes fuera! 📷
Abre tu cuenta aquí: bbva.info/3LWb53n
#BBVA #BancoBBVA #QDA #QuincenaDelAhorro #Ahorrar",2,0,0,0,717
2025-07-12 15:19:48,bbva_peru,Jul 9,¿Cómo te convendría pagar los pasajes de tu viaje por Fiestas Patrias?,0,0,0,0,332
2025-07-12 15:19:48,bbva_peru,Jun 25,"Mostremos nuestro orgullo todo el año. 🏳️‍🌈🏳️‍⚧️ En Be Yourself, ya impulsamos acciones internas para hacerlo posible, y seguiremos trabajando para que sea una realidad en todo el país. 💪😎

#BBVA #orgullo #pride",14,1,8,1,2.0K
2025-07-12 15:19:48,bbva_peru,Jun 24,"¿Avanzamos? Tus metas se hacen posible con la rentabilidad y seguridad que tiene la Cuenta Vip. Conoce más 👉 bbva.info/40jA8E9  😊

#BBVA #CuentaBBVA #VIP #metas",1,0,0,0,1.0K
2025-07-12 15:19:48,bbva_peru,Jun 18,"¿A qué zona irás en el concierto de Green Day?...
Por cierto, tus Tarjetas BBVA te dan beneficios para que puedas conseguir tus entradas. 😉🙌",3,0,0,0,1.0K
2025-07-12 15:19:48,bbva_peru,Jun 17,¿Qué cuenta sorteará en unas semanas 2 DEPAS DE ESTRENO solo por ahorrar?,1,0,0,0,911
2025-07-12 15:19:48,bbva_peru,Jun 16,"Cuenta Independencia BBVA
¿Sabes todos los BENEFICIOS de la Cuenta Independencia BBVA? 

Descúbrelos aquí: bbva.info/4dUWLo4

¿Listo para avanzar?",2,0,0,0,943
2025-07-12 15:19:48,bbva_peru,Jun 10,"Hay muchas formas de avanzar… y una de ellas es ganarte tu nuevo depa de estreno. 🏠💙 Abriendo tu Cuenta Ganadora, participas por 2 departamentos de estreno.

Conoce más aquí: bbva.info/45dZ3fT
#BBVA #CuentasBBVA #Avanzamos",0,0,0,0,797
2025-07-12 15:19:48,bbva_peru,Jun 10,Cuando hay que pagar los servicios existen dos tipos de personas. ¿Cuál eres tú?,0,0,0,0,753
2025-07-12 15:19:48,bbva_peru,Jun 10,"¡Un depa puede ser tuyo! 🙌 Abriendo tu Cuenta Ganadora BBVA desde S/1500, ya estás participando. Ver más información en bbva.pe/cuentas 😉

#CuentasBBVA #BBVA #Avanzamos",0,0,0,0,789
2025-07-12 15:19:48,bbva_peru,Jun 6,"¿Listo para verlos actuar por el Día del Padre? 😊 Si ese día tienes que ir al banco ya sabes que puedes elegir en qué horario hacerlo con Turno Digital desde tu App BBVA. 😎📱

Conoce más aquí: bbva.info/42vhRpz
#BBVA #BancoBBVA #TurnoDigital #Tiempo",0,0,0,0,748
2025-07-12 15:19:48,bbva_peru,Jun 4,"¿Listo para ganar uno de los 2 DEPAS DE ESTRENO que la Cuenta Ganadora BBVA tiene para ti? ¡Abriendo tu cuenta desde S/1,500 participas al instante! 🏢😎

Ábrela Aquí: bbva.info/2kw78IE
#BBVA #BancoBBVA #CuentaGanadoraBBVA #Ahorrar #CuentaDeAhorros",4,0,0,0,717
2025-07-12 15:19:48,bbva_peru,Jun 2,"Tenemos una cuenta para acompañarte en cada manera de avanzar.

#BBVA #proyectos #avanzamos",2,0,3,0,851
2025-07-12 15:19:48,bbva_peru,May 28,Para hacer realidad tu próximo proyecto necesitas un banco que te acompañe con:,4,0,1,0,854
2025-07-12 15:19:48,bbva_peru,May 26,"¿Listo para hacer realidad cada uno de tus proyectos? En BBVA, nos renovamos para acompañarte en cada paso. 😎💪

#BBVA #proyectos #Avanzamos",0,0,2,0,863
2025-07-12 15:19:48,bbva_peru,May 23,Separar tu dinero para cubrir cada gasto del mes es posible con tu App BBVA y su función...,1,0,2,0,980
2025-07-12 15:19:48,bbva_peru,May 23,"¿App o Agencia? 😎 Decide con LIBERTAD desde dónde hacer tus TRANSFERENCIAS TOTALMENTE GRATIS con la Cuenta Independencia BBVA. 💵😉

Abre tu cuenta aquí: bbva.info/32eZMcG
#BBVA #BancoBBVA #CuentaIndependencia #TransferenciasSinComisiones #CercaníaYConfianza",1,0,1,0,854
2025-07-12 15:19:48,bbva_peru,May 22,"🏠🚗🎒✨ No hay proyecto grande o pequeño, lo importante es seguir avanzando. Hoy estrenamos imagen y renovamos nuestro compromiso de acompañarte en cada paso, brindándote las herramientas que impulsan tus decisiones. ¿Avanzamos?",0,0,1,0,843
2025-07-12 15:19:48,bbva_peru,May 20,"Todos tenemos un proyecto que queremos hacer realidad👀 ¿Cuál de estos te motiva más? ¡Mejor aún, escribe el tuyo en los comentarios!",0,0,1,0,647
2025-07-12 15:19:48,bbva_peru,May 19,☝️ Con la Cuenta Independencia BBVA puedo realizar todas mis operaciones por canales físicos TOTALMENTE GRATIS.,1,0,0,0,767
2025-07-12 15:19:48,bbva_peru,May 19,"¡Aún estás a tiempo! 📷📷 Abre o incrementa tu cuenta desde S/3,200 y GANA AL INSTANTE  tu set de cubiertos Tramontina. ¡No te quedes fuera! 📷
Abre tu cuenta aquí: bbva.info/3LWb53n
#BBVA #BancoBBVA #QDA #QuincenaDelAhorro #Ahorrar",2,0,0,0,717
2025-07-12 16:23:29,bbva_peru,Jul 9,¿Cómo te convendría pagar los pasajes de tu viaje por Fiestas Patrias?,0,0,0,0,333
2025-07-12 16:23:29,bbva_peru,Jun 25,"Mostremos nuestro orgullo todo el año. 🏳️‍🌈🏳️‍⚧️ En Be Yourself, ya impulsamos acciones internas para hacerlo posible, y seguiremos trabajando para que sea una realidad en todo el país. 💪😎

#BBVA #orgullo #pride",14,1,8,1,2.0K
2025-07-12 16:23:29,bbva_peru,Jun 24,"¿Avanzamos? Tus metas se hacen posible con la rentabilidad y seguridad que tiene la Cuenta Vip. Conoce más 👉 bbva.info/40jA8E9  😊

#BBVA #CuentaBBVA #VIP #metas",1,0,0,0,1.0K
2025-07-12 16:23:29,bbva_peru,Jun 18,"¿A qué zona irás en el concierto de Green Day?...
Por cierto, tus Tarjetas BBVA te dan beneficios para que puedas conseguir tus entradas. 😉🙌",3,0,0,0,1.0K
2025-07-12 16:23:29,bbva_peru,Jun 17,¿Qué cuenta sorteará en unas semanas 2 DEPAS DE ESTRENO solo por ahorrar?,1,0,0,0,911
2025-07-12 16:23:29,bbva_peru,Jun 16,"Cuenta Independencia BBVA
¿Sabes todos los BENEFICIOS de la Cuenta Independencia BBVA? 

Descúbrelos aquí: bbva.info/4dUWLo4

¿Listo para avanzar?",2,0,0,0,943
2025-07-12 16:23:29,bbva_peru,Jun 10,"Hay muchas formas de avanzar… y una de ellas es ganarte tu nuevo depa de estreno. 🏠💙 Abriendo tu Cuenta Ganadora, participas por 2 departamentos de estreno.

Conoce más aquí: bbva.info/45dZ3fT
#BBVA #CuentasBBVA #Avanzamos",0,0,0,0,797
2025-07-12 16:23:29,bbva_peru,Jun 10,Cuando hay que pagar los servicios existen dos tipos de personas. ¿Cuál eres tú?,0,0,0,0,753
2025-07-12 16:23:29,bbva_peru,Jun 10,"¡Un depa puede ser tuyo! 🙌 Abriendo tu Cuenta Ganadora BBVA desde S/1500, ya estás participando. Ver más información en bbva.pe/cuentas 😉

#CuentasBBVA #BBVA #Avanzamos",0,0,0,0,789
2025-07-12 16:23:29,bbva_peru,Jun 6,"¿Listo para verlos actuar por el Día del Padre? 😊 Si ese día tienes que ir al banco ya sabes que puedes elegir en qué horario hacerlo con Turno Digital desde tu App BBVA. 😎📱

Conoce más aquí: bbva.info/42vhRpz
#BBVA #BancoBBVA #TurnoDigital #Tiempo",0,0,0,0,748
2025-07-12 16:23:29,bbva_peru,Jun 4,"¿Listo para ganar uno de los 2 DEPAS DE ESTRENO que la Cuenta Ganadora BBVA tiene para ti? ¡Abriendo tu cuenta desde S/1,500 participas al instante! 🏢😎

Ábrela Aquí: bbva.info/2kw78IE
#BBVA #BancoBBVA #CuentaGanadoraBBVA #Ahorrar #CuentaDeAhorros",4,0,0,0,717
2025-07-12 16:23:29,bbva_peru,Jun 2,"Tenemos una cuenta para acompañarte en cada manera de avanzar.

#BBVA #proyectos #avanzamos",2,0,3,0,851
2025-07-12 16:23:29,bbva_peru,May 28,Para hacer realidad tu próximo proyecto necesitas un banco que te acompañe con:,4,0,1,0,854
2025-07-12 16:23:29,bbva_peru,May 26,"¿Listo para hacer realidad cada uno de tus proyectos? En BBVA, nos renovamos para acompañarte en cada paso. 😎💪

#BBVA #proyectos #Avanzamos",0,0,2,0,863
2025-07-12 16:23:29,bbva_peru,May 23,Separar tu dinero para cubrir cada gasto del mes es posible con tu App BBVA y su función...,1,0,2,0,980
2025-07-12 16:23:29,bbva_peru,May 23,"¿App o Agencia? 😎 Decide con LIBERTAD desde dónde hacer tus TRANSFERENCIAS TOTALMENTE GRATIS con la Cuenta Independencia BBVA. 💵😉

Abre tu cuenta aquí: bbva.info/32eZMcG
#BBVA #BancoBBVA #CuentaIndependencia #TransferenciasSinComisiones #CercaníaYConfianza",1,0,1,0,854
2025-07-12 16:23:29,bbva_peru,May 22,"🏠🚗🎒✨ No hay proyecto grande o pequeño, lo importante es seguir avanzando. Hoy estrenamos imagen y renovamos nuestro compromiso de acompañarte en cada paso, brindándote las herramientas que impulsan tus decisiones. ¿Avanzamos?",0,0,1,0,843
2025-07-12 16:23:29,bbva_peru,May 20,"Todos tenemos un proyecto que queremos hacer realidad👀 ¿Cuál de estos te motiva más? ¡Mejor aún, escribe el tuyo en los comentarios!",0,0,1,0,647
2025-07-12 16:23:29,bbva_peru,May 19,☝️ Con la Cuenta Independencia BBVA puedo realizar todas mis operaciones por canales físicos TOTALMENTE GRATIS.,1,0,0,0,767
2025-07-12 16:23:29,bbva_peru,May 19,"¡Aún estás a tiempo! 📷📷 Abre o incrementa tu cuenta desde S/3,200 y GANA AL INSTANTE  tu set de cubiertos Tramontina. ¡No te quedes fuera! 📷
Abre tu cuenta aquí: bbva.info/3LWb53n
#BBVA #BancoBBVA #QDA #QuincenaDelAhorro #Ahorrar",2,0,0,0,717
2025-07-12 17:17:00,bbva_peru,Jul 9,¿Cómo te convendría pagar los pasajes de tu viaje por Fiestas Patrias?,0,0,0,0,334
2025-07-12 17:17:00,bbva_peru,Jun 25,"Mostremos nuestro orgullo todo el año. 🏳️‍🌈🏳️‍⚧️ En Be Yourself, ya impulsamos acciones internas para hacerlo posible, y seguiremos trabajando para que sea una realidad en todo el país. 💪😎

#BBVA #orgullo #pride",14,1,8,1,2.0K
2025-07-12 17:17:00,bbva_peru,Jun 24,"¿Avanzamos? Tus metas se hacen posible con la rentabilidad y seguridad que tiene la Cuenta Vip. Conoce más 👉 bbva.info/40jA8E9  😊

#BBVA #CuentaBBVA #VIP #metas",1,0,0,0,1.0K
2025-07-12 17:17:00,bbva_peru,Jun 18,"¿A qué zona irás en el concierto de Green Day?...
Por cierto, tus Tarjetas BBVA te dan beneficios para que puedas conseguir tus entradas. 😉🙌",3,0,0,0,1.0K
2025-07-12 17:17:00,bbva_peru,Jun 17,¿Qué cuenta sorteará en unas semanas 2 DEPAS DE ESTRENO solo por ahorrar?,1,0,0,0,911
2025-07-12 17:17:00,bbva_peru,Jun 16,"Cuenta Independencia BBVA
¿Sabes todos los BENEFICIOS de la Cuenta Independencia BBVA? 

Descúbrelos aquí: bbva.info/4dUWLo4

¿Listo para avanzar?",2,0,0,0,943
2025-07-12 17:17:00,bbva_peru,Jun 10,"Hay muchas formas de avanzar… y una de ellas es ganarte tu nuevo depa de estreno. 🏠💙 Abriendo tu Cuenta Ganadora, participas por 2 departamentos de estreno.

Conoce más aquí: bbva.info/45dZ3fT
#BBVA #CuentasBBVA #Avanzamos",0,0,0,0,797
2025-07-12 17:17:00,bbva_peru,Jun 10,Cuando hay que pagar los servicios existen dos tipos de personas. ¿Cuál eres tú?,0,0,0,0,753
2025-07-12 17:17:00,bbva_peru,Jun 10,"¡Un depa puede ser tuyo! 🙌 Abriendo tu Cuenta Ganadora BBVA desde S/1500, ya estás participando. Ver más información en bbva.pe/cuentas 😉

#CuentasBBVA #BBVA #Avanzamos",0,0,0,0,789
2025-07-12 17:17:00,bbva_peru,Jun 6,"¿Listo para verlos actuar por el Día del Padre? 😊 Si ese día tienes que ir al banco ya sabes que puedes elegir en qué horario hacerlo con Turno Digital desde tu App BBVA. 😎📱

Conoce más aquí: bbva.info/42vhRpz
#BBVA #BancoBBVA #TurnoDigital #Tiempo",0,0,0,0,748
2025-07-12 17:17:00,bbva_peru,Jun 4,"¿Listo para ganar uno de los 2 DEPAS DE ESTRENO que la Cuenta Ganadora BBVA tiene para ti? ¡Abriendo tu cuenta desde S/1,500 participas al instante! 🏢😎

Ábrela Aquí: bbva.info/2kw78IE
#BBVA #BancoBBVA #CuentaGanadoraBBVA #Ahorrar #CuentaDeAhorros",4,0,0,0,717
2025-07-12 17:17:00,bbva_peru,Jun 2,"Tenemos una cuenta para acompañarte en cada manera de avanzar.

#BBVA #proyectos #avanzamos",2,0,3,0,851
2025-07-12 17:17:00,bbva_peru,May 28,Para hacer realidad tu próximo proyecto necesitas un banco que te acompañe con:,4,0,1,0,854
2025-07-12 17:17:00,bbva_peru,May 26,"¿Listo para hacer realidad cada uno de tus proyectos? En BBVA, nos renovamos para acompañarte en cada paso. 😎💪

#BBVA #proyectos #Avanzamos",0,0,2,0,863
2025-07-12 17:17:00,bbva_peru,May 23,Separar tu dinero para cubrir cada gasto del mes es posible con tu App BBVA y su función...,1,0,2,0,980
2025-07-12 17:17:00,bbva_peru,May 23,"¿App o Agencia? 😎 Decide con LIBERTAD desde dónde hacer tus TRANSFERENCIAS TOTALMENTE GRATIS con la Cuenta Independencia BBVA. 💵😉

Abre tu cuenta aquí: bbva.info/32eZMcG
#BBVA #BancoBBVA #CuentaIndependencia #TransferenciasSinComisiones #CercaníaYConfianza",1,0,1,0,854
2025-07-12 17:17:00,bbva_peru,May 22,"🏠🚗🎒✨ No hay proyecto grande o pequeño, lo importante es seguir avanzando. Hoy estrenamos imagen y renovamos nuestro compromiso de acompañarte en cada paso, brindándote las herramientas que impulsan tus decisiones. ¿Avanzamos?",0,0,1,0,843
2025-07-12 17:17:00,bbva_peru,May 20,"Todos tenemos un proyecto que queremos hacer realidad👀 ¿Cuál de estos te motiva más? ¡Mejor aún, escribe el tuyo en los comentarios!",0,0,1,0,647
2025-07-12 17:17:00,bbva_peru,May 19,☝️ Con la Cuenta Independencia BBVA puedo realizar todas mis operaciones por canales físicos TOTALMENTE GRATIS.,1,0,0,0,767
2025-07-12 17:17:00,bbva_peru,May 19,"¡Aún estás a tiempo! 📷📷 Abre o incrementa tu cuenta desde S/3,200 y GANA AL INSTANTE  tu set de cubiertos Tramontina. ¡No te quedes fuera! 📷
Abre tu cuenta aquí: bbva.info/3LWb53n
#BBVA #BancoBBVA #QDA #QuincenaDelAhorro #Ahorrar",2,0,0,0,717
2025-07-12 18:27:08,bbva_peru,Jul 9,¿Cómo te convendría pagar los pasajes de tu viaje por Fiestas Patrias?,0,0,0,0,335
2025-07-12 18:27:08,bbva_peru,Jun 25,"Mostremos nuestro orgullo todo el año. 🏳️‍🌈🏳️‍⚧️ En Be Yourself, ya impulsamos acciones internas para hacerlo posible, y seguiremos trabajando para que sea una realidad en todo el país. 💪😎

#BBVA #orgullo #pride",14,1,8,1,2.0K
2025-07-12 18:27:08,bbva_peru,Jun 24,"¿Avanzamos? Tus metas se hacen posible con la rentabilidad y seguridad que tiene la Cuenta Vip. Conoce más 👉 bbva.info/40jA8E9  😊

#BBVA #CuentaBBVA #VIP #metas",1,0,0,0,1.0K
2025-07-12 18:27:08,bbva_peru,Jun 18,"¿A qué zona irás en el concierto de Green Day?...
Por cierto, tus Tarjetas BBVA te dan beneficios para que puedas conseguir tus entradas. 😉🙌",3,0,0,0,1.0K
2025-07-12 18:27:08,bbva_peru,Jun 17,¿Qué cuenta sorteará en unas semanas 2 DEPAS DE ESTRENO solo por ahorrar?,1,0,0,0,912
2025-07-12 18:27:08,bbva_peru,Jun 16,"Cuenta Independencia BBVA
¿Sabes todos los BENEFICIOS de la Cuenta Independencia BBVA? 

Descúbrelos aquí: bbva.info/4dUWLo4

¿Listo para avanzar?",2,0,0,0,943
2025-07-12 18:27:08,bbva_peru,Jun 10,"Hay muchas formas de avanzar… y una de ellas es ganarte tu nuevo depa de estreno. 🏠💙 Abriendo tu Cuenta Ganadora, participas por 2 departamentos de estreno.

Conoce más aquí: bbva.info/45dZ3fT
#BBVA #CuentasBBVA #Avanzamos",0,0,0,0,797
2025-07-12 18:27:08,bbva_peru,Jun 10,Cuando hay que pagar los servicios existen dos tipos de personas. ¿Cuál eres tú?,0,0,0,0,753
2025-07-12 18:27:08,bbva_peru,Jun 10,"¡Un depa puede ser tuyo! 🙌 Abriendo tu Cuenta Ganadora BBVA desde S/1500, ya estás participando. Ver más información en bbva.pe/cuentas 😉

#CuentasBBVA #BBVA #Avanzamos",0,0,0,0,789
2025-07-12 18:27:08,bbva_peru,Jun 6,"¿Listo para verlos actuar por el Día del Padre? 😊 Si ese día tienes que ir al banco ya sabes que puedes elegir en qué horario hacerlo con Turno Digital desde tu App BBVA. 😎📱

Conoce más aquí: bbva.info/42vhRpz
#BBVA #BancoBBVA #TurnoDigital #Tiempo",0,0,0,0,748
2025-07-12 18:27:08,bbva_peru,Jun 4,"¿Listo para ganar uno de los 2 DEPAS DE ESTRENO que la Cuenta Ganadora BBVA tiene para ti? ¡Abriendo tu cuenta desde S/1,500 participas al instante! 🏢😎

Ábrela Aquí: bbva.info/2kw78IE
#BBVA #BancoBBVA #CuentaGanadoraBBVA #Ahorrar #CuentaDeAhorros",4,0,0,0,717
2025-07-12 18:27:08,bbva_peru,Jun 2,"Tenemos una cuenta para acompañarte en cada manera de avanzar.

#BBVA #proyectos #avanzamos",2,0,3,0,851
2025-07-12 18:27:08,bbva_peru,May 28,Para hacer realidad tu próximo proyecto necesitas un banco que te acompañe con:,4,0,1,0,854
2025-07-12 18:27:08,bbva_peru,May 26,"¿Listo para hacer realidad cada uno de tus proyectos? En BBVA, nos renovamos para acompañarte en cada paso. 😎💪

#BBVA #proyectos #Avanzamos",0,0,2,0,863
2025-07-12 18:27:08,bbva_peru,May 23,Separar tu dinero para cubrir cada gasto del mes es posible con tu App BBVA y su función...,1,0,2,0,980
2025-07-12 18:27:08,bbva_peru,May 23,"¿App o Agencia? 😎 Decide con LIBERTAD desde dónde hacer tus TRANSFERENCIAS TOTALMENTE GRATIS con la Cuenta Independencia BBVA. 💵😉

Abre tu cuenta aquí: bbva.info/32eZMcG
#BBVA #BancoBBVA #CuentaIndependencia #TransferenciasSinComisiones #CercaníaYConfianza",1,0,1,0,854
2025-07-12 18:27:08,bbva_peru,May 22,"🏠🚗🎒✨ No hay proyecto grande o pequeño, lo importante es seguir avanzando. Hoy estrenamos imagen y renovamos nuestro compromiso de acompañarte en cada paso, brindándote las herramientas que impulsan tus decisiones. ¿Avanzamos?",0,0,1,0,843
2025-07-12 18:27:08,bbva_peru,May 20,"Todos tenemos un proyecto que queremos hacer realidad👀 ¿Cuál de estos te motiva más? ¡Mejor aún, escribe el tuyo en los comentarios!",0,0,1,0,647
2025-07-12 18:27:08,bbva_peru,May 19,☝️ Con la Cuenta Independencia BBVA puedo realizar todas mis operaciones por canales físicos TOTALMENTE GRATIS.,1,0,0,0,767
2025-07-12 18:27:08,bbva_peru,May 19,"¡Aún estás a tiempo! 📷📷 Abre o incrementa tu cuenta desde S/3,200 y GANA AL INSTANTE  tu set de cubiertos Tramontina. ¡No te quedes fuera! 📷
Abre tu cuenta aquí: bbva.info/3LWb53n
#BBVA #BancoBBVA #QDA #QuincenaDelAhorro #Ahorrar",2,0,0,0,717
2025-07-12 19:15:35,bbva_peru,Jul 9,¿Cómo te convendría pagar los pasajes de tu viaje por Fiestas Patrias?,0,0,0,0,337
2025-07-12 19:15:35,bbva_peru,Jun 25,"Mostremos nuestro orgullo todo el año. 🏳️‍🌈🏳️‍⚧️ En Be Yourself, ya impulsamos acciones internas para hacerlo posible, y seguiremos trabajando para que sea una realidad en todo el país. 💪😎

#BBVA #orgullo #pride",14,1,8,1,2.0K
2025-07-12 19:15:35,bbva_peru,Jun 24,"¿Avanzamos? Tus metas se hacen posible con la rentabilidad y seguridad que tiene la Cuenta Vip. Conoce más 👉 bbva.info/40jA8E9  😊

#BBVA #CuentaBBVA #VIP #metas",1,0,0,0,1.0K
2025-07-12 19:15:35,bbva_peru,Jun 18,"¿A qué zona irás en el concierto de Green Day?...
Por cierto, tus Tarjetas BBVA te dan beneficios para que puedas conseguir tus entradas. 😉🙌",3,0,0,0,1.0K
2025-07-12 19:15:35,bbva_peru,Jun 17,¿Qué cuenta sorteará en unas semanas 2 DEPAS DE ESTRENO solo por ahorrar?,1,0,0,0,912
2025-07-12 19:15:35,bbva_peru,Jun 16,"Cuenta Independencia BBVA
¿Sabes todos los BENEFICIOS de la Cuenta Independencia BBVA? 

Descúbrelos aquí: bbva.info/4dUWLo4

¿Listo para avanzar?",2,0,0,0,944
2025-07-12 19:15:35,bbva_peru,Jun 10,"Hay muchas formas de avanzar… y una de ellas es ganarte tu nuevo depa de estreno. 🏠💙 Abriendo tu Cuenta Ganadora, participas por 2 departamentos de estreno.

Conoce más aquí: bbva.info/45dZ3fT
#BBVA #CuentasBBVA #Avanzamos",0,0,0,0,798
2025-07-12 19:15:35,bbva_peru,Jun 10,Cuando hay que pagar los servicios existen dos tipos de personas. ¿Cuál eres tú?,0,0,0,0,754
2025-07-12 19:15:35,bbva_peru,Jun 10,"¡Un depa puede ser tuyo! 🙌 Abriendo tu Cuenta Ganadora BBVA desde S/1500, ya estás participando. Ver más información en bbva.pe/cuentas 😉

#CuentasBBVA #BBVA #Avanzamos",0,0,0,0,790
2025-07-12 19:15:35,bbva_peru,Jun 6,"¿Listo para verlos actuar por el Día del Padre? 😊 Si ese día tienes que ir al banco ya sabes que puedes elegir en qué horario hacerlo con Turno Digital desde tu App BBVA. 😎📱

Conoce más aquí: bbva.info/42vhRpz
#BBVA #BancoBBVA #TurnoDigital #Tiempo",0,0,0,0,749
2025-07-12 19:15:35,bbva_peru,Jun 4,"¿Listo para ganar uno de los 2 DEPAS DE ESTRENO que la Cuenta Ganadora BBVA tiene para ti? ¡Abriendo tu cuenta desde S/1,500 participas al instante! 🏢😎

Ábrela Aquí: bbva.info/2kw78IE
#BBVA #BancoBBVA #CuentaGanadoraBBVA #Ahorrar #CuentaDeAhorros",4,0,0,0,718
2025-07-12 19:15:35,bbva_peru,Jun 2,"Tenemos una cuenta para acompañarte en cada manera de avanzar.

#BBVA #proyectos #avanzamos",2,0,3,0,852
2025-07-12 19:15:35,bbva_peru,May 28,Para hacer realidad tu próximo proyecto necesitas un banco que te acompañe con:,4,0,1,0,854
2025-07-12 19:15:35,bbva_peru,May 26,"¿Listo para hacer realidad cada uno de tus proyectos? En BBVA, nos renovamos para acompañarte en cada paso. 😎💪

#BBVA #proyectos #Avanzamos",0,0,2,0,863
2025-07-12 19:15:35,bbva_peru,May 23,Separar tu dinero para cubrir cada gasto del mes es posible con tu App BBVA y su función...,1,0,2,0,980
2025-07-12 19:15:35,bbva_peru,May 23,"¿App o Agencia? 😎 Decide con LIBERTAD desde dónde hacer tus TRANSFERENCIAS TOTALMENTE GRATIS con la Cuenta Independencia BBVA. 💵😉

Abre tu cuenta aquí: bbva.info/32eZMcG
#BBVA #BancoBBVA #CuentaIndependencia #TransferenciasSinComisiones #CercaníaYConfianza",1,0,1,0,855
2025-07-12 19:15:35,bbva_peru,May 22,"🏠🚗🎒✨ No hay proyecto grande o pequeño, lo importante es seguir avanzando. Hoy estrenamos imagen y renovamos nuestro compromiso de acompañarte en cada paso, brindándote las herramientas que impulsan tus decisiones. ¿Avanzamos?",0,0,1,0,843
2025-07-12 19:15:35,bbva_peru,May 20,"Todos tenemos un proyecto que queremos hacer realidad👀 ¿Cuál de estos te motiva más? ¡Mejor aún, escribe el tuyo en los comentarios!",0,0,1,0,647
2025-07-12 19:15:35,bbva_peru,May 19,☝️ Con la Cuenta Independencia BBVA puedo realizar todas mis operaciones por canales físicos TOTALMENTE GRATIS.,1,0,0,0,767
2025-07-12 19:15:35,bbva_peru,May 19,"¡Aún estás a tiempo! 📷📷 Abre o incrementa tu cuenta desde S/3,200 y GANA AL INSTANTE  tu set de cubiertos Tramontina. ¡No te quedes fuera! 📷
Abre tu cuenta aquí: bbva.info/3LWb53n
#BBVA #BancoBBVA #QDA #QuincenaDelAhorro #Ahorrar",2,0,0,0,717
2025-07-12 20:21:02,bbva_peru,Jul 9,¿Cómo te convendría pagar los pasajes de tu viaje por Fiestas Patrias?,0,0,0,0,337
2025-07-12 20:21:02,bbva_peru,Jun 25,"Mostremos nuestro orgullo todo el año. 🏳️‍🌈🏳️‍⚧️ En Be Yourself, ya impulsamos acciones internas para hacerlo posible, y seguiremos trabajando para que sea una realidad en todo el país. 💪😎

#BBVA #orgullo #pride",14,1,8,1,2.0K
2025-07-12 20:21:02,bbva_peru,Jun 24,"¿Avanzamos? Tus metas se hacen posible con la rentabilidad y seguridad que tiene la Cuenta Vip. Conoce más 👉 bbva.info/40jA8E9  😊

#BBVA #CuentaBBVA #VIP #metas",1,0,0,0,1.0K
2025-07-12 20:21:02,bbva_peru,Jun 18,"¿A qué zona irás en el concierto de Green Day?...
Por cierto, tus Tarjetas BBVA te dan beneficios para que puedas conseguir tus entradas. 😉🙌",3,0,0,0,1.0K
2025-07-12 20:21:02,bbva_peru,Jun 17,¿Qué cuenta sorteará en unas semanas 2 DEPAS DE ESTRENO solo por ahorrar?,1,0,0,0,912
2025-07-12 20:21:02,bbva_peru,Jun 16,"Cuenta Independencia BBVA
¿Sabes todos los BENEFICIOS de la Cuenta Independencia BBVA? 

Descúbrelos aquí: bbva.info/4dUWLo4

¿Listo para avanzar?",2,0,0,0,944
2025-07-12 20:21:02,bbva_peru,Jun 10,"Hay muchas formas de avanzar… y una de ellas es ganarte tu nuevo depa de estreno. 🏠💙 Abriendo tu Cuenta Ganadora, participas por 2 departamentos de estreno.

Conoce más aquí: bbva.info/45dZ3fT
#BBVA #CuentasBBVA #Avanzamos",0,0,0,0,798
2025-07-12 20:21:02,bbva_peru,Jun 10,Cuando hay que pagar los servicios existen dos tipos de personas. ¿Cuál eres tú?,0,0,0,0,754
2025-07-12 20:21:02,bbva_peru,Jun 10,"¡Un depa puede ser tuyo! 🙌 Abriendo tu Cuenta Ganadora BBVA desde S/1500, ya estás participando. Ver más información en bbva.pe/cuentas 😉

#CuentasBBVA #BBVA #Avanzamos",0,0,0,0,790
2025-07-12 20:21:02,bbva_peru,Jun 6,"¿Listo para verlos actuar por el Día del Padre? 😊 Si ese día tienes que ir al banco ya sabes que puedes elegir en qué horario hacerlo con Turno Digital desde tu App BBVA. 😎📱

Conoce más aquí: bbva.info/42vhRpz
#BBVA #BancoBBVA #TurnoDigital #Tiempo",0,0,0,0,749
2025-07-12 20:21:02,bbva_peru,Jun 4,"¿Listo para ganar uno de los 2 DEPAS DE ESTRENO que la Cuenta Ganadora BBVA tiene para ti? ¡Abriendo tu cuenta desde S/1,500 participas al instante! 🏢😎

Ábrela Aquí: bbva.info/2kw78IE
#BBVA #BancoBBVA #CuentaGanadoraBBVA #Ahorrar #CuentaDeAhorros",4,0,0,0,718
2025-07-12 20:21:02,bbva_peru,Jun 2,"Tenemos una cuenta para acompañarte en cada manera de avanzar.

#BBVA #proyectos #avanzamos",2,0,3,0,852
2025-07-12 20:21:02,bbva_peru,May 28,Para hacer realidad tu próximo proyecto necesitas un banco que te acompañe con:,4,0,1,0,854
2025-07-12 20:21:02,bbva_peru,May 26,"¿Listo para hacer realidad cada uno de tus proyectos? En BBVA, nos renovamos para acompañarte en cada paso. 😎💪

#BBVA #proyectos #Avanzamos",0,0,2,0,863
2025-07-12 20:21:02,bbva_peru,May 23,Separar tu dinero para cubrir cada gasto del mes es posible con tu App BBVA y su función...,1,0,2,0,980
2025-07-12 20:21:02,bbva_peru,May 23,"¿App o Agencia? 😎 Decide con LIBERTAD desde dónde hacer tus TRANSFERENCIAS TOTALMENTE GRATIS con la Cuenta Independencia BBVA. 💵😉

Abre tu cuenta aquí: bbva.info/32eZMcG
#BBVA #BancoBBVA #CuentaIndependencia #TransferenciasSinComisiones #CercaníaYConfianza",1,0,1,0,855
2025-07-12 20:21:02,bbva_peru,May 22,"🏠🚗🎒✨ No hay proyecto grande o pequeño, lo importante es seguir avanzando. Hoy estrenamos imagen y renovamos nuestro compromiso de acompañarte en cada paso, brindándote las herramientas que impulsan tus decisiones. ¿Avanzamos?",0,0,1,0,843
2025-07-12 20:21:02,bbva_peru,May 20,"Todos tenemos un proyecto que queremos hacer realidad👀 ¿Cuál de estos te motiva más? ¡Mejor aún, escribe el tuyo en los comentarios!",0,0,1,0,647
2025-07-12 20:21:02,bbva_peru,May 19,☝️ Con la Cuenta Independencia BBVA puedo realizar todas mis operaciones por canales físicos TOTALMENTE GRATIS.,1,0,0,0,767
2025-07-12 20:21:02,bbva_peru,May 19,"¡Aún estás a tiempo! 📷📷 Abre o incrementa tu cuenta desde S/3,200 y GANA AL INSTANTE  tu set de cubiertos Tramontina. ¡No te quedes fuera! 📷
Abre tu cuenta aquí: bbva.info/3LWb53n
#BBVA #BancoBBVA #QDA #QuincenaDelAhorro #Ahorrar",2,0,0,0,717
2025-07-12 22:19:04,bbva_peru,Jul 9,¿Cómo te convendría pagar los pasajes de tu viaje por Fiestas Patrias?,0,0,0,0,338
2025-07-12 22:19:04,bbva_peru,Jun 25,"Mostremos nuestro orgullo todo el año. 🏳️‍🌈🏳️‍⚧️ En Be Yourself, ya impulsamos acciones internas para hacerlo posible, y seguiremos trabajando para que sea una realidad en todo el país. 💪😎

#BBVA #orgullo #pride",14,1,8,1,2.0K
2025-07-12 22:19:04,bbva_peru,Jun 24,"¿Avanzamos? Tus metas se hacen posible con la rentabilidad y seguridad que tiene la Cuenta Vip. Conoce más 👉 bbva.info/40jA8E9  😊

#BBVA #CuentaBBVA #VIP #metas",1,0,0,0,1.0K
2025-07-12 22:19:04,bbva_peru,Jun 18,"¿A qué zona irás en el concierto de Green Day?...
Por cierto, tus Tarjetas BBVA te dan beneficios para que puedas conseguir tus entradas. 😉🙌",3,0,0,0,1.0K
2025-07-12 22:19:04,bbva_peru,Jun 17,¿Qué cuenta sorteará en unas semanas 2 DEPAS DE ESTRENO solo por ahorrar?,1,0,0,0,912
2025-07-12 22:19:04,bbva_peru,Jun 16,"Cuenta Independencia BBVA
¿Sabes todos los BENEFICIOS de la Cuenta Independencia BBVA? 

Descúbrelos aquí: bbva.info/4dUWLo4

¿Listo para avanzar?",2,0,0,0,944
2025-07-12 22:19:04,bbva_peru,Jun 10,"Hay muchas formas de avanzar… y una de ellas es ganarte tu nuevo depa de estreno. 🏠💙 Abriendo tu Cuenta Ganadora, participas por 2 departamentos de estreno.

Conoce más aquí: bbva.info/45dZ3fT
#BBVA #CuentasBBVA #Avanzamos",0,0,0,0,798
2025-07-12 22:19:04,bbva_peru,Jun 10,Cuando hay que pagar los servicios existen dos tipos de personas. ¿Cuál eres tú?,0,0,0,0,754
2025-07-12 22:19:04,bbva_peru,Jun 10,"¡Un depa puede ser tuyo! 🙌 Abriendo tu Cuenta Ganadora BBVA desde S/1500, ya estás participando. Ver más información en bbva.pe/cuentas 😉

#CuentasBBVA #BBVA #Avanzamos",0,0,0,0,790
2025-07-12 22:19:04,bbva_peru,Jun 6,"¿Listo para verlos actuar por el Día del Padre? 😊 Si ese día tienes que ir al banco ya sabes que puedes elegir en qué horario hacerlo con Turno Digital desde tu App BBVA. 😎📱

Conoce más aquí: bbva.info/42vhRpz
#BBVA #BancoBBVA #TurnoDigital #Tiempo",0,0,0,0,749
2025-07-12 22:19:04,bbva_peru,Jun 4,"¿Listo para ganar uno de los 2 DEPAS DE ESTRENO que la Cuenta Ganadora BBVA tiene para ti? ¡Abriendo tu cuenta desde S/1,500 participas al instante! 🏢😎

Ábrela Aquí: bbva.info/2kw78IE
#BBVA #BancoBBVA #CuentaGanadoraBBVA #Ahorrar #CuentaDeAhorros",4,0,0,0,718
2025-07-12 22:19:04,bbva_peru,Jun 2,"Tenemos una cuenta para acompañarte en cada manera de avanzar.

#BBVA #proyectos #avanzamos",2,0,3,0,852
2025-07-12 22:19:04,bbva_peru,May 28,Para hacer realidad tu próximo proyecto necesitas un banco que te acompañe con:,4,0,1,0,854
2025-07-12 22:19:04,bbva_peru,May 26,"¿Listo para hacer realidad cada uno de tus proyectos? En BBVA, nos renovamos para acompañarte en cada paso. 😎💪

#BBVA #proyectos #Avanzamos",0,0,2,0,863
2025-07-12 22:19:04,bbva_peru,May 23,Separar tu dinero para cubrir cada gasto del mes es posible con tu App BBVA y su función...,1,0,2,0,980
2025-07-12 22:19:04,bbva_peru,May 23,"¿App o Agencia? 😎 Decide con LIBERTAD desde dónde hacer tus TRANSFERENCIAS TOTALMENTE GRATIS con la Cuenta Independencia BBVA. 💵😉

Abre tu cuenta aquí: bbva.info/32eZMcG
#BBVA #BancoBBVA #CuentaIndependencia #TransferenciasSinComisiones #CercaníaYConfianza",1,0,1,0,855
2025-07-12 22:19:04,bbva_peru,May 22,"🏠🚗🎒✨ No hay proyecto grande o pequeño, lo importante es seguir avanzando. Hoy estrenamos imagen y renovamos nuestro compromiso de acompañarte en cada paso, brindándote las herramientas que impulsan tus decisiones. ¿Avanzamos?",0,0,1,0,843
2025-07-12 22:19:04,bbva_peru,May 20,"Todos tenemos un proyecto que queremos hacer realidad👀 ¿Cuál de estos te motiva más? ¡Mejor aún, escribe el tuyo en los comentarios!",0,0,1,0,647
2025-07-12 22:19:04,bbva_peru,May 19,☝️ Con la Cuenta Independencia BBVA puedo realizar todas mis operaciones por canales físicos TOTALMENTE GRATIS.,1,0,0,0,767
2025-07-12 22:19:04,bbva_peru,May 19,"¡Aún estás a tiempo! 📷📷 Abre o incrementa tu cuenta desde S/3,200 y GANA AL INSTANTE  tu set de cubiertos Tramontina. ¡No te quedes fuera! 📷
Abre tu cuenta aquí: bbva.info/3LWb53n
#BBVA #BancoBBVA #QDA #QuincenaDelAhorro #Ahorrar",2,0,0,0,717
2025-07-12 23:20:03,bbva_peru,Jul 9,¿Cómo te convendría pagar los pasajes de tu viaje por Fiestas Patrias?,0,0,0,0,339
2025-07-12 23:20:03,bbva_peru,Jun 25,"Mostremos nuestro orgullo todo el año. 🏳️‍🌈🏳️‍⚧️ En Be Yourself, ya impulsamos acciones internas para hacerlo posible, y seguiremos trabajando para que sea una realidad en todo el país. 💪😎

#BBVA #orgullo #pride",14,1,8,1,2.0K
2025-07-12 23:20:03,bbva_peru,Jun 24,"¿Avanzamos? Tus metas se hacen posible con la rentabilidad y seguridad que tiene la Cuenta Vip. Conoce más 👉 bbva.info/40jA8E9  😊

#BBVA #CuentaBBVA #VIP #metas",1,0,0,0,1.0K
2025-07-12 23:20:03,bbva_peru,Jun 18,"¿A qué zona irás en el concierto de Green Day?...
Por cierto, tus Tarjetas BBVA te dan beneficios para que puedas conseguir tus entradas. 😉🙌",3,0,0,0,1.0K
2025-07-12 23:20:03,bbva_peru,Jun 17,¿Qué cuenta sorteará en unas semanas 2 DEPAS DE ESTRENO solo por ahorrar?,1,0,0,0,912
2025-07-12 23:20:03,bbva_peru,Jun 16,"Cuenta Independencia BBVA
¿Sabes todos los BENEFICIOS de la Cuenta Independencia BBVA? 

Descúbrelos aquí: bbva.info/4dUWLo4

¿Listo para avanzar?",2,0,0,0,944
2025-07-12 23:20:03,bbva_peru,Jun 10,"Hay muchas formas de avanzar… y una de ellas es ganarte tu nuevo depa de estreno. 🏠💙 Abriendo tu Cuenta Ganadora, participas por 2 departamentos de estreno.

Conoce más aquí: bbva.info/45dZ3fT
#BBVA #CuentasBBVA #Avanzamos",0,0,0,0,798
2025-07-12 23:20:03,bbva_peru,Jun 10,Cuando hay que pagar los servicios existen dos tipos de personas. ¿Cuál eres tú?,0,0,0,0,754
2025-07-12 23:20:03,bbva_peru,Jun 10,"¡Un depa puede ser tuyo! 🙌 Abriendo tu Cuenta Ganadora BBVA desde S/1500, ya estás participando. Ver más información en bbva.pe/cuentas 😉

#CuentasBBVA #BBVA #Avanzamos",0,0,0,0,790
2025-07-12 23:20:03,bbva_peru,Jun 6,"¿Listo para verlos actuar por el Día del Padre? 😊 Si ese día tienes que ir al banco ya sabes que puedes elegir en qué horario hacerlo con Turno Digital desde tu App BBVA. 😎📱

Conoce más aquí: bbva.info/42vhRpz
#BBVA #BancoBBVA #TurnoDigital #Tiempo",0,0,0,0,749
2025-07-12 23:20:03,bbva_peru,Jun 4,"¿Listo para ganar uno de los 2 DEPAS DE ESTRENO que la Cuenta Ganadora BBVA tiene para ti? ¡Abriendo tu cuenta desde S/1,500 participas al instante! 🏢😎

Ábrela Aquí: bbva.info/2kw78IE
#BBVA #BancoBBVA #CuentaGanadoraBBVA #Ahorrar #CuentaDeAhorros",4,0,0,0,718
2025-07-12 23:20:03,bbva_peru,Jun 2,"Tenemos una cuenta para acompañarte en cada manera de avanzar.

#BBVA #proyectos #avanzamos",2,0,3,0,852
2025-07-12 23:20:03,bbva_peru,May 28,Para hacer realidad tu próximo proyecto necesitas un banco que te acompañe con:,4,0,1,0,854
2025-07-12 23:20:03,bbva_peru,May 26,"¿Listo para hacer realidad cada uno de tus proyectos? En BBVA, nos renovamos para acompañarte en cada paso. 😎💪

#BBVA #proyectos #Avanzamos",0,0,2,0,863
2025-07-12 23:20:03,bbva_peru,May 23,Separar tu dinero para cubrir cada gasto del mes es posible con tu App BBVA y su función...,1,0,2,0,980
2025-07-12 23:20:03,bbva_peru,May 23,"¿App o Agencia? 😎 Decide con LIBERTAD desde dónde hacer tus TRANSFERENCIAS TOTALMENTE GRATIS con la Cuenta Independencia BBVA. 💵😉

Abre tu cuenta aquí: bbva.info/32eZMcG
#BBVA #BancoBBVA #CuentaIndependencia #TransferenciasSinComisiones #CercaníaYConfianza",1,0,1,0,855
2025-07-12 23:20:03,bbva_peru,May 22,"🏠🚗🎒✨ No hay proyecto grande o pequeño, lo importante es seguir avanzando. Hoy estrenamos imagen y renovamos nuestro compromiso de acompañarte en cada paso, brindándote las herramientas que impulsan tus decisiones. ¿Avanzamos?",0,0,1,0,843
2025-07-12 23:20:03,bbva_peru,May 20,"Todos tenemos un proyecto que queremos hacer realidad👀 ¿Cuál de estos te motiva más? ¡Mejor aún, escribe el tuyo en los comentarios!",0,0,1,0,647
2025-07-12 23:20:03,bbva_peru,May 19,☝️ Con la Cuenta Independencia BBVA puedo realizar todas mis operaciones por canales físicos TOTALMENTE GRATIS.,1,0,0,0,767
2025-07-12 23:20:03,bbva_peru,May 19,"¡Aún estás a tiempo! 📷📷 Abre o incrementa tu cuenta desde S/3,200 y GANA AL INSTANTE  tu set de cubiertos Tramontina. ¡No te quedes fuera! 📷
Abre tu cuenta aquí: bbva.info/3LWb53n
#BBVA #BancoBBVA #QDA #QuincenaDelAhorro #Ahorrar",2,0,0,0,717
2025-07-13 01:52:56,bbva_peru,Jul 9,¿Cómo te convendría pagar los pasajes de tu viaje por Fiestas Patrias?,0,0,0,0,344
2025-07-13 01:52:56,bbva_peru,Jun 25,"Mostremos nuestro orgullo todo el año. 🏳️‍🌈🏳️‍⚧️ En Be Yourself, ya impulsamos acciones internas para hacerlo posible, y seguiremos trabajando para que sea una realidad en todo el país. 💪😎

#BBVA #orgullo #pride",14,1,8,1,2.0K
2025-07-13 01:52:56,bbva_peru,Jun 24,"¿Avanzamos? Tus metas se hacen posible con la rentabilidad y seguridad que tiene la Cuenta Vip. Conoce más 👉 bbva.info/40jA8E9  😊

#BBVA #CuentaBBVA #VIP #metas",1,0,0,0,1.0K
2025-07-13 01:52:56,bbva_peru,Jun 18,"¿A qué zona irás en el concierto de Green Day?...
Por cierto, tus Tarjetas BBVA te dan beneficios para que puedas conseguir tus entradas. 😉🙌",3,0,0,0,1.0K
2025-07-13 01:52:56,bbva_peru,Jun 17,¿Qué cuenta sorteará en unas semanas 2 DEPAS DE ESTRENO solo por ahorrar?,1,0,0,0,912
2025-07-13 01:52:56,bbva_peru,Jun 16,"Cuenta Independencia BBVA
¿Sabes todos los BENEFICIOS de la Cuenta Independencia BBVA? 

Descúbrelos aquí: bbva.info/4dUWLo4

¿Listo para avanzar?",2,0,0,0,944
2025-07-13 01:52:56,bbva_peru,Jun 10,"Hay muchas formas de avanzar… y una de ellas es ganarte tu nuevo depa de estreno. 🏠💙 Abriendo tu Cuenta Ganadora, participas por 2 departamentos de estreno.

Conoce más aquí: bbva.info/45dZ3fT
#BBVA #CuentasBBVA #Avanzamos",0,0,0,0,798
2025-07-13 01:52:56,bbva_peru,Jun 10,Cuando hay que pagar los servicios existen dos tipos de personas. ¿Cuál eres tú?,0,0,0,0,754
2025-07-13 01:52:56,bbva_peru,Jun 10,"¡Un depa puede ser tuyo! 🙌 Abriendo tu Cuenta Ganadora BBVA desde S/1500, ya estás participando. Ver más información en bbva.pe/cuentas 😉

#CuentasBBVA #BBVA #Avanzamos",0,0,0,0,790
2025-07-13 01:52:56,bbva_peru,Jun 6,"¿Listo para verlos actuar por el Día del Padre? 😊 Si ese día tienes que ir al banco ya sabes que puedes elegir en qué horario hacerlo con Turno Digital desde tu App BBVA. 😎📱

Conoce más aquí: bbva.info/42vhRpz
#BBVA #BancoBBVA #TurnoDigital #Tiempo",0,0,0,0,749
2025-07-13 01:52:56,bbva_peru,Jun 4,"¿Listo para ganar uno de los 2 DEPAS DE ESTRENO que la Cuenta Ganadora BBVA tiene para ti? ¡Abriendo tu cuenta desde S/1,500 participas al instante! 🏢😎

Ábrela Aquí: bbva.info/2kw78IE
#BBVA #BancoBBVA #CuentaGanadoraBBVA #Ahorrar #CuentaDeAhorros",4,0,0,0,718
2025-07-13 01:52:56,bbva_peru,Jun 2,"Tenemos una cuenta para acompañarte en cada manera de avanzar.

#BBVA #proyectos #avanzamos",2,0,3,0,852
2025-07-13 01:52:56,bbva_peru,May 28,Para hacer realidad tu próximo proyecto necesitas un banco que te acompañe con:,4,0,1,0,855
2025-07-13 01:52:56,bbva_peru,May 26,"¿Listo para hacer realidad cada uno de tus proyectos? En BBVA, nos renovamos para acompañarte en cada paso. 😎💪

#BBVA #proyectos #Avanzamos",0,0,2,0,863
2025-07-13 01:52:56,bbva_peru,May 23,Separar tu dinero para cubrir cada gasto del mes es posible con tu App BBVA y su función...,1,0,2,0,980
2025-07-13 01:52:56,bbva_peru,May 23,"¿App o Agencia? 😎 Decide con LIBERTAD desde dónde hacer tus TRANSFERENCIAS TOTALMENTE GRATIS con la Cuenta Independencia BBVA. 💵😉

Abre tu cuenta aquí: bbva.info/32eZMcG
#BBVA #BancoBBVA #CuentaIndependencia #TransferenciasSinComisiones #CercaníaYConfianza",1,0,1,0,855
2025-07-13 01:52:56,bbva_peru,May 22,"🏠🚗🎒✨ No hay proyecto grande o pequeño, lo importante es seguir avanzando. Hoy estrenamos imagen y renovamos nuestro compromiso de acompañarte en cada paso, brindándote las herramientas que impulsan tus decisiones. ¿Avanzamos?",0,0,1,0,843
2025-07-13 01:52:56,bbva_peru,May 20,"Todos tenemos un proyecto que queremos hacer realidad👀 ¿Cuál de estos te motiva más? ¡Mejor aún, escribe el tuyo en los comentarios!",0,0,1,0,647
2025-07-13 01:52:56,bbva_peru,May 19,☝️ Con la Cuenta Independencia BBVA puedo realizar todas mis operaciones por canales físicos TOTALMENTE GRATIS.,1,0,0,0,767
2025-07-13 01:52:56,bbva_peru,May 19,"¡Aún estás a tiempo! 📷📷 Abre o incrementa tu cuenta desde S/3,200 y GANA AL INSTANTE  tu set de cubiertos Tramontina. ¡No te quedes fuera! 📷
Abre tu cuenta aquí: bbva.info/3LWb53n
#BBVA #BancoBBVA #QDA #QuincenaDelAhorro #Ahorrar",2,0,0,0,717
2025-07-13 03:40:56,bbva_peru,Jul 9,¿Cómo te convendría pagar los pasajes de tu viaje por Fiestas Patrias?,0,0,0,0,348
2025-07-13 03:40:56,bbva_peru,Jun 25,"Mostremos nuestro orgullo todo el año. 🏳️‍🌈🏳️‍⚧️ En Be Yourself, ya impulsamos acciones internas para hacerlo posible, y seguiremos trabajando para que sea una realidad en todo el país. 💪😎

#BBVA #orgullo #pride",14,1,8,1,2.0K
2025-07-13 03:40:56,bbva_peru,Jun 24,"¿Avanzamos? Tus metas se hacen posible con la rentabilidad y seguridad que tiene la Cuenta Vip. Conoce más 👉 bbva.info/40jA8E9  😊

#BBVA #CuentaBBVA #VIP #metas",1,0,0,0,1.0K
2025-07-13 03:40:56,bbva_peru,Jun 18,"¿A qué zona irás en el concierto de Green Day?...
Por cierto, tus Tarjetas BBVA te dan beneficios para que puedas conseguir tus entradas. 😉🙌",3,0,0,0,1.0K
2025-07-13 03:40:56,bbva_peru,Jun 17,¿Qué cuenta sorteará en unas semanas 2 DEPAS DE ESTRENO solo por ahorrar?,1,0,0,0,913
2025-07-13 03:40:56,bbva_peru,Jun 16,"Cuenta Independencia BBVA
¿Sabes todos los BENEFICIOS de la Cuenta Independencia BBVA? 

Descúbrelos aquí: bbva.info/4dUWLo4

¿Listo para avanzar?",2,0,0,0,945
2025-07-13 03:40:56,bbva_peru,Jun 10,"Hay muchas formas de avanzar… y una de ellas es ganarte tu nuevo depa de estreno. 🏠💙 Abriendo tu Cuenta Ganadora, participas por 2 departamentos de estreno.

Conoce más aquí: bbva.info/45dZ3fT
#BBVA #CuentasBBVA #Avanzamos",0,0,0,0,799
2025-07-13 03:40:56,bbva_peru,Jun 10,Cuando hay que pagar los servicios existen dos tipos de personas. ¿Cuál eres tú?,0,0,0,0,755
2025-07-13 03:40:56,bbva_peru,Jun 10,"¡Un depa puede ser tuyo! 🙌 Abriendo tu Cuenta Ganadora BBVA desde S/1500, ya estás participando. Ver más información en bbva.pe/cuentas 😉

#CuentasBBVA #BBVA #Avanzamos",0,0,0,0,791
2025-07-13 03:40:56,bbva_peru,Jun 6,"¿Listo para verlos actuar por el Día del Padre? 😊 Si ese día tienes que ir al banco ya sabes que puedes elegir en qué horario hacerlo con Turno Digital desde tu App BBVA. 😎📱

Conoce más aquí: bbva.info/42vhRpz
#BBVA #BancoBBVA #TurnoDigital #Tiempo",0,0,0,0,750
2025-07-13 03:40:56,bbva_peru,Jun 4,"¿Listo para ganar uno de los 2 DEPAS DE ESTRENO que la Cuenta Ganadora BBVA tiene para ti? ¡Abriendo tu cuenta desde S/1,500 participas al instante! 🏢😎

Ábrela Aquí: bbva.info/2kw78IE
#BBVA #BancoBBVA #CuentaGanadoraBBVA #Ahorrar #CuentaDeAhorros",4,0,0,0,719
2025-07-13 03:40:56,bbva_peru,Jun 2,"Tenemos una cuenta para acompañarte en cada manera de avanzar.

#BBVA #proyectos #avanzamos",2,0,3,0,853
2025-07-13 03:40:56,bbva_peru,May 28,Para hacer realidad tu próximo proyecto necesitas un banco que te acompañe con:,4,0,1,0,856
2025-07-13 03:40:56,bbva_peru,May 26,"¿Listo para hacer realidad cada uno de tus proyectos? En BBVA, nos renovamos para acompañarte en cada paso. 😎💪

#BBVA #proyectos #Avanzamos",0,0,2,0,863
2025-07-13 03:40:56,bbva_peru,May 23,Separar tu dinero para cubrir cada gasto del mes es posible con tu App BBVA y su función...,1,0,2,0,980
2025-07-13 03:40:56,bbva_peru,May 23,"¿App o Agencia? 😎 Decide con LIBERTAD desde dónde hacer tus TRANSFERENCIAS TOTALMENTE GRATIS con la Cuenta Independencia BBVA. 💵😉

Abre tu cuenta aquí: bbva.info/32eZMcG
#BBVA #BancoBBVA #CuentaIndependencia #TransferenciasSinComisiones #CercaníaYConfianza",1,0,1,0,855
2025-07-13 03:40:56,bbva_peru,May 22,"🏠🚗🎒✨ No hay proyecto grande o pequeño, lo importante es seguir avanzando. Hoy estrenamos imagen y renovamos nuestro compromiso de acompañarte en cada paso, brindándote las herramientas que impulsan tus decisiones. ¿Avanzamos?",0,0,1,0,843
2025-07-13 03:40:56,bbva_peru,May 20,"Todos tenemos un proyecto que queremos hacer realidad👀 ¿Cuál de estos te motiva más? ¡Mejor aún, escribe el tuyo en los comentarios!",0,0,1,0,647
2025-07-13 03:40:56,bbva_peru,May 19,☝️ Con la Cuenta Independencia BBVA puedo realizar todas mis operaciones por canales físicos TOTALMENTE GRATIS.,1,0,0,0,767
2025-07-13 03:40:56,bbva_peru,May 19,"¡Aún estás a tiempo! 📷📷 Abre o incrementa tu cuenta desde S/3,200 y GANA AL INSTANTE  tu set de cubiertos Tramontina. ¡No te quedes fuera! 📷
Abre tu cuenta aquí: bbva.info/3LWb53n
#BBVA #BancoBBVA #QDA #QuincenaDelAhorro #Ahorrar",2,0,0,0,717
2025-07-13 04:37:17,bbva_peru,Jul 9,¿Cómo te convendría pagar los pasajes de tu viaje por Fiestas Patrias?,0,0,0,0,348
2025-07-13 04:37:17,bbva_peru,Jun 25,"Mostremos nuestro orgullo todo el año. 🏳️‍🌈🏳️‍⚧️ En Be Yourself, ya impulsamos acciones internas para hacerlo posible, y seguiremos trabajando para que sea una realidad en todo el país. 💪😎

#BBVA #orgullo #pride",14,1,8,1,2.0K
2025-07-13 04:37:17,bbva_peru,Jun 24,"¿Avanzamos? Tus metas se hacen posible con la rentabilidad y seguridad que tiene la Cuenta Vip. Conoce más 👉 bbva.info/40jA8E9  😊

#BBVA #CuentaBBVA #VIP #metas",1,0,0,0,1.0K
2025-07-13 04:37:17,bbva_peru,Jun 18,"¿A qué zona irás en el concierto de Green Day?...
Por cierto, tus Tarjetas BBVA te dan beneficios para que puedas conseguir tus entradas. 😉🙌",3,0,0,0,1.0K
2025-07-13 04:37:17,bbva_peru,Jun 17,¿Qué cuenta sorteará en unas semanas 2 DEPAS DE ESTRENO solo por ahorrar?,1,0,0,0,913
2025-07-13 04:37:17,bbva_peru,Jun 16,"Cuenta Independencia BBVA
¿Sabes todos los BENEFICIOS de la Cuenta Independencia BBVA? 

Descúbrelos aquí: bbva.info/4dUWLo4

¿Listo para avanzar?",2,0,0,0,945
2025-07-13 04:37:17,bbva_peru,Jun 10,"Hay muchas formas de avanzar… y una de ellas es ganarte tu nuevo depa de estreno. 🏠💙 Abriendo tu Cuenta Ganadora, participas por 2 departamentos de estreno.

Conoce más aquí: bbva.info/45dZ3fT
#BBVA #CuentasBBVA #Avanzamos",0,0,0,0,799
2025-07-13 04:37:17,bbva_peru,Jun 10,Cuando hay que pagar los servicios existen dos tipos de personas. ¿Cuál eres tú?,0,0,0,0,755
2025-07-13 04:37:17,bbva_peru,Jun 10,"¡Un depa puede ser tuyo! 🙌 Abriendo tu Cuenta Ganadora BBVA desde S/1500, ya estás participando. Ver más información en bbva.pe/cuentas 😉

#CuentasBBVA #BBVA #Avanzamos",0,0,0,0,791
2025-07-13 04:37:17,bbva_peru,Jun 6,"¿Listo para verlos actuar por el Día del Padre? 😊 Si ese día tienes que ir al banco ya sabes que puedes elegir en qué horario hacerlo con Turno Digital desde tu App BBVA. 😎📱

Conoce más aquí: bbva.info/42vhRpz
#BBVA #BancoBBVA #TurnoDigital #Tiempo",0,0,0,0,750
2025-07-13 04:37:17,bbva_peru,Jun 4,"¿Listo para ganar uno de los 2 DEPAS DE ESTRENO que la Cuenta Ganadora BBVA tiene para ti? ¡Abriendo tu cuenta desde S/1,500 participas al instante! 🏢😎

Ábrela Aquí: bbva.info/2kw78IE
#BBVA #BancoBBVA #CuentaGanadoraBBVA #Ahorrar #CuentaDeAhorros",4,0,0,0,719
2025-07-13 04:37:17,bbva_peru,Jun 2,"Tenemos una cuenta para acompañarte en cada manera de avanzar.

#BBVA #proyectos #avanzamos",2,0,3,0,853
2025-07-13 04:37:17,bbva_peru,May 28,Para hacer realidad tu próximo proyecto necesitas un banco que te acompañe con:,4,0,1,0,856
2025-07-13 04:37:17,bbva_peru,May 26,"¿Listo para hacer realidad cada uno de tus proyectos? En BBVA, nos renovamos para acompañarte en cada paso. 😎💪

#BBVA #proyectos #Avanzamos",0,0,2,0,863
2025-07-13 04:37:17,bbva_peru,May 23,Separar tu dinero para cubrir cada gasto del mes es posible con tu App BBVA y su función...,1,0,2,0,980
2025-07-13 04:37:17,bbva_peru,May 23,"¿App o Agencia? 😎 Decide con LIBERTAD desde dónde hacer tus TRANSFERENCIAS TOTALMENTE GRATIS con la Cuenta Independencia BBVA. 💵😉

Abre tu cuenta aquí: bbva.info/32eZMcG
#BBVA #BancoBBVA #CuentaIndependencia #TransferenciasSinComisiones #CercaníaYConfianza",1,0,1,0,855
2025-07-13 04:37:17,bbva_peru,May 22,"🏠🚗🎒✨ No hay proyecto grande o pequeño, lo importante es seguir avanzando. Hoy estrenamos imagen y renovamos nuestro compromiso de acompañarte en cada paso, brindándote las herramientas que impulsan tus decisiones. ¿Avanzamos?",0,0,1,0,843
2025-07-13 04:37:17,bbva_peru,May 20,"Todos tenemos un proyecto que queremos hacer realidad👀 ¿Cuál de estos te motiva más? ¡Mejor aún, escribe el tuyo en los comentarios!",0,0,1,0,647
2025-07-13 04:37:17,bbva_peru,May 19,☝️ Con la Cuenta Independencia BBVA puedo realizar todas mis operaciones por canales físicos TOTALMENTE GRATIS.,1,0,0,0,767
2025-07-13 04:37:17,bbva_peru,May 19,"¡Aún estás a tiempo! 📷📷 Abre o incrementa tu cuenta desde S/3,200 y GANA AL INSTANTE  tu set de cubiertos Tramontina. ¡No te quedes fuera! 📷
Abre tu cuenta aquí: bbva.info/3LWb53n
#BBVA #BancoBBVA #QDA #QuincenaDelAhorro #Ahorrar",2,0,0,0,717
2025-07-13 05:21:38,bbva_peru,Jul 9,¿Cómo te convendría pagar los pasajes de tu viaje por Fiestas Patrias?,0,0,0,0,348
2025-07-13 05:21:38,bbva_peru,Jun 25,"Mostremos nuestro orgullo todo el año. 🏳️‍🌈🏳️‍⚧️ En Be Yourself, ya impulsamos acciones internas para hacerlo posible, y seguiremos trabajando para que sea una realidad en todo el país. 💪😎

#BBVA #orgullo #pride",14,1,8,1,2.0K
2025-07-13 05:21:38,bbva_peru,Jun 24,"¿Avanzamos? Tus metas se hacen posible con la rentabilidad y seguridad que tiene la Cuenta Vip. Conoce más 👉 bbva.info/40jA8E9  😊

#BBVA #CuentaBBVA #VIP #metas",1,0,0,0,1.0K
2025-07-13 05:21:38,bbva_peru,Jun 18,"¿A qué zona irás en el concierto de Green Day?...
Por cierto, tus Tarjetas BBVA te dan beneficios para que puedas conseguir tus entradas. 😉🙌",3,0,0,0,1.0K
2025-07-13 05:21:38,bbva_peru,Jun 17,¿Qué cuenta sorteará en unas semanas 2 DEPAS DE ESTRENO solo por ahorrar?,1,0,0,0,913
2025-07-13 05:21:38,bbva_peru,Jun 16,"Cuenta Independencia BBVA
¿Sabes todos los BENEFICIOS de la Cuenta Independencia BBVA? 

Descúbrelos aquí: bbva.info/4dUWLo4

¿Listo para avanzar?",2,0,0,0,945
2025-07-13 05:21:38,bbva_peru,Jun 10,"Hay muchas formas de avanzar… y una de ellas es ganarte tu nuevo depa de estreno. 🏠💙 Abriendo tu Cuenta Ganadora, participas por 2 departamentos de estreno.

Conoce más aquí: bbva.info/45dZ3fT
#BBVA #CuentasBBVA #Avanzamos",0,0,0,0,799
2025-07-13 05:21:38,bbva_peru,Jun 10,Cuando hay que pagar los servicios existen dos tipos de personas. ¿Cuál eres tú?,0,0,0,0,755
2025-07-13 05:21:38,bbva_peru,Jun 10,"¡Un depa puede ser tuyo! 🙌 Abriendo tu Cuenta Ganadora BBVA desde S/1500, ya estás participando. Ver más información en bbva.pe/cuentas 😉

#CuentasBBVA #BBVA #Avanzamos",0,0,0,0,791
2025-07-13 05:21:38,bbva_peru,Jun 6,"¿Listo para verlos actuar por el Día del Padre? 😊 Si ese día tienes que ir al banco ya sabes que puedes elegir en qué horario hacerlo con Turno Digital desde tu App BBVA. 😎📱

Conoce más aquí: bbva.info/42vhRpz
#BBVA #BancoBBVA #TurnoDigital #Tiempo",0,0,0,0,750
2025-07-13 05:21:38,bbva_peru,Jun 4,"¿Listo para ganar uno de los 2 DEPAS DE ESTRENO que la Cuenta Ganadora BBVA tiene para ti? ¡Abriendo tu cuenta desde S/1,500 participas al instante! 🏢😎

Ábrela Aquí: bbva.info/2kw78IE
#BBVA #BancoBBVA #CuentaGanadoraBBVA #Ahorrar #CuentaDeAhorros",4,0,0,0,719
2025-07-13 05:21:38,bbva_peru,Jun 2,"Tenemos una cuenta para acompañarte en cada manera de avanzar.

#BBVA #proyectos #avanzamos",2,0,3,0,853
2025-07-13 05:21:38,bbva_peru,May 28,Para hacer realidad tu próximo proyecto necesitas un banco que te acompañe con:,4,0,1,0,856
2025-07-13 05:21:38,bbva_peru,May 26,"¿Listo para hacer realidad cada uno de tus proyectos? En BBVA, nos renovamos para acompañarte en cada paso. 😎💪

#BBVA #proyectos #Avanzamos",0,0,2,0,863
2025-07-13 05:21:38,bbva_peru,May 23,Separar tu dinero para cubrir cada gasto del mes es posible con tu App BBVA y su función...,1,0,2,0,980
2025-07-13 05:21:38,bbva_peru,May 23,"¿App o Agencia? 😎 Decide con LIBERTAD desde dónde hacer tus TRANSFERENCIAS TOTALMENTE GRATIS con la Cuenta Independencia BBVA. 💵😉

Abre tu cuenta aquí: bbva.info/32eZMcG
#BBVA #BancoBBVA #CuentaIndependencia #TransferenciasSinComisiones #CercaníaYConfianza",1,0,1,0,855
2025-07-13 05:21:38,bbva_peru,May 22,"🏠🚗🎒✨ No hay proyecto grande o pequeño, lo importante es seguir avanzando. Hoy estrenamos imagen y renovamos nuestro compromiso de acompañarte en cada paso, brindándote las herramientas que impulsan tus decisiones. ¿Avanzamos?",0,0,1,0,843
2025-07-13 05:21:38,bbva_peru,May 20,"Todos tenemos un proyecto que queremos hacer realidad👀 ¿Cuál de estos te motiva más? ¡Mejor aún, escribe el tuyo en los comentarios!",0,0,1,0,647
2025-07-13 05:21:38,bbva_peru,May 19,☝️ Con la Cuenta Independencia BBVA puedo realizar todas mis operaciones por canales físicos TOTALMENTE GRATIS.,1,0,0,0,767
2025-07-13 05:21:38,bbva_peru,May 19,"¡Aún estás a tiempo! 📷📷 Abre o incrementa tu cuenta desde S/3,200 y GANA AL INSTANTE  tu set de cubiertos Tramontina. ¡No te quedes fuera! 📷
Abre tu cuenta aquí: bbva.info/3LWb53n
#BBVA #BancoBBVA #QDA #QuincenaDelAhorro #Ahorrar",2,0,0,0,717
2025-07-13 06:29:21,bbva_peru,Jul 9,¿Cómo te convendría pagar los pasajes de tu viaje por Fiestas Patrias?,0,0,0,0,348
2025-07-13 06:29:21,bbva_peru,Jun 25,"Mostremos nuestro orgullo todo el año. 🏳️‍🌈🏳️‍⚧️ En Be Yourself, ya impulsamos acciones internas para hacerlo posible, y seguiremos trabajando para que sea una realidad en todo el país. 💪😎

#BBVA #orgullo #pride",14,1,8,1,2.0K
2025-07-13 06:29:21,bbva_peru,Jun 24,"¿Avanzamos? Tus metas se hacen posible con la rentabilidad y seguridad que tiene la Cuenta Vip. Conoce más 👉 bbva.info/40jA8E9  😊

#BBVA #CuentaBBVA #VIP #metas",1,0,0,0,1.0K
2025-07-13 06:29:21,bbva_peru,Jun 18,"¿A qué zona irás en el concierto de Green Day?...
Por cierto, tus Tarjetas BBVA te dan beneficios para que puedas conseguir tus entradas. 😉🙌",3,0,0,0,1.0K
2025-07-13 06:29:21,bbva_peru,Jun 17,¿Qué cuenta sorteará en unas semanas 2 DEPAS DE ESTRENO solo por ahorrar?,1,0,0,0,913
2025-07-13 06:29:21,bbva_peru,Jun 16,"Cuenta Independencia BBVA
¿Sabes todos los BENEFICIOS de la Cuenta Independencia BBVA? 

Descúbrelos aquí: bbva.info/4dUWLo4

¿Listo para avanzar?",2,0,0,0,945
2025-07-13 06:29:21,bbva_peru,Jun 10,"Hay muchas formas de avanzar… y una de ellas es ganarte tu nuevo depa de estreno. 🏠💙 Abriendo tu Cuenta Ganadora, participas por 2 departamentos de estreno.

Conoce más aquí: bbva.info/45dZ3fT
#BBVA #CuentasBBVA #Avanzamos",0,0,0,0,799
2025-07-13 06:29:21,bbva_peru,Jun 10,Cuando hay que pagar los servicios existen dos tipos de personas. ¿Cuál eres tú?,0,0,0,0,755
2025-07-13 06:29:21,bbva_peru,Jun 10,"¡Un depa puede ser tuyo! 🙌 Abriendo tu Cuenta Ganadora BBVA desde S/1500, ya estás participando. Ver más información en bbva.pe/cuentas 😉

#CuentasBBVA #BBVA #Avanzamos",0,0,0,0,791
2025-07-13 06:29:21,bbva_peru,Jun 6,"¿Listo para verlos actuar por el Día del Padre? 😊 Si ese día tienes que ir al banco ya sabes que puedes elegir en qué horario hacerlo con Turno Digital desde tu App BBVA. 😎📱

Conoce más aquí: bbva.info/42vhRpz
#BBVA #BancoBBVA #TurnoDigital #Tiempo",0,0,0,0,750
2025-07-13 06:29:21,bbva_peru,Jun 4,"¿Listo para ganar uno de los 2 DEPAS DE ESTRENO que la Cuenta Ganadora BBVA tiene para ti? ¡Abriendo tu cuenta desde S/1,500 participas al instante! 🏢😎

Ábrela Aquí: bbva.info/2kw78IE
#BBVA #BancoBBVA #CuentaGanadoraBBVA #Ahorrar #CuentaDeAhorros",4,0,0,0,719
2025-07-13 06:29:21,bbva_peru,Jun 2,"Tenemos una cuenta para acompañarte en cada manera de avanzar.

#BBVA #proyectos #avanzamos",2,0,3,0,853
2025-07-13 06:29:21,bbva_peru,May 28,Para hacer realidad tu próximo proyecto necesitas un banco que te acompañe con:,4,0,1,0,856
2025-07-13 06:29:21,bbva_peru,May 26,"¿Listo para hacer realidad cada uno de tus proyectos? En BBVA, nos renovamos para acompañarte en cada paso. 😎💪

#BBVA #proyectos #Avanzamos",0,0,2,0,863
2025-07-13 06:29:21,bbva_peru,May 23,Separar tu dinero para cubrir cada gasto del mes es posible con tu App BBVA y su función...,1,0,2,0,980
2025-07-13 06:29:21,bbva_peru,May 23,"¿App o Agencia? 😎 Decide con LIBERTAD desde dónde hacer tus TRANSFERENCIAS TOTALMENTE GRATIS con la Cuenta Independencia BBVA. 💵😉

Abre tu cuenta aquí: bbva.info/32eZMcG
#BBVA #BancoBBVA #CuentaIndependencia #TransferenciasSinComisiones #CercaníaYConfianza",1,0,1,0,855
2025-07-13 06:29:21,bbva_peru,May 22,"🏠🚗🎒✨ No hay proyecto grande o pequeño, lo importante es seguir avanzando. Hoy estrenamos imagen y renovamos nuestro compromiso de acompañarte en cada paso, brindándote las herramientas que impulsan tus decisiones. ¿Avanzamos?",0,0,1,0,843
2025-07-13 06:29:21,bbva_peru,May 20,"Todos tenemos un proyecto que queremos hacer realidad👀 ¿Cuál de estos te motiva más? ¡Mejor aún, escribe el tuyo en los comentarios!",0,0,1,0,647
2025-07-13 06:29:21,bbva_peru,May 19,☝️ Con la Cuenta Independencia BBVA puedo realizar todas mis operaciones por canales físicos TOTALMENTE GRATIS.,1,0,0,0,767
2025-07-13 06:29:21,bbva_peru,May 19,"¡Aún estás a tiempo! 📷📷 Abre o incrementa tu cuenta desde S/3,200 y GANA AL INSTANTE  tu set de cubiertos Tramontina. ¡No te quedes fuera! 📷
Abre tu cuenta aquí: bbva.info/3LWb53n
#BBVA #BancoBBVA #QDA #QuincenaDelAhorro #Ahorrar",2,0,0,0,717
2025-07-13 07:20:25,bbva_peru,Jul 9,¿Cómo te convendría pagar los pasajes de tu viaje por Fiestas Patrias?,0,0,0,0,350
2025-07-13 07:20:25,bbva_peru,Jun 25,"Mostremos nuestro orgullo todo el año. 🏳️‍🌈🏳️‍⚧️ En Be Yourself, ya impulsamos acciones internas para hacerlo posible, y seguiremos trabajando para que sea una realidad en todo el país. 💪😎

#BBVA #orgullo #pride",14,1,8,1,2.0K
2025-07-13 07:20:25,bbva_peru,Jun 24,"¿Avanzamos? Tus metas se hacen posible con la rentabilidad y seguridad que tiene la Cuenta Vip. Conoce más 👉 bbva.info/40jA8E9  😊

#BBVA #CuentaBBVA #VIP #metas",1,0,0,0,1.0K
2025-07-13 07:20:25,bbva_peru,Jun 18,"¿A qué zona irás en el concierto de Green Day?...
Por cierto, tus Tarjetas BBVA te dan beneficios para que puedas conseguir tus entradas. 😉🙌",3,0,0,0,1.0K
2025-07-13 07:20:25,bbva_peru,Jun 17,¿Qué cuenta sorteará en unas semanas 2 DEPAS DE ESTRENO solo por ahorrar?,1,0,0,0,913
2025-07-13 07:20:25,bbva_peru,Jun 16,"Cuenta Independencia BBVA
¿Sabes todos los BENEFICIOS de la Cuenta Independencia BBVA? 

Descúbrelos aquí: bbva.info/4dUWLo4

¿Listo para avanzar?",2,0,0,0,945
2025-07-13 07:20:25,bbva_peru,Jun 10,"Hay muchas formas de avanzar… y una de ellas es ganarte tu nuevo depa de estreno. 🏠💙 Abriendo tu Cuenta Ganadora, participas por 2 departamentos de estreno.

Conoce más aquí: bbva.info/45dZ3fT
#BBVA #CuentasBBVA #Avanzamos",0,0,0,0,799
2025-07-13 07:20:25,bbva_peru,Jun 10,Cuando hay que pagar los servicios existen dos tipos de personas. ¿Cuál eres tú?,0,0,0,0,755
2025-07-13 07:20:25,bbva_peru,Jun 10,"¡Un depa puede ser tuyo! 🙌 Abriendo tu Cuenta Ganadora BBVA desde S/1500, ya estás participando. Ver más información en bbva.pe/cuentas 😉

#CuentasBBVA #BBVA #Avanzamos",0,0,0,0,791
2025-07-13 07:20:25,bbva_peru,Jun 6,"¿Listo para verlos actuar por el Día del Padre? 😊 Si ese día tienes que ir al banco ya sabes que puedes elegir en qué horario hacerlo con Turno Digital desde tu App BBVA. 😎📱

Conoce más aquí: bbva.info/42vhRpz
#BBVA #BancoBBVA #TurnoDigital #Tiempo",0,0,0,0,750
2025-07-13 07:20:25,bbva_peru,Jun 4,"¿Listo para ganar uno de los 2 DEPAS DE ESTRENO que la Cuenta Ganadora BBVA tiene para ti? ¡Abriendo tu cuenta desde S/1,500 participas al instante! 🏢😎

Ábrela Aquí: bbva.info/2kw78IE
#BBVA #BancoBBVA #CuentaGanadoraBBVA #Ahorrar #CuentaDeAhorros",4,0,0,0,719
2025-07-13 07:20:25,bbva_peru,Jun 2,"Tenemos una cuenta para acompañarte en cada manera de avanzar.

#BBVA #proyectos #avanzamos",2,0,3,0,853
2025-07-13 07:20:25,bbva_peru,May 28,Para hacer realidad tu próximo proyecto necesitas un banco que te acompañe con:,4,0,1,0,856
2025-07-13 07:20:25,bbva_peru,May 26,"¿Listo para hacer realidad cada uno de tus proyectos? En BBVA, nos renovamos para acompañarte en cada paso. 😎💪

#BBVA #proyectos #Avanzamos",0,0,2,0,863
2025-07-13 07:20:25,bbva_peru,May 23,Separar tu dinero para cubrir cada gasto del mes es posible con tu App BBVA y su función...,1,0,2,0,980
2025-07-13 07:20:25,bbva_peru,May 23,"¿App o Agencia? 😎 Decide con LIBERTAD desde dónde hacer tus TRANSFERENCIAS TOTALMENTE GRATIS con la Cuenta Independencia BBVA. 💵😉

Abre tu cuenta aquí: bbva.info/32eZMcG
#BBVA #BancoBBVA #CuentaIndependencia #TransferenciasSinComisiones #CercaníaYConfianza",1,0,1,0,855
2025-07-13 07:20:25,bbva_peru,May 22,"🏠🚗🎒✨ No hay proyecto grande o pequeño, lo importante es seguir avanzando. Hoy estrenamos imagen y renovamos nuestro compromiso de acompañarte en cada paso, brindándote las herramientas que impulsan tus decisiones. ¿Avanzamos?",0,0,1,0,843
2025-07-13 07:20:25,bbva_peru,May 20,"Todos tenemos un proyecto que queremos hacer realidad👀 ¿Cuál de estos te motiva más? ¡Mejor aún, escribe el tuyo en los comentarios!",0,0,1,0,647
2025-07-13 07:20:25,bbva_peru,May 19,☝️ Con la Cuenta Independencia BBVA puedo realizar todas mis operaciones por canales físicos TOTALMENTE GRATIS.,1,0,0,0,767
2025-07-13 07:20:25,bbva_peru,May 19,"¡Aún estás a tiempo! 📷📷 Abre o incrementa tu cuenta desde S/3,200 y GANA AL INSTANTE  tu set de cubiertos Tramontina. ¡No te quedes fuera! 📷
Abre tu cuenta aquí: bbva.info/3LWb53n
#BBVA #BancoBBVA #QDA #QuincenaDelAhorro #Ahorrar",2,0,0,0,717
2025-07-13 08:24:24,bbva_peru,Jul 9,¿Cómo te convendría pagar los pasajes de tu viaje por Fiestas Patrias?,0,0,0,0,350
2025-07-13 08:24:24,bbva_peru,Jun 25,"Mostremos nuestro orgullo todo el año. 🏳️‍🌈🏳️‍⚧️ En Be Yourself, ya impulsamos acciones internas para hacerlo posible, y seguiremos trabajando para que sea una realidad en todo el país. 💪😎

#BBVA #orgullo #pride",14,1,8,1,2.0K
2025-07-13 08:24:24,bbva_peru,Jun 24,"¿Avanzamos? Tus metas se hacen posible con la rentabilidad y seguridad que tiene la Cuenta Vip. Conoce más 👉 bbva.info/40jA8E9  😊

#BBVA #CuentaBBVA #VIP #metas",1,0,0,0,1.0K
2025-07-13 08:24:24,bbva_peru,Jun 18,"¿A qué zona irás en el concierto de Green Day?...
Por cierto, tus Tarjetas BBVA te dan beneficios para que puedas conseguir tus entradas. 😉🙌",3,0,0,0,1.0K
2025-07-13 08:24:24,bbva_peru,Jun 17,¿Qué cuenta sorteará en unas semanas 2 DEPAS DE ESTRENO solo por ahorrar?,1,0,0,0,913
2025-07-13 08:24:24,bbva_peru,Jun 16,"Cuenta Independencia BBVA
¿Sabes todos los BENEFICIOS de la Cuenta Independencia BBVA? 

Descúbrelos aquí: bbva.info/4dUWLo4

¿Listo para avanzar?",2,0,0,0,945
2025-07-13 08:24:24,bbva_peru,Jun 10,"Hay muchas formas de avanzar… y una de ellas es ganarte tu nuevo depa de estreno. 🏠💙 Abriendo tu Cuenta Ganadora, participas por 2 departamentos de estreno.

Conoce más aquí: bbva.info/45dZ3fT
#BBVA #CuentasBBVA #Avanzamos",0,0,0,0,799
2025-07-13 08:24:24,bbva_peru,Jun 10,Cuando hay que pagar los servicios existen dos tipos de personas. ¿Cuál eres tú?,0,0,0,0,755
2025-07-13 08:24:24,bbva_peru,Jun 10,"¡Un depa puede ser tuyo! 🙌 Abriendo tu Cuenta Ganadora BBVA desde S/1500, ya estás participando. Ver más información en bbva.pe/cuentas 😉

#CuentasBBVA #BBVA #Avanzamos",0,0,0,0,791
2025-07-13 08:24:24,bbva_peru,Jun 6,"¿Listo para verlos actuar por el Día del Padre? 😊 Si ese día tienes que ir al banco ya sabes que puedes elegir en qué horario hacerlo con Turno Digital desde tu App BBVA. 😎📱

Conoce más aquí: bbva.info/42vhRpz
#BBVA #BancoBBVA #TurnoDigital #Tiempo",0,0,0,0,750
2025-07-13 08:24:24,bbva_peru,Jun 4,"¿Listo para ganar uno de los 2 DEPAS DE ESTRENO que la Cuenta Ganadora BBVA tiene para ti? ¡Abriendo tu cuenta desde S/1,500 participas al instante! 🏢😎

Ábrela Aquí: bbva.info/2kw78IE
#BBVA #BancoBBVA #CuentaGanadoraBBVA #Ahorrar #CuentaDeAhorros",4,0,0,0,719
2025-07-13 08:24:24,bbva_peru,Jun 2,"Tenemos una cuenta para acompañarte en cada manera de avanzar.

#BBVA #proyectos #avanzamos",2,0,3,0,853
2025-07-13 08:24:24,bbva_peru,May 28,Para hacer realidad tu próximo proyecto necesitas un banco que te acompañe con:,4,0,1,0,856
2025-07-13 08:24:24,bbva_peru,May 26,"¿Listo para hacer realidad cada uno de tus proyectos? En BBVA, nos renovamos para acompañarte en cada paso. 😎💪

#BBVA #proyectos #Avanzamos",0,0,2,0,863
2025-07-13 08:24:24,bbva_peru,May 23,Separar tu dinero para cubrir cada gasto del mes es posible con tu App BBVA y su función...,1,0,2,0,980
2025-07-13 08:24:24,bbva_peru,May 23,"¿App o Agencia? 😎 Decide con LIBERTAD desde dónde hacer tus TRANSFERENCIAS TOTALMENTE GRATIS con la Cuenta Independencia BBVA. 💵😉

Abre tu cuenta aquí: bbva.info/32eZMcG
#BBVA #BancoBBVA #CuentaIndependencia #TransferenciasSinComisiones #CercaníaYConfianza",1,0,1,0,855
2025-07-13 08:24:24,bbva_peru,May 22,"🏠🚗🎒✨ No hay proyecto grande o pequeño, lo importante es seguir avanzando. Hoy estrenamos imagen y renovamos nuestro compromiso de acompañarte en cada paso, brindándote las herramientas que impulsan tus decisiones. ¿Avanzamos?",0,0,1,0,843
2025-07-13 08:24:24,bbva_peru,May 20,"Todos tenemos un proyecto que queremos hacer realidad👀 ¿Cuál de estos te motiva más? ¡Mejor aún, escribe el tuyo en los comentarios!",0,0,1,0,647
2025-07-13 08:24:24,bbva_peru,May 19,☝️ Con la Cuenta Independencia BBVA puedo realizar todas mis operaciones por canales físicos TOTALMENTE GRATIS.,1,0,0,0,767
2025-07-13 08:24:24,bbva_peru,May 19,"¡Aún estás a tiempo! 📷📷 Abre o incrementa tu cuenta desde S/3,200 y GANA AL INSTANTE  tu set de cubiertos Tramontina. ¡No te quedes fuera! 📷
Abre tu cuenta aquí: bbva.info/3LWb53n
#BBVA #BancoBBVA #QDA #QuincenaDelAhorro #Ahorrar",2,0,0,0,717
2025-07-13 09:21:49,bbva_peru,Jul 9,¿Cómo te convendría pagar los pasajes de tu viaje por Fiestas Patrias?,0,0,0,0,350
2025-07-13 09:21:49,bbva_peru,Jun 25,"Mostremos nuestro orgullo todo el año. 🏳️‍🌈🏳️‍⚧️ En Be Yourself, ya impulsamos acciones internas para hacerlo posible, y seguiremos trabajando para que sea una realidad en todo el país. 💪😎

#BBVA #orgullo #pride",14,1,8,1,2.0K
2025-07-13 09:21:49,bbva_peru,Jun 24,"¿Avanzamos? Tus metas se hacen posible con la rentabilidad y seguridad que tiene la Cuenta Vip. Conoce más 👉 bbva.info/40jA8E9  😊

#BBVA #CuentaBBVA #VIP #metas",1,0,0,0,1.0K
2025-07-13 09:21:49,bbva_peru,Jun 18,"¿A qué zona irás en el concierto de Green Day?...
Por cierto, tus Tarjetas BBVA te dan beneficios para que puedas conseguir tus entradas. 😉🙌",3,0,0,0,1.0K
2025-07-13 09:21:49,bbva_peru,Jun 17,¿Qué cuenta sorteará en unas semanas 2 DEPAS DE ESTRENO solo por ahorrar?,1,0,0,0,913
2025-07-13 09:21:49,bbva_peru,Jun 16,"Cuenta Independencia BBVA
¿Sabes todos los BENEFICIOS de la Cuenta Independencia BBVA? 

Descúbrelos aquí: bbva.info/4dUWLo4

¿Listo para avanzar?",2,0,0,0,945
2025-07-13 09:21:49,bbva_peru,Jun 10,"Hay muchas formas de avanzar… y una de ellas es ganarte tu nuevo depa de estreno. 🏠💙 Abriendo tu Cuenta Ganadora, participas por 2 departamentos de estreno.

Conoce más aquí: bbva.info/45dZ3fT
#BBVA #CuentasBBVA #Avanzamos",0,0,0,0,799
2025-07-13 09:21:49,bbva_peru,Jun 10,Cuando hay que pagar los servicios existen dos tipos de personas. ¿Cuál eres tú?,0,0,0,0,755
2025-07-13 09:21:49,bbva_peru,Jun 10,"¡Un depa puede ser tuyo! 🙌 Abriendo tu Cuenta Ganadora BBVA desde S/1500, ya estás participando. Ver más información en bbva.pe/cuentas 😉

#CuentasBBVA #BBVA #Avanzamos",0,0,0,0,791
2025-07-13 09:21:49,bbva_peru,Jun 6,"¿Listo para verlos actuar por el Día del Padre? 😊 Si ese día tienes que ir al banco ya sabes que puedes elegir en qué horario hacerlo con Turno Digital desde tu App BBVA. 😎📱

Conoce más aquí: bbva.info/42vhRpz
#BBVA #BancoBBVA #TurnoDigital #Tiempo",0,0,0,0,750
2025-07-13 09:21:49,bbva_peru,Jun 4,"¿Listo para ganar uno de los 2 DEPAS DE ESTRENO que la Cuenta Ganadora BBVA tiene para ti? ¡Abriendo tu cuenta desde S/1,500 participas al instante! 🏢😎

Ábrela Aquí: bbva.info/2kw78IE
#BBVA #BancoBBVA #CuentaGanadoraBBVA #Ahorrar #CuentaDeAhorros",4,0,0,0,719
2025-07-13 09:21:49,bbva_peru,Jun 2,"Tenemos una cuenta para acompañarte en cada manera de avanzar.

#BBVA #proyectos #avanzamos",2,0,3,0,853
2025-07-13 09:21:49,bbva_peru,May 28,Para hacer realidad tu próximo proyecto necesitas un banco que te acompañe con:,4,0,1,0,856
2025-07-13 09:21:49,bbva_peru,May 26,"¿Listo para hacer realidad cada uno de tus proyectos? En BBVA, nos renovamos para acompañarte en cada paso. 😎💪

#BBVA #proyectos #Avanzamos",0,0,2,0,863
2025-07-13 09:21:49,bbva_peru,May 23,Separar tu dinero para cubrir cada gasto del mes es posible con tu App BBVA y su función...,1,0,2,0,980
2025-07-13 09:21:49,bbva_peru,May 23,"¿App o Agencia? 😎 Decide con LIBERTAD desde dónde hacer tus TRANSFERENCIAS TOTALMENTE GRATIS con la Cuenta Independencia BBVA. 💵😉

Abre tu cuenta aquí: bbva.info/32eZMcG
#BBVA #BancoBBVA #CuentaIndependencia #TransferenciasSinComisiones #CercaníaYConfianza",1,0,1,0,855
2025-07-13 09:21:49,bbva_peru,May 22,"🏠🚗🎒✨ No hay proyecto grande o pequeño, lo importante es seguir avanzando. Hoy estrenamos imagen y renovamos nuestro compromiso de acompañarte en cada paso, brindándote las herramientas que impulsan tus decisiones. ¿Avanzamos?",0,0,1,0,843
2025-07-13 09:21:49,bbva_peru,May 20,"Todos tenemos un proyecto que queremos hacer realidad👀 ¿Cuál de estos te motiva más? ¡Mejor aún, escribe el tuyo en los comentarios!",0,0,1,0,647
2025-07-13 09:21:49,bbva_peru,May 19,☝️ Con la Cuenta Independencia BBVA puedo realizar todas mis operaciones por canales físicos TOTALMENTE GRATIS.,1,0,0,0,767
2025-07-13 09:21:49,bbva_peru,May 19,"¡Aún estás a tiempo! 📷📷 Abre o incrementa tu cuenta desde S/3,200 y GANA AL INSTANTE  tu set de cubiertos Tramontina. ¡No te quedes fuera! 📷
Abre tu cuenta aquí: bbva.info/3LWb53n
#BBVA #BancoBBVA #QDA #QuincenaDelAhorro #Ahorrar",2,0,0,0,717
2025-07-13 10:21:47,bbva_peru,Jul 9,¿Cómo te convendría pagar los pasajes de tu viaje por Fiestas Patrias?,0,0,0,0,350
2025-07-13 10:21:47,bbva_peru,Jun 25,"Mostremos nuestro orgullo todo el año. 🏳️‍🌈🏳️‍⚧️ En Be Yourself, ya impulsamos acciones internas para hacerlo posible, y seguiremos trabajando para que sea una realidad en todo el país. 💪😎

#BBVA #orgullo #pride",14,1,8,1,2.0K
2025-07-13 10:21:47,bbva_peru,Jun 24,"¿Avanzamos? Tus metas se hacen posible con la rentabilidad y seguridad que tiene la Cuenta Vip. Conoce más 👉 bbva.info/40jA8E9  😊

#BBVA #CuentaBBVA #VIP #metas",1,0,0,0,1.0K
2025-07-13 10:21:47,bbva_peru,Jun 18,"¿A qué zona irás en el concierto de Green Day?...
Por cierto, tus Tarjetas BBVA te dan beneficios para que puedas conseguir tus entradas. 😉🙌",3,0,0,0,1.0K
2025-07-13 10:21:47,bbva_peru,Jun 17,¿Qué cuenta sorteará en unas semanas 2 DEPAS DE ESTRENO solo por ahorrar?,1,0,0,0,913
2025-07-13 10:21:47,bbva_peru,Jun 16,"Cuenta Independencia BBVA
¿Sabes todos los BENEFICIOS de la Cuenta Independencia BBVA? 

Descúbrelos aquí: bbva.info/4dUWLo4

¿Listo para avanzar?",2,0,0,0,945
2025-07-13 10:21:47,bbva_peru,Jun 10,"Hay muchas formas de avanzar… y una de ellas es ganarte tu nuevo depa de estreno. 🏠💙 Abriendo tu Cuenta Ganadora, participas por 2 departamentos de estreno.

Conoce más aquí: bbva.info/45dZ3fT
#BBVA #CuentasBBVA #Avanzamos",0,0,0,0,799
2025-07-13 10:21:47,bbva_peru,Jun 10,Cuando hay que pagar los servicios existen dos tipos de personas. ¿Cuál eres tú?,0,0,0,0,755
2025-07-13 10:21:47,bbva_peru,Jun 10,"¡Un depa puede ser tuyo! 🙌 Abriendo tu Cuenta Ganadora BBVA desde S/1500, ya estás participando. Ver más información en bbva.pe/cuentas 😉

#CuentasBBVA #BBVA #Avanzamos",0,0,0,0,791
2025-07-13 10:21:47,bbva_peru,Jun 6,"¿Listo para verlos actuar por el Día del Padre? 😊 Si ese día tienes que ir al banco ya sabes que puedes elegir en qué horario hacerlo con Turno Digital desde tu App BBVA. 😎📱

Conoce más aquí: bbva.info/42vhRpz
#BBVA #BancoBBVA #TurnoDigital #Tiempo",0,0,0,0,750
2025-07-13 10:21:47,bbva_peru,Jun 4,"¿Listo para ganar uno de los 2 DEPAS DE ESTRENO que la Cuenta Ganadora BBVA tiene para ti? ¡Abriendo tu cuenta desde S/1,500 participas al instante! 🏢😎

Ábrela Aquí: bbva.info/2kw78IE
#BBVA #BancoBBVA #CuentaGanadoraBBVA #Ahorrar #CuentaDeAhorros",4,0,0,0,719
2025-07-13 10:21:47,bbva_peru,Jun 2,"Tenemos una cuenta para acompañarte en cada manera de avanzar.

#BBVA #proyectos #avanzamos",2,0,3,0,853
2025-07-13 10:21:47,bbva_peru,May 28,Para hacer realidad tu próximo proyecto necesitas un banco que te acompañe con:,4,0,1,0,856
2025-07-13 10:21:47,bbva_peru,May 26,"¿Listo para hacer realidad cada uno de tus proyectos? En BBVA, nos renovamos para acompañarte en cada paso. 😎💪

#BBVA #proyectos #Avanzamos",0,0,2,0,863
2025-07-13 10:21:47,bbva_peru,May 23,Separar tu dinero para cubrir cada gasto del mes es posible con tu App BBVA y su función...,1,0,2,0,980
2025-07-13 10:21:47,bbva_peru,May 23,"¿App o Agencia? 😎 Decide con LIBERTAD desde dónde hacer tus TRANSFERENCIAS TOTALMENTE GRATIS con la Cuenta Independencia BBVA. 💵😉

Abre tu cuenta aquí: bbva.info/32eZMcG
#BBVA #BancoBBVA #CuentaIndependencia #TransferenciasSinComisiones #CercaníaYConfianza",1,0,1,0,855
2025-07-13 10:21:47,bbva_peru,May 22,"🏠🚗🎒✨ No hay proyecto grande o pequeño, lo importante es seguir avanzando. Hoy estrenamos imagen y renovamos nuestro compromiso de acompañarte en cada paso, brindándote las herramientas que impulsan tus decisiones. ¿Avanzamos?",0,0,1,0,843
2025-07-13 10:21:47,bbva_peru,May 20,"Todos tenemos un proyecto que queremos hacer realidad👀 ¿Cuál de estos te motiva más? ¡Mejor aún, escribe el tuyo en los comentarios!",0,0,1,0,647
2025-07-13 10:21:47,bbva_peru,May 19,☝️ Con la Cuenta Independencia BBVA puedo realizar todas mis operaciones por canales físicos TOTALMENTE GRATIS.,1,0,0,0,767
2025-07-13 10:21:47,bbva_peru,May 19,"¡Aún estás a tiempo! 📷📷 Abre o incrementa tu cuenta desde S/3,200 y GANA AL INSTANTE  tu set de cubiertos Tramontina. ¡No te quedes fuera! 📷
Abre tu cuenta aquí: bbva.info/3LWb53n
#BBVA #BancoBBVA #QDA #QuincenaDelAhorro #Ahorrar",2,0,0,0,717
2025-07-13 11:16:09,bbva_peru,Jul 9,¿Cómo te convendría pagar los pasajes de tu viaje por Fiestas Patrias?,0,0,0,0,352
2025-07-13 11:16:09,bbva_peru,Jun 25,"Mostremos nuestro orgullo todo el año. 🏳️‍🌈🏳️‍⚧️ En Be Yourself, ya impulsamos acciones internas para hacerlo posible, y seguiremos trabajando para que sea una realidad en todo el país. 💪😎

#BBVA #orgullo #pride",14,1,8,1,2.0K
2025-07-13 11:16:09,bbva_peru,Jun 24,"¿Avanzamos? Tus metas se hacen posible con la rentabilidad y seguridad que tiene la Cuenta Vip. Conoce más 👉 bbva.info/40jA8E9  😊

#BBVA #CuentaBBVA #VIP #metas",1,0,0,0,1.0K
2025-07-13 11:16:09,bbva_peru,Jun 18,"¿A qué zona irás en el concierto de Green Day?...
Por cierto, tus Tarjetas BBVA te dan beneficios para que puedas conseguir tus entradas. 😉🙌",3,0,0,0,1.0K
2025-07-13 11:16:09,bbva_peru,Jun 17,¿Qué cuenta sorteará en unas semanas 2 DEPAS DE ESTRENO solo por ahorrar?,1,0,0,0,914
2025-07-13 11:16:09,bbva_peru,Jun 16,"Cuenta Independencia BBVA
¿Sabes todos los BENEFICIOS de la Cuenta Independencia BBVA? 

Descúbrelos aquí: bbva.info/4dUWLo4

¿Listo para avanzar?",2,0,0,0,946
2025-07-13 11:16:09,bbva_peru,Jun 10,"Hay muchas formas de avanzar… y una de ellas es ganarte tu nuevo depa de estreno. 🏠💙 Abriendo tu Cuenta Ganadora, participas por 2 departamentos de estreno.

Conoce más aquí: bbva.info/45dZ3fT
#BBVA #CuentasBBVA #Avanzamos",0,0,0,0,799
2025-07-13 11:16:09,bbva_peru,Jun 10,Cuando hay que pagar los servicios existen dos tipos de personas. ¿Cuál eres tú?,0,0,0,0,755
2025-07-13 11:16:09,bbva_peru,Jun 10,"¡Un depa puede ser tuyo! 🙌 Abriendo tu Cuenta Ganadora BBVA desde S/1500, ya estás participando. Ver más información en bbva.pe/cuentas 😉

#CuentasBBVA #BBVA #Avanzamos",0,0,0,0,791
2025-07-13 11:16:09,bbva_peru,Jun 6,"¿Listo para verlos actuar por el Día del Padre? 😊 Si ese día tienes que ir al banco ya sabes que puedes elegir en qué horario hacerlo con Turno Digital desde tu App BBVA. 😎📱

Conoce más aquí: bbva.info/42vhRpz
#BBVA #BancoBBVA #TurnoDigital #Tiempo",0,0,0,0,750
2025-07-13 11:16:09,bbva_peru,Jun 4,"¿Listo para ganar uno de los 2 DEPAS DE ESTRENO que la Cuenta Ganadora BBVA tiene para ti? ¡Abriendo tu cuenta desde S/1,500 participas al instante! 🏢😎

Ábrela Aquí: bbva.info/2kw78IE
#BBVA #BancoBBVA #CuentaGanadoraBBVA #Ahorrar #CuentaDeAhorros",4,0,0,0,719
2025-07-13 11:16:09,bbva_peru,Jun 2,"Tenemos una cuenta para acompañarte en cada manera de avanzar.

#BBVA #proyectos #avanzamos",2,0,3,0,853
2025-07-13 11:16:09,bbva_peru,May 28,Para hacer realidad tu próximo proyecto necesitas un banco que te acompañe con:,4,0,1,0,856
2025-07-13 11:16:09,bbva_peru,May 26,"¿Listo para hacer realidad cada uno de tus proyectos? En BBVA, nos renovamos para acompañarte en cada paso. 😎💪

#BBVA #proyectos #Avanzamos",0,0,2,0,863
2025-07-13 11:16:09,bbva_peru,May 23,Separar tu dinero para cubrir cada gasto del mes es posible con tu App BBVA y su función...,1,0,2,0,980
2025-07-13 11:16:09,bbva_peru,May 23,"¿App o Agencia? 😎 Decide con LIBERTAD desde dónde hacer tus TRANSFERENCIAS TOTALMENTE GRATIS con la Cuenta Independencia BBVA. 💵😉

Abre tu cuenta aquí: bbva.info/32eZMcG
#BBVA #BancoBBVA #CuentaIndependencia #TransferenciasSinComisiones #CercaníaYConfianza",1,0,1,0,855
2025-07-13 11:16:09,bbva_peru,May 22,"🏠🚗🎒✨ No hay proyecto grande o pequeño, lo importante es seguir avanzando. Hoy estrenamos imagen y renovamos nuestro compromiso de acompañarte en cada paso, brindándote las herramientas que impulsan tus decisiones. ¿Avanzamos?",0,0,1,0,843
2025-07-13 11:16:09,bbva_peru,May 20,"Todos tenemos un proyecto que queremos hacer realidad👀 ¿Cuál de estos te motiva más? ¡Mejor aún, escribe el tuyo en los comentarios!",0,0,1,0,647
2025-07-13 11:16:09,bbva_peru,May 19,☝️ Con la Cuenta Independencia BBVA puedo realizar todas mis operaciones por canales físicos TOTALMENTE GRATIS.,1,0,0,0,767
2025-07-13 11:16:09,bbva_peru,May 19,"¡Aún estás a tiempo! 📷📷 Abre o incrementa tu cuenta desde S/3,200 y GANA AL INSTANTE  tu set de cubiertos Tramontina. ¡No te quedes fuera! 📷
Abre tu cuenta aquí: bbva.info/3LWb53n
#BBVA #BancoBBVA #QDA #QuincenaDelAhorro #Ahorrar",2,0,0,0,717
2025-07-13 12:38:12,bbva_peru,Jul 9,¿Cómo te convendría pagar los pasajes de tu viaje por Fiestas Patrias?,0,0,0,0,352
2025-07-13 12:38:12,bbva_peru,Jun 25,"Mostremos nuestro orgullo todo el año. 🏳️‍🌈🏳️‍⚧️ En Be Yourself, ya impulsamos acciones internas para hacerlo posible, y seguiremos trabajando para que sea una realidad en todo el país. 💪😎

#BBVA #orgullo #pride",14,1,8,1,2.0K
2025-07-13 12:38:12,bbva_peru,Jun 24,"¿Avanzamos? Tus metas se hacen posible con la rentabilidad y seguridad que tiene la Cuenta Vip. Conoce más 👉 bbva.info/40jA8E9  😊

#BBVA #CuentaBBVA #VIP #metas",1,0,0,0,1.0K
2025-07-13 12:38:12,bbva_peru,Jun 18,"¿A qué zona irás en el concierto de Green Day?...
Por cierto, tus Tarjetas BBVA te dan beneficios para que puedas conseguir tus entradas. 😉🙌",3,0,0,0,1.0K
2025-07-13 12:38:12,bbva_peru,Jun 17,¿Qué cuenta sorteará en unas semanas 2 DEPAS DE ESTRENO solo por ahorrar?,1,0,0,0,914
2025-07-13 12:38:12,bbva_peru,Jun 16,"Cuenta Independencia BBVA
¿Sabes todos los BENEFICIOS de la Cuenta Independencia BBVA? 

Descúbrelos aquí: bbva.info/4dUWLo4

¿Listo para avanzar?",2,0,0,0,946
2025-07-13 12:38:12,bbva_peru,Jun 10,"Hay muchas formas de avanzar… y una de ellas es ganarte tu nuevo depa de estreno. 🏠💙 Abriendo tu Cuenta Ganadora, participas por 2 departamentos de estreno.

Conoce más aquí: bbva.info/45dZ3fT
#BBVA #CuentasBBVA #Avanzamos",0,0,0,0,799
2025-07-13 12:38:12,bbva_peru,Jun 10,Cuando hay que pagar los servicios existen dos tipos de personas. ¿Cuál eres tú?,0,0,0,0,755
2025-07-13 12:38:12,bbva_peru,Jun 10,"¡Un depa puede ser tuyo! 🙌 Abriendo tu Cuenta Ganadora BBVA desde S/1500, ya estás participando. Ver más información en bbva.pe/cuentas 😉

#CuentasBBVA #BBVA #Avanzamos",0,0,0,0,791
2025-07-13 12:38:12,bbva_peru,Jun 6,"¿Listo para verlos actuar por el Día del Padre? 😊 Si ese día tienes que ir al banco ya sabes que puedes elegir en qué horario hacerlo con Turno Digital desde tu App BBVA. 😎📱

Conoce más aquí: bbva.info/42vhRpz
#BBVA #BancoBBVA #TurnoDigital #Tiempo",0,0,0,0,750
2025-07-13 12:38:12,bbva_peru,Jun 4,"¿Listo para ganar uno de los 2 DEPAS DE ESTRENO que la Cuenta Ganadora BBVA tiene para ti? ¡Abriendo tu cuenta desde S/1,500 participas al instante! 🏢😎

Ábrela Aquí: bbva.info/2kw78IE
#BBVA #BancoBBVA #CuentaGanadoraBBVA #Ahorrar #CuentaDeAhorros",4,0,0,0,719
2025-07-13 12:38:12,bbva_peru,Jun 2,"Tenemos una cuenta para acompañarte en cada manera de avanzar.

#BBVA #proyectos #avanzamos",2,0,3,0,853
2025-07-13 12:38:12,bbva_peru,May 28,Para hacer realidad tu próximo proyecto necesitas un banco que te acompañe con:,4,0,1,0,856
2025-07-13 12:38:12,bbva_peru,May 26,"¿Listo para hacer realidad cada uno de tus proyectos? En BBVA, nos renovamos para acompañarte en cada paso. 😎💪

#BBVA #proyectos #Avanzamos",0,0,2,0,863
2025-07-13 12:38:12,bbva_peru,May 23,Separar tu dinero para cubrir cada gasto del mes es posible con tu App BBVA y su función...,1,0,2,0,980
2025-07-13 12:38:12,bbva_peru,May 23,"¿App o Agencia? 😎 Decide con LIBERTAD desde dónde hacer tus TRANSFERENCIAS TOTALMENTE GRATIS con la Cuenta Independencia BBVA. 💵😉

Abre tu cuenta aquí: bbva.info/32eZMcG
#BBVA #BancoBBVA #CuentaIndependencia #TransferenciasSinComisiones #CercaníaYConfianza",1,0,1,0,855
2025-07-13 12:38:12,bbva_peru,May 22,"🏠🚗🎒✨ No hay proyecto grande o pequeño, lo importante es seguir avanzando. Hoy estrenamos imagen y renovamos nuestro compromiso de acompañarte en cada paso, brindándote las herramientas que impulsan tus decisiones. ¿Avanzamos?",0,0,1,0,843
2025-07-13 12:38:12,bbva_peru,May 20,"Todos tenemos un proyecto que queremos hacer realidad👀 ¿Cuál de estos te motiva más? ¡Mejor aún, escribe el tuyo en los comentarios!",0,0,1,0,647
2025-07-13 12:38:12,bbva_peru,May 19,☝️ Con la Cuenta Independencia BBVA puedo realizar todas mis operaciones por canales físicos TOTALMENTE GRATIS.,1,0,0,0,767
2025-07-13 12:38:12,bbva_peru,May 19,"¡Aún estás a tiempo! 📷📷 Abre o incrementa tu cuenta desde S/3,200 y GANA AL INSTANTE  tu set de cubiertos Tramontina. ¡No te quedes fuera! 📷
Abre tu cuenta aquí: bbva.info/3LWb53n
#BBVA #BancoBBVA #QDA #QuincenaDelAhorro #Ahorrar",2,0,0,0,717
2025-07-13 13:29:27,bbva_peru,Jul 9,¿Cómo te convendría pagar los pasajes de tu viaje por Fiestas Patrias?,0,0,0,0,354
2025-07-13 13:29:27,bbva_peru,Jun 25,"Mostremos nuestro orgullo todo el año. 🏳️‍🌈🏳️‍⚧️ En Be Yourself, ya impulsamos acciones internas para hacerlo posible, y seguiremos trabajando para que sea una realidad en todo el país. 💪😎

#BBVA #orgullo #pride",14,1,8,1,2.0K
2025-07-13 13:29:27,bbva_peru,Jun 24,"¿Avanzamos? Tus metas se hacen posible con la rentabilidad y seguridad que tiene la Cuenta Vip. Conoce más 👉 bbva.info/40jA8E9  😊

#BBVA #CuentaBBVA #VIP #metas",1,0,0,0,1.0K
2025-07-13 13:29:27,bbva_peru,Jun 18,"¿A qué zona irás en el concierto de Green Day?...
Por cierto, tus Tarjetas BBVA te dan beneficios para que puedas conseguir tus entradas. 😉🙌",3,0,0,0,1.0K
2025-07-13 13:29:27,bbva_peru,Jun 17,¿Qué cuenta sorteará en unas semanas 2 DEPAS DE ESTRENO solo por ahorrar?,1,0,0,0,914
2025-07-13 13:29:27,bbva_peru,Jun 16,"Cuenta Independencia BBVA
¿Sabes todos los BENEFICIOS de la Cuenta Independencia BBVA? 

Descúbrelos aquí: bbva.info/4dUWLo4

¿Listo para avanzar?",2,0,0,0,946
2025-07-13 13:29:27,bbva_peru,Jun 10,"Hay muchas formas de avanzar… y una de ellas es ganarte tu nuevo depa de estreno. 🏠💙 Abriendo tu Cuenta Ganadora, participas por 2 departamentos de estreno.

Conoce más aquí: bbva.info/45dZ3fT
#BBVA #CuentasBBVA #Avanzamos",0,0,0,0,799
2025-07-13 13:29:27,bbva_peru,Jun 10,Cuando hay que pagar los servicios existen dos tipos de personas. ¿Cuál eres tú?,0,0,0,0,755
2025-07-13 13:29:27,bbva_peru,Jun 10,"¡Un depa puede ser tuyo! 🙌 Abriendo tu Cuenta Ganadora BBVA desde S/1500, ya estás participando. Ver más información en bbva.pe/cuentas 😉

#CuentasBBVA #BBVA #Avanzamos",0,0,0,0,791
2025-07-13 13:29:27,bbva_peru,Jun 6,"¿Listo para verlos actuar por el Día del Padre? 😊 Si ese día tienes que ir al banco ya sabes que puedes elegir en qué horario hacerlo con Turno Digital desde tu App BBVA. 😎📱

Conoce más aquí: bbva.info/42vhRpz
#BBVA #BancoBBVA #TurnoDigital #Tiempo",0,0,0,0,750
2025-07-13 13:29:27,bbva_peru,Jun 4,"¿Listo para ganar uno de los 2 DEPAS DE ESTRENO que la Cuenta Ganadora BBVA tiene para ti? ¡Abriendo tu cuenta desde S/1,500 participas al instante! 🏢😎

Ábrela Aquí: bbva.info/2kw78IE
#BBVA #BancoBBVA #CuentaGanadoraBBVA #Ahorrar #CuentaDeAhorros",4,0,0,0,719
2025-07-13 13:29:27,bbva_peru,Jun 2,"Tenemos una cuenta para acompañarte en cada manera de avanzar.

#BBVA #proyectos #avanzamos",2,0,3,0,853
2025-07-13 13:29:27,bbva_peru,May 28,Para hacer realidad tu próximo proyecto necesitas un banco que te acompañe con:,4,0,1,0,856
2025-07-13 13:29:27,bbva_peru,May 26,"¿Listo para hacer realidad cada uno de tus proyectos? En BBVA, nos renovamos para acompañarte en cada paso. 😎💪

#BBVA #proyectos #Avanzamos",0,0,2,0,863
2025-07-13 13:29:27,bbva_peru,May 23,Separar tu dinero para cubrir cada gasto del mes es posible con tu App BBVA y su función...,1,0,2,0,980
2025-07-13 13:29:27,bbva_peru,May 23,"¿App o Agencia? 😎 Decide con LIBERTAD desde dónde hacer tus TRANSFERENCIAS TOTALMENTE GRATIS con la Cuenta Independencia BBVA. 💵😉

Abre tu cuenta aquí: bbva.info/32eZMcG
#BBVA #BancoBBVA #CuentaIndependencia #TransferenciasSinComisiones #CercaníaYConfianza",1,0,1,0,855
2025-07-13 13:29:27,bbva_peru,May 22,"🏠🚗🎒✨ No hay proyecto grande o pequeño, lo importante es seguir avanzando. Hoy estrenamos imagen y renovamos nuestro compromiso de acompañarte en cada paso, brindándote las herramientas que impulsan tus decisiones. ¿Avanzamos?",0,0,1,0,843
2025-07-13 13:29:27,bbva_peru,May 20,"Todos tenemos un proyecto que queremos hacer realidad👀 ¿Cuál de estos te motiva más? ¡Mejor aún, escribe el tuyo en los comentarios!",0,0,1,0,647
2025-07-13 13:29:27,bbva_peru,May 19,☝️ Con la Cuenta Independencia BBVA puedo realizar todas mis operaciones por canales físicos TOTALMENTE GRATIS.,1,0,0,0,767
2025-07-13 13:29:27,bbva_peru,May 19,"¡Aún estás a tiempo! 📷📷 Abre o incrementa tu cuenta desde S/3,200 y GANA AL INSTANTE  tu set de cubiertos Tramontina. ¡No te quedes fuera! 📷
Abre tu cuenta aquí: bbva.info/3LWb53n
#BBVA #BancoBBVA #QDA #QuincenaDelAhorro #Ahorrar",2,0,0,0,717
2025-07-13 14:17:46,bbva_peru,Jul 9,¿Cómo te convendría pagar los pasajes de tu viaje por Fiestas Patrias?,0,0,0,0,354
2025-07-13 14:17:46,bbva_peru,Jun 25,"Mostremos nuestro orgullo todo el año. 🏳️‍🌈🏳️‍⚧️ En Be Yourself, ya impulsamos acciones internas para hacerlo posible, y seguiremos trabajando para que sea una realidad en todo el país. 💪😎

#BBVA #orgullo #pride",14,1,8,1,2.0K
2025-07-13 14:17:46,bbva_peru,Jun 24,"¿Avanzamos? Tus metas se hacen posible con la rentabilidad y seguridad que tiene la Cuenta Vip. Conoce más 👉 bbva.info/40jA8E9  😊

#BBVA #CuentaBBVA #VIP #metas",1,0,0,0,1.0K
2025-07-13 14:17:46,bbva_peru,Jun 18,"¿A qué zona irás en el concierto de Green Day?...
Por cierto, tus Tarjetas BBVA te dan beneficios para que puedas conseguir tus entradas. 😉🙌",3,0,0,0,1.0K
2025-07-13 14:17:46,bbva_peru,Jun 17,¿Qué cuenta sorteará en unas semanas 2 DEPAS DE ESTRENO solo por ahorrar?,1,0,0,0,914
2025-07-13 14:17:46,bbva_peru,Jun 16,"Cuenta Independencia BBVA
¿Sabes todos los BENEFICIOS de la Cuenta Independencia BBVA? 

Descúbrelos aquí: bbva.info/4dUWLo4

¿Listo para avanzar?",2,0,0,0,946
2025-07-13 14:17:46,bbva_peru,Jun 10,"Hay muchas formas de avanzar… y una de ellas es ganarte tu nuevo depa de estreno. 🏠💙 Abriendo tu Cuenta Ganadora, participas por 2 departamentos de estreno.

Conoce más aquí: bbva.info/45dZ3fT
#BBVA #CuentasBBVA #Avanzamos",0,0,0,0,799
2025-07-13 14:17:46,bbva_peru,Jun 10,Cuando hay que pagar los servicios existen dos tipos de personas. ¿Cuál eres tú?,0,0,0,0,755
2025-07-13 14:17:46,bbva_peru,Jun 10,"¡Un depa puede ser tuyo! 🙌 Abriendo tu Cuenta Ganadora BBVA desde S/1500, ya estás participando. Ver más información en bbva.pe/cuentas 😉

#CuentasBBVA #BBVA #Avanzamos",0,0,0,0,791
2025-07-13 14:17:46,bbva_peru,Jun 6,"¿Listo para verlos actuar por el Día del Padre? 😊 Si ese día tienes que ir al banco ya sabes que puedes elegir en qué horario hacerlo con Turno Digital desde tu App BBVA. 😎📱

Conoce más aquí: bbva.info/42vhRpz
#BBVA #BancoBBVA #TurnoDigital #Tiempo",0,0,0,0,750
2025-07-13 14:17:46,bbva_peru,Jun 4,"¿Listo para ganar uno de los 2 DEPAS DE ESTRENO que la Cuenta Ganadora BBVA tiene para ti? ¡Abriendo tu cuenta desde S/1,500 participas al instante! 🏢😎

Ábrela Aquí: bbva.info/2kw78IE
#BBVA #BancoBBVA #CuentaGanadoraBBVA #Ahorrar #CuentaDeAhorros",4,0,0,0,719
2025-07-13 14:17:46,bbva_peru,Jun 2,"Tenemos una cuenta para acompañarte en cada manera de avanzar.

#BBVA #proyectos #avanzamos",2,0,3,0,853
2025-07-13 14:17:46,bbva_peru,May 28,Para hacer realidad tu próximo proyecto necesitas un banco que te acompañe con:,4,0,1,0,856
2025-07-13 14:17:46,bbva_peru,May 26,"¿Listo para hacer realidad cada uno de tus proyectos? En BBVA, nos renovamos para acompañarte en cada paso. 😎💪

#BBVA #proyectos #Avanzamos",0,0,2,0,863
2025-07-13 14:17:46,bbva_peru,May 23,Separar tu dinero para cubrir cada gasto del mes es posible con tu App BBVA y su función...,1,0,2,0,980
2025-07-13 14:17:46,bbva_peru,May 23,"¿App o Agencia? 😎 Decide con LIBERTAD desde dónde hacer tus TRANSFERENCIAS TOTALMENTE GRATIS con la Cuenta Independencia BBVA. 💵😉

Abre tu cuenta aquí: bbva.info/32eZMcG
#BBVA #BancoBBVA #CuentaIndependencia #TransferenciasSinComisiones #CercaníaYConfianza",1,0,1,0,855
2025-07-13 14:17:46,bbva_peru,May 22,"🏠🚗🎒✨ No hay proyecto grande o pequeño, lo importante es seguir avanzando. Hoy estrenamos imagen y renovamos nuestro compromiso de acompañarte en cada paso, brindándote las herramientas que impulsan tus decisiones. ¿Avanzamos?",0,0,1,0,843
2025-07-13 14:17:46,bbva_peru,May 20,"Todos tenemos un proyecto que queremos hacer realidad👀 ¿Cuál de estos te motiva más? ¡Mejor aún, escribe el tuyo en los comentarios!",0,0,1,0,647
2025-07-13 14:17:46,bbva_peru,May 19,☝️ Con la Cuenta Independencia BBVA puedo realizar todas mis operaciones por canales físicos TOTALMENTE GRATIS.,1,0,0,0,767
2025-07-13 14:17:46,bbva_peru,May 19,"¡Aún estás a tiempo! 📷📷 Abre o incrementa tu cuenta desde S/3,200 y GANA AL INSTANTE  tu set de cubiertos Tramontina. ¡No te quedes fuera! 📷
Abre tu cuenta aquí: bbva.info/3LWb53n
#BBVA #BancoBBVA #QDA #QuincenaDelAhorro #Ahorrar",2,0,0,0,717
2025-07-13 15:19:23,bbva_peru,Jul 9,¿Cómo te convendría pagar los pasajes de tu viaje por Fiestas Patrias?,0,0,0,0,355
2025-07-13 15:19:23,bbva_peru,Jun 25,"Mostremos nuestro orgullo todo el año. 🏳️‍🌈🏳️‍⚧️ En Be Yourself, ya impulsamos acciones internas para hacerlo posible, y seguiremos trabajando para que sea una realidad en todo el país. 💪😎

#BBVA #orgullo #pride",14,1,8,1,2.0K
2025-07-13 15:19:23,bbva_peru,Jun 24,"¿Avanzamos? Tus metas se hacen posible con la rentabilidad y seguridad que tiene la Cuenta Vip. Conoce más 👉 bbva.info/40jA8E9  😊

#BBVA #CuentaBBVA #VIP #metas",1,0,0,0,1.0K
2025-07-13 15:19:23,bbva_peru,Jun 18,"¿A qué zona irás en el concierto de Green Day?...
Por cierto, tus Tarjetas BBVA te dan beneficios para que puedas conseguir tus entradas. 😉🙌",3,0,0,0,1.0K
2025-07-13 15:19:23,bbva_peru,Jun 17,¿Qué cuenta sorteará en unas semanas 2 DEPAS DE ESTRENO solo por ahorrar?,1,0,0,0,915
2025-07-13 15:19:23,bbva_peru,Jun 16,"Cuenta Independencia BBVA
¿Sabes todos los BENEFICIOS de la Cuenta Independencia BBVA? 

Descúbrelos aquí: bbva.info/4dUWLo4

¿Listo para avanzar?",2,0,0,0,947
2025-07-13 15:19:23,bbva_peru,Jun 10,"Hay muchas formas de avanzar… y una de ellas es ganarte tu nuevo depa de estreno. 🏠💙 Abriendo tu Cuenta Ganadora, participas por 2 departamentos de estreno.

Conoce más aquí: bbva.info/45dZ3fT
#BBVA #CuentasBBVA #Avanzamos",0,0,0,0,799
2025-07-13 15:19:23,bbva_peru,Jun 10,Cuando hay que pagar los servicios existen dos tipos de personas. ¿Cuál eres tú?,0,0,0,0,755
2025-07-13 15:19:23,bbva_peru,Jun 10,"¡Un depa puede ser tuyo! 🙌 Abriendo tu Cuenta Ganadora BBVA desde S/1500, ya estás participando. Ver más información en bbva.pe/cuentas 😉

#CuentasBBVA #BBVA #Avanzamos",0,0,0,0,791
2025-07-13 15:19:23,bbva_peru,Jun 6,"¿Listo para verlos actuar por el Día del Padre? 😊 Si ese día tienes que ir al banco ya sabes que puedes elegir en qué horario hacerlo con Turno Digital desde tu App BBVA. 😎📱

Conoce más aquí: bbva.info/42vhRpz
#BBVA #BancoBBVA #TurnoDigital #Tiempo",0,0,0,0,750
2025-07-13 15:19:23,bbva_peru,Jun 4,"¿Listo para ganar uno de los 2 DEPAS DE ESTRENO que la Cuenta Ganadora BBVA tiene para ti? ¡Abriendo tu cuenta desde S/1,500 participas al instante! 🏢😎

Ábrela Aquí: bbva.info/2kw78IE
#BBVA #BancoBBVA #CuentaGanadoraBBVA #Ahorrar #CuentaDeAhorros",4,0,0,0,719
2025-07-13 15:19:23,bbva_peru,Jun 2,"Tenemos una cuenta para acompañarte en cada manera de avanzar.

#BBVA #proyectos #avanzamos",2,0,3,0,853
2025-07-13 15:19:23,bbva_peru,May 28,Para hacer realidad tu próximo proyecto necesitas un banco que te acompañe con:,4,0,1,0,856
2025-07-13 15:19:23,bbva_peru,May 26,"¿Listo para hacer realidad cada uno de tus proyectos? En BBVA, nos renovamos para acompañarte en cada paso. 😎💪

#BBVA #proyectos #Avanzamos",0,0,2,0,863
2025-07-13 15:19:23,bbva_peru,May 23,Separar tu dinero para cubrir cada gasto del mes es posible con tu App BBVA y su función...,1,0,2,0,980
2025-07-13 15:19:23,bbva_peru,May 23,"¿App o Agencia? 😎 Decide con LIBERTAD desde dónde hacer tus TRANSFERENCIAS TOTALMENTE GRATIS con la Cuenta Independencia BBVA. 💵😉

Abre tu cuenta aquí: bbva.info/32eZMcG
#BBVA #BancoBBVA #CuentaIndependencia #TransferenciasSinComisiones #CercaníaYConfianza",1,0,1,0,855
2025-07-13 15:19:23,bbva_peru,May 22,"🏠🚗🎒✨ No hay proyecto grande o pequeño, lo importante es seguir avanzando. Hoy estrenamos imagen y renovamos nuestro compromiso de acompañarte en cada paso, brindándote las herramientas que impulsan tus decisiones. ¿Avanzamos?",0,0,1,0,843
2025-07-13 15:19:23,bbva_peru,May 20,"Todos tenemos un proyecto que queremos hacer realidad👀 ¿Cuál de estos te motiva más? ¡Mejor aún, escribe el tuyo en los comentarios!",0,0,1,0,647
2025-07-13 15:19:23,bbva_peru,May 19,☝️ Con la Cuenta Independencia BBVA puedo realizar todas mis operaciones por canales físicos TOTALMENTE GRATIS.,1,0,0,0,767
2025-07-13 15:19:23,bbva_peru,May 19,"¡Aún estás a tiempo! 📷📷 Abre o incrementa tu cuenta desde S/3,200 y GANA AL INSTANTE  tu set de cubiertos Tramontina. ¡No te quedes fuera! 📷
Abre tu cuenta aquí: bbva.info/3LWb53n
#BBVA #BancoBBVA #QDA #QuincenaDelAhorro #Ahorrar",2,0,0,0,717
2025-07-13 16:23:37,bbva_peru,Jul 9,¿Cómo te convendría pagar los pasajes de tu viaje por Fiestas Patrias?,0,0,0,0,355
2025-07-13 16:23:37,bbva_peru,Jun 25,"Mostremos nuestro orgullo todo el año. 🏳️‍🌈🏳️‍⚧️ En Be Yourself, ya impulsamos acciones internas para hacerlo posible, y seguiremos trabajando para que sea una realidad en todo el país. 💪😎

#BBVA #orgullo #pride",14,1,8,1,2.0K
2025-07-13 16:23:37,bbva_peru,Jun 24,"¿Avanzamos? Tus metas se hacen posible con la rentabilidad y seguridad que tiene la Cuenta Vip. Conoce más 👉 bbva.info/40jA8E9  😊

#BBVA #CuentaBBVA #VIP #metas",1,0,0,0,1.0K
2025-07-13 16:23:37,bbva_peru,Jun 18,"¿A qué zona irás en el concierto de Green Day?...
Por cierto, tus Tarjetas BBVA te dan beneficios para que puedas conseguir tus entradas. 😉🙌",3,0,0,0,1.0K
2025-07-13 16:23:37,bbva_peru,Jun 17,¿Qué cuenta sorteará en unas semanas 2 DEPAS DE ESTRENO solo por ahorrar?,1,0,0,0,915
2025-07-13 16:23:37,bbva_peru,Jun 16,"Cuenta Independencia BBVA
¿Sabes todos los BENEFICIOS de la Cuenta Independencia BBVA? 

Descúbrelos aquí: bbva.info/4dUWLo4

¿Listo para avanzar?",2,0,0,0,947
2025-07-13 16:23:37,bbva_peru,Jun 10,"Hay muchas formas de avanzar… y una de ellas es ganarte tu nuevo depa de estreno. 🏠💙 Abriendo tu Cuenta Ganadora, participas por 2 departamentos de estreno.

Conoce más aquí: bbva.info/45dZ3fT
#BBVA #CuentasBBVA #Avanzamos",0,0,0,0,799
2025-07-13 16:23:37,bbva_peru,Jun 10,Cuando hay que pagar los servicios existen dos tipos de personas. ¿Cuál eres tú?,0,0,0,0,755
2025-07-13 16:23:37,bbva_peru,Jun 10,"¡Un depa puede ser tuyo! 🙌 Abriendo tu Cuenta Ganadora BBVA desde S/1500, ya estás participando. Ver más información en bbva.pe/cuentas 😉

#CuentasBBVA #BBVA #Avanzamos",0,0,0,0,791
2025-07-13 16:23:37,bbva_peru,Jun 6,"¿Listo para verlos actuar por el Día del Padre? 😊 Si ese día tienes que ir al banco ya sabes que puedes elegir en qué horario hacerlo con Turno Digital desde tu App BBVA. 😎📱

Conoce más aquí: bbva.info/42vhRpz
#BBVA #BancoBBVA #TurnoDigital #Tiempo",0,0,0,0,750
2025-07-13 16:23:37,bbva_peru,Jun 4,"¿Listo para ganar uno de los 2 DEPAS DE ESTRENO que la Cuenta Ganadora BBVA tiene para ti? ¡Abriendo tu cuenta desde S/1,500 participas al instante! 🏢😎

Ábrela Aquí: bbva.info/2kw78IE
#BBVA #BancoBBVA #CuentaGanadoraBBVA #Ahorrar #CuentaDeAhorros",4,0,0,0,719
2025-07-13 16:23:37,bbva_peru,Jun 2,"Tenemos una cuenta para acompañarte en cada manera de avanzar.

#BBVA #proyectos #avanzamos",2,0,3,0,853
2025-07-13 16:23:37,bbva_peru,May 28,Para hacer realidad tu próximo proyecto necesitas un banco que te acompañe con:,4,0,1,0,856
2025-07-13 16:23:37,bbva_peru,May 26,"¿Listo para hacer realidad cada uno de tus proyectos? En BBVA, nos renovamos para acompañarte en cada paso. 😎💪

#BBVA #proyectos #Avanzamos",0,0,2,0,863
2025-07-13 16:23:37,bbva_peru,May 23,Separar tu dinero para cubrir cada gasto del mes es posible con tu App BBVA y su función...,1,0,2,0,980
2025-07-13 16:23:37,bbva_peru,May 23,"¿App o Agencia? 😎 Decide con LIBERTAD desde dónde hacer tus TRANSFERENCIAS TOTALMENTE GRATIS con la Cuenta Independencia BBVA. 💵😉

Abre tu cuenta aquí: bbva.info/32eZMcG
#BBVA #BancoBBVA #CuentaIndependencia #TransferenciasSinComisiones #CercaníaYConfianza",1,0,1,0,855
2025-07-13 16:23:37,bbva_peru,May 22,"🏠🚗🎒✨ No hay proyecto grande o pequeño, lo importante es seguir avanzando. Hoy estrenamos imagen y renovamos nuestro compromiso de acompañarte en cada paso, brindándote las herramientas que impulsan tus decisiones. ¿Avanzamos?",0,0,1,0,843
2025-07-13 16:23:37,bbva_peru,May 20,"Todos tenemos un proyecto que queremos hacer realidad👀 ¿Cuál de estos te motiva más? ¡Mejor aún, escribe el tuyo en los comentarios!",0,0,1,0,647
2025-07-13 16:23:37,bbva_peru,May 19,☝️ Con la Cuenta Independencia BBVA puedo realizar todas mis operaciones por canales físicos TOTALMENTE GRATIS.,1,0,0,0,767
2025-07-13 16:23:37,bbva_peru,May 19,"¡Aún estás a tiempo! 📷📷 Abre o incrementa tu cuenta desde S/3,200 y GANA AL INSTANTE  tu set de cubiertos Tramontina. ¡No te quedes fuera! 📷
Abre tu cuenta aquí: bbva.info/3LWb53n
#BBVA #BancoBBVA #QDA #QuincenaDelAhorro #Ahorrar",2,0,0,0,717
2025-07-13 17:17:17,bbva_peru,Jul 9,¿Cómo te convendría pagar los pasajes de tu viaje por Fiestas Patrias?,0,0,0,0,355
2025-07-13 17:17:17,bbva_peru,Jun 25,"Mostremos nuestro orgullo todo el año. 🏳️‍🌈🏳️‍⚧️ En Be Yourself, ya impulsamos acciones internas para hacerlo posible, y seguiremos trabajando para que sea una realidad en todo el país. 💪😎

#BBVA #orgullo #pride",14,1,8,1,2.0K
2025-07-13 17:17:17,bbva_peru,Jun 24,"¿Avanzamos? Tus metas se hacen posible con la rentabilidad y seguridad que tiene la Cuenta Vip. Conoce más 👉 bbva.info/40jA8E9  😊

#BBVA #CuentaBBVA #VIP #metas",1,0,0,0,1.0K
2025-07-13 17:17:17,bbva_peru,Jun 18,"¿A qué zona irás en el concierto de Green Day?...
Por cierto, tus Tarjetas BBVA te dan beneficios para que puedas conseguir tus entradas. 😉🙌",3,0,0,0,1.0K
2025-07-13 17:17:17,bbva_peru,Jun 17,¿Qué cuenta sorteará en unas semanas 2 DEPAS DE ESTRENO solo por ahorrar?,1,0,0,0,915
2025-07-13 17:17:17,bbva_peru,Jun 16,"Cuenta Independencia BBVA
¿Sabes todos los BENEFICIOS de la Cuenta Independencia BBVA? 

Descúbrelos aquí: bbva.info/4dUWLo4

¿Listo para avanzar?",2,0,0,0,947
2025-07-13 17:17:17,bbva_peru,Jun 10,"Hay muchas formas de avanzar… y una de ellas es ganarte tu nuevo depa de estreno. 🏠💙 Abriendo tu Cuenta Ganadora, participas por 2 departamentos de estreno.

Conoce más aquí: bbva.info/45dZ3fT
#BBVA #CuentasBBVA #Avanzamos",0,0,0,0,799
2025-07-13 17:17:17,bbva_peru,Jun 10,Cuando hay que pagar los servicios existen dos tipos de personas. ¿Cuál eres tú?,0,0,0,0,755
2025-07-13 17:17:17,bbva_peru,Jun 10,"¡Un depa puede ser tuyo! 🙌 Abriendo tu Cuenta Ganadora BBVA desde S/1500, ya estás participando. Ver más información en bbva.pe/cuentas 😉

#CuentasBBVA #BBVA #Avanzamos",0,0,0,0,791
2025-07-13 17:17:17,bbva_peru,Jun 6,"¿Listo para verlos actuar por el Día del Padre? 😊 Si ese día tienes que ir al banco ya sabes que puedes elegir en qué horario hacerlo con Turno Digital desde tu App BBVA. 😎📱

Conoce más aquí: bbva.info/42vhRpz
#BBVA #BancoBBVA #TurnoDigital #Tiempo",0,0,0,0,750
2025-07-13 17:17:17,bbva_peru,Jun 4,"¿Listo para ganar uno de los 2 DEPAS DE ESTRENO que la Cuenta Ganadora BBVA tiene para ti? ¡Abriendo tu cuenta desde S/1,500 participas al instante! 🏢😎

Ábrela Aquí: bbva.info/2kw78IE
#BBVA #BancoBBVA #CuentaGanadoraBBVA #Ahorrar #CuentaDeAhorros",4,0,0,0,719
2025-07-13 17:17:17,bbva_peru,Jun 2,"Tenemos una cuenta para acompañarte en cada manera de avanzar.

#BBVA #proyectos #avanzamos",2,0,3,0,853
2025-07-13 17:17:17,bbva_peru,May 28,Para hacer realidad tu próximo proyecto necesitas un banco que te acompañe con:,4,0,1,0,856
2025-07-13 17:17:17,bbva_peru,May 26,"¿Listo para hacer realidad cada uno de tus proyectos? En BBVA, nos renovamos para acompañarte en cada paso. 😎💪

#BBVA #proyectos #Avanzamos",0,0,2,0,863
2025-07-13 17:17:17,bbva_peru,May 23,Separar tu dinero para cubrir cada gasto del mes es posible con tu App BBVA y su función...,1,0,2,0,980
2025-07-13 17:17:17,bbva_peru,May 23,"¿App o Agencia? 😎 Decide con LIBERTAD desde dónde hacer tus TRANSFERENCIAS TOTALMENTE GRATIS con la Cuenta Independencia BBVA. 💵😉

Abre tu cuenta aquí: bbva.info/32eZMcG
#BBVA #BancoBBVA #CuentaIndependencia #TransferenciasSinComisiones #CercaníaYConfianza",1,0,1,0,855
2025-07-13 17:17:17,bbva_peru,May 22,"🏠🚗🎒✨ No hay proyecto grande o pequeño, lo importante es seguir avanzando. Hoy estrenamos imagen y renovamos nuestro compromiso de acompañarte en cada paso, brindándote las herramientas que impulsan tus decisiones. ¿Avanzamos?",0,0,1,0,843
2025-07-13 17:17:17,bbva_peru,May 20,"Todos tenemos un proyecto que queremos hacer realidad👀 ¿Cuál de estos te motiva más? ¡Mejor aún, escribe el tuyo en los comentarios!",0,0,1,0,647
2025-07-13 17:17:17,bbva_peru,May 19,☝️ Con la Cuenta Independencia BBVA puedo realizar todas mis operaciones por canales físicos TOTALMENTE GRATIS.,1,0,0,0,767
2025-07-13 17:17:17,bbva_peru,May 19,"¡Aún estás a tiempo! 📷📷 Abre o incrementa tu cuenta desde S/3,200 y GANA AL INSTANTE  tu set de cubiertos Tramontina. ¡No te quedes fuera! 📷
Abre tu cuenta aquí: bbva.info/3LWb53n
#BBVA #BancoBBVA #QDA #QuincenaDelAhorro #Ahorrar",2,0,0,0,717
2025-07-13 18:27:03,bbva_peru,Jul 9,¿Cómo te convendría pagar los pasajes de tu viaje por Fiestas Patrias?,0,0,0,0,357
2025-07-13 18:27:03,bbva_peru,Jun 25,"Mostremos nuestro orgullo todo el año. 🏳️‍🌈🏳️‍⚧️ En Be Yourself, ya impulsamos acciones internas para hacerlo posible, y seguiremos trabajando para que sea una realidad en todo el país. 💪😎

#BBVA #orgullo #pride",14,1,8,1,2.0K
2025-07-13 18:27:03,bbva_peru,Jun 24,"¿Avanzamos? Tus metas se hacen posible con la rentabilidad y seguridad que tiene la Cuenta Vip. Conoce más 👉 bbva.info/40jA8E9  😊

#BBVA #CuentaBBVA #VIP #metas",1,0,0,0,1.0K
2025-07-13 18:27:03,bbva_peru,Jun 18,"¿A qué zona irás en el concierto de Green Day?...
Por cierto, tus Tarjetas BBVA te dan beneficios para que puedas conseguir tus entradas. 😉🙌",3,0,0,0,1.0K
2025-07-13 18:27:03,bbva_peru,Jun 17,¿Qué cuenta sorteará en unas semanas 2 DEPAS DE ESTRENO solo por ahorrar?,1,0,0,0,915
2025-07-13 18:27:03,bbva_peru,Jun 16,"Cuenta Independencia BBVA
¿Sabes todos los BENEFICIOS de la Cuenta Independencia BBVA? 

Descúbrelos aquí: bbva.info/4dUWLo4

¿Listo para avanzar?",2,0,0,0,947
2025-07-13 18:27:03,bbva_peru,Jun 10,"Hay muchas formas de avanzar… y una de ellas es ganarte tu nuevo depa de estreno. 🏠💙 Abriendo tu Cuenta Ganadora, participas por 2 departamentos de estreno.

Conoce más aquí: bbva.info/45dZ3fT
#BBVA #CuentasBBVA #Avanzamos",0,0,0,0,799
2025-07-13 18:27:03,bbva_peru,Jun 10,Cuando hay que pagar los servicios existen dos tipos de personas. ¿Cuál eres tú?,0,0,0,0,755
2025-07-13 18:27:03,bbva_peru,Jun 10,"¡Un depa puede ser tuyo! 🙌 Abriendo tu Cuenta Ganadora BBVA desde S/1500, ya estás participando. Ver más información en bbva.pe/cuentas 😉

#CuentasBBVA #BBVA #Avanzamos",0,0,0,0,791
2025-07-13 18:27:03,bbva_peru,Jun 6,"¿Listo para verlos actuar por el Día del Padre? 😊 Si ese día tienes que ir al banco ya sabes que puedes elegir en qué horario hacerlo con Turno Digital desde tu App BBVA. 😎📱

Conoce más aquí: bbva.info/42vhRpz
#BBVA #BancoBBVA #TurnoDigital #Tiempo",0,0,0,0,750
2025-07-13 18:27:03,bbva_peru,Jun 4,"¿Listo para ganar uno de los 2 DEPAS DE ESTRENO que la Cuenta Ganadora BBVA tiene para ti? ¡Abriendo tu cuenta desde S/1,500 participas al instante! 🏢😎

Ábrela Aquí: bbva.info/2kw78IE
#BBVA #BancoBBVA #CuentaGanadoraBBVA #Ahorrar #CuentaDeAhorros",4,0,0,0,719
2025-07-13 18:27:03,bbva_peru,Jun 2,"Tenemos una cuenta para acompañarte en cada manera de avanzar.

#BBVA #proyectos #avanzamos",2,0,3,0,853
2025-07-13 18:27:03,bbva_peru,May 28,Para hacer realidad tu próximo proyecto necesitas un banco que te acompañe con:,4,0,1,0,856
2025-07-13 18:27:03,bbva_peru,May 26,"¿Listo para hacer realidad cada uno de tus proyectos? En BBVA, nos renovamos para acompañarte en cada paso. 😎💪

#BBVA #proyectos #Avanzamos",0,0,2,0,864
2025-07-13 18:27:03,bbva_peru,May 23,Separar tu dinero para cubrir cada gasto del mes es posible con tu App BBVA y su función...,1,0,2,0,980
2025-07-13 18:27:03,bbva_peru,May 23,"¿App o Agencia? 😎 Decide con LIBERTAD desde dónde hacer tus TRANSFERENCIAS TOTALMENTE GRATIS con la Cuenta Independencia BBVA. 💵😉

Abre tu cuenta aquí: bbva.info/32eZMcG
#BBVA #BancoBBVA #CuentaIndependencia #TransferenciasSinComisiones #CercaníaYConfianza",1,0,1,0,855
2025-07-13 18:27:03,bbva_peru,May 22,"🏠🚗🎒✨ No hay proyecto grande o pequeño, lo importante es seguir avanzando. Hoy estrenamos imagen y renovamos nuestro compromiso de acompañarte en cada paso, brindándote las herramientas que impulsan tus decisiones. ¿Avanzamos?",0,0,1,0,843
2025-07-13 18:27:03,bbva_peru,May 20,"Todos tenemos un proyecto que queremos hacer realidad👀 ¿Cuál de estos te motiva más? ¡Mejor aún, escribe el tuyo en los comentarios!",0,0,1,0,647
2025-07-13 18:27:03,bbva_peru,May 19,☝️ Con la Cuenta Independencia BBVA puedo realizar todas mis operaciones por canales físicos TOTALMENTE GRATIS.,1,0,0,0,767
2025-07-13 18:27:03,bbva_peru,May 19,"¡Aún estás a tiempo! 📷📷 Abre o incrementa tu cuenta desde S/3,200 y GANA AL INSTANTE  tu set de cubiertos Tramontina. ¡No te quedes fuera! 📷
Abre tu cuenta aquí: bbva.info/3LWb53n
#BBVA #BancoBBVA #QDA #QuincenaDelAhorro #Ahorrar",2,0,0,0,717
2025-07-13 19:15:53,bbva_peru,Jul 9,¿Cómo te convendría pagar los pasajes de tu viaje por Fiestas Patrias?,0,0,0,0,357
2025-07-13 19:15:53,bbva_peru,Jun 25,"Mostremos nuestro orgullo todo el año. 🏳️‍🌈🏳️‍⚧️ En Be Yourself, ya impulsamos acciones internas para hacerlo posible, y seguiremos trabajando para que sea una realidad en todo el país. 💪😎

#BBVA #orgullo #pride",14,1,8,1,2.0K
2025-07-13 19:15:53,bbva_peru,Jun 24,"¿Avanzamos? Tus metas se hacen posible con la rentabilidad y seguridad que tiene la Cuenta Vip. Conoce más 👉 bbva.info/40jA8E9  😊

#BBVA #CuentaBBVA #VIP #metas",1,0,0,0,1.0K
2025-07-13 19:15:53,bbva_peru,Jun 18,"¿A qué zona irás en el concierto de Green Day?...
Por cierto, tus Tarjetas BBVA te dan beneficios para que puedas conseguir tus entradas. 😉🙌",3,0,0,0,1.0K
2025-07-13 19:15:53,bbva_peru,Jun 17,¿Qué cuenta sorteará en unas semanas 2 DEPAS DE ESTRENO solo por ahorrar?,1,0,0,0,915
2025-07-13 19:15:53,bbva_peru,Jun 16,"Cuenta Independencia BBVA
¿Sabes todos los BENEFICIOS de la Cuenta Independencia BBVA? 

Descúbrelos aquí: bbva.info/4dUWLo4

¿Listo para avanzar?",2,0,0,0,947
2025-07-13 19:15:53,bbva_peru,Jun 10,"Hay muchas formas de avanzar… y una de ellas es ganarte tu nuevo depa de estreno. 🏠💙 Abriendo tu Cuenta Ganadora, participas por 2 departamentos de estreno.

Conoce más aquí: bbva.info/45dZ3fT
#BBVA #CuentasBBVA #Avanzamos",0,0,0,0,799
2025-07-13 19:15:53,bbva_peru,Jun 10,Cuando hay que pagar los servicios existen dos tipos de personas. ¿Cuál eres tú?,0,0,0,0,755
2025-07-13 19:15:53,bbva_peru,Jun 10,"¡Un depa puede ser tuyo! 🙌 Abriendo tu Cuenta Ganadora BBVA desde S/1500, ya estás participando. Ver más información en bbva.pe/cuentas 😉

#CuentasBBVA #BBVA #Avanzamos",0,0,0,0,791
2025-07-13 19:15:53,bbva_peru,Jun 6,"¿Listo para verlos actuar por el Día del Padre? 😊 Si ese día tienes que ir al banco ya sabes que puedes elegir en qué horario hacerlo con Turno Digital desde tu App BBVA. 😎📱

Conoce más aquí: bbva.info/42vhRpz
#BBVA #BancoBBVA #TurnoDigital #Tiempo",0,0,0,0,750
2025-07-13 19:15:53,bbva_peru,Jun 4,"¿Listo para ganar uno de los 2 DEPAS DE ESTRENO que la Cuenta Ganadora BBVA tiene para ti? ¡Abriendo tu cuenta desde S/1,500 participas al instante! 🏢😎

Ábrela Aquí: bbva.info/2kw78IE
#BBVA #BancoBBVA #CuentaGanadoraBBVA #Ahorrar #CuentaDeAhorros",4,0,0,0,719
2025-07-13 19:15:53,bbva_peru,Jun 2,"Tenemos una cuenta para acompañarte en cada manera de avanzar.

#BBVA #proyectos #avanzamos",2,0,3,0,853
2025-07-13 19:15:53,bbva_peru,May 28,Para hacer realidad tu próximo proyecto necesitas un banco que te acompañe con:,4,0,1,0,856
2025-07-13 19:15:53,bbva_peru,May 26,"¿Listo para hacer realidad cada uno de tus proyectos? En BBVA, nos renovamos para acompañarte en cada paso. 😎💪

#BBVA #proyectos #Avanzamos",0,0,2,0,863
2025-07-13 19:15:53,bbva_peru,May 23,Separar tu dinero para cubrir cada gasto del mes es posible con tu App BBVA y su función...,1,0,2,0,980
2025-07-13 19:15:53,bbva_peru,May 23,"¿App o Agencia? 😎 Decide con LIBERTAD desde dónde hacer tus TRANSFERENCIAS TOTALMENTE GRATIS con la Cuenta Independencia BBVA. 💵😉

Abre tu cuenta aquí: bbva.info/32eZMcG
#BBVA #BancoBBVA #CuentaIndependencia #TransferenciasSinComisiones #CercaníaYConfianza",1,0,1,0,855
2025-07-13 19:15:53,bbva_peru,May 22,"🏠🚗🎒✨ No hay proyecto grande o pequeño, lo importante es seguir avanzando. Hoy estrenamos imagen y renovamos nuestro compromiso de acompañarte en cada paso, brindándote las herramientas que impulsan tus decisiones. ¿Avanzamos?",0,0,1,0,843
2025-07-13 19:15:53,bbva_peru,May 20,"Todos tenemos un proyecto que queremos hacer realidad👀 ¿Cuál de estos te motiva más? ¡Mejor aún, escribe el tuyo en los comentarios!",0,0,1,0,647
2025-07-13 19:15:53,bbva_peru,May 19,☝️ Con la Cuenta Independencia BBVA puedo realizar todas mis operaciones por canales físicos TOTALMENTE GRATIS.,1,0,0,0,767
2025-07-13 19:15:53,bbva_peru,May 19,"¡Aún estás a tiempo! 📷📷 Abre o incrementa tu cuenta desde S/3,200 y GANA AL INSTANTE  tu set de cubiertos Tramontina. ¡No te quedes fuera! 📷
Abre tu cuenta aquí: bbva.info/3LWb53n
#BBVA #BancoBBVA #QDA #QuincenaDelAhorro #Ahorrar",2,0,0,0,717
2025-07-13 20:20:49,bbva_peru,Jul 9,¿Cómo te convendría pagar los pasajes de tu viaje por Fiestas Patrias?,0,0,0,0,362
2025-07-13 20:20:49,bbva_peru,Jun 25,"Mostremos nuestro orgullo todo el año. 🏳️‍🌈🏳️‍⚧️ En Be Yourself, ya impulsamos acciones internas para hacerlo posible, y seguiremos trabajando para que sea una realidad en todo el país. 💪😎

#BBVA #orgullo #pride",14,1,8,1,2.0K
2025-07-13 20:20:49,bbva_peru,Jun 24,"¿Avanzamos? Tus metas se hacen posible con la rentabilidad y seguridad que tiene la Cuenta Vip. Conoce más 👉 bbva.info/40jA8E9  😊

#BBVA #CuentaBBVA #VIP #metas",1,0,0,0,1.0K
2025-07-13 20:20:49,bbva_peru,Jun 18,"¿A qué zona irás en el concierto de Green Day?...
Por cierto, tus Tarjetas BBVA te dan beneficios para que puedas conseguir tus entradas. 😉🙌",3,0,0,0,1.0K
2025-07-13 20:20:49,bbva_peru,Jun 17,¿Qué cuenta sorteará en unas semanas 2 DEPAS DE ESTRENO solo por ahorrar?,1,0,0,0,917
2025-07-13 20:20:49,bbva_peru,Jun 16,"Cuenta Independencia BBVA
¿Sabes todos los BENEFICIOS de la Cuenta Independencia BBVA? 

Descúbrelos aquí: bbva.info/4dUWLo4

¿Listo para avanzar?",2,0,0,0,948
2025-07-13 20:20:49,bbva_peru,Jun 10,"Hay muchas formas de avanzar… y una de ellas es ganarte tu nuevo depa de estreno. 🏠💙 Abriendo tu Cuenta Ganadora, participas por 2 departamentos de estreno.

Conoce más aquí: bbva.info/45dZ3fT
#BBVA #CuentasBBVA #Avanzamos",0,0,0,0,800
2025-07-13 20:20:49,bbva_peru,Jun 10,Cuando hay que pagar los servicios existen dos tipos de personas. ¿Cuál eres tú?,0,0,0,0,755
2025-07-13 20:20:49,bbva_peru,Jun 10,"¡Un depa puede ser tuyo! 🙌 Abriendo tu Cuenta Ganadora BBVA desde S/1500, ya estás participando. Ver más información en bbva.pe/cuentas 😉

#CuentasBBVA #BBVA #Avanzamos",0,0,0,0,792
2025-07-13 20:20:49,bbva_peru,Jun 6,"¿Listo para verlos actuar por el Día del Padre? 😊 Si ese día tienes que ir al banco ya sabes que puedes elegir en qué horario hacerlo con Turno Digital desde tu App BBVA. 😎📱

Conoce más aquí: bbva.info/42vhRpz
#BBVA #BancoBBVA #TurnoDigital #Tiempo",0,0,0,0,750
2025-07-13 20:20:49,bbva_peru,Jun 4,"¿Listo para ganar uno de los 2 DEPAS DE ESTRENO que la Cuenta Ganadora BBVA tiene para ti? ¡Abriendo tu cuenta desde S/1,500 participas al instante! 🏢😎

Ábrela Aquí: bbva.info/2kw78IE
#BBVA #BancoBBVA #CuentaGanadoraBBVA #Ahorrar #CuentaDeAhorros",4,0,0,0,719
2025-07-13 20:20:49,bbva_peru,Jun 2,"Tenemos una cuenta para acompañarte en cada manera de avanzar.

#BBVA #proyectos #avanzamos",2,0,3,0,853
2025-07-13 20:20:49,bbva_peru,May 28,Para hacer realidad tu próximo proyecto necesitas un banco que te acompañe con:,4,0,1,0,856
2025-07-13 20:20:49,bbva_peru,May 26,"¿Listo para hacer realidad cada uno de tus proyectos? En BBVA, nos renovamos para acompañarte en cada paso. 😎💪

#BBVA #proyectos #Avanzamos",0,0,2,0,863
2025-07-13 20:20:49,bbva_peru,May 23,Separar tu dinero para cubrir cada gasto del mes es posible con tu App BBVA y su función...,1,0,2,0,980
2025-07-13 20:20:49,bbva_peru,May 23,"¿App o Agencia? 😎 Decide con LIBERTAD desde dónde hacer tus TRANSFERENCIAS TOTALMENTE GRATIS con la Cuenta Independencia BBVA. 💵😉

Abre tu cuenta aquí: bbva.info/32eZMcG
#BBVA #BancoBBVA #CuentaIndependencia #TransferenciasSinComisiones #CercaníaYConfianza",1,0,1,0,855
2025-07-13 20:20:49,bbva_peru,May 22,"🏠🚗🎒✨ No hay proyecto grande o pequeño, lo importante es seguir avanzando. Hoy estrenamos imagen y renovamos nuestro compromiso de acompañarte en cada paso, brindándote las herramientas que impulsan tus decisiones. ¿Avanzamos?",0,0,1,0,843
2025-07-13 20:20:49,bbva_peru,May 20,"Todos tenemos un proyecto que queremos hacer realidad👀 ¿Cuál de estos te motiva más? ¡Mejor aún, escribe el tuyo en los comentarios!",0,0,1,0,647
2025-07-13 20:20:49,bbva_peru,May 19,☝️ Con la Cuenta Independencia BBVA puedo realizar todas mis operaciones por canales físicos TOTALMENTE GRATIS.,1,0,0,0,767
2025-07-13 20:20:49,bbva_peru,May 19,"¡Aún estás a tiempo! 📷📷 Abre o incrementa tu cuenta desde S/3,200 y GANA AL INSTANTE  tu set de cubiertos Tramontina. ¡No te quedes fuera! 📷
Abre tu cuenta aquí: bbva.info/3LWb53n
#BBVA #BancoBBVA #QDA #QuincenaDelAhorro #Ahorrar",2,0,0,0,717
2025-07-13 21:18:22,bbva_peru,Jul 9,¿Cómo te convendría pagar los pasajes de tu viaje por Fiestas Patrias?,0,0,0,0,364
2025-07-13 21:18:22,bbva_peru,Jun 25,"Mostremos nuestro orgullo todo el año. 🏳️‍🌈🏳️‍⚧️ En Be Yourself, ya impulsamos acciones internas para hacerlo posible, y seguiremos trabajando para que sea una realidad en todo el país. 💪😎

#BBVA #orgullo #pride",14,1,8,1,2.0K
2025-07-13 21:18:22,bbva_peru,Jun 24,"¿Avanzamos? Tus metas se hacen posible con la rentabilidad y seguridad que tiene la Cuenta Vip. Conoce más 👉 bbva.info/40jA8E9  😊

#BBVA #CuentaBBVA #VIP #metas",1,0,0,0,1.0K
2025-07-13 21:18:22,bbva_peru,Jun 18,"¿A qué zona irás en el concierto de Green Day?...
Por cierto, tus Tarjetas BBVA te dan beneficios para que puedas conseguir tus entradas. 😉🙌",3,0,0,0,1.0K
2025-07-13 21:18:22,bbva_peru,Jun 17,¿Qué cuenta sorteará en unas semanas 2 DEPAS DE ESTRENO solo por ahorrar?,1,0,0,0,918
2025-07-13 21:18:22,bbva_peru,Jun 16,"Cuenta Independencia BBVA
¿Sabes todos los BENEFICIOS de la Cuenta Independencia BBVA? 

Descúbrelos aquí: bbva.info/4dUWLo4

¿Listo para avanzar?",2,0,0,0,948
2025-07-13 21:18:22,bbva_peru,Jun 10,"Hay muchas formas de avanzar… y una de ellas es ganarte tu nuevo depa de estreno. 🏠💙 Abriendo tu Cuenta Ganadora, participas por 2 departamentos de estreno.

Conoce más aquí: bbva.info/45dZ3fT
#BBVA #CuentasBBVA #Avanzamos",0,0,0,0,800
2025-07-13 21:18:22,bbva_peru,Jun 10,Cuando hay que pagar los servicios existen dos tipos de personas. ¿Cuál eres tú?,0,0,0,0,755
2025-07-13 21:18:22,bbva_peru,Jun 10,"¡Un depa puede ser tuyo! 🙌 Abriendo tu Cuenta Ganadora BBVA desde S/1500, ya estás participando. Ver más información en bbva.pe/cuentas 😉

#CuentasBBVA #BBVA #Avanzamos",0,0,0,0,792
2025-07-13 21:18:22,bbva_peru,Jun 6,"¿Listo para verlos actuar por el Día del Padre? 😊 Si ese día tienes que ir al banco ya sabes que puedes elegir en qué horario hacerlo con Turno Digital desde tu App BBVA. 😎📱

Conoce más aquí: bbva.info/42vhRpz
#BBVA #BancoBBVA #TurnoDigital #Tiempo",0,0,0,0,750
2025-07-13 21:18:22,bbva_peru,Jun 4,"¿Listo para ganar uno de los 2 DEPAS DE ESTRENO que la Cuenta Ganadora BBVA tiene para ti? ¡Abriendo tu cuenta desde S/1,500 participas al instante! 🏢😎

Ábrela Aquí: bbva.info/2kw78IE
#BBVA #BancoBBVA #CuentaGanadoraBBVA #Ahorrar #CuentaDeAhorros",4,0,0,0,719
2025-07-13 21:18:22,bbva_peru,Jun 2,"Tenemos una cuenta para acompañarte en cada manera de avanzar.

#BBVA #proyectos #avanzamos",2,0,3,0,853
2025-07-13 21:18:22,bbva_peru,May 28,Para hacer realidad tu próximo proyecto necesitas un banco que te acompañe con:,4,0,1,0,856
2025-07-13 21:18:22,bbva_peru,May 26,"¿Listo para hacer realidad cada uno de tus proyectos? En BBVA, nos renovamos para acompañarte en cada paso. 😎💪

#BBVA #proyectos #Avanzamos",0,0,2,0,863
2025-07-13 21:18:22,bbva_peru,May 23,Separar tu dinero para cubrir cada gasto del mes es posible con tu App BBVA y su función...,1,0,2,0,980
2025-07-13 21:18:22,bbva_peru,May 23,"¿App o Agencia? 😎 Decide con LIBERTAD desde dónde hacer tus TRANSFERENCIAS TOTALMENTE GRATIS con la Cuenta Independencia BBVA. 💵😉

Abre tu cuenta aquí: bbva.info/32eZMcG
#BBVA #BancoBBVA #CuentaIndependencia #TransferenciasSinComisiones #CercaníaYConfianza",1,0,1,0,855
2025-07-13 21:18:22,bbva_peru,May 22,"🏠🚗🎒✨ No hay proyecto grande o pequeño, lo importante es seguir avanzando. Hoy estrenamos imagen y renovamos nuestro compromiso de acompañarte en cada paso, brindándote las herramientas que impulsan tus decisiones. ¿Avanzamos?",0,0,1,0,843
2025-07-13 21:18:22,bbva_peru,May 20,"Todos tenemos un proyecto que queremos hacer realidad👀 ¿Cuál de estos te motiva más? ¡Mejor aún, escribe el tuyo en los comentarios!",0,0,1,0,647
2025-07-13 21:18:22,bbva_peru,May 19,☝️ Con la Cuenta Independencia BBVA puedo realizar todas mis operaciones por canales físicos TOTALMENTE GRATIS.,1,0,0,0,767
2025-07-13 21:18:22,bbva_peru,May 19,"¡Aún estás a tiempo! 📷📷 Abre o incrementa tu cuenta desde S/3,200 y GANA AL INSTANTE  tu set de cubiertos Tramontina. ¡No te quedes fuera! 📷
Abre tu cuenta aquí: bbva.info/3LWb53n
#BBVA #BancoBBVA #QDA #QuincenaDelAhorro #Ahorrar",2,0,0,0,717
2025-07-13 22:18:55,bbva_peru,Jul 9,¿Cómo te convendría pagar los pasajes de tu viaje por Fiestas Patrias?,0,0,0,0,364
2025-07-13 22:18:55,bbva_peru,Jun 25,"Mostremos nuestro orgullo todo el año. 🏳️‍🌈🏳️‍⚧️ En Be Yourself, ya impulsamos acciones internas para hacerlo posible, y seguiremos trabajando para que sea una realidad en todo el país. 💪😎

#BBVA #orgullo #pride",14,1,8,1,2.0K
2025-07-13 22:18:55,bbva_peru,Jun 24,"¿Avanzamos? Tus metas se hacen posible con la rentabilidad y seguridad que tiene la Cuenta Vip. Conoce más 👉 bbva.info/40jA8E9  😊

#BBVA #CuentaBBVA #VIP #metas",1,0,0,0,1.0K
2025-07-13 22:18:55,bbva_peru,Jun 18,"¿A qué zona irás en el concierto de Green Day?...
Por cierto, tus Tarjetas BBVA te dan beneficios para que puedas conseguir tus entradas. 😉🙌",3,0,0,0,1.0K
2025-07-13 22:18:55,bbva_peru,Jun 17,¿Qué cuenta sorteará en unas semanas 2 DEPAS DE ESTRENO solo por ahorrar?,1,0,0,0,918
2025-07-13 22:18:55,bbva_peru,Jun 16,"Cuenta Independencia BBVA
¿Sabes todos los BENEFICIOS de la Cuenta Independencia BBVA? 

Descúbrelos aquí: bbva.info/4dUWLo4

¿Listo para avanzar?",2,0,0,0,948
2025-07-13 22:18:55,bbva_peru,Jun 10,"Hay muchas formas de avanzar… y una de ellas es ganarte tu nuevo depa de estreno. 🏠💙 Abriendo tu Cuenta Ganadora, participas por 2 departamentos de estreno.

Conoce más aquí: bbva.info/45dZ3fT
#BBVA #CuentasBBVA #Avanzamos",0,0,0,0,800
2025-07-13 22:18:55,bbva_peru,Jun 10,Cuando hay que pagar los servicios existen dos tipos de personas. ¿Cuál eres tú?,0,0,0,0,755
2025-07-13 22:18:55,bbva_peru,Jun 10,"¡Un depa puede ser tuyo! 🙌 Abriendo tu Cuenta Ganadora BBVA desde S/1500, ya estás participando. Ver más información en bbva.pe/cuentas 😉

#CuentasBBVA #BBVA #Avanzamos",0,0,0,0,792
2025-07-13 22:18:55,bbva_peru,Jun 6,"¿Listo para verlos actuar por el Día del Padre? 😊 Si ese día tienes que ir al banco ya sabes que puedes elegir en qué horario hacerlo con Turno Digital desde tu App BBVA. 😎📱

Conoce más aquí: bbva.info/42vhRpz
#BBVA #BancoBBVA #TurnoDigital #Tiempo",0,0,0,0,750
2025-07-13 22:18:55,bbva_peru,Jun 4,"¿Listo para ganar uno de los 2 DEPAS DE ESTRENO que la Cuenta Ganadora BBVA tiene para ti? ¡Abriendo tu cuenta desde S/1,500 participas al instante! 🏢😎

Ábrela Aquí: bbva.info/2kw78IE
#BBVA #BancoBBVA #CuentaGanadoraBBVA #Ahorrar #CuentaDeAhorros",4,0,0,0,719
2025-07-13 22:18:55,bbva_peru,Jun 2,"Tenemos una cuenta para acompañarte en cada manera de avanzar.

#BBVA #proyectos #avanzamos",2,0,3,0,853
2025-07-13 22:18:55,bbva_peru,May 28,Para hacer realidad tu próximo proyecto necesitas un banco que te acompañe con:,4,0,1,0,856
2025-07-13 22:18:55,bbva_peru,May 26,"¿Listo para hacer realidad cada uno de tus proyectos? En BBVA, nos renovamos para acompañarte en cada paso. 😎💪

#BBVA #proyectos #Avanzamos",0,0,2,0,863
2025-07-13 22:18:55,bbva_peru,May 23,Separar tu dinero para cubrir cada gasto del mes es posible con tu App BBVA y su función...,1,0,2,0,980
2025-07-13 22:18:55,bbva_peru,May 23,"¿App o Agencia? 😎 Decide con LIBERTAD desde dónde hacer tus TRANSFERENCIAS TOTALMENTE GRATIS con la Cuenta Independencia BBVA. 💵😉

Abre tu cuenta aquí: bbva.info/32eZMcG
#BBVA #BancoBBVA #CuentaIndependencia #TransferenciasSinComisiones #CercaníaYConfianza",1,0,1,0,855
2025-07-13 22:18:55,bbva_peru,May 22,"🏠🚗🎒✨ No hay proyecto grande o pequeño, lo importante es seguir avanzando. Hoy estrenamos imagen y renovamos nuestro compromiso de acompañarte en cada paso, brindándote las herramientas que impulsan tus decisiones. ¿Avanzamos?",0,0,1,0,843
2025-07-13 22:18:55,bbva_peru,May 20,"Todos tenemos un proyecto que queremos hacer realidad👀 ¿Cuál de estos te motiva más? ¡Mejor aún, escribe el tuyo en los comentarios!",0,0,1,0,647
2025-07-13 22:18:55,bbva_peru,May 19,☝️ Con la Cuenta Independencia BBVA puedo realizar todas mis operaciones por canales físicos TOTALMENTE GRATIS.,1,0,0,0,767
2025-07-13 22:18:55,bbva_peru,May 19,"¡Aún estás a tiempo! 📷📷 Abre o incrementa tu cuenta desde S/3,200 y GANA AL INSTANTE  tu set de cubiertos Tramontina. ¡No te quedes fuera! 📷
Abre tu cuenta aquí: bbva.info/3LWb53n
#BBVA #BancoBBVA #QDA #QuincenaDelAhorro #Ahorrar",2,0,0,0,717
2025-07-13 23:20:38,bbva_peru,Jul 9,¿Cómo te convendría pagar los pasajes de tu viaje por Fiestas Patrias?,0,0,0,0,368
2025-07-13 23:20:38,bbva_peru,Jun 25,"Mostremos nuestro orgullo todo el año. 🏳️‍🌈🏳️‍⚧️ En Be Yourself, ya impulsamos acciones internas para hacerlo posible, y seguiremos trabajando para que sea una realidad en todo el país. 💪😎

#BBVA #orgullo #pride",14,1,8,1,2.0K
2025-07-13 23:20:38,bbva_peru,Jun 24,"¿Avanzamos? Tus metas se hacen posible con la rentabilidad y seguridad que tiene la Cuenta Vip. Conoce más 👉 bbva.info/40jA8E9  😊

#BBVA #CuentaBBVA #VIP #metas",1,0,0,0,1.0K
2025-07-13 23:20:38,bbva_peru,Jun 18,"¿A qué zona irás en el concierto de Green Day?...
Por cierto, tus Tarjetas BBVA te dan beneficios para que puedas conseguir tus entradas. 😉🙌",3,0,0,0,1.0K
2025-07-13 23:20:38,bbva_peru,Jun 17,¿Qué cuenta sorteará en unas semanas 2 DEPAS DE ESTRENO solo por ahorrar?,1,0,0,0,918
2025-07-13 23:20:38,bbva_peru,Jun 16,"Cuenta Independencia BBVA
¿Sabes todos los BENEFICIOS de la Cuenta Independencia BBVA? 

Descúbrelos aquí: bbva.info/4dUWLo4

¿Listo para avanzar?",2,0,0,0,948
2025-07-13 23:20:38,bbva_peru,Jun 10,"Hay muchas formas de avanzar… y una de ellas es ganarte tu nuevo depa de estreno. 🏠💙 Abriendo tu Cuenta Ganadora, participas por 2 departamentos de estreno.

Conoce más aquí: bbva.info/45dZ3fT
#BBVA #CuentasBBVA #Avanzamos",0,0,0,0,800
2025-07-13 23:20:38,bbva_peru,Jun 10,Cuando hay que pagar los servicios existen dos tipos de personas. ¿Cuál eres tú?,0,0,0,0,755
2025-07-13 23:20:38,bbva_peru,Jun 10,"¡Un depa puede ser tuyo! 🙌 Abriendo tu Cuenta Ganadora BBVA desde S/1500, ya estás participando. Ver más información en bbva.pe/cuentas 😉

#CuentasBBVA #BBVA #Avanzamos",0,0,0,0,792
2025-07-13 23:20:38,bbva_peru,Jun 6,"¿Listo para verlos actuar por el Día del Padre? 😊 Si ese día tienes que ir al banco ya sabes que puedes elegir en qué horario hacerlo con Turno Digital desde tu App BBVA. 😎📱

Conoce más aquí: bbva.info/42vhRpz
#BBVA #BancoBBVA #TurnoDigital #Tiempo",0,0,0,0,750
2025-07-13 23:20:38,bbva_peru,Jun 4,"¿Listo para ganar uno de los 2 DEPAS DE ESTRENO que la Cuenta Ganadora BBVA tiene para ti? ¡Abriendo tu cuenta desde S/1,500 participas al instante! 🏢😎

Ábrela Aquí: bbva.info/2kw78IE
#BBVA #BancoBBVA #CuentaGanadoraBBVA #Ahorrar #CuentaDeAhorros",4,0,0,0,719
2025-07-13 23:20:38,bbva_peru,Jun 2,"Tenemos una cuenta para acompañarte en cada manera de avanzar.

#BBVA #proyectos #avanzamos",2,0,3,0,853
2025-07-13 23:20:38,bbva_peru,May 28,Para hacer realidad tu próximo proyecto necesitas un banco que te acompañe con:,4,0,1,0,856
2025-07-13 23:20:38,bbva_peru,May 26,"¿Listo para hacer realidad cada uno de tus proyectos? En BBVA, nos renovamos para acompañarte en cada paso. 😎💪

#BBVA #proyectos #Avanzamos",0,0,2,0,863
2025-07-13 23:20:38,bbva_peru,May 23,Separar tu dinero para cubrir cada gasto del mes es posible con tu App BBVA y su función...,1,0,2,0,980
2025-07-13 23:20:38,bbva_peru,May 23,"¿App o Agencia? 😎 Decide con LIBERTAD desde dónde hacer tus TRANSFERENCIAS TOTALMENTE GRATIS con la Cuenta Independencia BBVA. 💵😉

Abre tu cuenta aquí: bbva.info/32eZMcG
#BBVA #BancoBBVA #CuentaIndependencia #TransferenciasSinComisiones #CercaníaYConfianza",1,0,1,0,855
2025-07-13 23:20:38,bbva_peru,May 22,"🏠🚗🎒✨ No hay proyecto grande o pequeño, lo importante es seguir avanzando. Hoy estrenamos imagen y renovamos nuestro compromiso de acompañarte en cada paso, brindándote las herramientas que impulsan tus decisiones. ¿Avanzamos?",0,0,1,0,843
2025-07-13 23:20:38,bbva_peru,May 20,"Todos tenemos un proyecto que queremos hacer realidad👀 ¿Cuál de estos te motiva más? ¡Mejor aún, escribe el tuyo en los comentarios!",0,0,1,0,647
2025-07-13 23:20:38,bbva_peru,May 19,☝️ Con la Cuenta Independencia BBVA puedo realizar todas mis operaciones por canales físicos TOTALMENTE GRATIS.,1,0,0,0,767
2025-07-13 23:20:38,bbva_peru,May 19,"¡Aún estás a tiempo! 📷📷 Abre o incrementa tu cuenta desde S/3,200 y GANA AL INSTANTE  tu set de cubiertos Tramontina. ¡No te quedes fuera! 📷
Abre tu cuenta aquí: bbva.info/3LWb53n
#BBVA #BancoBBVA #QDA #QuincenaDelAhorro #Ahorrar",2,0,0,0,717
2025-07-14 01:48:55,bbva_peru,Jul 9,¿Cómo te convendría pagar los pasajes de tu viaje por Fiestas Patrias?,0,0,0,0,372
2025-07-14 01:48:55,bbva_peru,Jun 25,"Mostremos nuestro orgullo todo el año. 🏳️‍🌈🏳️‍⚧️ En Be Yourself, ya impulsamos acciones internas para hacerlo posible, y seguiremos trabajando para que sea una realidad en todo el país. 💪😎

#BBVA #orgullo #pride",14,1,8,1,2.0K
2025-07-14 01:48:55,bbva_peru,Jun 24,"¿Avanzamos? Tus metas se hacen posible con la rentabilidad y seguridad que tiene la Cuenta Vip. Conoce más 👉 bbva.info/40jA8E9  😊

#BBVA #CuentaBBVA #VIP #metas",1,0,0,0,1.0K
2025-07-14 01:48:55,bbva_peru,Jun 18,"¿A qué zona irás en el concierto de Green Day?...
Por cierto, tus Tarjetas BBVA te dan beneficios para que puedas conseguir tus entradas. 😉🙌",3,0,0,0,1.0K
2025-07-14 01:48:55,bbva_peru,Jun 17,¿Qué cuenta sorteará en unas semanas 2 DEPAS DE ESTRENO solo por ahorrar?,1,0,0,0,919
2025-07-14 01:48:55,bbva_peru,Jun 16,"Cuenta Independencia BBVA
¿Sabes todos los BENEFICIOS de la Cuenta Independencia BBVA? 

Descúbrelos aquí: bbva.info/4dUWLo4

¿Listo para avanzar?",2,0,0,0,949
2025-07-14 01:48:55,bbva_peru,Jun 10,"Hay muchas formas de avanzar… y una de ellas es ganarte tu nuevo depa de estreno. 🏠💙 Abriendo tu Cuenta Ganadora, participas por 2 departamentos de estreno.

Conoce más aquí: bbva.info/45dZ3fT
#BBVA #CuentasBBVA #Avanzamos",0,0,0,0,800
2025-07-14 01:48:55,bbva_peru,Jun 10,Cuando hay que pagar los servicios existen dos tipos de personas. ¿Cuál eres tú?,0,0,0,0,755
2025-07-14 01:48:55,bbva_peru,Jun 10,"¡Un depa puede ser tuyo! 🙌 Abriendo tu Cuenta Ganadora BBVA desde S/1500, ya estás participando. Ver más información en bbva.pe/cuentas 😉

#CuentasBBVA #BBVA #Avanzamos",0,0,0,0,792
2025-07-14 01:48:55,bbva_peru,Jun 6,"¿Listo para verlos actuar por el Día del Padre? 😊 Si ese día tienes que ir al banco ya sabes que puedes elegir en qué horario hacerlo con Turno Digital desde tu App BBVA. 😎📱

Conoce más aquí: bbva.info/42vhRpz
#BBVA #BancoBBVA #TurnoDigital #Tiempo",0,0,0,0,750
2025-07-14 01:48:55,bbva_peru,Jun 4,"¿Listo para ganar uno de los 2 DEPAS DE ESTRENO que la Cuenta Ganadora BBVA tiene para ti? ¡Abriendo tu cuenta desde S/1,500 participas al instante! 🏢😎

Ábrela Aquí: bbva.info/2kw78IE
#BBVA #BancoBBVA #CuentaGanadoraBBVA #Ahorrar #CuentaDeAhorros",4,0,0,0,719
2025-07-14 01:48:55,bbva_peru,Jun 2,"Tenemos una cuenta para acompañarte en cada manera de avanzar.

#BBVA #proyectos #avanzamos",2,0,3,0,853
2025-07-14 01:48:55,bbva_peru,May 28,Para hacer realidad tu próximo proyecto necesitas un banco que te acompañe con:,4,0,1,0,856
2025-07-14 01:48:55,bbva_peru,May 26,"¿Listo para hacer realidad cada uno de tus proyectos? En BBVA, nos renovamos para acompañarte en cada paso. 😎💪

#BBVA #proyectos #Avanzamos",0,0,2,0,863
2025-07-14 01:48:55,bbva_peru,May 23,Separar tu dinero para cubrir cada gasto del mes es posible con tu App BBVA y su función...,1,0,2,0,980
2025-07-14 01:48:55,bbva_peru,May 23,"¿App o Agencia? 😎 Decide con LIBERTAD desde dónde hacer tus TRANSFERENCIAS TOTALMENTE GRATIS con la Cuenta Independencia BBVA. 💵😉

Abre tu cuenta aquí: bbva.info/32eZMcG
#BBVA #BancoBBVA #CuentaIndependencia #TransferenciasSinComisiones #CercaníaYConfianza",1,0,1,0,855
2025-07-14 01:48:55,bbva_peru,May 22,"🏠🚗🎒✨ No hay proyecto grande o pequeño, lo importante es seguir avanzando. Hoy estrenamos imagen y renovamos nuestro compromiso de acompañarte en cada paso, brindándote las herramientas que impulsan tus decisiones. ¿Avanzamos?",0,0,1,0,843
2025-07-14 01:48:55,bbva_peru,May 20,"Todos tenemos un proyecto que queremos hacer realidad👀 ¿Cuál de estos te motiva más? ¡Mejor aún, escribe el tuyo en los comentarios!",0,0,1,0,647
2025-07-14 01:48:55,bbva_peru,May 19,☝️ Con la Cuenta Independencia BBVA puedo realizar todas mis operaciones por canales físicos TOTALMENTE GRATIS.,1,0,0,0,767
2025-07-14 01:48:55,bbva_peru,May 19,"¡Aún estás a tiempo! 📷📷 Abre o incrementa tu cuenta desde S/3,200 y GANA AL INSTANTE  tu set de cubiertos Tramontina. ¡No te quedes fuera! 📷
Abre tu cuenta aquí: bbva.info/3LWb53n
#BBVA #BancoBBVA #QDA #QuincenaDelAhorro #Ahorrar",2,0,0,0,717
2025-07-14 03:41:32,bbva_peru,Jul 9,¿Cómo te convendría pagar los pasajes de tu viaje por Fiestas Patrias?,0,0,0,0,374
2025-07-14 03:41:32,bbva_peru,Jun 25,"Mostremos nuestro orgullo todo el año. 🏳️‍🌈🏳️‍⚧️ En Be Yourself, ya impulsamos acciones internas para hacerlo posible, y seguiremos trabajando para que sea una realidad en todo el país. 💪😎

#BBVA #orgullo #pride",14,1,8,1,2.0K
2025-07-14 03:41:32,bbva_peru,Jun 24,"¿Avanzamos? Tus metas se hacen posible con la rentabilidad y seguridad que tiene la Cuenta Vip. Conoce más 👉 bbva.info/40jA8E9  😊

#BBVA #CuentaBBVA #VIP #metas",1,0,0,0,1.0K
2025-07-14 03:41:32,bbva_peru,Jun 18,"¿A qué zona irás en el concierto de Green Day?...
Por cierto, tus Tarjetas BBVA te dan beneficios para que puedas conseguir tus entradas. 😉🙌",3,0,0,0,1.0K
2025-07-14 03:41:32,bbva_peru,Jun 17,¿Qué cuenta sorteará en unas semanas 2 DEPAS DE ESTRENO solo por ahorrar?,1,0,0,0,920
2025-07-14 03:41:32,bbva_peru,Jun 16,"Cuenta Independencia BBVA
¿Sabes todos los BENEFICIOS de la Cuenta Independencia BBVA? 

Descúbrelos aquí: bbva.info/4dUWLo4

¿Listo para avanzar?",2,0,0,0,951
2025-07-14 03:41:32,bbva_peru,Jun 10,"Hay muchas formas de avanzar… y una de ellas es ganarte tu nuevo depa de estreno. 🏠💙 Abriendo tu Cuenta Ganadora, participas por 2 departamentos de estreno.

Conoce más aquí: bbva.info/45dZ3fT
#BBVA #CuentasBBVA #Avanzamos",0,0,0,0,801
2025-07-14 03:41:32,bbva_peru,Jun 10,Cuando hay que pagar los servicios existen dos tipos de personas. ¿Cuál eres tú?,0,0,0,0,756
2025-07-14 03:41:32,bbva_peru,Jun 10,"¡Un depa puede ser tuyo! 🙌 Abriendo tu Cuenta Ganadora BBVA desde S/1500, ya estás participando. Ver más información en bbva.pe/cuentas 😉

#CuentasBBVA #BBVA #Avanzamos",0,0,0,0,793
2025-07-14 03:41:32,bbva_peru,Jun 6,"¿Listo para verlos actuar por el Día del Padre? 😊 Si ese día tienes que ir al banco ya sabes que puedes elegir en qué horario hacerlo con Turno Digital desde tu App BBVA. 😎📱

Conoce más aquí: bbva.info/42vhRpz
#BBVA #BancoBBVA #TurnoDigital #Tiempo",0,0,0,0,751
2025-07-14 03:41:32,bbva_peru,Jun 4,"¿Listo para ganar uno de los 2 DEPAS DE ESTRENO que la Cuenta Ganadora BBVA tiene para ti? ¡Abriendo tu cuenta desde S/1,500 participas al instante! 🏢😎

Ábrela Aquí: bbva.info/2kw78IE
#BBVA #BancoBBVA #CuentaGanadoraBBVA #Ahorrar #CuentaDeAhorros",4,0,0,0,720
2025-07-14 03:41:32,bbva_peru,Jun 2,"Tenemos una cuenta para acompañarte en cada manera de avanzar.

#BBVA #proyectos #avanzamos",2,0,3,0,854
2025-07-14 03:41:32,bbva_peru,May 28,Para hacer realidad tu próximo proyecto necesitas un banco que te acompañe con:,4,0,1,0,857
2025-07-14 03:41:32,bbva_peru,May 26,"¿Listo para hacer realidad cada uno de tus proyectos? En BBVA, nos renovamos para acompañarte en cada paso. 😎💪

#BBVA #proyectos #Avanzamos",0,0,2,0,864
2025-07-14 03:41:32,bbva_peru,May 23,Separar tu dinero para cubrir cada gasto del mes es posible con tu App BBVA y su función...,1,0,2,0,981
2025-07-14 03:41:32,bbva_peru,May 23,"¿App o Agencia? 😎 Decide con LIBERTAD desde dónde hacer tus TRANSFERENCIAS TOTALMENTE GRATIS con la Cuenta Independencia BBVA. 💵😉

Abre tu cuenta aquí: bbva.info/32eZMcG
#BBVA #BancoBBVA #CuentaIndependencia #TransferenciasSinComisiones #CercaníaYConfianza",1,0,1,0,856
2025-07-14 03:41:32,bbva_peru,May 22,"🏠🚗🎒✨ No hay proyecto grande o pequeño, lo importante es seguir avanzando. Hoy estrenamos imagen y renovamos nuestro compromiso de acompañarte en cada paso, brindándote las herramientas que impulsan tus decisiones. ¿Avanzamos?",0,0,1,0,845
2025-07-14 03:41:32,bbva_peru,May 20,"Todos tenemos un proyecto que queremos hacer realidad👀 ¿Cuál de estos te motiva más? ¡Mejor aún, escribe el tuyo en los comentarios!",0,0,1,0,648
2025-07-14 03:41:32,bbva_peru,May 19,☝️ Con la Cuenta Independencia BBVA puedo realizar todas mis operaciones por canales físicos TOTALMENTE GRATIS.,1,0,0,0,767
2025-07-14 03:41:32,bbva_peru,May 19,"¡Aún estás a tiempo! 📷📷 Abre o incrementa tu cuenta desde S/3,200 y GANA AL INSTANTE  tu set de cubiertos Tramontina. ¡No te quedes fuera! 📷
Abre tu cuenta aquí: bbva.info/3LWb53n
#BBVA #BancoBBVA #QDA #QuincenaDelAhorro #Ahorrar",2,0,0,0,717
2025-07-14 04:41:44,bbva_peru,Jul 9,¿Cómo te convendría pagar los pasajes de tu viaje por Fiestas Patrias?,0,0,0,0,374
2025-07-14 04:41:44,bbva_peru,Jun 25,"Mostremos nuestro orgullo todo el año. 🏳️‍🌈🏳️‍⚧️ En Be Yourself, ya impulsamos acciones internas para hacerlo posible, y seguiremos trabajando para que sea una realidad en todo el país. 💪😎

#BBVA #orgullo #pride",14,1,8,1,2.0K
2025-07-14 04:41:44,bbva_peru,Jun 24,"¿Avanzamos? Tus metas se hacen posible con la rentabilidad y seguridad que tiene la Cuenta Vip. Conoce más 👉 bbva.info/40jA8E9  😊

#BBVA #CuentaBBVA #VIP #metas",1,0,0,0,1.0K
2025-07-14 04:41:44,bbva_peru,Jun 18,"¿A qué zona irás en el concierto de Green Day?...
Por cierto, tus Tarjetas BBVA te dan beneficios para que puedas conseguir tus entradas. 😉🙌",3,0,0,0,1.0K
2025-07-14 04:41:44,bbva_peru,Jun 17,¿Qué cuenta sorteará en unas semanas 2 DEPAS DE ESTRENO solo por ahorrar?,1,0,0,0,920
2025-07-14 04:41:44,bbva_peru,Jun 16,"Cuenta Independencia BBVA
¿Sabes todos los BENEFICIOS de la Cuenta Independencia BBVA? 

Descúbrelos aquí: bbva.info/4dUWLo4

¿Listo para avanzar?",2,0,0,0,951
2025-07-14 04:41:44,bbva_peru,Jun 10,"Hay muchas formas de avanzar… y una de ellas es ganarte tu nuevo depa de estreno. 🏠💙 Abriendo tu Cuenta Ganadora, participas por 2 departamentos de estreno.

Conoce más aquí: bbva.info/45dZ3fT
#BBVA #CuentasBBVA #Avanzamos",0,0,0,0,801
2025-07-14 04:41:44,bbva_peru,Jun 10,Cuando hay que pagar los servicios existen dos tipos de personas. ¿Cuál eres tú?,0,0,0,0,756
2025-07-14 04:41:44,bbva_peru,Jun 10,"¡Un depa puede ser tuyo! 🙌 Abriendo tu Cuenta Ganadora BBVA desde S/1500, ya estás participando. Ver más información en bbva.pe/cuentas 😉

#CuentasBBVA #BBVA #Avanzamos",0,0,0,0,793
2025-07-14 04:41:44,bbva_peru,Jun 6,"¿Listo para verlos actuar por el Día del Padre? 😊 Si ese día tienes que ir al banco ya sabes que puedes elegir en qué horario hacerlo con Turno Digital desde tu App BBVA. 😎📱

Conoce más aquí: bbva.info/42vhRpz
#BBVA #BancoBBVA #TurnoDigital #Tiempo",0,0,0,0,751
2025-07-14 04:41:44,bbva_peru,Jun 4,"¿Listo para ganar uno de los 2 DEPAS DE ESTRENO que la Cuenta Ganadora BBVA tiene para ti? ¡Abriendo tu cuenta desde S/1,500 participas al instante! 🏢😎

Ábrela Aquí: bbva.info/2kw78IE
#BBVA #BancoBBVA #CuentaGanadoraBBVA #Ahorrar #CuentaDeAhorros",4,0,0,0,720
2025-07-14 04:41:44,bbva_peru,Jun 2,"Tenemos una cuenta para acompañarte en cada manera de avanzar.

#BBVA #proyectos #avanzamos",2,0,3,0,854
2025-07-14 04:41:44,bbva_peru,May 28,Para hacer realidad tu próximo proyecto necesitas un banco que te acompañe con:,4,0,1,0,857
2025-07-14 04:41:44,bbva_peru,May 26,"¿Listo para hacer realidad cada uno de tus proyectos? En BBVA, nos renovamos para acompañarte en cada paso. 😎💪

#BBVA #proyectos #Avanzamos",0,0,2,0,864
2025-07-14 04:41:44,bbva_peru,May 23,Separar tu dinero para cubrir cada gasto del mes es posible con tu App BBVA y su función...,1,0,2,0,981
2025-07-14 04:41:44,bbva_peru,May 23,"¿App o Agencia? 😎 Decide con LIBERTAD desde dónde hacer tus TRANSFERENCIAS TOTALMENTE GRATIS con la Cuenta Independencia BBVA. 💵😉

Abre tu cuenta aquí: bbva.info/32eZMcG
#BBVA #BancoBBVA #CuentaIndependencia #TransferenciasSinComisiones #CercaníaYConfianza",1,0,1,0,856
2025-07-14 04:41:44,bbva_peru,May 22,"🏠🚗🎒✨ No hay proyecto grande o pequeño, lo importante es seguir avanzando. Hoy estrenamos imagen y renovamos nuestro compromiso de acompañarte en cada paso, brindándote las herramientas que impulsan tus decisiones. ¿Avanzamos?",0,0,1,0,845
2025-07-14 04:41:44,bbva_peru,May 20,"Todos tenemos un proyecto que queremos hacer realidad👀 ¿Cuál de estos te motiva más? ¡Mejor aún, escribe el tuyo en los comentarios!",0,0,1,0,648
2025-07-14 04:41:44,bbva_peru,May 19,☝️ Con la Cuenta Independencia BBVA puedo realizar todas mis operaciones por canales físicos TOTALMENTE GRATIS.,1,0,0,0,767
2025-07-14 04:41:44,bbva_peru,May 19,"¡Aún estás a tiempo! 📷📷 Abre o incrementa tu cuenta desde S/3,200 y GANA AL INSTANTE  tu set de cubiertos Tramontina. ¡No te quedes fuera! 📷
Abre tu cuenta aquí: bbva.info/3LWb53n
#BBVA #BancoBBVA #QDA #QuincenaDelAhorro #Ahorrar",2,0,0,0,717
2025-07-14 05:25:30,bbva_peru,Jul 9,¿Cómo te convendría pagar los pasajes de tu viaje por Fiestas Patrias?,0,0,0,0,374
2025-07-14 05:25:30,bbva_peru,Jun 25,"Mostremos nuestro orgullo todo el año. 🏳️‍🌈🏳️‍⚧️ En Be Yourself, ya impulsamos acciones internas para hacerlo posible, y seguiremos trabajando para que sea una realidad en todo el país. 💪😎

#BBVA #orgullo #pride",14,1,8,1,2.0K
2025-07-14 05:25:30,bbva_peru,Jun 24,"¿Avanzamos? Tus metas se hacen posible con la rentabilidad y seguridad que tiene la Cuenta Vip. Conoce más 👉 bbva.info/40jA8E9  😊

#BBVA #CuentaBBVA #VIP #metas",1,0,0,0,1.0K
2025-07-14 05:25:30,bbva_peru,Jun 18,"¿A qué zona irás en el concierto de Green Day?...
Por cierto, tus Tarjetas BBVA te dan beneficios para que puedas conseguir tus entradas. 😉🙌",3,0,0,0,1.0K
2025-07-14 05:25:30,bbva_peru,Jun 17,¿Qué cuenta sorteará en unas semanas 2 DEPAS DE ESTRENO solo por ahorrar?,1,0,0,0,920
2025-07-14 05:25:30,bbva_peru,Jun 16,"Cuenta Independencia BBVA
¿Sabes todos los BENEFICIOS de la Cuenta Independencia BBVA? 

Descúbrelos aquí: bbva.info/4dUWLo4

¿Listo para avanzar?",2,0,0,0,951
2025-07-14 05:25:30,bbva_peru,Jun 10,"Hay muchas formas de avanzar… y una de ellas es ganarte tu nuevo depa de estreno. 🏠💙 Abriendo tu Cuenta Ganadora, participas por 2 departamentos de estreno.

Conoce más aquí: bbva.info/45dZ3fT
#BBVA #CuentasBBVA #Avanzamos",0,0,0,0,801
2025-07-14 05:25:30,bbva_peru,Jun 10,Cuando hay que pagar los servicios existen dos tipos de personas. ¿Cuál eres tú?,0,0,0,0,756
2025-07-14 05:25:30,bbva_peru,Jun 10,"¡Un depa puede ser tuyo! 🙌 Abriendo tu Cuenta Ganadora BBVA desde S/1500, ya estás participando. Ver más información en bbva.pe/cuentas 😉

#CuentasBBVA #BBVA #Avanzamos",0,0,0,0,793
2025-07-14 05:25:30,bbva_peru,Jun 6,"¿Listo para verlos actuar por el Día del Padre? 😊 Si ese día tienes que ir al banco ya sabes que puedes elegir en qué horario hacerlo con Turno Digital desde tu App BBVA. 😎📱

Conoce más aquí: bbva.info/42vhRpz
#BBVA #BancoBBVA #TurnoDigital #Tiempo",0,0,0,0,751
2025-07-14 05:25:30,bbva_peru,Jun 4,"¿Listo para ganar uno de los 2 DEPAS DE ESTRENO que la Cuenta Ganadora BBVA tiene para ti? ¡Abriendo tu cuenta desde S/1,500 participas al instante! 🏢😎

Ábrela Aquí: bbva.info/2kw78IE
#BBVA #BancoBBVA #CuentaGanadoraBBVA #Ahorrar #CuentaDeAhorros",4,0,0,0,720
2025-07-14 05:25:30,bbva_peru,Jun 2,"Tenemos una cuenta para acompañarte en cada manera de avanzar.

#BBVA #proyectos #avanzamos",2,0,3,0,854
2025-07-14 05:25:30,bbva_peru,May 28,Para hacer realidad tu próximo proyecto necesitas un banco que te acompañe con:,4,0,1,0,857
2025-07-14 05:25:30,bbva_peru,May 26,"¿Listo para hacer realidad cada uno de tus proyectos? En BBVA, nos renovamos para acompañarte en cada paso. 😎💪

#BBVA #proyectos #Avanzamos",0,0,2,0,864
2025-07-14 05:25:30,bbva_peru,May 23,Separar tu dinero para cubrir cada gasto del mes es posible con tu App BBVA y su función...,1,0,2,0,981
2025-07-14 05:25:30,bbva_peru,May 23,"¿App o Agencia? 😎 Decide con LIBERTAD desde dónde hacer tus TRANSFERENCIAS TOTALMENTE GRATIS con la Cuenta Independencia BBVA. 💵😉

Abre tu cuenta aquí: bbva.info/32eZMcG
#BBVA #BancoBBVA #CuentaIndependencia #TransferenciasSinComisiones #CercaníaYConfianza",1,0,1,0,856
2025-07-14 05:25:30,bbva_peru,May 22,"🏠🚗🎒✨ No hay proyecto grande o pequeño, lo importante es seguir avanzando. Hoy estrenamos imagen y renovamos nuestro compromiso de acompañarte en cada paso, brindándote las herramientas que impulsan tus decisiones. ¿Avanzamos?",0,0,1,0,845
2025-07-14 05:25:30,bbva_peru,May 20,"Todos tenemos un proyecto que queremos hacer realidad👀 ¿Cuál de estos te motiva más? ¡Mejor aún, escribe el tuyo en los comentarios!",0,0,1,0,648
2025-07-14 05:25:30,bbva_peru,May 19,☝️ Con la Cuenta Independencia BBVA puedo realizar todas mis operaciones por canales físicos TOTALMENTE GRATIS.,1,0,0,0,767
2025-07-14 05:25:30,bbva_peru,May 19,"¡Aún estás a tiempo! 📷📷 Abre o incrementa tu cuenta desde S/3,200 y GANA AL INSTANTE  tu set de cubiertos Tramontina. ¡No te quedes fuera! 📷
Abre tu cuenta aquí: bbva.info/3LWb53n
#BBVA #BancoBBVA #QDA #QuincenaDelAhorro #Ahorrar",2,0,0,0,717
2025-07-14 06:33:04,bbva_peru,Jul 9,¿Cómo te convendría pagar los pasajes de tu viaje por Fiestas Patrias?,0,0,0,0,376
2025-07-14 06:33:04,bbva_peru,Jun 25,"Mostremos nuestro orgullo todo el año. 🏳️‍🌈🏳️‍⚧️ En Be Yourself, ya impulsamos acciones internas para hacerlo posible, y seguiremos trabajando para que sea una realidad en todo el país. 💪😎

#BBVA #orgullo #pride",14,1,8,1,2.0K
2025-07-14 06:33:04,bbva_peru,Jun 24,"¿Avanzamos? Tus metas se hacen posible con la rentabilidad y seguridad que tiene la Cuenta Vip. Conoce más 👉 bbva.info/40jA8E9  😊

#BBVA #CuentaBBVA #VIP #metas",1,0,0,0,1.0K
2025-07-14 06:33:04,bbva_peru,Jun 18,"¿A qué zona irás en el concierto de Green Day?...
Por cierto, tus Tarjetas BBVA te dan beneficios para que puedas conseguir tus entradas. 😉🙌",3,0,0,0,1.0K
2025-07-14 06:33:04,bbva_peru,Jun 17,¿Qué cuenta sorteará en unas semanas 2 DEPAS DE ESTRENO solo por ahorrar?,1,0,0,0,921
2025-07-14 06:33:04,bbva_peru,Jun 16,"Cuenta Independencia BBVA
¿Sabes todos los BENEFICIOS de la Cuenta Independencia BBVA? 

Descúbrelos aquí: bbva.info/4dUWLo4

¿Listo para avanzar?",2,0,0,0,952
2025-07-14 06:33:04,bbva_peru,Jun 10,"Hay muchas formas de avanzar… y una de ellas es ganarte tu nuevo depa de estreno. 🏠💙 Abriendo tu Cuenta Ganadora, participas por 2 departamentos de estreno.

Conoce más aquí: bbva.info/45dZ3fT
#BBVA #CuentasBBVA #Avanzamos",0,0,0,0,802
2025-07-14 06:33:04,bbva_peru,Jun 10,Cuando hay que pagar los servicios existen dos tipos de personas. ¿Cuál eres tú?,0,0,0,0,757
2025-07-14 06:33:04,bbva_peru,Jun 10,"¡Un depa puede ser tuyo! 🙌 Abriendo tu Cuenta Ganadora BBVA desde S/1500, ya estás participando. Ver más información en bbva.pe/cuentas 😉

#CuentasBBVA #BBVA #Avanzamos",0,0,0,0,794
2025-07-14 06:33:04,bbva_peru,Jun 6,"¿Listo para verlos actuar por el Día del Padre? 😊 Si ese día tienes que ir al banco ya sabes que puedes elegir en qué horario hacerlo con Turno Digital desde tu App BBVA. 😎📱

Conoce más aquí: bbva.info/42vhRpz
#BBVA #BancoBBVA #TurnoDigital #Tiempo",0,0,0,0,752
2025-07-14 06:33:04,bbva_peru,Jun 4,"¿Listo para ganar uno de los 2 DEPAS DE ESTRENO que la Cuenta Ganadora BBVA tiene para ti? ¡Abriendo tu cuenta desde S/1,500 participas al instante! 🏢😎

Ábrela Aquí: bbva.info/2kw78IE
#BBVA #BancoBBVA #CuentaGanadoraBBVA #Ahorrar #CuentaDeAhorros",4,0,0,0,721
2025-07-14 06:33:04,bbva_peru,Jun 2,"Tenemos una cuenta para acompañarte en cada manera de avanzar.

#BBVA #proyectos #avanzamos",2,0,3,0,855
2025-07-14 06:33:04,bbva_peru,May 28,Para hacer realidad tu próximo proyecto necesitas un banco que te acompañe con:,4,0,1,0,857
2025-07-14 06:33:04,bbva_peru,May 26,"¿Listo para hacer realidad cada uno de tus proyectos? En BBVA, nos renovamos para acompañarte en cada paso. 😎💪

#BBVA #proyectos #Avanzamos",0,0,2,0,864
2025-07-14 06:33:04,bbva_peru,May 23,Separar tu dinero para cubrir cada gasto del mes es posible con tu App BBVA y su función...,1,0,2,0,981
2025-07-14 06:33:04,bbva_peru,May 23,"¿App o Agencia? 😎 Decide con LIBERTAD desde dónde hacer tus TRANSFERENCIAS TOTALMENTE GRATIS con la Cuenta Independencia BBVA. 💵😉

Abre tu cuenta aquí: bbva.info/32eZMcG
#BBVA #BancoBBVA #CuentaIndependencia #TransferenciasSinComisiones #CercaníaYConfianza",1,0,1,0,856
2025-07-14 06:33:04,bbva_peru,May 22,"🏠🚗🎒✨ No hay proyecto grande o pequeño, lo importante es seguir avanzando. Hoy estrenamos imagen y renovamos nuestro compromiso de acompañarte en cada paso, brindándote las herramientas que impulsan tus decisiones. ¿Avanzamos?",0,0,1,0,845
2025-07-14 06:33:04,bbva_peru,May 20,"Todos tenemos un proyecto que queremos hacer realidad👀 ¿Cuál de estos te motiva más? ¡Mejor aún, escribe el tuyo en los comentarios!",0,0,1,0,648
2025-07-14 06:33:04,bbva_peru,May 19,☝️ Con la Cuenta Independencia BBVA puedo realizar todas mis operaciones por canales físicos TOTALMENTE GRATIS.,1,0,0,0,767
2025-07-14 06:33:04,bbva_peru,May 19,"¡Aún estás a tiempo! 📷📷 Abre o incrementa tu cuenta desde S/3,200 y GANA AL INSTANTE  tu set de cubiertos Tramontina. ¡No te quedes fuera! 📷
Abre tu cuenta aquí: bbva.info/3LWb53n
#BBVA #BancoBBVA #QDA #QuincenaDelAhorro #Ahorrar",2,0,0,0,717
2025-07-14 07:24:12,bbva_peru,Jul 9,¿Cómo te convendría pagar los pasajes de tu viaje por Fiestas Patrias?,0,0,0,0,377
2025-07-14 07:24:12,bbva_peru,Jun 25,"Mostremos nuestro orgullo todo el año. 🏳️‍🌈🏳️‍⚧️ En Be Yourself, ya impulsamos acciones internas para hacerlo posible, y seguiremos trabajando para que sea una realidad en todo el país. 💪😎

#BBVA #orgullo #pride",14,1,8,1,2.0K
2025-07-14 07:24:12,bbva_peru,Jun 24,"¿Avanzamos? Tus metas se hacen posible con la rentabilidad y seguridad que tiene la Cuenta Vip. Conoce más 👉 bbva.info/40jA8E9  😊

#BBVA #CuentaBBVA #VIP #metas",1,0,0,0,1.0K
2025-07-14 07:24:12,bbva_peru,Jun 18,"¿A qué zona irás en el concierto de Green Day?...
Por cierto, tus Tarjetas BBVA te dan beneficios para que puedas conseguir tus entradas. 😉🙌",3,0,0,0,1.0K
2025-07-14 07:24:12,bbva_peru,Jun 17,¿Qué cuenta sorteará en unas semanas 2 DEPAS DE ESTRENO solo por ahorrar?,1,0,0,0,922
2025-07-14 07:24:12,bbva_peru,Jun 16,"Cuenta Independencia BBVA
¿Sabes todos los BENEFICIOS de la Cuenta Independencia BBVA? 

Descúbrelos aquí: bbva.info/4dUWLo4

¿Listo para avanzar?",2,0,0,0,952
2025-07-14 07:24:12,bbva_peru,Jun 10,"Hay muchas formas de avanzar… y una de ellas es ganarte tu nuevo depa de estreno. 🏠💙 Abriendo tu Cuenta Ganadora, participas por 2 departamentos de estreno.

Conoce más aquí: bbva.info/45dZ3fT
#BBVA #CuentasBBVA #Avanzamos",0,0,0,0,802
2025-07-14 07:24:12,bbva_peru,Jun 10,Cuando hay que pagar los servicios existen dos tipos de personas. ¿Cuál eres tú?,0,0,0,0,757
2025-07-14 07:24:12,bbva_peru,Jun 10,"¡Un depa puede ser tuyo! 🙌 Abriendo tu Cuenta Ganadora BBVA desde S/1500, ya estás participando. Ver más información en bbva.pe/cuentas 😉

#CuentasBBVA #BBVA #Avanzamos",0,0,0,0,794
2025-07-14 07:24:12,bbva_peru,Jun 6,"¿Listo para verlos actuar por el Día del Padre? 😊 Si ese día tienes que ir al banco ya sabes que puedes elegir en qué horario hacerlo con Turno Digital desde tu App BBVA. 😎📱

Conoce más aquí: bbva.info/42vhRpz
#BBVA #BancoBBVA #TurnoDigital #Tiempo",0,0,0,0,752
2025-07-14 07:24:12,bbva_peru,Jun 4,"¿Listo para ganar uno de los 2 DEPAS DE ESTRENO que la Cuenta Ganadora BBVA tiene para ti? ¡Abriendo tu cuenta desde S/1,500 participas al instante! 🏢😎

Ábrela Aquí: bbva.info/2kw78IE
#BBVA #BancoBBVA #CuentaGanadoraBBVA #Ahorrar #CuentaDeAhorros",4,0,0,0,721
2025-07-14 07:24:12,bbva_peru,Jun 2,"Tenemos una cuenta para acompañarte en cada manera de avanzar.

#BBVA #proyectos #avanzamos",2,0,3,0,855
2025-07-14 07:24:12,bbva_peru,May 28,Para hacer realidad tu próximo proyecto necesitas un banco que te acompañe con:,4,0,1,0,857
2025-07-14 07:24:12,bbva_peru,May 26,"¿Listo para hacer realidad cada uno de tus proyectos? En BBVA, nos renovamos para acompañarte en cada paso. 😎💪

#BBVA #proyectos #Avanzamos",0,0,2,0,864
2025-07-14 07:24:12,bbva_peru,May 23,Separar tu dinero para cubrir cada gasto del mes es posible con tu App BBVA y su función...,1,0,2,0,981
2025-07-14 07:24:12,bbva_peru,May 23,"¿App o Agencia? 😎 Decide con LIBERTAD desde dónde hacer tus TRANSFERENCIAS TOTALMENTE GRATIS con la Cuenta Independencia BBVA. 💵😉

Abre tu cuenta aquí: bbva.info/32eZMcG
#BBVA #BancoBBVA #CuentaIndependencia #TransferenciasSinComisiones #CercaníaYConfianza",1,0,1,0,856
2025-07-14 07:24:12,bbva_peru,May 22,"🏠🚗🎒✨ No hay proyecto grande o pequeño, lo importante es seguir avanzando. Hoy estrenamos imagen y renovamos nuestro compromiso de acompañarte en cada paso, brindándote las herramientas que impulsan tus decisiones. ¿Avanzamos?",0,0,1,0,845
2025-07-14 07:24:12,bbva_peru,May 20,"Todos tenemos un proyecto que queremos hacer realidad👀 ¿Cuál de estos te motiva más? ¡Mejor aún, escribe el tuyo en los comentarios!",0,0,1,0,648
2025-07-14 07:24:12,bbva_peru,May 19,☝️ Con la Cuenta Independencia BBVA puedo realizar todas mis operaciones por canales físicos TOTALMENTE GRATIS.,1,0,0,0,767
2025-07-14 07:24:12,bbva_peru,May 19,"¡Aún estás a tiempo! 📷📷 Abre o incrementa tu cuenta desde S/3,200 y GANA AL INSTANTE  tu set de cubiertos Tramontina. ¡No te quedes fuera! 📷
Abre tu cuenta aquí: bbva.info/3LWb53n
#BBVA #BancoBBVA #QDA #QuincenaDelAhorro #Ahorrar",2,0,0,0,717
2025-07-14 08:30:39,bbva_peru,Jul 9,¿Cómo te convendría pagar los pasajes de tu viaje por Fiestas Patrias?,0,0,0,0,378
2025-07-14 08:30:39,bbva_peru,Jun 25,"Mostremos nuestro orgullo todo el año. 🏳️‍🌈🏳️‍⚧️ En Be Yourself, ya impulsamos acciones internas para hacerlo posible, y seguiremos trabajando para que sea una realidad en todo el país. 💪😎

#BBVA #orgullo #pride",14,1,8,1,2.0K
2025-07-14 08:30:39,bbva_peru,Jun 24,"¿Avanzamos? Tus metas se hacen posible con la rentabilidad y seguridad que tiene la Cuenta Vip. Conoce más 👉 bbva.info/40jA8E9  😊

#BBVA #CuentaBBVA #VIP #metas",1,0,0,0,1.0K
2025-07-14 08:30:39,bbva_peru,Jun 18,"¿A qué zona irás en el concierto de Green Day?...
Por cierto, tus Tarjetas BBVA te dan beneficios para que puedas conseguir tus entradas. 😉🙌",3,0,0,0,1.0K
2025-07-14 08:30:39,bbva_peru,Jun 17,¿Qué cuenta sorteará en unas semanas 2 DEPAS DE ESTRENO solo por ahorrar?,1,0,0,0,923
2025-07-14 08:30:39,bbva_peru,Jun 16,"Cuenta Independencia BBVA
¿Sabes todos los BENEFICIOS de la Cuenta Independencia BBVA? 

Descúbrelos aquí: bbva.info/4dUWLo4

¿Listo para avanzar?",2,0,0,0,953
2025-07-14 08:30:39,bbva_peru,Jun 10,"Hay muchas formas de avanzar… y una de ellas es ganarte tu nuevo depa de estreno. 🏠💙 Abriendo tu Cuenta Ganadora, participas por 2 departamentos de estreno.

Conoce más aquí: bbva.info/45dZ3fT
#BBVA #CuentasBBVA #Avanzamos",0,0,0,0,803
2025-07-14 08:30:39,bbva_peru,Jun 10,Cuando hay que pagar los servicios existen dos tipos de personas. ¿Cuál eres tú?,0,0,0,0,758
2025-07-14 08:30:39,bbva_peru,Jun 10,"¡Un depa puede ser tuyo! 🙌 Abriendo tu Cuenta Ganadora BBVA desde S/1500, ya estás participando. Ver más información en bbva.pe/cuentas 😉

#CuentasBBVA #BBVA #Avanzamos",0,0,0,0,795
2025-07-14 08:30:39,bbva_peru,Jun 6,"¿Listo para verlos actuar por el Día del Padre? 😊 Si ese día tienes que ir al banco ya sabes que puedes elegir en qué horario hacerlo con Turno Digital desde tu App BBVA. 😎📱

Conoce más aquí: bbva.info/42vhRpz
#BBVA #BancoBBVA #TurnoDigital #Tiempo",0,0,0,0,753
2025-07-14 08:30:39,bbva_peru,Jun 4,"¿Listo para ganar uno de los 2 DEPAS DE ESTRENO que la Cuenta Ganadora BBVA tiene para ti? ¡Abriendo tu cuenta desde S/1,500 participas al instante! 🏢😎

Ábrela Aquí: bbva.info/2kw78IE
#BBVA #BancoBBVA #CuentaGanadoraBBVA #Ahorrar #CuentaDeAhorros",4,0,0,0,722
2025-07-14 08:30:39,bbva_peru,Jun 2,"Tenemos una cuenta para acompañarte en cada manera de avanzar.

#BBVA #proyectos #avanzamos",2,0,3,0,856
2025-07-14 08:30:39,bbva_peru,May 28,Para hacer realidad tu próximo proyecto necesitas un banco que te acompañe con:,4,0,1,0,858
2025-07-14 08:30:39,bbva_peru,May 26,"¿Listo para hacer realidad cada uno de tus proyectos? En BBVA, nos renovamos para acompañarte en cada paso. 😎💪

#BBVA #proyectos #Avanzamos",0,0,2,0,865
2025-07-14 08:30:39,bbva_peru,May 23,Separar tu dinero para cubrir cada gasto del mes es posible con tu App BBVA y su función...,1,0,2,0,982
2025-07-14 08:30:39,bbva_peru,May 23,"¿App o Agencia? 😎 Decide con LIBERTAD desde dónde hacer tus TRANSFERENCIAS TOTALMENTE GRATIS con la Cuenta Independencia BBVA. 💵😉

Abre tu cuenta aquí: bbva.info/32eZMcG
#BBVA #BancoBBVA #CuentaIndependencia #TransferenciasSinComisiones #CercaníaYConfianza",1,0,1,0,856
2025-07-14 08:30:39,bbva_peru,May 22,"🏠🚗🎒✨ No hay proyecto grande o pequeño, lo importante es seguir avanzando. Hoy estrenamos imagen y renovamos nuestro compromiso de acompañarte en cada paso, brindándote las herramientas que impulsan tus decisiones. ¿Avanzamos?",0,0,1,0,846
2025-07-14 08:30:39,bbva_peru,May 20,"Todos tenemos un proyecto que queremos hacer realidad👀 ¿Cuál de estos te motiva más? ¡Mejor aún, escribe el tuyo en los comentarios!",0,0,1,0,649
2025-07-14 08:30:39,bbva_peru,May 19,☝️ Con la Cuenta Independencia BBVA puedo realizar todas mis operaciones por canales físicos TOTALMENTE GRATIS.,1,0,0,0,767
2025-07-14 08:30:39,bbva_peru,May 19,"¡Aún estás a tiempo! 📷📷 Abre o incrementa tu cuenta desde S/3,200 y GANA AL INSTANTE  tu set de cubiertos Tramontina. ¡No te quedes fuera! 📷
Abre tu cuenta aquí: bbva.info/3LWb53n
#BBVA #BancoBBVA #QDA #QuincenaDelAhorro #Ahorrar",2,0,0,0,717
2025-07-14 09:28:11,bbva_peru,Jul 9,¿Cómo te convendría pagar los pasajes de tu viaje por Fiestas Patrias?,0,0,0,0,378
2025-07-14 09:28:11,bbva_peru,Jun 25,"Mostremos nuestro orgullo todo el año. 🏳️‍🌈🏳️‍⚧️ En Be Yourself, ya impulsamos acciones internas para hacerlo posible, y seguiremos trabajando para que sea una realidad en todo el país. 💪😎

#BBVA #orgullo #pride",14,1,8,1,2.0K
2025-07-14 09:28:11,bbva_peru,Jun 24,"¿Avanzamos? Tus metas se hacen posible con la rentabilidad y seguridad que tiene la Cuenta Vip. Conoce más 👉 bbva.info/40jA8E9  😊

#BBVA #CuentaBBVA #VIP #metas",1,0,0,0,1.0K
2025-07-14 09:28:11,bbva_peru,Jun 18,"¿A qué zona irás en el concierto de Green Day?...
Por cierto, tus Tarjetas BBVA te dan beneficios para que puedas conseguir tus entradas. 😉🙌",3,0,0,0,1.0K
2025-07-14 09:28:11,bbva_peru,Jun 17,¿Qué cuenta sorteará en unas semanas 2 DEPAS DE ESTRENO solo por ahorrar?,1,0,0,0,923
2025-07-14 09:28:11,bbva_peru,Jun 16,"Cuenta Independencia BBVA
¿Sabes todos los BENEFICIOS de la Cuenta Independencia BBVA? 

Descúbrelos aquí: bbva.info/4dUWLo4

¿Listo para avanzar?",2,0,0,0,953
2025-07-14 09:28:11,bbva_peru,Jun 10,"Hay muchas formas de avanzar… y una de ellas es ganarte tu nuevo depa de estreno. 🏠💙 Abriendo tu Cuenta Ganadora, participas por 2 departamentos de estreno.

Conoce más aquí: bbva.info/45dZ3fT
#BBVA #CuentasBBVA #Avanzamos",0,0,0,0,803
2025-07-14 09:28:11,bbva_peru,Jun 10,Cuando hay que pagar los servicios existen dos tipos de personas. ¿Cuál eres tú?,0,0,0,0,758
2025-07-14 09:28:11,bbva_peru,Jun 10,"¡Un depa puede ser tuyo! 🙌 Abriendo tu Cuenta Ganadora BBVA desde S/1500, ya estás participando. Ver más información en bbva.pe/cuentas 😉

#CuentasBBVA #BBVA #Avanzamos",0,0,0,0,795
2025-07-14 09:28:11,bbva_peru,Jun 6,"¿Listo para verlos actuar por el Día del Padre? 😊 Si ese día tienes que ir al banco ya sabes que puedes elegir en qué horario hacerlo con Turno Digital desde tu App BBVA. 😎📱

Conoce más aquí: bbva.info/42vhRpz
#BBVA #BancoBBVA #TurnoDigital #Tiempo",0,0,0,0,753
2025-07-14 09:28:11,bbva_peru,Jun 4,"¿Listo para ganar uno de los 2 DEPAS DE ESTRENO que la Cuenta Ganadora BBVA tiene para ti? ¡Abriendo tu cuenta desde S/1,500 participas al instante! 🏢😎

Ábrela Aquí: bbva.info/2kw78IE
#BBVA #BancoBBVA #CuentaGanadoraBBVA #Ahorrar #CuentaDeAhorros",4,0,0,0,722
2025-07-14 09:28:11,bbva_peru,Jun 2,"Tenemos una cuenta para acompañarte en cada manera de avanzar.

#BBVA #proyectos #avanzamos",2,0,3,0,856
2025-07-14 09:28:11,bbva_peru,May 28,Para hacer realidad tu próximo proyecto necesitas un banco que te acompañe con:,4,0,1,0,858
2025-07-14 09:28:11,bbva_peru,May 26,"¿Listo para hacer realidad cada uno de tus proyectos? En BBVA, nos renovamos para acompañarte en cada paso. 😎💪

#BBVA #proyectos #Avanzamos",0,0,2,0,865
2025-07-14 09:28:11,bbva_peru,May 23,Separar tu dinero para cubrir cada gasto del mes es posible con tu App BBVA y su función...,1,0,2,0,982
2025-07-14 09:28:11,bbva_peru,May 23,"¿App o Agencia? 😎 Decide con LIBERTAD desde dónde hacer tus TRANSFERENCIAS TOTALMENTE GRATIS con la Cuenta Independencia BBVA. 💵😉

Abre tu cuenta aquí: bbva.info/32eZMcG
#BBVA #BancoBBVA #CuentaIndependencia #TransferenciasSinComisiones #CercaníaYConfianza",1,0,1,0,856
2025-07-14 09:28:11,bbva_peru,May 22,"🏠🚗🎒✨ No hay proyecto grande o pequeño, lo importante es seguir avanzando. Hoy estrenamos imagen y renovamos nuestro compromiso de acompañarte en cada paso, brindándote las herramientas que impulsan tus decisiones. ¿Avanzamos?",0,0,1,0,846
2025-07-14 09:28:11,bbva_peru,May 20,"Todos tenemos un proyecto que queremos hacer realidad👀 ¿Cuál de estos te motiva más? ¡Mejor aún, escribe el tuyo en los comentarios!",0,0,1,0,649
2025-07-14 09:28:11,bbva_peru,May 19,☝️ Con la Cuenta Independencia BBVA puedo realizar todas mis operaciones por canales físicos TOTALMENTE GRATIS.,1,0,0,0,767
2025-07-14 09:28:11,bbva_peru,May 19,"¡Aún estás a tiempo! 📷📷 Abre o incrementa tu cuenta desde S/3,200 y GANA AL INSTANTE  tu set de cubiertos Tramontina. ¡No te quedes fuera! 📷
Abre tu cuenta aquí: bbva.info/3LWb53n
#BBVA #BancoBBVA #QDA #QuincenaDelAhorro #Ahorrar",2,0,0,0,717
2025-07-14 10:23:12,bbva_peru,Jul 9,¿Cómo te convendría pagar los pasajes de tu viaje por Fiestas Patrias?,0,0,0,0,378
2025-07-14 10:23:12,bbva_peru,Jun 25,"Mostremos nuestro orgullo todo el año. 🏳️‍🌈🏳️‍⚧️ En Be Yourself, ya impulsamos acciones internas para hacerlo posible, y seguiremos trabajando para que sea una realidad en todo el país. 💪😎

#BBVA #orgullo #pride",14,1,8,1,2.0K
2025-07-14 10:23:12,bbva_peru,Jun 24,"¿Avanzamos? Tus metas se hacen posible con la rentabilidad y seguridad que tiene la Cuenta Vip. Conoce más 👉 bbva.info/40jA8E9  😊

#BBVA #CuentaBBVA #VIP #metas",1,0,0,0,1.0K
2025-07-14 10:23:12,bbva_peru,Jun 18,"¿A qué zona irás en el concierto de Green Day?...
Por cierto, tus Tarjetas BBVA te dan beneficios para que puedas conseguir tus entradas. 😉🙌",3,0,0,0,1.0K
2025-07-14 10:23:12,bbva_peru,Jun 17,¿Qué cuenta sorteará en unas semanas 2 DEPAS DE ESTRENO solo por ahorrar?,1,0,0,0,923
2025-07-14 10:23:12,bbva_peru,Jun 16,"Cuenta Independencia BBVA
¿Sabes todos los BENEFICIOS de la Cuenta Independencia BBVA? 

Descúbrelos aquí: bbva.info/4dUWLo4

¿Listo para avanzar?",2,0,0,0,953
2025-07-14 10:23:12,bbva_peru,Jun 10,"Hay muchas formas de avanzar… y una de ellas es ganarte tu nuevo depa de estreno. 🏠💙 Abriendo tu Cuenta Ganadora, participas por 2 departamentos de estreno.

Conoce más aquí: bbva.info/45dZ3fT
#BBVA #CuentasBBVA #Avanzamos",0,0,0,0,803
2025-07-14 10:23:12,bbva_peru,Jun 10,Cuando hay que pagar los servicios existen dos tipos de personas. ¿Cuál eres tú?,0,0,0,0,758
2025-07-14 10:23:12,bbva_peru,Jun 10,"¡Un depa puede ser tuyo! 🙌 Abriendo tu Cuenta Ganadora BBVA desde S/1500, ya estás participando. Ver más información en bbva.pe/cuentas 😉

#CuentasBBVA #BBVA #Avanzamos",0,0,0,0,795
2025-07-14 10:23:12,bbva_peru,Jun 6,"¿Listo para verlos actuar por el Día del Padre? 😊 Si ese día tienes que ir al banco ya sabes que puedes elegir en qué horario hacerlo con Turno Digital desde tu App BBVA. 😎📱

Conoce más aquí: bbva.info/42vhRpz
#BBVA #BancoBBVA #TurnoDigital #Tiempo",0,0,0,0,753
2025-07-14 10:23:12,bbva_peru,Jun 4,"¿Listo para ganar uno de los 2 DEPAS DE ESTRENO que la Cuenta Ganadora BBVA tiene para ti? ¡Abriendo tu cuenta desde S/1,500 participas al instante! 🏢😎

Ábrela Aquí: bbva.info/2kw78IE
#BBVA #BancoBBVA #CuentaGanadoraBBVA #Ahorrar #CuentaDeAhorros",4,0,0,0,722
2025-07-14 10:23:12,bbva_peru,Jun 2,"Tenemos una cuenta para acompañarte en cada manera de avanzar.

#BBVA #proyectos #avanzamos",2,0,3,0,856
2025-07-14 10:23:12,bbva_peru,May 28,Para hacer realidad tu próximo proyecto necesitas un banco que te acompañe con:,4,0,1,0,858
2025-07-14 10:23:12,bbva_peru,May 26,"¿Listo para hacer realidad cada uno de tus proyectos? En BBVA, nos renovamos para acompañarte en cada paso. 😎💪

#BBVA #proyectos #Avanzamos",0,0,2,0,865
2025-07-14 10:23:12,bbva_peru,May 23,Separar tu dinero para cubrir cada gasto del mes es posible con tu App BBVA y su función...,1,0,2,0,982
2025-07-14 10:23:12,bbva_peru,May 23,"¿App o Agencia? 😎 Decide con LIBERTAD desde dónde hacer tus TRANSFERENCIAS TOTALMENTE GRATIS con la Cuenta Independencia BBVA. 💵😉

Abre tu cuenta aquí: bbva.info/32eZMcG
#BBVA #BancoBBVA #CuentaIndependencia #TransferenciasSinComisiones #CercaníaYConfianza",1,0,1,0,856
2025-07-14 10:23:12,bbva_peru,May 22,"🏠🚗🎒✨ No hay proyecto grande o pequeño, lo importante es seguir avanzando. Hoy estrenamos imagen y renovamos nuestro compromiso de acompañarte en cada paso, brindándote las herramientas que impulsan tus decisiones. ¿Avanzamos?",0,0,1,0,846
2025-07-14 10:23:12,bbva_peru,May 20,"Todos tenemos un proyecto que queremos hacer realidad👀 ¿Cuál de estos te motiva más? ¡Mejor aún, escribe el tuyo en los comentarios!",0,0,1,0,649
2025-07-14 10:23:12,bbva_peru,May 19,☝️ Con la Cuenta Independencia BBVA puedo realizar todas mis operaciones por canales físicos TOTALMENTE GRATIS.,1,0,0,0,767
2025-07-14 10:23:12,bbva_peru,May 19,"¡Aún estás a tiempo! 📷📷 Abre o incrementa tu cuenta desde S/3,200 y GANA AL INSTANTE  tu set de cubiertos Tramontina. ¡No te quedes fuera! 📷
Abre tu cuenta aquí: bbva.info/3LWb53n
#BBVA #BancoBBVA #QDA #QuincenaDelAhorro #Ahorrar",2,0,0,0,717
2025-07-14 11:18:28,bbva_peru,Jul 9,¿Cómo te convendría pagar los pasajes de tu viaje por Fiestas Patrias?,0,0,0,0,378
2025-07-14 11:18:28,bbva_peru,Jun 25,"Mostremos nuestro orgullo todo el año. 🏳️‍🌈🏳️‍⚧️ En Be Yourself, ya impulsamos acciones internas para hacerlo posible, y seguiremos trabajando para que sea una realidad en todo el país. 💪😎

#BBVA #orgullo #pride",14,1,8,1,2.0K
2025-07-14 11:18:28,bbva_peru,Jun 24,"¿Avanzamos? Tus metas se hacen posible con la rentabilidad y seguridad que tiene la Cuenta Vip. Conoce más 👉 bbva.info/40jA8E9  😊

#BBVA #CuentaBBVA #VIP #metas",1,0,0,0,1.0K
2025-07-14 11:18:28,bbva_peru,Jun 18,"¿A qué zona irás en el concierto de Green Day?...
Por cierto, tus Tarjetas BBVA te dan beneficios para que puedas conseguir tus entradas. 😉🙌",3,0,0,0,1.0K
2025-07-14 11:18:28,bbva_peru,Jun 17,¿Qué cuenta sorteará en unas semanas 2 DEPAS DE ESTRENO solo por ahorrar?,1,0,0,0,923
2025-07-14 11:18:28,bbva_peru,Jun 16,"Cuenta Independencia BBVA
¿Sabes todos los BENEFICIOS de la Cuenta Independencia BBVA? 

Descúbrelos aquí: bbva.info/4dUWLo4

¿Listo para avanzar?",2,0,0,0,953
2025-07-14 11:18:28,bbva_peru,Jun 10,"Hay muchas formas de avanzar… y una de ellas es ganarte tu nuevo depa de estreno. 🏠💙 Abriendo tu Cuenta Ganadora, participas por 2 departamentos de estreno.

Conoce más aquí: bbva.info/45dZ3fT
#BBVA #CuentasBBVA #Avanzamos",0,0,0,0,803
2025-07-14 11:18:28,bbva_peru,Jun 10,Cuando hay que pagar los servicios existen dos tipos de personas. ¿Cuál eres tú?,0,0,0,0,758
2025-07-14 11:18:28,bbva_peru,Jun 10,"¡Un depa puede ser tuyo! 🙌 Abriendo tu Cuenta Ganadora BBVA desde S/1500, ya estás participando. Ver más información en bbva.pe/cuentas 😉

#CuentasBBVA #BBVA #Avanzamos",0,0,0,0,795
2025-07-14 11:18:28,bbva_peru,Jun 6,"¿Listo para verlos actuar por el Día del Padre? 😊 Si ese día tienes que ir al banco ya sabes que puedes elegir en qué horario hacerlo con Turno Digital desde tu App BBVA. 😎📱

Conoce más aquí: bbva.info/42vhRpz
#BBVA #BancoBBVA #TurnoDigital #Tiempo",0,0,0,0,753
2025-07-14 11:18:28,bbva_peru,Jun 4,"¿Listo para ganar uno de los 2 DEPAS DE ESTRENO que la Cuenta Ganadora BBVA tiene para ti? ¡Abriendo tu cuenta desde S/1,500 participas al instante! 🏢😎

Ábrela Aquí: bbva.info/2kw78IE
#BBVA #BancoBBVA #CuentaGanadoraBBVA #Ahorrar #CuentaDeAhorros",4,0,0,0,722
2025-07-14 11:18:28,bbva_peru,Jun 2,"Tenemos una cuenta para acompañarte en cada manera de avanzar.

#BBVA #proyectos #avanzamos",2,0,3,0,856
2025-07-14 11:18:28,bbva_peru,May 28,Para hacer realidad tu próximo proyecto necesitas un banco que te acompañe con:,4,0,1,0,858
2025-07-14 11:18:28,bbva_peru,May 26,"¿Listo para hacer realidad cada uno de tus proyectos? En BBVA, nos renovamos para acompañarte en cada paso. 😎💪

#BBVA #proyectos #Avanzamos",0,0,2,0,865
2025-07-14 11:18:28,bbva_peru,May 23,Separar tu dinero para cubrir cada gasto del mes es posible con tu App BBVA y su función...,1,0,2,0,982
2025-07-14 11:18:28,bbva_peru,May 23,"¿App o Agencia? 😎 Decide con LIBERTAD desde dónde hacer tus TRANSFERENCIAS TOTALMENTE GRATIS con la Cuenta Independencia BBVA. 💵😉

Abre tu cuenta aquí: bbva.info/32eZMcG
#BBVA #BancoBBVA #CuentaIndependencia #TransferenciasSinComisiones #CercaníaYConfianza",1,0,1,0,856
2025-07-14 11:18:28,bbva_peru,May 22,"🏠🚗🎒✨ No hay proyecto grande o pequeño, lo importante es seguir avanzando. Hoy estrenamos imagen y renovamos nuestro compromiso de acompañarte en cada paso, brindándote las herramientas que impulsan tus decisiones. ¿Avanzamos?",0,0,1,0,846
2025-07-14 11:18:28,bbva_peru,May 20,"Todos tenemos un proyecto que queremos hacer realidad👀 ¿Cuál de estos te motiva más? ¡Mejor aún, escribe el tuyo en los comentarios!",0,0,1,0,649
2025-07-14 11:18:28,bbva_peru,May 19,☝️ Con la Cuenta Independencia BBVA puedo realizar todas mis operaciones por canales físicos TOTALMENTE GRATIS.,1,0,0,0,767
2025-07-14 11:18:28,bbva_peru,May 19,"¡Aún estás a tiempo! 📷📷 Abre o incrementa tu cuenta desde S/3,200 y GANA AL INSTANTE  tu set de cubiertos Tramontina. ¡No te quedes fuera! 📷
Abre tu cuenta aquí: bbva.info/3LWb53n
#BBVA #BancoBBVA #QDA #QuincenaDelAhorro #Ahorrar",2,0,0,0,717
2025-07-14 12:42:42,bbva_peru,Jul 9,¿Cómo te convendría pagar los pasajes de tu viaje por Fiestas Patrias?,0,0,0,0,378
2025-07-14 12:42:42,bbva_peru,Jun 25,"Mostremos nuestro orgullo todo el año. 🏳️‍🌈🏳️‍⚧️ En Be Yourself, ya impulsamos acciones internas para hacerlo posible, y seguiremos trabajando para que sea una realidad en todo el país. 💪😎

#BBVA #orgullo #pride",14,1,8,1,2.0K
2025-07-14 12:42:42,bbva_peru,Jun 24,"¿Avanzamos? Tus metas se hacen posible con la rentabilidad y seguridad que tiene la Cuenta Vip. Conoce más 👉 bbva.info/40jA8E9  😊

#BBVA #CuentaBBVA #VIP #metas",1,0,0,0,1.0K
2025-07-14 12:42:42,bbva_peru,Jun 18,"¿A qué zona irás en el concierto de Green Day?...
Por cierto, tus Tarjetas BBVA te dan beneficios para que puedas conseguir tus entradas. 😉🙌",3,0,0,0,1.0K
2025-07-14 12:42:42,bbva_peru,Jun 17,¿Qué cuenta sorteará en unas semanas 2 DEPAS DE ESTRENO solo por ahorrar?,1,0,0,0,923
2025-07-14 12:42:42,bbva_peru,Jun 16,"Cuenta Independencia BBVA
¿Sabes todos los BENEFICIOS de la Cuenta Independencia BBVA? 

Descúbrelos aquí: bbva.info/4dUWLo4

¿Listo para avanzar?",2,0,0,0,953
2025-07-14 12:42:42,bbva_peru,Jun 10,"Hay muchas formas de avanzar… y una de ellas es ganarte tu nuevo depa de estreno. 🏠💙 Abriendo tu Cuenta Ganadora, participas por 2 departamentos de estreno.

Conoce más aquí: bbva.info/45dZ3fT
#BBVA #CuentasBBVA #Avanzamos",0,0,0,0,803
2025-07-14 12:42:42,bbva_peru,Jun 10,Cuando hay que pagar los servicios existen dos tipos de personas. ¿Cuál eres tú?,0,0,0,0,758
2025-07-14 12:42:42,bbva_peru,Jun 10,"¡Un depa puede ser tuyo! 🙌 Abriendo tu Cuenta Ganadora BBVA desde S/1500, ya estás participando. Ver más información en bbva.pe/cuentas 😉

#CuentasBBVA #BBVA #Avanzamos",0,0,0,0,795
2025-07-14 12:42:42,bbva_peru,Jun 6,"¿Listo para verlos actuar por el Día del Padre? 😊 Si ese día tienes que ir al banco ya sabes que puedes elegir en qué horario hacerlo con Turno Digital desde tu App BBVA. 😎📱

Conoce más aquí: bbva.info/42vhRpz
#BBVA #BancoBBVA #TurnoDigital #Tiempo",0,0,0,0,753
2025-07-14 12:42:42,bbva_peru,Jun 4,"¿Listo para ganar uno de los 2 DEPAS DE ESTRENO que la Cuenta Ganadora BBVA tiene para ti? ¡Abriendo tu cuenta desde S/1,500 participas al instante! 🏢😎

Ábrela Aquí: bbva.info/2kw78IE
#BBVA #BancoBBVA #CuentaGanadoraBBVA #Ahorrar #CuentaDeAhorros",4,0,0,0,722
2025-07-14 12:42:42,bbva_peru,Jun 2,"Tenemos una cuenta para acompañarte en cada manera de avanzar.

#BBVA #proyectos #avanzamos",2,0,3,0,856
2025-07-14 12:42:42,bbva_peru,May 28,Para hacer realidad tu próximo proyecto necesitas un banco que te acompañe con:,4,0,1,0,858
2025-07-14 12:42:42,bbva_peru,May 26,"¿Listo para hacer realidad cada uno de tus proyectos? En BBVA, nos renovamos para acompañarte en cada paso. 😎💪

#BBVA #proyectos #Avanzamos",0,0,2,0,865
2025-07-14 12:42:42,bbva_peru,May 23,Separar tu dinero para cubrir cada gasto del mes es posible con tu App BBVA y su función...,1,0,2,0,982
2025-07-14 12:42:42,bbva_peru,May 23,"¿App o Agencia? 😎 Decide con LIBERTAD desde dónde hacer tus TRANSFERENCIAS TOTALMENTE GRATIS con la Cuenta Independencia BBVA. 💵😉

Abre tu cuenta aquí: bbva.info/32eZMcG
#BBVA #BancoBBVA #CuentaIndependencia #TransferenciasSinComisiones #CercaníaYConfianza",1,0,1,0,856
2025-07-14 12:42:42,bbva_peru,May 22,"🏠🚗🎒✨ No hay proyecto grande o pequeño, lo importante es seguir avanzando. Hoy estrenamos imagen y renovamos nuestro compromiso de acompañarte en cada paso, brindándote las herramientas que impulsan tus decisiones. ¿Avanzamos?",0,0,1,0,846
2025-07-14 12:42:42,bbva_peru,May 20,"Todos tenemos un proyecto que queremos hacer realidad👀 ¿Cuál de estos te motiva más? ¡Mejor aún, escribe el tuyo en los comentarios!",0,0,1,0,649
2025-07-14 12:42:42,bbva_peru,May 19,☝️ Con la Cuenta Independencia BBVA puedo realizar todas mis operaciones por canales físicos TOTALMENTE GRATIS.,1,0,0,0,767
2025-07-14 12:42:42,bbva_peru,May 19,"¡Aún estás a tiempo! 📷📷 Abre o incrementa tu cuenta desde S/3,200 y GANA AL INSTANTE  tu set de cubiertos Tramontina. ¡No te quedes fuera! 📷
Abre tu cuenta aquí: bbva.info/3LWb53n
#BBVA #BancoBBVA #QDA #QuincenaDelAhorro #Ahorrar",2,0,0,0,717
2025-07-14 13:36:29,bbva_peru,Jul 9,¿Cómo te convendría pagar los pasajes de tu viaje por Fiestas Patrias?,0,0,0,0,389
2025-07-14 13:36:29,bbva_peru,Jun 25,"Mostremos nuestro orgullo todo el año. 🏳️‍🌈🏳️‍⚧️ En Be Yourself, ya impulsamos acciones internas para hacerlo posible, y seguiremos trabajando para que sea una realidad en todo el país. 💪😎

#BBVA #orgullo #pride",14,1,8,1,2.0K
2025-07-14 13:36:29,bbva_peru,Jun 24,"¿Avanzamos? Tus metas se hacen posible con la rentabilidad y seguridad que tiene la Cuenta Vip. Conoce más 👉 bbva.info/40jA8E9  😊

#BBVA #CuentaBBVA #VIP #metas",1,0,0,0,1.0K
2025-07-14 13:36:29,bbva_peru,Jun 18,"¿A qué zona irás en el concierto de Green Day?...
Por cierto, tus Tarjetas BBVA te dan beneficios para que puedas conseguir tus entradas. 😉🙌",3,0,0,0,1.0K
2025-07-14 13:36:29,bbva_peru,Jun 17,¿Qué cuenta sorteará en unas semanas 2 DEPAS DE ESTRENO solo por ahorrar?,1,0,0,0,925
2025-07-14 13:36:29,bbva_peru,Jun 16,"Cuenta Independencia BBVA
¿Sabes todos los BENEFICIOS de la Cuenta Independencia BBVA? 

Descúbrelos aquí: bbva.info/4dUWLo4

¿Listo para avanzar?",2,0,0,0,954
2025-07-14 13:36:29,bbva_peru,Jun 10,"Hay muchas formas de avanzar… y una de ellas es ganarte tu nuevo depa de estreno. 🏠💙 Abriendo tu Cuenta Ganadora, participas por 2 departamentos de estreno.

Conoce más aquí: bbva.info/45dZ3fT
#BBVA #CuentasBBVA #Avanzamos",0,0,0,0,804
2025-07-14 13:36:29,bbva_peru,Jun 10,Cuando hay que pagar los servicios existen dos tipos de personas. ¿Cuál eres tú?,0,0,0,0,758
2025-07-14 13:36:29,bbva_peru,Jun 10,"¡Un depa puede ser tuyo! 🙌 Abriendo tu Cuenta Ganadora BBVA desde S/1500, ya estás participando. Ver más información en bbva.pe/cuentas 😉

#CuentasBBVA #BBVA #Avanzamos",0,0,0,0,795
2025-07-14 13:36:29,bbva_peru,Jun 6,"¿Listo para verlos actuar por el Día del Padre? 😊 Si ese día tienes que ir al banco ya sabes que puedes elegir en qué horario hacerlo con Turno Digital desde tu App BBVA. 😎📱

Conoce más aquí: bbva.info/42vhRpz
#BBVA #BancoBBVA #TurnoDigital #Tiempo",0,0,0,0,753
2025-07-14 13:36:29,bbva_peru,Jun 4,"¿Listo para ganar uno de los 2 DEPAS DE ESTRENO que la Cuenta Ganadora BBVA tiene para ti? ¡Abriendo tu cuenta desde S/1,500 participas al instante! 🏢😎

Ábrela Aquí: bbva.info/2kw78IE
#BBVA #BancoBBVA #CuentaGanadoraBBVA #Ahorrar #CuentaDeAhorros",4,0,0,0,722
2025-07-14 13:36:29,bbva_peru,Jun 2,"Tenemos una cuenta para acompañarte en cada manera de avanzar.

#BBVA #proyectos #avanzamos",2,0,3,0,856
2025-07-14 13:36:29,bbva_peru,May 28,Para hacer realidad tu próximo proyecto necesitas un banco que te acompañe con:,4,0,1,0,858
2025-07-14 13:36:29,bbva_peru,May 26,"¿Listo para hacer realidad cada uno de tus proyectos? En BBVA, nos renovamos para acompañarte en cada paso. 😎💪

#BBVA #proyectos #Avanzamos",0,0,2,0,865
2025-07-14 13:36:29,bbva_peru,May 23,Separar tu dinero para cubrir cada gasto del mes es posible con tu App BBVA y su función...,1,0,2,0,982
2025-07-14 13:36:29,bbva_peru,May 23,"¿App o Agencia? 😎 Decide con LIBERTAD desde dónde hacer tus TRANSFERENCIAS TOTALMENTE GRATIS con la Cuenta Independencia BBVA. 💵😉

Abre tu cuenta aquí: bbva.info/32eZMcG
#BBVA #BancoBBVA #CuentaIndependencia #TransferenciasSinComisiones #CercaníaYConfianza",1,0,1,0,856
2025-07-14 13:36:29,bbva_peru,May 22,"🏠🚗🎒✨ No hay proyecto grande o pequeño, lo importante es seguir avanzando. Hoy estrenamos imagen y renovamos nuestro compromiso de acompañarte en cada paso, brindándote las herramientas que impulsan tus decisiones. ¿Avanzamos?",0,0,1,0,846
2025-07-14 13:36:29,bbva_peru,May 20,"Todos tenemos un proyecto que queremos hacer realidad👀 ¿Cuál de estos te motiva más? ¡Mejor aún, escribe el tuyo en los comentarios!",0,0,1,0,649
2025-07-14 13:36:29,bbva_peru,May 19,☝️ Con la Cuenta Independencia BBVA puedo realizar todas mis operaciones por canales físicos TOTALMENTE GRATIS.,1,0,0,0,767
2025-07-14 13:36:29,bbva_peru,May 19,"¡Aún estás a tiempo! 📷📷 Abre o incrementa tu cuenta desde S/3,200 y GANA AL INSTANTE  tu set de cubiertos Tramontina. ¡No te quedes fuera! 📷
Abre tu cuenta aquí: bbva.info/3LWb53n
#BBVA #BancoBBVA #QDA #QuincenaDelAhorro #Ahorrar",2,0,0,0,717
2025-07-14 14:21:36,bbva_peru,Jul 9,¿Cómo te convendría pagar los pasajes de tu viaje por Fiestas Patrias?,3,0,0,0,676
2025-07-14 14:21:36,bbva_peru,Jun 25,"Mostremos nuestro orgullo todo el año. 🏳️‍🌈🏳️‍⚧️ En Be Yourself, ya impulsamos acciones internas para hacerlo posible, y seguiremos trabajando para que sea una realidad en todo el país. 💪😎

#BBVA #orgullo #pride",14,1,8,1,2.0K
2025-07-14 14:21:36,bbva_peru,Jun 24,"¿Avanzamos? Tus metas se hacen posible con la rentabilidad y seguridad que tiene la Cuenta Vip. Conoce más 👉 bbva.info/40jA8E9  😊

#BBVA #CuentaBBVA #VIP #metas",1,0,0,0,1.0K
2025-07-14 14:21:36,bbva_peru,Jun 18,"¿A qué zona irás en el concierto de Green Day?...
Por cierto, tus Tarjetas BBVA te dan beneficios para que puedas conseguir tus entradas. 😉🙌",3,0,0,0,1.0K
2025-07-14 14:21:36,bbva_peru,Jun 17,¿Qué cuenta sorteará en unas semanas 2 DEPAS DE ESTRENO solo por ahorrar?,1,0,0,0,979
2025-07-14 14:21:36,bbva_peru,Jun 16,"Cuenta Independencia BBVA
¿Sabes todos los BENEFICIOS de la Cuenta Independencia BBVA? 

Descúbrelos aquí: bbva.info/4dUWLo4

¿Listo para avanzar?",2,0,0,0,985
2025-07-14 14:21:36,bbva_peru,Jun 10,"Hay muchas formas de avanzar… y una de ellas es ganarte tu nuevo depa de estreno. 🏠💙 Abriendo tu Cuenta Ganadora, participas por 2 departamentos de estreno.

Conoce más aquí: bbva.info/45dZ3fT
#BBVA #CuentasBBVA #Avanzamos",0,0,0,0,827
2025-07-14 14:21:36,bbva_peru,Jun 10,Cuando hay que pagar los servicios existen dos tipos de personas. ¿Cuál eres tú?,0,0,0,0,771
2025-07-14 14:21:36,bbva_peru,Jun 10,"¡Un depa puede ser tuyo! 🙌 Abriendo tu Cuenta Ganadora BBVA desde S/1500, ya estás participando. Ver más información en bbva.pe/cuentas 😉

#CuentasBBVA #BBVA #Avanzamos",0,0,0,0,806
2025-07-14 14:21:36,bbva_peru,Jun 6,"¿Listo para verlos actuar por el Día del Padre? 😊 Si ese día tienes que ir al banco ya sabes que puedes elegir en qué horario hacerlo con Turno Digital desde tu App BBVA. 😎📱

Conoce más aquí: bbva.info/42vhRpz
#BBVA #BancoBBVA #TurnoDigital #Tiempo",0,0,0,0,762
2025-07-14 14:21:36,bbva_peru,Jun 4,"¿Listo para ganar uno de los 2 DEPAS DE ESTRENO que la Cuenta Ganadora BBVA tiene para ti? ¡Abriendo tu cuenta desde S/1,500 participas al instante! 🏢😎

Ábrela Aquí: bbva.info/2kw78IE
#BBVA #BancoBBVA #CuentaGanadoraBBVA #Ahorrar #CuentaDeAhorros",4,0,0,0,727
2025-07-14 14:21:36,bbva_peru,Jun 2,"Tenemos una cuenta para acompañarte en cada manera de avanzar.

#BBVA #proyectos #avanzamos",2,0,3,0,860
2025-07-14 14:21:36,bbva_peru,May 28,Para hacer realidad tu próximo proyecto necesitas un banco que te acompañe con:,4,0,1,0,862
2025-07-14 14:21:36,bbva_peru,May 26,"¿Listo para hacer realidad cada uno de tus proyectos? En BBVA, nos renovamos para acompañarte en cada paso. 😎💪

#BBVA #proyectos #Avanzamos",0,0,2,0,869
2025-07-14 14:21:36,bbva_peru,May 23,Separar tu dinero para cubrir cada gasto del mes es posible con tu App BBVA y su función...,1,0,2,0,986
2025-07-14 14:21:36,bbva_peru,May 23,"¿App o Agencia? 😎 Decide con LIBERTAD desde dónde hacer tus TRANSFERENCIAS TOTALMENTE GRATIS con la Cuenta Independencia BBVA. 💵😉

Abre tu cuenta aquí: bbva.info/32eZMcG
#BBVA #BancoBBVA #CuentaIndependencia #TransferenciasSinComisiones #CercaníaYConfianza",1,0,1,0,858
2025-07-14 14:21:36,bbva_peru,May 22,"🏠🚗🎒✨ No hay proyecto grande o pequeño, lo importante es seguir avanzando. Hoy estrenamos imagen y renovamos nuestro compromiso de acompañarte en cada paso, brindándote las herramientas que impulsan tus decisiones. ¿Avanzamos?",0,0,1,0,848
2025-07-14 14:21:36,bbva_peru,May 20,"Todos tenemos un proyecto que queremos hacer realidad👀 ¿Cuál de estos te motiva más? ¡Mejor aún, escribe el tuyo en los comentarios!",0,0,1,0,650
2025-07-14 14:21:36,bbva_peru,May 19,☝️ Con la Cuenta Independencia BBVA puedo realizar todas mis operaciones por canales físicos TOTALMENTE GRATIS.,1,0,0,0,768
2025-07-14 14:21:36,bbva_peru,May 19,"¡Aún estás a tiempo! 📷📷 Abre o incrementa tu cuenta desde S/3,200 y GANA AL INSTANTE  tu set de cubiertos Tramontina. ¡No te quedes fuera! 📷
Abre tu cuenta aquí: bbva.info/3LWb53n
#BBVA #BancoBBVA #QDA #QuincenaDelAhorro #Ahorrar",2,0,0,0,718
2025-07-14 15:22:56,bbva_peru,Jul 9,¿Cómo te convendría pagar los pasajes de tu viaje por Fiestas Patrias?,8,0,0,0,1.0K
2025-07-14 15:22:56,bbva_peru,Jun 25,"Mostremos nuestro orgullo todo el año. 🏳️‍🌈🏳️‍⚧️ En Be Yourself, ya impulsamos acciones internas para hacerlo posible, y seguiremos trabajando para que sea una realidad en todo el país. 💪😎

#BBVA #orgullo #pride",15,1,9,1,3.0K
2025-07-14 15:22:56,bbva_peru,Jun 24,"¿Avanzamos? Tus metas se hacen posible con la rentabilidad y seguridad que tiene la Cuenta Vip. Conoce más 👉 bbva.info/40jA8E9  😊

#BBVA #CuentaBBVA #VIP #metas",1,0,0,0,2.0K
2025-07-14 15:22:56,bbva_peru,Jun 18,"¿A qué zona irás en el concierto de Green Day?...
Por cierto, tus Tarjetas BBVA te dan beneficios para que puedas conseguir tus entradas. 😉🙌",3,0,0,0,1.0K
2025-07-14 15:22:56,bbva_peru,Jun 17,¿Qué cuenta sorteará en unas semanas 2 DEPAS DE ESTRENO solo por ahorrar?,1,0,0,0,1.0K
2025-07-14 15:22:56,bbva_peru,Jun 16,"Cuenta Independencia BBVA
¿Sabes todos los BENEFICIOS de la Cuenta Independencia BBVA? 

Descúbrelos aquí: bbva.info/4dUWLo4

¿Listo para avanzar?",2,0,0,0,1.0K
2025-07-14 15:22:56,bbva_peru,Jun 10,"Hay muchas formas de avanzar… y una de ellas es ganarte tu nuevo depa de estreno. 🏠💙 Abriendo tu Cuenta Ganadora, participas por 2 departamentos de estreno.

Conoce más aquí: bbva.info/45dZ3fT
#BBVA #CuentasBBVA #Avanzamos",0,0,0,0,874
2025-07-14 15:22:56,bbva_peru,Jun 10,Cuando hay que pagar los servicios existen dos tipos de personas. ¿Cuál eres tú?,0,0,0,0,800
2025-07-14 15:22:56,bbva_peru,Jun 10,"¡Un depa puede ser tuyo! 🙌 Abriendo tu Cuenta Ganadora BBVA desde S/1500, ya estás participando. Ver más información en bbva.pe/cuentas 😉

#CuentasBBVA #BBVA #Avanzamos",0,0,0,0,830
2025-07-14 15:22:56,bbva_peru,Jun 6,"¿Listo para verlos actuar por el Día del Padre? 😊 Si ese día tienes que ir al banco ya sabes que puedes elegir en qué horario hacerlo con Turno Digital desde tu App BBVA. 😎📱

Conoce más aquí: bbva.info/42vhRpz
#BBVA #BancoBBVA #TurnoDigital #Tiempo",0,0,0,0,775
2025-07-14 15:22:56,bbva_peru,Jun 4,"¿Listo para ganar uno de los 2 DEPAS DE ESTRENO que la Cuenta Ganadora BBVA tiene para ti? ¡Abriendo tu cuenta desde S/1,500 participas al instante! 🏢😎

Ábrela Aquí: bbva.info/2kw78IE
#BBVA #BancoBBVA #CuentaGanadoraBBVA #Ahorrar #CuentaDeAhorros",4,0,0,0,735
2025-07-14 15:22:56,bbva_peru,Jun 2,"Tenemos una cuenta para acompañarte en cada manera de avanzar.

#BBVA #proyectos #avanzamos",2,0,3,0,865
2025-07-14 15:22:56,bbva_peru,May 28,Para hacer realidad tu próximo proyecto necesitas un banco que te acompañe con:,4,0,1,0,867
2025-07-14 15:22:56,bbva_peru,May 26,"¿Listo para hacer realidad cada uno de tus proyectos? En BBVA, nos renovamos para acompañarte en cada paso. 😎💪

#BBVA #proyectos #Avanzamos",0,0,2,0,874
2025-07-14 15:22:56,bbva_peru,May 23,Separar tu dinero para cubrir cada gasto del mes es posible con tu App BBVA y su función...,1,0,2,0,988
2025-07-14 15:22:56,bbva_peru,May 23,"¿App o Agencia? 😎 Decide con LIBERTAD desde dónde hacer tus TRANSFERENCIAS TOTALMENTE GRATIS con la Cuenta Independencia BBVA. 💵😉

Abre tu cuenta aquí: bbva.info/32eZMcG
#BBVA #BancoBBVA #CuentaIndependencia #TransferenciasSinComisiones #CercaníaYConfianza",1,0,1,0,860
2025-07-14 15:22:56,bbva_peru,May 22,"🏠🚗🎒✨ No hay proyecto grande o pequeño, lo importante es seguir avanzando. Hoy estrenamos imagen y renovamos nuestro compromiso de acompañarte en cada paso, brindándote las herramientas que impulsan tus decisiones. ¿Avanzamos?",0,0,1,0,849
2025-07-14 15:22:56,bbva_peru,May 20,"Todos tenemos un proyecto que queremos hacer realidad👀 ¿Cuál de estos te motiva más? ¡Mejor aún, escribe el tuyo en los comentarios!",0,0,1,0,650
2025-07-14 15:22:56,bbva_peru,May 19,☝️ Con la Cuenta Independencia BBVA puedo realizar todas mis operaciones por canales físicos TOTALMENTE GRATIS.,1,0,0,0,768
2025-07-14 15:22:56,bbva_peru,May 19,"¡Aún estás a tiempo! 📷📷 Abre o incrementa tu cuenta desde S/3,200 y GANA AL INSTANTE  tu set de cubiertos Tramontina. ¡No te quedes fuera! 📷
Abre tu cuenta aquí: bbva.info/3LWb53n
#BBVA #BancoBBVA #QDA #QuincenaDelAhorro #Ahorrar",2,0,0,0,718
2025-07-14 16:27:14,bbva_peru,Jul 9,¿Cómo te convendría pagar los pasajes de tu viaje por Fiestas Patrias?,12,0,0,0,2.0K
2025-07-14 16:27:14,bbva_peru,Jun 25,"Mostremos nuestro orgullo todo el año. 🏳️‍🌈🏳️‍⚧️ En Be Yourself, ya impulsamos acciones internas para hacerlo posible, y seguiremos trabajando para que sea una realidad en todo el país. 💪😎

#BBVA #orgullo #pride",15,1,9,1,3.0K
2025-07-14 16:27:14,bbva_peru,Jun 24,"¿Avanzamos? Tus metas se hacen posible con la rentabilidad y seguridad que tiene la Cuenta Vip. Conoce más 👉 bbva.info/40jA8E9  😊

#BBVA #CuentaBBVA #VIP #metas",2,0,0,0,2.0K
2025-07-14 16:27:14,bbva_peru,Jun 18,"¿A qué zona irás en el concierto de Green Day?...
Por cierto, tus Tarjetas BBVA te dan beneficios para que puedas conseguir tus entradas. 😉🙌",3,0,0,0,1.0K
2025-07-14 16:27:14,bbva_peru,Jun 17,¿Qué cuenta sorteará en unas semanas 2 DEPAS DE ESTRENO solo por ahorrar?,1,0,0,0,1.0K
2025-07-14 16:27:14,bbva_peru,Jun 16,"Cuenta Independencia BBVA
¿Sabes todos los BENEFICIOS de la Cuenta Independencia BBVA? 

Descúbrelos aquí: bbva.info/4dUWLo4

¿Listo para avanzar?",2,0,0,0,1.0K
2025-07-14 16:27:14,bbva_peru,Jun 10,"Hay muchas formas de avanzar… y una de ellas es ganarte tu nuevo depa de estreno. 🏠💙 Abriendo tu Cuenta Ganadora, participas por 2 departamentos de estreno.

Conoce más aquí: bbva.info/45dZ3fT
#BBVA #CuentasBBVA #Avanzamos",0,0,0,0,919
2025-07-14 16:27:14,bbva_peru,Jun 10,Cuando hay que pagar los servicios existen dos tipos de personas. ¿Cuál eres tú?,0,0,0,0,825
2025-07-14 16:27:14,bbva_peru,Jun 10,"¡Un depa puede ser tuyo! 🙌 Abriendo tu Cuenta Ganadora BBVA desde S/1500, ya estás participando. Ver más información en bbva.pe/cuentas 😉

#CuentasBBVA #BBVA #Avanzamos",0,0,0,0,853
2025-07-14 16:27:14,bbva_peru,Jun 6,"¿Listo para verlos actuar por el Día del Padre? 😊 Si ese día tienes que ir al banco ya sabes que puedes elegir en qué horario hacerlo con Turno Digital desde tu App BBVA. 😎📱

Conoce más aquí: bbva.info/42vhRpz
#BBVA #BancoBBVA #TurnoDigital #Tiempo",0,0,0,0,792
2025-07-14 16:27:14,bbva_peru,Jun 4,"¿Listo para ganar uno de los 2 DEPAS DE ESTRENO que la Cuenta Ganadora BBVA tiene para ti? ¡Abriendo tu cuenta desde S/1,500 participas al instante! 🏢😎

Ábrela Aquí: bbva.info/2kw78IE
#BBVA #BancoBBVA #CuentaGanadoraBBVA #Ahorrar #CuentaDeAhorros",4,0,0,0,746
2025-07-14 16:27:14,bbva_peru,Jun 2,"Tenemos una cuenta para acompañarte en cada manera de avanzar.

#BBVA #proyectos #avanzamos",2,0,3,0,873
2025-07-14 16:27:14,bbva_peru,May 28,Para hacer realidad tu próximo proyecto necesitas un banco que te acompañe con:,4,0,1,0,872
2025-07-14 16:27:14,bbva_peru,May 26,"¿Listo para hacer realidad cada uno de tus proyectos? En BBVA, nos renovamos para acompañarte en cada paso. 😎💪

#BBVA #proyectos #Avanzamos",0,0,2,0,879
2025-07-14 16:27:14,bbva_peru,May 23,Separar tu dinero para cubrir cada gasto del mes es posible con tu App BBVA y su función...,1,0,2,0,992
2025-07-14 16:27:14,bbva_peru,May 23,"¿App o Agencia? 😎 Decide con LIBERTAD desde dónde hacer tus TRANSFERENCIAS TOTALMENTE GRATIS con la Cuenta Independencia BBVA. 💵😉

Abre tu cuenta aquí: bbva.info/32eZMcG
#BBVA #BancoBBVA #CuentaIndependencia #TransferenciasSinComisiones #CercaníaYConfianza",1,0,1,0,864
2025-07-14 16:27:14,bbva_peru,May 22,"🏠🚗🎒✨ No hay proyecto grande o pequeño, lo importante es seguir avanzando. Hoy estrenamos imagen y renovamos nuestro compromiso de acompañarte en cada paso, brindándote las herramientas que impulsan tus decisiones. ¿Avanzamos?",0,0,1,0,852
2025-07-14 16:27:14,bbva_peru,May 20,"Todos tenemos un proyecto que queremos hacer realidad👀 ¿Cuál de estos te motiva más? ¡Mejor aún, escribe el tuyo en los comentarios!",0,0,1,0,653
2025-07-14 16:27:14,bbva_peru,May 19,☝️ Con la Cuenta Independencia BBVA puedo realizar todas mis operaciones por canales físicos TOTALMENTE GRATIS.,1,0,0,0,771
2025-07-14 16:27:14,bbva_peru,May 19,"¡Aún estás a tiempo! 📷📷 Abre o incrementa tu cuenta desde S/3,200 y GANA AL INSTANTE  tu set de cubiertos Tramontina. ¡No te quedes fuera! 📷
Abre tu cuenta aquí: bbva.info/3LWb53n
#BBVA #BancoBBVA #QDA #QuincenaDelAhorro #Ahorrar",2,0,0,0,720
2025-07-14 17:19:43,bbva_peru,Jul 9,¿Cómo te convendría pagar los pasajes de tu viaje por Fiestas Patrias?,14,0,0,0,2.0K
2025-07-14 17:19:43,bbva_peru,Jun 25,"Mostremos nuestro orgullo todo el año. 🏳️‍🌈🏳️‍⚧️ En Be Yourself, ya impulsamos acciones internas para hacerlo posible, y seguiremos trabajando para que sea una realidad en todo el país. 💪😎

#BBVA #orgullo #pride",16,1,9,1,4.0K
2025-07-14 17:19:43,bbva_peru,Jun 24,"¿Avanzamos? Tus metas se hacen posible con la rentabilidad y seguridad que tiene la Cuenta Vip. Conoce más 👉 bbva.info/40jA8E9  😊

#BBVA #CuentaBBVA #VIP #metas",2,0,0,0,2.0K
2025-07-14 17:19:43,bbva_peru,Jun 18,"¿A qué zona irás en el concierto de Green Day?...
Por cierto, tus Tarjetas BBVA te dan beneficios para que puedas conseguir tus entradas. 😉🙌",3,0,0,0,2.0K
2025-07-14 17:19:43,bbva_peru,Jun 17,¿Qué cuenta sorteará en unas semanas 2 DEPAS DE ESTRENO solo por ahorrar?,1,0,0,0,1.0K
2025-07-14 17:19:43,bbva_peru,Jun 16,"Cuenta Independencia BBVA
¿Sabes todos los BENEFICIOS de la Cuenta Independencia BBVA? 

Descúbrelos aquí: bbva.info/4dUWLo4

¿Listo para avanzar?",2,0,0,0,1.0K
2025-07-14 17:19:43,bbva_peru,Jun 10,"Hay muchas formas de avanzar… y una de ellas es ganarte tu nuevo depa de estreno. 🏠💙 Abriendo tu Cuenta Ganadora, participas por 2 departamentos de estreno.

Conoce más aquí: bbva.info/45dZ3fT
#BBVA #CuentasBBVA #Avanzamos",0,0,0,0,954
2025-07-14 17:19:43,bbva_peru,Jun 10,Cuando hay que pagar los servicios existen dos tipos de personas. ¿Cuál eres tú?,0,0,0,0,850
2025-07-14 17:19:43,bbva_peru,Jun 10,"¡Un depa puede ser tuyo! 🙌 Abriendo tu Cuenta Ganadora BBVA desde S/1500, ya estás participando. Ver más información en bbva.pe/cuentas 😉

#CuentasBBVA #BBVA #Avanzamos",0,0,0,0,875
2025-07-14 17:19:43,bbva_peru,Jun 6,"¿Listo para verlos actuar por el Día del Padre? 😊 Si ese día tienes que ir al banco ya sabes que puedes elegir en qué horario hacerlo con Turno Digital desde tu App BBVA. 😎📱

Conoce más aquí: bbva.info/42vhRpz
#BBVA #BancoBBVA #TurnoDigital #Tiempo",0,0,0,0,808
2025-07-14 17:19:43,bbva_peru,Jun 4,"¿Listo para ganar uno de los 2 DEPAS DE ESTRENO que la Cuenta Ganadora BBVA tiene para ti? ¡Abriendo tu cuenta desde S/1,500 participas al instante! 🏢😎

Ábrela Aquí: bbva.info/2kw78IE
#BBVA #BancoBBVA #CuentaGanadoraBBVA #Ahorrar #CuentaDeAhorros",4,0,0,0,760
2025-07-14 17:19:43,bbva_peru,Jun 2,"Tenemos una cuenta para acompañarte en cada manera de avanzar.

#BBVA #proyectos #avanzamos",2,0,3,0,883
2025-07-14 17:19:43,bbva_peru,May 28,Para hacer realidad tu próximo proyecto necesitas un banco que te acompañe con:,4,0,1,0,878
2025-07-14 17:19:43,bbva_peru,May 26,"¿Listo para hacer realidad cada uno de tus proyectos? En BBVA, nos renovamos para acompañarte en cada paso. 😎💪

#BBVA #proyectos #Avanzamos",0,0,2,0,884
2025-07-14 17:19:43,bbva_peru,May 23,Separar tu dinero para cubrir cada gasto del mes es posible con tu App BBVA y su función...,1,0,2,0,996
2025-07-14 17:19:43,bbva_peru,May 23,"¿App o Agencia? 😎 Decide con LIBERTAD desde dónde hacer tus TRANSFERENCIAS TOTALMENTE GRATIS con la Cuenta Independencia BBVA. 💵😉

Abre tu cuenta aquí: bbva.info/32eZMcG
#BBVA #BancoBBVA #CuentaIndependencia #TransferenciasSinComisiones #CercaníaYConfianza",1,0,1,0,869
2025-07-14 17:19:43,bbva_peru,May 22,"🏠🚗🎒✨ No hay proyecto grande o pequeño, lo importante es seguir avanzando. Hoy estrenamos imagen y renovamos nuestro compromiso de acompañarte en cada paso, brindándote las herramientas que impulsan tus decisiones. ¿Avanzamos?",0,0,1,0,854
2025-07-14 17:19:43,bbva_peru,May 20,"Todos tenemos un proyecto que queremos hacer realidad👀 ¿Cuál de estos te motiva más? ¡Mejor aún, escribe el tuyo en los comentarios!",0,0,1,0,654
2025-07-14 17:19:43,bbva_peru,May 19,☝️ Con la Cuenta Independencia BBVA puedo realizar todas mis operaciones por canales físicos TOTALMENTE GRATIS.,1,0,0,0,772
2025-07-14 17:19:43,bbva_peru,May 19,"¡Aún estás a tiempo! 📷📷 Abre o incrementa tu cuenta desde S/3,200 y GANA AL INSTANTE  tu set de cubiertos Tramontina. ¡No te quedes fuera! 📷
Abre tu cuenta aquí: bbva.info/3LWb53n
#BBVA #BancoBBVA #QDA #QuincenaDelAhorro #Ahorrar",2,0,0,0,721
2025-07-14 18:31:38,bbva_peru,Jul 9,¿Cómo te convendría pagar los pasajes de tu viaje por Fiestas Patrias?,15,0,0,0,3.0K
2025-07-14 18:31:38,bbva_peru,Jun 25,"Mostremos nuestro orgullo todo el año. 🏳️‍🌈🏳️‍⚧️ En Be Yourself, ya impulsamos acciones internas para hacerlo posible, y seguiremos trabajando para que sea una realidad en todo el país. 💪😎

#BBVA #orgullo #pride",16,1,10,1,4.0K
2025-07-14 18:31:38,bbva_peru,Jun 24,"¿Avanzamos? Tus metas se hacen posible con la rentabilidad y seguridad que tiene la Cuenta Vip. Conoce más 👉 bbva.info/40jA8E9  😊

#BBVA #CuentaBBVA #VIP #metas",2,0,0,0,2.0K
2025-07-14 18:31:38,bbva_peru,Jun 18,"¿A qué zona irás en el concierto de Green Day?...
Por cierto, tus Tarjetas BBVA te dan beneficios para que puedas conseguir tus entradas. 😉🙌",3,0,0,0,2.0K
2025-07-14 18:31:38,bbva_peru,Jun 17,¿Qué cuenta sorteará en unas semanas 2 DEPAS DE ESTRENO solo por ahorrar?,1,0,1,0,1.0K
2025-07-14 18:31:38,bbva_peru,Jun 16,"Cuenta Independencia BBVA
¿Sabes todos los BENEFICIOS de la Cuenta Independencia BBVA? 

Descúbrelos aquí: bbva.info/4dUWLo4

¿Listo para avanzar?",2,0,0,0,1.0K
2025-07-14 18:31:38,bbva_peru,Jun 10,"Hay muchas formas de avanzar… y una de ellas es ganarte tu nuevo depa de estreno. 🏠💙 Abriendo tu Cuenta Ganadora, participas por 2 departamentos de estreno.

Conoce más aquí: bbva.info/45dZ3fT
#BBVA #CuentasBBVA #Avanzamos",0,0,0,0,974
2025-07-14 18:31:38,bbva_peru,Jun 10,Cuando hay que pagar los servicios existen dos tipos de personas. ¿Cuál eres tú?,0,0,0,0,863
2025-07-14 18:31:38,bbva_peru,Jun 10,"¡Un depa puede ser tuyo! 🙌 Abriendo tu Cuenta Ganadora BBVA desde S/1500, ya estás participando. Ver más información en bbva.pe/cuentas 😉

#CuentasBBVA #BBVA #Avanzamos",0,0,0,0,888
2025-07-14 18:31:38,bbva_peru,Jun 6,"¿Listo para verlos actuar por el Día del Padre? 😊 Si ese día tienes que ir al banco ya sabes que puedes elegir en qué horario hacerlo con Turno Digital desde tu App BBVA. 😎📱

Conoce más aquí: bbva.info/42vhRpz
#BBVA #BancoBBVA #TurnoDigital #Tiempo",0,0,0,0,817
2025-07-14 18:31:38,bbva_peru,Jun 4,"¿Listo para ganar uno de los 2 DEPAS DE ESTRENO que la Cuenta Ganadora BBVA tiene para ti? ¡Abriendo tu cuenta desde S/1,500 participas al instante! 🏢😎

Ábrela Aquí: bbva.info/2kw78IE
#BBVA #BancoBBVA #CuentaGanadoraBBVA #Ahorrar #CuentaDeAhorros",4,0,0,0,767
2025-07-14 18:31:38,bbva_peru,Jun 2,"Tenemos una cuenta para acompañarte en cada manera de avanzar.

#BBVA #proyectos #avanzamos",2,0,3,0,891
2025-07-14 18:31:38,bbva_peru,May 28,Para hacer realidad tu próximo proyecto necesitas un banco que te acompañe con:,4,0,1,0,883
2025-07-14 18:31:38,bbva_peru,May 26,"¿Listo para hacer realidad cada uno de tus proyectos? En BBVA, nos renovamos para acompañarte en cada paso. 😎💪

#BBVA #proyectos #Avanzamos",0,0,2,0,888
2025-07-14 18:31:38,bbva_peru,May 23,Separar tu dinero para cubrir cada gasto del mes es posible con tu App BBVA y su función...,1,0,2,0,999
2025-07-14 18:31:38,bbva_peru,May 23,"¿App o Agencia? 😎 Decide con LIBERTAD desde dónde hacer tus TRANSFERENCIAS TOTALMENTE GRATIS con la Cuenta Independencia BBVA. 💵😉

Abre tu cuenta aquí: bbva.info/32eZMcG
#BBVA #BancoBBVA #CuentaIndependencia #TransferenciasSinComisiones #CercaníaYConfianza",1,0,1,0,873
2025-07-14 18:31:38,bbva_peru,May 22,"🏠🚗🎒✨ No hay proyecto grande o pequeño, lo importante es seguir avanzando. Hoy estrenamos imagen y renovamos nuestro compromiso de acompañarte en cada paso, brindándote las herramientas que impulsan tus decisiones. ¿Avanzamos?",0,0,1,0,857
2025-07-14 18:31:38,bbva_peru,May 20,"Todos tenemos un proyecto que queremos hacer realidad👀 ¿Cuál de estos te motiva más? ¡Mejor aún, escribe el tuyo en los comentarios!",0,0,1,0,656
2025-07-14 18:31:38,bbva_peru,May 19,☝️ Con la Cuenta Independencia BBVA puedo realizar todas mis operaciones por canales físicos TOTALMENTE GRATIS.,1,0,0,0,775
2025-07-14 18:31:38,bbva_peru,May 19,"¡Aún estás a tiempo! 📷📷 Abre o incrementa tu cuenta desde S/3,200 y GANA AL INSTANTE  tu set de cubiertos Tramontina. ¡No te quedes fuera! 📷
Abre tu cuenta aquí: bbva.info/3LWb53n
#BBVA #BancoBBVA #QDA #QuincenaDelAhorro #Ahorrar",2,0,0,0,724
2025-07-14 19:16:09,bbva_peru,Jul 9,¿Cómo te convendría pagar los pasajes de tu viaje por Fiestas Patrias?,16,0,0,0,3.0K
2025-07-14 19:16:09,bbva_peru,Jun 25,"Mostremos nuestro orgullo todo el año. 🏳️‍🌈🏳️‍⚧️ En Be Yourself, ya impulsamos acciones internas para hacerlo posible, y seguiremos trabajando para que sea una realidad en todo el país. 💪😎

#BBVA #orgullo #pride",16,1,10,1,4.0K
2025-07-14 19:16:09,bbva_peru,Jun 24,"¿Avanzamos? Tus metas se hacen posible con la rentabilidad y seguridad que tiene la Cuenta Vip. Conoce más 👉 bbva.info/40jA8E9  😊

#BBVA #CuentaBBVA #VIP #metas",2,0,0,0,2.0K
2025-07-14 19:16:09,bbva_peru,Jun 18,"¿A qué zona irás en el concierto de Green Day?...
Por cierto, tus Tarjetas BBVA te dan beneficios para que puedas conseguir tus entradas. 😉🙌",3,0,0,0,2.0K
2025-07-14 19:16:09,bbva_peru,Jun 17,¿Qué cuenta sorteará en unas semanas 2 DEPAS DE ESTRENO solo por ahorrar?,1,0,1,0,1.0K
2025-07-14 19:16:09,bbva_peru,Jun 16,"Cuenta Independencia BBVA
¿Sabes todos los BENEFICIOS de la Cuenta Independencia BBVA? 

Descúbrelos aquí: bbva.info/4dUWLo4

¿Listo para avanzar?",2,0,0,0,1.0K
2025-07-14 19:16:09,bbva_peru,Jun 10,"Hay muchas formas de avanzar… y una de ellas es ganarte tu nuevo depa de estreno. 🏠💙 Abriendo tu Cuenta Ganadora, participas por 2 departamentos de estreno.

Conoce más aquí: bbva.info/45dZ3fT
#BBVA #CuentasBBVA #Avanzamos",0,0,0,0,980
2025-07-14 19:16:09,bbva_peru,Jun 10,Cuando hay que pagar los servicios existen dos tipos de personas. ¿Cuál eres tú?,0,0,0,0,869
2025-07-14 19:16:09,bbva_peru,Jun 10,"¡Un depa puede ser tuyo! 🙌 Abriendo tu Cuenta Ganadora BBVA desde S/1500, ya estás participando. Ver más información en bbva.pe/cuentas 😉

#CuentasBBVA #BBVA #Avanzamos",0,0,0,0,893
2025-07-14 19:16:09,bbva_peru,Jun 6,"¿Listo para verlos actuar por el Día del Padre? 😊 Si ese día tienes que ir al banco ya sabes que puedes elegir en qué horario hacerlo con Turno Digital desde tu App BBVA. 😎📱

Conoce más aquí: bbva.info/42vhRpz
#BBVA #BancoBBVA #TurnoDigital #Tiempo",0,0,0,0,820
2025-07-14 19:16:09,bbva_peru,Jun 4,"¿Listo para ganar uno de los 2 DEPAS DE ESTRENO que la Cuenta Ganadora BBVA tiene para ti? ¡Abriendo tu cuenta desde S/1,500 participas al instante! 🏢😎

Ábrela Aquí: bbva.info/2kw78IE
#BBVA #BancoBBVA #CuentaGanadoraBBVA #Ahorrar #CuentaDeAhorros",4,0,0,0,769
2025-07-14 19:16:09,bbva_peru,Jun 2,"Tenemos una cuenta para acompañarte en cada manera de avanzar.

#BBVA #proyectos #avanzamos",2,0,3,0,893
2025-07-14 19:16:09,bbva_peru,May 28,Para hacer realidad tu próximo proyecto necesitas un banco que te acompañe con:,4,0,1,0,885
2025-07-14 19:16:09,bbva_peru,May 26,"¿Listo para hacer realidad cada uno de tus proyectos? En BBVA, nos renovamos para acompañarte en cada paso. 😎💪

#BBVA #proyectos #Avanzamos",0,0,2,0,891
2025-07-14 19:16:09,bbva_peru,May 23,Separar tu dinero para cubrir cada gasto del mes es posible con tu App BBVA y su función...,1,0,2,0,1.0K
2025-07-14 19:16:09,bbva_peru,May 23,"¿App o Agencia? 😎 Decide con LIBERTAD desde dónde hacer tus TRANSFERENCIAS TOTALMENTE GRATIS con la Cuenta Independencia BBVA. 💵😉

Abre tu cuenta aquí: bbva.info/32eZMcG
#BBVA #BancoBBVA #CuentaIndependencia #TransferenciasSinComisiones #CercaníaYConfianza",1,0,1,0,874
2025-07-14 19:16:09,bbva_peru,May 22,"🏠🚗🎒✨ No hay proyecto grande o pequeño, lo importante es seguir avanzando. Hoy estrenamos imagen y renovamos nuestro compromiso de acompañarte en cada paso, brindándote las herramientas que impulsan tus decisiones. ¿Avanzamos?",0,0,1,0,858
2025-07-14 19:16:09,bbva_peru,May 20,"Todos tenemos un proyecto que queremos hacer realidad👀 ¿Cuál de estos te motiva más? ¡Mejor aún, escribe el tuyo en los comentarios!",0,0,1,0,657
2025-07-14 19:16:09,bbva_peru,May 19,☝️ Con la Cuenta Independencia BBVA puedo realizar todas mis operaciones por canales físicos TOTALMENTE GRATIS.,1,0,0,0,775
2025-07-14 19:16:09,bbva_peru,May 19,"¡Aún estás a tiempo! 📷📷 Abre o incrementa tu cuenta desde S/3,200 y GANA AL INSTANTE  tu set de cubiertos Tramontina. ¡No te quedes fuera! 📷
Abre tu cuenta aquí: bbva.info/3LWb53n
#BBVA #BancoBBVA #QDA #QuincenaDelAhorro #Ahorrar",2,0,0,0,724
2025-07-14 20:23:28,bbva_peru,Jul 9,¿Cómo te convendría pagar los pasajes de tu viaje por Fiestas Patrias?,16,0,0,0,3.0K
2025-07-14 20:23:28,bbva_peru,Jun 25,"Mostremos nuestro orgullo todo el año. 🏳️‍🌈🏳️‍⚧️ En Be Yourself, ya impulsamos acciones internas para hacerlo posible, y seguiremos trabajando para que sea una realidad en todo el país. 💪😎

#BBVA #orgullo #pride",16,1,10,1,4.0K
2025-07-14 20:23:28,bbva_peru,Jun 24,"¿Avanzamos? Tus metas se hacen posible con la rentabilidad y seguridad que tiene la Cuenta Vip. Conoce más 👉 bbva.info/40jA8E9  😊

#BBVA #CuentaBBVA #VIP #metas",2,0,0,0,2.0K
2025-07-14 20:23:28,bbva_peru,Jun 18,"¿A qué zona irás en el concierto de Green Day?...
Por cierto, tus Tarjetas BBVA te dan beneficios para que puedas conseguir tus entradas. 😉🙌",3,0,0,0,2.0K
2025-07-14 20:23:28,bbva_peru,Jun 17,¿Qué cuenta sorteará en unas semanas 2 DEPAS DE ESTRENO solo por ahorrar?,1,0,1,0,1.0K
2025-07-14 20:23:28,bbva_peru,Jun 16,"Cuenta Independencia BBVA
¿Sabes todos los BENEFICIOS de la Cuenta Independencia BBVA? 

Descúbrelos aquí: bbva.info/4dUWLo4

¿Listo para avanzar?",2,0,0,0,1.0K
2025-07-14 20:23:28,bbva_peru,Jun 10,"Hay muchas formas de avanzar… y una de ellas es ganarte tu nuevo depa de estreno. 🏠💙 Abriendo tu Cuenta Ganadora, participas por 2 departamentos de estreno.

Conoce más aquí: bbva.info/45dZ3fT
#BBVA #CuentasBBVA #Avanzamos",0,0,0,0,989
2025-07-14 20:23:28,bbva_peru,Jun 10,Cuando hay que pagar los servicios existen dos tipos de personas. ¿Cuál eres tú?,0,0,0,0,872
2025-07-14 20:23:28,bbva_peru,Jun 10,"¡Un depa puede ser tuyo! 🙌 Abriendo tu Cuenta Ganadora BBVA desde S/1500, ya estás participando. Ver más información en bbva.pe/cuentas 😉

#CuentasBBVA #BBVA #Avanzamos",0,0,0,0,895
2025-07-14 20:23:28,bbva_peru,Jun 6,"¿Listo para verlos actuar por el Día del Padre? 😊 Si ese día tienes que ir al banco ya sabes que puedes elegir en qué horario hacerlo con Turno Digital desde tu App BBVA. 😎📱

Conoce más aquí: bbva.info/42vhRpz
#BBVA #BancoBBVA #TurnoDigital #Tiempo",0,0,0,0,822
2025-07-14 20:23:28,bbva_peru,Jun 4,"¿Listo para ganar uno de los 2 DEPAS DE ESTRENO que la Cuenta Ganadora BBVA tiene para ti? ¡Abriendo tu cuenta desde S/1,500 participas al instante! 🏢😎

Ábrela Aquí: bbva.info/2kw78IE
#BBVA #BancoBBVA #CuentaGanadoraBBVA #Ahorrar #CuentaDeAhorros",4,0,0,0,771
2025-07-14 20:23:28,bbva_peru,Jun 2,"Tenemos una cuenta para acompañarte en cada manera de avanzar.

#BBVA #proyectos #avanzamos",2,0,3,0,894
2025-07-14 20:23:28,bbva_peru,May 28,Para hacer realidad tu próximo proyecto necesitas un banco que te acompañe con:,4,0,1,0,886
2025-07-14 20:23:28,bbva_peru,May 26,"¿Listo para hacer realidad cada uno de tus proyectos? En BBVA, nos renovamos para acompañarte en cada paso. 😎💪

#BBVA #proyectos #Avanzamos",0,0,2,0,892
2025-07-14 20:23:28,bbva_peru,May 23,Separar tu dinero para cubrir cada gasto del mes es posible con tu App BBVA y su función...,1,0,2,0,1.0K
2025-07-14 20:23:28,bbva_peru,May 23,"¿App o Agencia? 😎 Decide con LIBERTAD desde dónde hacer tus TRANSFERENCIAS TOTALMENTE GRATIS con la Cuenta Independencia BBVA. 💵😉

Abre tu cuenta aquí: bbva.info/32eZMcG
#BBVA #BancoBBVA #CuentaIndependencia #TransferenciasSinComisiones #CercaníaYConfianza",1,0,1,0,876
2025-07-14 20:23:28,bbva_peru,May 22,"🏠🚗🎒✨ No hay proyecto grande o pequeño, lo importante es seguir avanzando. Hoy estrenamos imagen y renovamos nuestro compromiso de acompañarte en cada paso, brindándote las herramientas que impulsan tus decisiones. ¿Avanzamos?",0,0,1,0,859
2025-07-14 20:23:28,bbva_peru,May 20,"Todos tenemos un proyecto que queremos hacer realidad👀 ¿Cuál de estos te motiva más? ¡Mejor aún, escribe el tuyo en los comentarios!",0,0,1,0,657
2025-07-14 20:23:28,bbva_peru,May 19,☝️ Con la Cuenta Independencia BBVA puedo realizar todas mis operaciones por canales físicos TOTALMENTE GRATIS.,1,0,0,0,775
2025-07-14 20:23:28,bbva_peru,May 19,"¡Aún estás a tiempo! 📷📷 Abre o incrementa tu cuenta desde S/3,200 y GANA AL INSTANTE  tu set de cubiertos Tramontina. ¡No te quedes fuera! 📷
Abre tu cuenta aquí: bbva.info/3LWb53n
#BBVA #BancoBBVA #QDA #QuincenaDelAhorro #Ahorrar",2,0,0,0,724
2025-07-14 21:20:14,bbva_peru,Jul 9,¿Cómo te convendría pagar los pasajes de tu viaje por Fiestas Patrias?,16,0,0,0,3.0K
2025-07-14 21:20:14,bbva_peru,Jun 25,"Mostremos nuestro orgullo todo el año. 🏳️‍🌈🏳️‍⚧️ En Be Yourself, ya impulsamos acciones internas para hacerlo posible, y seguiremos trabajando para que sea una realidad en todo el país. 💪😎

#BBVA #orgullo #pride",16,1,10,1,4.0K
2025-07-14 21:20:14,bbva_peru,Jun 24,"¿Avanzamos? Tus metas se hacen posible con la rentabilidad y seguridad que tiene la Cuenta Vip. Conoce más 👉 bbva.info/40jA8E9  😊

#BBVA #CuentaBBVA #VIP #metas",2,0,0,0,2.0K
2025-07-14 21:20:14,bbva_peru,Jun 18,"¿A qué zona irás en el concierto de Green Day?...
Por cierto, tus Tarjetas BBVA te dan beneficios para que puedas conseguir tus entradas. 😉🙌",3,0,0,0,2.0K
2025-07-14 21:20:14,bbva_peru,Jun 17,¿Qué cuenta sorteará en unas semanas 2 DEPAS DE ESTRENO solo por ahorrar?,1,0,1,0,1.0K
2025-07-14 21:20:14,bbva_peru,Jun 16,"Cuenta Independencia BBVA
¿Sabes todos los BENEFICIOS de la Cuenta Independencia BBVA? 

Descúbrelos aquí: bbva.info/4dUWLo4

¿Listo para avanzar?",2,0,0,0,1.0K
2025-07-14 21:20:14,bbva_peru,Jun 10,"Hay muchas formas de avanzar… y una de ellas es ganarte tu nuevo depa de estreno. 🏠💙 Abriendo tu Cuenta Ganadora, participas por 2 departamentos de estreno.

Conoce más aquí: bbva.info/45dZ3fT
#BBVA #CuentasBBVA #Avanzamos",0,0,0,0,991
2025-07-14 21:20:14,bbva_peru,Jun 10,Cuando hay que pagar los servicios existen dos tipos de personas. ¿Cuál eres tú?,0,0,0,0,874
2025-07-14 21:20:14,bbva_peru,Jun 10,"¡Un depa puede ser tuyo! 🙌 Abriendo tu Cuenta Ganadora BBVA desde S/1500, ya estás participando. Ver más información en bbva.pe/cuentas 😉

#CuentasBBVA #BBVA #Avanzamos",0,0,0,0,897
2025-07-14 21:20:14,bbva_peru,Jun 6,"¿Listo para verlos actuar por el Día del Padre? 😊 Si ese día tienes que ir al banco ya sabes que puedes elegir en qué horario hacerlo con Turno Digital desde tu App BBVA. 😎📱

Conoce más aquí: bbva.info/42vhRpz
#BBVA #BancoBBVA #TurnoDigital #Tiempo",0,0,0,0,824
2025-07-14 21:20:14,bbva_peru,Jun 4,"¿Listo para ganar uno de los 2 DEPAS DE ESTRENO que la Cuenta Ganadora BBVA tiene para ti? ¡Abriendo tu cuenta desde S/1,500 participas al instante! 🏢😎

Ábrela Aquí: bbva.info/2kw78IE
#BBVA #BancoBBVA #CuentaGanadoraBBVA #Ahorrar #CuentaDeAhorros",4,0,0,0,772
2025-07-14 21:20:14,bbva_peru,Jun 2,"Tenemos una cuenta para acompañarte en cada manera de avanzar.

#BBVA #proyectos #avanzamos",2,0,3,0,895
2025-07-14 21:20:14,bbva_peru,May 28,Para hacer realidad tu próximo proyecto necesitas un banco que te acompañe con:,4,0,1,0,887
2025-07-14 21:20:14,bbva_peru,May 26,"¿Listo para hacer realidad cada uno de tus proyectos? En BBVA, nos renovamos para acompañarte en cada paso. 😎💪

#BBVA #proyectos #Avanzamos",0,0,2,0,893
2025-07-14 21:20:14,bbva_peru,May 23,Separar tu dinero para cubrir cada gasto del mes es posible con tu App BBVA y su función...,1,0,2,0,1.0K
2025-07-14 21:20:14,bbva_peru,May 23,"¿App o Agencia? 😎 Decide con LIBERTAD desde dónde hacer tus TRANSFERENCIAS TOTALMENTE GRATIS con la Cuenta Independencia BBVA. 💵😉

Abre tu cuenta aquí: bbva.info/32eZMcG
#BBVA #BancoBBVA #CuentaIndependencia #TransferenciasSinComisiones #CercaníaYConfianza",1,0,1,0,877
2025-07-14 21:20:14,bbva_peru,May 22,"🏠🚗🎒✨ No hay proyecto grande o pequeño, lo importante es seguir avanzando. Hoy estrenamos imagen y renovamos nuestro compromiso de acompañarte en cada paso, brindándote las herramientas que impulsan tus decisiones. ¿Avanzamos?",0,0,1,0,860
2025-07-14 21:20:14,bbva_peru,May 20,"Todos tenemos un proyecto que queremos hacer realidad👀 ¿Cuál de estos te motiva más? ¡Mejor aún, escribe el tuyo en los comentarios!",0,0,1,0,656
2025-07-14 21:20:14,bbva_peru,May 19,☝️ Con la Cuenta Independencia BBVA puedo realizar todas mis operaciones por canales físicos TOTALMENTE GRATIS.,1,0,0,0,775
2025-07-14 21:20:14,bbva_peru,May 19,"¡Aún estás a tiempo! 📷📷 Abre o incrementa tu cuenta desde S/3,200 y GANA AL INSTANTE  tu set de cubiertos Tramontina. ¡No te quedes fuera! 📷
Abre tu cuenta aquí: bbva.info/3LWb53n
#BBVA #BancoBBVA #QDA #QuincenaDelAhorro #Ahorrar",2,0,0,0,724
2025-07-14 22:20:05,bbva_peru,Jul 9,¿Cómo te convendría pagar los pasajes de tu viaje por Fiestas Patrias?,17,0,0,0,3.0K
2025-07-14 22:20:05,bbva_peru,Jun 25,"Mostremos nuestro orgullo todo el año. 🏳️‍🌈🏳️‍⚧️ En Be Yourself, ya impulsamos acciones internas para hacerlo posible, y seguiremos trabajando para que sea una realidad en todo el país. 💪😎

#BBVA #orgullo #pride",17,1,10,1,4.0K
2025-07-14 22:20:05,bbva_peru,Jun 24,"¿Avanzamos? Tus metas se hacen posible con la rentabilidad y seguridad que tiene la Cuenta Vip. Conoce más 👉 bbva.info/40jA8E9  😊

#BBVA #CuentaBBVA #VIP #metas",2,0,0,0,2.0K
2025-07-14 22:20:05,bbva_peru,Jun 18,"¿A qué zona irás en el concierto de Green Day?...
Por cierto, tus Tarjetas BBVA te dan beneficios para que puedas conseguir tus entradas. 😉🙌",3,0,0,0,2.0K
2025-07-14 22:20:05,bbva_peru,Jun 17,¿Qué cuenta sorteará en unas semanas 2 DEPAS DE ESTRENO solo por ahorrar?,1,0,1,0,1.0K
2025-07-14 22:20:05,bbva_peru,Jun 16,"Cuenta Independencia BBVA
¿Sabes todos los BENEFICIOS de la Cuenta Independencia BBVA? 

Descúbrelos aquí: bbva.info/4dUWLo4

¿Listo para avanzar?",2,0,0,0,1.0K
2025-07-14 22:20:05,bbva_peru,Jun 10,"Hay muchas formas de avanzar… y una de ellas es ganarte tu nuevo depa de estreno. 🏠💙 Abriendo tu Cuenta Ganadora, participas por 2 departamentos de estreno.

Conoce más aquí: bbva.info/45dZ3fT
#BBVA #CuentasBBVA #Avanzamos",0,0,0,0,995
2025-07-14 22:20:05,bbva_peru,Jun 10,Cuando hay que pagar los servicios existen dos tipos de personas. ¿Cuál eres tú?,0,0,0,0,878
2025-07-14 22:20:05,bbva_peru,Jun 10,"¡Un depa puede ser tuyo! 🙌 Abriendo tu Cuenta Ganadora BBVA desde S/1500, ya estás participando. Ver más información en bbva.pe/cuentas 😉

#CuentasBBVA #BBVA #Avanzamos",0,0,0,0,901
2025-07-14 22:20:05,bbva_peru,Jun 6,"¿Listo para verlos actuar por el Día del Padre? 😊 Si ese día tienes que ir al banco ya sabes que puedes elegir en qué horario hacerlo con Turno Digital desde tu App BBVA. 😎📱

Conoce más aquí: bbva.info/42vhRpz
#BBVA #BancoBBVA #TurnoDigital #Tiempo",0,0,0,0,828
2025-07-14 22:20:05,bbva_peru,Jun 4,"¿Listo para ganar uno de los 2 DEPAS DE ESTRENO que la Cuenta Ganadora BBVA tiene para ti? ¡Abriendo tu cuenta desde S/1,500 participas al instante! 🏢😎

Ábrela Aquí: bbva.info/2kw78IE
#BBVA #BancoBBVA #CuentaGanadoraBBVA #Ahorrar #CuentaDeAhorros",4,0,0,0,775
2025-07-14 22:20:05,bbva_peru,Jun 2,"Tenemos una cuenta para acompañarte en cada manera de avanzar.

#BBVA #proyectos #avanzamos",2,0,3,0,898
2025-07-14 22:20:05,bbva_peru,May 28,Para hacer realidad tu próximo proyecto necesitas un banco que te acompañe con:,4,0,1,0,890
2025-07-14 22:20:05,bbva_peru,May 26,"¿Listo para hacer realidad cada uno de tus proyectos? En BBVA, nos renovamos para acompañarte en cada paso. 😎💪

#BBVA #proyectos #Avanzamos",0,0,2,0,896
2025-07-14 22:20:05,bbva_peru,May 23,Separar tu dinero para cubrir cada gasto del mes es posible con tu App BBVA y su función...,1,0,2,0,1.0K
2025-07-14 22:20:05,bbva_peru,May 23,"¿App o Agencia? 😎 Decide con LIBERTAD desde dónde hacer tus TRANSFERENCIAS TOTALMENTE GRATIS con la Cuenta Independencia BBVA. 💵😉

Abre tu cuenta aquí: bbva.info/32eZMcG
#BBVA #BancoBBVA #CuentaIndependencia #TransferenciasSinComisiones #CercaníaYConfianza",1,0,1,0,880
2025-07-14 22:20:05,bbva_peru,May 22,"🏠🚗🎒✨ No hay proyecto grande o pequeño, lo importante es seguir avanzando. Hoy estrenamos imagen y renovamos nuestro compromiso de acompañarte en cada paso, brindándote las herramientas que impulsan tus decisiones. ¿Avanzamos?",0,0,1,0,862
2025-07-14 22:20:05,bbva_peru,May 20,"Todos tenemos un proyecto que queremos hacer realidad👀 ¿Cuál de estos te motiva más? ¡Mejor aún, escribe el tuyo en los comentarios!",0,0,1,0,660
2025-07-14 22:20:05,bbva_peru,May 19,☝️ Con la Cuenta Independencia BBVA puedo realizar todas mis operaciones por canales físicos TOTALMENTE GRATIS.,1,0,0,0,778
2025-07-14 22:20:05,bbva_peru,May 19,"¡Aún estás a tiempo! 📷📷 Abre o incrementa tu cuenta desde S/3,200 y GANA AL INSTANTE  tu set de cubiertos Tramontina. ¡No te quedes fuera! 📷
Abre tu cuenta aquí: bbva.info/3LWb53n
#BBVA #BancoBBVA #QDA #QuincenaDelAhorro #Ahorrar",2,0,0,0,726
2025-07-14 23:20:04,bbva_peru,Jul 9,¿Cómo te convendría pagar los pasajes de tu viaje por Fiestas Patrias?,17,0,0,0,3.0K
2025-07-14 23:20:04,bbva_peru,Jun 25,"Mostremos nuestro orgullo todo el año. 🏳️‍🌈🏳️‍⚧️ En Be Yourself, ya impulsamos acciones internas para hacerlo posible, y seguiremos trabajando para que sea una realidad en todo el país. 💪😎

#BBVA #orgullo #pride",17,1,10,1,4.0K
2025-07-14 23:20:04,bbva_peru,Jun 24,"¿Avanzamos? Tus metas se hacen posible con la rentabilidad y seguridad que tiene la Cuenta Vip. Conoce más 👉 bbva.info/40jA8E9  😊

#BBVA #CuentaBBVA #VIP #metas",2,0,0,0,2.0K
2025-07-14 23:20:04,bbva_peru,Jun 18,"¿A qué zona irás en el concierto de Green Day?...
Por cierto, tus Tarjetas BBVA te dan beneficios para que puedas conseguir tus entradas. 😉🙌",3,0,0,0,2.0K
2025-07-14 23:20:04,bbva_peru,Jun 17,¿Qué cuenta sorteará en unas semanas 2 DEPAS DE ESTRENO solo por ahorrar?,1,0,1,0,1.0K
2025-07-14 23:20:04,bbva_peru,Jun 16,"Cuenta Independencia BBVA
¿Sabes todos los BENEFICIOS de la Cuenta Independencia BBVA? 

Descúbrelos aquí: bbva.info/4dUWLo4

¿Listo para avanzar?",2,0,0,0,1.0K
2025-07-14 23:20:04,bbva_peru,Jun 10,"Hay muchas formas de avanzar… y una de ellas es ganarte tu nuevo depa de estreno. 🏠💙 Abriendo tu Cuenta Ganadora, participas por 2 departamentos de estreno.

Conoce más aquí: bbva.info/45dZ3fT
#BBVA #CuentasBBVA #Avanzamos",0,0,0,0,997
2025-07-14 23:20:04,bbva_peru,Jun 10,Cuando hay que pagar los servicios existen dos tipos de personas. ¿Cuál eres tú?,0,0,0,0,879
2025-07-14 23:20:04,bbva_peru,Jun 10,"¡Un depa puede ser tuyo! 🙌 Abriendo tu Cuenta Ganadora BBVA desde S/1500, ya estás participando. Ver más información en bbva.pe/cuentas 😉

#CuentasBBVA #BBVA #Avanzamos",0,0,0,0,902
2025-07-14 23:20:04,bbva_peru,Jun 6,"¿Listo para verlos actuar por el Día del Padre? 😊 Si ese día tienes que ir al banco ya sabes que puedes elegir en qué horario hacerlo con Turno Digital desde tu App BBVA. 😎📱

Conoce más aquí: bbva.info/42vhRpz
#BBVA #BancoBBVA #TurnoDigital #Tiempo",0,0,0,0,829
2025-07-14 23:20:04,bbva_peru,Jun 4,"¿Listo para ganar uno de los 2 DEPAS DE ESTRENO que la Cuenta Ganadora BBVA tiene para ti? ¡Abriendo tu cuenta desde S/1,500 participas al instante! 🏢😎

Ábrela Aquí: bbva.info/2kw78IE
#BBVA #BancoBBVA #CuentaGanadoraBBVA #Ahorrar #CuentaDeAhorros",4,0,0,0,775
2025-07-14 23:20:04,bbva_peru,Jun 2,"Tenemos una cuenta para acompañarte en cada manera de avanzar.

#BBVA #proyectos #avanzamos",2,0,3,0,898
2025-07-14 23:20:04,bbva_peru,May 28,Para hacer realidad tu próximo proyecto necesitas un banco que te acompañe con:,4,0,1,0,890
2025-07-14 23:20:04,bbva_peru,May 26,"¿Listo para hacer realidad cada uno de tus proyectos? En BBVA, nos renovamos para acompañarte en cada paso. 😎💪

#BBVA #proyectos #Avanzamos",0,0,2,0,895
2025-07-14 23:20:04,bbva_peru,May 23,Separar tu dinero para cubrir cada gasto del mes es posible con tu App BBVA y su función...,1,0,2,0,1.0K
2025-07-14 23:20:04,bbva_peru,May 23,"¿App o Agencia? 😎 Decide con LIBERTAD desde dónde hacer tus TRANSFERENCIAS TOTALMENTE GRATIS con la Cuenta Independencia BBVA. 💵😉

Abre tu cuenta aquí: bbva.info/32eZMcG
#BBVA #BancoBBVA #CuentaIndependencia #TransferenciasSinComisiones #CercaníaYConfianza",1,0,1,0,880
2025-07-14 23:20:04,bbva_peru,May 22,"🏠🚗🎒✨ No hay proyecto grande o pequeño, lo importante es seguir avanzando. Hoy estrenamos imagen y renovamos nuestro compromiso de acompañarte en cada paso, brindándote las herramientas que impulsan tus decisiones. ¿Avanzamos?",0,0,1,0,863
2025-07-14 23:20:04,bbva_peru,May 20,"Todos tenemos un proyecto que queremos hacer realidad👀 ¿Cuál de estos te motiva más? ¡Mejor aún, escribe el tuyo en los comentarios!",0,0,1,0,660
2025-07-14 23:20:04,bbva_peru,May 19,☝️ Con la Cuenta Independencia BBVA puedo realizar todas mis operaciones por canales físicos TOTALMENTE GRATIS.,1,0,0,0,778
2025-07-14 23:20:04,bbva_peru,May 19,"¡Aún estás a tiempo! 📷📷 Abre o incrementa tu cuenta desde S/3,200 y GANA AL INSTANTE  tu set de cubiertos Tramontina. ¡No te quedes fuera! 📷
Abre tu cuenta aquí: bbva.info/3LWb53n
#BBVA #BancoBBVA #QDA #QuincenaDelAhorro #Ahorrar",2,0,0,0,726
2025-07-15 01:49:15,bbva_peru,Jul 9,¿Cómo te convendría pagar los pasajes de tu viaje por Fiestas Patrias?,17,0,0,0,3.0K
2025-07-15 01:49:15,bbva_peru,Jun 25,"Mostremos nuestro orgullo todo el año. 🏳️‍🌈🏳️‍⚧️ En Be Yourself, ya impulsamos acciones internas para hacerlo posible, y seguiremos trabajando para que sea una realidad en todo el país. 💪😎

#BBVA #orgullo #pride",17,1,10,1,4.0K
2025-07-15 01:49:15,bbva_peru,Jun 24,"¿Avanzamos? Tus metas se hacen posible con la rentabilidad y seguridad que tiene la Cuenta Vip. Conoce más 👉 bbva.info/40jA8E9  😊

#BBVA #CuentaBBVA #VIP #metas",2,0,0,0,2.0K
2025-07-15 01:49:15,bbva_peru,Jun 18,"¿A qué zona irás en el concierto de Green Day?...
Por cierto, tus Tarjetas BBVA te dan beneficios para que puedas conseguir tus entradas. 😉🙌",3,0,0,0,2.0K
2025-07-15 01:49:15,bbva_peru,Jun 17,¿Qué cuenta sorteará en unas semanas 2 DEPAS DE ESTRENO solo por ahorrar?,1,0,1,0,1.0K
2025-07-15 01:49:15,bbva_peru,Jun 16,"Cuenta Independencia BBVA
¿Sabes todos los BENEFICIOS de la Cuenta Independencia BBVA? 

Descúbrelos aquí: bbva.info/4dUWLo4

¿Listo para avanzar?",2,0,0,0,1.0K
2025-07-15 01:49:15,bbva_peru,Jun 10,"Hay muchas formas de avanzar… y una de ellas es ganarte tu nuevo depa de estreno. 🏠💙 Abriendo tu Cuenta Ganadora, participas por 2 departamentos de estreno.

Conoce más aquí: bbva.info/45dZ3fT
#BBVA #CuentasBBVA #Avanzamos",0,0,0,0,1.0K
2025-07-15 01:49:15,bbva_peru,Jun 10,Cuando hay que pagar los servicios existen dos tipos de personas. ¿Cuál eres tú?,0,0,0,0,882
2025-07-15 01:49:15,bbva_peru,Jun 10,"¡Un depa puede ser tuyo! 🙌 Abriendo tu Cuenta Ganadora BBVA desde S/1500, ya estás participando. Ver más información en bbva.pe/cuentas 😉

#CuentasBBVA #BBVA #Avanzamos",0,0,0,0,905
2025-07-15 01:49:15,bbva_peru,Jun 6,"¿Listo para verlos actuar por el Día del Padre? 😊 Si ese día tienes que ir al banco ya sabes que puedes elegir en qué horario hacerlo con Turno Digital desde tu App BBVA. 😎📱

Conoce más aquí: bbva.info/42vhRpz
#BBVA #BancoBBVA #TurnoDigital #Tiempo",0,0,0,0,831
2025-07-15 01:49:15,bbva_peru,Jun 4,"¿Listo para ganar uno de los 2 DEPAS DE ESTRENO que la Cuenta Ganadora BBVA tiene para ti? ¡Abriendo tu cuenta desde S/1,500 participas al instante! 🏢😎

Ábrela Aquí: bbva.info/2kw78IE
#BBVA #BancoBBVA #CuentaGanadoraBBVA #Ahorrar #CuentaDeAhorros",4,0,0,0,777
2025-07-15 01:49:15,bbva_peru,Jun 2,"Tenemos una cuenta para acompañarte en cada manera de avanzar.

#BBVA #proyectos #avanzamos",2,0,3,0,900
2025-07-15 01:49:15,bbva_peru,May 28,Para hacer realidad tu próximo proyecto necesitas un banco que te acompañe con:,4,0,1,0,891
2025-07-15 01:49:15,bbva_peru,May 26,"¿Listo para hacer realidad cada uno de tus proyectos? En BBVA, nos renovamos para acompañarte en cada paso. 😎💪

#BBVA #proyectos #Avanzamos",0,0,2,0,896
2025-07-15 01:49:15,bbva_peru,May 23,Separar tu dinero para cubrir cada gasto del mes es posible con tu App BBVA y su función...,1,0,2,0,1.0K
2025-07-15 01:49:15,bbva_peru,May 23,"¿App o Agencia? 😎 Decide con LIBERTAD desde dónde hacer tus TRANSFERENCIAS TOTALMENTE GRATIS con la Cuenta Independencia BBVA. 💵😉

Abre tu cuenta aquí: bbva.info/32eZMcG
#BBVA #BancoBBVA #CuentaIndependencia #TransferenciasSinComisiones #CercaníaYConfianza",1,0,1,0,881
2025-07-15 01:49:15,bbva_peru,May 22,"🏠🚗🎒✨ No hay proyecto grande o pequeño, lo importante es seguir avanzando. Hoy estrenamos imagen y renovamos nuestro compromiso de acompañarte en cada paso, brindándote las herramientas que impulsan tus decisiones. ¿Avanzamos?",0,0,1,0,864
2025-07-15 01:49:15,bbva_peru,May 20,"Todos tenemos un proyecto que queremos hacer realidad👀 ¿Cuál de estos te motiva más? ¡Mejor aún, escribe el tuyo en los comentarios!",0,0,1,0,661
2025-07-15 01:49:15,bbva_peru,May 19,☝️ Con la Cuenta Independencia BBVA puedo realizar todas mis operaciones por canales físicos TOTALMENTE GRATIS.,1,0,0,0,779
2025-07-15 01:49:15,bbva_peru,May 19,"¡Aún estás a tiempo! 📷📷 Abre o incrementa tu cuenta desde S/3,200 y GANA AL INSTANTE  tu set de cubiertos Tramontina. ¡No te quedes fuera! 📷
Abre tu cuenta aquí: bbva.info/3LWb53n
#BBVA #BancoBBVA #QDA #QuincenaDelAhorro #Ahorrar",2,0,0,0,727
2025-07-15 03:38:40,bbva_peru,Jul 9,¿Cómo te convendría pagar los pasajes de tu viaje por Fiestas Patrias?,17,0,0,0,3.0K
2025-07-15 03:38:40,bbva_peru,Jun 25,"Mostremos nuestro orgullo todo el año. 🏳️‍🌈🏳️‍⚧️ En Be Yourself, ya impulsamos acciones internas para hacerlo posible, y seguiremos trabajando para que sea una realidad en todo el país. 💪😎

#BBVA #orgullo #pride",17,1,10,1,4.0K
2025-07-15 03:38:40,bbva_peru,Jun 24,"¿Avanzamos? Tus metas se hacen posible con la rentabilidad y seguridad que tiene la Cuenta Vip. Conoce más 👉 bbva.info/40jA8E9  😊

#BBVA #CuentaBBVA #VIP #metas",2,0,0,0,2.0K
2025-07-15 03:38:40,bbva_peru,Jun 18,"¿A qué zona irás en el concierto de Green Day?...
Por cierto, tus Tarjetas BBVA te dan beneficios para que puedas conseguir tus entradas. 😉🙌",3,0,0,0,2.0K
2025-07-15 03:38:40,bbva_peru,Jun 17,¿Qué cuenta sorteará en unas semanas 2 DEPAS DE ESTRENO solo por ahorrar?,1,0,1,0,1.0K
2025-07-15 03:38:40,bbva_peru,Jun 16,"Cuenta Independencia BBVA
¿Sabes todos los BENEFICIOS de la Cuenta Independencia BBVA? 

Descúbrelos aquí: bbva.info/4dUWLo4

¿Listo para avanzar?",2,0,0,0,1.0K
2025-07-15 03:38:40,bbva_peru,Jun 10,"Hay muchas formas de avanzar… y una de ellas es ganarte tu nuevo depa de estreno. 🏠💙 Abriendo tu Cuenta Ganadora, participas por 2 departamentos de estreno.

Conoce más aquí: bbva.info/45dZ3fT
#BBVA #CuentasBBVA #Avanzamos",0,0,0,0,1.0K
2025-07-15 03:38:40,bbva_peru,Jun 10,Cuando hay que pagar los servicios existen dos tipos de personas. ¿Cuál eres tú?,0,0,0,0,882
2025-07-15 03:38:40,bbva_peru,Jun 10,"¡Un depa puede ser tuyo! 🙌 Abriendo tu Cuenta Ganadora BBVA desde S/1500, ya estás participando. Ver más información en bbva.pe/cuentas 😉

#CuentasBBVA #BBVA #Avanzamos",0,0,0,0,905
2025-07-15 03:38:40,bbva_peru,Jun 6,"¿Listo para verlos actuar por el Día del Padre? 😊 Si ese día tienes que ir al banco ya sabes que puedes elegir en qué horario hacerlo con Turno Digital desde tu App BBVA. 😎📱

Conoce más aquí: bbva.info/42vhRpz
#BBVA #BancoBBVA #TurnoDigital #Tiempo",0,0,0,0,831
2025-07-15 03:38:40,bbva_peru,Jun 4,"¿Listo para ganar uno de los 2 DEPAS DE ESTRENO que la Cuenta Ganadora BBVA tiene para ti? ¡Abriendo tu cuenta desde S/1,500 participas al instante! 🏢😎

Ábrela Aquí: bbva.info/2kw78IE
#BBVA #BancoBBVA #CuentaGanadoraBBVA #Ahorrar #CuentaDeAhorros",4,0,0,0,777
2025-07-15 03:38:40,bbva_peru,Jun 2,"Tenemos una cuenta para acompañarte en cada manera de avanzar.

#BBVA #proyectos #avanzamos",2,0,3,0,900
2025-07-15 03:38:40,bbva_peru,May 28,Para hacer realidad tu próximo proyecto necesitas un banco que te acompañe con:,4,0,1,0,891
2025-07-15 03:38:40,bbva_peru,May 26,"¿Listo para hacer realidad cada uno de tus proyectos? En BBVA, nos renovamos para acompañarte en cada paso. 😎💪

#BBVA #proyectos #Avanzamos",0,0,2,0,896
2025-07-15 03:38:40,bbva_peru,May 23,Separar tu dinero para cubrir cada gasto del mes es posible con tu App BBVA y su función...,1,0,2,0,1.0K
2025-07-15 03:38:40,bbva_peru,May 23,"¿App o Agencia? 😎 Decide con LIBERTAD desde dónde hacer tus TRANSFERENCIAS TOTALMENTE GRATIS con la Cuenta Independencia BBVA. 💵😉

Abre tu cuenta aquí: bbva.info/32eZMcG
#BBVA #BancoBBVA #CuentaIndependencia #TransferenciasSinComisiones #CercaníaYConfianza",1,0,1,0,881
2025-07-15 03:38:40,bbva_peru,May 22,"🏠🚗🎒✨ No hay proyecto grande o pequeño, lo importante es seguir avanzando. Hoy estrenamos imagen y renovamos nuestro compromiso de acompañarte en cada paso, brindándote las herramientas que impulsan tus decisiones. ¿Avanzamos?",0,0,1,0,864
2025-07-15 03:38:40,bbva_peru,May 20,"Todos tenemos un proyecto que queremos hacer realidad👀 ¿Cuál de estos te motiva más? ¡Mejor aún, escribe el tuyo en los comentarios!",0,0,1,0,661
2025-07-15 03:38:40,bbva_peru,May 19,☝️ Con la Cuenta Independencia BBVA puedo realizar todas mis operaciones por canales físicos TOTALMENTE GRATIS.,1,0,0,0,779
2025-07-15 03:38:40,bbva_peru,May 19,"¡Aún estás a tiempo! 📷📷 Abre o incrementa tu cuenta desde S/3,200 y GANA AL INSTANTE  tu set de cubiertos Tramontina. ¡No te quedes fuera! 📷
Abre tu cuenta aquí: bbva.info/3LWb53n
#BBVA #BancoBBVA #QDA #QuincenaDelAhorro #Ahorrar",2,0,0,0,727
2025-07-15 04:39:11,bbva_peru,Jul 9,¿Cómo te convendría pagar los pasajes de tu viaje por Fiestas Patrias?,17,0,0,0,3.0K
2025-07-15 04:39:11,bbva_peru,Jun 25,"Mostremos nuestro orgullo todo el año. 🏳️‍🌈🏳️‍⚧️ En Be Yourself, ya impulsamos acciones internas para hacerlo posible, y seguiremos trabajando para que sea una realidad en todo el país. 💪😎

#BBVA #orgullo #pride",17,1,10,1,4.0K
2025-07-15 04:39:11,bbva_peru,Jun 24,"¿Avanzamos? Tus metas se hacen posible con la rentabilidad y seguridad que tiene la Cuenta Vip. Conoce más 👉 bbva.info/40jA8E9  😊

#BBVA #CuentaBBVA #VIP #metas",2,0,0,0,2.0K
2025-07-15 04:39:11,bbva_peru,Jun 18,"¿A qué zona irás en el concierto de Green Day?...
Por cierto, tus Tarjetas BBVA te dan beneficios para que puedas conseguir tus entradas. 😉🙌",3,0,0,0,2.0K
2025-07-15 04:39:11,bbva_peru,Jun 17,¿Qué cuenta sorteará en unas semanas 2 DEPAS DE ESTRENO solo por ahorrar?,1,0,1,0,1.0K
2025-07-15 04:39:11,bbva_peru,Jun 16,"Cuenta Independencia BBVA
¿Sabes todos los BENEFICIOS de la Cuenta Independencia BBVA? 

Descúbrelos aquí: bbva.info/4dUWLo4

¿Listo para avanzar?",2,0,0,0,1.0K
2025-07-15 04:39:11,bbva_peru,Jun 10,"Hay muchas formas de avanzar… y una de ellas es ganarte tu nuevo depa de estreno. 🏠💙 Abriendo tu Cuenta Ganadora, participas por 2 departamentos de estreno.

Conoce más aquí: bbva.info/45dZ3fT
#BBVA #CuentasBBVA #Avanzamos",0,0,0,0,1.0K
2025-07-15 04:39:11,bbva_peru,Jun 10,Cuando hay que pagar los servicios existen dos tipos de personas. ¿Cuál eres tú?,0,0,0,0,883
2025-07-15 04:39:11,bbva_peru,Jun 10,"¡Un depa puede ser tuyo! 🙌 Abriendo tu Cuenta Ganadora BBVA desde S/1500, ya estás participando. Ver más información en bbva.pe/cuentas 😉

#CuentasBBVA #BBVA #Avanzamos",0,0,0,0,906
2025-07-15 04:39:11,bbva_peru,Jun 6,"¿Listo para verlos actuar por el Día del Padre? 😊 Si ese día tienes que ir al banco ya sabes que puedes elegir en qué horario hacerlo con Turno Digital desde tu App BBVA. 😎📱

Conoce más aquí: bbva.info/42vhRpz
#BBVA #BancoBBVA #TurnoDigital #Tiempo",0,0,0,0,832
2025-07-15 04:39:11,bbva_peru,Jun 4,"¿Listo para ganar uno de los 2 DEPAS DE ESTRENO que la Cuenta Ganadora BBVA tiene para ti? ¡Abriendo tu cuenta desde S/1,500 participas al instante! 🏢😎

Ábrela Aquí: bbva.info/2kw78IE
#BBVA #BancoBBVA #CuentaGanadoraBBVA #Ahorrar #CuentaDeAhorros",4,0,0,0,778
2025-07-15 04:39:11,bbva_peru,Jun 2,"Tenemos una cuenta para acompañarte en cada manera de avanzar.

#BBVA #proyectos #avanzamos",2,0,3,0,901
2025-07-15 04:39:11,bbva_peru,May 28,Para hacer realidad tu próximo proyecto necesitas un banco que te acompañe con:,4,0,1,0,892
2025-07-15 04:39:11,bbva_peru,May 26,"¿Listo para hacer realidad cada uno de tus proyectos? En BBVA, nos renovamos para acompañarte en cada paso. 😎💪

#BBVA #proyectos #Avanzamos",0,0,2,0,897
2025-07-15 04:39:11,bbva_peru,May 23,Separar tu dinero para cubrir cada gasto del mes es posible con tu App BBVA y su función...,1,0,2,0,1.0K
2025-07-15 04:39:11,bbva_peru,May 23,"¿App o Agencia? 😎 Decide con LIBERTAD desde dónde hacer tus TRANSFERENCIAS TOTALMENTE GRATIS con la Cuenta Independencia BBVA. 💵😉

Abre tu cuenta aquí: bbva.info/32eZMcG
#BBVA #BancoBBVA #CuentaIndependencia #TransferenciasSinComisiones #CercaníaYConfianza",1,0,1,0,882
2025-07-15 04:39:11,bbva_peru,May 22,"🏠🚗🎒✨ No hay proyecto grande o pequeño, lo importante es seguir avanzando. Hoy estrenamos imagen y renovamos nuestro compromiso de acompañarte en cada paso, brindándote las herramientas que impulsan tus decisiones. ¿Avanzamos?",0,0,1,0,865
2025-07-15 04:39:11,bbva_peru,May 20,"Todos tenemos un proyecto que queremos hacer realidad👀 ¿Cuál de estos te motiva más? ¡Mejor aún, escribe el tuyo en los comentarios!",0,0,1,0,662
2025-07-15 04:39:11,bbva_peru,May 19,☝️ Con la Cuenta Independencia BBVA puedo realizar todas mis operaciones por canales físicos TOTALMENTE GRATIS.,1,0,0,0,780
2025-07-15 04:39:11,bbva_peru,May 19,"¡Aún estás a tiempo! 📷📷 Abre o incrementa tu cuenta desde S/3,200 y GANA AL INSTANTE  tu set de cubiertos Tramontina. ¡No te quedes fuera! 📷
Abre tu cuenta aquí: bbva.info/3LWb53n
#BBVA #BancoBBVA #QDA #QuincenaDelAhorro #Ahorrar",2,0,0,0,728
2025-07-15 05:24:51,bbva_peru,Jul 9,¿Cómo te convendría pagar los pasajes de tu viaje por Fiestas Patrias?,17,0,0,0,3.0K
2025-07-15 05:24:51,bbva_peru,Jun 25,"Mostremos nuestro orgullo todo el año. 🏳️‍🌈🏳️‍⚧️ En Be Yourself, ya impulsamos acciones internas para hacerlo posible, y seguiremos trabajando para que sea una realidad en todo el país. 💪😎

#BBVA #orgullo #pride",17,1,10,1,4.0K
2025-07-15 05:24:51,bbva_peru,Jun 24,"¿Avanzamos? Tus metas se hacen posible con la rentabilidad y seguridad que tiene la Cuenta Vip. Conoce más 👉 bbva.info/40jA8E9  😊

#BBVA #CuentaBBVA #VIP #metas",2,0,0,0,2.0K
2025-07-15 05:24:51,bbva_peru,Jun 18,"¿A qué zona irás en el concierto de Green Day?...
Por cierto, tus Tarjetas BBVA te dan beneficios para que puedas conseguir tus entradas. 😉🙌",3,0,0,0,2.0K
2025-07-15 05:24:51,bbva_peru,Jun 17,¿Qué cuenta sorteará en unas semanas 2 DEPAS DE ESTRENO solo por ahorrar?,1,0,1,0,1.0K
2025-07-15 05:24:51,bbva_peru,Jun 16,"Cuenta Independencia BBVA
¿Sabes todos los BENEFICIOS de la Cuenta Independencia BBVA? 

Descúbrelos aquí: bbva.info/4dUWLo4

¿Listo para avanzar?",2,0,0,0,1.0K
2025-07-15 05:24:51,bbva_peru,Jun 10,"Hay muchas formas de avanzar… y una de ellas es ganarte tu nuevo depa de estreno. 🏠💙 Abriendo tu Cuenta Ganadora, participas por 2 departamentos de estreno.

Conoce más aquí: bbva.info/45dZ3fT
#BBVA #CuentasBBVA #Avanzamos",0,0,0,0,1.0K
2025-07-15 05:24:51,bbva_peru,Jun 10,Cuando hay que pagar los servicios existen dos tipos de personas. ¿Cuál eres tú?,0,0,0,0,884
2025-07-15 05:24:51,bbva_peru,Jun 10,"¡Un depa puede ser tuyo! 🙌 Abriendo tu Cuenta Ganadora BBVA desde S/1500, ya estás participando. Ver más información en bbva.pe/cuentas 😉

#CuentasBBVA #BBVA #Avanzamos",0,0,0,0,907
2025-07-15 05:24:51,bbva_peru,Jun 6,"¿Listo para verlos actuar por el Día del Padre? 😊 Si ese día tienes que ir al banco ya sabes que puedes elegir en qué horario hacerlo con Turno Digital desde tu App BBVA. 😎📱

Conoce más aquí: bbva.info/42vhRpz
#BBVA #BancoBBVA #TurnoDigital #Tiempo",0,0,0,0,833
2025-07-15 05:24:51,bbva_peru,Jun 4,"¿Listo para ganar uno de los 2 DEPAS DE ESTRENO que la Cuenta Ganadora BBVA tiene para ti? ¡Abriendo tu cuenta desde S/1,500 participas al instante! 🏢😎

Ábrela Aquí: bbva.info/2kw78IE
#BBVA #BancoBBVA #CuentaGanadoraBBVA #Ahorrar #CuentaDeAhorros",4,0,0,0,778
2025-07-15 05:24:51,bbva_peru,Jun 2,"Tenemos una cuenta para acompañarte en cada manera de avanzar.

#BBVA #proyectos #avanzamos",2,0,3,0,901
2025-07-15 05:24:51,bbva_peru,May 28,Para hacer realidad tu próximo proyecto necesitas un banco que te acompañe con:,4,0,1,0,892
2025-07-15 05:24:51,bbva_peru,May 26,"¿Listo para hacer realidad cada uno de tus proyectos? En BBVA, nos renovamos para acompañarte en cada paso. 😎💪

#BBVA #proyectos #Avanzamos",0,0,2,0,897
2025-07-15 05:24:51,bbva_peru,May 23,Separar tu dinero para cubrir cada gasto del mes es posible con tu App BBVA y su función...,1,0,2,0,1.0K
2025-07-15 05:24:51,bbva_peru,May 23,"¿App o Agencia? 😎 Decide con LIBERTAD desde dónde hacer tus TRANSFERENCIAS TOTALMENTE GRATIS con la Cuenta Independencia BBVA. 💵😉

Abre tu cuenta aquí: bbva.info/32eZMcG
#BBVA #BancoBBVA #CuentaIndependencia #TransferenciasSinComisiones #CercaníaYConfianza",1,0,1,0,882
2025-07-15 05:24:51,bbva_peru,May 22,"🏠🚗🎒✨ No hay proyecto grande o pequeño, lo importante es seguir avanzando. Hoy estrenamos imagen y renovamos nuestro compromiso de acompañarte en cada paso, brindándote las herramientas que impulsan tus decisiones. ¿Avanzamos?",0,0,1,0,865
2025-07-15 05:24:51,bbva_peru,May 20,"Todos tenemos un proyecto que queremos hacer realidad👀 ¿Cuál de estos te motiva más? ¡Mejor aún, escribe el tuyo en los comentarios!",0,0,1,0,662
2025-07-15 05:24:51,bbva_peru,May 19,☝️ Con la Cuenta Independencia BBVA puedo realizar todas mis operaciones por canales físicos TOTALMENTE GRATIS.,1,0,0,0,780
2025-07-15 05:24:51,bbva_peru,May 19,"¡Aún estás a tiempo! 📷📷 Abre o incrementa tu cuenta desde S/3,200 y GANA AL INSTANTE  tu set de cubiertos Tramontina. ¡No te quedes fuera! 📷
Abre tu cuenta aquí: bbva.info/3LWb53n
#BBVA #BancoBBVA #QDA #QuincenaDelAhorro #Ahorrar",2,0,0,0,728
2025-07-15 06:32:21,bbva_peru,Jul 9,¿Cómo te convendría pagar los pasajes de tu viaje por Fiestas Patrias?,17,0,0,0,3.0K
2025-07-15 06:32:21,bbva_peru,Jun 25,"Mostremos nuestro orgullo todo el año. 🏳️‍🌈🏳️‍⚧️ En Be Yourself, ya impulsamos acciones internas para hacerlo posible, y seguiremos trabajando para que sea una realidad en todo el país. 💪😎

#BBVA #orgullo #pride",17,1,10,1,4.0K
2025-07-15 06:32:21,bbva_peru,Jun 24,"¿Avanzamos? Tus metas se hacen posible con la rentabilidad y seguridad que tiene la Cuenta Vip. Conoce más 👉 bbva.info/40jA8E9  😊

#BBVA #CuentaBBVA #VIP #metas",2,0,0,0,2.0K
2025-07-15 06:32:21,bbva_peru,Jun 18,"¿A qué zona irás en el concierto de Green Day?...
Por cierto, tus Tarjetas BBVA te dan beneficios para que puedas conseguir tus entradas. 😉🙌",3,0,0,0,2.0K
2025-07-15 06:32:21,bbva_peru,Jun 17,¿Qué cuenta sorteará en unas semanas 2 DEPAS DE ESTRENO solo por ahorrar?,1,0,1,0,1.0K
2025-07-15 06:32:21,bbva_peru,Jun 16,"Cuenta Independencia BBVA
¿Sabes todos los BENEFICIOS de la Cuenta Independencia BBVA? 

Descúbrelos aquí: bbva.info/4dUWLo4

¿Listo para avanzar?",2,0,0,0,1.0K
2025-07-15 06:32:21,bbva_peru,Jun 10,"Hay muchas formas de avanzar… y una de ellas es ganarte tu nuevo depa de estreno. 🏠💙 Abriendo tu Cuenta Ganadora, participas por 2 departamentos de estreno.

Conoce más aquí: bbva.info/45dZ3fT
#BBVA #CuentasBBVA #Avanzamos",0,0,0,0,1.0K
2025-07-15 06:32:21,bbva_peru,Jun 10,Cuando hay que pagar los servicios existen dos tipos de personas. ¿Cuál eres tú?,0,0,0,0,884
2025-07-15 06:32:21,bbva_peru,Jun 10,"¡Un depa puede ser tuyo! 🙌 Abriendo tu Cuenta Ganadora BBVA desde S/1500, ya estás participando. Ver más información en bbva.pe/cuentas 😉

#CuentasBBVA #BBVA #Avanzamos",0,0,0,0,907
2025-07-15 06:32:21,bbva_peru,Jun 6,"¿Listo para verlos actuar por el Día del Padre? 😊 Si ese día tienes que ir al banco ya sabes que puedes elegir en qué horario hacerlo con Turno Digital desde tu App BBVA. 😎📱

Conoce más aquí: bbva.info/42vhRpz
#BBVA #BancoBBVA #TurnoDigital #Tiempo",0,0,0,0,833
2025-07-15 06:32:21,bbva_peru,Jun 4,"¿Listo para ganar uno de los 2 DEPAS DE ESTRENO que la Cuenta Ganadora BBVA tiene para ti? ¡Abriendo tu cuenta desde S/1,500 participas al instante! 🏢😎

Ábrela Aquí: bbva.info/2kw78IE
#BBVA #BancoBBVA #CuentaGanadoraBBVA #Ahorrar #CuentaDeAhorros",4,0,0,0,778
2025-07-15 06:32:21,bbva_peru,Jun 2,"Tenemos una cuenta para acompañarte en cada manera de avanzar.

#BBVA #proyectos #avanzamos",2,0,3,0,901
2025-07-15 06:32:21,bbva_peru,May 28,Para hacer realidad tu próximo proyecto necesitas un banco que te acompañe con:,4,0,1,0,892
2025-07-15 06:32:21,bbva_peru,May 26,"¿Listo para hacer realidad cada uno de tus proyectos? En BBVA, nos renovamos para acompañarte en cada paso. 😎💪

#BBVA #proyectos #Avanzamos",0,0,2,0,897
2025-07-15 06:32:21,bbva_peru,May 23,Separar tu dinero para cubrir cada gasto del mes es posible con tu App BBVA y su función...,1,0,2,0,1.0K
2025-07-15 06:32:21,bbva_peru,May 23,"¿App o Agencia? 😎 Decide con LIBERTAD desde dónde hacer tus TRANSFERENCIAS TOTALMENTE GRATIS con la Cuenta Independencia BBVA. 💵😉

Abre tu cuenta aquí: bbva.info/32eZMcG
#BBVA #BancoBBVA #CuentaIndependencia #TransferenciasSinComisiones #CercaníaYConfianza",1,0,1,0,882
2025-07-15 06:32:21,bbva_peru,May 22,"🏠🚗🎒✨ No hay proyecto grande o pequeño, lo importante es seguir avanzando. Hoy estrenamos imagen y renovamos nuestro compromiso de acompañarte en cada paso, brindándote las herramientas que impulsan tus decisiones. ¿Avanzamos?",0,0,1,0,865
2025-07-15 06:32:21,bbva_peru,May 20,"Todos tenemos un proyecto que queremos hacer realidad👀 ¿Cuál de estos te motiva más? ¡Mejor aún, escribe el tuyo en los comentarios!",0,0,1,0,662
2025-07-15 06:32:21,bbva_peru,May 19,☝️ Con la Cuenta Independencia BBVA puedo realizar todas mis operaciones por canales físicos TOTALMENTE GRATIS.,1,0,0,0,780
2025-07-15 06:32:21,bbva_peru,May 19,"¡Aún estás a tiempo! 📷📷 Abre o incrementa tu cuenta desde S/3,200 y GANA AL INSTANTE  tu set de cubiertos Tramontina. ¡No te quedes fuera! 📷
Abre tu cuenta aquí: bbva.info/3LWb53n
#BBVA #BancoBBVA #QDA #QuincenaDelAhorro #Ahorrar",2,0,0,0,728
2025-07-15 07:22:17,bbva_peru,Jul 9,¿Cómo te convendría pagar los pasajes de tu viaje por Fiestas Patrias?,17,0,0,0,3.0K
2025-07-15 07:22:17,bbva_peru,Jun 25,"Mostremos nuestro orgullo todo el año. 🏳️‍🌈🏳️‍⚧️ En Be Yourself, ya impulsamos acciones internas para hacerlo posible, y seguiremos trabajando para que sea una realidad en todo el país. 💪😎

#BBVA #orgullo #pride",17,1,10,1,4.0K
2025-07-15 07:22:17,bbva_peru,Jun 24,"¿Avanzamos? Tus metas se hacen posible con la rentabilidad y seguridad que tiene la Cuenta Vip. Conoce más 👉 bbva.info/40jA8E9  😊

#BBVA #CuentaBBVA #VIP #metas",2,0,0,0,2.0K
2025-07-15 07:22:17,bbva_peru,Jun 18,"¿A qué zona irás en el concierto de Green Day?...
Por cierto, tus Tarjetas BBVA te dan beneficios para que puedas conseguir tus entradas. 😉🙌",3,0,0,0,2.0K
2025-07-15 07:22:17,bbva_peru,Jun 17,¿Qué cuenta sorteará en unas semanas 2 DEPAS DE ESTRENO solo por ahorrar?,1,0,1,0,1.0K
2025-07-15 07:22:17,bbva_peru,Jun 16,"Cuenta Independencia BBVA
¿Sabes todos los BENEFICIOS de la Cuenta Independencia BBVA? 

Descúbrelos aquí: bbva.info/4dUWLo4

¿Listo para avanzar?",2,0,0,0,1.0K
2025-07-15 07:22:17,bbva_peru,Jun 10,"Hay muchas formas de avanzar… y una de ellas es ganarte tu nuevo depa de estreno. 🏠💙 Abriendo tu Cuenta Ganadora, participas por 2 departamentos de estreno.

Conoce más aquí: bbva.info/45dZ3fT
#BBVA #CuentasBBVA #Avanzamos",0,0,0,0,1.0K
2025-07-15 07:22:17,bbva_peru,Jun 10,Cuando hay que pagar los servicios existen dos tipos de personas. ¿Cuál eres tú?,0,0,0,0,884
2025-07-15 07:22:17,bbva_peru,Jun 10,"¡Un depa puede ser tuyo! 🙌 Abriendo tu Cuenta Ganadora BBVA desde S/1500, ya estás participando. Ver más información en bbva.pe/cuentas 😉

#CuentasBBVA #BBVA #Avanzamos",0,0,0,0,907
2025-07-15 07:22:17,bbva_peru,Jun 6,"¿Listo para verlos actuar por el Día del Padre? 😊 Si ese día tienes que ir al banco ya sabes que puedes elegir en qué horario hacerlo con Turno Digital desde tu App BBVA. 😎📱

Conoce más aquí: bbva.info/42vhRpz
#BBVA #BancoBBVA #TurnoDigital #Tiempo",0,0,0,0,833
2025-07-15 07:22:17,bbva_peru,Jun 4,"¿Listo para ganar uno de los 2 DEPAS DE ESTRENO que la Cuenta Ganadora BBVA tiene para ti? ¡Abriendo tu cuenta desde S/1,500 participas al instante! 🏢😎

Ábrela Aquí: bbva.info/2kw78IE
#BBVA #BancoBBVA #CuentaGanadoraBBVA #Ahorrar #CuentaDeAhorros",4,0,0,0,778
2025-07-15 07:22:17,bbva_peru,Jun 2,"Tenemos una cuenta para acompañarte en cada manera de avanzar.

#BBVA #proyectos #avanzamos",2,0,3,0,901
2025-07-15 07:22:17,bbva_peru,May 28,Para hacer realidad tu próximo proyecto necesitas un banco que te acompañe con:,4,0,1,0,892
2025-07-15 07:22:17,bbva_peru,May 26,"¿Listo para hacer realidad cada uno de tus proyectos? En BBVA, nos renovamos para acompañarte en cada paso. 😎💪

#BBVA #proyectos #Avanzamos",0,0,2,0,897
2025-07-15 07:22:17,bbva_peru,May 23,Separar tu dinero para cubrir cada gasto del mes es posible con tu App BBVA y su función...,1,0,2,0,1.0K
2025-07-15 07:22:17,bbva_peru,May 23,"¿App o Agencia? 😎 Decide con LIBERTAD desde dónde hacer tus TRANSFERENCIAS TOTALMENTE GRATIS con la Cuenta Independencia BBVA. 💵😉

Abre tu cuenta aquí: bbva.info/32eZMcG
#BBVA #BancoBBVA #CuentaIndependencia #TransferenciasSinComisiones #CercaníaYConfianza",1,0,1,0,882
2025-07-15 07:22:17,bbva_peru,May 22,"🏠🚗🎒✨ No hay proyecto grande o pequeño, lo importante es seguir avanzando. Hoy estrenamos imagen y renovamos nuestro compromiso de acompañarte en cada paso, brindándote las herramientas que impulsan tus decisiones. ¿Avanzamos?",0,0,1,0,865
2025-07-15 07:22:17,bbva_peru,May 20,"Todos tenemos un proyecto que queremos hacer realidad👀 ¿Cuál de estos te motiva más? ¡Mejor aún, escribe el tuyo en los comentarios!",0,0,1,0,662
2025-07-15 07:22:17,bbva_peru,May 19,☝️ Con la Cuenta Independencia BBVA puedo realizar todas mis operaciones por canales físicos TOTALMENTE GRATIS.,1,0,0,0,780
2025-07-15 07:22:17,bbva_peru,May 19,"¡Aún estás a tiempo! 📷📷 Abre o incrementa tu cuenta desde S/3,200 y GANA AL INSTANTE  tu set de cubiertos Tramontina. ¡No te quedes fuera! 📷
Abre tu cuenta aquí: bbva.info/3LWb53n
#BBVA #BancoBBVA #QDA #QuincenaDelAhorro #Ahorrar",2,0,0,0,728
2025-07-15 08:28:44,bbva_peru,Jul 9,¿Cómo te convendría pagar los pasajes de tu viaje por Fiestas Patrias?,17,0,0,0,3.0K
2025-07-15 08:28:44,bbva_peru,Jun 25,"Mostremos nuestro orgullo todo el año. 🏳️‍🌈🏳️‍⚧️ En Be Yourself, ya impulsamos acciones internas para hacerlo posible, y seguiremos trabajando para que sea una realidad en todo el país. 💪😎

#BBVA #orgullo #pride",17,1,10,1,4.0K
2025-07-15 08:28:44,bbva_peru,Jun 24,"¿Avanzamos? Tus metas se hacen posible con la rentabilidad y seguridad que tiene la Cuenta Vip. Conoce más 👉 bbva.info/40jA8E9  😊

#BBVA #CuentaBBVA #VIP #metas",2,0,0,0,2.0K
2025-07-15 08:28:44,bbva_peru,Jun 18,"¿A qué zona irás en el concierto de Green Day?...
Por cierto, tus Tarjetas BBVA te dan beneficios para que puedas conseguir tus entradas. 😉🙌",3,0,0,0,2.0K
2025-07-15 08:28:44,bbva_peru,Jun 17,¿Qué cuenta sorteará en unas semanas 2 DEPAS DE ESTRENO solo por ahorrar?,1,0,1,0,1.0K
2025-07-15 08:28:44,bbva_peru,Jun 16,"Cuenta Independencia BBVA
¿Sabes todos los BENEFICIOS de la Cuenta Independencia BBVA? 

Descúbrelos aquí: bbva.info/4dUWLo4

¿Listo para avanzar?",2,0,0,0,1.0K
2025-07-15 08:28:44,bbva_peru,Jun 10,"Hay muchas formas de avanzar… y una de ellas es ganarte tu nuevo depa de estreno. 🏠💙 Abriendo tu Cuenta Ganadora, participas por 2 departamentos de estreno.

Conoce más aquí: bbva.info/45dZ3fT
#BBVA #CuentasBBVA #Avanzamos",0,0,0,0,1.0K
2025-07-15 08:28:44,bbva_peru,Jun 10,Cuando hay que pagar los servicios existen dos tipos de personas. ¿Cuál eres tú?,0,0,0,0,884
2025-07-15 08:28:44,bbva_peru,Jun 10,"¡Un depa puede ser tuyo! 🙌 Abriendo tu Cuenta Ganadora BBVA desde S/1500, ya estás participando. Ver más información en bbva.pe/cuentas 😉

#CuentasBBVA #BBVA #Avanzamos",0,0,0,0,907
2025-07-15 08:28:44,bbva_peru,Jun 6,"¿Listo para verlos actuar por el Día del Padre? 😊 Si ese día tienes que ir al banco ya sabes que puedes elegir en qué horario hacerlo con Turno Digital desde tu App BBVA. 😎📱

Conoce más aquí: bbva.info/42vhRpz
#BBVA #BancoBBVA #TurnoDigital #Tiempo",0,0,0,0,833
2025-07-15 08:28:44,bbva_peru,Jun 4,"¿Listo para ganar uno de los 2 DEPAS DE ESTRENO que la Cuenta Ganadora BBVA tiene para ti? ¡Abriendo tu cuenta desde S/1,500 participas al instante! 🏢😎

Ábrela Aquí: bbva.info/2kw78IE
#BBVA #BancoBBVA #CuentaGanadoraBBVA #Ahorrar #CuentaDeAhorros",4,0,0,0,778
2025-07-15 08:28:44,bbva_peru,Jun 2,"Tenemos una cuenta para acompañarte en cada manera de avanzar.

#BBVA #proyectos #avanzamos",2,0,3,0,901
2025-07-15 08:28:44,bbva_peru,May 28,Para hacer realidad tu próximo proyecto necesitas un banco que te acompañe con:,4,0,1,0,892
2025-07-15 08:28:44,bbva_peru,May 26,"¿Listo para hacer realidad cada uno de tus proyectos? En BBVA, nos renovamos para acompañarte en cada paso. 😎💪

#BBVA #proyectos #Avanzamos",0,0,2,0,897
2025-07-15 08:28:44,bbva_peru,May 23,Separar tu dinero para cubrir cada gasto del mes es posible con tu App BBVA y su función...,1,0,2,0,1.0K
2025-07-15 08:28:44,bbva_peru,May 23,"¿App o Agencia? 😎 Decide con LIBERTAD desde dónde hacer tus TRANSFERENCIAS TOTALMENTE GRATIS con la Cuenta Independencia BBVA. 💵😉

Abre tu cuenta aquí: bbva.info/32eZMcG
#BBVA #BancoBBVA #CuentaIndependencia #TransferenciasSinComisiones #CercaníaYConfianza",1,0,1,0,882
2025-07-15 08:28:44,bbva_peru,May 22,"🏠🚗🎒✨ No hay proyecto grande o pequeño, lo importante es seguir avanzando. Hoy estrenamos imagen y renovamos nuestro compromiso de acompañarte en cada paso, brindándote las herramientas que impulsan tus decisiones. ¿Avanzamos?",0,0,1,0,865
2025-07-15 08:28:44,bbva_peru,May 20,"Todos tenemos un proyecto que queremos hacer realidad👀 ¿Cuál de estos te motiva más? ¡Mejor aún, escribe el tuyo en los comentarios!",0,0,1,0,662
2025-07-15 08:28:44,bbva_peru,May 19,☝️ Con la Cuenta Independencia BBVA puedo realizar todas mis operaciones por canales físicos TOTALMENTE GRATIS.,1,0,0,0,780
2025-07-15 08:28:44,bbva_peru,May 19,"¡Aún estás a tiempo! 📷📷 Abre o incrementa tu cuenta desde S/3,200 y GANA AL INSTANTE  tu set de cubiertos Tramontina. ¡No te quedes fuera! 📷
Abre tu cuenta aquí: bbva.info/3LWb53n
#BBVA #BancoBBVA #QDA #QuincenaDelAhorro #Ahorrar",2,0,0,0,728
2025-07-15 09:29:35,bbva_peru,Jul 9,¿Cómo te convendría pagar los pasajes de tu viaje por Fiestas Patrias?,17,0,0,0,3.0K
2025-07-15 09:29:35,bbva_peru,Jun 25,"Mostremos nuestro orgullo todo el año. 🏳️‍🌈🏳️‍⚧️ En Be Yourself, ya impulsamos acciones internas para hacerlo posible, y seguiremos trabajando para que sea una realidad en todo el país. 💪😎

#BBVA #orgullo #pride",17,1,10,1,4.0K
2025-07-15 09:29:35,bbva_peru,Jun 24,"¿Avanzamos? Tus metas se hacen posible con la rentabilidad y seguridad que tiene la Cuenta Vip. Conoce más 👉 bbva.info/40jA8E9  😊

#BBVA #CuentaBBVA #VIP #metas",2,0,0,0,2.0K
2025-07-15 09:29:35,bbva_peru,Jun 18,"¿A qué zona irás en el concierto de Green Day?...
Por cierto, tus Tarjetas BBVA te dan beneficios para que puedas conseguir tus entradas. 😉🙌",3,0,0,0,2.0K
2025-07-15 09:29:35,bbva_peru,Jun 17,¿Qué cuenta sorteará en unas semanas 2 DEPAS DE ESTRENO solo por ahorrar?,1,0,1,0,1.0K
2025-07-15 09:29:35,bbva_peru,Jun 16,"Cuenta Independencia BBVA
¿Sabes todos los BENEFICIOS de la Cuenta Independencia BBVA? 

Descúbrelos aquí: bbva.info/4dUWLo4

¿Listo para avanzar?",2,0,0,0,1.0K
2025-07-15 09:29:35,bbva_peru,Jun 10,"Hay muchas formas de avanzar… y una de ellas es ganarte tu nuevo depa de estreno. 🏠💙 Abriendo tu Cuenta Ganadora, participas por 2 departamentos de estreno.

Conoce más aquí: bbva.info/45dZ3fT
#BBVA #CuentasBBVA #Avanzamos",0,0,0,0,1.0K
2025-07-15 09:29:35,bbva_peru,Jun 10,Cuando hay que pagar los servicios existen dos tipos de personas. ¿Cuál eres tú?,0,0,0,0,886
2025-07-15 09:29:35,bbva_peru,Jun 10,"¡Un depa puede ser tuyo! 🙌 Abriendo tu Cuenta Ganadora BBVA desde S/1500, ya estás participando. Ver más información en bbva.pe/cuentas 😉

#CuentasBBVA #BBVA #Avanzamos",0,0,0,0,909
2025-07-15 09:29:35,bbva_peru,Jun 6,"¿Listo para verlos actuar por el Día del Padre? 😊 Si ese día tienes que ir al banco ya sabes que puedes elegir en qué horario hacerlo con Turno Digital desde tu App BBVA. 😎📱

Conoce más aquí: bbva.info/42vhRpz
#BBVA #BancoBBVA #TurnoDigital #Tiempo",0,0,0,0,835
2025-07-15 09:29:35,bbva_peru,Jun 4,"¿Listo para ganar uno de los 2 DEPAS DE ESTRENO que la Cuenta Ganadora BBVA tiene para ti? ¡Abriendo tu cuenta desde S/1,500 participas al instante! 🏢😎

Ábrela Aquí: bbva.info/2kw78IE
#BBVA #BancoBBVA #CuentaGanadoraBBVA #Ahorrar #CuentaDeAhorros",4,0,0,0,780
2025-07-15 09:29:35,bbva_peru,Jun 2,"Tenemos una cuenta para acompañarte en cada manera de avanzar.

#BBVA #proyectos #avanzamos",2,0,3,0,903
2025-07-15 09:29:35,bbva_peru,May 28,Para hacer realidad tu próximo proyecto necesitas un banco que te acompañe con:,4,0,1,0,894
2025-07-15 09:29:35,bbva_peru,May 26,"¿Listo para hacer realidad cada uno de tus proyectos? En BBVA, nos renovamos para acompañarte en cada paso. 😎💪

#BBVA #proyectos #Avanzamos",0,0,2,0,899
2025-07-15 09:29:35,bbva_peru,May 23,Separar tu dinero para cubrir cada gasto del mes es posible con tu App BBVA y su función...,1,0,2,0,1.0K
2025-07-15 09:29:35,bbva_peru,May 23,"¿App o Agencia? 😎 Decide con LIBERTAD desde dónde hacer tus TRANSFERENCIAS TOTALMENTE GRATIS con la Cuenta Independencia BBVA. 💵😉

Abre tu cuenta aquí: bbva.info/32eZMcG
#BBVA #BancoBBVA #CuentaIndependencia #TransferenciasSinComisiones #CercaníaYConfianza",1,0,1,0,883
2025-07-15 09:29:35,bbva_peru,May 22,"🏠🚗🎒✨ No hay proyecto grande o pequeño, lo importante es seguir avanzando. Hoy estrenamos imagen y renovamos nuestro compromiso de acompañarte en cada paso, brindándote las herramientas que impulsan tus decisiones. ¿Avanzamos?",0,0,1,0,867
2025-07-15 09:29:35,bbva_peru,May 20,"Todos tenemos un proyecto que queremos hacer realidad👀 ¿Cuál de estos te motiva más? ¡Mejor aún, escribe el tuyo en los comentarios!",0,0,1,0,664
2025-07-15 09:29:35,bbva_peru,May 19,☝️ Con la Cuenta Independencia BBVA puedo realizar todas mis operaciones por canales físicos TOTALMENTE GRATIS.,1,0,0,0,782
2025-07-15 09:29:35,bbva_peru,May 19,"¡Aún estás a tiempo! 📷📷 Abre o incrementa tu cuenta desde S/3,200 y GANA AL INSTANTE  tu set de cubiertos Tramontina. ¡No te quedes fuera! 📷
Abre tu cuenta aquí: bbva.info/3LWb53n
#BBVA #BancoBBVA #QDA #QuincenaDelAhorro #Ahorrar",2,0,0,0,730
2025-07-15 10:22:21,bbva_peru,Jul 9,¿Cómo te convendría pagar los pasajes de tu viaje por Fiestas Patrias?,17,0,0,0,3.0K
2025-07-15 10:22:21,bbva_peru,Jun 25,"Mostremos nuestro orgullo todo el año. 🏳️‍🌈🏳️‍⚧️ En Be Yourself, ya impulsamos acciones internas para hacerlo posible, y seguiremos trabajando para que sea una realidad en todo el país. 💪😎

#BBVA #orgullo #pride",17,1,10,1,4.0K
2025-07-15 10:22:21,bbva_peru,Jun 24,"¿Avanzamos? Tus metas se hacen posible con la rentabilidad y seguridad que tiene la Cuenta Vip. Conoce más 👉 bbva.info/40jA8E9  😊

#BBVA #CuentaBBVA #VIP #metas",2,0,0,0,2.0K
2025-07-15 10:22:21,bbva_peru,Jun 18,"¿A qué zona irás en el concierto de Green Day?...
Por cierto, tus Tarjetas BBVA te dan beneficios para que puedas conseguir tus entradas. 😉🙌",3,0,0,0,2.0K
2025-07-15 10:22:21,bbva_peru,Jun 17,¿Qué cuenta sorteará en unas semanas 2 DEPAS DE ESTRENO solo por ahorrar?,1,0,1,0,1.0K
2025-07-15 10:22:21,bbva_peru,Jun 16,"Cuenta Independencia BBVA
¿Sabes todos los BENEFICIOS de la Cuenta Independencia BBVA? 

Descúbrelos aquí: bbva.info/4dUWLo4

¿Listo para avanzar?",2,0,0,0,1.0K
2025-07-15 10:22:21,bbva_peru,Jun 10,"Hay muchas formas de avanzar… y una de ellas es ganarte tu nuevo depa de estreno. 🏠💙 Abriendo tu Cuenta Ganadora, participas por 2 departamentos de estreno.

Conoce más aquí: bbva.info/45dZ3fT
#BBVA #CuentasBBVA #Avanzamos",0,0,0,0,1.0K
2025-07-15 10:22:21,bbva_peru,Jun 10,Cuando hay que pagar los servicios existen dos tipos de personas. ¿Cuál eres tú?,0,0,0,0,887
2025-07-15 10:22:21,bbva_peru,Jun 10,"¡Un depa puede ser tuyo! 🙌 Abriendo tu Cuenta Ganadora BBVA desde S/1500, ya estás participando. Ver más información en bbva.pe/cuentas 😉

#CuentasBBVA #BBVA #Avanzamos",0,0,0,0,909
2025-07-15 10:22:21,bbva_peru,Jun 6,"¿Listo para verlos actuar por el Día del Padre? 😊 Si ese día tienes que ir al banco ya sabes que puedes elegir en qué horario hacerlo con Turno Digital desde tu App BBVA. 😎📱

Conoce más aquí: bbva.info/42vhRpz
#BBVA #BancoBBVA #TurnoDigital #Tiempo",0,0,0,0,835
2025-07-15 10:22:21,bbva_peru,Jun 4,"¿Listo para ganar uno de los 2 DEPAS DE ESTRENO que la Cuenta Ganadora BBVA tiene para ti? ¡Abriendo tu cuenta desde S/1,500 participas al instante! 🏢😎

Ábrela Aquí: bbva.info/2kw78IE
#BBVA #BancoBBVA #CuentaGanadoraBBVA #Ahorrar #CuentaDeAhorros",4,0,0,0,780
2025-07-15 10:22:21,bbva_peru,Jun 2,"Tenemos una cuenta para acompañarte en cada manera de avanzar.

#BBVA #proyectos #avanzamos",2,0,3,0,903
2025-07-15 10:22:21,bbva_peru,May 28,Para hacer realidad tu próximo proyecto necesitas un banco que te acompañe con:,4,0,1,0,894
2025-07-15 10:22:21,bbva_peru,May 26,"¿Listo para hacer realidad cada uno de tus proyectos? En BBVA, nos renovamos para acompañarte en cada paso. 😎💪

#BBVA #proyectos #Avanzamos",0,0,2,0,899
2025-07-15 10:22:21,bbva_peru,May 23,Separar tu dinero para cubrir cada gasto del mes es posible con tu App BBVA y su función...,1,0,2,0,1.0K
2025-07-15 10:22:21,bbva_peru,May 23,"¿App o Agencia? 😎 Decide con LIBERTAD desde dónde hacer tus TRANSFERENCIAS TOTALMENTE GRATIS con la Cuenta Independencia BBVA. 💵😉

Abre tu cuenta aquí: bbva.info/32eZMcG
#BBVA #BancoBBVA #CuentaIndependencia #TransferenciasSinComisiones #CercaníaYConfianza",1,0,1,0,883
2025-07-15 10:22:21,bbva_peru,May 22,"🏠🚗🎒✨ No hay proyecto grande o pequeño, lo importante es seguir avanzando. Hoy estrenamos imagen y renovamos nuestro compromiso de acompañarte en cada paso, brindándote las herramientas que impulsan tus decisiones. ¿Avanzamos?",0,0,1,0,867
2025-07-15 10:22:21,bbva_peru,May 20,"Todos tenemos un proyecto que queremos hacer realidad👀 ¿Cuál de estos te motiva más? ¡Mejor aún, escribe el tuyo en los comentarios!",0,0,1,0,664
2025-07-15 10:22:21,bbva_peru,May 19,☝️ Con la Cuenta Independencia BBVA puedo realizar todas mis operaciones por canales físicos TOTALMENTE GRATIS.,1,0,0,0,782
2025-07-15 10:22:21,bbva_peru,May 19,"¡Aún estás a tiempo! 📷📷 Abre o incrementa tu cuenta desde S/3,200 y GANA AL INSTANTE  tu set de cubiertos Tramontina. ¡No te quedes fuera! 📷
Abre tu cuenta aquí: bbva.info/3LWb53n
#BBVA #BancoBBVA #QDA #QuincenaDelAhorro #Ahorrar",2,0,0,0,730
2025-07-15 11:18:53,bbva_peru,Jul 9,¿Cómo te convendría pagar los pasajes de tu viaje por Fiestas Patrias?,17,0,0,0,3.0K
2025-07-15 11:18:53,bbva_peru,Jun 25,"Mostremos nuestro orgullo todo el año. 🏳️‍🌈🏳️‍⚧️ En Be Yourself, ya impulsamos acciones internas para hacerlo posible, y seguiremos trabajando para que sea una realidad en todo el país. 💪😎

#BBVA #orgullo #pride",17,1,10,1,4.0K
2025-07-15 11:18:53,bbva_peru,Jun 24,"¿Avanzamos? Tus metas se hacen posible con la rentabilidad y seguridad que tiene la Cuenta Vip. Conoce más 👉 bbva.info/40jA8E9  😊

#BBVA #CuentaBBVA #VIP #metas",2,0,0,0,2.0K
2025-07-15 11:18:53,bbva_peru,Jun 18,"¿A qué zona irás en el concierto de Green Day?...
Por cierto, tus Tarjetas BBVA te dan beneficios para que puedas conseguir tus entradas. 😉🙌",3,0,0,0,2.0K
2025-07-15 11:18:53,bbva_peru,Jun 17,¿Qué cuenta sorteará en unas semanas 2 DEPAS DE ESTRENO solo por ahorrar?,1,0,1,0,1.0K
2025-07-15 11:18:53,bbva_peru,Jun 16,"Cuenta Independencia BBVA
¿Sabes todos los BENEFICIOS de la Cuenta Independencia BBVA? 

Descúbrelos aquí: bbva.info/4dUWLo4

¿Listo para avanzar?",2,0,0,0,1.0K
2025-07-15 11:18:53,bbva_peru,Jun 10,"Hay muchas formas de avanzar… y una de ellas es ganarte tu nuevo depa de estreno. 🏠💙 Abriendo tu Cuenta Ganadora, participas por 2 departamentos de estreno.

Conoce más aquí: bbva.info/45dZ3fT
#BBVA #CuentasBBVA #Avanzamos",0,0,0,0,1.0K
2025-07-15 11:18:53,bbva_peru,Jun 10,Cuando hay que pagar los servicios existen dos tipos de personas. ¿Cuál eres tú?,0,0,0,0,887
2025-07-15 11:18:53,bbva_peru,Jun 10,"¡Un depa puede ser tuyo! 🙌 Abriendo tu Cuenta Ganadora BBVA desde S/1500, ya estás participando. Ver más información en bbva.pe/cuentas 😉

#CuentasBBVA #BBVA #Avanzamos",0,0,0,0,909
2025-07-15 11:18:53,bbva_peru,Jun 6,"¿Listo para verlos actuar por el Día del Padre? 😊 Si ese día tienes que ir al banco ya sabes que puedes elegir en qué horario hacerlo con Turno Digital desde tu App BBVA. 😎📱

Conoce más aquí: bbva.info/42vhRpz
#BBVA #BancoBBVA #TurnoDigital #Tiempo",0,0,0,0,835
2025-07-15 11:18:53,bbva_peru,Jun 4,"¿Listo para ganar uno de los 2 DEPAS DE ESTRENO que la Cuenta Ganadora BBVA tiene para ti? ¡Abriendo tu cuenta desde S/1,500 participas al instante! 🏢😎

Ábrela Aquí: bbva.info/2kw78IE
#BBVA #BancoBBVA #CuentaGanadoraBBVA #Ahorrar #CuentaDeAhorros",4,0,0,0,780
2025-07-15 11:18:53,bbva_peru,Jun 2,"Tenemos una cuenta para acompañarte en cada manera de avanzar.

#BBVA #proyectos #avanzamos",2,0,3,0,903
2025-07-15 11:18:53,bbva_peru,May 28,Para hacer realidad tu próximo proyecto necesitas un banco que te acompañe con:,4,0,1,0,894
2025-07-15 11:18:53,bbva_peru,May 26,"¿Listo para hacer realidad cada uno de tus proyectos? En BBVA, nos renovamos para acompañarte en cada paso. 😎💪

#BBVA #proyectos #Avanzamos",0,0,2,0,899
2025-07-15 11:18:53,bbva_peru,May 23,Separar tu dinero para cubrir cada gasto del mes es posible con tu App BBVA y su función...,1,0,2,0,1.0K
2025-07-15 11:18:53,bbva_peru,May 23,"¿App o Agencia? 😎 Decide con LIBERTAD desde dónde hacer tus TRANSFERENCIAS TOTALMENTE GRATIS con la Cuenta Independencia BBVA. 💵😉

Abre tu cuenta aquí: bbva.info/32eZMcG
#BBVA #BancoBBVA #CuentaIndependencia #TransferenciasSinComisiones #CercaníaYConfianza",1,0,1,0,883
2025-07-15 11:18:53,bbva_peru,May 22,"🏠🚗🎒✨ No hay proyecto grande o pequeño, lo importante es seguir avanzando. Hoy estrenamos imagen y renovamos nuestro compromiso de acompañarte en cada paso, brindándote las herramientas que impulsan tus decisiones. ¿Avanzamos?",0,0,1,0,867
2025-07-15 11:18:53,bbva_peru,May 20,"Todos tenemos un proyecto que queremos hacer realidad👀 ¿Cuál de estos te motiva más? ¡Mejor aún, escribe el tuyo en los comentarios!",0,0,1,0,664
2025-07-15 11:18:53,bbva_peru,May 19,☝️ Con la Cuenta Independencia BBVA puedo realizar todas mis operaciones por canales físicos TOTALMENTE GRATIS.,1,0,0,0,782
2025-07-15 11:18:53,bbva_peru,May 19,"¡Aún estás a tiempo! 📷📷 Abre o incrementa tu cuenta desde S/3,200 y GANA AL INSTANTE  tu set de cubiertos Tramontina. ¡No te quedes fuera! 📷
Abre tu cuenta aquí: bbva.info/3LWb53n
#BBVA #BancoBBVA #QDA #QuincenaDelAhorro #Ahorrar",2,0,0,0,730
2025-07-15 12:43:00,bbva_peru,Jul 9,¿Cómo te convendría pagar los pasajes de tu viaje por Fiestas Patrias?,17,0,0,0,3.0K
2025-07-15 12:43:00,bbva_peru,Jun 25,"Mostremos nuestro orgullo todo el año. 🏳️‍🌈🏳️‍⚧️ En Be Yourself, ya impulsamos acciones internas para hacerlo posible, y seguiremos trabajando para que sea una realidad en todo el país. 💪😎

#BBVA #orgullo #pride",17,1,10,1,4.0K
2025-07-15 12:43:00,bbva_peru,Jun 24,"¿Avanzamos? Tus metas se hacen posible con la rentabilidad y seguridad que tiene la Cuenta Vip. Conoce más 👉 bbva.info/40jA8E9  😊

#BBVA #CuentaBBVA #VIP #metas",2,0,0,0,2.0K
2025-07-15 12:43:00,bbva_peru,Jun 18,"¿A qué zona irás en el concierto de Green Day?...
Por cierto, tus Tarjetas BBVA te dan beneficios para que puedas conseguir tus entradas. 😉🙌",3,0,0,0,2.0K
2025-07-15 12:43:00,bbva_peru,Jun 17,¿Qué cuenta sorteará en unas semanas 2 DEPAS DE ESTRENO solo por ahorrar?,1,0,1,0,1.0K
2025-07-15 12:43:00,bbva_peru,Jun 16,"Cuenta Independencia BBVA
¿Sabes todos los BENEFICIOS de la Cuenta Independencia BBVA? 

Descúbrelos aquí: bbva.info/4dUWLo4

¿Listo para avanzar?",2,0,0,0,1.0K
2025-07-15 12:43:00,bbva_peru,Jun 10,"Hay muchas formas de avanzar… y una de ellas es ganarte tu nuevo depa de estreno. 🏠💙 Abriendo tu Cuenta Ganadora, participas por 2 departamentos de estreno.

Conoce más aquí: bbva.info/45dZ3fT
#BBVA #CuentasBBVA #Avanzamos",0,0,0,0,1.0K
2025-07-15 12:43:00,bbva_peru,Jun 10,Cuando hay que pagar los servicios existen dos tipos de personas. ¿Cuál eres tú?,0,0,0,0,889
2025-07-15 12:43:00,bbva_peru,Jun 10,"¡Un depa puede ser tuyo! 🙌 Abriendo tu Cuenta Ganadora BBVA desde S/1500, ya estás participando. Ver más información en bbva.pe/cuentas 😉

#CuentasBBVA #BBVA #Avanzamos",0,0,0,0,911
2025-07-15 12:43:00,bbva_peru,Jun 6,"¿Listo para verlos actuar por el Día del Padre? 😊 Si ese día tienes que ir al banco ya sabes que puedes elegir en qué horario hacerlo con Turno Digital desde tu App BBVA. 😎📱

Conoce más aquí: bbva.info/42vhRpz
#BBVA #BancoBBVA #TurnoDigital #Tiempo",0,0,0,0,837
2025-07-15 12:43:00,bbva_peru,Jun 4,"¿Listo para ganar uno de los 2 DEPAS DE ESTRENO que la Cuenta Ganadora BBVA tiene para ti? ¡Abriendo tu cuenta desde S/1,500 participas al instante! 🏢😎

Ábrela Aquí: bbva.info/2kw78IE
#BBVA #BancoBBVA #CuentaGanadoraBBVA #Ahorrar #CuentaDeAhorros",4,0,0,0,781
2025-07-15 12:43:00,bbva_peru,Jun 2,"Tenemos una cuenta para acompañarte en cada manera de avanzar.

#BBVA #proyectos #avanzamos",2,0,3,0,904
2025-07-15 12:43:00,bbva_peru,May 28,Para hacer realidad tu próximo proyecto necesitas un banco que te acompañe con:,4,0,1,0,895
2025-07-15 12:43:00,bbva_peru,May 26,"¿Listo para hacer realidad cada uno de tus proyectos? En BBVA, nos renovamos para acompañarte en cada paso. 😎💪

#BBVA #proyectos #Avanzamos",0,0,2,0,900
2025-07-15 12:43:00,bbva_peru,May 23,Separar tu dinero para cubrir cada gasto del mes es posible con tu App BBVA y su función...,1,0,2,0,1.0K
2025-07-15 12:43:00,bbva_peru,May 23,"¿App o Agencia? 😎 Decide con LIBERTAD desde dónde hacer tus TRANSFERENCIAS TOTALMENTE GRATIS con la Cuenta Independencia BBVA. 💵😉

Abre tu cuenta aquí: bbva.info/32eZMcG
#BBVA #BancoBBVA #CuentaIndependencia #TransferenciasSinComisiones #CercaníaYConfianza",1,0,1,0,885
2025-07-15 12:43:00,bbva_peru,May 22,"🏠🚗🎒✨ No hay proyecto grande o pequeño, lo importante es seguir avanzando. Hoy estrenamos imagen y renovamos nuestro compromiso de acompañarte en cada paso, brindándote las herramientas que impulsan tus decisiones. ¿Avanzamos?",0,0,1,0,868
2025-07-15 12:43:00,bbva_peru,May 20,"Todos tenemos un proyecto que queremos hacer realidad👀 ¿Cuál de estos te motiva más? ¡Mejor aún, escribe el tuyo en los comentarios!",0,0,1,0,665
2025-07-15 12:43:00,bbva_peru,May 19,☝️ Con la Cuenta Independencia BBVA puedo realizar todas mis operaciones por canales físicos TOTALMENTE GRATIS.,1,0,0,0,783
2025-07-15 12:43:00,bbva_peru,May 19,"¡Aún estás a tiempo! 📷📷 Abre o incrementa tu cuenta desde S/3,200 y GANA AL INSTANTE  tu set de cubiertos Tramontina. ¡No te quedes fuera! 📷
Abre tu cuenta aquí: bbva.info/3LWb53n
#BBVA #BancoBBVA #QDA #QuincenaDelAhorro #Ahorrar",2,0,0,0,731
2025-07-15 13:36:57,bbva_peru,Jul 9,¿Cómo te convendría pagar los pasajes de tu viaje por Fiestas Patrias?,17,0,0,0,3.0K
2025-07-15 13:36:57,bbva_peru,Jun 25,"Mostremos nuestro orgullo todo el año. 🏳️‍🌈🏳️‍⚧️ En Be Yourself, ya impulsamos acciones internas para hacerlo posible, y seguiremos trabajando para que sea una realidad en todo el país. 💪😎

#BBVA #orgullo #pride",17,1,10,1,4.0K
2025-07-15 13:36:57,bbva_peru,Jun 24,"¿Avanzamos? Tus metas se hacen posible con la rentabilidad y seguridad que tiene la Cuenta Vip. Conoce más 👉 bbva.info/40jA8E9  😊

#BBVA #CuentaBBVA #VIP #metas",2,0,0,0,2.0K
2025-07-15 13:36:57,bbva_peru,Jun 18,"¿A qué zona irás en el concierto de Green Day?...
Por cierto, tus Tarjetas BBVA te dan beneficios para que puedas conseguir tus entradas. 😉🙌",3,0,0,0,2.0K
2025-07-15 13:36:57,bbva_peru,Jun 17,¿Qué cuenta sorteará en unas semanas 2 DEPAS DE ESTRENO solo por ahorrar?,1,0,1,0,1.0K
2025-07-15 13:36:57,bbva_peru,Jun 16,"Cuenta Independencia BBVA
¿Sabes todos los BENEFICIOS de la Cuenta Independencia BBVA? 

Descúbrelos aquí: bbva.info/4dUWLo4

¿Listo para avanzar?",2,0,0,0,1.0K
2025-07-15 13:36:57,bbva_peru,Jun 10,"Hay muchas formas de avanzar… y una de ellas es ganarte tu nuevo depa de estreno. 🏠💙 Abriendo tu Cuenta Ganadora, participas por 2 departamentos de estreno.

Conoce más aquí: bbva.info/45dZ3fT
#BBVA #CuentasBBVA #Avanzamos",0,0,0,0,1.0K
2025-07-15 13:36:57,bbva_peru,Jun 10,Cuando hay que pagar los servicios existen dos tipos de personas. ¿Cuál eres tú?,0,0,0,0,889
2025-07-15 13:36:57,bbva_peru,Jun 10,"¡Un depa puede ser tuyo! 🙌 Abriendo tu Cuenta Ganadora BBVA desde S/1500, ya estás participando. Ver más información en bbva.pe/cuentas 😉

#CuentasBBVA #BBVA #Avanzamos",0,0,0,0,911
2025-07-15 13:36:57,bbva_peru,Jun 6,"¿Listo para verlos actuar por el Día del Padre? 😊 Si ese día tienes que ir al banco ya sabes que puedes elegir en qué horario hacerlo con Turno Digital desde tu App BBVA. 😎📱

Conoce más aquí: bbva.info/42vhRpz
#BBVA #BancoBBVA #TurnoDigital #Tiempo",0,0,0,0,837
2025-07-15 13:36:57,bbva_peru,Jun 4,"¿Listo para ganar uno de los 2 DEPAS DE ESTRENO que la Cuenta Ganadora BBVA tiene para ti? ¡Abriendo tu cuenta desde S/1,500 participas al instante! 🏢😎

Ábrela Aquí: bbva.info/2kw78IE
#BBVA #BancoBBVA #CuentaGanadoraBBVA #Ahorrar #CuentaDeAhorros",4,0,0,0,781
2025-07-15 13:36:57,bbva_peru,Jun 2,"Tenemos una cuenta para acompañarte en cada manera de avanzar.

#BBVA #proyectos #avanzamos",2,0,3,0,904
2025-07-15 13:36:57,bbva_peru,May 28,Para hacer realidad tu próximo proyecto necesitas un banco que te acompañe con:,4,0,1,0,895
2025-07-15 13:36:57,bbva_peru,May 26,"¿Listo para hacer realidad cada uno de tus proyectos? En BBVA, nos renovamos para acompañarte en cada paso. 😎💪

#BBVA #proyectos #Avanzamos",0,0,2,0,900
2025-07-15 13:36:57,bbva_peru,May 23,Separar tu dinero para cubrir cada gasto del mes es posible con tu App BBVA y su función...,1,0,2,0,1.0K
2025-07-15 13:36:57,bbva_peru,May 23,"¿App o Agencia? 😎 Decide con LIBERTAD desde dónde hacer tus TRANSFERENCIAS TOTALMENTE GRATIS con la Cuenta Independencia BBVA. 💵😉

Abre tu cuenta aquí: bbva.info/32eZMcG
#BBVA #BancoBBVA #CuentaIndependencia #TransferenciasSinComisiones #CercaníaYConfianza",1,0,1,0,885
2025-07-15 13:36:57,bbva_peru,May 22,"🏠🚗🎒✨ No hay proyecto grande o pequeño, lo importante es seguir avanzando. Hoy estrenamos imagen y renovamos nuestro compromiso de acompañarte en cada paso, brindándote las herramientas que impulsan tus decisiones. ¿Avanzamos?",0,0,1,0,868
2025-07-15 13:36:57,bbva_peru,May 20,"Todos tenemos un proyecto que queremos hacer realidad👀 ¿Cuál de estos te motiva más? ¡Mejor aún, escribe el tuyo en los comentarios!",0,0,1,0,665
2025-07-15 13:36:57,bbva_peru,May 19,☝️ Con la Cuenta Independencia BBVA puedo realizar todas mis operaciones por canales físicos TOTALMENTE GRATIS.,1,0,0,0,783
2025-07-15 13:36:57,bbva_peru,May 19,"¡Aún estás a tiempo! 📷📷 Abre o incrementa tu cuenta desde S/3,200 y GANA AL INSTANTE  tu set de cubiertos Tramontina. ¡No te quedes fuera! 📷
Abre tu cuenta aquí: bbva.info/3LWb53n
#BBVA #BancoBBVA #QDA #QuincenaDelAhorro #Ahorrar",2,0,0,0,731
2025-07-15 14:19:51,bbva_peru,Jul 9,¿Cómo te convendría pagar los pasajes de tu viaje por Fiestas Patrias?,17,0,0,0,3.0K
2025-07-15 14:19:51,bbva_peru,Jun 25,"Mostremos nuestro orgullo todo el año. 🏳️‍🌈🏳️‍⚧️ En Be Yourself, ya impulsamos acciones internas para hacerlo posible, y seguiremos trabajando para que sea una realidad en todo el país. 💪😎

#BBVA #orgullo #pride",17,1,10,1,4.0K
2025-07-15 14:19:51,bbva_peru,Jun 24,"¿Avanzamos? Tus metas se hacen posible con la rentabilidad y seguridad que tiene la Cuenta Vip. Conoce más 👉 bbva.info/40jA8E9  😊

#BBVA #CuentaBBVA #VIP #metas",2,0,0,0,2.0K
2025-07-15 14:19:51,bbva_peru,Jun 18,"¿A qué zona irás en el concierto de Green Day?...
Por cierto, tus Tarjetas BBVA te dan beneficios para que puedas conseguir tus entradas. 😉🙌",3,0,0,0,2.0K
2025-07-15 14:19:51,bbva_peru,Jun 17,¿Qué cuenta sorteará en unas semanas 2 DEPAS DE ESTRENO solo por ahorrar?,1,0,1,0,1.0K
2025-07-15 14:19:51,bbva_peru,Jun 16,"Cuenta Independencia BBVA
¿Sabes todos los BENEFICIOS de la Cuenta Independencia BBVA? 

Descúbrelos aquí: bbva.info/4dUWLo4

¿Listo para avanzar?",2,0,0,0,1.0K
2025-07-15 14:19:51,bbva_peru,Jun 10,"Hay muchas formas de avanzar… y una de ellas es ganarte tu nuevo depa de estreno. 🏠💙 Abriendo tu Cuenta Ganadora, participas por 2 departamentos de estreno.

Conoce más aquí: bbva.info/45dZ3fT
#BBVA #CuentasBBVA #Avanzamos",0,0,0,0,1.0K
2025-07-15 14:19:51,bbva_peru,Jun 10,Cuando hay que pagar los servicios existen dos tipos de personas. ¿Cuál eres tú?,0,0,0,0,890
2025-07-15 14:19:51,bbva_peru,Jun 10,"¡Un depa puede ser tuyo! 🙌 Abriendo tu Cuenta Ganadora BBVA desde S/1500, ya estás participando. Ver más información en bbva.pe/cuentas 😉

#CuentasBBVA #BBVA #Avanzamos",0,0,0,0,912
2025-07-15 14:19:51,bbva_peru,Jun 6,"¿Listo para verlos actuar por el Día del Padre? 😊 Si ese día tienes que ir al banco ya sabes que puedes elegir en qué horario hacerlo con Turno Digital desde tu App BBVA. 😎📱

Conoce más aquí: bbva.info/42vhRpz
#BBVA #BancoBBVA #TurnoDigital #Tiempo",0,0,0,0,838
2025-07-15 14:19:51,bbva_peru,Jun 4,"¿Listo para ganar uno de los 2 DEPAS DE ESTRENO que la Cuenta Ganadora BBVA tiene para ti? ¡Abriendo tu cuenta desde S/1,500 participas al instante! 🏢😎

Ábrela Aquí: bbva.info/2kw78IE
#BBVA #BancoBBVA #CuentaGanadoraBBVA #Ahorrar #CuentaDeAhorros",4,0,0,0,782
2025-07-15 14:19:51,bbva_peru,Jun 2,"Tenemos una cuenta para acompañarte en cada manera de avanzar.

#BBVA #proyectos #avanzamos",2,0,3,0,905
2025-07-15 14:19:51,bbva_peru,May 28,Para hacer realidad tu próximo proyecto necesitas un banco que te acompañe con:,4,0,1,0,901
2025-07-15 14:19:51,bbva_peru,May 26,"¿Listo para hacer realidad cada uno de tus proyectos? En BBVA, nos renovamos para acompañarte en cada paso. 😎💪

#BBVA #proyectos #Avanzamos",0,0,2,0,901
2025-07-15 14:19:51,bbva_peru,May 23,Separar tu dinero para cubrir cada gasto del mes es posible con tu App BBVA y su función...,1,0,2,0,1.0K
2025-07-15 14:19:51,bbva_peru,May 23,"¿App o Agencia? 😎 Decide con LIBERTAD desde dónde hacer tus TRANSFERENCIAS TOTALMENTE GRATIS con la Cuenta Independencia BBVA. 💵😉

Abre tu cuenta aquí: bbva.info/32eZMcG
#BBVA #BancoBBVA #CuentaIndependencia #TransferenciasSinComisiones #CercaníaYConfianza",1,0,1,0,885
2025-07-15 14:19:51,bbva_peru,May 22,"🏠🚗🎒✨ No hay proyecto grande o pequeño, lo importante es seguir avanzando. Hoy estrenamos imagen y renovamos nuestro compromiso de acompañarte en cada paso, brindándote las herramientas que impulsan tus decisiones. ¿Avanzamos?",0,0,1,0,868
2025-07-15 14:19:51,bbva_peru,May 20,"Todos tenemos un proyecto que queremos hacer realidad👀 ¿Cuál de estos te motiva más? ¡Mejor aún, escribe el tuyo en los comentarios!",0,0,1,0,665
2025-07-15 14:19:51,bbva_peru,May 19,☝️ Con la Cuenta Independencia BBVA puedo realizar todas mis operaciones por canales físicos TOTALMENTE GRATIS.,1,0,0,0,783
2025-07-15 14:19:51,bbva_peru,May 19,"¡Aún estás a tiempo! 📷📷 Abre o incrementa tu cuenta desde S/3,200 y GANA AL INSTANTE  tu set de cubiertos Tramontina. ¡No te quedes fuera! 📷
Abre tu cuenta aquí: bbva.info/3LWb53n
#BBVA #BancoBBVA #QDA #QuincenaDelAhorro #Ahorrar",2,0,0,0,731
2025-07-15 15:21:00,bbva_peru,Jul 9,¿Cómo te convendría pagar los pasajes de tu viaje por Fiestas Patrias?,17,0,0,0,3.0K
2025-07-15 15:21:00,bbva_peru,Jun 25,"Mostremos nuestro orgullo todo el año. 🏳️‍🌈🏳️‍⚧️ En Be Yourself, ya impulsamos acciones internas para hacerlo posible, y seguiremos trabajando para que sea una realidad en todo el país. 💪😎

#BBVA #orgullo #pride",17,1,10,1,4.0K
2025-07-15 15:21:00,bbva_peru,Jun 24,"¿Avanzamos? Tus metas se hacen posible con la rentabilidad y seguridad que tiene la Cuenta Vip. Conoce más 👉 bbva.info/40jA8E9  😊

#BBVA #CuentaBBVA #VIP #metas",2,0,0,0,2.0K
2025-07-15 15:21:00,bbva_peru,Jun 18,"¿A qué zona irás en el concierto de Green Day?...
Por cierto, tus Tarjetas BBVA te dan beneficios para que puedas conseguir tus entradas. 😉🙌",3,0,0,0,2.0K
2025-07-15 15:21:00,bbva_peru,Jun 17,¿Qué cuenta sorteará en unas semanas 2 DEPAS DE ESTRENO solo por ahorrar?,1,0,1,0,1.0K
2025-07-15 15:21:00,bbva_peru,Jun 16,"Cuenta Independencia BBVA
¿Sabes todos los BENEFICIOS de la Cuenta Independencia BBVA? 

Descúbrelos aquí: bbva.info/4dUWLo4

¿Listo para avanzar?",2,0,0,0,1.0K
2025-07-15 15:21:00,bbva_peru,Jun 10,"Hay muchas formas de avanzar… y una de ellas es ganarte tu nuevo depa de estreno. 🏠💙 Abriendo tu Cuenta Ganadora, participas por 2 departamentos de estreno.

Conoce más aquí: bbva.info/45dZ3fT
#BBVA #CuentasBBVA #Avanzamos",0,0,0,0,1.0K
2025-07-15 15:21:00,bbva_peru,Jun 10,Cuando hay que pagar los servicios existen dos tipos de personas. ¿Cuál eres tú?,0,0,0,0,890
2025-07-15 15:21:00,bbva_peru,Jun 10,"¡Un depa puede ser tuyo! 🙌 Abriendo tu Cuenta Ganadora BBVA desde S/1500, ya estás participando. Ver más información en bbva.pe/cuentas 😉

#CuentasBBVA #BBVA #Avanzamos",0,0,0,0,912
2025-07-15 15:21:00,bbva_peru,Jun 6,"¿Listo para verlos actuar por el Día del Padre? 😊 Si ese día tienes que ir al banco ya sabes que puedes elegir en qué horario hacerlo con Turno Digital desde tu App BBVA. 😎📱

Conoce más aquí: bbva.info/42vhRpz
#BBVA #BancoBBVA #TurnoDigital #Tiempo",0,0,0,0,838
2025-07-15 15:21:00,bbva_peru,Jun 4,"¿Listo para ganar uno de los 2 DEPAS DE ESTRENO que la Cuenta Ganadora BBVA tiene para ti? ¡Abriendo tu cuenta desde S/1,500 participas al instante! 🏢😎

Ábrela Aquí: bbva.info/2kw78IE
#BBVA #BancoBBVA #CuentaGanadoraBBVA #Ahorrar #CuentaDeAhorros",4,0,0,0,782
2025-07-15 15:21:00,bbva_peru,Jun 2,"Tenemos una cuenta para acompañarte en cada manera de avanzar.

#BBVA #proyectos #avanzamos",2,0,3,0,905
2025-07-15 15:21:00,bbva_peru,May 28,Para hacer realidad tu próximo proyecto necesitas un banco que te acompañe con:,4,0,1,0,904
2025-07-15 15:21:00,bbva_peru,May 26,"¿Listo para hacer realidad cada uno de tus proyectos? En BBVA, nos renovamos para acompañarte en cada paso. 😎💪

#BBVA #proyectos #Avanzamos",0,0,2,0,901
2025-07-15 15:21:00,bbva_peru,May 23,Separar tu dinero para cubrir cada gasto del mes es posible con tu App BBVA y su función...,1,0,2,0,1.0K
2025-07-15 15:21:00,bbva_peru,May 23,"¿App o Agencia? 😎 Decide con LIBERTAD desde dónde hacer tus TRANSFERENCIAS TOTALMENTE GRATIS con la Cuenta Independencia BBVA. 💵😉

Abre tu cuenta aquí: bbva.info/32eZMcG
#BBVA #BancoBBVA #CuentaIndependencia #TransferenciasSinComisiones #CercaníaYConfianza",1,0,1,0,885
2025-07-15 15:21:00,bbva_peru,May 22,"🏠🚗🎒✨ No hay proyecto grande o pequeño, lo importante es seguir avanzando. Hoy estrenamos imagen y renovamos nuestro compromiso de acompañarte en cada paso, brindándote las herramientas que impulsan tus decisiones. ¿Avanzamos?",0,0,1,0,868
2025-07-15 15:21:00,bbva_peru,May 20,"Todos tenemos un proyecto que queremos hacer realidad👀 ¿Cuál de estos te motiva más? ¡Mejor aún, escribe el tuyo en los comentarios!",0,0,1,0,665
2025-07-15 15:21:00,bbva_peru,May 19,☝️ Con la Cuenta Independencia BBVA puedo realizar todas mis operaciones por canales físicos TOTALMENTE GRATIS.,1,0,0,0,783
2025-07-15 15:21:00,bbva_peru,May 19,"¡Aún estás a tiempo! 📷📷 Abre o incrementa tu cuenta desde S/3,200 y GANA AL INSTANTE  tu set de cubiertos Tramontina. ¡No te quedes fuera! 📷
Abre tu cuenta aquí: bbva.info/3LWb53n
#BBVA #BancoBBVA #QDA #QuincenaDelAhorro #Ahorrar",2,0,0,0,731
2025-07-15 16:27:30,bbva_peru,Jul 9,¿Cómo te convendría pagar los pasajes de tu viaje por Fiestas Patrias?,17,0,0,0,3.0K
2025-07-15 16:27:30,bbva_peru,Jun 25,"Mostremos nuestro orgullo todo el año. 🏳️‍🌈🏳️‍⚧️ En Be Yourself, ya impulsamos acciones internas para hacerlo posible, y seguiremos trabajando para que sea una realidad en todo el país. 💪😎

#BBVA #orgullo #pride",17,1,10,1,4.0K
2025-07-15 16:27:30,bbva_peru,Jun 24,"¿Avanzamos? Tus metas se hacen posible con la rentabilidad y seguridad que tiene la Cuenta Vip. Conoce más 👉 bbva.info/40jA8E9  😊

#BBVA #CuentaBBVA #VIP #metas",2,0,0,0,2.0K
2025-07-15 16:27:30,bbva_peru,Jun 18,"¿A qué zona irás en el concierto de Green Day?...
Por cierto, tus Tarjetas BBVA te dan beneficios para que puedas conseguir tus entradas. 😉🙌",3,0,0,0,2.0K
2025-07-15 16:27:30,bbva_peru,Jun 17,¿Qué cuenta sorteará en unas semanas 2 DEPAS DE ESTRENO solo por ahorrar?,1,0,1,0,1.0K
2025-07-15 16:27:30,bbva_peru,Jun 16,"Cuenta Independencia BBVA
¿Sabes todos los BENEFICIOS de la Cuenta Independencia BBVA? 

Descúbrelos aquí: bbva.info/4dUWLo4

¿Listo para avanzar?",2,0,0,0,1.0K
2025-07-15 16:27:30,bbva_peru,Jun 10,"Hay muchas formas de avanzar… y una de ellas es ganarte tu nuevo depa de estreno. 🏠💙 Abriendo tu Cuenta Ganadora, participas por 2 departamentos de estreno.

Conoce más aquí: bbva.info/45dZ3fT
#BBVA #CuentasBBVA #Avanzamos",0,0,0,0,1.0K
2025-07-15 16:27:30,bbva_peru,Jun 10,Cuando hay que pagar los servicios existen dos tipos de personas. ¿Cuál eres tú?,0,0,0,0,890
2025-07-15 16:27:30,bbva_peru,Jun 10,"¡Un depa puede ser tuyo! 🙌 Abriendo tu Cuenta Ganadora BBVA desde S/1500, ya estás participando. Ver más información en bbva.pe/cuentas 😉

#CuentasBBVA #BBVA #Avanzamos",0,0,0,0,912
2025-07-15 16:27:30,bbva_peru,Jun 6,"¿Listo para verlos actuar por el Día del Padre? 😊 Si ese día tienes que ir al banco ya sabes que puedes elegir en qué horario hacerlo con Turno Digital desde tu App BBVA. 😎📱

Conoce más aquí: bbva.info/42vhRpz
#BBVA #BancoBBVA #TurnoDigital #Tiempo",0,0,0,0,838
2025-07-15 16:27:30,bbva_peru,Jun 4,"¿Listo para ganar uno de los 2 DEPAS DE ESTRENO que la Cuenta Ganadora BBVA tiene para ti? ¡Abriendo tu cuenta desde S/1,500 participas al instante! 🏢😎

Ábrela Aquí: bbva.info/2kw78IE
#BBVA #BancoBBVA #CuentaGanadoraBBVA #Ahorrar #CuentaDeAhorros",4,0,0,0,782
2025-07-15 16:27:30,bbva_peru,Jun 2,"Tenemos una cuenta para acompañarte en cada manera de avanzar.

#BBVA #proyectos #avanzamos",2,0,3,0,905
2025-07-15 16:27:30,bbva_peru,May 28,Para hacer realidad tu próximo proyecto necesitas un banco que te acompañe con:,4,0,1,0,906
2025-07-15 16:27:30,bbva_peru,May 26,"¿Listo para hacer realidad cada uno de tus proyectos? En BBVA, nos renovamos para acompañarte en cada paso. 😎💪

#BBVA #proyectos #Avanzamos",0,0,2,0,901
2025-07-15 16:27:30,bbva_peru,May 23,Separar tu dinero para cubrir cada gasto del mes es posible con tu App BBVA y su función...,1,0,2,0,1.0K
2025-07-15 16:27:30,bbva_peru,May 23,"¿App o Agencia? 😎 Decide con LIBERTAD desde dónde hacer tus TRANSFERENCIAS TOTALMENTE GRATIS con la Cuenta Independencia BBVA. 💵😉

Abre tu cuenta aquí: bbva.info/32eZMcG
#BBVA #BancoBBVA #CuentaIndependencia #TransferenciasSinComisiones #CercaníaYConfianza",1,0,1,0,885
2025-07-15 16:27:30,bbva_peru,May 22,"🏠🚗🎒✨ No hay proyecto grande o pequeño, lo importante es seguir avanzando. Hoy estrenamos imagen y renovamos nuestro compromiso de acompañarte en cada paso, brindándote las herramientas que impulsan tus decisiones. ¿Avanzamos?",0,0,1,0,868
2025-07-15 16:27:30,bbva_peru,May 20,"Todos tenemos un proyecto que queremos hacer realidad👀 ¿Cuál de estos te motiva más? ¡Mejor aún, escribe el tuyo en los comentarios!",0,0,1,0,665
2025-07-15 16:27:30,bbva_peru,May 19,☝️ Con la Cuenta Independencia BBVA puedo realizar todas mis operaciones por canales físicos TOTALMENTE GRATIS.,1,0,0,0,783
2025-07-15 16:27:30,bbva_peru,May 19,"¡Aún estás a tiempo! 📷📷 Abre o incrementa tu cuenta desde S/3,200 y GANA AL INSTANTE  tu set de cubiertos Tramontina. ¡No te quedes fuera! 📷
Abre tu cuenta aquí: bbva.info/3LWb53n
#BBVA #BancoBBVA #QDA #QuincenaDelAhorro #Ahorrar",2,0,0,0,731
2025-07-15 17:19:10,bbva_peru,Jul 9,¿Cómo te convendría pagar los pasajes de tu viaje por Fiestas Patrias?,17,0,0,0,3.0K
2025-07-15 17:19:10,bbva_peru,Jun 25,"Mostremos nuestro orgullo todo el año. 🏳️‍🌈🏳️‍⚧️ En Be Yourself, ya impulsamos acciones internas para hacerlo posible, y seguiremos trabajando para que sea una realidad en todo el país. 💪😎

#BBVA #orgullo #pride",17,1,10,1,4.0K
2025-07-15 17:19:10,bbva_peru,Jun 24,"¿Avanzamos? Tus metas se hacen posible con la rentabilidad y seguridad que tiene la Cuenta Vip. Conoce más 👉 bbva.info/40jA8E9  😊

#BBVA #CuentaBBVA #VIP #metas",2,0,0,0,2.0K
2025-07-15 17:19:10,bbva_peru,Jun 18,"¿A qué zona irás en el concierto de Green Day?...
Por cierto, tus Tarjetas BBVA te dan beneficios para que puedas conseguir tus entradas. 😉🙌",3,0,0,0,2.0K
2025-07-15 17:19:10,bbva_peru,Jun 17,¿Qué cuenta sorteará en unas semanas 2 DEPAS DE ESTRENO solo por ahorrar?,1,0,1,0,1.0K
2025-07-15 17:19:10,bbva_peru,Jun 16,"Cuenta Independencia BBVA
¿Sabes todos los BENEFICIOS de la Cuenta Independencia BBVA? 

Descúbrelos aquí: bbva.info/4dUWLo4

¿Listo para avanzar?",2,0,0,0,1.0K
2025-07-15 17:19:10,bbva_peru,Jun 10,"Hay muchas formas de avanzar… y una de ellas es ganarte tu nuevo depa de estreno. 🏠💙 Abriendo tu Cuenta Ganadora, participas por 2 departamentos de estreno.

Conoce más aquí: bbva.info/45dZ3fT
#BBVA #CuentasBBVA #Avanzamos",0,0,0,0,1.0K
2025-07-15 17:19:10,bbva_peru,Jun 10,Cuando hay que pagar los servicios existen dos tipos de personas. ¿Cuál eres tú?,0,0,0,0,890
2025-07-15 17:19:10,bbva_peru,Jun 10,"¡Un depa puede ser tuyo! 🙌 Abriendo tu Cuenta Ganadora BBVA desde S/1500, ya estás participando. Ver más información en bbva.pe/cuentas 😉

#CuentasBBVA #BBVA #Avanzamos",0,0,0,0,912
2025-07-15 17:19:10,bbva_peru,Jun 6,"¿Listo para verlos actuar por el Día del Padre? 😊 Si ese día tienes que ir al banco ya sabes que puedes elegir en qué horario hacerlo con Turno Digital desde tu App BBVA. 😎📱

Conoce más aquí: bbva.info/42vhRpz
#BBVA #BancoBBVA #TurnoDigital #Tiempo",0,0,0,0,838
2025-07-15 17:19:10,bbva_peru,Jun 4,"¿Listo para ganar uno de los 2 DEPAS DE ESTRENO que la Cuenta Ganadora BBVA tiene para ti? ¡Abriendo tu cuenta desde S/1,500 participas al instante! 🏢😎

Ábrela Aquí: bbva.info/2kw78IE
#BBVA #BancoBBVA #CuentaGanadoraBBVA #Ahorrar #CuentaDeAhorros",4,0,0,0,782
2025-07-15 17:19:10,bbva_peru,Jun 2,"Tenemos una cuenta para acompañarte en cada manera de avanzar.

#BBVA #proyectos #avanzamos",2,0,3,0,905
2025-07-15 17:19:10,bbva_peru,May 28,Para hacer realidad tu próximo proyecto necesitas un banco que te acompañe con:,5,0,1,0,906
2025-07-15 17:19:10,bbva_peru,May 26,"¿Listo para hacer realidad cada uno de tus proyectos? En BBVA, nos renovamos para acompañarte en cada paso. 😎💪

#BBVA #proyectos #Avanzamos",0,0,2,0,901
2025-07-15 17:19:10,bbva_peru,May 23,Separar tu dinero para cubrir cada gasto del mes es posible con tu App BBVA y su función...,1,0,2,0,1.0K
2025-07-15 17:19:10,bbva_peru,May 23,"¿App o Agencia? 😎 Decide con LIBERTAD desde dónde hacer tus TRANSFERENCIAS TOTALMENTE GRATIS con la Cuenta Independencia BBVA. 💵😉

Abre tu cuenta aquí: bbva.info/32eZMcG
#BBVA #BancoBBVA #CuentaIndependencia #TransferenciasSinComisiones #CercaníaYConfianza",1,0,1,0,885
2025-07-15 17:19:10,bbva_peru,May 22,"🏠🚗🎒✨ No hay proyecto grande o pequeño, lo importante es seguir avanzando. Hoy estrenamos imagen y renovamos nuestro compromiso de acompañarte en cada paso, brindándote las herramientas que impulsan tus decisiones. ¿Avanzamos?",0,0,1,0,868
2025-07-15 17:19:10,bbva_peru,May 20,"Todos tenemos un proyecto que queremos hacer realidad👀 ¿Cuál de estos te motiva más? ¡Mejor aún, escribe el tuyo en los comentarios!",0,0,1,0,665
2025-07-15 17:19:10,bbva_peru,May 19,☝️ Con la Cuenta Independencia BBVA puedo realizar todas mis operaciones por canales físicos TOTALMENTE GRATIS.,1,0,0,0,783
2025-07-15 17:19:10,bbva_peru,May 19,"¡Aún estás a tiempo! 📷📷 Abre o incrementa tu cuenta desde S/3,200 y GANA AL INSTANTE  tu set de cubiertos Tramontina. ¡No te quedes fuera! 📷
Abre tu cuenta aquí: bbva.info/3LWb53n
#BBVA #BancoBBVA #QDA #QuincenaDelAhorro #Ahorrar",2,0,0,0,731
2025-07-15 18:31:33,bbva_peru,Jul 9,¿Cómo te convendría pagar los pasajes de tu viaje por Fiestas Patrias?,17,0,0,0,3.0K
2025-07-15 18:31:33,bbva_peru,Jun 25,"Mostremos nuestro orgullo todo el año. 🏳️‍🌈🏳️‍⚧️ En Be Yourself, ya impulsamos acciones internas para hacerlo posible, y seguiremos trabajando para que sea una realidad en todo el país. 💪😎

#BBVA #orgullo #pride",17,1,10,1,4.0K
2025-07-15 18:31:33,bbva_peru,Jun 24,"¿Avanzamos? Tus metas se hacen posible con la rentabilidad y seguridad que tiene la Cuenta Vip. Conoce más 👉 bbva.info/40jA8E9  😊

#BBVA #CuentaBBVA #VIP #metas",2,0,0,0,2.0K
2025-07-15 18:31:33,bbva_peru,Jun 18,"¿A qué zona irás en el concierto de Green Day?...
Por cierto, tus Tarjetas BBVA te dan beneficios para que puedas conseguir tus entradas. 😉🙌",3,0,0,0,2.0K
2025-07-15 18:31:33,bbva_peru,Jun 17,¿Qué cuenta sorteará en unas semanas 2 DEPAS DE ESTRENO solo por ahorrar?,1,0,1,0,1.0K
2025-07-15 18:31:33,bbva_peru,Jun 16,"Cuenta Independencia BBVA
¿Sabes todos los BENEFICIOS de la Cuenta Independencia BBVA? 

Descúbrelos aquí: bbva.info/4dUWLo4

¿Listo para avanzar?",2,0,0,0,1.0K
2025-07-15 18:31:33,bbva_peru,Jun 10,"Hay muchas formas de avanzar… y una de ellas es ganarte tu nuevo depa de estreno. 🏠💙 Abriendo tu Cuenta Ganadora, participas por 2 departamentos de estreno.

Conoce más aquí: bbva.info/45dZ3fT
#BBVA #CuentasBBVA #Avanzamos",0,0,0,0,1.0K
2025-07-15 18:31:33,bbva_peru,Jun 10,Cuando hay que pagar los servicios existen dos tipos de personas. ¿Cuál eres tú?,0,0,0,0,892
2025-07-15 18:31:33,bbva_peru,Jun 10,"¡Un depa puede ser tuyo! 🙌 Abriendo tu Cuenta Ganadora BBVA desde S/1500, ya estás participando. Ver más información en bbva.pe/cuentas 😉

#CuentasBBVA #BBVA #Avanzamos",0,0,0,0,914
2025-07-15 18:31:33,bbva_peru,Jun 6,"¿Listo para verlos actuar por el Día del Padre? 😊 Si ese día tienes que ir al banco ya sabes que puedes elegir en qué horario hacerlo con Turno Digital desde tu App BBVA. 😎📱

Conoce más aquí: bbva.info/42vhRpz
#BBVA #BancoBBVA #TurnoDigital #Tiempo",0,0,0,0,840
2025-07-15 18:31:33,bbva_peru,Jun 4,"¿Listo para ganar uno de los 2 DEPAS DE ESTRENO que la Cuenta Ganadora BBVA tiene para ti? ¡Abriendo tu cuenta desde S/1,500 participas al instante! 🏢😎

Ábrela Aquí: bbva.info/2kw78IE
#BBVA #BancoBBVA #CuentaGanadoraBBVA #Ahorrar #CuentaDeAhorros",4,0,0,0,783
2025-07-15 18:31:33,bbva_peru,Jun 2,"Tenemos una cuenta para acompañarte en cada manera de avanzar.

#BBVA #proyectos #avanzamos",2,0,3,0,906
2025-07-15 18:31:33,bbva_peru,May 28,Para hacer realidad tu próximo proyecto necesitas un banco que te acompañe con:,5,0,1,0,908
2025-07-15 18:31:33,bbva_peru,May 26,"¿Listo para hacer realidad cada uno de tus proyectos? En BBVA, nos renovamos para acompañarte en cada paso. 😎💪

#BBVA #proyectos #Avanzamos",0,0,2,0,903
2025-07-15 18:31:33,bbva_peru,May 23,Separar tu dinero para cubrir cada gasto del mes es posible con tu App BBVA y su función...,1,0,2,0,1.0K
2025-07-15 18:31:33,bbva_peru,May 23,"¿App o Agencia? 😎 Decide con LIBERTAD desde dónde hacer tus TRANSFERENCIAS TOTALMENTE GRATIS con la Cuenta Independencia BBVA. 💵😉

Abre tu cuenta aquí: bbva.info/32eZMcG
#BBVA #BancoBBVA #CuentaIndependencia #TransferenciasSinComisiones #CercaníaYConfianza",1,0,1,0,885
2025-07-15 18:31:33,bbva_peru,May 22,"🏠🚗🎒✨ No hay proyecto grande o pequeño, lo importante es seguir avanzando. Hoy estrenamos imagen y renovamos nuestro compromiso de acompañarte en cada paso, brindándote las herramientas que impulsan tus decisiones. ¿Avanzamos?",0,0,1,0,868
2025-07-15 18:31:33,bbva_peru,May 20,"Todos tenemos un proyecto que queremos hacer realidad👀 ¿Cuál de estos te motiva más? ¡Mejor aún, escribe el tuyo en los comentarios!",0,0,1,0,665
2025-07-15 18:31:33,bbva_peru,May 19,☝️ Con la Cuenta Independencia BBVA puedo realizar todas mis operaciones por canales físicos TOTALMENTE GRATIS.,1,0,0,0,783
2025-07-15 18:31:33,bbva_peru,May 19,"¡Aún estás a tiempo! 📷📷 Abre o incrementa tu cuenta desde S/3,200 y GANA AL INSTANTE  tu set de cubiertos Tramontina. ¡No te quedes fuera! 📷
Abre tu cuenta aquí: bbva.info/3LWb53n
#BBVA #BancoBBVA #QDA #QuincenaDelAhorro #Ahorrar",2,0,0,0,731
2025-07-15 19:18:05,bbva_peru,Jul 9,¿Cómo te convendría pagar los pasajes de tu viaje por Fiestas Patrias?,17,0,0,0,3.0K
2025-07-15 19:18:05,bbva_peru,Jun 25,"Mostremos nuestro orgullo todo el año. 🏳️‍🌈🏳️‍⚧️ En Be Yourself, ya impulsamos acciones internas para hacerlo posible, y seguiremos trabajando para que sea una realidad en todo el país. 💪😎

#BBVA #orgullo #pride",17,1,10,1,4.0K
2025-07-15 19:18:05,bbva_peru,Jun 24,"¿Avanzamos? Tus metas se hacen posible con la rentabilidad y seguridad que tiene la Cuenta Vip. Conoce más 👉 bbva.info/40jA8E9  😊

#BBVA #CuentaBBVA #VIP #metas",2,0,0,0,2.0K
2025-07-15 19:18:05,bbva_peru,Jun 18,"¿A qué zona irás en el concierto de Green Day?...
Por cierto, tus Tarjetas BBVA te dan beneficios para que puedas conseguir tus entradas. 😉🙌",3,0,0,0,2.0K
2025-07-15 19:18:05,bbva_peru,Jun 17,¿Qué cuenta sorteará en unas semanas 2 DEPAS DE ESTRENO solo por ahorrar?,1,0,1,0,1.0K
2025-07-15 19:18:05,bbva_peru,Jun 16,"Cuenta Independencia BBVA
¿Sabes todos los BENEFICIOS de la Cuenta Independencia BBVA? 

Descúbrelos aquí: bbva.info/4dUWLo4

¿Listo para avanzar?",2,0,0,0,1.0K
2025-07-15 19:18:05,bbva_peru,Jun 10,"Hay muchas formas de avanzar… y una de ellas es ganarte tu nuevo depa de estreno. 🏠💙 Abriendo tu Cuenta Ganadora, participas por 2 departamentos de estreno.

Conoce más aquí: bbva.info/45dZ3fT
#BBVA #CuentasBBVA #Avanzamos",0,0,0,0,1.0K
2025-07-15 19:18:05,bbva_peru,Jun 10,Cuando hay que pagar los servicios existen dos tipos de personas. ¿Cuál eres tú?,0,0,0,0,892
2025-07-15 19:18:05,bbva_peru,Jun 10,"¡Un depa puede ser tuyo! 🙌 Abriendo tu Cuenta Ganadora BBVA desde S/1500, ya estás participando. Ver más información en bbva.pe/cuentas 😉

#CuentasBBVA #BBVA #Avanzamos",0,0,0,0,915
2025-07-15 19:18:05,bbva_peru,Jun 6,"¿Listo para verlos actuar por el Día del Padre? 😊 Si ese día tienes que ir al banco ya sabes que puedes elegir en qué horario hacerlo con Turno Digital desde tu App BBVA. 😎📱

Conoce más aquí: bbva.info/42vhRpz
#BBVA #BancoBBVA #TurnoDigital #Tiempo",0,0,0,0,841
2025-07-15 19:18:05,bbva_peru,Jun 4,"¿Listo para ganar uno de los 2 DEPAS DE ESTRENO que la Cuenta Ganadora BBVA tiene para ti? ¡Abriendo tu cuenta desde S/1,500 participas al instante! 🏢😎

Ábrela Aquí: bbva.info/2kw78IE
#BBVA #BancoBBVA #CuentaGanadoraBBVA #Ahorrar #CuentaDeAhorros",4,0,0,0,783
2025-07-15 19:18:05,bbva_peru,Jun 2,"Tenemos una cuenta para acompañarte en cada manera de avanzar.

#BBVA #proyectos #avanzamos",2,0,3,0,906
2025-07-15 19:18:05,bbva_peru,May 28,Para hacer realidad tu próximo proyecto necesitas un banco que te acompañe con:,5,0,1,0,910
2025-07-15 19:18:05,bbva_peru,May 26,"¿Listo para hacer realidad cada uno de tus proyectos? En BBVA, nos renovamos para acompañarte en cada paso. 😎💪

#BBVA #proyectos #Avanzamos",0,0,2,0,903
2025-07-15 19:18:05,bbva_peru,May 23,Separar tu dinero para cubrir cada gasto del mes es posible con tu App BBVA y su función...,1,0,2,0,1.0K
2025-07-15 19:18:05,bbva_peru,May 23,"¿App o Agencia? 😎 Decide con LIBERTAD desde dónde hacer tus TRANSFERENCIAS TOTALMENTE GRATIS con la Cuenta Independencia BBVA. 💵😉

Abre tu cuenta aquí: bbva.info/32eZMcG
#BBVA #BancoBBVA #CuentaIndependencia #TransferenciasSinComisiones #CercaníaYConfianza",1,0,1,0,885
2025-07-15 19:18:05,bbva_peru,May 22,"🏠🚗🎒✨ No hay proyecto grande o pequeño, lo importante es seguir avanzando. Hoy estrenamos imagen y renovamos nuestro compromiso de acompañarte en cada paso, brindándote las herramientas que impulsan tus decisiones. ¿Avanzamos?",0,0,1,0,868
2025-07-15 19:18:05,bbva_peru,May 20,"Todos tenemos un proyecto que queremos hacer realidad👀 ¿Cuál de estos te motiva más? ¡Mejor aún, escribe el tuyo en los comentarios!",0,0,1,0,665
2025-07-15 19:18:05,bbva_peru,May 19,☝️ Con la Cuenta Independencia BBVA puedo realizar todas mis operaciones por canales físicos TOTALMENTE GRATIS.,1,0,0,0,783
2025-07-15 19:18:05,bbva_peru,May 19,"¡Aún estás a tiempo! 📷📷 Abre o incrementa tu cuenta desde S/3,200 y GANA AL INSTANTE  tu set de cubiertos Tramontina. ¡No te quedes fuera! 📷
Abre tu cuenta aquí: bbva.info/3LWb53n
#BBVA #BancoBBVA #QDA #QuincenaDelAhorro #Ahorrar",2,0,0,0,731
2025-07-15 20:23:56,bbva_peru,5 m,¿A qué concierto irás usando los descuentos y beneficios de tus Tarjetas BBVA?,0,0,0,0,39
2025-07-15 20:23:56,bbva_peru,Jul 9,¿Cómo te convendría pagar los pasajes de tu viaje por Fiestas Patrias?,17,0,0,0,3.0K
2025-07-15 20:23:56,bbva_peru,Jun 25,"Mostremos nuestro orgullo todo el año. 🏳️‍🌈🏳️‍⚧️ En Be Yourself, ya impulsamos acciones internas para hacerlo posible, y seguiremos trabajando para que sea una realidad en todo el país. 💪😎

#BBVA #orgullo #pride",17,1,10,1,4.0K
2025-07-15 20:23:56,bbva_peru,Jun 24,"¿Avanzamos? Tus metas se hacen posible con la rentabilidad y seguridad que tiene la Cuenta Vip. Conoce más 👉 bbva.info/40jA8E9  😊

#BBVA #CuentaBBVA #VIP #metas",2,0,0,0,2.0K
2025-07-15 20:23:56,bbva_peru,Jun 18,"¿A qué zona irás en el concierto de Green Day?...
Por cierto, tus Tarjetas BBVA te dan beneficios para que puedas conseguir tus entradas. 😉🙌",3,0,0,0,2.0K
2025-07-15 20:23:56,bbva_peru,Jun 17,¿Qué cuenta sorteará en unas semanas 2 DEPAS DE ESTRENO solo por ahorrar?,1,0,1,0,1.0K
2025-07-15 20:23:56,bbva_peru,Jun 16,"Cuenta Independencia BBVA
¿Sabes todos los BENEFICIOS de la Cuenta Independencia BBVA? 

Descúbrelos aquí: bbva.info/4dUWLo4

¿Listo para avanzar?",2,0,0,0,1.0K
2025-07-15 20:23:56,bbva_peru,Jun 10,"Hay muchas formas de avanzar… y una de ellas es ganarte tu nuevo depa de estreno. 🏠💙 Abriendo tu Cuenta Ganadora, participas por 2 departamentos de estreno.

Conoce más aquí: bbva.info/45dZ3fT
#BBVA #CuentasBBVA #Avanzamos",0,0,0,0,1.0K
2025-07-15 20:23:56,bbva_peru,Jun 10,Cuando hay que pagar los servicios existen dos tipos de personas. ¿Cuál eres tú?,0,0,0,0,892
2025-07-15 20:23:56,bbva_peru,Jun 10,"¡Un depa puede ser tuyo! 🙌 Abriendo tu Cuenta Ganadora BBVA desde S/1500, ya estás participando. Ver más información en bbva.pe/cuentas 😉

#CuentasBBVA #BBVA #Avanzamos",0,0,0,0,915
2025-07-15 20:23:56,bbva_peru,Jun 6,"¿Listo para verlos actuar por el Día del Padre? 😊 Si ese día tienes que ir al banco ya sabes que puedes elegir en qué horario hacerlo con Turno Digital desde tu App BBVA. 😎📱

Conoce más aquí: bbva.info/42vhRpz
#BBVA #BancoBBVA #TurnoDigital #Tiempo",0,0,0,0,841
2025-07-15 20:23:56,bbva_peru,Jun 4,"¿Listo para ganar uno de los 2 DEPAS DE ESTRENO que la Cuenta Ganadora BBVA tiene para ti? ¡Abriendo tu cuenta desde S/1,500 participas al instante! 🏢😎

Ábrela Aquí: bbva.info/2kw78IE
#BBVA #BancoBBVA #CuentaGanadoraBBVA #Ahorrar #CuentaDeAhorros",4,0,0,0,783
2025-07-15 20:23:56,bbva_peru,Jun 2,"Tenemos una cuenta para acompañarte en cada manera de avanzar.

#BBVA #proyectos #avanzamos",2,0,3,0,906
2025-07-15 20:23:56,bbva_peru,May 28,Para hacer realidad tu próximo proyecto necesitas un banco que te acompañe con:,5,0,1,0,911
2025-07-15 20:23:56,bbva_peru,May 26,"¿Listo para hacer realidad cada uno de tus proyectos? En BBVA, nos renovamos para acompañarte en cada paso. 😎💪

#BBVA #proyectos #Avanzamos",0,0,2,0,903
2025-07-15 20:23:56,bbva_peru,May 23,Separar tu dinero para cubrir cada gasto del mes es posible con tu App BBVA y su función...,1,0,2,0,1.0K
2025-07-15 20:23:56,bbva_peru,May 23,"¿App o Agencia? 😎 Decide con LIBERTAD desde dónde hacer tus TRANSFERENCIAS TOTALMENTE GRATIS con la Cuenta Independencia BBVA. 💵😉

Abre tu cuenta aquí: bbva.info/32eZMcG
#BBVA #BancoBBVA #CuentaIndependencia #TransferenciasSinComisiones #CercaníaYConfianza",1,0,1,0,885
2025-07-15 20:23:56,bbva_peru,May 22,"🏠🚗🎒✨ No hay proyecto grande o pequeño, lo importante es seguir avanzando. Hoy estrenamos imagen y renovamos nuestro compromiso de acompañarte en cada paso, brindándote las herramientas que impulsan tus decisiones. ¿Avanzamos?",0,0,1,0,868
2025-07-15 20:23:56,bbva_peru,May 20,"Todos tenemos un proyecto que queremos hacer realidad👀 ¿Cuál de estos te motiva más? ¡Mejor aún, escribe el tuyo en los comentarios!",0,0,1,0,665
2025-07-15 20:23:56,bbva_peru,May 19,☝️ Con la Cuenta Independencia BBVA puedo realizar todas mis operaciones por canales físicos TOTALMENTE GRATIS.,1,0,0,0,783
2025-07-15 23:19:43,bbva_peru,3 h,¿A qué concierto irás usando los descuentos y beneficios de tus Tarjetas BBVA?,0,0,0,0,260
2025-07-15 23:19:43,bbva_peru,Jul 9,¿Cómo te convendría pagar los pasajes de tu viaje por Fiestas Patrias?,17,0,0,0,3.0K
2025-07-15 23:19:43,bbva_peru,Jun 25,"Mostremos nuestro orgullo todo el año. 🏳️‍🌈🏳️‍⚧️ En Be Yourself, ya impulsamos acciones internas para hacerlo posible, y seguiremos trabajando para que sea una realidad en todo el país. 💪😎

#BBVA #orgullo #pride",17,1,10,1,4.0K
2025-07-15 23:19:43,bbva_peru,Jun 24,"¿Avanzamos? Tus metas se hacen posible con la rentabilidad y seguridad que tiene la Cuenta Vip. Conoce más 👉 bbva.info/40jA8E9  😊

#BBVA #CuentaBBVA #VIP #metas",2,0,0,0,2.0K
2025-07-15 23:19:43,bbva_peru,Jun 18,"¿A qué zona irás en el concierto de Green Day?...
Por cierto, tus Tarjetas BBVA te dan beneficios para que puedas conseguir tus entradas. 😉🙌",3,0,0,0,2.0K
2025-07-15 23:19:43,bbva_peru,Jun 17,¿Qué cuenta sorteará en unas semanas 2 DEPAS DE ESTRENO solo por ahorrar?,1,0,1,0,1.0K
2025-07-15 23:19:43,bbva_peru,Jun 16,"Cuenta Independencia BBVA
¿Sabes todos los BENEFICIOS de la Cuenta Independencia BBVA? 

Descúbrelos aquí: bbva.info/4dUWLo4

¿Listo para avanzar?",2,0,0,0,1.0K
2025-07-15 23:19:43,bbva_peru,Jun 10,"Hay muchas formas de avanzar… y una de ellas es ganarte tu nuevo depa de estreno. 🏠💙 Abriendo tu Cuenta Ganadora, participas por 2 departamentos de estreno.

Conoce más aquí: bbva.info/45dZ3fT
#BBVA #CuentasBBVA #Avanzamos",0,0,0,0,1.0K
2025-07-15 23:19:43,bbva_peru,Jun 10,Cuando hay que pagar los servicios existen dos tipos de personas. ¿Cuál eres tú?,0,0,0,0,895
2025-07-15 23:19:43,bbva_peru,Jun 10,"¡Un depa puede ser tuyo! 🙌 Abriendo tu Cuenta Ganadora BBVA desde S/1500, ya estás participando. Ver más información en bbva.pe/cuentas 😉

#CuentasBBVA #BBVA #Avanzamos",0,0,0,0,918
2025-07-15 23:19:43,bbva_peru,Jun 6,"¿Listo para verlos actuar por el Día del Padre? 😊 Si ese día tienes que ir al banco ya sabes que puedes elegir en qué horario hacerlo con Turno Digital desde tu App BBVA. 😎📱

Conoce más aquí: bbva.info/42vhRpz
#BBVA #BancoBBVA #TurnoDigital #Tiempo",0,0,0,0,842
2025-07-15 23:19:43,bbva_peru,Jun 4,"¿Listo para ganar uno de los 2 DEPAS DE ESTRENO que la Cuenta Ganadora BBVA tiene para ti? ¡Abriendo tu cuenta desde S/1,500 participas al instante! 🏢😎

Ábrela Aquí: bbva.info/2kw78IE
#BBVA #BancoBBVA #CuentaGanadoraBBVA #Ahorrar #CuentaDeAhorros",4,0,0,0,784
2025-07-15 23:19:43,bbva_peru,Jun 2,"Tenemos una cuenta para acompañarte en cada manera de avanzar.

#BBVA #proyectos #avanzamos",2,0,3,0,906
2025-07-15 23:19:43,bbva_peru,May 28,Para hacer realidad tu próximo proyecto necesitas un banco que te acompañe con:,5,0,1,0,913
2025-07-15 23:19:43,bbva_peru,May 26,"¿Listo para hacer realidad cada uno de tus proyectos? En BBVA, nos renovamos para acompañarte en cada paso. 😎💪

#BBVA #proyectos #Avanzamos",0,0,2,0,904
2025-07-15 23:19:43,bbva_peru,May 23,Separar tu dinero para cubrir cada gasto del mes es posible con tu App BBVA y su función...,1,0,2,0,1.0K
2025-07-15 23:19:43,bbva_peru,May 23,"¿App o Agencia? 😎 Decide con LIBERTAD desde dónde hacer tus TRANSFERENCIAS TOTALMENTE GRATIS con la Cuenta Independencia BBVA. 💵😉

Abre tu cuenta aquí: bbva.info/32eZMcG
#BBVA #BancoBBVA #CuentaIndependencia #TransferenciasSinComisiones #CercaníaYConfianza",1,0,1,0,886
2025-07-15 23:19:43,bbva_peru,May 22,"🏠🚗🎒✨ No hay proyecto grande o pequeño, lo importante es seguir avanzando. Hoy estrenamos imagen y renovamos nuestro compromiso de acompañarte en cada paso, brindándote las herramientas que impulsan tus decisiones. ¿Avanzamos?",0,0,1,0,868
2025-07-15 23:19:43,bbva_peru,May 20,"Todos tenemos un proyecto que queremos hacer realidad👀 ¿Cuál de estos te motiva más? ¡Mejor aún, escribe el tuyo en los comentarios!",0,0,1,0,665
2025-07-15 23:19:43,bbva_peru,May 19,☝️ Con la Cuenta Independencia BBVA puedo realizar todas mis operaciones por canales físicos TOTALMENTE GRATIS.,1,0,0,0,783
2025-07-16 01:46:00,bbva_peru,5 h,¿A qué concierto irás usando los descuentos y beneficios de tus Tarjetas BBVA?,0,0,0,0,386
2025-07-16 01:46:00,bbva_peru,Jul 9,¿Cómo te convendría pagar los pasajes de tu viaje por Fiestas Patrias?,17,0,0,0,3.0K
2025-07-16 01:46:00,bbva_peru,Jun 25,"Mostremos nuestro orgullo todo el año. 🏳️‍🌈🏳️‍⚧️ En Be Yourself, ya impulsamos acciones internas para hacerlo posible, y seguiremos trabajando para que sea una realidad en todo el país. 💪😎

#BBVA #orgullo #pride",17,1,10,1,4.0K
2025-07-16 01:46:00,bbva_peru,Jun 24,"¿Avanzamos? Tus metas se hacen posible con la rentabilidad y seguridad que tiene la Cuenta Vip. Conoce más 👉 bbva.info/40jA8E9  😊

#BBVA #CuentaBBVA #VIP #metas",2,0,0,0,2.0K
2025-07-16 01:46:00,bbva_peru,Jun 18,"¿A qué zona irás en el concierto de Green Day?...
Por cierto, tus Tarjetas BBVA te dan beneficios para que puedas conseguir tus entradas. 😉🙌",3,0,0,0,2.0K
2025-07-16 01:46:00,bbva_peru,Jun 17,¿Qué cuenta sorteará en unas semanas 2 DEPAS DE ESTRENO solo por ahorrar?,1,0,1,0,1.0K
2025-07-16 01:46:00,bbva_peru,Jun 16,"Cuenta Independencia BBVA
¿Sabes todos los BENEFICIOS de la Cuenta Independencia BBVA? 

Descúbrelos aquí: bbva.info/4dUWLo4

¿Listo para avanzar?",2,0,0,0,1.0K
2025-07-16 01:46:00,bbva_peru,Jun 10,"Hay muchas formas de avanzar… y una de ellas es ganarte tu nuevo depa de estreno. 🏠💙 Abriendo tu Cuenta Ganadora, participas por 2 departamentos de estreno.

Conoce más aquí: bbva.info/45dZ3fT
#BBVA #CuentasBBVA #Avanzamos",0,0,0,0,1.0K
2025-07-16 01:46:00,bbva_peru,Jun 10,Cuando hay que pagar los servicios existen dos tipos de personas. ¿Cuál eres tú?,0,0,0,0,895
2025-07-16 01:46:00,bbva_peru,Jun 10,"¡Un depa puede ser tuyo! 🙌 Abriendo tu Cuenta Ganadora BBVA desde S/1500, ya estás participando. Ver más información en bbva.pe/cuentas 😉

#CuentasBBVA #BBVA #Avanzamos",0,0,0,0,918
2025-07-16 01:46:00,bbva_peru,Jun 6,"¿Listo para verlos actuar por el Día del Padre? 😊 Si ese día tienes que ir al banco ya sabes que puedes elegir en qué horario hacerlo con Turno Digital desde tu App BBVA. 😎📱

Conoce más aquí: bbva.info/42vhRpz
#BBVA #BancoBBVA #TurnoDigital #Tiempo",0,0,0,0,842
2025-07-16 01:46:00,bbva_peru,Jun 4,"¿Listo para ganar uno de los 2 DEPAS DE ESTRENO que la Cuenta Ganadora BBVA tiene para ti? ¡Abriendo tu cuenta desde S/1,500 participas al instante! 🏢😎

Ábrela Aquí: bbva.info/2kw78IE
#BBVA #BancoBBVA #CuentaGanadoraBBVA #Ahorrar #CuentaDeAhorros",4,0,0,0,784
2025-07-16 01:46:00,bbva_peru,Jun 2,"Tenemos una cuenta para acompañarte en cada manera de avanzar.

#BBVA #proyectos #avanzamos",2,0,3,0,906
2025-07-16 01:46:00,bbva_peru,May 28,Para hacer realidad tu próximo proyecto necesitas un banco que te acompañe con:,5,0,1,0,918
2025-07-16 01:46:00,bbva_peru,May 26,"¿Listo para hacer realidad cada uno de tus proyectos? En BBVA, nos renovamos para acompañarte en cada paso. 😎💪

#BBVA #proyectos #Avanzamos",0,0,2,0,904
2025-07-16 01:46:00,bbva_peru,May 23,Separar tu dinero para cubrir cada gasto del mes es posible con tu App BBVA y su función...,1,0,2,0,1.0K
2025-07-16 01:46:00,bbva_peru,May 23,"¿App o Agencia? 😎 Decide con LIBERTAD desde dónde hacer tus TRANSFERENCIAS TOTALMENTE GRATIS con la Cuenta Independencia BBVA. 💵😉

Abre tu cuenta aquí: bbva.info/32eZMcG
#BBVA #BancoBBVA #CuentaIndependencia #TransferenciasSinComisiones #CercaníaYConfianza",1,0,1,0,886
2025-07-16 01:46:00,bbva_peru,May 22,"🏠🚗🎒✨ No hay proyecto grande o pequeño, lo importante es seguir avanzando. Hoy estrenamos imagen y renovamos nuestro compromiso de acompañarte en cada paso, brindándote las herramientas que impulsan tus decisiones. ¿Avanzamos?",0,0,1,0,868
2025-07-16 01:46:00,bbva_peru,May 20,"Todos tenemos un proyecto que queremos hacer realidad👀 ¿Cuál de estos te motiva más? ¡Mejor aún, escribe el tuyo en los comentarios!",0,0,1,0,665
2025-07-16 01:46:00,bbva_peru,May 19,☝️ Con la Cuenta Independencia BBVA puedo realizar todas mis operaciones por canales físicos TOTALMENTE GRATIS.,1,0,0,0,783
2025-07-16 03:28:03,bbva_peru,7 h,¿A qué concierto irás usando los descuentos y beneficios de tus Tarjetas BBVA?,0,0,0,0,471
2025-07-16 03:28:03,bbva_peru,Jul 9,¿Cómo te convendría pagar los pasajes de tu viaje por Fiestas Patrias?,17,0,0,0,3.0K
2025-07-16 03:28:03,bbva_peru,Jun 25,"Mostremos nuestro orgullo todo el año. 🏳️‍🌈🏳️‍⚧️ En Be Yourself, ya impulsamos acciones internas para hacerlo posible, y seguiremos trabajando para que sea una realidad en todo el país. 💪😎

#BBVA #orgullo #pride",17,1,10,1,4.0K
2025-07-16 03:28:03,bbva_peru,Jun 24,"¿Avanzamos? Tus metas se hacen posible con la rentabilidad y seguridad que tiene la Cuenta Vip. Conoce más 👉 bbva.info/40jA8E9  😊

#BBVA #CuentaBBVA #VIP #metas",2,0,0,0,2.0K
2025-07-16 03:28:03,bbva_peru,Jun 18,"¿A qué zona irás en el concierto de Green Day?...
Por cierto, tus Tarjetas BBVA te dan beneficios para que puedas conseguir tus entradas. 😉🙌",3,0,0,0,2.0K
2025-07-16 03:28:03,bbva_peru,Jun 17,¿Qué cuenta sorteará en unas semanas 2 DEPAS DE ESTRENO solo por ahorrar?,1,0,1,0,1.0K
2025-07-16 03:28:03,bbva_peru,Jun 16,"Cuenta Independencia BBVA
¿Sabes todos los BENEFICIOS de la Cuenta Independencia BBVA? 

Descúbrelos aquí: bbva.info/4dUWLo4

¿Listo para avanzar?",2,0,0,0,1.0K
2025-07-16 03:28:03,bbva_peru,Jun 10,"Hay muchas formas de avanzar… y una de ellas es ganarte tu nuevo depa de estreno. 🏠💙 Abriendo tu Cuenta Ganadora, participas por 2 departamentos de estreno.

Conoce más aquí: bbva.info/45dZ3fT
#BBVA #CuentasBBVA #Avanzamos",0,0,0,0,1.0K
2025-07-16 03:28:03,bbva_peru,Jun 10,Cuando hay que pagar los servicios existen dos tipos de personas. ¿Cuál eres tú?,0,0,0,0,896
2025-07-16 03:28:03,bbva_peru,Jun 10,"¡Un depa puede ser tuyo! 🙌 Abriendo tu Cuenta Ganadora BBVA desde S/1500, ya estás participando. Ver más información en bbva.pe/cuentas 😉

#CuentasBBVA #BBVA #Avanzamos",0,0,0,0,919
2025-07-16 03:28:03,bbva_peru,Jun 6,"¿Listo para verlos actuar por el Día del Padre? 😊 Si ese día tienes que ir al banco ya sabes que puedes elegir en qué horario hacerlo con Turno Digital desde tu App BBVA. 😎📱

Conoce más aquí: bbva.info/42vhRpz
#BBVA #BancoBBVA #TurnoDigital #Tiempo",0,0,0,0,843
2025-07-16 03:28:03,bbva_peru,Jun 4,"¿Listo para ganar uno de los 2 DEPAS DE ESTRENO que la Cuenta Ganadora BBVA tiene para ti? ¡Abriendo tu cuenta desde S/1,500 participas al instante! 🏢😎

Ábrela Aquí: bbva.info/2kw78IE
#BBVA #BancoBBVA #CuentaGanadoraBBVA #Ahorrar #CuentaDeAhorros",4,0,0,0,785
2025-07-16 03:28:03,bbva_peru,Jun 2,"Tenemos una cuenta para acompañarte en cada manera de avanzar.

#BBVA #proyectos #avanzamos",2,0,3,0,907
2025-07-16 03:28:03,bbva_peru,May 28,Para hacer realidad tu próximo proyecto necesitas un banco que te acompañe con:,5,0,1,0,919
2025-07-16 03:28:03,bbva_peru,May 26,"¿Listo para hacer realidad cada uno de tus proyectos? En BBVA, nos renovamos para acompañarte en cada paso. 😎💪

#BBVA #proyectos #Avanzamos",0,0,2,0,905
2025-07-16 03:28:03,bbva_peru,May 23,Separar tu dinero para cubrir cada gasto del mes es posible con tu App BBVA y su función...,1,0,2,0,1.0K
2025-07-16 03:28:03,bbva_peru,May 23,"¿App o Agencia? 😎 Decide con LIBERTAD desde dónde hacer tus TRANSFERENCIAS TOTALMENTE GRATIS con la Cuenta Independencia BBVA. 💵😉

Abre tu cuenta aquí: bbva.info/32eZMcG
#BBVA #BancoBBVA #CuentaIndependencia #TransferenciasSinComisiones #CercaníaYConfianza",1,0,1,0,886
2025-07-16 03:28:03,bbva_peru,May 22,"🏠🚗🎒✨ No hay proyecto grande o pequeño, lo importante es seguir avanzando. Hoy estrenamos imagen y renovamos nuestro compromiso de acompañarte en cada paso, brindándote las herramientas que impulsan tus decisiones. ¿Avanzamos?",0,0,1,0,867
2025-07-16 03:28:03,bbva_peru,May 20,"Todos tenemos un proyecto que queremos hacer realidad👀 ¿Cuál de estos te motiva más? ¡Mejor aún, escribe el tuyo en los comentarios!",0,0,1,0,665
2025-07-16 03:28:03,bbva_peru,May 19,☝️ Con la Cuenta Independencia BBVA puedo realizar todas mis operaciones por canales físicos TOTALMENTE GRATIS.,1,0,0,0,782
2025-07-16 04:38:31,bbva_peru,8 h,¿A qué concierto irás usando los descuentos y beneficios de tus Tarjetas BBVA?,0,0,0,0,502
2025-07-16 04:38:31,bbva_peru,Jul 9,¿Cómo te convendría pagar los pasajes de tu viaje por Fiestas Patrias?,17,0,0,0,3.0K
2025-07-16 04:38:31,bbva_peru,Jun 25,"Mostremos nuestro orgullo todo el año. 🏳️‍🌈🏳️‍⚧️ En Be Yourself, ya impulsamos acciones internas para hacerlo posible, y seguiremos trabajando para que sea una realidad en todo el país. 💪😎

#BBVA #orgullo #pride",17,1,10,1,4.0K
2025-07-16 04:38:31,bbva_peru,Jun 24,"¿Avanzamos? Tus metas se hacen posible con la rentabilidad y seguridad que tiene la Cuenta Vip. Conoce más 👉 bbva.info/40jA8E9  😊

#BBVA #CuentaBBVA #VIP #metas",2,0,0,0,3.0K
2025-07-16 04:38:31,bbva_peru,Jun 18,"¿A qué zona irás en el concierto de Green Day?...
Por cierto, tus Tarjetas BBVA te dan beneficios para que puedas conseguir tus entradas. 😉🙌",3,0,0,0,2.0K
2025-07-16 04:38:31,bbva_peru,Jun 17,¿Qué cuenta sorteará en unas semanas 2 DEPAS DE ESTRENO solo por ahorrar?,1,0,1,0,1.0K
2025-07-16 04:38:31,bbva_peru,Jun 16,"Cuenta Independencia BBVA
¿Sabes todos los BENEFICIOS de la Cuenta Independencia BBVA? 

Descúbrelos aquí: bbva.info/4dUWLo4

¿Listo para avanzar?",2,0,0,0,1.0K
2025-07-16 04:38:31,bbva_peru,Jun 10,"Hay muchas formas de avanzar… y una de ellas es ganarte tu nuevo depa de estreno. 🏠💙 Abriendo tu Cuenta Ganadora, participas por 2 departamentos de estreno.

Conoce más aquí: bbva.info/45dZ3fT
#BBVA #CuentasBBVA #Avanzamos",0,0,0,0,1.0K
2025-07-16 04:38:31,bbva_peru,Jun 10,Cuando hay que pagar los servicios existen dos tipos de personas. ¿Cuál eres tú?,0,0,0,0,898
2025-07-16 04:38:31,bbva_peru,Jun 10,"¡Un depa puede ser tuyo! 🙌 Abriendo tu Cuenta Ganadora BBVA desde S/1500, ya estás participando. Ver más información en bbva.pe/cuentas 😉

#CuentasBBVA #BBVA #Avanzamos",0,0,0,0,921
2025-07-16 04:38:31,bbva_peru,Jun 6,"¿Listo para verlos actuar por el Día del Padre? 😊 Si ese día tienes que ir al banco ya sabes que puedes elegir en qué horario hacerlo con Turno Digital desde tu App BBVA. 😎📱

Conoce más aquí: bbva.info/42vhRpz
#BBVA #BancoBBVA #TurnoDigital #Tiempo",0,0,0,0,844
2025-07-16 04:38:31,bbva_peru,Jun 4,"¿Listo para ganar uno de los 2 DEPAS DE ESTRENO que la Cuenta Ganadora BBVA tiene para ti? ¡Abriendo tu cuenta desde S/1,500 participas al instante! 🏢😎

Ábrela Aquí: bbva.info/2kw78IE
#BBVA #BancoBBVA #CuentaGanadoraBBVA #Ahorrar #CuentaDeAhorros",4,0,0,0,786
2025-07-16 04:38:31,bbva_peru,Jun 2,"Tenemos una cuenta para acompañarte en cada manera de avanzar.

#BBVA #proyectos #avanzamos",2,0,3,0,908
2025-07-16 04:38:31,bbva_peru,May 28,Para hacer realidad tu próximo proyecto necesitas un banco que te acompañe con:,5,0,1,0,922
2025-07-16 04:38:31,bbva_peru,May 26,"¿Listo para hacer realidad cada uno de tus proyectos? En BBVA, nos renovamos para acompañarte en cada paso. 😎💪

#BBVA #proyectos #Avanzamos",0,0,2,0,906
2025-07-16 04:38:31,bbva_peru,May 23,Separar tu dinero para cubrir cada gasto del mes es posible con tu App BBVA y su función...,1,0,2,0,1.0K
2025-07-16 04:38:31,bbva_peru,May 23,"¿App o Agencia? 😎 Decide con LIBERTAD desde dónde hacer tus TRANSFERENCIAS TOTALMENTE GRATIS con la Cuenta Independencia BBVA. 💵😉

Abre tu cuenta aquí: bbva.info/32eZMcG
#BBVA #BancoBBVA #CuentaIndependencia #TransferenciasSinComisiones #CercaníaYConfianza",1,0,1,0,887
2025-07-16 04:38:31,bbva_peru,May 22,"🏠🚗🎒✨ No hay proyecto grande o pequeño, lo importante es seguir avanzando. Hoy estrenamos imagen y renovamos nuestro compromiso de acompañarte en cada paso, brindándote las herramientas que impulsan tus decisiones. ¿Avanzamos?",0,0,1,0,868
2025-07-16 04:38:31,bbva_peru,May 20,"Todos tenemos un proyecto que queremos hacer realidad👀 ¿Cuál de estos te motiva más? ¡Mejor aún, escribe el tuyo en los comentarios!",0,0,1,0,666
2025-07-16 04:38:31,bbva_peru,May 19,☝️ Con la Cuenta Independencia BBVA puedo realizar todas mis operaciones por canales físicos TOTALMENTE GRATIS.,1,0,0,0,783
2025-07-16 05:26:07,bbva_peru,9 h,¿A qué concierto irás usando los descuentos y beneficios de tus Tarjetas BBVA?,0,0,0,0,509
2025-07-16 05:26:07,bbva_peru,Jul 9,¿Cómo te convendría pagar los pasajes de tu viaje por Fiestas Patrias?,17,0,0,0,3.0K
2025-07-16 05:26:07,bbva_peru,Jun 25,"Mostremos nuestro orgullo todo el año. 🏳️‍🌈🏳️‍⚧️ En Be Yourself, ya impulsamos acciones internas para hacerlo posible, y seguiremos trabajando para que sea una realidad en todo el país. 💪😎

#BBVA #orgullo #pride",17,1,10,1,4.0K
2025-07-16 05:26:07,bbva_peru,Jun 24,"¿Avanzamos? Tus metas se hacen posible con la rentabilidad y seguridad que tiene la Cuenta Vip. Conoce más 👉 bbva.info/40jA8E9  😊

#BBVA #CuentaBBVA #VIP #metas",2,0,0,0,3.0K
2025-07-16 05:26:07,bbva_peru,Jun 18,"¿A qué zona irás en el concierto de Green Day?...
Por cierto, tus Tarjetas BBVA te dan beneficios para que puedas conseguir tus entradas. 😉🙌",3,0,0,0,2.0K
2025-07-16 05:26:07,bbva_peru,Jun 17,¿Qué cuenta sorteará en unas semanas 2 DEPAS DE ESTRENO solo por ahorrar?,1,0,1,0,1.0K
2025-07-16 05:26:07,bbva_peru,Jun 16,"Cuenta Independencia BBVA
¿Sabes todos los BENEFICIOS de la Cuenta Independencia BBVA? 

Descúbrelos aquí: bbva.info/4dUWLo4

¿Listo para avanzar?",2,0,0,0,1.0K
2025-07-16 05:26:07,bbva_peru,Jun 10,"Hay muchas formas de avanzar… y una de ellas es ganarte tu nuevo depa de estreno. 🏠💙 Abriendo tu Cuenta Ganadora, participas por 2 departamentos de estreno.

Conoce más aquí: bbva.info/45dZ3fT
#BBVA #CuentasBBVA #Avanzamos",0,0,0,0,1.0K
2025-07-16 05:26:07,bbva_peru,Jun 10,Cuando hay que pagar los servicios existen dos tipos de personas. ¿Cuál eres tú?,0,0,0,0,898
2025-07-16 05:26:07,bbva_peru,Jun 10,"¡Un depa puede ser tuyo! 🙌 Abriendo tu Cuenta Ganadora BBVA desde S/1500, ya estás participando. Ver más información en bbva.pe/cuentas 😉

#CuentasBBVA #BBVA #Avanzamos",0,0,0,0,921
2025-07-16 05:26:07,bbva_peru,Jun 6,"¿Listo para verlos actuar por el Día del Padre? 😊 Si ese día tienes que ir al banco ya sabes que puedes elegir en qué horario hacerlo con Turno Digital desde tu App BBVA. 😎📱

Conoce más aquí: bbva.info/42vhRpz
#BBVA #BancoBBVA #TurnoDigital #Tiempo",0,0,0,0,844
2025-07-16 05:26:07,bbva_peru,Jun 4,"¿Listo para ganar uno de los 2 DEPAS DE ESTRENO que la Cuenta Ganadora BBVA tiene para ti? ¡Abriendo tu cuenta desde S/1,500 participas al instante! 🏢😎

Ábrela Aquí: bbva.info/2kw78IE
#BBVA #BancoBBVA #CuentaGanadoraBBVA #Ahorrar #CuentaDeAhorros",4,0,0,0,786
2025-07-16 05:26:07,bbva_peru,Jun 2,"Tenemos una cuenta para acompañarte en cada manera de avanzar.

#BBVA #proyectos #avanzamos",2,0,3,0,908
2025-07-16 05:26:07,bbva_peru,May 28,Para hacer realidad tu próximo proyecto necesitas un banco que te acompañe con:,5,0,1,0,923
2025-07-16 05:26:07,bbva_peru,May 26,"¿Listo para hacer realidad cada uno de tus proyectos? En BBVA, nos renovamos para acompañarte en cada paso. 😎💪

#BBVA #proyectos #Avanzamos",0,0,2,0,906
2025-07-16 05:26:07,bbva_peru,May 23,Separar tu dinero para cubrir cada gasto del mes es posible con tu App BBVA y su función...,1,0,2,0,1.0K
2025-07-16 05:26:07,bbva_peru,May 23,"¿App o Agencia? 😎 Decide con LIBERTAD desde dónde hacer tus TRANSFERENCIAS TOTALMENTE GRATIS con la Cuenta Independencia BBVA. 💵😉

Abre tu cuenta aquí: bbva.info/32eZMcG
#BBVA #BancoBBVA #CuentaIndependencia #TransferenciasSinComisiones #CercaníaYConfianza",1,0,1,0,887
2025-07-16 05:26:07,bbva_peru,May 22,"🏠🚗🎒✨ No hay proyecto grande o pequeño, lo importante es seguir avanzando. Hoy estrenamos imagen y renovamos nuestro compromiso de acompañarte en cada paso, brindándote las herramientas que impulsan tus decisiones. ¿Avanzamos?",0,0,1,0,868
2025-07-16 05:26:07,bbva_peru,May 20,"Todos tenemos un proyecto que queremos hacer realidad👀 ¿Cuál de estos te motiva más? ¡Mejor aún, escribe el tuyo en los comentarios!",0,0,1,0,666
2025-07-16 05:26:07,bbva_peru,May 19,☝️ Con la Cuenta Independencia BBVA puedo realizar todas mis operaciones por canales físicos TOTALMENTE GRATIS.,1,0,0,0,783
2025-07-16 06:31:56,bbva_peru,10 h,¿A qué concierto irás usando los descuentos y beneficios de tus Tarjetas BBVA?,0,0,0,0,511
2025-07-16 06:31:56,bbva_peru,Jul 9,¿Cómo te convendría pagar los pasajes de tu viaje por Fiestas Patrias?,17,0,0,0,3.0K
2025-07-16 06:31:56,bbva_peru,Jun 25,"Mostremos nuestro orgullo todo el año. 🏳️‍🌈🏳️‍⚧️ En Be Yourself, ya impulsamos acciones internas para hacerlo posible, y seguiremos trabajando para que sea una realidad en todo el país. 💪😎

#BBVA #orgullo #pride",17,1,10,1,4.0K
2025-07-16 06:31:56,bbva_peru,Jun 24,"¿Avanzamos? Tus metas se hacen posible con la rentabilidad y seguridad que tiene la Cuenta Vip. Conoce más 👉 bbva.info/40jA8E9  😊

#BBVA #CuentaBBVA #VIP #metas",2,0,0,0,3.0K
2025-07-16 06:31:56,bbva_peru,Jun 18,"¿A qué zona irás en el concierto de Green Day?...
Por cierto, tus Tarjetas BBVA te dan beneficios para que puedas conseguir tus entradas. 😉🙌",3,0,0,0,2.0K
2025-07-16 06:31:56,bbva_peru,Jun 17,¿Qué cuenta sorteará en unas semanas 2 DEPAS DE ESTRENO solo por ahorrar?,1,0,1,0,1.0K
2025-07-16 06:31:56,bbva_peru,Jun 16,"Cuenta Independencia BBVA
¿Sabes todos los BENEFICIOS de la Cuenta Independencia BBVA? 

Descúbrelos aquí: bbva.info/4dUWLo4

¿Listo para avanzar?",2,0,0,0,1.0K
2025-07-16 06:31:56,bbva_peru,Jun 10,"Hay muchas formas de avanzar… y una de ellas es ganarte tu nuevo depa de estreno. 🏠💙 Abriendo tu Cuenta Ganadora, participas por 2 departamentos de estreno.

Conoce más aquí: bbva.info/45dZ3fT
#BBVA #CuentasBBVA #Avanzamos",0,0,0,0,1.0K
2025-07-16 06:31:56,bbva_peru,Jun 10,Cuando hay que pagar los servicios existen dos tipos de personas. ¿Cuál eres tú?,0,0,0,0,898
2025-07-16 06:31:56,bbva_peru,Jun 10,"¡Un depa puede ser tuyo! 🙌 Abriendo tu Cuenta Ganadora BBVA desde S/1500, ya estás participando. Ver más información en bbva.pe/cuentas 😉

#CuentasBBVA #BBVA #Avanzamos",0,0,0,0,921
2025-07-16 06:31:56,bbva_peru,Jun 6,"¿Listo para verlos actuar por el Día del Padre? 😊 Si ese día tienes que ir al banco ya sabes que puedes elegir en qué horario hacerlo con Turno Digital desde tu App BBVA. 😎📱

Conoce más aquí: bbva.info/42vhRpz
#BBVA #BancoBBVA #TurnoDigital #Tiempo",0,0,0,0,844
2025-07-16 06:31:56,bbva_peru,Jun 4,"¿Listo para ganar uno de los 2 DEPAS DE ESTRENO que la Cuenta Ganadora BBVA tiene para ti? ¡Abriendo tu cuenta desde S/1,500 participas al instante! 🏢😎

Ábrela Aquí: bbva.info/2kw78IE
#BBVA #BancoBBVA #CuentaGanadoraBBVA #Ahorrar #CuentaDeAhorros",4,0,0,0,786
2025-07-16 06:31:56,bbva_peru,Jun 2,"Tenemos una cuenta para acompañarte en cada manera de avanzar.

#BBVA #proyectos #avanzamos",2,0,3,0,908
2025-07-16 06:31:56,bbva_peru,May 28,Para hacer realidad tu próximo proyecto necesitas un banco que te acompañe con:,5,0,1,0,923
2025-07-16 06:31:56,bbva_peru,May 26,"¿Listo para hacer realidad cada uno de tus proyectos? En BBVA, nos renovamos para acompañarte en cada paso. 😎💪

#BBVA #proyectos #Avanzamos",0,0,2,0,906
2025-07-16 06:31:56,bbva_peru,May 23,Separar tu dinero para cubrir cada gasto del mes es posible con tu App BBVA y su función...,1,0,2,0,1.0K
2025-07-16 06:31:56,bbva_peru,May 23,"¿App o Agencia? 😎 Decide con LIBERTAD desde dónde hacer tus TRANSFERENCIAS TOTALMENTE GRATIS con la Cuenta Independencia BBVA. 💵😉

Abre tu cuenta aquí: bbva.info/32eZMcG
#BBVA #BancoBBVA #CuentaIndependencia #TransferenciasSinComisiones #CercaníaYConfianza",1,0,1,0,887
2025-07-16 06:31:56,bbva_peru,May 22,"🏠🚗🎒✨ No hay proyecto grande o pequeño, lo importante es seguir avanzando. Hoy estrenamos imagen y renovamos nuestro compromiso de acompañarte en cada paso, brindándote las herramientas que impulsan tus decisiones. ¿Avanzamos?",0,0,1,0,868
2025-07-16 06:31:56,bbva_peru,May 20,"Todos tenemos un proyecto que queremos hacer realidad👀 ¿Cuál de estos te motiva más? ¡Mejor aún, escribe el tuyo en los comentarios!",0,0,1,0,666
2025-07-16 06:31:56,bbva_peru,May 19,☝️ Con la Cuenta Independencia BBVA puedo realizar todas mis operaciones por canales físicos TOTALMENTE GRATIS.,1,0,0,0,783
2025-07-16 07:22:09,bbva_peru,11 h,¿A qué concierto irás usando los descuentos y beneficios de tus Tarjetas BBVA?,0,0,0,0,511
2025-07-16 07:22:09,bbva_peru,Jul 9,¿Cómo te convendría pagar los pasajes de tu viaje por Fiestas Patrias?,17,0,0,0,3.0K
2025-07-16 07:22:09,bbva_peru,Jun 25,"Mostremos nuestro orgullo todo el año. 🏳️‍🌈🏳️‍⚧️ En Be Yourself, ya impulsamos acciones internas para hacerlo posible, y seguiremos trabajando para que sea una realidad en todo el país. 💪😎

#BBVA #orgullo #pride",17,1,10,1,4.0K
2025-07-16 07:22:09,bbva_peru,Jun 24,"¿Avanzamos? Tus metas se hacen posible con la rentabilidad y seguridad que tiene la Cuenta Vip. Conoce más 👉 bbva.info/40jA8E9  😊

#BBVA #CuentaBBVA #VIP #metas",2,0,0,0,3.0K
2025-07-16 07:22:09,bbva_peru,Jun 18,"¿A qué zona irás en el concierto de Green Day?...
Por cierto, tus Tarjetas BBVA te dan beneficios para que puedas conseguir tus entradas. 😉🙌",3,0,0,0,2.0K
2025-07-16 07:22:09,bbva_peru,Jun 17,¿Qué cuenta sorteará en unas semanas 2 DEPAS DE ESTRENO solo por ahorrar?,1,0,1,0,1.0K
2025-07-16 07:22:09,bbva_peru,Jun 16,"Cuenta Independencia BBVA
¿Sabes todos los BENEFICIOS de la Cuenta Independencia BBVA? 

Descúbrelos aquí: bbva.info/4dUWLo4

¿Listo para avanzar?",2,0,0,0,1.0K
2025-07-16 07:22:09,bbva_peru,Jun 10,"Hay muchas formas de avanzar… y una de ellas es ganarte tu nuevo depa de estreno. 🏠💙 Abriendo tu Cuenta Ganadora, participas por 2 departamentos de estreno.

Conoce más aquí: bbva.info/45dZ3fT
#BBVA #CuentasBBVA #Avanzamos",0,0,0,0,1.0K
2025-07-16 07:22:09,bbva_peru,Jun 10,Cuando hay que pagar los servicios existen dos tipos de personas. ¿Cuál eres tú?,0,0,0,0,898
2025-07-16 07:22:09,bbva_peru,Jun 10,"¡Un depa puede ser tuyo! 🙌 Abriendo tu Cuenta Ganadora BBVA desde S/1500, ya estás participando. Ver más información en bbva.pe/cuentas 😉

#CuentasBBVA #BBVA #Avanzamos",0,0,0,0,921
2025-07-16 07:22:09,bbva_peru,Jun 6,"¿Listo para verlos actuar por el Día del Padre? 😊 Si ese día tienes que ir al banco ya sabes que puedes elegir en qué horario hacerlo con Turno Digital desde tu App BBVA. 😎📱

Conoce más aquí: bbva.info/42vhRpz
#BBVA #BancoBBVA #TurnoDigital #Tiempo",0,0,0,0,844
2025-07-16 07:22:09,bbva_peru,Jun 4,"¿Listo para ganar uno de los 2 DEPAS DE ESTRENO que la Cuenta Ganadora BBVA tiene para ti? ¡Abriendo tu cuenta desde S/1,500 participas al instante! 🏢😎

Ábrela Aquí: bbva.info/2kw78IE
#BBVA #BancoBBVA #CuentaGanadoraBBVA #Ahorrar #CuentaDeAhorros",4,0,0,0,786
2025-07-16 07:22:09,bbva_peru,Jun 2,"Tenemos una cuenta para acompañarte en cada manera de avanzar.

#BBVA #proyectos #avanzamos",2,0,3,0,908
2025-07-16 07:22:09,bbva_peru,May 28,Para hacer realidad tu próximo proyecto necesitas un banco que te acompañe con:,5,0,1,0,923
2025-07-16 07:22:09,bbva_peru,May 26,"¿Listo para hacer realidad cada uno de tus proyectos? En BBVA, nos renovamos para acompañarte en cada paso. 😎💪

#BBVA #proyectos #Avanzamos",0,0,2,0,905
2025-07-16 07:22:09,bbva_peru,May 23,Separar tu dinero para cubrir cada gasto del mes es posible con tu App BBVA y su función...,1,0,2,0,1.0K
2025-07-16 07:22:09,bbva_peru,May 23,"¿App o Agencia? 😎 Decide con LIBERTAD desde dónde hacer tus TRANSFERENCIAS TOTALMENTE GRATIS con la Cuenta Independencia BBVA. 💵😉

Abre tu cuenta aquí: bbva.info/32eZMcG
#BBVA #BancoBBVA #CuentaIndependencia #TransferenciasSinComisiones #CercaníaYConfianza",1,0,1,0,886
2025-07-16 07:22:09,bbva_peru,May 22,"🏠🚗🎒✨ No hay proyecto grande o pequeño, lo importante es seguir avanzando. Hoy estrenamos imagen y renovamos nuestro compromiso de acompañarte en cada paso, brindándote las herramientas que impulsan tus decisiones. ¿Avanzamos?",0,0,1,0,869
2025-07-16 07:22:09,bbva_peru,May 20,"Todos tenemos un proyecto que queremos hacer realidad👀 ¿Cuál de estos te motiva más? ¡Mejor aún, escribe el tuyo en los comentarios!",0,0,1,0,666
2025-07-16 07:22:09,bbva_peru,May 19,☝️ Con la Cuenta Independencia BBVA puedo realizar todas mis operaciones por canales físicos TOTALMENTE GRATIS.,1,0,0,0,784
2025-07-16 08:29:00,bbva_peru,12 h,¿A qué concierto irás usando los descuentos y beneficios de tus Tarjetas BBVA?,0,0,0,0,512
2025-07-16 08:29:00,bbva_peru,Jul 9,¿Cómo te convendría pagar los pasajes de tu viaje por Fiestas Patrias?,17,0,0,0,3.0K
2025-07-16 08:29:00,bbva_peru,Jun 25,"Mostremos nuestro orgullo todo el año. 🏳️‍🌈🏳️‍⚧️ En Be Yourself, ya impulsamos acciones internas para hacerlo posible, y seguiremos trabajando para que sea una realidad en todo el país. 💪😎

#BBVA #orgullo #pride",17,1,10,1,4.0K
2025-07-16 08:29:00,bbva_peru,Jun 24,"¿Avanzamos? Tus metas se hacen posible con la rentabilidad y seguridad que tiene la Cuenta Vip. Conoce más 👉 bbva.info/40jA8E9  😊

#BBVA #CuentaBBVA #VIP #metas",2,0,0,0,3.0K
2025-07-16 08:29:00,bbva_peru,Jun 18,"¿A qué zona irás en el concierto de Green Day?...
Por cierto, tus Tarjetas BBVA te dan beneficios para que puedas conseguir tus entradas. 😉🙌",3,0,0,0,2.0K
2025-07-16 08:29:00,bbva_peru,Jun 17,¿Qué cuenta sorteará en unas semanas 2 DEPAS DE ESTRENO solo por ahorrar?,1,0,1,0,1.0K
2025-07-16 08:29:00,bbva_peru,Jun 16,"Cuenta Independencia BBVA
¿Sabes todos los BENEFICIOS de la Cuenta Independencia BBVA? 

Descúbrelos aquí: bbva.info/4dUWLo4

¿Listo para avanzar?",2,0,0,0,1.0K
2025-07-16 08:29:00,bbva_peru,Jun 10,"Hay muchas formas de avanzar… y una de ellas es ganarte tu nuevo depa de estreno. 🏠💙 Abriendo tu Cuenta Ganadora, participas por 2 departamentos de estreno.

Conoce más aquí: bbva.info/45dZ3fT
#BBVA #CuentasBBVA #Avanzamos",0,0,0,0,1.0K
2025-07-16 08:29:00,bbva_peru,Jun 10,Cuando hay que pagar los servicios existen dos tipos de personas. ¿Cuál eres tú?,0,0,0,0,898
2025-07-16 08:29:00,bbva_peru,Jun 10,"¡Un depa puede ser tuyo! 🙌 Abriendo tu Cuenta Ganadora BBVA desde S/1500, ya estás participando. Ver más información en bbva.pe/cuentas 😉

#CuentasBBVA #BBVA #Avanzamos",0,0,0,0,921
2025-07-16 08:29:00,bbva_peru,Jun 6,"¿Listo para verlos actuar por el Día del Padre? 😊 Si ese día tienes que ir al banco ya sabes que puedes elegir en qué horario hacerlo con Turno Digital desde tu App BBVA. 😎📱

Conoce más aquí: bbva.info/42vhRpz
#BBVA #BancoBBVA #TurnoDigital #Tiempo",0,0,0,0,844
2025-07-16 08:29:00,bbva_peru,Jun 4,"¿Listo para ganar uno de los 2 DEPAS DE ESTRENO que la Cuenta Ganadora BBVA tiene para ti? ¡Abriendo tu cuenta desde S/1,500 participas al instante! 🏢😎

Ábrela Aquí: bbva.info/2kw78IE
#BBVA #BancoBBVA #CuentaGanadoraBBVA #Ahorrar #CuentaDeAhorros",4,0,0,0,786
2025-07-16 08:29:00,bbva_peru,Jun 2,"Tenemos una cuenta para acompañarte en cada manera de avanzar.

#BBVA #proyectos #avanzamos",2,0,3,0,908
2025-07-16 08:29:00,bbva_peru,May 28,Para hacer realidad tu próximo proyecto necesitas un banco que te acompañe con:,5,0,1,0,923
2025-07-16 08:29:00,bbva_peru,May 26,"¿Listo para hacer realidad cada uno de tus proyectos? En BBVA, nos renovamos para acompañarte en cada paso. 😎💪

#BBVA #proyectos #Avanzamos",0,0,2,0,905
2025-07-16 08:29:00,bbva_peru,May 23,Separar tu dinero para cubrir cada gasto del mes es posible con tu App BBVA y su función...,1,0,2,0,1.0K
2025-07-16 08:29:00,bbva_peru,May 23,"¿App o Agencia? 😎 Decide con LIBERTAD desde dónde hacer tus TRANSFERENCIAS TOTALMENTE GRATIS con la Cuenta Independencia BBVA. 💵😉

Abre tu cuenta aquí: bbva.info/32eZMcG
#BBVA #BancoBBVA #CuentaIndependencia #TransferenciasSinComisiones #CercaníaYConfianza",1,0,1,0,886
2025-07-16 08:29:00,bbva_peru,May 22,"🏠🚗🎒✨ No hay proyecto grande o pequeño, lo importante es seguir avanzando. Hoy estrenamos imagen y renovamos nuestro compromiso de acompañarte en cada paso, brindándote las herramientas que impulsan tus decisiones. ¿Avanzamos?",0,0,1,0,869
2025-07-16 08:29:00,bbva_peru,May 20,"Todos tenemos un proyecto que queremos hacer realidad👀 ¿Cuál de estos te motiva más? ¡Mejor aún, escribe el tuyo en los comentarios!",0,0,1,0,666
2025-07-16 08:29:00,bbva_peru,May 19,☝️ Con la Cuenta Independencia BBVA puedo realizar todas mis operaciones por canales físicos TOTALMENTE GRATIS.,1,0,0,0,784
2025-07-16 09:26:33,bbva_peru,13 h,¿A qué concierto irás usando los descuentos y beneficios de tus Tarjetas BBVA?,0,0,0,0,516
2025-07-16 09:26:33,bbva_peru,Jul 9,¿Cómo te convendría pagar los pasajes de tu viaje por Fiestas Patrias?,17,0,0,0,3.0K
2025-07-16 09:26:33,bbva_peru,Jun 25,"Mostremos nuestro orgullo todo el año. 🏳️‍🌈🏳️‍⚧️ En Be Yourself, ya impulsamos acciones internas para hacerlo posible, y seguiremos trabajando para que sea una realidad en todo el país. 💪😎

#BBVA #orgullo #pride",17,1,10,1,4.0K
2025-07-16 09:26:33,bbva_peru,Jun 24,"¿Avanzamos? Tus metas se hacen posible con la rentabilidad y seguridad que tiene la Cuenta Vip. Conoce más 👉 bbva.info/40jA8E9  😊

#BBVA #CuentaBBVA #VIP #metas",2,0,0,0,3.0K
2025-07-16 09:26:33,bbva_peru,Jun 18,"¿A qué zona irás en el concierto de Green Day?...
Por cierto, tus Tarjetas BBVA te dan beneficios para que puedas conseguir tus entradas. 😉🙌",3,0,0,0,2.0K
2025-07-16 09:26:33,bbva_peru,Jun 17,¿Qué cuenta sorteará en unas semanas 2 DEPAS DE ESTRENO solo por ahorrar?,1,0,1,0,1.0K
2025-07-16 09:26:33,bbva_peru,Jun 16,"Cuenta Independencia BBVA
¿Sabes todos los BENEFICIOS de la Cuenta Independencia BBVA? 

Descúbrelos aquí: bbva.info/4dUWLo4

¿Listo para avanzar?",2,0,0,0,1.0K
2025-07-16 09:26:33,bbva_peru,Jun 10,"Hay muchas formas de avanzar… y una de ellas es ganarte tu nuevo depa de estreno. 🏠💙 Abriendo tu Cuenta Ganadora, participas por 2 departamentos de estreno.

Conoce más aquí: bbva.info/45dZ3fT
#BBVA #CuentasBBVA #Avanzamos",0,0,0,0,1.0K
2025-07-16 09:26:33,bbva_peru,Jun 10,Cuando hay que pagar los servicios existen dos tipos de personas. ¿Cuál eres tú?,0,0,0,0,898
2025-07-16 09:26:33,bbva_peru,Jun 10,"¡Un depa puede ser tuyo! 🙌 Abriendo tu Cuenta Ganadora BBVA desde S/1500, ya estás participando. Ver más información en bbva.pe/cuentas 😉

#CuentasBBVA #BBVA #Avanzamos",0,0,0,0,921
2025-07-16 09:26:33,bbva_peru,Jun 6,"¿Listo para verlos actuar por el Día del Padre? 😊 Si ese día tienes que ir al banco ya sabes que puedes elegir en qué horario hacerlo con Turno Digital desde tu App BBVA. 😎📱

Conoce más aquí: bbva.info/42vhRpz
#BBVA #BancoBBVA #TurnoDigital #Tiempo",0,0,0,0,844
2025-07-16 09:26:33,bbva_peru,Jun 4,"¿Listo para ganar uno de los 2 DEPAS DE ESTRENO que la Cuenta Ganadora BBVA tiene para ti? ¡Abriendo tu cuenta desde S/1,500 participas al instante! 🏢😎

Ábrela Aquí: bbva.info/2kw78IE
#BBVA #BancoBBVA #CuentaGanadoraBBVA #Ahorrar #CuentaDeAhorros",4,0,0,0,786
2025-07-16 09:26:33,bbva_peru,Jun 2,"Tenemos una cuenta para acompañarte en cada manera de avanzar.

#BBVA #proyectos #avanzamos",2,0,3,0,908
2025-07-16 09:26:33,bbva_peru,May 28,Para hacer realidad tu próximo proyecto necesitas un banco que te acompañe con:,5,0,1,0,923
2025-07-16 09:26:33,bbva_peru,May 26,"¿Listo para hacer realidad cada uno de tus proyectos? En BBVA, nos renovamos para acompañarte en cada paso. 😎💪

#BBVA #proyectos #Avanzamos",0,0,2,0,905
2025-07-16 09:26:33,bbva_peru,May 23,Separar tu dinero para cubrir cada gasto del mes es posible con tu App BBVA y su función...,1,0,2,0,1.0K
2025-07-16 09:26:33,bbva_peru,May 23,"¿App o Agencia? 😎 Decide con LIBERTAD desde dónde hacer tus TRANSFERENCIAS TOTALMENTE GRATIS con la Cuenta Independencia BBVA. 💵😉

Abre tu cuenta aquí: bbva.info/32eZMcG
#BBVA #BancoBBVA #CuentaIndependencia #TransferenciasSinComisiones #CercaníaYConfianza",1,0,1,0,886
2025-07-16 09:26:33,bbva_peru,May 22,"🏠🚗🎒✨ No hay proyecto grande o pequeño, lo importante es seguir avanzando. Hoy estrenamos imagen y renovamos nuestro compromiso de acompañarte en cada paso, brindándote las herramientas que impulsan tus decisiones. ¿Avanzamos?",0,0,1,0,869
2025-07-16 09:26:33,bbva_peru,May 20,"Todos tenemos un proyecto que queremos hacer realidad👀 ¿Cuál de estos te motiva más? ¡Mejor aún, escribe el tuyo en los comentarios!",0,0,1,0,666
2025-07-16 09:26:33,bbva_peru,May 19,☝️ Con la Cuenta Independencia BBVA puedo realizar todas mis operaciones por canales físicos TOTALMENTE GRATIS.,1,0,0,0,784
2025-07-16 10:23:07,bbva_peru,14 h,¿A qué concierto irás usando los descuentos y beneficios de tus Tarjetas BBVA?,0,0,0,0,517
2025-07-16 10:23:07,bbva_peru,Jul 9,¿Cómo te convendría pagar los pasajes de tu viaje por Fiestas Patrias?,17,0,0,0,3.0K
2025-07-16 10:23:07,bbva_peru,Jun 25,"Mostremos nuestro orgullo todo el año. 🏳️‍🌈🏳️‍⚧️ En Be Yourself, ya impulsamos acciones internas para hacerlo posible, y seguiremos trabajando para que sea una realidad en todo el país. 💪😎

#BBVA #orgullo #pride",17,1,10,1,4.0K
2025-07-16 10:23:07,bbva_peru,Jun 24,"¿Avanzamos? Tus metas se hacen posible con la rentabilidad y seguridad que tiene la Cuenta Vip. Conoce más 👉 bbva.info/40jA8E9  😊

#BBVA #CuentaBBVA #VIP #metas",2,0,0,0,3.0K
2025-07-16 10:23:07,bbva_peru,Jun 18,"¿A qué zona irás en el concierto de Green Day?...
Por cierto, tus Tarjetas BBVA te dan beneficios para que puedas conseguir tus entradas. 😉🙌",3,0,0,0,2.0K
2025-07-16 10:23:07,bbva_peru,Jun 17,¿Qué cuenta sorteará en unas semanas 2 DEPAS DE ESTRENO solo por ahorrar?,1,0,1,0,1.0K
2025-07-16 10:23:07,bbva_peru,Jun 16,"Cuenta Independencia BBVA
¿Sabes todos los BENEFICIOS de la Cuenta Independencia BBVA? 

Descúbrelos aquí: bbva.info/4dUWLo4

¿Listo para avanzar?",2,0,0,0,1.0K
2025-07-16 10:23:07,bbva_peru,Jun 10,"Hay muchas formas de avanzar… y una de ellas es ganarte tu nuevo depa de estreno. 🏠💙 Abriendo tu Cuenta Ganadora, participas por 2 departamentos de estreno.

Conoce más aquí: bbva.info/45dZ3fT
#BBVA #CuentasBBVA #Avanzamos",0,0,0,0,1.0K
2025-07-16 10:23:07,bbva_peru,Jun 10,Cuando hay que pagar los servicios existen dos tipos de personas. ¿Cuál eres tú?,0,0,0,0,898
2025-07-16 10:23:07,bbva_peru,Jun 10,"¡Un depa puede ser tuyo! 🙌 Abriendo tu Cuenta Ganadora BBVA desde S/1500, ya estás participando. Ver más información en bbva.pe/cuentas 😉

#CuentasBBVA #BBVA #Avanzamos",0,0,0,0,921
2025-07-16 10:23:07,bbva_peru,Jun 6,"¿Listo para verlos actuar por el Día del Padre? 😊 Si ese día tienes que ir al banco ya sabes que puedes elegir en qué horario hacerlo con Turno Digital desde tu App BBVA. 😎📱

Conoce más aquí: bbva.info/42vhRpz
#BBVA #BancoBBVA #TurnoDigital #Tiempo",0,0,0,0,844
2025-07-16 10:23:07,bbva_peru,Jun 4,"¿Listo para ganar uno de los 2 DEPAS DE ESTRENO que la Cuenta Ganadora BBVA tiene para ti? ¡Abriendo tu cuenta desde S/1,500 participas al instante! 🏢😎

Ábrela Aquí: bbva.info/2kw78IE
#BBVA #BancoBBVA #CuentaGanadoraBBVA #Ahorrar #CuentaDeAhorros",4,0,0,0,786
2025-07-16 10:23:07,bbva_peru,Jun 2,"Tenemos una cuenta para acompañarte en cada manera de avanzar.

#BBVA #proyectos #avanzamos",2,0,3,0,908
2025-07-16 10:23:07,bbva_peru,May 28,Para hacer realidad tu próximo proyecto necesitas un banco que te acompañe con:,5,0,1,0,923
2025-07-16 10:23:07,bbva_peru,May 26,"¿Listo para hacer realidad cada uno de tus proyectos? En BBVA, nos renovamos para acompañarte en cada paso. 😎💪

#BBVA #proyectos #Avanzamos",0,0,2,0,906
2025-07-16 10:23:07,bbva_peru,May 23,Separar tu dinero para cubrir cada gasto del mes es posible con tu App BBVA y su función...,1,0,2,0,1.0K
2025-07-16 10:23:07,bbva_peru,May 23,"¿App o Agencia? 😎 Decide con LIBERTAD desde dónde hacer tus TRANSFERENCIAS TOTALMENTE GRATIS con la Cuenta Independencia BBVA. 💵😉

Abre tu cuenta aquí: bbva.info/32eZMcG
#BBVA #BancoBBVA #CuentaIndependencia #TransferenciasSinComisiones #CercaníaYConfianza",1,0,1,0,887
2025-07-16 10:23:07,bbva_peru,May 22,"🏠🚗🎒✨ No hay proyecto grande o pequeño, lo importante es seguir avanzando. Hoy estrenamos imagen y renovamos nuestro compromiso de acompañarte en cada paso, brindándote las herramientas que impulsan tus decisiones. ¿Avanzamos?",0,0,1,0,868
2025-07-16 10:23:07,bbva_peru,May 20,"Todos tenemos un proyecto que queremos hacer realidad👀 ¿Cuál de estos te motiva más? ¡Mejor aún, escribe el tuyo en los comentarios!",0,0,1,0,666
2025-07-16 10:23:07,bbva_peru,May 19,☝️ Con la Cuenta Independencia BBVA puedo realizar todas mis operaciones por canales físicos TOTALMENTE GRATIS.,1,0,0,0,783
2025-07-16 12:43:32,bbva_peru,16 h,¿A qué concierto irás usando los descuentos y beneficios de tus Tarjetas BBVA?,0,0,0,0,532
2025-07-16 12:43:32,bbva_peru,Jul 9,¿Cómo te convendría pagar los pasajes de tu viaje por Fiestas Patrias?,17,0,0,0,3.0K
2025-07-16 12:43:32,bbva_peru,Jun 25,"Mostremos nuestro orgullo todo el año. 🏳️‍🌈🏳️‍⚧️ En Be Yourself, ya impulsamos acciones internas para hacerlo posible, y seguiremos trabajando para que sea una realidad en todo el país. 💪😎

#BBVA #orgullo #pride",17,1,10,1,4.0K
2025-07-16 12:43:32,bbva_peru,Jun 24,"¿Avanzamos? Tus metas se hacen posible con la rentabilidad y seguridad que tiene la Cuenta Vip. Conoce más 👉 bbva.info/40jA8E9  😊

#BBVA #CuentaBBVA #VIP #metas",2,0,0,0,3.0K
2025-07-16 12:43:32,bbva_peru,Jun 18,"¿A qué zona irás en el concierto de Green Day?...
Por cierto, tus Tarjetas BBVA te dan beneficios para que puedas conseguir tus entradas. 😉🙌",3,0,0,0,2.0K
2025-07-16 12:43:32,bbva_peru,Jun 17,¿Qué cuenta sorteará en unas semanas 2 DEPAS DE ESTRENO solo por ahorrar?,1,0,1,0,1.0K
2025-07-16 12:43:32,bbva_peru,Jun 16,"Cuenta Independencia BBVA
¿Sabes todos los BENEFICIOS de la Cuenta Independencia BBVA? 

Descúbrelos aquí: bbva.info/4dUWLo4

¿Listo para avanzar?",2,0,0,0,1.0K
2025-07-16 12:43:32,bbva_peru,Jun 10,"Hay muchas formas de avanzar… y una de ellas es ganarte tu nuevo depa de estreno. 🏠💙 Abriendo tu Cuenta Ganadora, participas por 2 departamentos de estreno.

Conoce más aquí: bbva.info/45dZ3fT
#BBVA #CuentasBBVA #Avanzamos",0,0,0,0,1.0K
2025-07-16 12:43:32,bbva_peru,Jun 10,Cuando hay que pagar los servicios existen dos tipos de personas. ¿Cuál eres tú?,0,0,0,0,898
2025-07-16 12:43:32,bbva_peru,Jun 10,"¡Un depa puede ser tuyo! 🙌 Abriendo tu Cuenta Ganadora BBVA desde S/1500, ya estás participando. Ver más información en bbva.pe/cuentas 😉

#CuentasBBVA #BBVA #Avanzamos",0,0,0,0,921
2025-07-16 12:43:32,bbva_peru,Jun 6,"¿Listo para verlos actuar por el Día del Padre? 😊 Si ese día tienes que ir al banco ya sabes que puedes elegir en qué horario hacerlo con Turno Digital desde tu App BBVA. 😎📱

Conoce más aquí: bbva.info/42vhRpz
#BBVA #BancoBBVA #TurnoDigital #Tiempo",0,0,0,0,844
2025-07-16 12:43:32,bbva_peru,Jun 4,"¿Listo para ganar uno de los 2 DEPAS DE ESTRENO que la Cuenta Ganadora BBVA tiene para ti? ¡Abriendo tu cuenta desde S/1,500 participas al instante! 🏢😎

Ábrela Aquí: bbva.info/2kw78IE
#BBVA #BancoBBVA #CuentaGanadoraBBVA #Ahorrar #CuentaDeAhorros",4,0,0,0,786
2025-07-16 12:43:32,bbva_peru,Jun 2,"Tenemos una cuenta para acompañarte en cada manera de avanzar.

#BBVA #proyectos #avanzamos",2,0,3,0,908
2025-07-16 12:43:32,bbva_peru,May 28,Para hacer realidad tu próximo proyecto necesitas un banco que te acompañe con:,5,0,1,0,923
2025-07-16 12:43:32,bbva_peru,May 26,"¿Listo para hacer realidad cada uno de tus proyectos? En BBVA, nos renovamos para acompañarte en cada paso. 😎💪

#BBVA #proyectos #Avanzamos",0,0,2,0,906
2025-07-16 12:43:32,bbva_peru,May 23,Separar tu dinero para cubrir cada gasto del mes es posible con tu App BBVA y su función...,1,0,2,0,1.0K
2025-07-16 12:43:32,bbva_peru,May 23,"¿App o Agencia? 😎 Decide con LIBERTAD desde dónde hacer tus TRANSFERENCIAS TOTALMENTE GRATIS con la Cuenta Independencia BBVA. 💵😉

Abre tu cuenta aquí: bbva.info/32eZMcG
#BBVA #BancoBBVA #CuentaIndependencia #TransferenciasSinComisiones #CercaníaYConfianza",1,0,1,0,887
2025-07-16 12:43:32,bbva_peru,May 22,"🏠🚗🎒✨ No hay proyecto grande o pequeño, lo importante es seguir avanzando. Hoy estrenamos imagen y renovamos nuestro compromiso de acompañarte en cada paso, brindándote las herramientas que impulsan tus decisiones. ¿Avanzamos?",0,0,1,0,868
2025-07-16 12:43:32,bbva_peru,May 20,"Todos tenemos un proyecto que queremos hacer realidad👀 ¿Cuál de estos te motiva más? ¡Mejor aún, escribe el tuyo en los comentarios!",0,0,1,0,666
2025-07-16 12:43:32,bbva_peru,May 19,☝️ Con la Cuenta Independencia BBVA puedo realizar todas mis operaciones por canales físicos TOTALMENTE GRATIS.,1,0,0,0,783
2025-07-16 14:19:50,bbva_peru,18 h,¿A qué concierto irás usando los descuentos y beneficios de tus Tarjetas BBVA?,0,0,0,0,540
2025-07-16 14:19:50,bbva_peru,Jul 9,¿Cómo te convendría pagar los pasajes de tu viaje por Fiestas Patrias?,17,0,0,0,3.0K
2025-07-16 14:19:50,bbva_peru,Jun 25,"Mostremos nuestro orgullo todo el año. 🏳️‍🌈🏳️‍⚧️ En Be Yourself, ya impulsamos acciones internas para hacerlo posible, y seguiremos trabajando para que sea una realidad en todo el país. 💪😎

#BBVA #orgullo #pride",17,1,10,1,4.0K
2025-07-16 14:19:50,bbva_peru,Jun 24,"¿Avanzamos? Tus metas se hacen posible con la rentabilidad y seguridad que tiene la Cuenta Vip. Conoce más 👉 bbva.info/40jA8E9  😊

#BBVA #CuentaBBVA #VIP #metas",2,0,0,0,3.0K
2025-07-16 14:19:50,bbva_peru,Jun 18,"¿A qué zona irás en el concierto de Green Day?...
Por cierto, tus Tarjetas BBVA te dan beneficios para que puedas conseguir tus entradas. 😉🙌",3,0,0,0,2.0K
2025-07-16 14:19:50,bbva_peru,Jun 17,¿Qué cuenta sorteará en unas semanas 2 DEPAS DE ESTRENO solo por ahorrar?,1,0,1,0,1.0K
2025-07-16 14:19:50,bbva_peru,Jun 16,"Cuenta Independencia BBVA
¿Sabes todos los BENEFICIOS de la Cuenta Independencia BBVA? 

Descúbrelos aquí: bbva.info/4dUWLo4

¿Listo para avanzar?",2,0,0,0,1.0K
2025-07-16 14:19:50,bbva_peru,Jun 10,"Hay muchas formas de avanzar… y una de ellas es ganarte tu nuevo depa de estreno. 🏠💙 Abriendo tu Cuenta Ganadora, participas por 2 departamentos de estreno.

Conoce más aquí: bbva.info/45dZ3fT
#BBVA #CuentasBBVA #Avanzamos",0,0,0,0,1.0K
2025-07-16 14:19:50,bbva_peru,Jun 10,Cuando hay que pagar los servicios existen dos tipos de personas. ¿Cuál eres tú?,0,0,0,0,898
2025-07-16 14:19:50,bbva_peru,Jun 10,"¡Un depa puede ser tuyo! 🙌 Abriendo tu Cuenta Ganadora BBVA desde S/1500, ya estás participando. Ver más información en bbva.pe/cuentas 😉

#CuentasBBVA #BBVA #Avanzamos",0,0,0,0,921
2025-07-16 14:19:50,bbva_peru,Jun 6,"¿Listo para verlos actuar por el Día del Padre? 😊 Si ese día tienes que ir al banco ya sabes que puedes elegir en qué horario hacerlo con Turno Digital desde tu App BBVA. 😎📱

Conoce más aquí: bbva.info/42vhRpz
#BBVA #BancoBBVA #TurnoDigital #Tiempo",0,0,0,0,844
2025-07-16 14:19:50,bbva_peru,Jun 4,"¿Listo para ganar uno de los 2 DEPAS DE ESTRENO que la Cuenta Ganadora BBVA tiene para ti? ¡Abriendo tu cuenta desde S/1,500 participas al instante! 🏢😎

Ábrela Aquí: bbva.info/2kw78IE
#BBVA #BancoBBVA #CuentaGanadoraBBVA #Ahorrar #CuentaDeAhorros",4,0,0,0,786
2025-07-16 14:19:50,bbva_peru,Jun 2,"Tenemos una cuenta para acompañarte en cada manera de avanzar.

#BBVA #proyectos #avanzamos",2,0,3,0,908
2025-07-16 14:19:50,bbva_peru,May 28,Para hacer realidad tu próximo proyecto necesitas un banco que te acompañe con:,5,0,1,0,923
2025-07-16 14:19:50,bbva_peru,May 26,"¿Listo para hacer realidad cada uno de tus proyectos? En BBVA, nos renovamos para acompañarte en cada paso. 😎💪

#BBVA #proyectos #Avanzamos",0,0,2,0,905
2025-07-16 14:19:50,bbva_peru,May 23,Separar tu dinero para cubrir cada gasto del mes es posible con tu App BBVA y su función...,1,0,2,0,1.0K
2025-07-16 14:19:50,bbva_peru,May 23,"¿App o Agencia? 😎 Decide con LIBERTAD desde dónde hacer tus TRANSFERENCIAS TOTALMENTE GRATIS con la Cuenta Independencia BBVA. 💵😉

Abre tu cuenta aquí: bbva.info/32eZMcG
#BBVA #BancoBBVA #CuentaIndependencia #TransferenciasSinComisiones #CercaníaYConfianza",1,0,1,0,886
2025-07-16 14:19:50,bbva_peru,May 22,"🏠🚗🎒✨ No hay proyecto grande o pequeño, lo importante es seguir avanzando. Hoy estrenamos imagen y renovamos nuestro compromiso de acompañarte en cada paso, brindándote las herramientas que impulsan tus decisiones. ¿Avanzamos?",0,0,1,0,869
2025-07-16 14:19:50,bbva_peru,May 20,"Todos tenemos un proyecto que queremos hacer realidad👀 ¿Cuál de estos te motiva más? ¡Mejor aún, escribe el tuyo en los comentarios!",0,0,1,0,666
2025-07-16 14:19:50,bbva_peru,May 19,☝️ Con la Cuenta Independencia BBVA puedo realizar todas mis operaciones por canales físicos TOTALMENTE GRATIS.,1,0,0,0,784
2025-07-16 15:23:56,bbva_peru,19 h,¿A qué concierto irás usando los descuentos y beneficios de tus Tarjetas BBVA?,0,0,0,0,545
2025-07-16 15:23:56,bbva_peru,Jul 9,¿Cómo te convendría pagar los pasajes de tu viaje por Fiestas Patrias?,17,0,0,0,3.0K
2025-07-16 15:23:56,bbva_peru,Jun 25,"Mostremos nuestro orgullo todo el año. 🏳️‍🌈🏳️‍⚧️ En Be Yourself, ya impulsamos acciones internas para hacerlo posible, y seguiremos trabajando para que sea una realidad en todo el país. 💪😎

#BBVA #orgullo #pride",17,1,10,1,4.0K
2025-07-16 15:23:56,bbva_peru,Jun 24,"¿Avanzamos? Tus metas se hacen posible con la rentabilidad y seguridad que tiene la Cuenta Vip. Conoce más 👉 bbva.info/40jA8E9  😊

#BBVA #CuentaBBVA #VIP #metas",2,0,0,0,3.0K
2025-07-16 15:23:56,bbva_peru,Jun 18,"¿A qué zona irás en el concierto de Green Day?...
Por cierto, tus Tarjetas BBVA te dan beneficios para que puedas conseguir tus entradas. 😉🙌",3,0,0,0,2.0K
2025-07-16 15:23:56,bbva_peru,Jun 17,¿Qué cuenta sorteará en unas semanas 2 DEPAS DE ESTRENO solo por ahorrar?,1,0,1,0,1.0K
2025-07-16 15:23:56,bbva_peru,Jun 16,"Cuenta Independencia BBVA
¿Sabes todos los BENEFICIOS de la Cuenta Independencia BBVA? 

Descúbrelos aquí: bbva.info/4dUWLo4

¿Listo para avanzar?",2,0,0,0,1.0K
2025-07-16 15:23:56,bbva_peru,Jun 10,"Hay muchas formas de avanzar… y una de ellas es ganarte tu nuevo depa de estreno. 🏠💙 Abriendo tu Cuenta Ganadora, participas por 2 departamentos de estreno.

Conoce más aquí: bbva.info/45dZ3fT
#BBVA #CuentasBBVA #Avanzamos",0,0,0,0,1.0K
2025-07-16 15:23:56,bbva_peru,Jun 10,Cuando hay que pagar los servicios existen dos tipos de personas. ¿Cuál eres tú?,0,0,0,0,898
2025-07-16 15:23:56,bbva_peru,Jun 10,"¡Un depa puede ser tuyo! 🙌 Abriendo tu Cuenta Ganadora BBVA desde S/1500, ya estás participando. Ver más información en bbva.pe/cuentas 😉

#CuentasBBVA #BBVA #Avanzamos",0,0,0,0,921
2025-07-16 15:23:56,bbva_peru,Jun 6,"¿Listo para verlos actuar por el Día del Padre? 😊 Si ese día tienes que ir al banco ya sabes que puedes elegir en qué horario hacerlo con Turno Digital desde tu App BBVA. 😎📱

Conoce más aquí: bbva.info/42vhRpz
#BBVA #BancoBBVA #TurnoDigital #Tiempo",0,0,0,0,844
2025-07-16 15:23:56,bbva_peru,Jun 4,"¿Listo para ganar uno de los 2 DEPAS DE ESTRENO que la Cuenta Ganadora BBVA tiene para ti? ¡Abriendo tu cuenta desde S/1,500 participas al instante! 🏢😎

Ábrela Aquí: bbva.info/2kw78IE
#BBVA #BancoBBVA #CuentaGanadoraBBVA #Ahorrar #CuentaDeAhorros",4,0,0,0,786
2025-07-16 15:23:56,bbva_peru,Jun 2,"Tenemos una cuenta para acompañarte en cada manera de avanzar.

#BBVA #proyectos #avanzamos",2,0,3,0,908
2025-07-16 15:23:56,bbva_peru,May 28,Para hacer realidad tu próximo proyecto necesitas un banco que te acompañe con:,5,0,1,0,923
2025-07-16 15:23:56,bbva_peru,May 26,"¿Listo para hacer realidad cada uno de tus proyectos? En BBVA, nos renovamos para acompañarte en cada paso. 😎💪

#BBVA #proyectos #Avanzamos",0,0,2,0,906
2025-07-16 15:23:56,bbva_peru,May 23,Separar tu dinero para cubrir cada gasto del mes es posible con tu App BBVA y su función...,1,0,2,0,1.0K
2025-07-16 15:23:56,bbva_peru,May 23,"¿App o Agencia? 😎 Decide con LIBERTAD desde dónde hacer tus TRANSFERENCIAS TOTALMENTE GRATIS con la Cuenta Independencia BBVA. 💵😉

Abre tu cuenta aquí: bbva.info/32eZMcG
#BBVA #BancoBBVA #CuentaIndependencia #TransferenciasSinComisiones #CercaníaYConfianza",1,0,1,0,887
2025-07-16 15:23:56,bbva_peru,May 22,"🏠🚗🎒✨ No hay proyecto grande o pequeño, lo importante es seguir avanzando. Hoy estrenamos imagen y renovamos nuestro compromiso de acompañarte en cada paso, brindándote las herramientas que impulsan tus decisiones. ¿Avanzamos?",0,0,1,0,868
2025-07-16 15:23:56,bbva_peru,May 20,"Todos tenemos un proyecto que queremos hacer realidad👀 ¿Cuál de estos te motiva más? ¡Mejor aún, escribe el tuyo en los comentarios!",0,0,1,0,666
2025-07-16 15:23:56,bbva_peru,May 19,☝️ Con la Cuenta Independencia BBVA puedo realizar todas mis operaciones por canales físicos TOTALMENTE GRATIS.,1,0,0,0,783
2025-07-16 16:28:13,bbva_peru,20 h,¿A qué concierto irás usando los descuentos y beneficios de tus Tarjetas BBVA?,0,0,0,0,549
2025-07-16 16:28:13,bbva_peru,Jul 9,¿Cómo te convendría pagar los pasajes de tu viaje por Fiestas Patrias?,17,0,0,0,3.0K
2025-07-16 16:28:13,bbva_peru,Jun 25,"Mostremos nuestro orgullo todo el año. 🏳️‍🌈🏳️‍⚧️ En Be Yourself, ya impulsamos acciones internas para hacerlo posible, y seguiremos trabajando para que sea una realidad en todo el país. 💪😎

#BBVA #orgullo #pride",17,1,10,1,4.0K
2025-07-16 16:28:13,bbva_peru,Jun 24,"¿Avanzamos? Tus metas se hacen posible con la rentabilidad y seguridad que tiene la Cuenta Vip. Conoce más 👉 bbva.info/40jA8E9  😊

#BBVA #CuentaBBVA #VIP #metas",2,0,0,0,3.0K
2025-07-16 16:28:13,bbva_peru,Jun 18,"¿A qué zona irás en el concierto de Green Day?...
Por cierto, tus Tarjetas BBVA te dan beneficios para que puedas conseguir tus entradas. 😉🙌",3,0,0,0,2.0K
2025-07-16 16:28:13,bbva_peru,Jun 17,¿Qué cuenta sorteará en unas semanas 2 DEPAS DE ESTRENO solo por ahorrar?,1,0,1,0,1.0K
2025-07-16 16:28:13,bbva_peru,Jun 16,"Cuenta Independencia BBVA
¿Sabes todos los BENEFICIOS de la Cuenta Independencia BBVA? 

Descúbrelos aquí: bbva.info/4dUWLo4

¿Listo para avanzar?",2,0,0,0,1.0K
2025-07-16 16:28:13,bbva_peru,Jun 10,"Hay muchas formas de avanzar… y una de ellas es ganarte tu nuevo depa de estreno. 🏠💙 Abriendo tu Cuenta Ganadora, participas por 2 departamentos de estreno.

Conoce más aquí: bbva.info/45dZ3fT
#BBVA #CuentasBBVA #Avanzamos",0,0,0,0,1.0K
2025-07-16 16:28:13,bbva_peru,Jun 10,Cuando hay que pagar los servicios existen dos tipos de personas. ¿Cuál eres tú?,0,0,0,0,898
2025-07-16 16:28:13,bbva_peru,Jun 10,"¡Un depa puede ser tuyo! 🙌 Abriendo tu Cuenta Ganadora BBVA desde S/1500, ya estás participando. Ver más información en bbva.pe/cuentas 😉

#CuentasBBVA #BBVA #Avanzamos",0,0,0,0,921
2025-07-16 16:28:13,bbva_peru,Jun 6,"¿Listo para verlos actuar por el Día del Padre? 😊 Si ese día tienes que ir al banco ya sabes que puedes elegir en qué horario hacerlo con Turno Digital desde tu App BBVA. 😎📱

Conoce más aquí: bbva.info/42vhRpz
#BBVA #BancoBBVA #TurnoDigital #Tiempo",0,0,0,0,844
2025-07-16 16:28:13,bbva_peru,Jun 4,"¿Listo para ganar uno de los 2 DEPAS DE ESTRENO que la Cuenta Ganadora BBVA tiene para ti? ¡Abriendo tu cuenta desde S/1,500 participas al instante! 🏢😎

Ábrela Aquí: bbva.info/2kw78IE
#BBVA #BancoBBVA #CuentaGanadoraBBVA #Ahorrar #CuentaDeAhorros",4,0,0,0,786
2025-07-16 16:28:13,bbva_peru,Jun 2,"Tenemos una cuenta para acompañarte en cada manera de avanzar.

#BBVA #proyectos #avanzamos",2,0,3,0,908
2025-07-16 16:28:13,bbva_peru,May 28,Para hacer realidad tu próximo proyecto necesitas un banco que te acompañe con:,5,0,1,0,924
2025-07-16 16:28:13,bbva_peru,May 26,"¿Listo para hacer realidad cada uno de tus proyectos? En BBVA, nos renovamos para acompañarte en cada paso. 😎💪

#BBVA #proyectos #Avanzamos",0,0,2,0,905
2025-07-16 16:28:13,bbva_peru,May 23,Separar tu dinero para cubrir cada gasto del mes es posible con tu App BBVA y su función...,1,0,2,0,1.0K
2025-07-16 16:28:13,bbva_peru,May 23,"¿App o Agencia? 😎 Decide con LIBERTAD desde dónde hacer tus TRANSFERENCIAS TOTALMENTE GRATIS con la Cuenta Independencia BBVA. 💵😉

Abre tu cuenta aquí: bbva.info/32eZMcG
#BBVA #BancoBBVA #CuentaIndependencia #TransferenciasSinComisiones #CercaníaYConfianza",1,0,1,0,886
2025-07-16 16:28:13,bbva_peru,May 22,"🏠🚗🎒✨ No hay proyecto grande o pequeño, lo importante es seguir avanzando. Hoy estrenamos imagen y renovamos nuestro compromiso de acompañarte en cada paso, brindándote las herramientas que impulsan tus decisiones. ¿Avanzamos?",0,0,1,0,869
2025-07-16 16:28:13,bbva_peru,May 20,"Todos tenemos un proyecto que queremos hacer realidad👀 ¿Cuál de estos te motiva más? ¡Mejor aún, escribe el tuyo en los comentarios!",0,0,1,0,666
2025-07-16 16:28:13,bbva_peru,May 19,☝️ Con la Cuenta Independencia BBVA puedo realizar todas mis operaciones por canales físicos TOTALMENTE GRATIS.,1,0,0,0,784
2025-07-16 17:20:49,bbva_peru,21 h,¿A qué concierto irás usando los descuentos y beneficios de tus Tarjetas BBVA?,0,0,0,0,552
2025-07-16 17:20:49,bbva_peru,Jul 9,¿Cómo te convendría pagar los pasajes de tu viaje por Fiestas Patrias?,17,0,0,0,3.0K
2025-07-16 17:20:49,bbva_peru,Jun 25,"Mostremos nuestro orgullo todo el año. 🏳️‍🌈🏳️‍⚧️ En Be Yourself, ya impulsamos acciones internas para hacerlo posible, y seguiremos trabajando para que sea una realidad en todo el país. 💪😎

#BBVA #orgullo #pride",17,1,10,1,4.0K
2025-07-16 17:20:49,bbva_peru,Jun 24,"¿Avanzamos? Tus metas se hacen posible con la rentabilidad y seguridad que tiene la Cuenta Vip. Conoce más 👉 bbva.info/40jA8E9  😊

#BBVA #CuentaBBVA #VIP #metas",2,0,0,0,3.0K
2025-07-16 17:20:49,bbva_peru,Jun 18,"¿A qué zona irás en el concierto de Green Day?...
Por cierto, tus Tarjetas BBVA te dan beneficios para que puedas conseguir tus entradas. 😉🙌",3,0,0,0,2.0K
2025-07-16 17:20:49,bbva_peru,Jun 17,¿Qué cuenta sorteará en unas semanas 2 DEPAS DE ESTRENO solo por ahorrar?,1,0,1,0,1.0K
2025-07-16 17:20:49,bbva_peru,Jun 16,"Cuenta Independencia BBVA
¿Sabes todos los BENEFICIOS de la Cuenta Independencia BBVA? 

Descúbrelos aquí: bbva.info/4dUWLo4

¿Listo para avanzar?",2,0,0,0,1.0K
2025-07-16 17:20:49,bbva_peru,Jun 10,"Hay muchas formas de avanzar… y una de ellas es ganarte tu nuevo depa de estreno. 🏠💙 Abriendo tu Cuenta Ganadora, participas por 2 departamentos de estreno.

Conoce más aquí: bbva.info/45dZ3fT
#BBVA #CuentasBBVA #Avanzamos",0,0,0,0,1.0K
2025-07-16 17:20:49,bbva_peru,Jun 10,Cuando hay que pagar los servicios existen dos tipos de personas. ¿Cuál eres tú?,0,0,0,0,898
2025-07-16 17:20:49,bbva_peru,Jun 10,"¡Un depa puede ser tuyo! 🙌 Abriendo tu Cuenta Ganadora BBVA desde S/1500, ya estás participando. Ver más información en bbva.pe/cuentas 😉

#CuentasBBVA #BBVA #Avanzamos",0,0,0,0,921
2025-07-16 17:20:49,bbva_peru,Jun 6,"¿Listo para verlos actuar por el Día del Padre? 😊 Si ese día tienes que ir al banco ya sabes que puedes elegir en qué horario hacerlo con Turno Digital desde tu App BBVA. 😎📱

Conoce más aquí: bbva.info/42vhRpz
#BBVA #BancoBBVA #TurnoDigital #Tiempo",0,0,0,0,844
2025-07-16 17:20:49,bbva_peru,Jun 4,"¿Listo para ganar uno de los 2 DEPAS DE ESTRENO que la Cuenta Ganadora BBVA tiene para ti? ¡Abriendo tu cuenta desde S/1,500 participas al instante! 🏢😎

Ábrela Aquí: bbva.info/2kw78IE
#BBVA #BancoBBVA #CuentaGanadoraBBVA #Ahorrar #CuentaDeAhorros",4,0,0,0,786
2025-07-16 17:20:49,bbva_peru,Jun 2,"Tenemos una cuenta para acompañarte en cada manera de avanzar.

#BBVA #proyectos #avanzamos",2,0,3,0,908
2025-07-16 17:20:49,bbva_peru,May 28,Para hacer realidad tu próximo proyecto necesitas un banco que te acompañe con:,5,0,1,0,924
2025-07-16 17:20:49,bbva_peru,May 26,"¿Listo para hacer realidad cada uno de tus proyectos? En BBVA, nos renovamos para acompañarte en cada paso. 😎💪

#BBVA #proyectos #Avanzamos",0,0,2,0,905
2025-07-16 17:20:49,bbva_peru,May 23,Separar tu dinero para cubrir cada gasto del mes es posible con tu App BBVA y su función...,1,0,2,0,1.0K
2025-07-16 17:20:49,bbva_peru,May 23,"¿App o Agencia? 😎 Decide con LIBERTAD desde dónde hacer tus TRANSFERENCIAS TOTALMENTE GRATIS con la Cuenta Independencia BBVA. 💵😉

Abre tu cuenta aquí: bbva.info/32eZMcG
#BBVA #BancoBBVA #CuentaIndependencia #TransferenciasSinComisiones #CercaníaYConfianza",1,0,1,0,886
2025-07-16 17:20:49,bbva_peru,May 22,"🏠🚗🎒✨ No hay proyecto grande o pequeño, lo importante es seguir avanzando. Hoy estrenamos imagen y renovamos nuestro compromiso de acompañarte en cada paso, brindándote las herramientas que impulsan tus decisiones. ¿Avanzamos?",0,0,1,0,869
2025-07-16 17:20:49,bbva_peru,May 20,"Todos tenemos un proyecto que queremos hacer realidad👀 ¿Cuál de estos te motiva más? ¡Mejor aún, escribe el tuyo en los comentarios!",0,0,1,0,666
2025-07-16 17:20:49,bbva_peru,May 19,☝️ Con la Cuenta Independencia BBVA puedo realizar todas mis operaciones por canales físicos TOTALMENTE GRATIS.,1,0,0,0,784
2025-07-16 18:30:46,bbva_peru,22 h,¿A qué concierto irás usando los descuentos y beneficios de tus Tarjetas BBVA?,0,0,0,0,559
2025-07-16 18:30:46,bbva_peru,Jul 9,¿Cómo te convendría pagar los pasajes de tu viaje por Fiestas Patrias?,17,0,0,0,3.0K
2025-07-16 18:30:46,bbva_peru,Jun 25,"Mostremos nuestro orgullo todo el año. 🏳️‍🌈🏳️‍⚧️ En Be Yourself, ya impulsamos acciones internas para hacerlo posible, y seguiremos trabajando para que sea una realidad en todo el país. 💪😎

#BBVA #orgullo #pride",17,1,10,1,4.0K
2025-07-16 18:30:46,bbva_peru,Jun 24,"¿Avanzamos? Tus metas se hacen posible con la rentabilidad y seguridad que tiene la Cuenta Vip. Conoce más 👉 bbva.info/40jA8E9  😊

#BBVA #CuentaBBVA #VIP #metas",2,0,0,0,3.0K
2025-07-16 18:30:46,bbva_peru,Jun 18,"¿A qué zona irás en el concierto de Green Day?...
Por cierto, tus Tarjetas BBVA te dan beneficios para que puedas conseguir tus entradas. 😉🙌",3,0,0,0,2.0K
2025-07-16 18:30:46,bbva_peru,Jun 17,¿Qué cuenta sorteará en unas semanas 2 DEPAS DE ESTRENO solo por ahorrar?,1,0,1,0,1.0K
2025-07-16 18:30:46,bbva_peru,Jun 16,"Cuenta Independencia BBVA
¿Sabes todos los BENEFICIOS de la Cuenta Independencia BBVA? 

Descúbrelos aquí: bbva.info/4dUWLo4

¿Listo para avanzar?",2,0,0,0,1.0K
2025-07-16 18:30:46,bbva_peru,Jun 10,"Hay muchas formas de avanzar… y una de ellas es ganarte tu nuevo depa de estreno. 🏠💙 Abriendo tu Cuenta Ganadora, participas por 2 departamentos de estreno.

Conoce más aquí: bbva.info/45dZ3fT
#BBVA #CuentasBBVA #Avanzamos",0,0,0,0,1.0K
2025-07-16 18:30:46,bbva_peru,Jun 10,Cuando hay que pagar los servicios existen dos tipos de personas. ¿Cuál eres tú?,0,0,0,0,898
2025-07-16 18:30:46,bbva_peru,Jun 10,"¡Un depa puede ser tuyo! 🙌 Abriendo tu Cuenta Ganadora BBVA desde S/1500, ya estás participando. Ver más información en bbva.pe/cuentas 😉

#CuentasBBVA #BBVA #Avanzamos",0,0,0,0,922
2025-07-16 18:30:46,bbva_peru,Jun 6,"¿Listo para verlos actuar por el Día del Padre? 😊 Si ese día tienes que ir al banco ya sabes que puedes elegir en qué horario hacerlo con Turno Digital desde tu App BBVA. 😎📱

Conoce más aquí: bbva.info/42vhRpz
#BBVA #BancoBBVA #TurnoDigital #Tiempo",0,0,0,0,845
2025-07-16 18:30:46,bbva_peru,Jun 4,"¿Listo para ganar uno de los 2 DEPAS DE ESTRENO que la Cuenta Ganadora BBVA tiene para ti? ¡Abriendo tu cuenta desde S/1,500 participas al instante! 🏢😎

Ábrela Aquí: bbva.info/2kw78IE
#BBVA #BancoBBVA #CuentaGanadoraBBVA #Ahorrar #CuentaDeAhorros",4,0,0,0,786
2025-07-16 18:30:46,bbva_peru,Jun 2,"Tenemos una cuenta para acompañarte en cada manera de avanzar.

#BBVA #proyectos #avanzamos",2,0,3,0,908
2025-07-16 18:30:46,bbva_peru,May 28,Para hacer realidad tu próximo proyecto necesitas un banco que te acompañe con:,5,0,1,0,924
2025-07-16 18:30:46,bbva_peru,May 26,"¿Listo para hacer realidad cada uno de tus proyectos? En BBVA, nos renovamos para acompañarte en cada paso. 😎💪

#BBVA #proyectos #Avanzamos",0,0,2,0,905
2025-07-16 18:30:46,bbva_peru,May 23,Separar tu dinero para cubrir cada gasto del mes es posible con tu App BBVA y su función...,1,0,2,0,1.0K
2025-07-16 18:30:46,bbva_peru,May 23,"¿App o Agencia? 😎 Decide con LIBERTAD desde dónde hacer tus TRANSFERENCIAS TOTALMENTE GRATIS con la Cuenta Independencia BBVA. 💵😉

Abre tu cuenta aquí: bbva.info/32eZMcG
#BBVA #BancoBBVA #CuentaIndependencia #TransferenciasSinComisiones #CercaníaYConfianza",1,0,1,0,886
2025-07-16 18:30:46,bbva_peru,May 22,"🏠🚗🎒✨ No hay proyecto grande o pequeño, lo importante es seguir avanzando. Hoy estrenamos imagen y renovamos nuestro compromiso de acompañarte en cada paso, brindándote las herramientas que impulsan tus decisiones. ¿Avanzamos?",0,0,1,0,869
2025-07-16 18:30:46,bbva_peru,May 20,"Todos tenemos un proyecto que queremos hacer realidad👀 ¿Cuál de estos te motiva más? ¡Mejor aún, escribe el tuyo en los comentarios!",0,0,1,0,666
2025-07-16 18:30:46,bbva_peru,May 19,☝️ Con la Cuenta Independencia BBVA puedo realizar todas mis operaciones por canales físicos TOTALMENTE GRATIS.,1,0,0,0,784
2025-07-16 19:18:00,bbva_peru,23 h,¿A qué concierto irás usando los descuentos y beneficios de tus Tarjetas BBVA?,0,0,0,0,566
2025-07-16 19:18:00,bbva_peru,Jul 9,¿Cómo te convendría pagar los pasajes de tu viaje por Fiestas Patrias?,17,0,0,0,3.0K
2025-07-16 19:18:00,bbva_peru,Jun 25,"Mostremos nuestro orgullo todo el año. 🏳️‍🌈🏳️‍⚧️ En Be Yourself, ya impulsamos acciones internas para hacerlo posible, y seguiremos trabajando para que sea una realidad en todo el país. 💪😎

#BBVA #orgullo #pride",17,1,10,1,4.0K
2025-07-16 19:18:00,bbva_peru,Jun 24,"¿Avanzamos? Tus metas se hacen posible con la rentabilidad y seguridad que tiene la Cuenta Vip. Conoce más 👉 bbva.info/40jA8E9  😊

#BBVA #CuentaBBVA #VIP #metas",2,0,0,0,3.0K
2025-07-16 19:18:00,bbva_peru,Jun 18,"¿A qué zona irás en el concierto de Green Day?...
Por cierto, tus Tarjetas BBVA te dan beneficios para que puedas conseguir tus entradas. 😉🙌",3,0,0,0,2.0K
2025-07-16 19:18:00,bbva_peru,Jun 17,¿Qué cuenta sorteará en unas semanas 2 DEPAS DE ESTRENO solo por ahorrar?,1,0,1,0,1.0K
2025-07-16 19:18:00,bbva_peru,Jun 16,"Cuenta Independencia BBVA
¿Sabes todos los BENEFICIOS de la Cuenta Independencia BBVA? 

Descúbrelos aquí: bbva.info/4dUWLo4

¿Listo para avanzar?",2,0,0,0,1.0K
2025-07-16 19:18:00,bbva_peru,Jun 10,"Hay muchas formas de avanzar… y una de ellas es ganarte tu nuevo depa de estreno. 🏠💙 Abriendo tu Cuenta Ganadora, participas por 2 departamentos de estreno.

Conoce más aquí: bbva.info/45dZ3fT
#BBVA #CuentasBBVA #Avanzamos",0,0,0,0,1.0K
2025-07-16 19:18:00,bbva_peru,Jun 10,Cuando hay que pagar los servicios existen dos tipos de personas. ¿Cuál eres tú?,0,0,0,0,898
2025-07-16 19:18:00,bbva_peru,Jun 10,"¡Un depa puede ser tuyo! 🙌 Abriendo tu Cuenta Ganadora BBVA desde S/1500, ya estás participando. Ver más información en bbva.pe/cuentas 😉

#CuentasBBVA #BBVA #Avanzamos",0,0,0,0,922
2025-07-16 19:18:00,bbva_peru,Jun 6,"¿Listo para verlos actuar por el Día del Padre? 😊 Si ese día tienes que ir al banco ya sabes que puedes elegir en qué horario hacerlo con Turno Digital desde tu App BBVA. 😎📱

Conoce más aquí: bbva.info/42vhRpz
#BBVA #BancoBBVA #TurnoDigital #Tiempo",0,0,0,0,845
2025-07-16 19:18:00,bbva_peru,Jun 4,"¿Listo para ganar uno de los 2 DEPAS DE ESTRENO que la Cuenta Ganadora BBVA tiene para ti? ¡Abriendo tu cuenta desde S/1,500 participas al instante! 🏢😎

Ábrela Aquí: bbva.info/2kw78IE
#BBVA #BancoBBVA #CuentaGanadoraBBVA #Ahorrar #CuentaDeAhorros",4,0,0,0,786
2025-07-16 19:18:00,bbva_peru,Jun 2,"Tenemos una cuenta para acompañarte en cada manera de avanzar.

#BBVA #proyectos #avanzamos",2,0,3,0,908
2025-07-16 19:18:00,bbva_peru,May 28,Para hacer realidad tu próximo proyecto necesitas un banco que te acompañe con:,5,0,1,0,924
2025-07-16 19:18:00,bbva_peru,May 26,"¿Listo para hacer realidad cada uno de tus proyectos? En BBVA, nos renovamos para acompañarte en cada paso. 😎💪

#BBVA #proyectos #Avanzamos",0,0,2,0,906
2025-07-16 19:18:00,bbva_peru,May 23,Separar tu dinero para cubrir cada gasto del mes es posible con tu App BBVA y su función...,1,0,2,0,1.0K
2025-07-16 19:18:00,bbva_peru,May 23,"¿App o Agencia? 😎 Decide con LIBERTAD desde dónde hacer tus TRANSFERENCIAS TOTALMENTE GRATIS con la Cuenta Independencia BBVA. 💵😉

Abre tu cuenta aquí: bbva.info/32eZMcG
#BBVA #BancoBBVA #CuentaIndependencia #TransferenciasSinComisiones #CercaníaYConfianza",1,0,1,0,887
2025-07-16 19:18:00,bbva_peru,May 22,"🏠🚗🎒✨ No hay proyecto grande o pequeño, lo importante es seguir avanzando. Hoy estrenamos imagen y renovamos nuestro compromiso de acompañarte en cada paso, brindándote las herramientas que impulsan tus decisiones. ¿Avanzamos?",0,0,1,0,868
2025-07-16 19:18:00,bbva_peru,May 20,"Todos tenemos un proyecto que queremos hacer realidad👀 ¿Cuál de estos te motiva más? ¡Mejor aún, escribe el tuyo en los comentarios!",0,0,1,0,666
2025-07-16 19:18:00,bbva_peru,May 19,☝️ Con la Cuenta Independencia BBVA puedo realizar todas mis operaciones por canales físicos TOTALMENTE GRATIS.,1,0,0,0,783
2025-07-16 21:20:38,bbva_peru,Jul 15,¿A qué concierto irás usando los descuentos y beneficios de tus Tarjetas BBVA?,0,0,0,0,576
2025-07-16 21:20:38,bbva_peru,Jul 9,¿Cómo te convendría pagar los pasajes de tu viaje por Fiestas Patrias?,17,0,0,0,3.0K
2025-07-16 21:20:38,bbva_peru,Jun 25,"Mostremos nuestro orgullo todo el año. 🏳️‍🌈🏳️‍⚧️ En Be Yourself, ya impulsamos acciones internas para hacerlo posible, y seguiremos trabajando para que sea una realidad en todo el país. 💪😎

#BBVA #orgullo #pride",17,1,10,1,4.0K
2025-07-16 21:20:38,bbva_peru,Jun 24,"¿Avanzamos? Tus metas se hacen posible con la rentabilidad y seguridad que tiene la Cuenta Vip. Conoce más 👉 bbva.info/40jA8E9  😊

#BBVA #CuentaBBVA #VIP #metas",2,0,0,0,3.0K
2025-07-16 21:20:38,bbva_peru,Jun 18,"¿A qué zona irás en el concierto de Green Day?...
Por cierto, tus Tarjetas BBVA te dan beneficios para que puedas conseguir tus entradas. 😉🙌",3,0,0,0,2.0K
2025-07-16 21:20:38,bbva_peru,Jun 17,¿Qué cuenta sorteará en unas semanas 2 DEPAS DE ESTRENO solo por ahorrar?,1,0,1,0,1.0K
2025-07-16 21:20:38,bbva_peru,Jun 16,"Cuenta Independencia BBVA
¿Sabes todos los BENEFICIOS de la Cuenta Independencia BBVA? 

Descúbrelos aquí: bbva.info/4dUWLo4

¿Listo para avanzar?",2,0,0,0,1.0K
2025-07-16 21:20:38,bbva_peru,Jun 10,"Hay muchas formas de avanzar… y una de ellas es ganarte tu nuevo depa de estreno. 🏠💙 Abriendo tu Cuenta Ganadora, participas por 2 departamentos de estreno.

Conoce más aquí: bbva.info/45dZ3fT
#BBVA #CuentasBBVA #Avanzamos",0,0,0,0,1.0K
2025-07-16 21:20:38,bbva_peru,Jun 10,Cuando hay que pagar los servicios existen dos tipos de personas. ¿Cuál eres tú?,0,0,0,0,898
2025-07-16 21:20:38,bbva_peru,Jun 10,"¡Un depa puede ser tuyo! 🙌 Abriendo tu Cuenta Ganadora BBVA desde S/1500, ya estás participando. Ver más información en bbva.pe/cuentas 😉

#CuentasBBVA #BBVA #Avanzamos",0,0,0,0,922
2025-07-16 21:20:38,bbva_peru,Jun 6,"¿Listo para verlos actuar por el Día del Padre? 😊 Si ese día tienes que ir al banco ya sabes que puedes elegir en qué horario hacerlo con Turno Digital desde tu App BBVA. 😎📱

Conoce más aquí: bbva.info/42vhRpz
#BBVA #BancoBBVA #TurnoDigital #Tiempo",0,0,0,0,845
2025-07-16 21:20:38,bbva_peru,Jun 4,"¿Listo para ganar uno de los 2 DEPAS DE ESTRENO que la Cuenta Ganadora BBVA tiene para ti? ¡Abriendo tu cuenta desde S/1,500 participas al instante! 🏢😎

Ábrela Aquí: bbva.info/2kw78IE
#BBVA #BancoBBVA #CuentaGanadoraBBVA #Ahorrar #CuentaDeAhorros",4,0,0,0,786
2025-07-16 21:20:38,bbva_peru,Jun 2,"Tenemos una cuenta para acompañarte en cada manera de avanzar.

#BBVA #proyectos #avanzamos",2,0,3,0,908
2025-07-16 21:20:38,bbva_peru,May 28,Para hacer realidad tu próximo proyecto necesitas un banco que te acompañe con:,5,0,1,0,924
2025-07-16 21:20:38,bbva_peru,May 26,"¿Listo para hacer realidad cada uno de tus proyectos? En BBVA, nos renovamos para acompañarte en cada paso. 😎💪

#BBVA #proyectos #Avanzamos",0,0,2,0,905
2025-07-16 21:20:38,bbva_peru,May 23,Separar tu dinero para cubrir cada gasto del mes es posible con tu App BBVA y su función...,1,0,2,0,1.0K
2025-07-16 21:20:38,bbva_peru,May 23,"¿App o Agencia? 😎 Decide con LIBERTAD desde dónde hacer tus TRANSFERENCIAS TOTALMENTE GRATIS con la Cuenta Independencia BBVA. 💵😉

Abre tu cuenta aquí: bbva.info/32eZMcG
#BBVA #BancoBBVA #CuentaIndependencia #TransferenciasSinComisiones #CercaníaYConfianza",1,0,1,0,886
2025-07-16 21:20:38,bbva_peru,May 22,"🏠🚗🎒✨ No hay proyecto grande o pequeño, lo importante es seguir avanzando. Hoy estrenamos imagen y renovamos nuestro compromiso de acompañarte en cada paso, brindándote las herramientas que impulsan tus decisiones. ¿Avanzamos?",0,0,1,0,869
2025-07-16 21:20:38,bbva_peru,May 20,"Todos tenemos un proyecto que queremos hacer realidad👀 ¿Cuál de estos te motiva más? ¡Mejor aún, escribe el tuyo en los comentarios!",0,0,1,0,666
2025-07-16 21:20:38,bbva_peru,May 19,☝️ Con la Cuenta Independencia BBVA puedo realizar todas mis operaciones por canales físicos TOTALMENTE GRATIS.,1,0,0,0,784
2025-07-16 22:20:26,bbva_peru,Jul 15,¿A qué concierto irás usando los descuentos y beneficios de tus Tarjetas BBVA?,0,0,0,0,589
2025-07-16 22:20:26,bbva_peru,Jul 9,¿Cómo te convendría pagar los pasajes de tu viaje por Fiestas Patrias?,17,0,0,0,3.0K
2025-07-16 22:20:26,bbva_peru,Jun 25,"Mostremos nuestro orgullo todo el año. 🏳️‍🌈🏳️‍⚧️ En Be Yourself, ya impulsamos acciones internas para hacerlo posible, y seguiremos trabajando para que sea una realidad en todo el país. 💪😎

#BBVA #orgullo #pride",17,1,10,1,4.0K
2025-07-16 22:20:26,bbva_peru,Jun 24,"¿Avanzamos? Tus metas se hacen posible con la rentabilidad y seguridad que tiene la Cuenta Vip. Conoce más 👉 bbva.info/40jA8E9  😊

#BBVA #CuentaBBVA #VIP #metas",2,0,0,0,3.0K
2025-07-16 22:20:26,bbva_peru,Jun 18,"¿A qué zona irás en el concierto de Green Day?...
Por cierto, tus Tarjetas BBVA te dan beneficios para que puedas conseguir tus entradas. 😉🙌",3,0,0,0,2.0K
2025-07-16 22:20:26,bbva_peru,Jun 17,¿Qué cuenta sorteará en unas semanas 2 DEPAS DE ESTRENO solo por ahorrar?,1,0,1,0,1.0K
2025-07-16 22:20:26,bbva_peru,Jun 16,"Cuenta Independencia BBVA
¿Sabes todos los BENEFICIOS de la Cuenta Independencia BBVA? 

Descúbrelos aquí: bbva.info/4dUWLo4

¿Listo para avanzar?",2,0,0,0,1.0K
2025-07-16 22:20:26,bbva_peru,Jun 10,"Hay muchas formas de avanzar… y una de ellas es ganarte tu nuevo depa de estreno. 🏠💙 Abriendo tu Cuenta Ganadora, participas por 2 departamentos de estreno.

Conoce más aquí: bbva.info/45dZ3fT
#BBVA #CuentasBBVA #Avanzamos",0,0,0,0,1.0K
2025-07-16 22:20:26,bbva_peru,Jun 10,Cuando hay que pagar los servicios existen dos tipos de personas. ¿Cuál eres tú?,0,0,0,0,898
2025-07-16 22:20:26,bbva_peru,Jun 10,"¡Un depa puede ser tuyo! 🙌 Abriendo tu Cuenta Ganadora BBVA desde S/1500, ya estás participando. Ver más información en bbva.pe/cuentas 😉

#CuentasBBVA #BBVA #Avanzamos",0,0,0,0,923
2025-07-16 22:20:26,bbva_peru,Jun 6,"¿Listo para verlos actuar por el Día del Padre? 😊 Si ese día tienes que ir al banco ya sabes que puedes elegir en qué horario hacerlo con Turno Digital desde tu App BBVA. 😎📱

Conoce más aquí: bbva.info/42vhRpz
#BBVA #BancoBBVA #TurnoDigital #Tiempo",0,0,0,0,845
2025-07-16 22:20:26,bbva_peru,Jun 4,"¿Listo para ganar uno de los 2 DEPAS DE ESTRENO que la Cuenta Ganadora BBVA tiene para ti? ¡Abriendo tu cuenta desde S/1,500 participas al instante! 🏢😎

Ábrela Aquí: bbva.info/2kw78IE
#BBVA #BancoBBVA #CuentaGanadoraBBVA #Ahorrar #CuentaDeAhorros",4,0,0,0,786
2025-07-16 22:20:26,bbva_peru,Jun 2,"Tenemos una cuenta para acompañarte en cada manera de avanzar.

#BBVA #proyectos #avanzamos",2,0,3,0,909
2025-07-16 22:20:26,bbva_peru,May 28,Para hacer realidad tu próximo proyecto necesitas un banco que te acompañe con:,5,0,1,0,924
2025-07-16 22:20:26,bbva_peru,May 26,"¿Listo para hacer realidad cada uno de tus proyectos? En BBVA, nos renovamos para acompañarte en cada paso. 😎💪

#BBVA #proyectos #Avanzamos",0,0,2,0,905
2025-07-16 22:20:26,bbva_peru,May 23,Separar tu dinero para cubrir cada gasto del mes es posible con tu App BBVA y su función...,1,0,2,0,1.0K
2025-07-16 22:20:26,bbva_peru,May 23,"¿App o Agencia? 😎 Decide con LIBERTAD desde dónde hacer tus TRANSFERENCIAS TOTALMENTE GRATIS con la Cuenta Independencia BBVA. 💵😉

Abre tu cuenta aquí: bbva.info/32eZMcG
#BBVA #BancoBBVA #CuentaIndependencia #TransferenciasSinComisiones #CercaníaYConfianza",1,0,1,0,886
2025-07-16 22:20:26,bbva_peru,May 22,"🏠🚗🎒✨ No hay proyecto grande o pequeño, lo importante es seguir avanzando. Hoy estrenamos imagen y renovamos nuestro compromiso de acompañarte en cada paso, brindándote las herramientas que impulsan tus decisiones. ¿Avanzamos?",0,0,1,0,870
2025-07-16 22:20:26,bbva_peru,May 20,"Todos tenemos un proyecto que queremos hacer realidad👀 ¿Cuál de estos te motiva más? ¡Mejor aún, escribe el tuyo en los comentarios!",0,0,1,0,666
2025-07-16 22:20:26,bbva_peru,May 19,☝️ Con la Cuenta Independencia BBVA puedo realizar todas mis operaciones por canales físicos TOTALMENTE GRATIS.,1,0,0,0,784
2025-07-16 23:20:19,bbva_peru,Jul 15,¿A qué concierto irás usando los descuentos y beneficios de tus Tarjetas BBVA?,0,0,0,0,621
2025-07-16 23:20:19,bbva_peru,Jul 9,¿Cómo te convendría pagar los pasajes de tu viaje por Fiestas Patrias?,17,0,0,0,3.0K
2025-07-16 23:20:19,bbva_peru,Jun 25,"Mostremos nuestro orgullo todo el año. 🏳️‍🌈🏳️‍⚧️ En Be Yourself, ya impulsamos acciones internas para hacerlo posible, y seguiremos trabajando para que sea una realidad en todo el país. 💪😎

#BBVA #orgullo #pride",17,1,10,1,4.0K
2025-07-16 23:20:19,bbva_peru,Jun 24,"¿Avanzamos? Tus metas se hacen posible con la rentabilidad y seguridad que tiene la Cuenta Vip. Conoce más 👉 bbva.info/40jA8E9  😊

#BBVA #CuentaBBVA #VIP #metas",2,0,0,0,3.0K
2025-07-16 23:20:19,bbva_peru,Jun 18,"¿A qué zona irás en el concierto de Green Day?...
Por cierto, tus Tarjetas BBVA te dan beneficios para que puedas conseguir tus entradas. 😉🙌",3,0,0,0,2.0K
2025-07-16 23:20:19,bbva_peru,Jun 17,¿Qué cuenta sorteará en unas semanas 2 DEPAS DE ESTRENO solo por ahorrar?,1,0,1,0,1.0K
2025-07-16 23:20:19,bbva_peru,Jun 16,"Cuenta Independencia BBVA
¿Sabes todos los BENEFICIOS de la Cuenta Independencia BBVA? 

Descúbrelos aquí: bbva.info/4dUWLo4

¿Listo para avanzar?",2,0,0,0,1.0K
2025-07-16 23:20:19,bbva_peru,Jun 10,"Hay muchas formas de avanzar… y una de ellas es ganarte tu nuevo depa de estreno. 🏠💙 Abriendo tu Cuenta Ganadora, participas por 2 departamentos de estreno.

Conoce más aquí: bbva.info/45dZ3fT
#BBVA #CuentasBBVA #Avanzamos",0,0,0,0,1.0K
2025-07-16 23:20:19,bbva_peru,Jun 10,Cuando hay que pagar los servicios existen dos tipos de personas. ¿Cuál eres tú?,0,0,0,0,898
2025-07-16 23:20:19,bbva_peru,Jun 10,"¡Un depa puede ser tuyo! 🙌 Abriendo tu Cuenta Ganadora BBVA desde S/1500, ya estás participando. Ver más información en bbva.pe/cuentas 😉

#CuentasBBVA #BBVA #Avanzamos",0,0,0,0,923
2025-07-16 23:20:19,bbva_peru,Jun 6,"¿Listo para verlos actuar por el Día del Padre? 😊 Si ese día tienes que ir al banco ya sabes que puedes elegir en qué horario hacerlo con Turno Digital desde tu App BBVA. 😎📱

Conoce más aquí: bbva.info/42vhRpz
#BBVA #BancoBBVA #TurnoDigital #Tiempo",0,0,0,0,845
2025-07-16 23:20:19,bbva_peru,Jun 4,"¿Listo para ganar uno de los 2 DEPAS DE ESTRENO que la Cuenta Ganadora BBVA tiene para ti? ¡Abriendo tu cuenta desde S/1,500 participas al instante! 🏢😎

Ábrela Aquí: bbva.info/2kw78IE
#BBVA #BancoBBVA #CuentaGanadoraBBVA #Ahorrar #CuentaDeAhorros",4,0,0,0,786
2025-07-16 23:20:19,bbva_peru,Jun 2,"Tenemos una cuenta para acompañarte en cada manera de avanzar.

#BBVA #proyectos #avanzamos",2,0,3,0,909
2025-07-16 23:20:19,bbva_peru,May 28,Para hacer realidad tu próximo proyecto necesitas un banco que te acompañe con:,5,0,1,0,925
2025-07-16 23:20:19,bbva_peru,May 26,"¿Listo para hacer realidad cada uno de tus proyectos? En BBVA, nos renovamos para acompañarte en cada paso. 😎💪

#BBVA #proyectos #Avanzamos",0,0,2,0,906
2025-07-16 23:20:19,bbva_peru,May 23,Separar tu dinero para cubrir cada gasto del mes es posible con tu App BBVA y su función...,1,0,2,0,1.0K
2025-07-16 23:20:19,bbva_peru,May 23,"¿App o Agencia? 😎 Decide con LIBERTAD desde dónde hacer tus TRANSFERENCIAS TOTALMENTE GRATIS con la Cuenta Independencia BBVA. 💵😉

Abre tu cuenta aquí: bbva.info/32eZMcG
#BBVA #BancoBBVA #CuentaIndependencia #TransferenciasSinComisiones #CercaníaYConfianza",1,0,1,0,887
2025-07-16 23:20:19,bbva_peru,May 22,"🏠🚗🎒✨ No hay proyecto grande o pequeño, lo importante es seguir avanzando. Hoy estrenamos imagen y renovamos nuestro compromiso de acompañarte en cada paso, brindándote las herramientas que impulsan tus decisiones. ¿Avanzamos?",0,0,1,0,869
2025-07-16 23:20:19,bbva_peru,May 20,"Todos tenemos un proyecto que queremos hacer realidad👀 ¿Cuál de estos te motiva más? ¡Mejor aún, escribe el tuyo en los comentarios!",0,0,1,0,666
2025-07-16 23:20:19,bbva_peru,May 19,☝️ Con la Cuenta Independencia BBVA puedo realizar todas mis operaciones por canales físicos TOTALMENTE GRATIS.,1,0,0,0,783
2025-07-17 01:46:45,bbva_peru,Jul 15,¿A qué concierto irás usando los descuentos y beneficios de tus Tarjetas BBVA?,0,0,0,0,637
2025-07-17 01:46:45,bbva_peru,Jul 9,¿Cómo te convendría pagar los pasajes de tu viaje por Fiestas Patrias?,17,0,0,0,3.0K
2025-07-17 01:46:45,bbva_peru,Jun 25,"Mostremos nuestro orgullo todo el año. 🏳️‍🌈🏳️‍⚧️ En Be Yourself, ya impulsamos acciones internas para hacerlo posible, y seguiremos trabajando para que sea una realidad en todo el país. 💪😎

#BBVA #orgullo #pride",17,1,10,1,4.0K
2025-07-17 01:46:45,bbva_peru,Jun 24,"¿Avanzamos? Tus metas se hacen posible con la rentabilidad y seguridad que tiene la Cuenta Vip. Conoce más 👉 bbva.info/40jA8E9  😊

#BBVA #CuentaBBVA #VIP #metas",2,0,0,0,3.0K
2025-07-17 01:46:45,bbva_peru,Jun 18,"¿A qué zona irás en el concierto de Green Day?...
Por cierto, tus Tarjetas BBVA te dan beneficios para que puedas conseguir tus entradas. 😉🙌",3,0,0,0,2.0K
2025-07-17 01:46:45,bbva_peru,Jun 17,¿Qué cuenta sorteará en unas semanas 2 DEPAS DE ESTRENO solo por ahorrar?,1,0,1,0,1.0K
2025-07-17 01:46:45,bbva_peru,Jun 16,"Cuenta Independencia BBVA
¿Sabes todos los BENEFICIOS de la Cuenta Independencia BBVA? 

Descúbrelos aquí: bbva.info/4dUWLo4

¿Listo para avanzar?",2,0,0,0,1.0K
2025-07-17 01:46:45,bbva_peru,Jun 10,"Hay muchas formas de avanzar… y una de ellas es ganarte tu nuevo depa de estreno. 🏠💙 Abriendo tu Cuenta Ganadora, participas por 2 departamentos de estreno.

Conoce más aquí: bbva.info/45dZ3fT
#BBVA #CuentasBBVA #Avanzamos",0,0,0,0,1.0K
2025-07-17 01:46:45,bbva_peru,Jun 10,Cuando hay que pagar los servicios existen dos tipos de personas. ¿Cuál eres tú?,0,0,0,0,899
2025-07-17 01:46:45,bbva_peru,Jun 10,"¡Un depa puede ser tuyo! 🙌 Abriendo tu Cuenta Ganadora BBVA desde S/1500, ya estás participando. Ver más información en bbva.pe/cuentas 😉

#CuentasBBVA #BBVA #Avanzamos",0,0,0,0,924
2025-07-17 01:46:45,bbva_peru,Jun 6,"¿Listo para verlos actuar por el Día del Padre? 😊 Si ese día tienes que ir al banco ya sabes que puedes elegir en qué horario hacerlo con Turno Digital desde tu App BBVA. 😎📱

Conoce más aquí: bbva.info/42vhRpz
#BBVA #BancoBBVA #TurnoDigital #Tiempo",0,0,0,0,846
2025-07-17 01:46:45,bbva_peru,Jun 4,"¿Listo para ganar uno de los 2 DEPAS DE ESTRENO que la Cuenta Ganadora BBVA tiene para ti? ¡Abriendo tu cuenta desde S/1,500 participas al instante! 🏢😎

Ábrela Aquí: bbva.info/2kw78IE
#BBVA #BancoBBVA #CuentaGanadoraBBVA #Ahorrar #CuentaDeAhorros",4,0,0,0,787
2025-07-17 01:46:45,bbva_peru,Jun 2,"Tenemos una cuenta para acompañarte en cada manera de avanzar.

#BBVA #proyectos #avanzamos",2,0,3,0,911
2025-07-17 01:46:45,bbva_peru,May 28,Para hacer realidad tu próximo proyecto necesitas un banco que te acompañe con:,5,0,1,0,926
2025-07-17 01:46:45,bbva_peru,May 26,"¿Listo para hacer realidad cada uno de tus proyectos? En BBVA, nos renovamos para acompañarte en cada paso. 😎💪

#BBVA #proyectos #Avanzamos",0,0,2,0,907
2025-07-17 01:46:45,bbva_peru,May 23,Separar tu dinero para cubrir cada gasto del mes es posible con tu App BBVA y su función...,1,0,2,0,1.0K
2025-07-17 01:46:45,bbva_peru,May 23,"¿App o Agencia? 😎 Decide con LIBERTAD desde dónde hacer tus TRANSFERENCIAS TOTALMENTE GRATIS con la Cuenta Independencia BBVA. 💵😉

Abre tu cuenta aquí: bbva.info/32eZMcG
#BBVA #BancoBBVA #CuentaIndependencia #TransferenciasSinComisiones #CercaníaYConfianza",1,0,1,0,887
2025-07-17 01:46:45,bbva_peru,May 22,"🏠🚗🎒✨ No hay proyecto grande o pequeño, lo importante es seguir avanzando. Hoy estrenamos imagen y renovamos nuestro compromiso de acompañarte en cada paso, brindándote las herramientas que impulsan tus decisiones. ¿Avanzamos?",0,0,1,0,872
2025-07-17 01:46:45,bbva_peru,May 20,"Todos tenemos un proyecto que queremos hacer realidad👀 ¿Cuál de estos te motiva más? ¡Mejor aún, escribe el tuyo en los comentarios!",0,0,1,0,667
2025-07-17 01:46:45,bbva_peru,May 19,☝️ Con la Cuenta Independencia BBVA puedo realizar todas mis operaciones por canales físicos TOTALMENTE GRATIS.,1,0,0,0,785
2025-07-17 04:38:03,bbva_peru,Jul 15,¿A qué concierto irás usando los descuentos y beneficios de tus Tarjetas BBVA?,0,0,0,0,656
2025-07-17 04:38:03,bbva_peru,Jul 9,¿Cómo te convendría pagar los pasajes de tu viaje por Fiestas Patrias?,17,0,0,0,3.0K
2025-07-17 04:38:03,bbva_peru,Jun 25,"Mostremos nuestro orgullo todo el año. 🏳️‍🌈🏳️‍⚧️ En Be Yourself, ya impulsamos acciones internas para hacerlo posible, y seguiremos trabajando para que sea una realidad en todo el país. 💪😎

#BBVA #orgullo #pride",17,1,10,1,4.0K
2025-07-17 04:38:03,bbva_peru,Jun 24,"¿Avanzamos? Tus metas se hacen posible con la rentabilidad y seguridad que tiene la Cuenta Vip. Conoce más 👉 bbva.info/40jA8E9  😊

#BBVA #CuentaBBVA #VIP #metas",2,0,0,0,3.0K
2025-07-17 04:38:03,bbva_peru,Jun 18,"¿A qué zona irás en el concierto de Green Day?...
Por cierto, tus Tarjetas BBVA te dan beneficios para que puedas conseguir tus entradas. 😉🙌",3,0,0,0,2.0K
2025-07-17 04:38:03,bbva_peru,Jun 17,¿Qué cuenta sorteará en unas semanas 2 DEPAS DE ESTRENO solo por ahorrar?,1,0,1,0,1.0K
2025-07-17 04:38:03,bbva_peru,Jun 16,"Cuenta Independencia BBVA
¿Sabes todos los BENEFICIOS de la Cuenta Independencia BBVA? 

Descúbrelos aquí: bbva.info/4dUWLo4

¿Listo para avanzar?",2,0,0,0,1.0K
2025-07-17 04:38:03,bbva_peru,Jun 10,"Hay muchas formas de avanzar… y una de ellas es ganarte tu nuevo depa de estreno. 🏠💙 Abriendo tu Cuenta Ganadora, participas por 2 departamentos de estreno.

Conoce más aquí: bbva.info/45dZ3fT
#BBVA #CuentasBBVA #Avanzamos",0,0,0,0,1.0K
2025-07-17 04:38:03,bbva_peru,Jun 10,Cuando hay que pagar los servicios existen dos tipos de personas. ¿Cuál eres tú?,0,0,0,0,901
2025-07-17 04:38:03,bbva_peru,Jun 10,"¡Un depa puede ser tuyo! 🙌 Abriendo tu Cuenta Ganadora BBVA desde S/1500, ya estás participando. Ver más información en bbva.pe/cuentas 😉

#CuentasBBVA #BBVA #Avanzamos",0,0,0,0,926
2025-07-17 04:38:03,bbva_peru,Jun 6,"¿Listo para verlos actuar por el Día del Padre? 😊 Si ese día tienes que ir al banco ya sabes que puedes elegir en qué horario hacerlo con Turno Digital desde tu App BBVA. 😎📱

Conoce más aquí: bbva.info/42vhRpz
#BBVA #BancoBBVA #TurnoDigital #Tiempo",0,0,0,0,850
2025-07-17 04:38:03,bbva_peru,Jun 4,"¿Listo para ganar uno de los 2 DEPAS DE ESTRENO que la Cuenta Ganadora BBVA tiene para ti? ¡Abriendo tu cuenta desde S/1,500 participas al instante! 🏢😎

Ábrela Aquí: bbva.info/2kw78IE
#BBVA #BancoBBVA #CuentaGanadoraBBVA #Ahorrar #CuentaDeAhorros",4,0,0,0,791
2025-07-17 04:38:03,bbva_peru,Jun 2,"Tenemos una cuenta para acompañarte en cada manera de avanzar.

#BBVA #proyectos #avanzamos",2,0,3,0,913
2025-07-17 04:38:03,bbva_peru,May 28,Para hacer realidad tu próximo proyecto necesitas un banco que te acompañe con:,5,0,1,0,930
2025-07-17 04:38:03,bbva_peru,May 26,"¿Listo para hacer realidad cada uno de tus proyectos? En BBVA, nos renovamos para acompañarte en cada paso. 😎💪

#BBVA #proyectos #Avanzamos",0,0,2,0,909
2025-07-17 04:38:03,bbva_peru,May 23,Separar tu dinero para cubrir cada gasto del mes es posible con tu App BBVA y su función...,1,0,2,0,1.0K
2025-07-17 04:38:03,bbva_peru,May 23,"¿App o Agencia? 😎 Decide con LIBERTAD desde dónde hacer tus TRANSFERENCIAS TOTALMENTE GRATIS con la Cuenta Independencia BBVA. 💵😉

Abre tu cuenta aquí: bbva.info/32eZMcG
#BBVA #BancoBBVA #CuentaIndependencia #TransferenciasSinComisiones #CercaníaYConfianza",1,0,1,0,890
2025-07-17 04:38:03,bbva_peru,May 22,"🏠🚗🎒✨ No hay proyecto grande o pequeño, lo importante es seguir avanzando. Hoy estrenamos imagen y renovamos nuestro compromiso de acompañarte en cada paso, brindándote las herramientas que impulsan tus decisiones. ¿Avanzamos?",0,0,1,0,873
2025-07-17 04:38:03,bbva_peru,May 20,"Todos tenemos un proyecto que queremos hacer realidad👀 ¿Cuál de estos te motiva más? ¡Mejor aún, escribe el tuyo en los comentarios!",0,0,1,0,667
2025-07-17 04:38:03,bbva_peru,May 19,☝️ Con la Cuenta Independencia BBVA puedo realizar todas mis operaciones por canales físicos TOTALMENTE GRATIS.,1,0,0,0,785
2025-07-17 05:25:23,bbva_peru,Jul 15,¿A qué concierto irás usando los descuentos y beneficios de tus Tarjetas BBVA?,0,0,0,0,656
2025-07-17 05:25:23,bbva_peru,Jul 9,¿Cómo te convendría pagar los pasajes de tu viaje por Fiestas Patrias?,17,0,0,0,3.0K
2025-07-17 05:25:23,bbva_peru,Jun 25,"Mostremos nuestro orgullo todo el año. 🏳️‍🌈🏳️‍⚧️ En Be Yourself, ya impulsamos acciones internas para hacerlo posible, y seguiremos trabajando para que sea una realidad en todo el país. 💪😎

#BBVA #orgullo #pride",17,1,10,1,4.0K
2025-07-17 05:25:23,bbva_peru,Jun 24,"¿Avanzamos? Tus metas se hacen posible con la rentabilidad y seguridad que tiene la Cuenta Vip. Conoce más 👉 bbva.info/40jA8E9  😊

#BBVA #CuentaBBVA #VIP #metas",2,0,0,0,3.0K
2025-07-17 05:25:23,bbva_peru,Jun 18,"¿A qué zona irás en el concierto de Green Day?...
Por cierto, tus Tarjetas BBVA te dan beneficios para que puedas conseguir tus entradas. 😉🙌",3,0,0,0,2.0K
2025-07-17 05:25:23,bbva_peru,Jun 17,¿Qué cuenta sorteará en unas semanas 2 DEPAS DE ESTRENO solo por ahorrar?,1,0,1,0,1.0K
2025-07-17 05:25:23,bbva_peru,Jun 16,"Cuenta Independencia BBVA
¿Sabes todos los BENEFICIOS de la Cuenta Independencia BBVA? 

Descúbrelos aquí: bbva.info/4dUWLo4

¿Listo para avanzar?",2,0,0,0,1.0K
2025-07-17 05:25:23,bbva_peru,Jun 10,"Hay muchas formas de avanzar… y una de ellas es ganarte tu nuevo depa de estreno. 🏠💙 Abriendo tu Cuenta Ganadora, participas por 2 departamentos de estreno.

Conoce más aquí: bbva.info/45dZ3fT
#BBVA #CuentasBBVA #Avanzamos",0,0,0,0,1.0K
2025-07-17 05:25:23,bbva_peru,Jun 10,Cuando hay que pagar los servicios existen dos tipos de personas. ¿Cuál eres tú?,0,0,0,0,901
2025-07-17 05:25:23,bbva_peru,Jun 10,"¡Un depa puede ser tuyo! 🙌 Abriendo tu Cuenta Ganadora BBVA desde S/1500, ya estás participando. Ver más información en bbva.pe/cuentas 😉

#CuentasBBVA #BBVA #Avanzamos",0,0,0,0,926
2025-07-17 05:25:23,bbva_peru,Jun 6,"¿Listo para verlos actuar por el Día del Padre? 😊 Si ese día tienes que ir al banco ya sabes que puedes elegir en qué horario hacerlo con Turno Digital desde tu App BBVA. 😎📱

Conoce más aquí: bbva.info/42vhRpz
#BBVA #BancoBBVA #TurnoDigital #Tiempo",0,0,0,0,850
2025-07-17 05:25:23,bbva_peru,Jun 4,"¿Listo para ganar uno de los 2 DEPAS DE ESTRENO que la Cuenta Ganadora BBVA tiene para ti? ¡Abriendo tu cuenta desde S/1,500 participas al instante! 🏢😎

Ábrela Aquí: bbva.info/2kw78IE
#BBVA #BancoBBVA #CuentaGanadoraBBVA #Ahorrar #CuentaDeAhorros",4,0,0,0,791
2025-07-17 05:25:23,bbva_peru,Jun 2,"Tenemos una cuenta para acompañarte en cada manera de avanzar.

#BBVA #proyectos #avanzamos",2,0,3,0,913
2025-07-17 05:25:23,bbva_peru,May 28,Para hacer realidad tu próximo proyecto necesitas un banco que te acompañe con:,5,0,1,0,930
2025-07-17 05:25:23,bbva_peru,May 26,"¿Listo para hacer realidad cada uno de tus proyectos? En BBVA, nos renovamos para acompañarte en cada paso. 😎💪

#BBVA #proyectos #Avanzamos",0,0,2,0,909
2025-07-17 05:25:23,bbva_peru,May 23,Separar tu dinero para cubrir cada gasto del mes es posible con tu App BBVA y su función...,1,0,2,0,1.0K
2025-07-17 05:25:23,bbva_peru,May 23,"¿App o Agencia? 😎 Decide con LIBERTAD desde dónde hacer tus TRANSFERENCIAS TOTALMENTE GRATIS con la Cuenta Independencia BBVA. 💵😉

Abre tu cuenta aquí: bbva.info/32eZMcG
#BBVA #BancoBBVA #CuentaIndependencia #TransferenciasSinComisiones #CercaníaYConfianza",1,0,1,0,890
2025-07-17 05:25:23,bbva_peru,May 22,"🏠🚗🎒✨ No hay proyecto grande o pequeño, lo importante es seguir avanzando. Hoy estrenamos imagen y renovamos nuestro compromiso de acompañarte en cada paso, brindándote las herramientas que impulsan tus decisiones. ¿Avanzamos?",0,0,1,0,873
2025-07-17 05:25:23,bbva_peru,May 20,"Todos tenemos un proyecto que queremos hacer realidad👀 ¿Cuál de estos te motiva más? ¡Mejor aún, escribe el tuyo en los comentarios!",0,0,1,0,667
2025-07-17 05:25:23,bbva_peru,May 19,☝️ Con la Cuenta Independencia BBVA puedo realizar todas mis operaciones por canales físicos TOTALMENTE GRATIS.,1,0,0,0,785
2025-07-17 06:31:53,bbva_peru,Jul 15,¿A qué concierto irás usando los descuentos y beneficios de tus Tarjetas BBVA?,0,0,0,0,656
2025-07-17 06:31:53,bbva_peru,Jul 9,¿Cómo te convendría pagar los pasajes de tu viaje por Fiestas Patrias?,17,0,0,0,3.0K
2025-07-17 06:31:53,bbva_peru,Jun 25,"Mostremos nuestro orgullo todo el año. 🏳️‍🌈🏳️‍⚧️ En Be Yourself, ya impulsamos acciones internas para hacerlo posible, y seguiremos trabajando para que sea una realidad en todo el país. 💪😎

#BBVA #orgullo #pride",17,1,10,1,4.0K
2025-07-17 06:31:53,bbva_peru,Jun 24,"¿Avanzamos? Tus metas se hacen posible con la rentabilidad y seguridad que tiene la Cuenta Vip. Conoce más 👉 bbva.info/40jA8E9  😊

#BBVA #CuentaBBVA #VIP #metas",2,0,0,0,3.0K
2025-07-17 06:31:53,bbva_peru,Jun 18,"¿A qué zona irás en el concierto de Green Day?...
Por cierto, tus Tarjetas BBVA te dan beneficios para que puedas conseguir tus entradas. 😉🙌",3,0,0,0,2.0K
2025-07-17 06:31:53,bbva_peru,Jun 17,¿Qué cuenta sorteará en unas semanas 2 DEPAS DE ESTRENO solo por ahorrar?,1,0,1,0,1.0K
2025-07-17 06:31:53,bbva_peru,Jun 16,"Cuenta Independencia BBVA
¿Sabes todos los BENEFICIOS de la Cuenta Independencia BBVA? 

Descúbrelos aquí: bbva.info/4dUWLo4

¿Listo para avanzar?",2,0,0,0,1.0K
2025-07-17 06:31:53,bbva_peru,Jun 10,"Hay muchas formas de avanzar… y una de ellas es ganarte tu nuevo depa de estreno. 🏠💙 Abriendo tu Cuenta Ganadora, participas por 2 departamentos de estreno.

Conoce más aquí: bbva.info/45dZ3fT
#BBVA #CuentasBBVA #Avanzamos",0,0,0,0,1.0K
2025-07-17 06:31:53,bbva_peru,Jun 10,Cuando hay que pagar los servicios existen dos tipos de personas. ¿Cuál eres tú?,0,0,0,0,901
2025-07-17 06:31:53,bbva_peru,Jun 10,"¡Un depa puede ser tuyo! 🙌 Abriendo tu Cuenta Ganadora BBVA desde S/1500, ya estás participando. Ver más información en bbva.pe/cuentas 😉

#CuentasBBVA #BBVA #Avanzamos",0,0,0,0,926
2025-07-17 06:31:53,bbva_peru,Jun 6,"¿Listo para verlos actuar por el Día del Padre? 😊 Si ese día tienes que ir al banco ya sabes que puedes elegir en qué horario hacerlo con Turno Digital desde tu App BBVA. 😎📱

Conoce más aquí: bbva.info/42vhRpz
#BBVA #BancoBBVA #TurnoDigital #Tiempo",0,0,0,0,850
2025-07-17 06:31:53,bbva_peru,Jun 4,"¿Listo para ganar uno de los 2 DEPAS DE ESTRENO que la Cuenta Ganadora BBVA tiene para ti? ¡Abriendo tu cuenta desde S/1,500 participas al instante! 🏢😎

Ábrela Aquí: bbva.info/2kw78IE
#BBVA #BancoBBVA #CuentaGanadoraBBVA #Ahorrar #CuentaDeAhorros",4,0,0,0,791
2025-07-17 06:31:53,bbva_peru,Jun 2,"Tenemos una cuenta para acompañarte en cada manera de avanzar.

#BBVA #proyectos #avanzamos",2,0,3,0,913
2025-07-17 06:31:53,bbva_peru,May 28,Para hacer realidad tu próximo proyecto necesitas un banco que te acompañe con:,5,0,1,0,930
2025-07-17 06:31:53,bbva_peru,May 26,"¿Listo para hacer realidad cada uno de tus proyectos? En BBVA, nos renovamos para acompañarte en cada paso. 😎💪

#BBVA #proyectos #Avanzamos",0,0,2,0,909
2025-07-17 06:31:53,bbva_peru,May 23,Separar tu dinero para cubrir cada gasto del mes es posible con tu App BBVA y su función...,1,0,2,0,1.0K
2025-07-17 06:31:53,bbva_peru,May 23,"¿App o Agencia? 😎 Decide con LIBERTAD desde dónde hacer tus TRANSFERENCIAS TOTALMENTE GRATIS con la Cuenta Independencia BBVA. 💵😉

Abre tu cuenta aquí: bbva.info/32eZMcG
#BBVA #BancoBBVA #CuentaIndependencia #TransferenciasSinComisiones #CercaníaYConfianza",1,0,1,0,890
2025-07-17 06:31:53,bbva_peru,May 22,"🏠🚗🎒✨ No hay proyecto grande o pequeño, lo importante es seguir avanzando. Hoy estrenamos imagen y renovamos nuestro compromiso de acompañarte en cada paso, brindándote las herramientas que impulsan tus decisiones. ¿Avanzamos?",0,0,1,0,873
2025-07-17 06:31:53,bbva_peru,May 20,"Todos tenemos un proyecto que queremos hacer realidad👀 ¿Cuál de estos te motiva más? ¡Mejor aún, escribe el tuyo en los comentarios!",0,0,1,0,667
2025-07-17 06:31:53,bbva_peru,May 19,☝️ Con la Cuenta Independencia BBVA puedo realizar todas mis operaciones por canales físicos TOTALMENTE GRATIS.,1,0,0,0,785
2025-07-17 07:22:23,bbva_peru,Jul 15,¿A qué concierto irás usando los descuentos y beneficios de tus Tarjetas BBVA?,0,0,0,0,657
2025-07-17 07:22:23,bbva_peru,Jul 9,¿Cómo te convendría pagar los pasajes de tu viaje por Fiestas Patrias?,17,0,0,0,3.0K
2025-07-17 07:22:23,bbva_peru,Jun 25,"Mostremos nuestro orgullo todo el año. 🏳️‍🌈🏳️‍⚧️ En Be Yourself, ya impulsamos acciones internas para hacerlo posible, y seguiremos trabajando para que sea una realidad en todo el país. 💪😎

#BBVA #orgullo #pride",17,1,10,1,4.0K
2025-07-17 07:22:23,bbva_peru,Jun 24,"¿Avanzamos? Tus metas se hacen posible con la rentabilidad y seguridad que tiene la Cuenta Vip. Conoce más 👉 bbva.info/40jA8E9  😊

#BBVA #CuentaBBVA #VIP #metas",2,0,0,0,3.0K
2025-07-17 07:22:23,bbva_peru,Jun 18,"¿A qué zona irás en el concierto de Green Day?...
Por cierto, tus Tarjetas BBVA te dan beneficios para que puedas conseguir tus entradas. 😉🙌",3,0,0,0,2.0K
2025-07-17 07:22:23,bbva_peru,Jun 17,¿Qué cuenta sorteará en unas semanas 2 DEPAS DE ESTRENO solo por ahorrar?,1,0,1,0,2.0K
2025-07-17 07:22:23,bbva_peru,Jun 16,"Cuenta Independencia BBVA
¿Sabes todos los BENEFICIOS de la Cuenta Independencia BBVA? 

Descúbrelos aquí: bbva.info/4dUWLo4

¿Listo para avanzar?",2,0,0,0,1.0K
2025-07-17 07:22:23,bbva_peru,Jun 10,"Hay muchas formas de avanzar… y una de ellas es ganarte tu nuevo depa de estreno. 🏠💙 Abriendo tu Cuenta Ganadora, participas por 2 departamentos de estreno.

Conoce más aquí: bbva.info/45dZ3fT
#BBVA #CuentasBBVA #Avanzamos",0,0,0,0,1.0K
2025-07-17 07:22:23,bbva_peru,Jun 10,Cuando hay que pagar los servicios existen dos tipos de personas. ¿Cuál eres tú?,0,0,0,0,901
2025-07-17 07:22:23,bbva_peru,Jun 10,"¡Un depa puede ser tuyo! 🙌 Abriendo tu Cuenta Ganadora BBVA desde S/1500, ya estás participando. Ver más información en bbva.pe/cuentas 😉

#CuentasBBVA #BBVA #Avanzamos",0,0,0,0,926
2025-07-17 07:22:23,bbva_peru,Jun 6,"¿Listo para verlos actuar por el Día del Padre? 😊 Si ese día tienes que ir al banco ya sabes que puedes elegir en qué horario hacerlo con Turno Digital desde tu App BBVA. 😎📱

Conoce más aquí: bbva.info/42vhRpz
#BBVA #BancoBBVA #TurnoDigital #Tiempo",0,0,0,0,850
2025-07-17 07:22:23,bbva_peru,Jun 4,"¿Listo para ganar uno de los 2 DEPAS DE ESTRENO que la Cuenta Ganadora BBVA tiene para ti? ¡Abriendo tu cuenta desde S/1,500 participas al instante! 🏢😎

Ábrela Aquí: bbva.info/2kw78IE
#BBVA #BancoBBVA #CuentaGanadoraBBVA #Ahorrar #CuentaDeAhorros",4,0,0,0,791
2025-07-17 07:22:23,bbva_peru,Jun 2,"Tenemos una cuenta para acompañarte en cada manera de avanzar.

#BBVA #proyectos #avanzamos",2,0,3,0,913
2025-07-17 07:22:23,bbva_peru,May 28,Para hacer realidad tu próximo proyecto necesitas un banco que te acompañe con:,5,0,1,0,930
2025-07-17 07:22:23,bbva_peru,May 26,"¿Listo para hacer realidad cada uno de tus proyectos? En BBVA, nos renovamos para acompañarte en cada paso. 😎💪

#BBVA #proyectos #Avanzamos",0,0,2,0,910
2025-07-17 07:22:23,bbva_peru,May 23,Separar tu dinero para cubrir cada gasto del mes es posible con tu App BBVA y su función...,1,0,2,0,1.0K
2025-07-17 07:22:23,bbva_peru,May 23,"¿App o Agencia? 😎 Decide con LIBERTAD desde dónde hacer tus TRANSFERENCIAS TOTALMENTE GRATIS con la Cuenta Independencia BBVA. 💵😉

Abre tu cuenta aquí: bbva.info/32eZMcG
#BBVA #BancoBBVA #CuentaIndependencia #TransferenciasSinComisiones #CercaníaYConfianza",1,0,1,0,890
2025-07-17 07:22:23,bbva_peru,May 22,"🏠🚗🎒✨ No hay proyecto grande o pequeño, lo importante es seguir avanzando. Hoy estrenamos imagen y renovamos nuestro compromiso de acompañarte en cada paso, brindándote las herramientas que impulsan tus decisiones. ¿Avanzamos?",0,0,1,0,873
2025-07-17 07:22:23,bbva_peru,May 20,"Todos tenemos un proyecto que queremos hacer realidad👀 ¿Cuál de estos te motiva más? ¡Mejor aún, escribe el tuyo en los comentarios!",0,0,1,0,666
2025-07-17 07:22:23,bbva_peru,May 19,☝️ Con la Cuenta Independencia BBVA puedo realizar todas mis operaciones por canales físicos TOTALMENTE GRATIS.,1,0,0,0,784
2025-07-17 08:28:55,bbva_peru,Jul 15,¿A qué concierto irás usando los descuentos y beneficios de tus Tarjetas BBVA?,0,0,0,0,658
2025-07-17 08:28:55,bbva_peru,Jul 9,¿Cómo te convendría pagar los pasajes de tu viaje por Fiestas Patrias?,17,0,0,0,3.0K
2025-07-17 08:28:55,bbva_peru,Jun 25,"Mostremos nuestro orgullo todo el año. 🏳️‍🌈🏳️‍⚧️ En Be Yourself, ya impulsamos acciones internas para hacerlo posible, y seguiremos trabajando para que sea una realidad en todo el país. 💪😎

#BBVA #orgullo #pride",17,1,10,1,4.0K
2025-07-17 08:28:55,bbva_peru,Jun 24,"¿Avanzamos? Tus metas se hacen posible con la rentabilidad y seguridad que tiene la Cuenta Vip. Conoce más 👉 bbva.info/40jA8E9  😊

#BBVA #CuentaBBVA #VIP #metas",2,0,0,0,3.0K
2025-07-17 08:28:55,bbva_peru,Jun 18,"¿A qué zona irás en el concierto de Green Day?...
Por cierto, tus Tarjetas BBVA te dan beneficios para que puedas conseguir tus entradas. 😉🙌",3,0,0,0,2.0K
2025-07-17 08:28:55,bbva_peru,Jun 17,¿Qué cuenta sorteará en unas semanas 2 DEPAS DE ESTRENO solo por ahorrar?,1,0,1,0,2.0K
2025-07-17 08:28:55,bbva_peru,Jun 16,"Cuenta Independencia BBVA
¿Sabes todos los BENEFICIOS de la Cuenta Independencia BBVA? 

Descúbrelos aquí: bbva.info/4dUWLo4

¿Listo para avanzar?",2,0,0,0,1.0K
2025-07-17 08:28:55,bbva_peru,Jun 10,"Hay muchas formas de avanzar… y una de ellas es ganarte tu nuevo depa de estreno. 🏠💙 Abriendo tu Cuenta Ganadora, participas por 2 departamentos de estreno.

Conoce más aquí: bbva.info/45dZ3fT
#BBVA #CuentasBBVA #Avanzamos",0,0,0,0,1.0K
2025-07-17 08:28:55,bbva_peru,Jun 10,Cuando hay que pagar los servicios existen dos tipos de personas. ¿Cuál eres tú?,0,0,0,0,901
2025-07-17 08:28:55,bbva_peru,Jun 10,"¡Un depa puede ser tuyo! 🙌 Abriendo tu Cuenta Ganadora BBVA desde S/1500, ya estás participando. Ver más información en bbva.pe/cuentas 😉

#CuentasBBVA #BBVA #Avanzamos",0,0,0,0,926
2025-07-17 08:28:55,bbva_peru,Jun 6,"¿Listo para verlos actuar por el Día del Padre? 😊 Si ese día tienes que ir al banco ya sabes que puedes elegir en qué horario hacerlo con Turno Digital desde tu App BBVA. 😎📱

Conoce más aquí: bbva.info/42vhRpz
#BBVA #BancoBBVA #TurnoDigital #Tiempo",0,0,0,0,850
2025-07-17 08:28:55,bbva_peru,Jun 4,"¿Listo para ganar uno de los 2 DEPAS DE ESTRENO que la Cuenta Ganadora BBVA tiene para ti? ¡Abriendo tu cuenta desde S/1,500 participas al instante! 🏢😎

Ábrela Aquí: bbva.info/2kw78IE
#BBVA #BancoBBVA #CuentaGanadoraBBVA #Ahorrar #CuentaDeAhorros",4,0,0,0,791
2025-07-17 08:28:55,bbva_peru,Jun 2,"Tenemos una cuenta para acompañarte en cada manera de avanzar.

#BBVA #proyectos #avanzamos",2,0,3,0,913
2025-07-17 08:28:55,bbva_peru,May 28,Para hacer realidad tu próximo proyecto necesitas un banco que te acompañe con:,5,0,1,0,930
2025-07-17 08:28:55,bbva_peru,May 26,"¿Listo para hacer realidad cada uno de tus proyectos? En BBVA, nos renovamos para acompañarte en cada paso. 😎💪

#BBVA #proyectos #Avanzamos",0,0,2,0,910
2025-07-17 08:28:55,bbva_peru,May 23,Separar tu dinero para cubrir cada gasto del mes es posible con tu App BBVA y su función...,1,0,2,0,1.0K
2025-07-17 08:28:55,bbva_peru,May 23,"¿App o Agencia? 😎 Decide con LIBERTAD desde dónde hacer tus TRANSFERENCIAS TOTALMENTE GRATIS con la Cuenta Independencia BBVA. 💵😉

Abre tu cuenta aquí: bbva.info/32eZMcG
#BBVA #BancoBBVA #CuentaIndependencia #TransferenciasSinComisiones #CercaníaYConfianza",1,0,1,0,890
2025-07-17 08:28:55,bbva_peru,May 22,"🏠🚗🎒✨ No hay proyecto grande o pequeño, lo importante es seguir avanzando. Hoy estrenamos imagen y renovamos nuestro compromiso de acompañarte en cada paso, brindándote las herramientas que impulsan tus decisiones. ¿Avanzamos?",0,0,1,0,873
2025-07-17 08:28:55,bbva_peru,May 20,"Todos tenemos un proyecto que queremos hacer realidad👀 ¿Cuál de estos te motiva más? ¡Mejor aún, escribe el tuyo en los comentarios!",0,0,1,0,666
2025-07-17 08:28:55,bbva_peru,May 19,☝️ Con la Cuenta Independencia BBVA puedo realizar todas mis operaciones por canales físicos TOTALMENTE GRATIS.,1,0,0,0,784
2025-07-17 09:25:19,bbva_peru,Jul 15,¿A qué concierto irás usando los descuentos y beneficios de tus Tarjetas BBVA?,0,0,0,0,659
2025-07-17 09:25:19,bbva_peru,Jul 9,¿Cómo te convendría pagar los pasajes de tu viaje por Fiestas Patrias?,17,0,0,0,3.0K
2025-07-17 09:25:19,bbva_peru,Jun 25,"Mostremos nuestro orgullo todo el año. 🏳️‍🌈🏳️‍⚧️ En Be Yourself, ya impulsamos acciones internas para hacerlo posible, y seguiremos trabajando para que sea una realidad en todo el país. 💪😎

#BBVA #orgullo #pride",17,1,10,1,4.0K
2025-07-17 09:25:19,bbva_peru,Jun 24,"¿Avanzamos? Tus metas se hacen posible con la rentabilidad y seguridad que tiene la Cuenta Vip. Conoce más 👉 bbva.info/40jA8E9  😊

#BBVA #CuentaBBVA #VIP #metas",2,0,0,0,3.0K
2025-07-17 09:25:19,bbva_peru,Jun 18,"¿A qué zona irás en el concierto de Green Day?...
Por cierto, tus Tarjetas BBVA te dan beneficios para que puedas conseguir tus entradas. 😉🙌",3,0,0,0,2.0K
2025-07-17 09:25:19,bbva_peru,Jun 17,¿Qué cuenta sorteará en unas semanas 2 DEPAS DE ESTRENO solo por ahorrar?,1,0,1,0,2.0K
2025-07-17 09:25:19,bbva_peru,Jun 16,"Cuenta Independencia BBVA
¿Sabes todos los BENEFICIOS de la Cuenta Independencia BBVA? 

Descúbrelos aquí: bbva.info/4dUWLo4

¿Listo para avanzar?",2,0,0,0,1.0K
2025-07-17 09:25:19,bbva_peru,Jun 10,"Hay muchas formas de avanzar… y una de ellas es ganarte tu nuevo depa de estreno. 🏠💙 Abriendo tu Cuenta Ganadora, participas por 2 departamentos de estreno.

Conoce más aquí: bbva.info/45dZ3fT
#BBVA #CuentasBBVA #Avanzamos",0,0,0,0,1.0K
2025-07-17 09:25:19,bbva_peru,Jun 10,Cuando hay que pagar los servicios existen dos tipos de personas. ¿Cuál eres tú?,0,0,0,0,901
2025-07-17 09:25:19,bbva_peru,Jun 10,"¡Un depa puede ser tuyo! 🙌 Abriendo tu Cuenta Ganadora BBVA desde S/1500, ya estás participando. Ver más información en bbva.pe/cuentas 😉

#CuentasBBVA #BBVA #Avanzamos",0,0,0,0,926
2025-07-17 09:25:19,bbva_peru,Jun 6,"¿Listo para verlos actuar por el Día del Padre? 😊 Si ese día tienes que ir al banco ya sabes que puedes elegir en qué horario hacerlo con Turno Digital desde tu App BBVA. 😎📱

Conoce más aquí: bbva.info/42vhRpz
#BBVA #BancoBBVA #TurnoDigital #Tiempo",0,0,0,0,850
2025-07-17 09:25:19,bbva_peru,Jun 4,"¿Listo para ganar uno de los 2 DEPAS DE ESTRENO que la Cuenta Ganadora BBVA tiene para ti? ¡Abriendo tu cuenta desde S/1,500 participas al instante! 🏢😎

Ábrela Aquí: bbva.info/2kw78IE
#BBVA #BancoBBVA #CuentaGanadoraBBVA #Ahorrar #CuentaDeAhorros",4,0,0,0,791
2025-07-17 09:25:19,bbva_peru,Jun 2,"Tenemos una cuenta para acompañarte en cada manera de avanzar.

#BBVA #proyectos #avanzamos",2,0,3,0,913
2025-07-17 09:25:19,bbva_peru,May 28,Para hacer realidad tu próximo proyecto necesitas un banco que te acompañe con:,5,0,1,0,930
2025-07-17 09:25:19,bbva_peru,May 26,"¿Listo para hacer realidad cada uno de tus proyectos? En BBVA, nos renovamos para acompañarte en cada paso. 😎💪

#BBVA #proyectos #Avanzamos",0,0,2,0,910
2025-07-17 09:25:19,bbva_peru,May 23,Separar tu dinero para cubrir cada gasto del mes es posible con tu App BBVA y su función...,1,0,2,0,1.0K
2025-07-17 09:25:19,bbva_peru,May 23,"¿App o Agencia? 😎 Decide con LIBERTAD desde dónde hacer tus TRANSFERENCIAS TOTALMENTE GRATIS con la Cuenta Independencia BBVA. 💵😉

Abre tu cuenta aquí: bbva.info/32eZMcG
#BBVA #BancoBBVA #CuentaIndependencia #TransferenciasSinComisiones #CercaníaYConfianza",1,0,1,0,890
2025-07-17 09:25:19,bbva_peru,May 22,"🏠🚗🎒✨ No hay proyecto grande o pequeño, lo importante es seguir avanzando. Hoy estrenamos imagen y renovamos nuestro compromiso de acompañarte en cada paso, brindándote las herramientas que impulsan tus decisiones. ¿Avanzamos?",0,0,1,0,873
2025-07-17 09:25:19,bbva_peru,May 20,"Todos tenemos un proyecto que queremos hacer realidad👀 ¿Cuál de estos te motiva más? ¡Mejor aún, escribe el tuyo en los comentarios!",0,0,1,0,666
2025-07-17 09:25:19,bbva_peru,May 19,☝️ Con la Cuenta Independencia BBVA puedo realizar todas mis operaciones por canales físicos TOTALMENTE GRATIS.,1,0,0,0,784
2025-07-17 10:23:55,bbva_peru,Jul 15,¿A qué concierto irás usando los descuentos y beneficios de tus Tarjetas BBVA?,0,0,0,0,659
2025-07-17 10:23:55,bbva_peru,Jul 9,¿Cómo te convendría pagar los pasajes de tu viaje por Fiestas Patrias?,17,0,0,0,3.0K
2025-07-17 10:23:55,bbva_peru,Jun 25,"Mostremos nuestro orgullo todo el año. 🏳️‍🌈🏳️‍⚧️ En Be Yourself, ya impulsamos acciones internas para hacerlo posible, y seguiremos trabajando para que sea una realidad en todo el país. 💪😎

#BBVA #orgullo #pride",17,1,10,1,4.0K
2025-07-17 10:23:55,bbva_peru,Jun 24,"¿Avanzamos? Tus metas se hacen posible con la rentabilidad y seguridad que tiene la Cuenta Vip. Conoce más 👉 bbva.info/40jA8E9  😊

#BBVA #CuentaBBVA #VIP #metas",2,0,0,0,3.0K
2025-07-17 10:23:55,bbva_peru,Jun 18,"¿A qué zona irás en el concierto de Green Day?...
Por cierto, tus Tarjetas BBVA te dan beneficios para que puedas conseguir tus entradas. 😉🙌",3,0,0,0,2.0K
2025-07-17 10:23:55,bbva_peru,Jun 17,¿Qué cuenta sorteará en unas semanas 2 DEPAS DE ESTRENO solo por ahorrar?,1,0,1,0,2.0K
2025-07-17 10:23:55,bbva_peru,Jun 16,"Cuenta Independencia BBVA
¿Sabes todos los BENEFICIOS de la Cuenta Independencia BBVA? 

Descúbrelos aquí: bbva.info/4dUWLo4

¿Listo para avanzar?",2,0,0,0,1.0K
2025-07-17 10:23:55,bbva_peru,Jun 10,"Hay muchas formas de avanzar… y una de ellas es ganarte tu nuevo depa de estreno. 🏠💙 Abriendo tu Cuenta Ganadora, participas por 2 departamentos de estreno.

Conoce más aquí: bbva.info/45dZ3fT
#BBVA #CuentasBBVA #Avanzamos",0,0,0,0,1.0K
2025-07-17 10:23:55,bbva_peru,Jun 10,Cuando hay que pagar los servicios existen dos tipos de personas. ¿Cuál eres tú?,0,0,0,0,901
2025-07-17 10:23:55,bbva_peru,Jun 10,"¡Un depa puede ser tuyo! 🙌 Abriendo tu Cuenta Ganadora BBVA desde S/1500, ya estás participando. Ver más información en bbva.pe/cuentas 😉

#CuentasBBVA #BBVA #Avanzamos",0,0,0,0,926
2025-07-17 10:23:55,bbva_peru,Jun 6,"¿Listo para verlos actuar por el Día del Padre? 😊 Si ese día tienes que ir al banco ya sabes que puedes elegir en qué horario hacerlo con Turno Digital desde tu App BBVA. 😎📱

Conoce más aquí: bbva.info/42vhRpz
#BBVA #BancoBBVA #TurnoDigital #Tiempo",0,0,0,0,850
2025-07-17 10:23:55,bbva_peru,Jun 4,"¿Listo para ganar uno de los 2 DEPAS DE ESTRENO que la Cuenta Ganadora BBVA tiene para ti? ¡Abriendo tu cuenta desde S/1,500 participas al instante! 🏢😎

Ábrela Aquí: bbva.info/2kw78IE
#BBVA #BancoBBVA #CuentaGanadoraBBVA #Ahorrar #CuentaDeAhorros",4,0,0,0,791
2025-07-17 10:23:55,bbva_peru,Jun 2,"Tenemos una cuenta para acompañarte en cada manera de avanzar.

#BBVA #proyectos #avanzamos",2,0,3,0,913
2025-07-17 10:23:55,bbva_peru,May 28,Para hacer realidad tu próximo proyecto necesitas un banco que te acompañe con:,5,0,1,0,930
2025-07-17 10:23:55,bbva_peru,May 26,"¿Listo para hacer realidad cada uno de tus proyectos? En BBVA, nos renovamos para acompañarte en cada paso. 😎💪

#BBVA #proyectos #Avanzamos",0,0,2,0,909
2025-07-17 10:23:55,bbva_peru,May 23,Separar tu dinero para cubrir cada gasto del mes es posible con tu App BBVA y su función...,1,0,2,0,1.0K
2025-07-17 10:23:55,bbva_peru,May 23,"¿App o Agencia? 😎 Decide con LIBERTAD desde dónde hacer tus TRANSFERENCIAS TOTALMENTE GRATIS con la Cuenta Independencia BBVA. 💵😉

Abre tu cuenta aquí: bbva.info/32eZMcG
#BBVA #BancoBBVA #CuentaIndependencia #TransferenciasSinComisiones #CercaníaYConfianza",1,0,1,0,890
2025-07-17 10:23:55,bbva_peru,May 22,"🏠🚗🎒✨ No hay proyecto grande o pequeño, lo importante es seguir avanzando. Hoy estrenamos imagen y renovamos nuestro compromiso de acompañarte en cada paso, brindándote las herramientas que impulsan tus decisiones. ¿Avanzamos?",0,0,1,0,873
2025-07-17 10:23:55,bbva_peru,May 20,"Todos tenemos un proyecto que queremos hacer realidad👀 ¿Cuál de estos te motiva más? ¡Mejor aún, escribe el tuyo en los comentarios!",0,0,1,0,667
2025-07-17 10:23:55,bbva_peru,May 19,☝️ Con la Cuenta Independencia BBVA puedo realizar todas mis operaciones por canales físicos TOTALMENTE GRATIS.,1,0,0,0,785
2025-07-17 11:19:24,bbva_peru,Jul 15,¿A qué concierto irás usando los descuentos y beneficios de tus Tarjetas BBVA?,0,0,0,0,659
2025-07-17 11:19:24,bbva_peru,Jul 9,¿Cómo te convendría pagar los pasajes de tu viaje por Fiestas Patrias?,17,0,0,0,3.0K
2025-07-17 11:19:24,bbva_peru,Jun 25,"Mostremos nuestro orgullo todo el año. 🏳️‍🌈🏳️‍⚧️ En Be Yourself, ya impulsamos acciones internas para hacerlo posible, y seguiremos trabajando para que sea una realidad en todo el país. 💪😎

#BBVA #orgullo #pride",17,1,10,1,4.0K
2025-07-17 11:19:24,bbva_peru,Jun 24,"¿Avanzamos? Tus metas se hacen posible con la rentabilidad y seguridad que tiene la Cuenta Vip. Conoce más 👉 bbva.info/40jA8E9  😊

#BBVA #CuentaBBVA #VIP #metas",2,0,0,0,3.0K
2025-07-17 11:19:24,bbva_peru,Jun 18,"¿A qué zona irás en el concierto de Green Day?...
Por cierto, tus Tarjetas BBVA te dan beneficios para que puedas conseguir tus entradas. 😉🙌",3,0,0,0,2.0K
2025-07-17 11:19:24,bbva_peru,Jun 17,¿Qué cuenta sorteará en unas semanas 2 DEPAS DE ESTRENO solo por ahorrar?,1,0,1,0,2.0K
2025-07-17 11:19:24,bbva_peru,Jun 16,"Cuenta Independencia BBVA
¿Sabes todos los BENEFICIOS de la Cuenta Independencia BBVA? 

Descúbrelos aquí: bbva.info/4dUWLo4

¿Listo para avanzar?",2,0,0,0,1.0K
2025-07-17 11:19:24,bbva_peru,Jun 10,"Hay muchas formas de avanzar… y una de ellas es ganarte tu nuevo depa de estreno. 🏠💙 Abriendo tu Cuenta Ganadora, participas por 2 departamentos de estreno.

Conoce más aquí: bbva.info/45dZ3fT
#BBVA #CuentasBBVA #Avanzamos",0,0,0,0,1.0K
2025-07-17 11:19:24,bbva_peru,Jun 10,Cuando hay que pagar los servicios existen dos tipos de personas. ¿Cuál eres tú?,0,0,0,0,901
2025-07-17 11:19:24,bbva_peru,Jun 10,"¡Un depa puede ser tuyo! 🙌 Abriendo tu Cuenta Ganadora BBVA desde S/1500, ya estás participando. Ver más información en bbva.pe/cuentas 😉

#CuentasBBVA #BBVA #Avanzamos",0,0,0,0,926
2025-07-17 11:19:24,bbva_peru,Jun 6,"¿Listo para verlos actuar por el Día del Padre? 😊 Si ese día tienes que ir al banco ya sabes que puedes elegir en qué horario hacerlo con Turno Digital desde tu App BBVA. 😎📱

Conoce más aquí: bbva.info/42vhRpz
#BBVA #BancoBBVA #TurnoDigital #Tiempo",0,0,0,0,850
2025-07-17 11:19:24,bbva_peru,Jun 4,"¿Listo para ganar uno de los 2 DEPAS DE ESTRENO que la Cuenta Ganadora BBVA tiene para ti? ¡Abriendo tu cuenta desde S/1,500 participas al instante! 🏢😎

Ábrela Aquí: bbva.info/2kw78IE
#BBVA #BancoBBVA #CuentaGanadoraBBVA #Ahorrar #CuentaDeAhorros",4,0,0,0,791
2025-07-17 11:19:24,bbva_peru,Jun 2,"Tenemos una cuenta para acompañarte en cada manera de avanzar.

#BBVA #proyectos #avanzamos",2,0,3,0,913
2025-07-17 11:19:24,bbva_peru,May 28,Para hacer realidad tu próximo proyecto necesitas un banco que te acompañe con:,5,0,1,0,930
2025-07-17 11:19:24,bbva_peru,May 26,"¿Listo para hacer realidad cada uno de tus proyectos? En BBVA, nos renovamos para acompañarte en cada paso. 😎💪

#BBVA #proyectos #Avanzamos",0,0,2,0,909
2025-07-17 11:19:24,bbva_peru,May 23,Separar tu dinero para cubrir cada gasto del mes es posible con tu App BBVA y su función...,1,0,2,0,1.0K
2025-07-17 11:19:24,bbva_peru,May 23,"¿App o Agencia? 😎 Decide con LIBERTAD desde dónde hacer tus TRANSFERENCIAS TOTALMENTE GRATIS con la Cuenta Independencia BBVA. 💵😉

Abre tu cuenta aquí: bbva.info/32eZMcG
#BBVA #BancoBBVA #CuentaIndependencia #TransferenciasSinComisiones #CercaníaYConfianza",1,0,1,0,890
2025-07-17 11:19:24,bbva_peru,May 22,"🏠🚗🎒✨ No hay proyecto grande o pequeño, lo importante es seguir avanzando. Hoy estrenamos imagen y renovamos nuestro compromiso de acompañarte en cada paso, brindándote las herramientas que impulsan tus decisiones. ¿Avanzamos?",0,0,1,0,873
2025-07-17 11:19:24,bbva_peru,May 20,"Todos tenemos un proyecto que queremos hacer realidad👀 ¿Cuál de estos te motiva más? ¡Mejor aún, escribe el tuyo en los comentarios!",0,0,1,0,667
2025-07-17 11:19:24,bbva_peru,May 19,☝️ Con la Cuenta Independencia BBVA puedo realizar todas mis operaciones por canales físicos TOTALMENTE GRATIS.,1,0,0,0,785
2025-07-17 12:42:47,bbva_peru,Jul 15,¿A qué concierto irás usando los descuentos y beneficios de tus Tarjetas BBVA?,0,0,0,0,663
2025-07-17 12:42:47,bbva_peru,Jul 9,¿Cómo te convendría pagar los pasajes de tu viaje por Fiestas Patrias?,17,0,0,0,3.0K
2025-07-17 12:42:47,bbva_peru,Jun 25,"Mostremos nuestro orgullo todo el año. 🏳️‍🌈🏳️‍⚧️ En Be Yourself, ya impulsamos acciones internas para hacerlo posible, y seguiremos trabajando para que sea una realidad en todo el país. 💪😎

#BBVA #orgullo #pride",17,1,10,1,4.0K
2025-07-17 12:42:47,bbva_peru,Jun 24,"¿Avanzamos? Tus metas se hacen posible con la rentabilidad y seguridad que tiene la Cuenta Vip. Conoce más 👉 bbva.info/40jA8E9  😊

#BBVA #CuentaBBVA #VIP #metas",2,0,0,0,3.0K
2025-07-17 12:42:47,bbva_peru,Jun 18,"¿A qué zona irás en el concierto de Green Day?...
Por cierto, tus Tarjetas BBVA te dan beneficios para que puedas conseguir tus entradas. 😉🙌",3,0,0,0,2.0K
2025-07-17 12:42:47,bbva_peru,Jun 17,¿Qué cuenta sorteará en unas semanas 2 DEPAS DE ESTRENO solo por ahorrar?,1,0,1,0,2.0K
2025-07-17 12:42:47,bbva_peru,Jun 16,"Cuenta Independencia BBVA
¿Sabes todos los BENEFICIOS de la Cuenta Independencia BBVA? 

Descúbrelos aquí: bbva.info/4dUWLo4

¿Listo para avanzar?",2,0,0,0,1.0K
2025-07-17 12:42:47,bbva_peru,Jun 10,"Hay muchas formas de avanzar… y una de ellas es ganarte tu nuevo depa de estreno. 🏠💙 Abriendo tu Cuenta Ganadora, participas por 2 departamentos de estreno.

Conoce más aquí: bbva.info/45dZ3fT
#BBVA #CuentasBBVA #Avanzamos",0,0,0,0,1.0K
2025-07-17 12:42:47,bbva_peru,Jun 10,Cuando hay que pagar los servicios existen dos tipos de personas. ¿Cuál eres tú?,0,0,0,0,901
2025-07-17 12:42:47,bbva_peru,Jun 10,"¡Un depa puede ser tuyo! 🙌 Abriendo tu Cuenta Ganadora BBVA desde S/1500, ya estás participando. Ver más información en bbva.pe/cuentas 😉

#CuentasBBVA #BBVA #Avanzamos",0,0,0,0,926
2025-07-17 12:42:47,bbva_peru,Jun 6,"¿Listo para verlos actuar por el Día del Padre? 😊 Si ese día tienes que ir al banco ya sabes que puedes elegir en qué horario hacerlo con Turno Digital desde tu App BBVA. 😎📱

Conoce más aquí: bbva.info/42vhRpz
#BBVA #BancoBBVA #TurnoDigital #Tiempo",0,0,0,0,850
2025-07-17 12:42:47,bbva_peru,Jun 4,"¿Listo para ganar uno de los 2 DEPAS DE ESTRENO que la Cuenta Ganadora BBVA tiene para ti? ¡Abriendo tu cuenta desde S/1,500 participas al instante! 🏢😎

Ábrela Aquí: bbva.info/2kw78IE
#BBVA #BancoBBVA #CuentaGanadoraBBVA #Ahorrar #CuentaDeAhorros",4,0,0,0,791
2025-07-17 12:42:47,bbva_peru,Jun 2,"Tenemos una cuenta para acompañarte en cada manera de avanzar.

#BBVA #proyectos #avanzamos",2,0,3,0,913
2025-07-17 12:42:47,bbva_peru,May 28,Para hacer realidad tu próximo proyecto necesitas un banco que te acompañe con:,5,0,1,0,930
2025-07-17 12:42:47,bbva_peru,May 26,"¿Listo para hacer realidad cada uno de tus proyectos? En BBVA, nos renovamos para acompañarte en cada paso. 😎💪

#BBVA #proyectos #Avanzamos",0,0,2,0,909
2025-07-17 12:42:47,bbva_peru,May 23,Separar tu dinero para cubrir cada gasto del mes es posible con tu App BBVA y su función...,1,0,2,0,1.0K
2025-07-17 12:42:47,bbva_peru,May 23,"¿App o Agencia? 😎 Decide con LIBERTAD desde dónde hacer tus TRANSFERENCIAS TOTALMENTE GRATIS con la Cuenta Independencia BBVA. 💵😉

Abre tu cuenta aquí: bbva.info/32eZMcG
#BBVA #BancoBBVA #CuentaIndependencia #TransferenciasSinComisiones #CercaníaYConfianza",1,0,1,0,890
2025-07-17 12:42:47,bbva_peru,May 22,"🏠🚗🎒✨ No hay proyecto grande o pequeño, lo importante es seguir avanzando. Hoy estrenamos imagen y renovamos nuestro compromiso de acompañarte en cada paso, brindándote las herramientas que impulsan tus decisiones. ¿Avanzamos?",0,0,1,0,873
2025-07-17 12:42:47,bbva_peru,May 20,"Todos tenemos un proyecto que queremos hacer realidad👀 ¿Cuál de estos te motiva más? ¡Mejor aún, escribe el tuyo en los comentarios!",0,0,1,0,667
2025-07-17 12:42:47,bbva_peru,May 19,☝️ Con la Cuenta Independencia BBVA puedo realizar todas mis operaciones por canales físicos TOTALMENTE GRATIS.,1,0,0,0,785
2025-07-17 13:37:25,bbva_peru,Jul 15,¿A qué concierto irás usando los descuentos y beneficios de tus Tarjetas BBVA?,0,0,0,0,665
2025-07-17 13:37:25,bbva_peru,Jul 9,¿Cómo te convendría pagar los pasajes de tu viaje por Fiestas Patrias?,17,0,0,0,3.0K
2025-07-17 13:37:25,bbva_peru,Jun 25,"Mostremos nuestro orgullo todo el año. 🏳️‍🌈🏳️‍⚧️ En Be Yourself, ya impulsamos acciones internas para hacerlo posible, y seguiremos trabajando para que sea una realidad en todo el país. 💪😎

#BBVA #orgullo #pride",17,1,10,1,4.0K
2025-07-17 13:37:25,bbva_peru,Jun 24,"¿Avanzamos? Tus metas se hacen posible con la rentabilidad y seguridad que tiene la Cuenta Vip. Conoce más 👉 bbva.info/40jA8E9  😊

#BBVA #CuentaBBVA #VIP #metas",2,0,0,0,3.0K
2025-07-17 13:37:25,bbva_peru,Jun 18,"¿A qué zona irás en el concierto de Green Day?...
Por cierto, tus Tarjetas BBVA te dan beneficios para que puedas conseguir tus entradas. 😉🙌",3,0,0,0,2.0K
2025-07-17 13:37:25,bbva_peru,Jun 17,¿Qué cuenta sorteará en unas semanas 2 DEPAS DE ESTRENO solo por ahorrar?,1,0,1,0,2.0K
2025-07-17 13:37:25,bbva_peru,Jun 16,"Cuenta Independencia BBVA
¿Sabes todos los BENEFICIOS de la Cuenta Independencia BBVA? 

Descúbrelos aquí: bbva.info/4dUWLo4

¿Listo para avanzar?",2,0,0,0,1.0K
2025-07-17 13:37:25,bbva_peru,Jun 10,"Hay muchas formas de avanzar… y una de ellas es ganarte tu nuevo depa de estreno. 🏠💙 Abriendo tu Cuenta Ganadora, participas por 2 departamentos de estreno.

Conoce más aquí: bbva.info/45dZ3fT
#BBVA #CuentasBBVA #Avanzamos",0,0,0,0,1.0K
2025-07-17 13:37:25,bbva_peru,Jun 10,Cuando hay que pagar los servicios existen dos tipos de personas. ¿Cuál eres tú?,0,0,0,0,901
2025-07-17 13:37:25,bbva_peru,Jun 10,"¡Un depa puede ser tuyo! 🙌 Abriendo tu Cuenta Ganadora BBVA desde S/1500, ya estás participando. Ver más información en bbva.pe/cuentas 😉

#CuentasBBVA #BBVA #Avanzamos",0,0,0,0,926
2025-07-17 13:37:25,bbva_peru,Jun 6,"¿Listo para verlos actuar por el Día del Padre? 😊 Si ese día tienes que ir al banco ya sabes que puedes elegir en qué horario hacerlo con Turno Digital desde tu App BBVA. 😎📱

Conoce más aquí: bbva.info/42vhRpz
#BBVA #BancoBBVA #TurnoDigital #Tiempo",0,0,0,0,850
2025-07-17 13:37:25,bbva_peru,Jun 4,"¿Listo para ganar uno de los 2 DEPAS DE ESTRENO que la Cuenta Ganadora BBVA tiene para ti? ¡Abriendo tu cuenta desde S/1,500 participas al instante! 🏢😎

Ábrela Aquí: bbva.info/2kw78IE
#BBVA #BancoBBVA #CuentaGanadoraBBVA #Ahorrar #CuentaDeAhorros",4,0,0,0,791
2025-07-17 13:37:25,bbva_peru,Jun 2,"Tenemos una cuenta para acompañarte en cada manera de avanzar.

#BBVA #proyectos #avanzamos",2,0,3,0,913
2025-07-17 13:37:25,bbva_peru,May 28,Para hacer realidad tu próximo proyecto necesitas un banco que te acompañe con:,5,0,1,0,930
2025-07-17 13:37:25,bbva_peru,May 26,"¿Listo para hacer realidad cada uno de tus proyectos? En BBVA, nos renovamos para acompañarte en cada paso. 😎💪

#BBVA #proyectos #Avanzamos",0,0,2,0,910
2025-07-17 13:37:25,bbva_peru,May 23,Separar tu dinero para cubrir cada gasto del mes es posible con tu App BBVA y su función...,1,0,2,0,1.0K
2025-07-17 13:37:25,bbva_peru,May 23,"¿App o Agencia? 😎 Decide con LIBERTAD desde dónde hacer tus TRANSFERENCIAS TOTALMENTE GRATIS con la Cuenta Independencia BBVA. 💵😉

Abre tu cuenta aquí: bbva.info/32eZMcG
#BBVA #BancoBBVA #CuentaIndependencia #TransferenciasSinComisiones #CercaníaYConfianza",1,0,1,0,890
2025-07-17 13:37:25,bbva_peru,May 22,"🏠🚗🎒✨ No hay proyecto grande o pequeño, lo importante es seguir avanzando. Hoy estrenamos imagen y renovamos nuestro compromiso de acompañarte en cada paso, brindándote las herramientas que impulsan tus decisiones. ¿Avanzamos?",0,0,1,0,873
2025-07-17 13:37:25,bbva_peru,May 20,"Todos tenemos un proyecto que queremos hacer realidad👀 ¿Cuál de estos te motiva más? ¡Mejor aún, escribe el tuyo en los comentarios!",0,0,1,0,666
2025-07-17 13:37:25,bbva_peru,May 19,☝️ Con la Cuenta Independencia BBVA puedo realizar todas mis operaciones por canales físicos TOTALMENTE GRATIS.,1,0,0,0,784
2025-07-17 14:19:46,bbva_peru,Jul 15,¿A qué concierto irás usando los descuentos y beneficios de tus Tarjetas BBVA?,0,0,0,0,667
2025-07-17 14:19:46,bbva_peru,Jul 9,¿Cómo te convendría pagar los pasajes de tu viaje por Fiestas Patrias?,17,0,0,0,3.0K
2025-07-17 14:19:46,bbva_peru,Jun 25,"Mostremos nuestro orgullo todo el año. 🏳️‍🌈🏳️‍⚧️ En Be Yourself, ya impulsamos acciones internas para hacerlo posible, y seguiremos trabajando para que sea una realidad en todo el país. 💪😎

#BBVA #orgullo #pride",17,1,10,1,4.0K
2025-07-17 14:19:46,bbva_peru,Jun 24,"¿Avanzamos? Tus metas se hacen posible con la rentabilidad y seguridad que tiene la Cuenta Vip. Conoce más 👉 bbva.info/40jA8E9  😊

#BBVA #CuentaBBVA #VIP #metas",2,0,0,0,3.0K
2025-07-17 14:19:46,bbva_peru,Jun 18,"¿A qué zona irás en el concierto de Green Day?...
Por cierto, tus Tarjetas BBVA te dan beneficios para que puedas conseguir tus entradas. 😉🙌",3,0,0,0,2.0K
2025-07-17 14:19:46,bbva_peru,Jun 17,¿Qué cuenta sorteará en unas semanas 2 DEPAS DE ESTRENO solo por ahorrar?,1,0,1,0,2.0K
2025-07-17 14:19:46,bbva_peru,Jun 16,"Cuenta Independencia BBVA
¿Sabes todos los BENEFICIOS de la Cuenta Independencia BBVA? 

Descúbrelos aquí: bbva.info/4dUWLo4

¿Listo para avanzar?",2,0,0,0,1.0K
2025-07-17 14:19:46,bbva_peru,Jun 10,"Hay muchas formas de avanzar… y una de ellas es ganarte tu nuevo depa de estreno. 🏠💙 Abriendo tu Cuenta Ganadora, participas por 2 departamentos de estreno.

Conoce más aquí: bbva.info/45dZ3fT
#BBVA #CuentasBBVA #Avanzamos",0,0,0,0,1.0K
2025-07-17 14:19:46,bbva_peru,Jun 10,Cuando hay que pagar los servicios existen dos tipos de personas. ¿Cuál eres tú?,0,0,0,0,901
2025-07-17 14:19:46,bbva_peru,Jun 10,"¡Un depa puede ser tuyo! 🙌 Abriendo tu Cuenta Ganadora BBVA desde S/1500, ya estás participando. Ver más información en bbva.pe/cuentas 😉

#CuentasBBVA #BBVA #Avanzamos",0,0,0,0,926
2025-07-17 14:19:46,bbva_peru,Jun 6,"¿Listo para verlos actuar por el Día del Padre? 😊 Si ese día tienes que ir al banco ya sabes que puedes elegir en qué horario hacerlo con Turno Digital desde tu App BBVA. 😎📱

Conoce más aquí: bbva.info/42vhRpz
#BBVA #BancoBBVA #TurnoDigital #Tiempo",0,0,0,0,850
2025-07-17 14:19:46,bbva_peru,Jun 4,"¿Listo para ganar uno de los 2 DEPAS DE ESTRENO que la Cuenta Ganadora BBVA tiene para ti? ¡Abriendo tu cuenta desde S/1,500 participas al instante! 🏢😎

Ábrela Aquí: bbva.info/2kw78IE
#BBVA #BancoBBVA #CuentaGanadoraBBVA #Ahorrar #CuentaDeAhorros",4,0,0,0,791
2025-07-17 14:19:46,bbva_peru,Jun 2,"Tenemos una cuenta para acompañarte en cada manera de avanzar.

#BBVA #proyectos #avanzamos",2,0,3,0,913
2025-07-17 14:19:46,bbva_peru,May 28,Para hacer realidad tu próximo proyecto necesitas un banco que te acompañe con:,5,0,1,0,930
2025-07-17 14:19:46,bbva_peru,May 26,"¿Listo para hacer realidad cada uno de tus proyectos? En BBVA, nos renovamos para acompañarte en cada paso. 😎💪

#BBVA #proyectos #Avanzamos",0,0,2,0,910
2025-07-17 14:19:46,bbva_peru,May 23,Separar tu dinero para cubrir cada gasto del mes es posible con tu App BBVA y su función...,1,0,2,0,1.0K
2025-07-17 14:19:46,bbva_peru,May 23,"¿App o Agencia? 😎 Decide con LIBERTAD desde dónde hacer tus TRANSFERENCIAS TOTALMENTE GRATIS con la Cuenta Independencia BBVA. 💵😉

Abre tu cuenta aquí: bbva.info/32eZMcG
#BBVA #BancoBBVA #CuentaIndependencia #TransferenciasSinComisiones #CercaníaYConfianza",1,0,1,0,890
2025-07-17 14:19:46,bbva_peru,May 22,"🏠🚗🎒✨ No hay proyecto grande o pequeño, lo importante es seguir avanzando. Hoy estrenamos imagen y renovamos nuestro compromiso de acompañarte en cada paso, brindándote las herramientas que impulsan tus decisiones. ¿Avanzamos?",0,0,1,0,873
2025-07-17 14:19:46,bbva_peru,May 20,"Todos tenemos un proyecto que queremos hacer realidad👀 ¿Cuál de estos te motiva más? ¡Mejor aún, escribe el tuyo en los comentarios!",0,0,1,0,666
2025-07-17 14:19:46,bbva_peru,May 19,☝️ Con la Cuenta Independencia BBVA puedo realizar todas mis operaciones por canales físicos TOTALMENTE GRATIS.,1,0,0,0,784
2025-07-17 15:23:28,bbva_peru,Jul 15,¿A qué concierto irás usando los descuentos y beneficios de tus Tarjetas BBVA?,0,0,0,0,669
2025-07-17 15:23:28,bbva_peru,Jul 9,¿Cómo te convendría pagar los pasajes de tu viaje por Fiestas Patrias?,17,0,0,0,3.0K
2025-07-17 15:23:28,bbva_peru,Jun 25,"Mostremos nuestro orgullo todo el año. 🏳️‍🌈🏳️‍⚧️ En Be Yourself, ya impulsamos acciones internas para hacerlo posible, y seguiremos trabajando para que sea una realidad en todo el país. 💪😎

#BBVA #orgullo #pride",17,1,10,1,4.0K
2025-07-17 15:23:28,bbva_peru,Jun 24,"¿Avanzamos? Tus metas se hacen posible con la rentabilidad y seguridad que tiene la Cuenta Vip. Conoce más 👉 bbva.info/40jA8E9  😊

#BBVA #CuentaBBVA #VIP #metas",2,0,0,0,3.0K
2025-07-17 15:23:28,bbva_peru,Jun 18,"¿A qué zona irás en el concierto de Green Day?...
Por cierto, tus Tarjetas BBVA te dan beneficios para que puedas conseguir tus entradas. 😉🙌",3,0,0,0,2.0K
2025-07-17 15:23:28,bbva_peru,Jun 17,¿Qué cuenta sorteará en unas semanas 2 DEPAS DE ESTRENO solo por ahorrar?,1,0,1,0,2.0K
2025-07-17 15:23:28,bbva_peru,Jun 16,"Cuenta Independencia BBVA
¿Sabes todos los BENEFICIOS de la Cuenta Independencia BBVA? 

Descúbrelos aquí: bbva.info/4dUWLo4

¿Listo para avanzar?",2,0,0,0,1.0K
2025-07-17 15:23:28,bbva_peru,Jun 10,"Hay muchas formas de avanzar… y una de ellas es ganarte tu nuevo depa de estreno. 🏠💙 Abriendo tu Cuenta Ganadora, participas por 2 departamentos de estreno.

Conoce más aquí: bbva.info/45dZ3fT
#BBVA #CuentasBBVA #Avanzamos",0,0,0,0,1.0K
2025-07-17 15:23:28,bbva_peru,Jun 10,Cuando hay que pagar los servicios existen dos tipos de personas. ¿Cuál eres tú?,0,0,0,0,902
2025-07-17 15:23:28,bbva_peru,Jun 10,"¡Un depa puede ser tuyo! 🙌 Abriendo tu Cuenta Ganadora BBVA desde S/1500, ya estás participando. Ver más información en bbva.pe/cuentas 😉

#CuentasBBVA #BBVA #Avanzamos",0,0,0,0,928
2025-07-17 15:23:28,bbva_peru,Jun 6,"¿Listo para verlos actuar por el Día del Padre? 😊 Si ese día tienes que ir al banco ya sabes que puedes elegir en qué horario hacerlo con Turno Digital desde tu App BBVA. 😎📱

Conoce más aquí: bbva.info/42vhRpz
#BBVA #BancoBBVA #TurnoDigital #Tiempo",0,0,0,0,852
2025-07-17 15:23:28,bbva_peru,Jun 4,"¿Listo para ganar uno de los 2 DEPAS DE ESTRENO que la Cuenta Ganadora BBVA tiene para ti? ¡Abriendo tu cuenta desde S/1,500 participas al instante! 🏢😎

Ábrela Aquí: bbva.info/2kw78IE
#BBVA #BancoBBVA #CuentaGanadoraBBVA #Ahorrar #CuentaDeAhorros",4,0,0,0,792
2025-07-17 15:23:28,bbva_peru,Jun 2,"Tenemos una cuenta para acompañarte en cada manera de avanzar.

#BBVA #proyectos #avanzamos",2,0,3,0,914
2025-07-17 15:23:28,bbva_peru,May 28,Para hacer realidad tu próximo proyecto necesitas un banco que te acompañe con:,5,0,1,0,931
2025-07-17 15:23:28,bbva_peru,May 26,"¿Listo para hacer realidad cada uno de tus proyectos? En BBVA, nos renovamos para acompañarte en cada paso. 😎💪

#BBVA #proyectos #Avanzamos",0,0,2,0,911
2025-07-17 15:23:28,bbva_peru,May 23,Separar tu dinero para cubrir cada gasto del mes es posible con tu App BBVA y su función...,1,0,2,0,1.0K
2025-07-17 15:23:28,bbva_peru,May 23,"¿App o Agencia? 😎 Decide con LIBERTAD desde dónde hacer tus TRANSFERENCIAS TOTALMENTE GRATIS con la Cuenta Independencia BBVA. 💵😉

Abre tu cuenta aquí: bbva.info/32eZMcG
#BBVA #BancoBBVA #CuentaIndependencia #TransferenciasSinComisiones #CercaníaYConfianza",1,0,1,0,891
2025-07-17 15:23:28,bbva_peru,May 22,"🏠🚗🎒✨ No hay proyecto grande o pequeño, lo importante es seguir avanzando. Hoy estrenamos imagen y renovamos nuestro compromiso de acompañarte en cada paso, brindándote las herramientas que impulsan tus decisiones. ¿Avanzamos?",0,0,1,0,874
2025-07-17 15:23:28,bbva_peru,May 20,"Todos tenemos un proyecto que queremos hacer realidad👀 ¿Cuál de estos te motiva más? ¡Mejor aún, escribe el tuyo en los comentarios!",0,0,1,0,667
2025-07-17 15:23:28,bbva_peru,May 19,☝️ Con la Cuenta Independencia BBVA puedo realizar todas mis operaciones por canales físicos TOTALMENTE GRATIS.,1,0,0,0,786
2025-07-17 16:27:19,bbva_peru,Jul 15,¿A qué concierto irás usando los descuentos y beneficios de tus Tarjetas BBVA?,1,0,0,0,849
2025-07-17 16:27:19,bbva_peru,Jul 9,¿Cómo te convendría pagar los pasajes de tu viaje por Fiestas Patrias?,18,0,0,0,3.0K
2025-07-17 16:27:19,bbva_peru,Jun 25,"Mostremos nuestro orgullo todo el año. 🏳️‍🌈🏳️‍⚧️ En Be Yourself, ya impulsamos acciones internas para hacerlo posible, y seguiremos trabajando para que sea una realidad en todo el país. 💪😎

#BBVA #orgullo #pride",18,1,10,1,4.0K
2025-07-17 16:27:19,bbva_peru,Jun 24,"¿Avanzamos? Tus metas se hacen posible con la rentabilidad y seguridad que tiene la Cuenta Vip. Conoce más 👉 bbva.info/40jA8E9  😊

#BBVA #CuentaBBVA #VIP #metas",2,0,0,0,3.0K
2025-07-17 16:27:19,bbva_peru,Jun 18,"¿A qué zona irás en el concierto de Green Day?...
Por cierto, tus Tarjetas BBVA te dan beneficios para que puedas conseguir tus entradas. 😉🙌",3,0,0,0,2.0K
2025-07-17 16:27:19,bbva_peru,Jun 17,¿Qué cuenta sorteará en unas semanas 2 DEPAS DE ESTRENO solo por ahorrar?,1,0,1,0,2.0K
2025-07-17 16:27:19,bbva_peru,Jun 16,"Cuenta Independencia BBVA
¿Sabes todos los BENEFICIOS de la Cuenta Independencia BBVA? 

Descúbrelos aquí: bbva.info/4dUWLo4

¿Listo para avanzar?",2,0,0,0,1.0K
2025-07-17 16:27:19,bbva_peru,Jun 10,"Hay muchas formas de avanzar… y una de ellas es ganarte tu nuevo depa de estreno. 🏠💙 Abriendo tu Cuenta Ganadora, participas por 2 departamentos de estreno.

Conoce más aquí: bbva.info/45dZ3fT
#BBVA #CuentasBBVA #Avanzamos",0,0,0,0,1.0K
2025-07-17 16:27:19,bbva_peru,Jun 10,Cuando hay que pagar los servicios existen dos tipos de personas. ¿Cuál eres tú?,0,0,0,0,912
2025-07-17 16:27:19,bbva_peru,Jun 10,"¡Un depa puede ser tuyo! 🙌 Abriendo tu Cuenta Ganadora BBVA desde S/1500, ya estás participando. Ver más información en bbva.pe/cuentas 😉

#CuentasBBVA #BBVA #Avanzamos",0,0,0,0,938
2025-07-17 16:27:19,bbva_peru,Jun 6,"¿Listo para verlos actuar por el Día del Padre? 😊 Si ese día tienes que ir al banco ya sabes que puedes elegir en qué horario hacerlo con Turno Digital desde tu App BBVA. 😎📱

Conoce más aquí: bbva.info/42vhRpz
#BBVA #BancoBBVA #TurnoDigital #Tiempo",0,0,0,0,862
2025-07-17 16:27:19,bbva_peru,Jun 4,"¿Listo para ganar uno de los 2 DEPAS DE ESTRENO que la Cuenta Ganadora BBVA tiene para ti? ¡Abriendo tu cuenta desde S/1,500 participas al instante! 🏢😎

Ábrela Aquí: bbva.info/2kw78IE
#BBVA #BancoBBVA #CuentaGanadoraBBVA #Ahorrar #CuentaDeAhorros",4,0,0,0,800
2025-07-17 16:27:19,bbva_peru,Jun 2,"Tenemos una cuenta para acompañarte en cada manera de avanzar.

#BBVA #proyectos #avanzamos",2,0,3,0,921
2025-07-17 16:27:19,bbva_peru,May 28,Para hacer realidad tu próximo proyecto necesitas un banco que te acompañe con:,5,0,1,0,944
2025-07-17 16:27:19,bbva_peru,May 26,"¿Listo para hacer realidad cada uno de tus proyectos? En BBVA, nos renovamos para acompañarte en cada paso. 😎💪

#BBVA #proyectos #Avanzamos",0,0,2,0,914
2025-07-17 16:27:19,bbva_peru,May 23,Separar tu dinero para cubrir cada gasto del mes es posible con tu App BBVA y su función...,1,0,2,0,1.0K
2025-07-17 16:27:19,bbva_peru,May 23,"¿App o Agencia? 😎 Decide con LIBERTAD desde dónde hacer tus TRANSFERENCIAS TOTALMENTE GRATIS con la Cuenta Independencia BBVA. 💵😉

Abre tu cuenta aquí: bbva.info/32eZMcG
#BBVA #BancoBBVA #CuentaIndependencia #TransferenciasSinComisiones #CercaníaYConfianza",1,0,1,0,893
2025-07-17 16:27:19,bbva_peru,May 22,"🏠🚗🎒✨ No hay proyecto grande o pequeño, lo importante es seguir avanzando. Hoy estrenamos imagen y renovamos nuestro compromiso de acompañarte en cada paso, brindándote las herramientas que impulsan tus decisiones. ¿Avanzamos?",0,0,1,0,876
2025-07-17 16:27:19,bbva_peru,May 20,"Todos tenemos un proyecto que queremos hacer realidad👀 ¿Cuál de estos te motiva más? ¡Mejor aún, escribe el tuyo en los comentarios!",0,0,1,0,670
2025-07-17 16:27:19,bbva_peru,May 19,☝️ Con la Cuenta Independencia BBVA puedo realizar todas mis operaciones por canales físicos TOTALMENTE GRATIS.,1,0,0,0,788
2025-07-17 18:31:04,bbva_peru,Jul 15,¿A qué concierto irás usando los descuentos y beneficios de tus Tarjetas BBVA?,8,0,0,0,1.0K
2025-07-17 18:31:04,bbva_peru,Jul 9,¿Cómo te convendría pagar los pasajes de tu viaje por Fiestas Patrias?,18,0,0,0,4.0K
2025-07-17 18:31:04,bbva_peru,Jun 25,"Mostremos nuestro orgullo todo el año. 🏳️‍🌈🏳️‍⚧️ En Be Yourself, ya impulsamos acciones internas para hacerlo posible, y seguiremos trabajando para que sea una realidad en todo el país. 💪😎

#BBVA #orgullo #pride",18,1,10,1,5.0K
2025-07-17 18:31:04,bbva_peru,Jun 24,"¿Avanzamos? Tus metas se hacen posible con la rentabilidad y seguridad que tiene la Cuenta Vip. Conoce más 👉 bbva.info/40jA8E9  😊

#BBVA #CuentaBBVA #VIP #metas",2,0,0,0,3.0K
2025-07-17 18:31:04,bbva_peru,Jun 18,"¿A qué zona irás en el concierto de Green Day?...
Por cierto, tus Tarjetas BBVA te dan beneficios para que puedas conseguir tus entradas. 😉🙌",3,0,0,0,2.0K
2025-07-17 18:31:04,bbva_peru,Jun 17,¿Qué cuenta sorteará en unas semanas 2 DEPAS DE ESTRENO solo por ahorrar?,1,0,1,0,2.0K
2025-07-17 18:31:04,bbva_peru,Jun 16,"Cuenta Independencia BBVA
¿Sabes todos los BENEFICIOS de la Cuenta Independencia BBVA? 

Descúbrelos aquí: bbva.info/4dUWLo4

¿Listo para avanzar?",2,0,0,0,1.0K
2025-07-17 18:31:04,bbva_peru,Jun 10,"Hay muchas formas de avanzar… y una de ellas es ganarte tu nuevo depa de estreno. 🏠💙 Abriendo tu Cuenta Ganadora, participas por 2 departamentos de estreno.

Conoce más aquí: bbva.info/45dZ3fT
#BBVA #CuentasBBVA #Avanzamos",0,0,0,0,1.0K
2025-07-17 18:31:04,bbva_peru,Jun 10,Cuando hay que pagar los servicios existen dos tipos de personas. ¿Cuál eres tú?,0,0,0,0,927
2025-07-17 18:31:04,bbva_peru,Jun 10,"¡Un depa puede ser tuyo! 🙌 Abriendo tu Cuenta Ganadora BBVA desde S/1500, ya estás participando. Ver más información en bbva.pe/cuentas 😉

#CuentasBBVA #BBVA #Avanzamos",0,0,0,0,953
2025-07-17 18:31:04,bbva_peru,Jun 6,"¿Listo para verlos actuar por el Día del Padre? 😊 Si ese día tienes que ir al banco ya sabes que puedes elegir en qué horario hacerlo con Turno Digital desde tu App BBVA. 😎📱

Conoce más aquí: bbva.info/42vhRpz
#BBVA #BancoBBVA #TurnoDigital #Tiempo",0,0,0,0,871
2025-07-17 18:31:04,bbva_peru,Jun 4,"¿Listo para ganar uno de los 2 DEPAS DE ESTRENO que la Cuenta Ganadora BBVA tiene para ti? ¡Abriendo tu cuenta desde S/1,500 participas al instante! 🏢😎

Ábrela Aquí: bbva.info/2kw78IE
#BBVA #BancoBBVA #CuentaGanadoraBBVA #Ahorrar #CuentaDeAhorros",4,0,0,0,806
2025-07-17 18:31:04,bbva_peru,Jun 2,"Tenemos una cuenta para acompañarte en cada manera de avanzar.

#BBVA #proyectos #avanzamos",2,0,3,0,927
2025-07-17 18:31:04,bbva_peru,May 28,Para hacer realidad tu próximo proyecto necesitas un banco que te acompañe con:,5,0,1,0,962
2025-07-17 18:31:04,bbva_peru,May 26,"¿Listo para hacer realidad cada uno de tus proyectos? En BBVA, nos renovamos para acompañarte en cada paso. 😎💪

#BBVA #proyectos #Avanzamos",0,0,2,0,917
2025-07-17 18:31:04,bbva_peru,May 23,Separar tu dinero para cubrir cada gasto del mes es posible con tu App BBVA y su función...,1,0,2,0,1.0K
2025-07-17 18:31:04,bbva_peru,May 23,"¿App o Agencia? 😎 Decide con LIBERTAD desde dónde hacer tus TRANSFERENCIAS TOTALMENTE GRATIS con la Cuenta Independencia BBVA. 💵😉

Abre tu cuenta aquí: bbva.info/32eZMcG
#BBVA #BancoBBVA #CuentaIndependencia #TransferenciasSinComisiones #CercaníaYConfianza",1,0,1,0,895
2025-07-17 18:31:04,bbva_peru,May 22,"🏠🚗🎒✨ No hay proyecto grande o pequeño, lo importante es seguir avanzando. Hoy estrenamos imagen y renovamos nuestro compromiso de acompañarte en cada paso, brindándote las herramientas que impulsan tus decisiones. ¿Avanzamos?",0,0,1,0,878
2025-07-17 18:31:04,bbva_peru,May 20,"Todos tenemos un proyecto que queremos hacer realidad👀 ¿Cuál de estos te motiva más? ¡Mejor aún, escribe el tuyo en los comentarios!",0,0,1,0,672
2025-07-17 18:31:04,bbva_peru,May 19,☝️ Con la Cuenta Independencia BBVA puedo realizar todas mis operaciones por canales físicos TOTALMENTE GRATIS.,1,0,0,0,790
2025-07-17 19:18:19,bbva_peru,Jul 15,¿A qué concierto irás usando los descuentos y beneficios de tus Tarjetas BBVA?,9,0,0,0,1.0K
2025-07-17 19:18:19,bbva_peru,Jul 9,¿Cómo te convendría pagar los pasajes de tu viaje por Fiestas Patrias?,18,0,0,0,4.0K
2025-07-17 19:18:19,bbva_peru,Jun 25,"Mostremos nuestro orgullo todo el año. 🏳️‍🌈🏳️‍⚧️ En Be Yourself, ya impulsamos acciones internas para hacerlo posible, y seguiremos trabajando para que sea una realidad en todo el país. 💪😎

#BBVA #orgullo #pride",18,1,10,1,5.0K
2025-07-17 19:18:19,bbva_peru,Jun 24,"¿Avanzamos? Tus metas se hacen posible con la rentabilidad y seguridad que tiene la Cuenta Vip. Conoce más 👉 bbva.info/40jA8E9  😊

#BBVA #CuentaBBVA #VIP #metas",2,0,0,0,3.0K
2025-07-17 19:18:19,bbva_peru,Jun 18,"¿A qué zona irás en el concierto de Green Day?...
Por cierto, tus Tarjetas BBVA te dan beneficios para que puedas conseguir tus entradas. 😉🙌",3,0,0,0,2.0K
2025-07-17 19:18:19,bbva_peru,Jun 17,¿Qué cuenta sorteará en unas semanas 2 DEPAS DE ESTRENO solo por ahorrar?,1,0,1,0,2.0K
2025-07-17 19:18:19,bbva_peru,Jun 16,"Cuenta Independencia BBVA
¿Sabes todos los BENEFICIOS de la Cuenta Independencia BBVA? 

Descúbrelos aquí: bbva.info/4dUWLo4

¿Listo para avanzar?",2,0,0,0,1.0K
2025-07-17 19:18:19,bbva_peru,Jun 10,"Hay muchas formas de avanzar… y una de ellas es ganarte tu nuevo depa de estreno. 🏠💙 Abriendo tu Cuenta Ganadora, participas por 2 departamentos de estreno.

Conoce más aquí: bbva.info/45dZ3fT
#BBVA #CuentasBBVA #Avanzamos",0,0,0,0,1.0K
2025-07-17 19:18:19,bbva_peru,Jun 10,Cuando hay que pagar los servicios existen dos tipos de personas. ¿Cuál eres tú?,0,0,0,0,929
2025-07-17 19:18:19,bbva_peru,Jun 10,"¡Un depa puede ser tuyo! 🙌 Abriendo tu Cuenta Ganadora BBVA desde S/1500, ya estás participando. Ver más información en bbva.pe/cuentas 😉

#CuentasBBVA #BBVA #Avanzamos",0,0,0,0,954
2025-07-17 19:18:19,bbva_peru,Jun 6,"¿Listo para verlos actuar por el Día del Padre? 😊 Si ese día tienes que ir al banco ya sabes que puedes elegir en qué horario hacerlo con Turno Digital desde tu App BBVA. 😎📱

Conoce más aquí: bbva.info/42vhRpz
#BBVA #BancoBBVA #TurnoDigital #Tiempo",0,0,0,0,871
2025-07-17 19:18:19,bbva_peru,Jun 4,"¿Listo para ganar uno de los 2 DEPAS DE ESTRENO que la Cuenta Ganadora BBVA tiene para ti? ¡Abriendo tu cuenta desde S/1,500 participas al instante! 🏢😎

Ábrela Aquí: bbva.info/2kw78IE
#BBVA #BancoBBVA #CuentaGanadoraBBVA #Ahorrar #CuentaDeAhorros",4,0,0,0,806
2025-07-17 19:18:19,bbva_peru,Jun 2,"Tenemos una cuenta para acompañarte en cada manera de avanzar.

#BBVA #proyectos #avanzamos",2,0,3,0,927
2025-07-17 19:18:19,bbva_peru,May 28,Para hacer realidad tu próximo proyecto necesitas un banco que te acompañe con:,5,0,1,0,965
2025-07-17 19:18:19,bbva_peru,May 26,"¿Listo para hacer realidad cada uno de tus proyectos? En BBVA, nos renovamos para acompañarte en cada paso. 😎💪

#BBVA #proyectos #Avanzamos",0,0,2,0,917
2025-07-17 19:18:19,bbva_peru,May 23,Separar tu dinero para cubrir cada gasto del mes es posible con tu App BBVA y su función...,1,0,2,0,1.0K
2025-07-17 19:18:19,bbva_peru,May 23,"¿App o Agencia? 😎 Decide con LIBERTAD desde dónde hacer tus TRANSFERENCIAS TOTALMENTE GRATIS con la Cuenta Independencia BBVA. 💵😉

Abre tu cuenta aquí: bbva.info/32eZMcG
#BBVA #BancoBBVA #CuentaIndependencia #TransferenciasSinComisiones #CercaníaYConfianza",1,0,1,0,895
2025-07-17 19:18:19,bbva_peru,May 22,"🏠🚗🎒✨ No hay proyecto grande o pequeño, lo importante es seguir avanzando. Hoy estrenamos imagen y renovamos nuestro compromiso de acompañarte en cada paso, brindándote las herramientas que impulsan tus decisiones. ¿Avanzamos?",0,0,1,0,878
2025-07-17 19:18:19,bbva_peru,May 20,"Todos tenemos un proyecto que queremos hacer realidad👀 ¿Cuál de estos te motiva más? ¡Mejor aún, escribe el tuyo en los comentarios!",0,0,1,0,672
2025-07-17 19:18:19,bbva_peru,May 19,☝️ Con la Cuenta Independencia BBVA puedo realizar todas mis operaciones por canales físicos TOTALMENTE GRATIS.,1,0,0,0,790
2025-07-17 20:23:23,bbva_peru,Jul 15,¿A qué concierto irás usando los descuentos y beneficios de tus Tarjetas BBVA?,9,0,0,0,1.0K
2025-07-17 20:23:23,bbva_peru,Jul 9,¿Cómo te convendría pagar los pasajes de tu viaje por Fiestas Patrias?,18,0,0,0,4.0K
2025-07-17 20:23:23,bbva_peru,Jun 25,"Mostremos nuestro orgullo todo el año. 🏳️‍🌈🏳️‍⚧️ En Be Yourself, ya impulsamos acciones internas para hacerlo posible, y seguiremos trabajando para que sea una realidad en todo el país. 💪😎

#BBVA #orgullo #pride",18,1,10,1,5.0K
2025-07-17 20:23:23,bbva_peru,Jun 24,"¿Avanzamos? Tus metas se hacen posible con la rentabilidad y seguridad que tiene la Cuenta Vip. Conoce más 👉 bbva.info/40jA8E9  😊

#BBVA #CuentaBBVA #VIP #metas",2,0,0,0,3.0K
2025-07-17 20:23:23,bbva_peru,Jun 18,"¿A qué zona irás en el concierto de Green Day?...
Por cierto, tus Tarjetas BBVA te dan beneficios para que puedas conseguir tus entradas. 😉🙌",3,0,0,0,2.0K
2025-07-17 20:23:23,bbva_peru,Jun 17,¿Qué cuenta sorteará en unas semanas 2 DEPAS DE ESTRENO solo por ahorrar?,1,0,1,0,2.0K
2025-07-17 20:23:23,bbva_peru,Jun 16,"Cuenta Independencia BBVA
¿Sabes todos los BENEFICIOS de la Cuenta Independencia BBVA? 

Descúbrelos aquí: bbva.info/4dUWLo4

¿Listo para avanzar?",2,0,0,0,1.0K
2025-07-17 20:23:23,bbva_peru,Jun 10,"Hay muchas formas de avanzar… y una de ellas es ganarte tu nuevo depa de estreno. 🏠💙 Abriendo tu Cuenta Ganadora, participas por 2 departamentos de estreno.

Conoce más aquí: bbva.info/45dZ3fT
#BBVA #CuentasBBVA #Avanzamos",0,0,0,0,1.0K
2025-07-17 20:23:23,bbva_peru,Jun 10,Cuando hay que pagar los servicios existen dos tipos de personas. ¿Cuál eres tú?,0,0,0,0,929
2025-07-17 20:23:23,bbva_peru,Jun 10,"¡Un depa puede ser tuyo! 🙌 Abriendo tu Cuenta Ganadora BBVA desde S/1500, ya estás participando. Ver más información en bbva.pe/cuentas 😉

#CuentasBBVA #BBVA #Avanzamos",0,0,0,0,954
2025-07-17 20:23:23,bbva_peru,Jun 6,"¿Listo para verlos actuar por el Día del Padre? 😊 Si ese día tienes que ir al banco ya sabes que puedes elegir en qué horario hacerlo con Turno Digital desde tu App BBVA. 😎📱

Conoce más aquí: bbva.info/42vhRpz
#BBVA #BancoBBVA #TurnoDigital #Tiempo",0,0,0,0,871
2025-07-17 20:23:23,bbva_peru,Jun 4,"¿Listo para ganar uno de los 2 DEPAS DE ESTRENO que la Cuenta Ganadora BBVA tiene para ti? ¡Abriendo tu cuenta desde S/1,500 participas al instante! 🏢😎

Ábrela Aquí: bbva.info/2kw78IE
#BBVA #BancoBBVA #CuentaGanadoraBBVA #Ahorrar #CuentaDeAhorros",4,0,0,0,806
2025-07-17 20:23:23,bbva_peru,Jun 2,"Tenemos una cuenta para acompañarte en cada manera de avanzar.

#BBVA #proyectos #avanzamos",2,0,3,0,927
2025-07-17 20:23:23,bbva_peru,May 28,Para hacer realidad tu próximo proyecto necesitas un banco que te acompañe con:,5,0,1,0,966
2025-07-17 20:23:23,bbva_peru,May 26,"¿Listo para hacer realidad cada uno de tus proyectos? En BBVA, nos renovamos para acompañarte en cada paso. 😎💪

#BBVA #proyectos #Avanzamos",0,0,2,0,917
2025-07-17 20:23:23,bbva_peru,May 23,Separar tu dinero para cubrir cada gasto del mes es posible con tu App BBVA y su función...,1,0,2,0,1.0K
2025-07-17 20:23:23,bbva_peru,May 23,"¿App o Agencia? 😎 Decide con LIBERTAD desde dónde hacer tus TRANSFERENCIAS TOTALMENTE GRATIS con la Cuenta Independencia BBVA. 💵😉

Abre tu cuenta aquí: bbva.info/32eZMcG
#BBVA #BancoBBVA #CuentaIndependencia #TransferenciasSinComisiones #CercaníaYConfianza",1,0,1,0,895
2025-07-17 20:23:23,bbva_peru,May 22,"🏠🚗🎒✨ No hay proyecto grande o pequeño, lo importante es seguir avanzando. Hoy estrenamos imagen y renovamos nuestro compromiso de acompañarte en cada paso, brindándote las herramientas que impulsan tus decisiones. ¿Avanzamos?",0,0,1,0,878
2025-07-17 20:23:23,bbva_peru,May 20,"Todos tenemos un proyecto que queremos hacer realidad👀 ¿Cuál de estos te motiva más? ¡Mejor aún, escribe el tuyo en los comentarios!",0,0,1,0,672
2025-07-17 20:23:23,bbva_peru,May 19,☝️ Con la Cuenta Independencia BBVA puedo realizar todas mis operaciones por canales físicos TOTALMENTE GRATIS.,1,0,0,0,790
2025-07-17 21:20:10,bbva_peru,Jul 15,¿A qué concierto irás usando los descuentos y beneficios de tus Tarjetas BBVA?,9,0,0,0,1.0K
2025-07-17 21:20:10,bbva_peru,Jul 9,¿Cómo te convendría pagar los pasajes de tu viaje por Fiestas Patrias?,18,0,0,0,4.0K
2025-07-17 21:20:10,bbva_peru,Jun 25,"Mostremos nuestro orgullo todo el año. 🏳️‍🌈🏳️‍⚧️ En Be Yourself, ya impulsamos acciones internas para hacerlo posible, y seguiremos trabajando para que sea una realidad en todo el país. 💪😎

#BBVA #orgullo #pride",18,1,10,1,5.0K
2025-07-17 21:20:10,bbva_peru,Jun 24,"¿Avanzamos? Tus metas se hacen posible con la rentabilidad y seguridad que tiene la Cuenta Vip. Conoce más 👉 bbva.info/40jA8E9  😊

#BBVA #CuentaBBVA #VIP #metas",2,0,0,0,3.0K
2025-07-17 21:20:10,bbva_peru,Jun 18,"¿A qué zona irás en el concierto de Green Day?...
Por cierto, tus Tarjetas BBVA te dan beneficios para que puedas conseguir tus entradas. 😉🙌",3,0,0,0,2.0K
2025-07-17 21:20:10,bbva_peru,Jun 17,¿Qué cuenta sorteará en unas semanas 2 DEPAS DE ESTRENO solo por ahorrar?,1,0,1,0,2.0K
2025-07-17 21:20:10,bbva_peru,Jun 16,"Cuenta Independencia BBVA
¿Sabes todos los BENEFICIOS de la Cuenta Independencia BBVA? 

Descúbrelos aquí: bbva.info/4dUWLo4

¿Listo para avanzar?",2,0,0,0,1.0K
2025-07-17 21:20:10,bbva_peru,Jun 10,"Hay muchas formas de avanzar… y una de ellas es ganarte tu nuevo depa de estreno. 🏠💙 Abriendo tu Cuenta Ganadora, participas por 2 departamentos de estreno.

Conoce más aquí: bbva.info/45dZ3fT
#BBVA #CuentasBBVA #Avanzamos",0,0,0,0,1.0K
2025-07-17 21:20:10,bbva_peru,Jun 10,Cuando hay que pagar los servicios existen dos tipos de personas. ¿Cuál eres tú?,0,0,0,0,930
2025-07-17 21:20:10,bbva_peru,Jun 10,"¡Un depa puede ser tuyo! 🙌 Abriendo tu Cuenta Ganadora BBVA desde S/1500, ya estás participando. Ver más información en bbva.pe/cuentas 😉

#CuentasBBVA #BBVA #Avanzamos",0,0,0,0,955
2025-07-17 21:20:10,bbva_peru,Jun 6,"¿Listo para verlos actuar por el Día del Padre? 😊 Si ese día tienes que ir al banco ya sabes que puedes elegir en qué horario hacerlo con Turno Digital desde tu App BBVA. 😎📱

Conoce más aquí: bbva.info/42vhRpz
#BBVA #BancoBBVA #TurnoDigital #Tiempo",0,0,0,0,872
2025-07-17 21:20:10,bbva_peru,Jun 4,"¿Listo para ganar uno de los 2 DEPAS DE ESTRENO que la Cuenta Ganadora BBVA tiene para ti? ¡Abriendo tu cuenta desde S/1,500 participas al instante! 🏢😎

Ábrela Aquí: bbva.info/2kw78IE
#BBVA #BancoBBVA #CuentaGanadoraBBVA #Ahorrar #CuentaDeAhorros",4,0,0,0,807
2025-07-17 21:20:10,bbva_peru,Jun 2,"Tenemos una cuenta para acompañarte en cada manera de avanzar.

#BBVA #proyectos #avanzamos",2,0,3,0,927
2025-07-17 21:20:10,bbva_peru,May 28,Para hacer realidad tu próximo proyecto necesitas un banco que te acompañe con:,5,0,1,0,966
2025-07-17 21:20:10,bbva_peru,May 26,"¿Listo para hacer realidad cada uno de tus proyectos? En BBVA, nos renovamos para acompañarte en cada paso. 😎💪

#BBVA #proyectos #Avanzamos",0,0,2,0,917
2025-07-17 21:20:10,bbva_peru,May 23,Separar tu dinero para cubrir cada gasto del mes es posible con tu App BBVA y su función...,1,0,2,0,1.0K
2025-07-17 21:20:10,bbva_peru,May 23,"¿App o Agencia? 😎 Decide con LIBERTAD desde dónde hacer tus TRANSFERENCIAS TOTALMENTE GRATIS con la Cuenta Independencia BBVA. 💵😉

Abre tu cuenta aquí: bbva.info/32eZMcG
#BBVA #BancoBBVA #CuentaIndependencia #TransferenciasSinComisiones #CercaníaYConfianza",1,0,1,0,895
2025-07-17 21:20:10,bbva_peru,May 22,"🏠🚗🎒✨ No hay proyecto grande o pequeño, lo importante es seguir avanzando. Hoy estrenamos imagen y renovamos nuestro compromiso de acompañarte en cada paso, brindándote las herramientas que impulsan tus decisiones. ¿Avanzamos?",0,0,1,0,878
2025-07-17 21:20:10,bbva_peru,May 20,"Todos tenemos un proyecto que queremos hacer realidad👀 ¿Cuál de estos te motiva más? ¡Mejor aún, escribe el tuyo en los comentarios!",0,0,1,0,672
2025-07-17 21:20:10,bbva_peru,May 19,☝️ Con la Cuenta Independencia BBVA puedo realizar todas mis operaciones por canales físicos TOTALMENTE GRATIS.,1,0,0,0,790
2025-07-17 22:20:45,bbva_peru,Jul 15,¿A qué concierto irás usando los descuentos y beneficios de tus Tarjetas BBVA?,9,0,0,0,1.0K
2025-07-17 22:20:45,bbva_peru,Jul 9,¿Cómo te convendría pagar los pasajes de tu viaje por Fiestas Patrias?,18,0,0,0,4.0K
2025-07-17 22:20:45,bbva_peru,Jun 25,"Mostremos nuestro orgullo todo el año. 🏳️‍🌈🏳️‍⚧️ En Be Yourself, ya impulsamos acciones internas para hacerlo posible, y seguiremos trabajando para que sea una realidad en todo el país. 💪😎

#BBVA #orgullo #pride",18,1,10,1,5.0K
2025-07-17 22:20:45,bbva_peru,Jun 24,"¿Avanzamos? Tus metas se hacen posible con la rentabilidad y seguridad que tiene la Cuenta Vip. Conoce más 👉 bbva.info/40jA8E9  😊

#BBVA #CuentaBBVA #VIP #metas",2,0,0,0,3.0K
2025-07-17 22:20:45,bbva_peru,Jun 18,"¿A qué zona irás en el concierto de Green Day?...
Por cierto, tus Tarjetas BBVA te dan beneficios para que puedas conseguir tus entradas. 😉🙌",3,0,0,0,2.0K
2025-07-17 22:20:45,bbva_peru,Jun 17,¿Qué cuenta sorteará en unas semanas 2 DEPAS DE ESTRENO solo por ahorrar?,1,0,1,0,2.0K
2025-07-17 22:20:45,bbva_peru,Jun 16,"Cuenta Independencia BBVA
¿Sabes todos los BENEFICIOS de la Cuenta Independencia BBVA? 

Descúbrelos aquí: bbva.info/4dUWLo4

¿Listo para avanzar?",2,0,0,0,1.0K
2025-07-17 22:20:45,bbva_peru,Jun 10,"Hay muchas formas de avanzar… y una de ellas es ganarte tu nuevo depa de estreno. 🏠💙 Abriendo tu Cuenta Ganadora, participas por 2 departamentos de estreno.

Conoce más aquí: bbva.info/45dZ3fT
#BBVA #CuentasBBVA #Avanzamos",0,0,0,0,1.0K
2025-07-17 22:20:45,bbva_peru,Jun 10,Cuando hay que pagar los servicios existen dos tipos de personas. ¿Cuál eres tú?,0,0,0,0,931
2025-07-17 22:20:45,bbva_peru,Jun 10,"¡Un depa puede ser tuyo! 🙌 Abriendo tu Cuenta Ganadora BBVA desde S/1500, ya estás participando. Ver más información en bbva.pe/cuentas 😉

#CuentasBBVA #BBVA #Avanzamos",0,0,0,0,956
2025-07-17 22:20:45,bbva_peru,Jun 6,"¿Listo para verlos actuar por el Día del Padre? 😊 Si ese día tienes que ir al banco ya sabes que puedes elegir en qué horario hacerlo con Turno Digital desde tu App BBVA. 😎📱

Conoce más aquí: bbva.info/42vhRpz
#BBVA #BancoBBVA #TurnoDigital #Tiempo",0,0,0,0,873
2025-07-17 22:20:45,bbva_peru,Jun 4,"¿Listo para ganar uno de los 2 DEPAS DE ESTRENO que la Cuenta Ganadora BBVA tiene para ti? ¡Abriendo tu cuenta desde S/1,500 participas al instante! 🏢😎

Ábrela Aquí: bbva.info/2kw78IE
#BBVA #BancoBBVA #CuentaGanadoraBBVA #Ahorrar #CuentaDeAhorros",4,0,0,0,808
2025-07-17 22:20:45,bbva_peru,Jun 2,"Tenemos una cuenta para acompañarte en cada manera de avanzar.

#BBVA #proyectos #avanzamos",2,0,3,0,928
2025-07-17 22:20:45,bbva_peru,May 28,Para hacer realidad tu próximo proyecto necesitas un banco que te acompañe con:,5,0,1,0,967
2025-07-17 22:20:45,bbva_peru,May 26,"¿Listo para hacer realidad cada uno de tus proyectos? En BBVA, nos renovamos para acompañarte en cada paso. 😎💪

#BBVA #proyectos #Avanzamos",0,0,2,0,919
2025-07-17 22:20:45,bbva_peru,May 23,Separar tu dinero para cubrir cada gasto del mes es posible con tu App BBVA y su función...,1,0,2,0,1.0K
2025-07-17 22:20:45,bbva_peru,May 23,"¿App o Agencia? 😎 Decide con LIBERTAD desde dónde hacer tus TRANSFERENCIAS TOTALMENTE GRATIS con la Cuenta Independencia BBVA. 💵😉

Abre tu cuenta aquí: bbva.info/32eZMcG
#BBVA #BancoBBVA #CuentaIndependencia #TransferenciasSinComisiones #CercaníaYConfianza",1,0,1,0,896
2025-07-17 22:20:45,bbva_peru,May 22,"🏠🚗🎒✨ No hay proyecto grande o pequeño, lo importante es seguir avanzando. Hoy estrenamos imagen y renovamos nuestro compromiso de acompañarte en cada paso, brindándote las herramientas que impulsan tus decisiones. ¿Avanzamos?",0,0,1,0,879
2025-07-17 22:20:45,bbva_peru,May 20,"Todos tenemos un proyecto que queremos hacer realidad👀 ¿Cuál de estos te motiva más? ¡Mejor aún, escribe el tuyo en los comentarios!",0,0,1,0,673
2025-07-17 22:20:45,bbva_peru,May 19,☝️ Con la Cuenta Independencia BBVA puedo realizar todas mis operaciones por canales físicos TOTALMENTE GRATIS.,1,0,0,0,791
2025-07-17 23:21:01,bbva_peru,Jul 15,¿A qué concierto irás usando los descuentos y beneficios de tus Tarjetas BBVA?,9,0,0,0,1.0K
2025-07-17 23:21:01,bbva_peru,Jul 9,¿Cómo te convendría pagar los pasajes de tu viaje por Fiestas Patrias?,18,0,0,0,4.0K
2025-07-17 23:21:01,bbva_peru,Jun 25,"Mostremos nuestro orgullo todo el año. 🏳️‍🌈🏳️‍⚧️ En Be Yourself, ya impulsamos acciones internas para hacerlo posible, y seguiremos trabajando para que sea una realidad en todo el país. 💪😎

#BBVA #orgullo #pride",18,1,10,1,5.0K
2025-07-17 23:21:01,bbva_peru,Jun 24,"¿Avanzamos? Tus metas se hacen posible con la rentabilidad y seguridad que tiene la Cuenta Vip. Conoce más 👉 bbva.info/40jA8E9  😊

#BBVA #CuentaBBVA #VIP #metas",2,0,0,0,3.0K
2025-07-17 23:21:01,bbva_peru,Jun 18,"¿A qué zona irás en el concierto de Green Day?...
Por cierto, tus Tarjetas BBVA te dan beneficios para que puedas conseguir tus entradas. 😉🙌",3,0,0,0,2.0K
2025-07-17 23:21:01,bbva_peru,Jun 17,¿Qué cuenta sorteará en unas semanas 2 DEPAS DE ESTRENO solo por ahorrar?,1,0,1,0,2.0K
2025-07-17 23:21:01,bbva_peru,Jun 16,"Cuenta Independencia BBVA
¿Sabes todos los BENEFICIOS de la Cuenta Independencia BBVA? 

Descúbrelos aquí: bbva.info/4dUWLo4

¿Listo para avanzar?",2,0,0,0,1.0K
2025-07-17 23:21:01,bbva_peru,Jun 10,"Hay muchas formas de avanzar… y una de ellas es ganarte tu nuevo depa de estreno. 🏠💙 Abriendo tu Cuenta Ganadora, participas por 2 departamentos de estreno.

Conoce más aquí: bbva.info/45dZ3fT
#BBVA #CuentasBBVA #Avanzamos",0,0,0,0,1.0K
2025-07-17 23:21:01,bbva_peru,Jun 10,Cuando hay que pagar los servicios existen dos tipos de personas. ¿Cuál eres tú?,0,0,0,0,932
2025-07-17 23:21:01,bbva_peru,Jun 10,"¡Un depa puede ser tuyo! 🙌 Abriendo tu Cuenta Ganadora BBVA desde S/1500, ya estás participando. Ver más información en bbva.pe/cuentas 😉

#CuentasBBVA #BBVA #Avanzamos",0,0,0,0,957
2025-07-17 23:21:01,bbva_peru,Jun 6,"¿Listo para verlos actuar por el Día del Padre? 😊 Si ese día tienes que ir al banco ya sabes que puedes elegir en qué horario hacerlo con Turno Digital desde tu App BBVA. 😎📱

Conoce más aquí: bbva.info/42vhRpz
#BBVA #BancoBBVA #TurnoDigital #Tiempo",0,0,0,0,874
2025-07-17 23:21:01,bbva_peru,Jun 4,"¿Listo para ganar uno de los 2 DEPAS DE ESTRENO que la Cuenta Ganadora BBVA tiene para ti? ¡Abriendo tu cuenta desde S/1,500 participas al instante! 🏢😎

Ábrela Aquí: bbva.info/2kw78IE
#BBVA #BancoBBVA #CuentaGanadoraBBVA #Ahorrar #CuentaDeAhorros",4,0,0,0,808
2025-07-17 23:21:01,bbva_peru,Jun 2,"Tenemos una cuenta para acompañarte en cada manera de avanzar.

#BBVA #proyectos #avanzamos",2,0,3,0,928
2025-07-17 23:21:01,bbva_peru,May 28,Para hacer realidad tu próximo proyecto necesitas un banco que te acompañe con:,5,0,1,0,967
2025-07-17 23:21:01,bbva_peru,May 26,"¿Listo para hacer realidad cada uno de tus proyectos? En BBVA, nos renovamos para acompañarte en cada paso. 😎💪

#BBVA #proyectos #Avanzamos",0,0,2,0,919
2025-07-17 23:21:01,bbva_peru,May 23,Separar tu dinero para cubrir cada gasto del mes es posible con tu App BBVA y su función...,1,0,2,0,1.0K
2025-07-17 23:21:01,bbva_peru,May 23,"¿App o Agencia? 😎 Decide con LIBERTAD desde dónde hacer tus TRANSFERENCIAS TOTALMENTE GRATIS con la Cuenta Independencia BBVA. 💵😉

Abre tu cuenta aquí: bbva.info/32eZMcG
#BBVA #BancoBBVA #CuentaIndependencia #TransferenciasSinComisiones #CercaníaYConfianza",1,0,1,0,896
2025-07-17 23:21:01,bbva_peru,May 22,"🏠🚗🎒✨ No hay proyecto grande o pequeño, lo importante es seguir avanzando. Hoy estrenamos imagen y renovamos nuestro compromiso de acompañarte en cada paso, brindándote las herramientas que impulsan tus decisiones. ¿Avanzamos?",0,0,1,0,880
2025-07-17 23:21:01,bbva_peru,May 20,"Todos tenemos un proyecto que queremos hacer realidad👀 ¿Cuál de estos te motiva más? ¡Mejor aún, escribe el tuyo en los comentarios!",0,0,1,0,673
2025-07-17 23:21:01,bbva_peru,May 19,☝️ Con la Cuenta Independencia BBVA puedo realizar todas mis operaciones por canales físicos TOTALMENTE GRATIS.,1,0,0,0,791
2025-07-18 01:48:05,bbva_peru,Jul 15,¿A qué concierto irás usando los descuentos y beneficios de tus Tarjetas BBVA?,9,0,1,0,1.0K
2025-07-18 01:48:05,bbva_peru,Jul 9,¿Cómo te convendría pagar los pasajes de tu viaje por Fiestas Patrias?,18,0,0,0,4.0K
2025-07-18 01:48:05,bbva_peru,Jun 25,"Mostremos nuestro orgullo todo el año. 🏳️‍🌈🏳️‍⚧️ En Be Yourself, ya impulsamos acciones internas para hacerlo posible, y seguiremos trabajando para que sea una realidad en todo el país. 💪😎

#BBVA #orgullo #pride",18,1,10,1,5.0K
2025-07-18 01:48:05,bbva_peru,Jun 24,"¿Avanzamos? Tus metas se hacen posible con la rentabilidad y seguridad que tiene la Cuenta Vip. Conoce más 👉 bbva.info/40jA8E9  😊

#BBVA #CuentaBBVA #VIP #metas",2,0,0,0,3.0K
2025-07-18 01:48:05,bbva_peru,Jun 18,"¿A qué zona irás en el concierto de Green Day?...
Por cierto, tus Tarjetas BBVA te dan beneficios para que puedas conseguir tus entradas. 😉🙌",3,0,0,0,2.0K
2025-07-18 01:48:05,bbva_peru,Jun 17,¿Qué cuenta sorteará en unas semanas 2 DEPAS DE ESTRENO solo por ahorrar?,1,0,1,0,2.0K
2025-07-18 01:48:05,bbva_peru,Jun 16,"Cuenta Independencia BBVA
¿Sabes todos los BENEFICIOS de la Cuenta Independencia BBVA? 

Descúbrelos aquí: bbva.info/4dUWLo4

¿Listo para avanzar?",2,0,0,0,1.0K
2025-07-18 01:48:05,bbva_peru,Jun 10,"Hay muchas formas de avanzar… y una de ellas es ganarte tu nuevo depa de estreno. 🏠💙 Abriendo tu Cuenta Ganadora, participas por 2 departamentos de estreno.

Conoce más aquí: bbva.info/45dZ3fT
#BBVA #CuentasBBVA #Avanzamos",0,0,0,0,1.0K
2025-07-18 01:48:05,bbva_peru,Jun 10,Cuando hay que pagar los servicios existen dos tipos de personas. ¿Cuál eres tú?,0,0,0,0,934
2025-07-18 01:48:05,bbva_peru,Jun 10,"¡Un depa puede ser tuyo! 🙌 Abriendo tu Cuenta Ganadora BBVA desde S/1500, ya estás participando. Ver más información en bbva.pe/cuentas 😉

#CuentasBBVA #BBVA #Avanzamos",0,0,0,0,959
2025-07-18 01:48:05,bbva_peru,Jun 6,"¿Listo para verlos actuar por el Día del Padre? 😊 Si ese día tienes que ir al banco ya sabes que puedes elegir en qué horario hacerlo con Turno Digital desde tu App BBVA. 😎📱

Conoce más aquí: bbva.info/42vhRpz
#BBVA #BancoBBVA #TurnoDigital #Tiempo",0,0,0,0,875
2025-07-18 01:48:05,bbva_peru,Jun 4,"¿Listo para ganar uno de los 2 DEPAS DE ESTRENO que la Cuenta Ganadora BBVA tiene para ti? ¡Abriendo tu cuenta desde S/1,500 participas al instante! 🏢😎

Ábrela Aquí: bbva.info/2kw78IE
#BBVA #BancoBBVA #CuentaGanadoraBBVA #Ahorrar #CuentaDeAhorros",4,0,0,0,808
2025-07-18 01:48:05,bbva_peru,Jun 2,"Tenemos una cuenta para acompañarte en cada manera de avanzar.

#BBVA #proyectos #avanzamos",2,0,3,0,928
2025-07-18 01:48:05,bbva_peru,May 28,Para hacer realidad tu próximo proyecto necesitas un banco que te acompañe con:,5,0,1,0,967
2025-07-18 01:48:05,bbva_peru,May 26,"¿Listo para hacer realidad cada uno de tus proyectos? En BBVA, nos renovamos para acompañarte en cada paso. 😎💪

#BBVA #proyectos #Avanzamos",0,0,2,0,919
2025-07-18 01:48:05,bbva_peru,May 23,Separar tu dinero para cubrir cada gasto del mes es posible con tu App BBVA y su función...,1,0,2,0,1.0K
2025-07-18 01:48:05,bbva_peru,May 23,"¿App o Agencia? 😎 Decide con LIBERTAD desde dónde hacer tus TRANSFERENCIAS TOTALMENTE GRATIS con la Cuenta Independencia BBVA. 💵😉

Abre tu cuenta aquí: bbva.info/32eZMcG
#BBVA #BancoBBVA #CuentaIndependencia #TransferenciasSinComisiones #CercaníaYConfianza",1,0,1,0,896
2025-07-18 01:48:05,bbva_peru,May 22,"🏠🚗🎒✨ No hay proyecto grande o pequeño, lo importante es seguir avanzando. Hoy estrenamos imagen y renovamos nuestro compromiso de acompañarte en cada paso, brindándote las herramientas que impulsan tus decisiones. ¿Avanzamos?",0,0,1,0,880
2025-07-18 01:48:05,bbva_peru,May 20,"Todos tenemos un proyecto que queremos hacer realidad👀 ¿Cuál de estos te motiva más? ¡Mejor aún, escribe el tuyo en los comentarios!",0,0,1,0,673
2025-07-18 01:48:05,bbva_peru,May 19,☝️ Con la Cuenta Independencia BBVA puedo realizar todas mis operaciones por canales físicos TOTALMENTE GRATIS.,1,0,0,0,791
2025-07-18 03:38:17,bbva_peru,Jul 15,¿A qué concierto irás usando los descuentos y beneficios de tus Tarjetas BBVA?,9,0,1,0,2.0K
2025-07-18 03:38:17,bbva_peru,Jul 9,¿Cómo te convendría pagar los pasajes de tu viaje por Fiestas Patrias?,18,0,0,0,4.0K
2025-07-18 03:38:17,bbva_peru,Jun 25,"Mostremos nuestro orgullo todo el año. 🏳️‍🌈🏳️‍⚧️ En Be Yourself, ya impulsamos acciones internas para hacerlo posible, y seguiremos trabajando para que sea una realidad en todo el país. 💪😎

#BBVA #orgullo #pride",18,1,10,1,5.0K
2025-07-18 03:38:17,bbva_peru,Jun 24,"¿Avanzamos? Tus metas se hacen posible con la rentabilidad y seguridad que tiene la Cuenta Vip. Conoce más 👉 bbva.info/40jA8E9  😊

#BBVA #CuentaBBVA #VIP #metas",2,0,0,0,3.0K
2025-07-18 03:38:17,bbva_peru,Jun 18,"¿A qué zona irás en el concierto de Green Day?...
Por cierto, tus Tarjetas BBVA te dan beneficios para que puedas conseguir tus entradas. 😉🙌",3,0,0,0,2.0K
2025-07-18 03:38:17,bbva_peru,Jun 17,¿Qué cuenta sorteará en unas semanas 2 DEPAS DE ESTRENO solo por ahorrar?,1,0,1,0,2.0K
2025-07-18 03:38:17,bbva_peru,Jun 16,"Cuenta Independencia BBVA
¿Sabes todos los BENEFICIOS de la Cuenta Independencia BBVA? 

Descúbrelos aquí: bbva.info/4dUWLo4

¿Listo para avanzar?",2,0,0,0,1.0K
2025-07-18 03:38:17,bbva_peru,Jun 10,"Hay muchas formas de avanzar… y una de ellas es ganarte tu nuevo depa de estreno. 🏠💙 Abriendo tu Cuenta Ganadora, participas por 2 departamentos de estreno.

Conoce más aquí: bbva.info/45dZ3fT
#BBVA #CuentasBBVA #Avanzamos",0,0,0,0,1.0K
2025-07-18 03:38:17,bbva_peru,Jun 10,Cuando hay que pagar los servicios existen dos tipos de personas. ¿Cuál eres tú?,0,0,0,0,935
2025-07-18 03:38:17,bbva_peru,Jun 10,"¡Un depa puede ser tuyo! 🙌 Abriendo tu Cuenta Ganadora BBVA desde S/1500, ya estás participando. Ver más información en bbva.pe/cuentas 😉

#CuentasBBVA #BBVA #Avanzamos",0,0,0,0,960
2025-07-18 03:38:17,bbva_peru,Jun 6,"¿Listo para verlos actuar por el Día del Padre? 😊 Si ese día tienes que ir al banco ya sabes que puedes elegir en qué horario hacerlo con Turno Digital desde tu App BBVA. 😎📱

Conoce más aquí: bbva.info/42vhRpz
#BBVA #BancoBBVA #TurnoDigital #Tiempo",0,0,0,0,876
2025-07-18 03:38:17,bbva_peru,Jun 4,"¿Listo para ganar uno de los 2 DEPAS DE ESTRENO que la Cuenta Ganadora BBVA tiene para ti? ¡Abriendo tu cuenta desde S/1,500 participas al instante! 🏢😎

Ábrela Aquí: bbva.info/2kw78IE
#BBVA #BancoBBVA #CuentaGanadoraBBVA #Ahorrar #CuentaDeAhorros",4,0,0,0,809
2025-07-18 03:38:17,bbva_peru,Jun 2,"Tenemos una cuenta para acompañarte en cada manera de avanzar.

#BBVA #proyectos #avanzamos",2,0,3,0,928
2025-07-18 03:38:17,bbva_peru,May 28,Para hacer realidad tu próximo proyecto necesitas un banco que te acompañe con:,5,0,1,0,967
2025-07-18 03:38:17,bbva_peru,May 26,"¿Listo para hacer realidad cada uno de tus proyectos? En BBVA, nos renovamos para acompañarte en cada paso. 😎💪

#BBVA #proyectos #Avanzamos",0,0,2,0,919
2025-07-18 03:38:17,bbva_peru,May 23,Separar tu dinero para cubrir cada gasto del mes es posible con tu App BBVA y su función...,1,0,2,0,1.0K
2025-07-18 03:38:17,bbva_peru,May 23,"¿App o Agencia? 😎 Decide con LIBERTAD desde dónde hacer tus TRANSFERENCIAS TOTALMENTE GRATIS con la Cuenta Independencia BBVA. 💵😉

Abre tu cuenta aquí: bbva.info/32eZMcG
#BBVA #BancoBBVA #CuentaIndependencia #TransferenciasSinComisiones #CercaníaYConfianza",1,0,1,0,897
2025-07-18 03:38:17,bbva_peru,May 22,"🏠🚗🎒✨ No hay proyecto grande o pequeño, lo importante es seguir avanzando. Hoy estrenamos imagen y renovamos nuestro compromiso de acompañarte en cada paso, brindándote las herramientas que impulsan tus decisiones. ¿Avanzamos?",0,0,1,0,879
2025-07-18 03:38:17,bbva_peru,May 20,"Todos tenemos un proyecto que queremos hacer realidad👀 ¿Cuál de estos te motiva más? ¡Mejor aún, escribe el tuyo en los comentarios!",0,0,1,0,672
2025-07-18 03:38:17,bbva_peru,May 19,☝️ Con la Cuenta Independencia BBVA puedo realizar todas mis operaciones por canales físicos TOTALMENTE GRATIS.,1,0,0,0,790
2025-07-18 04:39:32,bbva_peru,Jul 15,¿A qué concierto irás usando los descuentos y beneficios de tus Tarjetas BBVA?,9,0,1,0,2.0K
2025-07-18 04:39:32,bbva_peru,Jul 9,¿Cómo te convendría pagar los pasajes de tu viaje por Fiestas Patrias?,18,0,0,0,4.0K
2025-07-18 04:39:32,bbva_peru,Jun 25,"Mostremos nuestro orgullo todo el año. 🏳️‍🌈🏳️‍⚧️ En Be Yourself, ya impulsamos acciones internas para hacerlo posible, y seguiremos trabajando para que sea una realidad en todo el país. 💪😎

#BBVA #orgullo #pride",18,1,10,1,5.0K
2025-07-18 04:39:32,bbva_peru,Jun 24,"¿Avanzamos? Tus metas se hacen posible con la rentabilidad y seguridad que tiene la Cuenta Vip. Conoce más 👉 bbva.info/40jA8E9  😊

#BBVA #CuentaBBVA #VIP #metas",2,0,0,0,3.0K
2025-07-18 04:39:32,bbva_peru,Jun 18,"¿A qué zona irás en el concierto de Green Day?...
Por cierto, tus Tarjetas BBVA te dan beneficios para que puedas conseguir tus entradas. 😉🙌",3,0,0,0,2.0K
2025-07-18 04:39:32,bbva_peru,Jun 17,¿Qué cuenta sorteará en unas semanas 2 DEPAS DE ESTRENO solo por ahorrar?,1,0,1,0,2.0K
2025-07-18 04:39:32,bbva_peru,Jun 16,"Cuenta Independencia BBVA
¿Sabes todos los BENEFICIOS de la Cuenta Independencia BBVA? 

Descúbrelos aquí: bbva.info/4dUWLo4

¿Listo para avanzar?",2,0,0,0,1.0K
2025-07-18 04:39:32,bbva_peru,Jun 10,"Hay muchas formas de avanzar… y una de ellas es ganarte tu nuevo depa de estreno. 🏠💙 Abriendo tu Cuenta Ganadora, participas por 2 departamentos de estreno.

Conoce más aquí: bbva.info/45dZ3fT
#BBVA #CuentasBBVA #Avanzamos",0,0,0,0,1.0K
2025-07-18 04:39:32,bbva_peru,Jun 10,Cuando hay que pagar los servicios existen dos tipos de personas. ¿Cuál eres tú?,0,0,0,0,935
2025-07-18 04:39:32,bbva_peru,Jun 10,"¡Un depa puede ser tuyo! 🙌 Abriendo tu Cuenta Ganadora BBVA desde S/1500, ya estás participando. Ver más información en bbva.pe/cuentas 😉

#CuentasBBVA #BBVA #Avanzamos",0,0,0,0,960
2025-07-18 04:39:32,bbva_peru,Jun 6,"¿Listo para verlos actuar por el Día del Padre? 😊 Si ese día tienes que ir al banco ya sabes que puedes elegir en qué horario hacerlo con Turno Digital desde tu App BBVA. 😎📱

Conoce más aquí: bbva.info/42vhRpz
#BBVA #BancoBBVA #TurnoDigital #Tiempo",0,0,0,0,876
2025-07-18 04:39:32,bbva_peru,Jun 4,"¿Listo para ganar uno de los 2 DEPAS DE ESTRENO que la Cuenta Ganadora BBVA tiene para ti? ¡Abriendo tu cuenta desde S/1,500 participas al instante! 🏢😎

Ábrela Aquí: bbva.info/2kw78IE
#BBVA #BancoBBVA #CuentaGanadoraBBVA #Ahorrar #CuentaDeAhorros",4,0,0,0,809
2025-07-18 04:39:32,bbva_peru,Jun 2,"Tenemos una cuenta para acompañarte en cada manera de avanzar.

#BBVA #proyectos #avanzamos",2,0,3,0,928
2025-07-18 04:39:32,bbva_peru,May 28,Para hacer realidad tu próximo proyecto necesitas un banco que te acompañe con:,5,0,1,0,967
2025-07-18 04:39:32,bbva_peru,May 26,"¿Listo para hacer realidad cada uno de tus proyectos? En BBVA, nos renovamos para acompañarte en cada paso. 😎💪

#BBVA #proyectos #Avanzamos",0,0,2,0,919
2025-07-18 04:39:32,bbva_peru,May 23,Separar tu dinero para cubrir cada gasto del mes es posible con tu App BBVA y su función...,1,0,2,0,1.0K
2025-07-18 04:39:32,bbva_peru,May 23,"¿App o Agencia? 😎 Decide con LIBERTAD desde dónde hacer tus TRANSFERENCIAS TOTALMENTE GRATIS con la Cuenta Independencia BBVA. 💵😉

Abre tu cuenta aquí: bbva.info/32eZMcG
#BBVA #BancoBBVA #CuentaIndependencia #TransferenciasSinComisiones #CercaníaYConfianza",1,0,1,0,897
2025-07-18 04:39:32,bbva_peru,May 22,"🏠🚗🎒✨ No hay proyecto grande o pequeño, lo importante es seguir avanzando. Hoy estrenamos imagen y renovamos nuestro compromiso de acompañarte en cada paso, brindándote las herramientas que impulsan tus decisiones. ¿Avanzamos?",0,0,1,0,879
2025-07-18 04:39:32,bbva_peru,May 20,"Todos tenemos un proyecto que queremos hacer realidad👀 ¿Cuál de estos te motiva más? ¡Mejor aún, escribe el tuyo en los comentarios!",0,0,1,0,672
2025-07-18 04:39:32,bbva_peru,May 19,☝️ Con la Cuenta Independencia BBVA puedo realizar todas mis operaciones por canales físicos TOTALMENTE GRATIS.,1,0,0,0,790
2025-07-18 05:26:32,bbva_peru,Jul 15,¿A qué concierto irás usando los descuentos y beneficios de tus Tarjetas BBVA?,9,0,1,0,2.0K
2025-07-18 05:26:32,bbva_peru,Jul 9,¿Cómo te convendría pagar los pasajes de tu viaje por Fiestas Patrias?,18,0,0,0,4.0K
2025-07-18 05:26:32,bbva_peru,Jun 25,"Mostremos nuestro orgullo todo el año. 🏳️‍🌈🏳️‍⚧️ En Be Yourself, ya impulsamos acciones internas para hacerlo posible, y seguiremos trabajando para que sea una realidad en todo el país. 💪😎

#BBVA #orgullo #pride",18,1,10,1,5.0K
2025-07-18 05:26:32,bbva_peru,Jun 24,"¿Avanzamos? Tus metas se hacen posible con la rentabilidad y seguridad que tiene la Cuenta Vip. Conoce más 👉 bbva.info/40jA8E9  😊

#BBVA #CuentaBBVA #VIP #metas",2,0,0,0,3.0K
2025-07-18 05:26:32,bbva_peru,Jun 18,"¿A qué zona irás en el concierto de Green Day?...
Por cierto, tus Tarjetas BBVA te dan beneficios para que puedas conseguir tus entradas. 😉🙌",3,0,0,0,2.0K
2025-07-18 05:26:32,bbva_peru,Jun 17,¿Qué cuenta sorteará en unas semanas 2 DEPAS DE ESTRENO solo por ahorrar?,1,0,1,0,2.0K
2025-07-18 05:26:32,bbva_peru,Jun 16,"Cuenta Independencia BBVA
¿Sabes todos los BENEFICIOS de la Cuenta Independencia BBVA? 

Descúbrelos aquí: bbva.info/4dUWLo4

¿Listo para avanzar?",2,0,0,0,1.0K
2025-07-18 05:26:32,bbva_peru,Jun 10,"Hay muchas formas de avanzar… y una de ellas es ganarte tu nuevo depa de estreno. 🏠💙 Abriendo tu Cuenta Ganadora, participas por 2 departamentos de estreno.

Conoce más aquí: bbva.info/45dZ3fT
#BBVA #CuentasBBVA #Avanzamos",0,0,0,0,1.0K
2025-07-18 05:26:32,bbva_peru,Jun 10,Cuando hay que pagar los servicios existen dos tipos de personas. ¿Cuál eres tú?,0,0,0,0,935
2025-07-18 05:26:32,bbva_peru,Jun 10,"¡Un depa puede ser tuyo! 🙌 Abriendo tu Cuenta Ganadora BBVA desde S/1500, ya estás participando. Ver más información en bbva.pe/cuentas 😉

#CuentasBBVA #BBVA #Avanzamos",0,0,0,0,960
2025-07-18 05:26:32,bbva_peru,Jun 6,"¿Listo para verlos actuar por el Día del Padre? 😊 Si ese día tienes que ir al banco ya sabes que puedes elegir en qué horario hacerlo con Turno Digital desde tu App BBVA. 😎📱

Conoce más aquí: bbva.info/42vhRpz
#BBVA #BancoBBVA #TurnoDigital #Tiempo",0,0,0,0,876
2025-07-18 05:26:32,bbva_peru,Jun 4,"¿Listo para ganar uno de los 2 DEPAS DE ESTRENO que la Cuenta Ganadora BBVA tiene para ti? ¡Abriendo tu cuenta desde S/1,500 participas al instante! 🏢😎

Ábrela Aquí: bbva.info/2kw78IE
#BBVA #BancoBBVA #CuentaGanadoraBBVA #Ahorrar #CuentaDeAhorros",4,0,0,0,809
2025-07-18 05:26:32,bbva_peru,Jun 2,"Tenemos una cuenta para acompañarte en cada manera de avanzar.

#BBVA #proyectos #avanzamos",2,0,3,0,928
2025-07-18 05:26:32,bbva_peru,May 28,Para hacer realidad tu próximo proyecto necesitas un banco que te acompañe con:,5,0,1,0,967
2025-07-18 05:26:32,bbva_peru,May 26,"¿Listo para hacer realidad cada uno de tus proyectos? En BBVA, nos renovamos para acompañarte en cada paso. 😎💪

#BBVA #proyectos #Avanzamos",0,0,2,0,919
2025-07-18 05:26:32,bbva_peru,May 23,Separar tu dinero para cubrir cada gasto del mes es posible con tu App BBVA y su función...,1,0,2,0,1.0K
2025-07-18 05:26:32,bbva_peru,May 23,"¿App o Agencia? 😎 Decide con LIBERTAD desde dónde hacer tus TRANSFERENCIAS TOTALMENTE GRATIS con la Cuenta Independencia BBVA. 💵😉

Abre tu cuenta aquí: bbva.info/32eZMcG
#BBVA #BancoBBVA #CuentaIndependencia #TransferenciasSinComisiones #CercaníaYConfianza",1,0,1,0,896
2025-07-18 05:26:32,bbva_peru,May 22,"🏠🚗🎒✨ No hay proyecto grande o pequeño, lo importante es seguir avanzando. Hoy estrenamos imagen y renovamos nuestro compromiso de acompañarte en cada paso, brindándote las herramientas que impulsan tus decisiones. ¿Avanzamos?",0,0,1,0,880
2025-07-18 05:26:32,bbva_peru,May 20,"Todos tenemos un proyecto que queremos hacer realidad👀 ¿Cuál de estos te motiva más? ¡Mejor aún, escribe el tuyo en los comentarios!",0,0,1,0,673
2025-07-18 05:26:32,bbva_peru,May 19,☝️ Con la Cuenta Independencia BBVA puedo realizar todas mis operaciones por canales físicos TOTALMENTE GRATIS.,1,0,0,0,791
2025-07-18 06:31:48,bbva_peru,Jul 15,¿A qué concierto irás usando los descuentos y beneficios de tus Tarjetas BBVA?,9,0,1,0,2.0K
2025-07-18 06:31:48,bbva_peru,Jul 9,¿Cómo te convendría pagar los pasajes de tu viaje por Fiestas Patrias?,18,0,0,0,4.0K
2025-07-18 06:31:48,bbva_peru,Jun 25,"Mostremos nuestro orgullo todo el año. 🏳️‍🌈🏳️‍⚧️ En Be Yourself, ya impulsamos acciones internas para hacerlo posible, y seguiremos trabajando para que sea una realidad en todo el país. 💪😎

#BBVA #orgullo #pride",18,1,10,1,5.0K
2025-07-18 06:31:48,bbva_peru,Jun 24,"¿Avanzamos? Tus metas se hacen posible con la rentabilidad y seguridad que tiene la Cuenta Vip. Conoce más 👉 bbva.info/40jA8E9  😊

#BBVA #CuentaBBVA #VIP #metas",2,0,0,0,3.0K
2025-07-18 06:31:48,bbva_peru,Jun 18,"¿A qué zona irás en el concierto de Green Day?...
Por cierto, tus Tarjetas BBVA te dan beneficios para que puedas conseguir tus entradas. 😉🙌",3,0,0,0,2.0K
2025-07-18 06:31:48,bbva_peru,Jun 17,¿Qué cuenta sorteará en unas semanas 2 DEPAS DE ESTRENO solo por ahorrar?,1,0,1,0,2.0K
2025-07-18 06:31:48,bbva_peru,Jun 16,"Cuenta Independencia BBVA
¿Sabes todos los BENEFICIOS de la Cuenta Independencia BBVA? 

Descúbrelos aquí: bbva.info/4dUWLo4

¿Listo para avanzar?",2,0,0,0,1.0K
2025-07-18 06:31:48,bbva_peru,Jun 10,"Hay muchas formas de avanzar… y una de ellas es ganarte tu nuevo depa de estreno. 🏠💙 Abriendo tu Cuenta Ganadora, participas por 2 departamentos de estreno.

Conoce más aquí: bbva.info/45dZ3fT
#BBVA #CuentasBBVA #Avanzamos",0,0,0,0,1.0K
2025-07-18 06:31:48,bbva_peru,Jun 10,Cuando hay que pagar los servicios existen dos tipos de personas. ¿Cuál eres tú?,0,0,0,0,935
2025-07-18 06:31:48,bbva_peru,Jun 10,"¡Un depa puede ser tuyo! 🙌 Abriendo tu Cuenta Ganadora BBVA desde S/1500, ya estás participando. Ver más información en bbva.pe/cuentas 😉

#CuentasBBVA #BBVA #Avanzamos",0,0,0,0,961
2025-07-18 06:31:48,bbva_peru,Jun 6,"¿Listo para verlos actuar por el Día del Padre? 😊 Si ese día tienes que ir al banco ya sabes que puedes elegir en qué horario hacerlo con Turno Digital desde tu App BBVA. 😎📱

Conoce más aquí: bbva.info/42vhRpz
#BBVA #BancoBBVA #TurnoDigital #Tiempo",0,0,0,0,876
2025-07-18 06:31:48,bbva_peru,Jun 4,"¿Listo para ganar uno de los 2 DEPAS DE ESTRENO que la Cuenta Ganadora BBVA tiene para ti? ¡Abriendo tu cuenta desde S/1,500 participas al instante! 🏢😎

Ábrela Aquí: bbva.info/2kw78IE
#BBVA #BancoBBVA #CuentaGanadoraBBVA #Ahorrar #CuentaDeAhorros",4,0,0,0,809
2025-07-18 06:31:48,bbva_peru,Jun 2,"Tenemos una cuenta para acompañarte en cada manera de avanzar.

#BBVA #proyectos #avanzamos",2,0,3,0,928
2025-07-18 06:31:48,bbva_peru,May 28,Para hacer realidad tu próximo proyecto necesitas un banco que te acompañe con:,5,0,1,0,967
2025-07-18 06:31:48,bbva_peru,May 26,"¿Listo para hacer realidad cada uno de tus proyectos? En BBVA, nos renovamos para acompañarte en cada paso. 😎💪

#BBVA #proyectos #Avanzamos",0,0,2,0,919
2025-07-18 06:31:48,bbva_peru,May 23,Separar tu dinero para cubrir cada gasto del mes es posible con tu App BBVA y su función...,1,0,2,0,1.0K
2025-07-18 06:31:48,bbva_peru,May 23,"¿App o Agencia? 😎 Decide con LIBERTAD desde dónde hacer tus TRANSFERENCIAS TOTALMENTE GRATIS con la Cuenta Independencia BBVA. 💵😉

Abre tu cuenta aquí: bbva.info/32eZMcG
#BBVA #BancoBBVA #CuentaIndependencia #TransferenciasSinComisiones #CercaníaYConfianza",1,0,1,0,896
2025-07-18 06:31:48,bbva_peru,May 22,"🏠🚗🎒✨ No hay proyecto grande o pequeño, lo importante es seguir avanzando. Hoy estrenamos imagen y renovamos nuestro compromiso de acompañarte en cada paso, brindándote las herramientas que impulsan tus decisiones. ¿Avanzamos?",0,0,1,0,880
2025-07-18 06:31:48,bbva_peru,May 20,"Todos tenemos un proyecto que queremos hacer realidad👀 ¿Cuál de estos te motiva más? ¡Mejor aún, escribe el tuyo en los comentarios!",0,0,1,0,673
2025-07-18 06:31:48,bbva_peru,May 19,☝️ Con la Cuenta Independencia BBVA puedo realizar todas mis operaciones por canales físicos TOTALMENTE GRATIS.,1,0,0,0,791
2025-07-18 07:23:32,bbva_peru,Jul 15,¿A qué concierto irás usando los descuentos y beneficios de tus Tarjetas BBVA?,9,0,1,0,2.0K
2025-07-18 07:23:32,bbva_peru,Jul 9,¿Cómo te convendría pagar los pasajes de tu viaje por Fiestas Patrias?,18,0,0,0,4.0K
2025-07-18 07:23:32,bbva_peru,Jun 25,"Mostremos nuestro orgullo todo el año. 🏳️‍🌈🏳️‍⚧️ En Be Yourself, ya impulsamos acciones internas para hacerlo posible, y seguiremos trabajando para que sea una realidad en todo el país. 💪😎

#BBVA #orgullo #pride",18,1,10,1,5.0K
2025-07-18 07:23:32,bbva_peru,Jun 24,"¿Avanzamos? Tus metas se hacen posible con la rentabilidad y seguridad que tiene la Cuenta Vip. Conoce más 👉 bbva.info/40jA8E9  😊

#BBVA #CuentaBBVA #VIP #metas",2,0,0,0,3.0K
2025-07-18 07:23:32,bbva_peru,Jun 18,"¿A qué zona irás en el concierto de Green Day?...
Por cierto, tus Tarjetas BBVA te dan beneficios para que puedas conseguir tus entradas. 😉🙌",3,0,0,0,2.0K
2025-07-18 07:23:32,bbva_peru,Jun 17,¿Qué cuenta sorteará en unas semanas 2 DEPAS DE ESTRENO solo por ahorrar?,1,0,1,0,2.0K
2025-07-18 07:23:32,bbva_peru,Jun 16,"Cuenta Independencia BBVA
¿Sabes todos los BENEFICIOS de la Cuenta Independencia BBVA? 

Descúbrelos aquí: bbva.info/4dUWLo4

¿Listo para avanzar?",2,0,0,0,1.0K
2025-07-18 07:23:32,bbva_peru,Jun 10,"Hay muchas formas de avanzar… y una de ellas es ganarte tu nuevo depa de estreno. 🏠💙 Abriendo tu Cuenta Ganadora, participas por 2 departamentos de estreno.

Conoce más aquí: bbva.info/45dZ3fT
#BBVA #CuentasBBVA #Avanzamos",0,0,0,0,1.0K
2025-07-18 07:23:32,bbva_peru,Jun 10,Cuando hay que pagar los servicios existen dos tipos de personas. ¿Cuál eres tú?,0,0,0,0,935
2025-07-18 07:23:32,bbva_peru,Jun 10,"¡Un depa puede ser tuyo! 🙌 Abriendo tu Cuenta Ganadora BBVA desde S/1500, ya estás participando. Ver más información en bbva.pe/cuentas 😉

#CuentasBBVA #BBVA #Avanzamos",0,0,0,0,961
2025-07-18 07:23:32,bbva_peru,Jun 6,"¿Listo para verlos actuar por el Día del Padre? 😊 Si ese día tienes que ir al banco ya sabes que puedes elegir en qué horario hacerlo con Turno Digital desde tu App BBVA. 😎📱

Conoce más aquí: bbva.info/42vhRpz
#BBVA #BancoBBVA #TurnoDigital #Tiempo",0,0,0,0,876
2025-07-18 07:23:32,bbva_peru,Jun 4,"¿Listo para ganar uno de los 2 DEPAS DE ESTRENO que la Cuenta Ganadora BBVA tiene para ti? ¡Abriendo tu cuenta desde S/1,500 participas al instante! 🏢😎

Ábrela Aquí: bbva.info/2kw78IE
#BBVA #BancoBBVA #CuentaGanadoraBBVA #Ahorrar #CuentaDeAhorros",4,0,0,0,809
2025-07-18 07:23:32,bbva_peru,Jun 2,"Tenemos una cuenta para acompañarte en cada manera de avanzar.

#BBVA #proyectos #avanzamos",2,0,3,0,928
2025-07-18 07:23:32,bbva_peru,May 28,Para hacer realidad tu próximo proyecto necesitas un banco que te acompañe con:,5,0,1,0,967
2025-07-18 07:23:32,bbva_peru,May 26,"¿Listo para hacer realidad cada uno de tus proyectos? En BBVA, nos renovamos para acompañarte en cada paso. 😎💪

#BBVA #proyectos #Avanzamos",0,0,2,0,920
2025-07-18 07:23:32,bbva_peru,May 23,Separar tu dinero para cubrir cada gasto del mes es posible con tu App BBVA y su función...,1,0,2,0,1.0K
2025-07-18 07:23:32,bbva_peru,May 23,"¿App o Agencia? 😎 Decide con LIBERTAD desde dónde hacer tus TRANSFERENCIAS TOTALMENTE GRATIS con la Cuenta Independencia BBVA. 💵😉

Abre tu cuenta aquí: bbva.info/32eZMcG
#BBVA #BancoBBVA #CuentaIndependencia #TransferenciasSinComisiones #CercaníaYConfianza",1,0,1,0,897
2025-07-18 07:23:32,bbva_peru,May 22,"🏠🚗🎒✨ No hay proyecto grande o pequeño, lo importante es seguir avanzando. Hoy estrenamos imagen y renovamos nuestro compromiso de acompañarte en cada paso, brindándote las herramientas que impulsan tus decisiones. ¿Avanzamos?",0,0,1,0,879
2025-07-18 07:23:32,bbva_peru,May 20,"Todos tenemos un proyecto que queremos hacer realidad👀 ¿Cuál de estos te motiva más? ¡Mejor aún, escribe el tuyo en los comentarios!",0,0,1,0,672
2025-07-18 07:23:32,bbva_peru,May 19,☝️ Con la Cuenta Independencia BBVA puedo realizar todas mis operaciones por canales físicos TOTALMENTE GRATIS.,1,0,0,0,790
2025-07-18 09:25:28,bbva_peru,Jul 15,¿A qué concierto irás usando los descuentos y beneficios de tus Tarjetas BBVA?,9,0,1,0,2.0K
2025-07-18 09:25:28,bbva_peru,Jul 9,¿Cómo te convendría pagar los pasajes de tu viaje por Fiestas Patrias?,18,0,0,0,4.0K
2025-07-18 09:25:28,bbva_peru,Jun 25,"Mostremos nuestro orgullo todo el año. 🏳️‍🌈🏳️‍⚧️ En Be Yourself, ya impulsamos acciones internas para hacerlo posible, y seguiremos trabajando para que sea una realidad en todo el país. 💪😎

#BBVA #orgullo #pride",18,1,10,1,5.0K
2025-07-18 09:25:28,bbva_peru,Jun 24,"¿Avanzamos? Tus metas se hacen posible con la rentabilidad y seguridad que tiene la Cuenta Vip. Conoce más 👉 bbva.info/40jA8E9  😊

#BBVA #CuentaBBVA #VIP #metas",2,0,0,0,3.0K
2025-07-18 09:25:28,bbva_peru,Jun 18,"¿A qué zona irás en el concierto de Green Day?...
Por cierto, tus Tarjetas BBVA te dan beneficios para que puedas conseguir tus entradas. 😉🙌",3,0,0,0,2.0K
2025-07-18 09:25:28,bbva_peru,Jun 17,¿Qué cuenta sorteará en unas semanas 2 DEPAS DE ESTRENO solo por ahorrar?,1,0,1,0,2.0K
2025-07-18 09:25:28,bbva_peru,Jun 16,"Cuenta Independencia BBVA
¿Sabes todos los BENEFICIOS de la Cuenta Independencia BBVA? 

Descúbrelos aquí: bbva.info/4dUWLo4

¿Listo para avanzar?",2,0,0,0,1.0K
2025-07-18 09:25:28,bbva_peru,Jun 10,"Hay muchas formas de avanzar… y una de ellas es ganarte tu nuevo depa de estreno. 🏠💙 Abriendo tu Cuenta Ganadora, participas por 2 departamentos de estreno.

Conoce más aquí: bbva.info/45dZ3fT
#BBVA #CuentasBBVA #Avanzamos",0,0,0,0,1.0K
2025-07-18 09:25:28,bbva_peru,Jun 10,Cuando hay que pagar los servicios existen dos tipos de personas. ¿Cuál eres tú?,0,0,0,0,935
2025-07-18 09:25:28,bbva_peru,Jun 10,"¡Un depa puede ser tuyo! 🙌 Abriendo tu Cuenta Ganadora BBVA desde S/1500, ya estás participando. Ver más información en bbva.pe/cuentas 😉

#CuentasBBVA #BBVA #Avanzamos",0,0,0,0,961
2025-07-18 09:25:28,bbva_peru,Jun 6,"¿Listo para verlos actuar por el Día del Padre? 😊 Si ese día tienes que ir al banco ya sabes que puedes elegir en qué horario hacerlo con Turno Digital desde tu App BBVA. 😎📱

Conoce más aquí: bbva.info/42vhRpz
#BBVA #BancoBBVA #TurnoDigital #Tiempo",0,0,0,0,876
2025-07-18 09:25:28,bbva_peru,Jun 4,"¿Listo para ganar uno de los 2 DEPAS DE ESTRENO que la Cuenta Ganadora BBVA tiene para ti? ¡Abriendo tu cuenta desde S/1,500 participas al instante! 🏢😎

Ábrela Aquí: bbva.info/2kw78IE
#BBVA #BancoBBVA #CuentaGanadoraBBVA #Ahorrar #CuentaDeAhorros",4,0,0,0,809
2025-07-18 09:25:28,bbva_peru,Jun 2,"Tenemos una cuenta para acompañarte en cada manera de avanzar.

#BBVA #proyectos #avanzamos",2,0,3,0,928
2025-07-18 09:25:28,bbva_peru,May 28,Para hacer realidad tu próximo proyecto necesitas un banco que te acompañe con:,5,0,1,0,967
2025-07-18 09:25:28,bbva_peru,May 26,"¿Listo para hacer realidad cada uno de tus proyectos? En BBVA, nos renovamos para acompañarte en cada paso. 😎💪

#BBVA #proyectos #Avanzamos",0,0,2,0,920
2025-07-18 09:25:28,bbva_peru,May 23,Separar tu dinero para cubrir cada gasto del mes es posible con tu App BBVA y su función...,1,0,2,0,1.0K
2025-07-18 09:25:28,bbva_peru,May 23,"¿App o Agencia? 😎 Decide con LIBERTAD desde dónde hacer tus TRANSFERENCIAS TOTALMENTE GRATIS con la Cuenta Independencia BBVA. 💵😉

Abre tu cuenta aquí: bbva.info/32eZMcG
#BBVA #BancoBBVA #CuentaIndependencia #TransferenciasSinComisiones #CercaníaYConfianza",1,0,1,0,897
2025-07-18 09:25:28,bbva_peru,May 22,"🏠🚗🎒✨ No hay proyecto grande o pequeño, lo importante es seguir avanzando. Hoy estrenamos imagen y renovamos nuestro compromiso de acompañarte en cada paso, brindándote las herramientas que impulsan tus decisiones. ¿Avanzamos?",0,0,1,0,879
2025-07-18 09:25:28,bbva_peru,May 20,"Todos tenemos un proyecto que queremos hacer realidad👀 ¿Cuál de estos te motiva más? ¡Mejor aún, escribe el tuyo en los comentarios!",0,0,1,0,672
2025-07-18 09:25:28,bbva_peru,May 19,☝️ Con la Cuenta Independencia BBVA puedo realizar todas mis operaciones por canales físicos TOTALMENTE GRATIS.,1,0,0,0,790
2025-07-18 10:23:16,bbva_peru,Jul 15,¿A qué concierto irás usando los descuentos y beneficios de tus Tarjetas BBVA?,9,0,1,0,2.0K
2025-07-18 10:23:16,bbva_peru,Jul 9,¿Cómo te convendría pagar los pasajes de tu viaje por Fiestas Patrias?,18,0,0,0,4.0K
2025-07-18 10:23:16,bbva_peru,Jun 25,"Mostremos nuestro orgullo todo el año. 🏳️‍🌈🏳️‍⚧️ En Be Yourself, ya impulsamos acciones internas para hacerlo posible, y seguiremos trabajando para que sea una realidad en todo el país. 💪😎

#BBVA #orgullo #pride",18,1,10,1,5.0K
2025-07-18 10:23:16,bbva_peru,Jun 24,"¿Avanzamos? Tus metas se hacen posible con la rentabilidad y seguridad que tiene la Cuenta Vip. Conoce más 👉 bbva.info/40jA8E9  😊

#BBVA #CuentaBBVA #VIP #metas",2,0,0,0,3.0K
2025-07-18 10:23:16,bbva_peru,Jun 18,"¿A qué zona irás en el concierto de Green Day?...
Por cierto, tus Tarjetas BBVA te dan beneficios para que puedas conseguir tus entradas. 😉🙌",3,0,0,0,2.0K
2025-07-18 10:23:16,bbva_peru,Jun 17,¿Qué cuenta sorteará en unas semanas 2 DEPAS DE ESTRENO solo por ahorrar?,1,0,1,0,2.0K
2025-07-18 10:23:16,bbva_peru,Jun 16,"Cuenta Independencia BBVA
¿Sabes todos los BENEFICIOS de la Cuenta Independencia BBVA? 

Descúbrelos aquí: bbva.info/4dUWLo4

¿Listo para avanzar?",2,0,0,0,1.0K
2025-07-18 10:23:16,bbva_peru,Jun 10,"Hay muchas formas de avanzar… y una de ellas es ganarte tu nuevo depa de estreno. 🏠💙 Abriendo tu Cuenta Ganadora, participas por 2 departamentos de estreno.

Conoce más aquí: bbva.info/45dZ3fT
#BBVA #CuentasBBVA #Avanzamos",0,0,0,0,1.0K
2025-07-18 10:23:16,bbva_peru,Jun 10,Cuando hay que pagar los servicios existen dos tipos de personas. ¿Cuál eres tú?,0,0,0,0,935
2025-07-18 10:23:16,bbva_peru,Jun 10,"¡Un depa puede ser tuyo! 🙌 Abriendo tu Cuenta Ganadora BBVA desde S/1500, ya estás participando. Ver más información en bbva.pe/cuentas 😉

#CuentasBBVA #BBVA #Avanzamos",0,0,0,0,961
2025-07-18 10:23:16,bbva_peru,Jun 6,"¿Listo para verlos actuar por el Día del Padre? 😊 Si ese día tienes que ir al banco ya sabes que puedes elegir en qué horario hacerlo con Turno Digital desde tu App BBVA. 😎📱

Conoce más aquí: bbva.info/42vhRpz
#BBVA #BancoBBVA #TurnoDigital #Tiempo",0,0,0,0,876
2025-07-18 10:23:16,bbva_peru,Jun 4,"¿Listo para ganar uno de los 2 DEPAS DE ESTRENO que la Cuenta Ganadora BBVA tiene para ti? ¡Abriendo tu cuenta desde S/1,500 participas al instante! 🏢😎

Ábrela Aquí: bbva.info/2kw78IE
#BBVA #BancoBBVA #CuentaGanadoraBBVA #Ahorrar #CuentaDeAhorros",4,0,0,0,809
2025-07-18 10:23:16,bbva_peru,Jun 2,"Tenemos una cuenta para acompañarte en cada manera de avanzar.

#BBVA #proyectos #avanzamos",2,0,3,0,928
2025-07-18 10:23:16,bbva_peru,May 28,Para hacer realidad tu próximo proyecto necesitas un banco que te acompañe con:,5,0,1,0,967
2025-07-18 10:23:16,bbva_peru,May 26,"¿Listo para hacer realidad cada uno de tus proyectos? En BBVA, nos renovamos para acompañarte en cada paso. 😎💪

#BBVA #proyectos #Avanzamos",0,0,2,0,919
2025-07-18 10:23:16,bbva_peru,May 23,Separar tu dinero para cubrir cada gasto del mes es posible con tu App BBVA y su función...,1,0,2,0,1.0K
2025-07-18 10:23:16,bbva_peru,May 23,"¿App o Agencia? 😎 Decide con LIBERTAD desde dónde hacer tus TRANSFERENCIAS TOTALMENTE GRATIS con la Cuenta Independencia BBVA. 💵😉

Abre tu cuenta aquí: bbva.info/32eZMcG
#BBVA #BancoBBVA #CuentaIndependencia #TransferenciasSinComisiones #CercaníaYConfianza",1,0,1,0,896
2025-07-18 10:23:16,bbva_peru,May 22,"🏠🚗🎒✨ No hay proyecto grande o pequeño, lo importante es seguir avanzando. Hoy estrenamos imagen y renovamos nuestro compromiso de acompañarte en cada paso, brindándote las herramientas que impulsan tus decisiones. ¿Avanzamos?",0,0,1,0,880
2025-07-18 10:23:16,bbva_peru,May 20,"Todos tenemos un proyecto que queremos hacer realidad👀 ¿Cuál de estos te motiva más? ¡Mejor aún, escribe el tuyo en los comentarios!",0,0,1,0,673
2025-07-18 10:23:16,bbva_peru,May 19,☝️ Con la Cuenta Independencia BBVA puedo realizar todas mis operaciones por canales físicos TOTALMENTE GRATIS.,1,0,0,0,791
2025-07-18 11:18:22,bbva_peru,Jul 15,¿A qué concierto irás usando los descuentos y beneficios de tus Tarjetas BBVA?,9,0,1,0,2.0K
2025-07-18 11:18:22,bbva_peru,Jul 9,¿Cómo te convendría pagar los pasajes de tu viaje por Fiestas Patrias?,18,0,0,0,4.0K
2025-07-18 11:18:22,bbva_peru,Jun 25,"Mostremos nuestro orgullo todo el año. 🏳️‍🌈🏳️‍⚧️ En Be Yourself, ya impulsamos acciones internas para hacerlo posible, y seguiremos trabajando para que sea una realidad en todo el país. 💪😎

#BBVA #orgullo #pride",18,1,10,1,5.0K
2025-07-18 11:18:22,bbva_peru,Jun 24,"¿Avanzamos? Tus metas se hacen posible con la rentabilidad y seguridad que tiene la Cuenta Vip. Conoce más 👉 bbva.info/40jA8E9  😊

#BBVA #CuentaBBVA #VIP #metas",2,0,0,0,3.0K
2025-07-18 11:18:22,bbva_peru,Jun 18,"¿A qué zona irás en el concierto de Green Day?...
Por cierto, tus Tarjetas BBVA te dan beneficios para que puedas conseguir tus entradas. 😉🙌",3,0,0,0,2.0K
2025-07-18 11:18:22,bbva_peru,Jun 17,¿Qué cuenta sorteará en unas semanas 2 DEPAS DE ESTRENO solo por ahorrar?,1,0,1,0,2.0K
2025-07-18 11:18:22,bbva_peru,Jun 16,"Cuenta Independencia BBVA
¿Sabes todos los BENEFICIOS de la Cuenta Independencia BBVA? 

Descúbrelos aquí: bbva.info/4dUWLo4

¿Listo para avanzar?",2,0,0,0,1.0K
2025-07-18 11:18:22,bbva_peru,Jun 10,"Hay muchas formas de avanzar… y una de ellas es ganarte tu nuevo depa de estreno. 🏠💙 Abriendo tu Cuenta Ganadora, participas por 2 departamentos de estreno.

Conoce más aquí: bbva.info/45dZ3fT
#BBVA #CuentasBBVA #Avanzamos",0,0,0,0,1.0K
2025-07-18 11:18:22,bbva_peru,Jun 10,Cuando hay que pagar los servicios existen dos tipos de personas. ¿Cuál eres tú?,0,0,0,0,935
2025-07-18 11:18:22,bbva_peru,Jun 10,"¡Un depa puede ser tuyo! 🙌 Abriendo tu Cuenta Ganadora BBVA desde S/1500, ya estás participando. Ver más información en bbva.pe/cuentas 😉

#CuentasBBVA #BBVA #Avanzamos",0,0,0,0,961
2025-07-18 11:18:22,bbva_peru,Jun 6,"¿Listo para verlos actuar por el Día del Padre? 😊 Si ese día tienes que ir al banco ya sabes que puedes elegir en qué horario hacerlo con Turno Digital desde tu App BBVA. 😎📱

Conoce más aquí: bbva.info/42vhRpz
#BBVA #BancoBBVA #TurnoDigital #Tiempo",0,0,0,0,876
2025-07-18 11:18:22,bbva_peru,Jun 4,"¿Listo para ganar uno de los 2 DEPAS DE ESTRENO que la Cuenta Ganadora BBVA tiene para ti? ¡Abriendo tu cuenta desde S/1,500 participas al instante! 🏢😎

Ábrela Aquí: bbva.info/2kw78IE
#BBVA #BancoBBVA #CuentaGanadoraBBVA #Ahorrar #CuentaDeAhorros",4,0,0,0,809
2025-07-18 11:18:22,bbva_peru,Jun 2,"Tenemos una cuenta para acompañarte en cada manera de avanzar.

#BBVA #proyectos #avanzamos",2,0,3,0,928
2025-07-18 11:18:22,bbva_peru,May 28,Para hacer realidad tu próximo proyecto necesitas un banco que te acompañe con:,5,0,1,0,967
2025-07-18 11:18:22,bbva_peru,May 26,"¿Listo para hacer realidad cada uno de tus proyectos? En BBVA, nos renovamos para acompañarte en cada paso. 😎💪

#BBVA #proyectos #Avanzamos",0,0,2,0,920
2025-07-18 11:18:22,bbva_peru,May 23,Separar tu dinero para cubrir cada gasto del mes es posible con tu App BBVA y su función...,1,0,2,0,1.0K
2025-07-18 11:18:22,bbva_peru,May 23,"¿App o Agencia? 😎 Decide con LIBERTAD desde dónde hacer tus TRANSFERENCIAS TOTALMENTE GRATIS con la Cuenta Independencia BBVA. 💵😉

Abre tu cuenta aquí: bbva.info/32eZMcG
#BBVA #BancoBBVA #CuentaIndependencia #TransferenciasSinComisiones #CercaníaYConfianza",1,0,1,0,897
2025-07-18 11:18:22,bbva_peru,May 22,"🏠🚗🎒✨ No hay proyecto grande o pequeño, lo importante es seguir avanzando. Hoy estrenamos imagen y renovamos nuestro compromiso de acompañarte en cada paso, brindándote las herramientas que impulsan tus decisiones. ¿Avanzamos?",0,0,1,0,879
2025-07-18 11:18:22,bbva_peru,May 20,"Todos tenemos un proyecto que queremos hacer realidad👀 ¿Cuál de estos te motiva más? ¡Mejor aún, escribe el tuyo en los comentarios!",0,0,1,0,672
2025-07-18 11:18:22,bbva_peru,May 19,☝️ Con la Cuenta Independencia BBVA puedo realizar todas mis operaciones por canales físicos TOTALMENTE GRATIS.,1,0,0,0,790
2025-07-18 12:42:40,bbva_peru,Jul 15,¿A qué concierto irás usando los descuentos y beneficios de tus Tarjetas BBVA?,9,0,1,0,2.0K
2025-07-18 12:42:40,bbva_peru,Jul 9,¿Cómo te convendría pagar los pasajes de tu viaje por Fiestas Patrias?,18,0,0,0,4.0K
2025-07-18 12:42:40,bbva_peru,Jun 25,"Mostremos nuestro orgullo todo el año. 🏳️‍🌈🏳️‍⚧️ En Be Yourself, ya impulsamos acciones internas para hacerlo posible, y seguiremos trabajando para que sea una realidad en todo el país. 💪😎

#BBVA #orgullo #pride",18,1,10,1,5.0K
2025-07-18 12:42:40,bbva_peru,Jun 24,"¿Avanzamos? Tus metas se hacen posible con la rentabilidad y seguridad que tiene la Cuenta Vip. Conoce más 👉 bbva.info/40jA8E9  😊

#BBVA #CuentaBBVA #VIP #metas",2,0,0,0,3.0K
2025-07-18 12:42:40,bbva_peru,Jun 18,"¿A qué zona irás en el concierto de Green Day?...
Por cierto, tus Tarjetas BBVA te dan beneficios para que puedas conseguir tus entradas. 😉🙌",3,0,0,0,2.0K
2025-07-18 12:42:40,bbva_peru,Jun 17,¿Qué cuenta sorteará en unas semanas 2 DEPAS DE ESTRENO solo por ahorrar?,1,0,1,0,2.0K
2025-07-18 12:42:40,bbva_peru,Jun 16,"Cuenta Independencia BBVA
¿Sabes todos los BENEFICIOS de la Cuenta Independencia BBVA? 

Descúbrelos aquí: bbva.info/4dUWLo4

¿Listo para avanzar?",2,0,0,0,1.0K
2025-07-18 12:42:40,bbva_peru,Jun 10,"Hay muchas formas de avanzar… y una de ellas es ganarte tu nuevo depa de estreno. 🏠💙 Abriendo tu Cuenta Ganadora, participas por 2 departamentos de estreno.

Conoce más aquí: bbva.info/45dZ3fT
#BBVA #CuentasBBVA #Avanzamos",0,0,0,0,1.0K
2025-07-18 12:42:40,bbva_peru,Jun 10,Cuando hay que pagar los servicios existen dos tipos de personas. ¿Cuál eres tú?,0,0,0,0,935
2025-07-18 12:42:40,bbva_peru,Jun 10,"¡Un depa puede ser tuyo! 🙌 Abriendo tu Cuenta Ganadora BBVA desde S/1500, ya estás participando. Ver más información en bbva.pe/cuentas 😉

#CuentasBBVA #BBVA #Avanzamos",0,0,0,0,961
2025-07-18 12:42:40,bbva_peru,Jun 6,"¿Listo para verlos actuar por el Día del Padre? 😊 Si ese día tienes que ir al banco ya sabes que puedes elegir en qué horario hacerlo con Turno Digital desde tu App BBVA. 😎📱

Conoce más aquí: bbva.info/42vhRpz
#BBVA #BancoBBVA #TurnoDigital #Tiempo",0,0,0,0,876
2025-07-18 12:42:40,bbva_peru,Jun 4,"¿Listo para ganar uno de los 2 DEPAS DE ESTRENO que la Cuenta Ganadora BBVA tiene para ti? ¡Abriendo tu cuenta desde S/1,500 participas al instante! 🏢😎

Ábrela Aquí: bbva.info/2kw78IE
#BBVA #BancoBBVA #CuentaGanadoraBBVA #Ahorrar #CuentaDeAhorros",4,0,0,0,809
2025-07-18 12:42:40,bbva_peru,Jun 2,"Tenemos una cuenta para acompañarte en cada manera de avanzar.

#BBVA #proyectos #avanzamos",2,0,3,0,928
2025-07-18 12:42:40,bbva_peru,May 28,Para hacer realidad tu próximo proyecto necesitas un banco que te acompañe con:,5,0,1,0,967
2025-07-18 12:42:40,bbva_peru,May 26,"¿Listo para hacer realidad cada uno de tus proyectos? En BBVA, nos renovamos para acompañarte en cada paso. 😎💪

#BBVA #proyectos #Avanzamos",0,0,2,0,920
2025-07-18 12:42:40,bbva_peru,May 23,Separar tu dinero para cubrir cada gasto del mes es posible con tu App BBVA y su función...,1,0,2,0,1.0K
2025-07-18 12:42:40,bbva_peru,May 23,"¿App o Agencia? 😎 Decide con LIBERTAD desde dónde hacer tus TRANSFERENCIAS TOTALMENTE GRATIS con la Cuenta Independencia BBVA. 💵😉

Abre tu cuenta aquí: bbva.info/32eZMcG
#BBVA #BancoBBVA #CuentaIndependencia #TransferenciasSinComisiones #CercaníaYConfianza",1,0,1,0,897
2025-07-18 12:42:40,bbva_peru,May 22,"🏠🚗🎒✨ No hay proyecto grande o pequeño, lo importante es seguir avanzando. Hoy estrenamos imagen y renovamos nuestro compromiso de acompañarte en cada paso, brindándote las herramientas que impulsan tus decisiones. ¿Avanzamos?",0,0,1,0,879
2025-07-18 12:42:40,bbva_peru,May 20,"Todos tenemos un proyecto que queremos hacer realidad👀 ¿Cuál de estos te motiva más? ¡Mejor aún, escribe el tuyo en los comentarios!",0,0,1,0,672
2025-07-18 12:42:40,bbva_peru,May 19,☝️ Con la Cuenta Independencia BBVA puedo realizar todas mis operaciones por canales físicos TOTALMENTE GRATIS.,1,0,0,0,790
2025-07-18 13:37:06,bbva_peru,Jul 15,¿A qué concierto irás usando los descuentos y beneficios de tus Tarjetas BBVA?,9,0,1,0,2.0K
2025-07-18 13:37:06,bbva_peru,Jul 9,¿Cómo te convendría pagar los pasajes de tu viaje por Fiestas Patrias?,18,0,0,0,4.0K
2025-07-18 13:37:06,bbva_peru,Jun 25,"Mostremos nuestro orgullo todo el año. 🏳️‍🌈🏳️‍⚧️ En Be Yourself, ya impulsamos acciones internas para hacerlo posible, y seguiremos trabajando para que sea una realidad en todo el país. 💪😎

#BBVA #orgullo #pride",18,1,10,1,5.0K
2025-07-18 13:37:06,bbva_peru,Jun 24,"¿Avanzamos? Tus metas se hacen posible con la rentabilidad y seguridad que tiene la Cuenta Vip. Conoce más 👉 bbva.info/40jA8E9  😊

#BBVA #CuentaBBVA #VIP #metas",2,0,0,0,3.0K
2025-07-18 13:37:06,bbva_peru,Jun 18,"¿A qué zona irás en el concierto de Green Day?...
Por cierto, tus Tarjetas BBVA te dan beneficios para que puedas conseguir tus entradas. 😉🙌",3,0,0,0,2.0K
2025-07-18 13:37:06,bbva_peru,Jun 17,¿Qué cuenta sorteará en unas semanas 2 DEPAS DE ESTRENO solo por ahorrar?,1,0,1,0,2.0K
2025-07-18 13:37:06,bbva_peru,Jun 16,"Cuenta Independencia BBVA
¿Sabes todos los BENEFICIOS de la Cuenta Independencia BBVA? 

Descúbrelos aquí: bbva.info/4dUWLo4

¿Listo para avanzar?",2,0,0,0,1.0K
2025-07-18 13:37:06,bbva_peru,Jun 10,"Hay muchas formas de avanzar… y una de ellas es ganarte tu nuevo depa de estreno. 🏠💙 Abriendo tu Cuenta Ganadora, participas por 2 departamentos de estreno.

Conoce más aquí: bbva.info/45dZ3fT
#BBVA #CuentasBBVA #Avanzamos",0,0,0,0,1.0K
2025-07-18 13:37:06,bbva_peru,Jun 10,Cuando hay que pagar los servicios existen dos tipos de personas. ¿Cuál eres tú?,0,0,0,0,935
2025-07-18 13:37:06,bbva_peru,Jun 10,"¡Un depa puede ser tuyo! 🙌 Abriendo tu Cuenta Ganadora BBVA desde S/1500, ya estás participando. Ver más información en bbva.pe/cuentas 😉

#CuentasBBVA #BBVA #Avanzamos",0,0,0,0,961
2025-07-18 13:37:06,bbva_peru,Jun 6,"¿Listo para verlos actuar por el Día del Padre? 😊 Si ese día tienes que ir al banco ya sabes que puedes elegir en qué horario hacerlo con Turno Digital desde tu App BBVA. 😎📱

Conoce más aquí: bbva.info/42vhRpz
#BBVA #BancoBBVA #TurnoDigital #Tiempo",0,0,0,0,876
2025-07-18 13:37:06,bbva_peru,Jun 4,"¿Listo para ganar uno de los 2 DEPAS DE ESTRENO que la Cuenta Ganadora BBVA tiene para ti? ¡Abriendo tu cuenta desde S/1,500 participas al instante! 🏢😎

Ábrela Aquí: bbva.info/2kw78IE
#BBVA #BancoBBVA #CuentaGanadoraBBVA #Ahorrar #CuentaDeAhorros",4,0,0,0,809
2025-07-18 13:37:06,bbva_peru,Jun 2,"Tenemos una cuenta para acompañarte en cada manera de avanzar.

#BBVA #proyectos #avanzamos",2,0,3,0,928
2025-07-18 13:37:06,bbva_peru,May 28,Para hacer realidad tu próximo proyecto necesitas un banco que te acompañe con:,5,0,1,0,967
2025-07-18 13:37:06,bbva_peru,May 26,"¿Listo para hacer realidad cada uno de tus proyectos? En BBVA, nos renovamos para acompañarte en cada paso. 😎💪

#BBVA #proyectos #Avanzamos",0,0,2,0,919
2025-07-18 13:37:06,bbva_peru,May 23,Separar tu dinero para cubrir cada gasto del mes es posible con tu App BBVA y su función...,1,0,2,0,1.0K
2025-07-18 13:37:06,bbva_peru,May 23,"¿App o Agencia? 😎 Decide con LIBERTAD desde dónde hacer tus TRANSFERENCIAS TOTALMENTE GRATIS con la Cuenta Independencia BBVA. 💵😉

Abre tu cuenta aquí: bbva.info/32eZMcG
#BBVA #BancoBBVA #CuentaIndependencia #TransferenciasSinComisiones #CercaníaYConfianza",1,0,1,0,896
2025-07-18 13:37:06,bbva_peru,May 22,"🏠🚗🎒✨ No hay proyecto grande o pequeño, lo importante es seguir avanzando. Hoy estrenamos imagen y renovamos nuestro compromiso de acompañarte en cada paso, brindándote las herramientas que impulsan tus decisiones. ¿Avanzamos?",0,0,1,0,880
2025-07-18 13:37:06,bbva_peru,May 20,"Todos tenemos un proyecto que queremos hacer realidad👀 ¿Cuál de estos te motiva más? ¡Mejor aún, escribe el tuyo en los comentarios!",0,0,1,0,673
2025-07-18 13:37:06,bbva_peru,May 19,☝️ Con la Cuenta Independencia BBVA puedo realizar todas mis operaciones por canales físicos TOTALMENTE GRATIS.,1,0,0,0,791
2025-07-18 14:20:57,bbva_peru,Jul 15,¿A qué concierto irás usando los descuentos y beneficios de tus Tarjetas BBVA?,9,0,1,0,2.0K
2025-07-18 14:20:57,bbva_peru,Jul 9,¿Cómo te convendría pagar los pasajes de tu viaje por Fiestas Patrias?,18,0,0,0,4.0K
2025-07-18 14:20:57,bbva_peru,Jun 25,"Mostremos nuestro orgullo todo el año. 🏳️‍🌈🏳️‍⚧️ En Be Yourself, ya impulsamos acciones internas para hacerlo posible, y seguiremos trabajando para que sea una realidad en todo el país. 💪😎

#BBVA #orgullo #pride",18,1,10,1,5.0K
2025-07-18 14:20:57,bbva_peru,Jun 24,"¿Avanzamos? Tus metas se hacen posible con la rentabilidad y seguridad que tiene la Cuenta Vip. Conoce más 👉 bbva.info/40jA8E9  😊

#BBVA #CuentaBBVA #VIP #metas",2,0,0,0,3.0K
2025-07-18 14:20:57,bbva_peru,Jun 18,"¿A qué zona irás en el concierto de Green Day?...
Por cierto, tus Tarjetas BBVA te dan beneficios para que puedas conseguir tus entradas. 😉🙌",3,0,0,0,2.0K
2025-07-18 14:20:57,bbva_peru,Jun 17,¿Qué cuenta sorteará en unas semanas 2 DEPAS DE ESTRENO solo por ahorrar?,1,0,1,0,2.0K
2025-07-18 14:20:57,bbva_peru,Jun 16,"Cuenta Independencia BBVA
¿Sabes todos los BENEFICIOS de la Cuenta Independencia BBVA? 

Descúbrelos aquí: bbva.info/4dUWLo4

¿Listo para avanzar?",2,0,0,0,1.0K
2025-07-18 14:20:57,bbva_peru,Jun 10,"Hay muchas formas de avanzar… y una de ellas es ganarte tu nuevo depa de estreno. 🏠💙 Abriendo tu Cuenta Ganadora, participas por 2 departamentos de estreno.

Conoce más aquí: bbva.info/45dZ3fT
#BBVA #CuentasBBVA #Avanzamos",0,0,0,0,1.0K
2025-07-18 14:20:57,bbva_peru,Jun 10,Cuando hay que pagar los servicios existen dos tipos de personas. ¿Cuál eres tú?,0,0,0,0,935
2025-07-18 14:20:57,bbva_peru,Jun 10,"¡Un depa puede ser tuyo! 🙌 Abriendo tu Cuenta Ganadora BBVA desde S/1500, ya estás participando. Ver más información en bbva.pe/cuentas 😉

#CuentasBBVA #BBVA #Avanzamos",0,0,0,0,961
2025-07-18 14:20:57,bbva_peru,Jun 6,"¿Listo para verlos actuar por el Día del Padre? 😊 Si ese día tienes que ir al banco ya sabes que puedes elegir en qué horario hacerlo con Turno Digital desde tu App BBVA. 😎📱

Conoce más aquí: bbva.info/42vhRpz
#BBVA #BancoBBVA #TurnoDigital #Tiempo",0,0,0,0,876
2025-07-18 14:20:57,bbva_peru,Jun 4,"¿Listo para ganar uno de los 2 DEPAS DE ESTRENO que la Cuenta Ganadora BBVA tiene para ti? ¡Abriendo tu cuenta desde S/1,500 participas al instante! 🏢😎

Ábrela Aquí: bbva.info/2kw78IE
#BBVA #BancoBBVA #CuentaGanadoraBBVA #Ahorrar #CuentaDeAhorros",4,0,0,0,809
2025-07-18 14:20:57,bbva_peru,Jun 2,"Tenemos una cuenta para acompañarte en cada manera de avanzar.

#BBVA #proyectos #avanzamos",2,0,3,0,929
2025-07-18 14:20:57,bbva_peru,May 28,Para hacer realidad tu próximo proyecto necesitas un banco que te acompañe con:,5,0,1,0,967
2025-07-18 14:20:57,bbva_peru,May 26,"¿Listo para hacer realidad cada uno de tus proyectos? En BBVA, nos renovamos para acompañarte en cada paso. 😎💪

#BBVA #proyectos #Avanzamos",0,0,2,0,919
2025-07-18 14:20:57,bbva_peru,May 23,Separar tu dinero para cubrir cada gasto del mes es posible con tu App BBVA y su función...,1,0,2,0,1.0K
2025-07-18 14:20:57,bbva_peru,May 23,"¿App o Agencia? 😎 Decide con LIBERTAD desde dónde hacer tus TRANSFERENCIAS TOTALMENTE GRATIS con la Cuenta Independencia BBVA. 💵😉

Abre tu cuenta aquí: bbva.info/32eZMcG
#BBVA #BancoBBVA #CuentaIndependencia #TransferenciasSinComisiones #CercaníaYConfianza",1,0,1,0,896
2025-07-18 14:20:57,bbva_peru,May 22,"🏠🚗🎒✨ No hay proyecto grande o pequeño, lo importante es seguir avanzando. Hoy estrenamos imagen y renovamos nuestro compromiso de acompañarte en cada paso, brindándote las herramientas que impulsan tus decisiones. ¿Avanzamos?",0,0,1,0,880
2025-07-18 14:20:57,bbva_peru,May 20,"Todos tenemos un proyecto que queremos hacer realidad👀 ¿Cuál de estos te motiva más? ¡Mejor aún, escribe el tuyo en los comentarios!",0,0,1,0,673
2025-07-18 14:20:57,bbva_peru,May 19,☝️ Con la Cuenta Independencia BBVA puedo realizar todas mis operaciones por canales físicos TOTALMENTE GRATIS.,1,0,0,0,791
2025-07-18 15:21:53,bbva_peru,11 m,Un día como hoy se redescubrió Machu Picchu. ¿Cuántas veces lo recorriste en alguno de tus viajes con tus Tarjetas BBVA?,0,0,0,0,58
2025-07-18 15:21:53,bbva_peru,Jul 15,¿A qué concierto irás usando los descuentos y beneficios de tus Tarjetas BBVA?,9,0,1,0,2.0K
2025-07-18 15:21:53,bbva_peru,Jul 9,¿Cómo te convendría pagar los pasajes de tu viaje por Fiestas Patrias?,18,0,0,0,4.0K
2025-07-18 15:21:53,bbva_peru,Jun 25,"Mostremos nuestro orgullo todo el año. 🏳️‍🌈🏳️‍⚧️ En Be Yourself, ya impulsamos acciones internas para hacerlo posible, y seguiremos trabajando para que sea una realidad en todo el país. 💪😎

#BBVA #orgullo #pride",18,1,10,1,5.0K
2025-07-18 15:21:53,bbva_peru,Jun 24,"¿Avanzamos? Tus metas se hacen posible con la rentabilidad y seguridad que tiene la Cuenta Vip. Conoce más 👉 bbva.info/40jA8E9  😊

#BBVA #CuentaBBVA #VIP #metas",2,0,0,0,3.0K
2025-07-18 15:21:53,bbva_peru,Jun 18,"¿A qué zona irás en el concierto de Green Day?...
Por cierto, tus Tarjetas BBVA te dan beneficios para que puedas conseguir tus entradas. 😉🙌",3,0,0,0,2.0K
2025-07-18 15:21:53,bbva_peru,Jun 17,¿Qué cuenta sorteará en unas semanas 2 DEPAS DE ESTRENO solo por ahorrar?,1,0,1,0,2.0K
2025-07-18 15:21:53,bbva_peru,Jun 16,"Cuenta Independencia BBVA
¿Sabes todos los BENEFICIOS de la Cuenta Independencia BBVA? 

Descúbrelos aquí: bbva.info/4dUWLo4

¿Listo para avanzar?",2,0,0,0,1.0K
2025-07-18 15:21:53,bbva_peru,Jun 10,"Hay muchas formas de avanzar… y una de ellas es ganarte tu nuevo depa de estreno. 🏠💙 Abriendo tu Cuenta Ganadora, participas por 2 departamentos de estreno.

Conoce más aquí: bbva.info/45dZ3fT
#BBVA #CuentasBBVA #Avanzamos",0,0,0,0,1.0K
2025-07-18 15:21:53,bbva_peru,Jun 10,Cuando hay que pagar los servicios existen dos tipos de personas. ¿Cuál eres tú?,0,0,0,0,935
2025-07-18 15:21:53,bbva_peru,Jun 10,"¡Un depa puede ser tuyo! 🙌 Abriendo tu Cuenta Ganadora BBVA desde S/1500, ya estás participando. Ver más información en bbva.pe/cuentas 😉

#CuentasBBVA #BBVA #Avanzamos",0,0,0,0,961
2025-07-18 15:21:53,bbva_peru,Jun 6,"¿Listo para verlos actuar por el Día del Padre? 😊 Si ese día tienes que ir al banco ya sabes que puedes elegir en qué horario hacerlo con Turno Digital desde tu App BBVA. 😎📱

Conoce más aquí: bbva.info/42vhRpz
#BBVA #BancoBBVA #TurnoDigital #Tiempo",0,0,0,0,876
2025-07-18 15:21:53,bbva_peru,Jun 4,"¿Listo para ganar uno de los 2 DEPAS DE ESTRENO que la Cuenta Ganadora BBVA tiene para ti? ¡Abriendo tu cuenta desde S/1,500 participas al instante! 🏢😎

Ábrela Aquí: bbva.info/2kw78IE
#BBVA #BancoBBVA #CuentaGanadoraBBVA #Ahorrar #CuentaDeAhorros",4,0,0,0,809
2025-07-18 15:21:53,bbva_peru,Jun 2,"Tenemos una cuenta para acompañarte en cada manera de avanzar.

#BBVA #proyectos #avanzamos",2,0,3,0,929
2025-07-18 15:21:53,bbva_peru,May 28,Para hacer realidad tu próximo proyecto necesitas un banco que te acompañe con:,5,0,1,0,967
2025-07-18 15:21:53,bbva_peru,May 26,"¿Listo para hacer realidad cada uno de tus proyectos? En BBVA, nos renovamos para acompañarte en cada paso. 😎💪

#BBVA #proyectos #Avanzamos",0,0,2,0,919
2025-07-18 15:21:53,bbva_peru,May 23,Separar tu dinero para cubrir cada gasto del mes es posible con tu App BBVA y su función...,1,0,2,0,1.0K
2025-07-18 15:21:53,bbva_peru,May 23,"¿App o Agencia? 😎 Decide con LIBERTAD desde dónde hacer tus TRANSFERENCIAS TOTALMENTE GRATIS con la Cuenta Independencia BBVA. 💵😉

Abre tu cuenta aquí: bbva.info/32eZMcG
#BBVA #BancoBBVA #CuentaIndependencia #TransferenciasSinComisiones #CercaníaYConfianza",1,0,1,0,896
2025-07-18 15:21:53,bbva_peru,May 22,"🏠🚗🎒✨ No hay proyecto grande o pequeño, lo importante es seguir avanzando. Hoy estrenamos imagen y renovamos nuestro compromiso de acompañarte en cada paso, brindándote las herramientas que impulsan tus decisiones. ¿Avanzamos?",0,0,1,0,880
2025-07-18 15:21:53,bbva_peru,May 20,"Todos tenemos un proyecto que queremos hacer realidad👀 ¿Cuál de estos te motiva más? ¡Mejor aún, escribe el tuyo en los comentarios!",0,0,1,0,673
2025-07-18 16:27:41,bbva_peru,1 h,Un día como hoy se redescubrió Machu Picchu. ¿Cuántas veces lo recorriste en alguno de tus viajes con tus Tarjetas BBVA?,0,0,0,0,144
2025-07-18 16:27:41,bbva_peru,Jul 15,¿A qué concierto irás usando los descuentos y beneficios de tus Tarjetas BBVA?,9,0,1,0,2.0K
2025-07-18 16:27:41,bbva_peru,Jul 9,¿Cómo te convendría pagar los pasajes de tu viaje por Fiestas Patrias?,18,0,0,0,4.0K
2025-07-18 16:27:41,bbva_peru,Jun 25,"Mostremos nuestro orgullo todo el año. 🏳️‍🌈🏳️‍⚧️ En Be Yourself, ya impulsamos acciones internas para hacerlo posible, y seguiremos trabajando para que sea una realidad en todo el país. 💪😎

#BBVA #orgullo #pride",18,1,10,1,5.0K
2025-07-18 16:27:41,bbva_peru,Jun 24,"¿Avanzamos? Tus metas se hacen posible con la rentabilidad y seguridad que tiene la Cuenta Vip. Conoce más 👉 bbva.info/40jA8E9  😊

#BBVA #CuentaBBVA #VIP #metas",2,0,0,0,3.0K
2025-07-18 16:27:41,bbva_peru,Jun 18,"¿A qué zona irás en el concierto de Green Day?...
Por cierto, tus Tarjetas BBVA te dan beneficios para que puedas conseguir tus entradas. 😉🙌",3,0,0,0,2.0K
2025-07-18 16:27:41,bbva_peru,Jun 17,¿Qué cuenta sorteará en unas semanas 2 DEPAS DE ESTRENO solo por ahorrar?,1,0,1,0,2.0K
2025-07-18 16:27:41,bbva_peru,Jun 16,"Cuenta Independencia BBVA
¿Sabes todos los BENEFICIOS de la Cuenta Independencia BBVA? 

Descúbrelos aquí: bbva.info/4dUWLo4

¿Listo para avanzar?",2,0,0,0,1.0K
2025-07-18 16:27:41,bbva_peru,Jun 10,"Hay muchas formas de avanzar… y una de ellas es ganarte tu nuevo depa de estreno. 🏠💙 Abriendo tu Cuenta Ganadora, participas por 2 departamentos de estreno.

Conoce más aquí: bbva.info/45dZ3fT
#BBVA #CuentasBBVA #Avanzamos",0,0,0,0,1.0K
2025-07-18 16:27:41,bbva_peru,Jun 10,Cuando hay que pagar los servicios existen dos tipos de personas. ¿Cuál eres tú?,0,0,0,0,936
2025-07-18 16:27:41,bbva_peru,Jun 10,"¡Un depa puede ser tuyo! 🙌 Abriendo tu Cuenta Ganadora BBVA desde S/1500, ya estás participando. Ver más información en bbva.pe/cuentas 😉

#CuentasBBVA #BBVA #Avanzamos",0,0,0,0,962
2025-07-18 16:27:41,bbva_peru,Jun 6,"¿Listo para verlos actuar por el Día del Padre? 😊 Si ese día tienes que ir al banco ya sabes que puedes elegir en qué horario hacerlo con Turno Digital desde tu App BBVA. 😎📱

Conoce más aquí: bbva.info/42vhRpz
#BBVA #BancoBBVA #TurnoDigital #Tiempo",0,0,0,0,877
2025-07-18 16:27:41,bbva_peru,Jun 4,"¿Listo para ganar uno de los 2 DEPAS DE ESTRENO que la Cuenta Ganadora BBVA tiene para ti? ¡Abriendo tu cuenta desde S/1,500 participas al instante! 🏢😎

Ábrela Aquí: bbva.info/2kw78IE
#BBVA #BancoBBVA #CuentaGanadoraBBVA #Ahorrar #CuentaDeAhorros",4,0,0,0,809
2025-07-18 16:27:41,bbva_peru,Jun 2,"Tenemos una cuenta para acompañarte en cada manera de avanzar.

#BBVA #proyectos #avanzamos",2,0,3,0,929
2025-07-18 16:27:41,bbva_peru,May 28,Para hacer realidad tu próximo proyecto necesitas un banco que te acompañe con:,5,0,1,0,968
2025-07-18 16:27:41,bbva_peru,May 26,"¿Listo para hacer realidad cada uno de tus proyectos? En BBVA, nos renovamos para acompañarte en cada paso. 😎💪

#BBVA #proyectos #Avanzamos",0,0,2,0,920
2025-07-18 16:27:41,bbva_peru,May 23,Separar tu dinero para cubrir cada gasto del mes es posible con tu App BBVA y su función...,1,0,2,0,1.0K
2025-07-18 16:27:41,bbva_peru,May 23,"¿App o Agencia? 😎 Decide con LIBERTAD desde dónde hacer tus TRANSFERENCIAS TOTALMENTE GRATIS con la Cuenta Independencia BBVA. 💵😉

Abre tu cuenta aquí: bbva.info/32eZMcG
#BBVA #BancoBBVA #CuentaIndependencia #TransferenciasSinComisiones #CercaníaYConfianza",1,0,1,0,897
2025-07-18 16:27:41,bbva_peru,May 22,"🏠🚗🎒✨ No hay proyecto grande o pequeño, lo importante es seguir avanzando. Hoy estrenamos imagen y renovamos nuestro compromiso de acompañarte en cada paso, brindándote las herramientas que impulsan tus decisiones. ¿Avanzamos?",0,0,1,0,879
2025-07-18 16:27:41,bbva_peru,May 20,"Todos tenemos un proyecto que queremos hacer realidad👀 ¿Cuál de estos te motiva más? ¡Mejor aún, escribe el tuyo en los comentarios!",0,0,1,0,672
2025-07-18 17:21:01,bbva_peru,2 h,Un día como hoy se redescubrió Machu Picchu. ¿Cuántas veces lo recorriste en alguno de tus viajes con tus Tarjetas BBVA?,0,0,0,0,161
2025-07-18 17:21:01,bbva_peru,Jul 15,¿A qué concierto irás usando los descuentos y beneficios de tus Tarjetas BBVA?,9,0,1,0,2.0K
2025-07-18 17:21:01,bbva_peru,Jul 9,¿Cómo te convendría pagar los pasajes de tu viaje por Fiestas Patrias?,18,0,0,0,4.0K
2025-07-18 17:21:01,bbva_peru,Jun 25,"Mostremos nuestro orgullo todo el año. 🏳️‍🌈🏳️‍⚧️ En Be Yourself, ya impulsamos acciones internas para hacerlo posible, y seguiremos trabajando para que sea una realidad en todo el país. 💪😎

#BBVA #orgullo #pride",18,1,10,1,5.0K
2025-07-18 17:21:01,bbva_peru,Jun 24,"¿Avanzamos? Tus metas se hacen posible con la rentabilidad y seguridad que tiene la Cuenta Vip. Conoce más 👉 bbva.info/40jA8E9  😊

#BBVA #CuentaBBVA #VIP #metas",2,0,0,0,3.0K
2025-07-18 17:21:01,bbva_peru,Jun 18,"¿A qué zona irás en el concierto de Green Day?...
Por cierto, tus Tarjetas BBVA te dan beneficios para que puedas conseguir tus entradas. 😉🙌",3,0,0,0,2.0K
2025-07-18 17:21:01,bbva_peru,Jun 17,¿Qué cuenta sorteará en unas semanas 2 DEPAS DE ESTRENO solo por ahorrar?,1,0,1,0,2.0K
2025-07-18 17:21:01,bbva_peru,Jun 16,"Cuenta Independencia BBVA
¿Sabes todos los BENEFICIOS de la Cuenta Independencia BBVA? 

Descúbrelos aquí: bbva.info/4dUWLo4

¿Listo para avanzar?",2,0,0,0,1.0K
2025-07-18 17:21:01,bbva_peru,Jun 10,"Hay muchas formas de avanzar… y una de ellas es ganarte tu nuevo depa de estreno. 🏠💙 Abriendo tu Cuenta Ganadora, participas por 2 departamentos de estreno.

Conoce más aquí: bbva.info/45dZ3fT
#BBVA #CuentasBBVA #Avanzamos",0,0,0,0,1.0K
2025-07-18 17:21:01,bbva_peru,Jun 10,Cuando hay que pagar los servicios existen dos tipos de personas. ¿Cuál eres tú?,0,0,0,0,936
2025-07-18 17:21:01,bbva_peru,Jun 10,"¡Un depa puede ser tuyo! 🙌 Abriendo tu Cuenta Ganadora BBVA desde S/1500, ya estás participando. Ver más información en bbva.pe/cuentas 😉

#CuentasBBVA #BBVA #Avanzamos",0,0,0,0,962
2025-07-18 17:21:01,bbva_peru,Jun 6,"¿Listo para verlos actuar por el Día del Padre? 😊 Si ese día tienes que ir al banco ya sabes que puedes elegir en qué horario hacerlo con Turno Digital desde tu App BBVA. 😎📱

Conoce más aquí: bbva.info/42vhRpz
#BBVA #BancoBBVA #TurnoDigital #Tiempo",0,0,0,0,877
2025-07-18 17:21:01,bbva_peru,Jun 4,"¿Listo para ganar uno de los 2 DEPAS DE ESTRENO que la Cuenta Ganadora BBVA tiene para ti? ¡Abriendo tu cuenta desde S/1,500 participas al instante! 🏢😎

Ábrela Aquí: bbva.info/2kw78IE
#BBVA #BancoBBVA #CuentaGanadoraBBVA #Ahorrar #CuentaDeAhorros",4,0,0,0,809
2025-07-18 17:21:01,bbva_peru,Jun 2,"Tenemos una cuenta para acompañarte en cada manera de avanzar.

#BBVA #proyectos #avanzamos",2,0,3,0,929
2025-07-18 17:21:01,bbva_peru,May 28,Para hacer realidad tu próximo proyecto necesitas un banco que te acompañe con:,5,0,1,0,968
2025-07-18 17:21:01,bbva_peru,May 26,"¿Listo para hacer realidad cada uno de tus proyectos? En BBVA, nos renovamos para acompañarte en cada paso. 😎💪

#BBVA #proyectos #Avanzamos",0,0,2,0,919
2025-07-18 17:21:01,bbva_peru,May 23,Separar tu dinero para cubrir cada gasto del mes es posible con tu App BBVA y su función...,1,0,2,0,1.0K
2025-07-18 17:21:01,bbva_peru,May 23,"¿App o Agencia? 😎 Decide con LIBERTAD desde dónde hacer tus TRANSFERENCIAS TOTALMENTE GRATIS con la Cuenta Independencia BBVA. 💵😉

Abre tu cuenta aquí: bbva.info/32eZMcG
#BBVA #BancoBBVA #CuentaIndependencia #TransferenciasSinComisiones #CercaníaYConfianza",1,0,1,0,896
2025-07-18 17:21:01,bbva_peru,May 22,"🏠🚗🎒✨ No hay proyecto grande o pequeño, lo importante es seguir avanzando. Hoy estrenamos imagen y renovamos nuestro compromiso de acompañarte en cada paso, brindándote las herramientas que impulsan tus decisiones. ¿Avanzamos?",0,0,1,0,880
2025-07-18 17:21:01,bbva_peru,May 20,"Todos tenemos un proyecto que queremos hacer realidad👀 ¿Cuál de estos te motiva más? ¡Mejor aún, escribe el tuyo en los comentarios!",0,0,1,0,673
2025-07-18 18:29:49,bbva_peru,3 h,Un día como hoy se redescubrió Machu Picchu. ¿Cuántas veces lo recorriste en alguno de tus viajes con tus Tarjetas BBVA?,0,0,0,0,179
2025-07-18 18:29:49,bbva_peru,Jul 15,¿A qué concierto irás usando los descuentos y beneficios de tus Tarjetas BBVA?,9,0,1,0,2.0K
2025-07-18 18:29:49,bbva_peru,Jul 9,¿Cómo te convendría pagar los pasajes de tu viaje por Fiestas Patrias?,18,0,0,0,4.0K
2025-07-18 18:29:49,bbva_peru,Jun 25,"Mostremos nuestro orgullo todo el año. 🏳️‍🌈🏳️‍⚧️ En Be Yourself, ya impulsamos acciones internas para hacerlo posible, y seguiremos trabajando para que sea una realidad en todo el país. 💪😎

#BBVA #orgullo #pride",18,1,10,1,5.0K
2025-07-18 18:29:49,bbva_peru,Jun 24,"¿Avanzamos? Tus metas se hacen posible con la rentabilidad y seguridad que tiene la Cuenta Vip. Conoce más 👉 bbva.info/40jA8E9  😊

#BBVA #CuentaBBVA #VIP #metas",2,0,0,0,3.0K
2025-07-18 18:29:49,bbva_peru,Jun 18,"¿A qué zona irás en el concierto de Green Day?...
Por cierto, tus Tarjetas BBVA te dan beneficios para que puedas conseguir tus entradas. 😉🙌",3,0,0,0,2.0K
2025-07-18 18:29:49,bbva_peru,Jun 17,¿Qué cuenta sorteará en unas semanas 2 DEPAS DE ESTRENO solo por ahorrar?,1,0,1,0,2.0K
2025-07-18 18:29:49,bbva_peru,Jun 16,"Cuenta Independencia BBVA
¿Sabes todos los BENEFICIOS de la Cuenta Independencia BBVA? 

Descúbrelos aquí: bbva.info/4dUWLo4

¿Listo para avanzar?",2,0,0,0,1.0K
2025-07-18 18:29:49,bbva_peru,Jun 10,"Hay muchas formas de avanzar… y una de ellas es ganarte tu nuevo depa de estreno. 🏠💙 Abriendo tu Cuenta Ganadora, participas por 2 departamentos de estreno.

Conoce más aquí: bbva.info/45dZ3fT
#BBVA #CuentasBBVA #Avanzamos",0,0,0,0,1.0K
2025-07-18 18:29:49,bbva_peru,Jun 10,Cuando hay que pagar los servicios existen dos tipos de personas. ¿Cuál eres tú?,0,0,0,0,936
2025-07-18 18:29:49,bbva_peru,Jun 10,"¡Un depa puede ser tuyo! 🙌 Abriendo tu Cuenta Ganadora BBVA desde S/1500, ya estás participando. Ver más información en bbva.pe/cuentas 😉

#CuentasBBVA #BBVA #Avanzamos",0,0,0,0,962
2025-07-18 18:29:49,bbva_peru,Jun 6,"¿Listo para verlos actuar por el Día del Padre? 😊 Si ese día tienes que ir al banco ya sabes que puedes elegir en qué horario hacerlo con Turno Digital desde tu App BBVA. 😎📱

Conoce más aquí: bbva.info/42vhRpz
#BBVA #BancoBBVA #TurnoDigital #Tiempo",0,0,0,0,877
2025-07-18 18:29:49,bbva_peru,Jun 4,"¿Listo para ganar uno de los 2 DEPAS DE ESTRENO que la Cuenta Ganadora BBVA tiene para ti? ¡Abriendo tu cuenta desde S/1,500 participas al instante! 🏢😎

Ábrela Aquí: bbva.info/2kw78IE
#BBVA #BancoBBVA #CuentaGanadoraBBVA #Ahorrar #CuentaDeAhorros",4,0,0,0,809
2025-07-18 18:29:49,bbva_peru,Jun 2,"Tenemos una cuenta para acompañarte en cada manera de avanzar.

#BBVA #proyectos #avanzamos",2,0,3,0,929
2025-07-18 18:29:49,bbva_peru,May 28,Para hacer realidad tu próximo proyecto necesitas un banco que te acompañe con:,5,0,1,0,968
2025-07-18 18:29:49,bbva_peru,May 26,"¿Listo para hacer realidad cada uno de tus proyectos? En BBVA, nos renovamos para acompañarte en cada paso. 😎💪

#BBVA #proyectos #Avanzamos",0,0,2,0,919
2025-07-18 18:29:49,bbva_peru,May 23,Separar tu dinero para cubrir cada gasto del mes es posible con tu App BBVA y su función...,1,0,2,0,1.0K
2025-07-18 18:29:49,bbva_peru,May 23,"¿App o Agencia? 😎 Decide con LIBERTAD desde dónde hacer tus TRANSFERENCIAS TOTALMENTE GRATIS con la Cuenta Independencia BBVA. 💵😉

Abre tu cuenta aquí: bbva.info/32eZMcG
#BBVA #BancoBBVA #CuentaIndependencia #TransferenciasSinComisiones #CercaníaYConfianza",1,0,1,0,896
2025-07-18 18:29:49,bbva_peru,May 22,"🏠🚗🎒✨ No hay proyecto grande o pequeño, lo importante es seguir avanzando. Hoy estrenamos imagen y renovamos nuestro compromiso de acompañarte en cada paso, brindándote las herramientas que impulsan tus decisiones. ¿Avanzamos?",0,0,1,0,880
2025-07-18 18:29:49,bbva_peru,May 20,"Todos tenemos un proyecto que queremos hacer realidad👀 ¿Cuál de estos te motiva más? ¡Mejor aún, escribe el tuyo en los comentarios!",0,0,1,0,673
2025-07-18 19:17:22,bbva_peru,4 h,Un día como hoy se redescubrió Machu Picchu. ¿Cuántas veces lo recorriste en alguno de tus viajes con tus Tarjetas BBVA?,0,0,0,0,191
2025-07-18 19:17:22,bbva_peru,Jul 15,¿A qué concierto irás usando los descuentos y beneficios de tus Tarjetas BBVA?,9,0,1,0,2.0K
2025-07-18 19:17:22,bbva_peru,Jul 9,¿Cómo te convendría pagar los pasajes de tu viaje por Fiestas Patrias?,18,0,0,0,4.0K
2025-07-18 19:17:22,bbva_peru,Jun 25,"Mostremos nuestro orgullo todo el año. 🏳️‍🌈🏳️‍⚧️ En Be Yourself, ya impulsamos acciones internas para hacerlo posible, y seguiremos trabajando para que sea una realidad en todo el país. 💪😎

#BBVA #orgullo #pride",18,1,10,1,5.0K
2025-07-18 19:17:22,bbva_peru,Jun 24,"¿Avanzamos? Tus metas se hacen posible con la rentabilidad y seguridad que tiene la Cuenta Vip. Conoce más 👉 bbva.info/40jA8E9  😊

#BBVA #CuentaBBVA #VIP #metas",2,0,0,0,3.0K
2025-07-18 19:17:22,bbva_peru,Jun 18,"¿A qué zona irás en el concierto de Green Day?...
Por cierto, tus Tarjetas BBVA te dan beneficios para que puedas conseguir tus entradas. 😉🙌",3,0,0,0,2.0K
2025-07-18 19:17:22,bbva_peru,Jun 17,¿Qué cuenta sorteará en unas semanas 2 DEPAS DE ESTRENO solo por ahorrar?,1,0,1,0,2.0K
2025-07-18 19:17:22,bbva_peru,Jun 16,"Cuenta Independencia BBVA
¿Sabes todos los BENEFICIOS de la Cuenta Independencia BBVA? 

Descúbrelos aquí: bbva.info/4dUWLo4

¿Listo para avanzar?",2,0,0,0,1.0K
2025-07-18 19:17:22,bbva_peru,Jun 10,"Hay muchas formas de avanzar… y una de ellas es ganarte tu nuevo depa de estreno. 🏠💙 Abriendo tu Cuenta Ganadora, participas por 2 departamentos de estreno.

Conoce más aquí: bbva.info/45dZ3fT
#BBVA #CuentasBBVA #Avanzamos",0,0,0,0,1.0K
2025-07-18 19:17:22,bbva_peru,Jun 10,Cuando hay que pagar los servicios existen dos tipos de personas. ¿Cuál eres tú?,0,0,0,0,936
2025-07-18 19:17:22,bbva_peru,Jun 10,"¡Un depa puede ser tuyo! 🙌 Abriendo tu Cuenta Ganadora BBVA desde S/1500, ya estás participando. Ver más información en bbva.pe/cuentas 😉

#CuentasBBVA #BBVA #Avanzamos",0,0,0,0,962
2025-07-18 19:17:22,bbva_peru,Jun 6,"¿Listo para verlos actuar por el Día del Padre? 😊 Si ese día tienes que ir al banco ya sabes que puedes elegir en qué horario hacerlo con Turno Digital desde tu App BBVA. 😎📱

Conoce más aquí: bbva.info/42vhRpz
#BBVA #BancoBBVA #TurnoDigital #Tiempo",0,0,0,0,877
2025-07-18 19:17:22,bbva_peru,Jun 4,"¿Listo para ganar uno de los 2 DEPAS DE ESTRENO que la Cuenta Ganadora BBVA tiene para ti? ¡Abriendo tu cuenta desde S/1,500 participas al instante! 🏢😎

Ábrela Aquí: bbva.info/2kw78IE
#BBVA #BancoBBVA #CuentaGanadoraBBVA #Ahorrar #CuentaDeAhorros",4,0,0,0,809
2025-07-18 19:17:22,bbva_peru,Jun 2,"Tenemos una cuenta para acompañarte en cada manera de avanzar.

#BBVA #proyectos #avanzamos",2,0,3,0,929
2025-07-18 19:17:22,bbva_peru,May 28,Para hacer realidad tu próximo proyecto necesitas un banco que te acompañe con:,5,0,1,0,968
2025-07-18 19:17:22,bbva_peru,May 26,"¿Listo para hacer realidad cada uno de tus proyectos? En BBVA, nos renovamos para acompañarte en cada paso. 😎💪

#BBVA #proyectos #Avanzamos",0,0,2,0,919
2025-07-18 19:17:22,bbva_peru,May 23,Separar tu dinero para cubrir cada gasto del mes es posible con tu App BBVA y su función...,1,0,2,0,1.0K
2025-07-18 19:17:22,bbva_peru,May 23,"¿App o Agencia? 😎 Decide con LIBERTAD desde dónde hacer tus TRANSFERENCIAS TOTALMENTE GRATIS con la Cuenta Independencia BBVA. 💵😉

Abre tu cuenta aquí: bbva.info/32eZMcG
#BBVA #BancoBBVA #CuentaIndependencia #TransferenciasSinComisiones #CercaníaYConfianza",1,0,1,0,896
2025-07-18 19:17:22,bbva_peru,May 22,"🏠🚗🎒✨ No hay proyecto grande o pequeño, lo importante es seguir avanzando. Hoy estrenamos imagen y renovamos nuestro compromiso de acompañarte en cada paso, brindándote las herramientas que impulsan tus decisiones. ¿Avanzamos?",0,0,1,0,880
2025-07-18 19:17:22,bbva_peru,May 20,"Todos tenemos un proyecto que queremos hacer realidad👀 ¿Cuál de estos te motiva más? ¡Mejor aún, escribe el tuyo en los comentarios!",0,0,1,0,673
2025-07-18 20:23:09,bbva_peru,5 h,Un día como hoy se redescubrió Machu Picchu. ¿Cuántas veces lo recorriste en alguno de tus viajes con tus Tarjetas BBVA?,0,0,0,0,203
2025-07-18 20:23:09,bbva_peru,Jul 15,¿A qué concierto irás usando los descuentos y beneficios de tus Tarjetas BBVA?,9,0,1,0,2.0K
2025-07-18 20:23:09,bbva_peru,Jul 9,¿Cómo te convendría pagar los pasajes de tu viaje por Fiestas Patrias?,18,0,0,0,4.0K
2025-07-18 20:23:09,bbva_peru,Jun 25,"Mostremos nuestro orgullo todo el año. 🏳️‍🌈🏳️‍⚧️ En Be Yourself, ya impulsamos acciones internas para hacerlo posible, y seguiremos trabajando para que sea una realidad en todo el país. 💪😎

#BBVA #orgullo #pride",18,1,10,1,5.0K
2025-07-18 20:23:09,bbva_peru,Jun 24,"¿Avanzamos? Tus metas se hacen posible con la rentabilidad y seguridad que tiene la Cuenta Vip. Conoce más 👉 bbva.info/40jA8E9  😊

#BBVA #CuentaBBVA #VIP #metas",2,0,0,0,3.0K
2025-07-18 20:23:09,bbva_peru,Jun 18,"¿A qué zona irás en el concierto de Green Day?...
Por cierto, tus Tarjetas BBVA te dan beneficios para que puedas conseguir tus entradas. 😉🙌",3,0,0,0,2.0K
2025-07-18 20:23:09,bbva_peru,Jun 17,¿Qué cuenta sorteará en unas semanas 2 DEPAS DE ESTRENO solo por ahorrar?,1,0,1,0,2.0K
2025-07-18 20:23:09,bbva_peru,Jun 16,"Cuenta Independencia BBVA
¿Sabes todos los BENEFICIOS de la Cuenta Independencia BBVA? 

Descúbrelos aquí: bbva.info/4dUWLo4

¿Listo para avanzar?",2,0,0,0,1.0K
2025-07-18 20:23:09,bbva_peru,Jun 10,"Hay muchas formas de avanzar… y una de ellas es ganarte tu nuevo depa de estreno. 🏠💙 Abriendo tu Cuenta Ganadora, participas por 2 departamentos de estreno.

Conoce más aquí: bbva.info/45dZ3fT
#BBVA #CuentasBBVA #Avanzamos",0,0,0,0,1.0K
2025-07-18 20:23:09,bbva_peru,Jun 10,Cuando hay que pagar los servicios existen dos tipos de personas. ¿Cuál eres tú?,0,0,0,0,936
2025-07-18 20:23:09,bbva_peru,Jun 10,"¡Un depa puede ser tuyo! 🙌 Abriendo tu Cuenta Ganadora BBVA desde S/1500, ya estás participando. Ver más información en bbva.pe/cuentas 😉

#CuentasBBVA #BBVA #Avanzamos",0,0,0,0,962
2025-07-18 20:23:09,bbva_peru,Jun 6,"¿Listo para verlos actuar por el Día del Padre? 😊 Si ese día tienes que ir al banco ya sabes que puedes elegir en qué horario hacerlo con Turno Digital desde tu App BBVA. 😎📱

Conoce más aquí: bbva.info/42vhRpz
#BBVA #BancoBBVA #TurnoDigital #Tiempo",0,0,0,0,877
2025-07-18 20:23:09,bbva_peru,Jun 4,"¿Listo para ganar uno de los 2 DEPAS DE ESTRENO que la Cuenta Ganadora BBVA tiene para ti? ¡Abriendo tu cuenta desde S/1,500 participas al instante! 🏢😎

Ábrela Aquí: bbva.info/2kw78IE
#BBVA #BancoBBVA #CuentaGanadoraBBVA #Ahorrar #CuentaDeAhorros",4,0,0,0,809
2025-07-18 20:23:09,bbva_peru,Jun 2,"Tenemos una cuenta para acompañarte en cada manera de avanzar.

#BBVA #proyectos #avanzamos",2,0,3,0,929
2025-07-18 20:23:09,bbva_peru,May 28,Para hacer realidad tu próximo proyecto necesitas un banco que te acompañe con:,5,0,1,0,968
2025-07-18 20:23:09,bbva_peru,May 26,"¿Listo para hacer realidad cada uno de tus proyectos? En BBVA, nos renovamos para acompañarte en cada paso. 😎💪

#BBVA #proyectos #Avanzamos",0,0,2,0,919
2025-07-18 20:23:09,bbva_peru,May 23,Separar tu dinero para cubrir cada gasto del mes es posible con tu App BBVA y su función...,1,0,2,0,1.0K
2025-07-18 20:23:09,bbva_peru,May 23,"¿App o Agencia? 😎 Decide con LIBERTAD desde dónde hacer tus TRANSFERENCIAS TOTALMENTE GRATIS con la Cuenta Independencia BBVA. 💵😉

Abre tu cuenta aquí: bbva.info/32eZMcG
#BBVA #BancoBBVA #CuentaIndependencia #TransferenciasSinComisiones #CercaníaYConfianza",1,0,1,0,896
2025-07-18 20:23:09,bbva_peru,May 22,"🏠🚗🎒✨ No hay proyecto grande o pequeño, lo importante es seguir avanzando. Hoy estrenamos imagen y renovamos nuestro compromiso de acompañarte en cada paso, brindándote las herramientas que impulsan tus decisiones. ¿Avanzamos?",0,0,1,0,880
2025-07-18 20:23:09,bbva_peru,May 20,"Todos tenemos un proyecto que queremos hacer realidad👀 ¿Cuál de estos te motiva más? ¡Mejor aún, escribe el tuyo en los comentarios!",0,0,1,0,673
2025-07-18 21:20:22,bbva_peru,6 h,Un día como hoy se redescubrió Machu Picchu. ¿Cuántas veces lo recorriste en alguno de tus viajes con tus Tarjetas BBVA?,0,0,0,0,210
2025-07-18 21:20:22,bbva_peru,Jul 15,¿A qué concierto irás usando los descuentos y beneficios de tus Tarjetas BBVA?,9,0,1,0,2.0K
2025-07-18 21:20:22,bbva_peru,Jul 9,¿Cómo te convendría pagar los pasajes de tu viaje por Fiestas Patrias?,18,0,0,0,4.0K
2025-07-18 21:20:22,bbva_peru,Jun 25,"Mostremos nuestro orgullo todo el año. 🏳️‍🌈🏳️‍⚧️ En Be Yourself, ya impulsamos acciones internas para hacerlo posible, y seguiremos trabajando para que sea una realidad en todo el país. 💪😎

#BBVA #orgullo #pride",18,1,10,1,5.0K
2025-07-18 21:20:22,bbva_peru,Jun 24,"¿Avanzamos? Tus metas se hacen posible con la rentabilidad y seguridad que tiene la Cuenta Vip. Conoce más 👉 bbva.info/40jA8E9  😊

#BBVA #CuentaBBVA #VIP #metas",2,0,0,0,3.0K
2025-07-18 21:20:22,bbva_peru,Jun 18,"¿A qué zona irás en el concierto de Green Day?...
Por cierto, tus Tarjetas BBVA te dan beneficios para que puedas conseguir tus entradas. 😉🙌",3,0,0,0,2.0K
2025-07-18 21:20:22,bbva_peru,Jun 17,¿Qué cuenta sorteará en unas semanas 2 DEPAS DE ESTRENO solo por ahorrar?,1,0,1,0,2.0K
2025-07-18 21:20:22,bbva_peru,Jun 16,"Cuenta Independencia BBVA
¿Sabes todos los BENEFICIOS de la Cuenta Independencia BBVA? 

Descúbrelos aquí: bbva.info/4dUWLo4

¿Listo para avanzar?",2,0,0,0,1.0K
2025-07-18 21:20:22,bbva_peru,Jun 10,"Hay muchas formas de avanzar… y una de ellas es ganarte tu nuevo depa de estreno. 🏠💙 Abriendo tu Cuenta Ganadora, participas por 2 departamentos de estreno.

Conoce más aquí: bbva.info/45dZ3fT
#BBVA #CuentasBBVA #Avanzamos",0,0,0,0,1.0K
2025-07-18 21:20:22,bbva_peru,Jun 10,Cuando hay que pagar los servicios existen dos tipos de personas. ¿Cuál eres tú?,0,0,0,0,936
2025-07-18 21:20:22,bbva_peru,Jun 10,"¡Un depa puede ser tuyo! 🙌 Abriendo tu Cuenta Ganadora BBVA desde S/1500, ya estás participando. Ver más información en bbva.pe/cuentas 😉

#CuentasBBVA #BBVA #Avanzamos",0,0,0,0,962
2025-07-18 21:20:22,bbva_peru,Jun 6,"¿Listo para verlos actuar por el Día del Padre? 😊 Si ese día tienes que ir al banco ya sabes que puedes elegir en qué horario hacerlo con Turno Digital desde tu App BBVA. 😎📱

Conoce más aquí: bbva.info/42vhRpz
#BBVA #BancoBBVA #TurnoDigital #Tiempo",0,0,0,0,877
2025-07-18 21:20:22,bbva_peru,Jun 4,"¿Listo para ganar uno de los 2 DEPAS DE ESTRENO que la Cuenta Ganadora BBVA tiene para ti? ¡Abriendo tu cuenta desde S/1,500 participas al instante! 🏢😎

Ábrela Aquí: bbva.info/2kw78IE
#BBVA #BancoBBVA #CuentaGanadoraBBVA #Ahorrar #CuentaDeAhorros",4,0,0,0,809
2025-07-18 21:20:22,bbva_peru,Jun 2,"Tenemos una cuenta para acompañarte en cada manera de avanzar.

#BBVA #proyectos #avanzamos",2,0,3,0,929
2025-07-18 21:20:22,bbva_peru,May 28,Para hacer realidad tu próximo proyecto necesitas un banco que te acompañe con:,5,0,1,0,968
2025-07-18 21:20:22,bbva_peru,May 26,"¿Listo para hacer realidad cada uno de tus proyectos? En BBVA, nos renovamos para acompañarte en cada paso. 😎💪

#BBVA #proyectos #Avanzamos",0,0,2,0,919
2025-07-18 21:20:22,bbva_peru,May 23,Separar tu dinero para cubrir cada gasto del mes es posible con tu App BBVA y su función...,1,0,2,0,1.0K
2025-07-18 21:20:22,bbva_peru,May 23,"¿App o Agencia? 😎 Decide con LIBERTAD desde dónde hacer tus TRANSFERENCIAS TOTALMENTE GRATIS con la Cuenta Independencia BBVA. 💵😉

Abre tu cuenta aquí: bbva.info/32eZMcG
#BBVA #BancoBBVA #CuentaIndependencia #TransferenciasSinComisiones #CercaníaYConfianza",1,0,1,0,896
2025-07-18 21:20:22,bbva_peru,May 22,"🏠🚗🎒✨ No hay proyecto grande o pequeño, lo importante es seguir avanzando. Hoy estrenamos imagen y renovamos nuestro compromiso de acompañarte en cada paso, brindándote las herramientas que impulsan tus decisiones. ¿Avanzamos?",0,0,1,0,880
2025-07-18 21:20:22,bbva_peru,May 20,"Todos tenemos un proyecto que queremos hacer realidad👀 ¿Cuál de estos te motiva más? ¡Mejor aún, escribe el tuyo en los comentarios!",0,0,1,0,673
2025-07-18 22:20:54,bbva_peru,7 h,Un día como hoy se redescubrió Machu Picchu. ¿Cuántas veces lo recorriste en alguno de tus viajes con tus Tarjetas BBVA?,0,0,0,0,213
2025-07-18 22:20:54,bbva_peru,Jul 15,¿A qué concierto irás usando los descuentos y beneficios de tus Tarjetas BBVA?,9,0,1,0,2.0K
2025-07-18 22:20:54,bbva_peru,Jul 9,¿Cómo te convendría pagar los pasajes de tu viaje por Fiestas Patrias?,18,0,0,0,4.0K
2025-07-18 22:20:54,bbva_peru,Jun 25,"Mostremos nuestro orgullo todo el año. 🏳️‍🌈🏳️‍⚧️ En Be Yourself, ya impulsamos acciones internas para hacerlo posible, y seguiremos trabajando para que sea una realidad en todo el país. 💪😎

#BBVA #orgullo #pride",18,1,10,1,5.0K
2025-07-18 22:20:54,bbva_peru,Jun 24,"¿Avanzamos? Tus metas se hacen posible con la rentabilidad y seguridad que tiene la Cuenta Vip. Conoce más 👉 bbva.info/40jA8E9  😊

#BBVA #CuentaBBVA #VIP #metas",2,0,0,0,3.0K
2025-07-18 22:20:54,bbva_peru,Jun 18,"¿A qué zona irás en el concierto de Green Day?...
Por cierto, tus Tarjetas BBVA te dan beneficios para que puedas conseguir tus entradas. 😉🙌",3,0,0,0,2.0K
2025-07-18 22:20:54,bbva_peru,Jun 17,¿Qué cuenta sorteará en unas semanas 2 DEPAS DE ESTRENO solo por ahorrar?,1,0,1,0,2.0K
2025-07-18 22:20:54,bbva_peru,Jun 16,"Cuenta Independencia BBVA
¿Sabes todos los BENEFICIOS de la Cuenta Independencia BBVA? 

Descúbrelos aquí: bbva.info/4dUWLo4

¿Listo para avanzar?",2,0,0,0,1.0K
2025-07-18 22:20:54,bbva_peru,Jun 10,"Hay muchas formas de avanzar… y una de ellas es ganarte tu nuevo depa de estreno. 🏠💙 Abriendo tu Cuenta Ganadora, participas por 2 departamentos de estreno.

Conoce más aquí: bbva.info/45dZ3fT
#BBVA #CuentasBBVA #Avanzamos",0,0,0,0,1.0K
2025-07-18 22:20:54,bbva_peru,Jun 10,Cuando hay que pagar los servicios existen dos tipos de personas. ¿Cuál eres tú?,0,0,0,0,936
2025-07-18 22:20:54,bbva_peru,Jun 10,"¡Un depa puede ser tuyo! 🙌 Abriendo tu Cuenta Ganadora BBVA desde S/1500, ya estás participando. Ver más información en bbva.pe/cuentas 😉

#CuentasBBVA #BBVA #Avanzamos",0,0,0,0,962
2025-07-18 22:20:54,bbva_peru,Jun 6,"¿Listo para verlos actuar por el Día del Padre? 😊 Si ese día tienes que ir al banco ya sabes que puedes elegir en qué horario hacerlo con Turno Digital desde tu App BBVA. 😎📱

Conoce más aquí: bbva.info/42vhRpz
#BBVA #BancoBBVA #TurnoDigital #Tiempo",0,0,0,0,877
2025-07-18 22:20:54,bbva_peru,Jun 4,"¿Listo para ganar uno de los 2 DEPAS DE ESTRENO que la Cuenta Ganadora BBVA tiene para ti? ¡Abriendo tu cuenta desde S/1,500 participas al instante! 🏢😎

Ábrela Aquí: bbva.info/2kw78IE
#BBVA #BancoBBVA #CuentaGanadoraBBVA #Ahorrar #CuentaDeAhorros",4,0,0,0,809
2025-07-18 22:20:54,bbva_peru,Jun 2,"Tenemos una cuenta para acompañarte en cada manera de avanzar.

#BBVA #proyectos #avanzamos",2,0,3,0,929
2025-07-18 22:20:54,bbva_peru,May 28,Para hacer realidad tu próximo proyecto necesitas un banco que te acompañe con:,5,0,1,0,968
2025-07-18 22:20:54,bbva_peru,May 26,"¿Listo para hacer realidad cada uno de tus proyectos? En BBVA, nos renovamos para acompañarte en cada paso. 😎💪

#BBVA #proyectos #Avanzamos",0,0,2,0,919
2025-07-18 22:20:54,bbva_peru,May 23,Separar tu dinero para cubrir cada gasto del mes es posible con tu App BBVA y su función...,1,0,2,0,1.0K
2025-07-18 22:20:54,bbva_peru,May 23,"¿App o Agencia? 😎 Decide con LIBERTAD desde dónde hacer tus TRANSFERENCIAS TOTALMENTE GRATIS con la Cuenta Independencia BBVA. 💵😉

Abre tu cuenta aquí: bbva.info/32eZMcG
#BBVA #BancoBBVA #CuentaIndependencia #TransferenciasSinComisiones #CercaníaYConfianza",1,0,1,0,897
2025-07-18 22:20:54,bbva_peru,May 22,"🏠🚗🎒✨ No hay proyecto grande o pequeño, lo importante es seguir avanzando. Hoy estrenamos imagen y renovamos nuestro compromiso de acompañarte en cada paso, brindándote las herramientas que impulsan tus decisiones. ¿Avanzamos?",0,0,1,0,880
2025-07-18 22:20:54,bbva_peru,May 20,"Todos tenemos un proyecto que queremos hacer realidad👀 ¿Cuál de estos te motiva más? ¡Mejor aún, escribe el tuyo en los comentarios!",0,0,1,0,673
2025-07-19 01:43:15,bbva_peru,11 h,Un día como hoy se redescubrió Machu Picchu. ¿Cuántas veces lo recorriste en alguno de tus viajes con tus Tarjetas BBVA?,0,0,0,0,231
2025-07-19 01:43:15,bbva_peru,Jul 15,¿A qué concierto irás usando los descuentos y beneficios de tus Tarjetas BBVA?,9,0,1,0,2.0K
2025-07-19 01:43:15,bbva_peru,Jul 9,¿Cómo te convendría pagar los pasajes de tu viaje por Fiestas Patrias?,18,0,0,0,4.0K
2025-07-19 01:43:15,bbva_peru,Jun 25,"Mostremos nuestro orgullo todo el año. 🏳️‍🌈🏳️‍⚧️ En Be Yourself, ya impulsamos acciones internas para hacerlo posible, y seguiremos trabajando para que sea una realidad en todo el país. 💪😎

#BBVA #orgullo #pride",18,1,10,1,5.0K
2025-07-19 01:43:15,bbva_peru,Jun 24,"¿Avanzamos? Tus metas se hacen posible con la rentabilidad y seguridad que tiene la Cuenta Vip. Conoce más 👉 bbva.info/40jA8E9  😊

#BBVA #CuentaBBVA #VIP #metas",2,0,0,0,3.0K
2025-07-19 01:43:15,bbva_peru,Jun 18,"¿A qué zona irás en el concierto de Green Day?...
Por cierto, tus Tarjetas BBVA te dan beneficios para que puedas conseguir tus entradas. 😉🙌",3,0,0,0,2.0K
2025-07-19 01:43:15,bbva_peru,Jun 17,¿Qué cuenta sorteará en unas semanas 2 DEPAS DE ESTRENO solo por ahorrar?,1,0,1,0,2.0K
2025-07-19 01:43:15,bbva_peru,Jun 16,"Cuenta Independencia BBVA
¿Sabes todos los BENEFICIOS de la Cuenta Independencia BBVA? 

Descúbrelos aquí: bbva.info/4dUWLo4

¿Listo para avanzar?",2,0,0,0,1.0K
2025-07-19 01:43:15,bbva_peru,Jun 10,"Hay muchas formas de avanzar… y una de ellas es ganarte tu nuevo depa de estreno. 🏠💙 Abriendo tu Cuenta Ganadora, participas por 2 departamentos de estreno.

Conoce más aquí: bbva.info/45dZ3fT
#BBVA #CuentasBBVA #Avanzamos",0,0,0,0,1.0K
2025-07-19 01:43:15,bbva_peru,Jun 10,Cuando hay que pagar los servicios existen dos tipos de personas. ¿Cuál eres tú?,0,0,0,0,936
2025-07-19 01:43:15,bbva_peru,Jun 10,"¡Un depa puede ser tuyo! 🙌 Abriendo tu Cuenta Ganadora BBVA desde S/1500, ya estás participando. Ver más información en bbva.pe/cuentas 😉

#CuentasBBVA #BBVA #Avanzamos",0,0,0,0,962
2025-07-19 01:43:15,bbva_peru,Jun 6,"¿Listo para verlos actuar por el Día del Padre? 😊 Si ese día tienes que ir al banco ya sabes que puedes elegir en qué horario hacerlo con Turno Digital desde tu App BBVA. 😎📱

Conoce más aquí: bbva.info/42vhRpz
#BBVA #BancoBBVA #TurnoDigital #Tiempo",0,0,0,0,877
2025-07-19 01:43:15,bbva_peru,Jun 4,"¿Listo para ganar uno de los 2 DEPAS DE ESTRENO que la Cuenta Ganadora BBVA tiene para ti? ¡Abriendo tu cuenta desde S/1,500 participas al instante! 🏢😎

Ábrela Aquí: bbva.info/2kw78IE
#BBVA #BancoBBVA #CuentaGanadoraBBVA #Ahorrar #CuentaDeAhorros",4,0,0,0,809
2025-07-19 01:43:15,bbva_peru,Jun 2,"Tenemos una cuenta para acompañarte en cada manera de avanzar.

#BBVA #proyectos #avanzamos",2,0,3,0,929
2025-07-19 01:43:15,bbva_peru,May 28,Para hacer realidad tu próximo proyecto necesitas un banco que te acompañe con:,5,0,1,0,968
2025-07-19 01:43:15,bbva_peru,May 26,"¿Listo para hacer realidad cada uno de tus proyectos? En BBVA, nos renovamos para acompañarte en cada paso. 😎💪

#BBVA #proyectos #Avanzamos",0,0,2,0,919
2025-07-19 01:43:15,bbva_peru,May 23,Separar tu dinero para cubrir cada gasto del mes es posible con tu App BBVA y su función...,1,0,2,0,1.0K
2025-07-19 01:43:15,bbva_peru,May 23,"¿App o Agencia? 😎 Decide con LIBERTAD desde dónde hacer tus TRANSFERENCIAS TOTALMENTE GRATIS con la Cuenta Independencia BBVA. 💵😉

Abre tu cuenta aquí: bbva.info/32eZMcG
#BBVA #BancoBBVA #CuentaIndependencia #TransferenciasSinComisiones #CercaníaYConfianza",1,0,1,0,897
2025-07-19 01:43:15,bbva_peru,May 22,"🏠🚗🎒✨ No hay proyecto grande o pequeño, lo importante es seguir avanzando. Hoy estrenamos imagen y renovamos nuestro compromiso de acompañarte en cada paso, brindándote las herramientas que impulsan tus decisiones. ¿Avanzamos?",0,0,1,0,880
2025-07-19 01:43:15,bbva_peru,May 20,"Todos tenemos un proyecto que queremos hacer realidad👀 ¿Cuál de estos te motiva más? ¡Mejor aún, escribe el tuyo en los comentarios!",0,0,1,0,673
2025-07-19 04:31:57,bbva_peru,13 h,Un día como hoy se redescubrió Machu Picchu. ¿Cuántas veces lo recorriste en alguno de tus viajes con tus Tarjetas BBVA?,0,0,0,0,245
2025-07-19 04:31:57,bbva_peru,Jul 15,¿A qué concierto irás usando los descuentos y beneficios de tus Tarjetas BBVA?,9,0,1,0,2.0K
2025-07-19 04:31:57,bbva_peru,Jul 9,¿Cómo te convendría pagar los pasajes de tu viaje por Fiestas Patrias?,18,0,0,0,4.0K
2025-07-19 04:31:57,bbva_peru,Jun 25,"Mostremos nuestro orgullo todo el año. 🏳️‍🌈🏳️‍⚧️ En Be Yourself, ya impulsamos acciones internas para hacerlo posible, y seguiremos trabajando para que sea una realidad en todo el país. 💪😎

#BBVA #orgullo #pride",18,1,10,1,5.0K
2025-07-19 04:31:57,bbva_peru,Jun 24,"¿Avanzamos? Tus metas se hacen posible con la rentabilidad y seguridad que tiene la Cuenta Vip. Conoce más 👉 bbva.info/40jA8E9  😊

#BBVA #CuentaBBVA #VIP #metas",2,0,0,0,3.0K
2025-07-19 04:31:57,bbva_peru,Jun 18,"¿A qué zona irás en el concierto de Green Day?...
Por cierto, tus Tarjetas BBVA te dan beneficios para que puedas conseguir tus entradas. 😉🙌",3,0,0,0,2.0K
2025-07-19 04:31:57,bbva_peru,Jun 17,¿Qué cuenta sorteará en unas semanas 2 DEPAS DE ESTRENO solo por ahorrar?,1,0,1,0,2.0K
2025-07-19 04:31:57,bbva_peru,Jun 16,"Cuenta Independencia BBVA
¿Sabes todos los BENEFICIOS de la Cuenta Independencia BBVA? 

Descúbrelos aquí: bbva.info/4dUWLo4

¿Listo para avanzar?",2,0,0,0,1.0K
2025-07-19 04:31:57,bbva_peru,Jun 10,"Hay muchas formas de avanzar… y una de ellas es ganarte tu nuevo depa de estreno. 🏠💙 Abriendo tu Cuenta Ganadora, participas por 2 departamentos de estreno.

Conoce más aquí: bbva.info/45dZ3fT
#BBVA #CuentasBBVA #Avanzamos",0,0,0,0,1.0K
2025-07-19 04:31:57,bbva_peru,Jun 10,Cuando hay que pagar los servicios existen dos tipos de personas. ¿Cuál eres tú?,0,0,0,0,936
2025-07-19 04:31:57,bbva_peru,Jun 10,"¡Un depa puede ser tuyo! 🙌 Abriendo tu Cuenta Ganadora BBVA desde S/1500, ya estás participando. Ver más información en bbva.pe/cuentas 😉

#CuentasBBVA #BBVA #Avanzamos",0,0,0,0,962
2025-07-19 04:31:57,bbva_peru,Jun 6,"¿Listo para verlos actuar por el Día del Padre? 😊 Si ese día tienes que ir al banco ya sabes que puedes elegir en qué horario hacerlo con Turno Digital desde tu App BBVA. 😎📱

Conoce más aquí: bbva.info/42vhRpz
#BBVA #BancoBBVA #TurnoDigital #Tiempo",0,0,0,0,877
2025-07-19 04:31:57,bbva_peru,Jun 4,"¿Listo para ganar uno de los 2 DEPAS DE ESTRENO que la Cuenta Ganadora BBVA tiene para ti? ¡Abriendo tu cuenta desde S/1,500 participas al instante! 🏢😎

Ábrela Aquí: bbva.info/2kw78IE
#BBVA #BancoBBVA #CuentaGanadoraBBVA #Ahorrar #CuentaDeAhorros",4,0,0,0,809
2025-07-19 04:31:57,bbva_peru,Jun 2,"Tenemos una cuenta para acompañarte en cada manera de avanzar.

#BBVA #proyectos #avanzamos",2,0,3,0,929
2025-07-19 04:31:57,bbva_peru,May 28,Para hacer realidad tu próximo proyecto necesitas un banco que te acompañe con:,5,0,1,0,968
2025-07-19 04:31:57,bbva_peru,May 26,"¿Listo para hacer realidad cada uno de tus proyectos? En BBVA, nos renovamos para acompañarte en cada paso. 😎💪

#BBVA #proyectos #Avanzamos",0,0,2,0,920
2025-07-19 04:31:57,bbva_peru,May 23,Separar tu dinero para cubrir cada gasto del mes es posible con tu App BBVA y su función...,1,0,2,0,1.0K
2025-07-19 04:31:57,bbva_peru,May 23,"¿App o Agencia? 😎 Decide con LIBERTAD desde dónde hacer tus TRANSFERENCIAS TOTALMENTE GRATIS con la Cuenta Independencia BBVA. 💵😉

Abre tu cuenta aquí: bbva.info/32eZMcG
#BBVA #BancoBBVA #CuentaIndependencia #TransferenciasSinComisiones #CercaníaYConfianza",1,0,1,0,897
2025-07-19 04:31:57,bbva_peru,May 22,"🏠🚗🎒✨ No hay proyecto grande o pequeño, lo importante es seguir avanzando. Hoy estrenamos imagen y renovamos nuestro compromiso de acompañarte en cada paso, brindándote las herramientas que impulsan tus decisiones. ¿Avanzamos?",0,0,1,0,880
2025-07-19 04:31:57,bbva_peru,May 20,"Todos tenemos un proyecto que queremos hacer realidad👀 ¿Cuál de estos te motiva más? ¡Mejor aún, escribe el tuyo en los comentarios!",0,0,1,0,673
