timestamp,usuario,fecha_publicacion,contenido,respuestas,retweets,likes,guardados,vistas
2025-07-09 07:10:56,BCPComunica,Feb 7,"¿Aún no conoces todos los canales oficiales del BCP? 🫣 ¡Anótalos para tener una experiencia segura siempre! 🤝 Comparte esta importante info con tus amigos y familiares. 🤳💙🧡

#CanalesOficialesBCP #BCP",97,0,5,0,21.0K
2025-07-09 07:10:56,BCPComunica,Oct 31,A nuestros clientes 📣,298,303,3.0K,89,234.0K
2025-07-09 07:10:56,BCPComunica,Jul 30,Comunicado: 🙌,315,90,507,18,122.0K
2025-07-09 07:10:56,BCPComunica,Jul 30,"Ante lo comunicado previamente, estamos tomando la siguiente medida: 👇",132,72,355,12,91.0K
2025-07-09 07:10:56,BCPComunica,Jul 30,A nuestra comunidad 📢,609,318,2.0K,98,305.0K
2025-07-09 07:10:56,BCPComunica,"May 17, 2024",Con mucho orgullo compartimos los 4 premios obtenidos esta noche en los #ANDA2024.🤩🎉 ¡Felicitaciones a todos los equipos involucrados en este logro! 👏,118,1,23,2,52.0K
2025-07-09 07:10:56,BCPComunica,"Sep 28, 2023",Continuamos transformando nuestras agencias a nivel nacional para mejorar junto a nuestros clientes. Visítanos para disfrutar de las novedades y una gran experiencia. 👀🙌,167,1,29,0,71.0K
2025-07-09 07:10:56,BCPComunica,"Sep 19, 2023",Aviso importante a nuestra comunidad. 👇 Nuestro plan es siempre mejorar para ayudarte a cumplir los tuyos. 🤝,110,23,133,2,70.0K
2025-07-09 07:10:56,BCPComunica,"Aug 25, 2023",Queremos agradecer a nuestros colaboradores porque gracias a su esfuerzo es que hoy hemos sido reconocidos una vez más y de forma consecutiva por los premios EMA. 👏🏆 Esta es la 12ava oportunidad y queremos reforzar nuestro compromiso mejorando cada día nuestros servicios. 💯🚀,43,2,45,0,32.0K
2025-07-09 07:10:56,BCPComunica,"Jul 7, 2023","Nos enorgullece haber sido reconocidos en el sector financiero por nuestra excelencia en atención y satisfacción. Este prestigioso premio respaldado por Centrum PUCP, Datum, X Customer Group y Gestión, refuerza nuestro compromiso de seguir brindándote la mejor experiencia. 🙌",54,1,26,0,29.0K
2025-07-09 07:10:56,BCPComunica,"Feb 17, 2023",Comunicado,429,183,2.0K,25,225.0K
2025-07-09 07:10:56,BCPComunica,"Oct 31, 2022","Mañana, martes 1ero de noviembre, por ser feriado 🗓️, todas nuestras agencias a nivel nacional 🏬 no atenderán 📣. No olvides que puedes realizar tus consultas y operaciones, usando nuestros canales digitales 📞💻📱.",140,18,102,3,0
2025-07-09 07:10:56,BCPComunica,"Oct 7, 2022","Mañana, sábado 8 de octubre, por ser declarado feriado 🗓️, todas nuestras agencias a nivel nacional 🏬 no atenderán 📣. No olvides que puedes realizar tus consultas y operaciones, usando nuestros canales digitales 📞💻📱.",82,21,92,2,0
2025-07-09 07:18:51,BCPComunica,Feb 7,"¿Aún no conoces todos los canales oficiales del BCP? 🫣 ¡Anótalos para tener una experiencia segura siempre! 🤝 Comparte esta importante info con tus amigos y familiares. 🤳💙🧡

#CanalesOficialesBCP #BCP",97,0,5,0,21.0K
2025-07-09 07:18:51,BCPComunica,Oct 31,A nuestros clientes 📣,298,303,3.0K,89,234.0K
2025-07-09 07:18:51,BCPComunica,Jul 30,Comunicado: 🙌,315,90,507,18,122.0K
2025-07-09 07:18:51,BCPComunica,Jul 30,"Ante lo comunicado previamente, estamos tomando la siguiente medida: 👇",132,72,355,12,91.0K
2025-07-09 07:18:51,BCPComunica,Jul 30,A nuestra comunidad 📢,609,318,2.0K,98,305.0K
2025-07-09 07:18:51,BCPComunica,"May 17, 2024",Con mucho orgullo compartimos los 4 premios obtenidos esta noche en los #ANDA2024.🤩🎉 ¡Felicitaciones a todos los equipos involucrados en este logro! 👏,118,1,23,2,52.0K
2025-07-09 07:18:51,BCPComunica,"Sep 28, 2023",Continuamos transformando nuestras agencias a nivel nacional para mejorar junto a nuestros clientes. Visítanos para disfrutar de las novedades y una gran experiencia. 👀🙌,167,1,29,0,71.0K
2025-07-09 07:18:51,BCPComunica,"Sep 19, 2023",Aviso importante a nuestra comunidad. 👇 Nuestro plan es siempre mejorar para ayudarte a cumplir los tuyos. 🤝,110,23,133,2,70.0K
2025-07-09 07:18:51,BCPComunica,"Aug 25, 2023",Queremos agradecer a nuestros colaboradores porque gracias a su esfuerzo es que hoy hemos sido reconocidos una vez más y de forma consecutiva por los premios EMA. 👏🏆 Esta es la 12ava oportunidad y queremos reforzar nuestro compromiso mejorando cada día nuestros servicios. 💯🚀,43,2,45,0,32.0K
2025-07-09 07:18:51,BCPComunica,"Jul 7, 2023","Nos enorgullece haber sido reconocidos en el sector financiero por nuestra excelencia en atención y satisfacción. Este prestigioso premio respaldado por Centrum PUCP, Datum, X Customer Group y Gestión, refuerza nuestro compromiso de seguir brindándote la mejor experiencia. 🙌",54,1,26,0,29.0K
2025-07-09 07:18:51,BCPComunica,"Feb 17, 2023",Comunicado,429,183,2.0K,25,225.0K
2025-07-09 07:18:51,BCPComunica,"Oct 31, 2022","Mañana, martes 1ero de noviembre, por ser feriado 🗓️, todas nuestras agencias a nivel nacional 🏬 no atenderán 📣. No olvides que puedes realizar tus consultas y operaciones, usando nuestros canales digitales 📞💻📱.",140,18,102,3,0
2025-07-09 07:18:51,BCPComunica,"Oct 7, 2022","Mañana, sábado 8 de octubre, por ser declarado feriado 🗓️, todas nuestras agencias a nivel nacional 🏬 no atenderán 📣. No olvides que puedes realizar tus consultas y operaciones, usando nuestros canales digitales 📞💻📱.",82,21,92,2,0
2025-07-09 08:28:10,BCPComunica,Feb 7,"¿Aún no conoces todos los canales oficiales del BCP? 🫣 ¡Anótalos para tener una experiencia segura siempre! 🤝 Comparte esta importante info con tus amigos y familiares. 🤳💙🧡

#CanalesOficialesBCP #BCP",97,0,5,0,21.0K
2025-07-09 08:28:10,BCPComunica,Oct 31,A nuestros clientes 📣,298,303,3.0K,89,234.0K
2025-07-09 08:28:10,BCPComunica,Jul 30,Comunicado: 🙌,315,90,507,18,122.0K
2025-07-09 08:28:10,BCPComunica,Jul 30,"Ante lo comunicado previamente, estamos tomando la siguiente medida: 👇",132,72,355,12,91.0K
2025-07-09 08:28:10,BCPComunica,Jul 30,A nuestra comunidad 📢,609,318,2.0K,98,305.0K
2025-07-09 08:28:10,BCPComunica,"May 17, 2024",Con mucho orgullo compartimos los 4 premios obtenidos esta noche en los #ANDA2024.🤩🎉 ¡Felicitaciones a todos los equipos involucrados en este logro! 👏,118,1,23,2,52.0K
2025-07-09 08:28:10,BCPComunica,"Sep 28, 2023",Continuamos transformando nuestras agencias a nivel nacional para mejorar junto a nuestros clientes. Visítanos para disfrutar de las novedades y una gran experiencia. 👀🙌,167,1,29,0,71.0K
2025-07-09 08:28:10,BCPComunica,"Sep 19, 2023",Aviso importante a nuestra comunidad. 👇 Nuestro plan es siempre mejorar para ayudarte a cumplir los tuyos. 🤝,110,23,133,2,70.0K
2025-07-09 08:28:10,BCPComunica,"Aug 25, 2023",Queremos agradecer a nuestros colaboradores porque gracias a su esfuerzo es que hoy hemos sido reconocidos una vez más y de forma consecutiva por los premios EMA. 👏🏆 Esta es la 12ava oportunidad y queremos reforzar nuestro compromiso mejorando cada día nuestros servicios. 💯🚀,43,2,45,0,32.0K
2025-07-09 08:28:10,BCPComunica,"Jul 7, 2023","Nos enorgullece haber sido reconocidos en el sector financiero por nuestra excelencia en atención y satisfacción. Este prestigioso premio respaldado por Centrum PUCP, Datum, X Customer Group y Gestión, refuerza nuestro compromiso de seguir brindándote la mejor experiencia. 🙌",54,1,26,0,29.0K
2025-07-09 08:28:10,BCPComunica,"Feb 17, 2023",Comunicado,429,183,2.0K,25,225.0K
2025-07-09 08:28:10,BCPComunica,"Oct 31, 2022","Mañana, martes 1ero de noviembre, por ser feriado 🗓️, todas nuestras agencias a nivel nacional 🏬 no atenderán 📣. No olvides que puedes realizar tus consultas y operaciones, usando nuestros canales digitales 📞💻📱.",140,18,102,3,0
2025-07-09 08:28:10,BCPComunica,"Oct 7, 2022","Mañana, sábado 8 de octubre, por ser declarado feriado 🗓️, todas nuestras agencias a nivel nacional 🏬 no atenderán 📣. No olvides que puedes realizar tus consultas y operaciones, usando nuestros canales digitales 📞💻📱.",82,21,92,2,0
2025-07-09 09:23:47,BCPComunica,Feb 7,"¿Aún no conoces todos los canales oficiales del BCP? 🫣 ¡Anótalos para tener una experiencia segura siempre! 🤝 Comparte esta importante info con tus amigos y familiares. 🤳💙🧡

#CanalesOficialesBCP #BCP",97,0,5,0,21.0K
2025-07-09 09:23:47,BCPComunica,Oct 31,A nuestros clientes 📣,298,303,3.0K,89,234.0K
2025-07-09 09:23:47,BCPComunica,Jul 30,Comunicado: 🙌,315,90,507,18,122.0K
2025-07-09 09:23:47,BCPComunica,Jul 30,"Ante lo comunicado previamente, estamos tomando la siguiente medida: 👇",132,72,355,12,91.0K
2025-07-09 09:23:47,BCPComunica,Jul 30,A nuestra comunidad 📢,609,318,2.0K,98,305.0K
2025-07-09 09:23:47,BCPComunica,"May 17, 2024",Con mucho orgullo compartimos los 4 premios obtenidos esta noche en los #ANDA2024.🤩🎉 ¡Felicitaciones a todos los equipos involucrados en este logro! 👏,118,1,23,2,52.0K
2025-07-09 09:23:47,BCPComunica,"Sep 28, 2023",Continuamos transformando nuestras agencias a nivel nacional para mejorar junto a nuestros clientes. Visítanos para disfrutar de las novedades y una gran experiencia. 👀🙌,167,1,29,0,71.0K
2025-07-09 09:23:47,BCPComunica,"Sep 19, 2023",Aviso importante a nuestra comunidad. 👇 Nuestro plan es siempre mejorar para ayudarte a cumplir los tuyos. 🤝,110,23,133,2,70.0K
2025-07-09 09:23:47,BCPComunica,"Aug 25, 2023",Queremos agradecer a nuestros colaboradores porque gracias a su esfuerzo es que hoy hemos sido reconocidos una vez más y de forma consecutiva por los premios EMA. 👏🏆 Esta es la 12ava oportunidad y queremos reforzar nuestro compromiso mejorando cada día nuestros servicios. 💯🚀,43,2,45,0,32.0K
2025-07-09 09:23:47,BCPComunica,"Jul 7, 2023","Nos enorgullece haber sido reconocidos en el sector financiero por nuestra excelencia en atención y satisfacción. Este prestigioso premio respaldado por Centrum PUCP, Datum, X Customer Group y Gestión, refuerza nuestro compromiso de seguir brindándote la mejor experiencia. 🙌",54,1,26,0,29.0K
2025-07-09 09:23:47,BCPComunica,"Feb 17, 2023",Comunicado,429,183,2.0K,25,225.0K
2025-07-09 09:23:47,BCPComunica,"Oct 31, 2022","Mañana, martes 1ero de noviembre, por ser feriado 🗓️, todas nuestras agencias a nivel nacional 🏬 no atenderán 📣. No olvides que puedes realizar tus consultas y operaciones, usando nuestros canales digitales 📞💻📱.",140,18,102,3,0
2025-07-09 09:23:47,BCPComunica,"Oct 7, 2022","Mañana, sábado 8 de octubre, por ser declarado feriado 🗓️, todas nuestras agencias a nivel nacional 🏬 no atenderán 📣. No olvides que puedes realizar tus consultas y operaciones, usando nuestros canales digitales 📞💻📱.",82,21,92,2,0
2025-07-09 10:22:43,BCPComunica,Feb 7,"¿Aún no conoces todos los canales oficiales del BCP? 🫣 ¡Anótalos para tener una experiencia segura siempre! 🤝 Comparte esta importante info con tus amigos y familiares. 🤳💙🧡

#CanalesOficialesBCP #BCP",97,0,5,0,21.0K
2025-07-09 10:22:43,BCPComunica,Oct 31,A nuestros clientes 📣,298,303,3.0K,89,234.0K
2025-07-09 10:22:43,BCPComunica,Jul 30,Comunicado: 🙌,315,90,507,18,122.0K
2025-07-09 10:22:43,BCPComunica,Jul 30,"Ante lo comunicado previamente, estamos tomando la siguiente medida: 👇",132,72,355,12,91.0K
2025-07-09 10:22:43,BCPComunica,Jul 30,A nuestra comunidad 📢,609,318,2.0K,98,305.0K
2025-07-09 10:22:43,BCPComunica,"May 17, 2024",Con mucho orgullo compartimos los 4 premios obtenidos esta noche en los #ANDA2024.🤩🎉 ¡Felicitaciones a todos los equipos involucrados en este logro! 👏,118,1,23,2,52.0K
2025-07-09 10:22:43,BCPComunica,"Sep 28, 2023",Continuamos transformando nuestras agencias a nivel nacional para mejorar junto a nuestros clientes. Visítanos para disfrutar de las novedades y una gran experiencia. 👀🙌,167,1,29,0,71.0K
2025-07-09 10:22:43,BCPComunica,"Sep 19, 2023",Aviso importante a nuestra comunidad. 👇 Nuestro plan es siempre mejorar para ayudarte a cumplir los tuyos. 🤝,110,23,133,2,70.0K
2025-07-09 10:22:43,BCPComunica,"Aug 25, 2023",Queremos agradecer a nuestros colaboradores porque gracias a su esfuerzo es que hoy hemos sido reconocidos una vez más y de forma consecutiva por los premios EMA. 👏🏆 Esta es la 12ava oportunidad y queremos reforzar nuestro compromiso mejorando cada día nuestros servicios. 💯🚀,43,2,45,0,32.0K
2025-07-09 10:22:43,BCPComunica,"Jul 7, 2023","Nos enorgullece haber sido reconocidos en el sector financiero por nuestra excelencia en atención y satisfacción. Este prestigioso premio respaldado por Centrum PUCP, Datum, X Customer Group y Gestión, refuerza nuestro compromiso de seguir brindándote la mejor experiencia. 🙌",54,1,26,0,29.0K
2025-07-09 10:22:43,BCPComunica,"Feb 17, 2023",Comunicado,429,183,2.0K,25,225.0K
2025-07-09 10:22:43,BCPComunica,"Oct 31, 2022","Mañana, martes 1ero de noviembre, por ser feriado 🗓️, todas nuestras agencias a nivel nacional 🏬 no atenderán 📣. No olvides que puedes realizar tus consultas y operaciones, usando nuestros canales digitales 📞💻📱.",140,18,102,3,0
2025-07-09 10:22:43,BCPComunica,"Oct 7, 2022","Mañana, sábado 8 de octubre, por ser declarado feriado 🗓️, todas nuestras agencias a nivel nacional 🏬 no atenderán 📣. No olvides que puedes realizar tus consultas y operaciones, usando nuestros canales digitales 📞💻📱.",82,21,92,2,0
2025-07-09 11:18:06,BCPComunica,Feb 7,"¿Aún no conoces todos los canales oficiales del BCP? 🫣 ¡Anótalos para tener una experiencia segura siempre! 🤝 Comparte esta importante info con tus amigos y familiares. 🤳💙🧡

#CanalesOficialesBCP #BCP",97,0,5,0,21.0K
2025-07-09 11:18:06,BCPComunica,Oct 31,A nuestros clientes 📣,298,303,3.0K,89,234.0K
2025-07-09 11:18:06,BCPComunica,Jul 30,Comunicado: 🙌,315,90,507,18,122.0K
2025-07-09 11:18:06,BCPComunica,Jul 30,"Ante lo comunicado previamente, estamos tomando la siguiente medida: 👇",132,72,355,12,91.0K
2025-07-09 11:18:06,BCPComunica,Jul 30,A nuestra comunidad 📢,609,318,2.0K,98,305.0K
2025-07-09 11:18:06,BCPComunica,"May 17, 2024",Con mucho orgullo compartimos los 4 premios obtenidos esta noche en los #ANDA2024.🤩🎉 ¡Felicitaciones a todos los equipos involucrados en este logro! 👏,118,1,23,2,52.0K
2025-07-09 11:18:06,BCPComunica,"Sep 28, 2023",Continuamos transformando nuestras agencias a nivel nacional para mejorar junto a nuestros clientes. Visítanos para disfrutar de las novedades y una gran experiencia. 👀🙌,167,1,29,0,71.0K
2025-07-09 11:18:06,BCPComunica,"Sep 19, 2023",Aviso importante a nuestra comunidad. 👇 Nuestro plan es siempre mejorar para ayudarte a cumplir los tuyos. 🤝,110,23,133,2,70.0K
2025-07-09 11:18:06,BCPComunica,"Aug 25, 2023",Queremos agradecer a nuestros colaboradores porque gracias a su esfuerzo es que hoy hemos sido reconocidos una vez más y de forma consecutiva por los premios EMA. 👏🏆 Esta es la 12ava oportunidad y queremos reforzar nuestro compromiso mejorando cada día nuestros servicios. 💯🚀,43,2,45,0,32.0K
2025-07-09 11:18:06,BCPComunica,"Jul 7, 2023","Nos enorgullece haber sido reconocidos en el sector financiero por nuestra excelencia en atención y satisfacción. Este prestigioso premio respaldado por Centrum PUCP, Datum, X Customer Group y Gestión, refuerza nuestro compromiso de seguir brindándote la mejor experiencia. 🙌",54,1,26,0,29.0K
2025-07-09 11:18:06,BCPComunica,"Feb 17, 2023",Comunicado,429,183,2.0K,25,225.0K
2025-07-09 11:18:06,BCPComunica,"Oct 31, 2022","Mañana, martes 1ero de noviembre, por ser feriado 🗓️, todas nuestras agencias a nivel nacional 🏬 no atenderán 📣. No olvides que puedes realizar tus consultas y operaciones, usando nuestros canales digitales 📞💻📱.",140,18,102,3,0
2025-07-09 11:18:06,BCPComunica,"Oct 7, 2022","Mañana, sábado 8 de octubre, por ser declarado feriado 🗓️, todas nuestras agencias a nivel nacional 🏬 no atenderán 📣. No olvides que puedes realizar tus consultas y operaciones, usando nuestros canales digitales 📞💻📱.",82,21,92,2,0
2025-07-09 12:41:29,BCPComunica,Feb 7,"¿Aún no conoces todos los canales oficiales del BCP? 🫣 ¡Anótalos para tener una experiencia segura siempre! 🤝 Comparte esta importante info con tus amigos y familiares. 🤳💙🧡

#CanalesOficialesBCP #BCP",97,0,5,0,21.0K
2025-07-09 12:41:29,BCPComunica,Oct 31,A nuestros clientes 📣,298,303,3.0K,89,234.0K
2025-07-09 12:41:29,BCPComunica,Jul 30,Comunicado: 🙌,315,90,507,18,122.0K
2025-07-09 12:41:29,BCPComunica,Jul 30,"Ante lo comunicado previamente, estamos tomando la siguiente medida: 👇",132,72,355,12,91.0K
2025-07-09 12:41:29,BCPComunica,Jul 30,A nuestra comunidad 📢,609,318,2.0K,98,305.0K
2025-07-09 12:41:29,BCPComunica,"May 17, 2024",Con mucho orgullo compartimos los 4 premios obtenidos esta noche en los #ANDA2024.🤩🎉 ¡Felicitaciones a todos los equipos involucrados en este logro! 👏,118,1,23,2,52.0K
2025-07-09 12:41:29,BCPComunica,"Sep 28, 2023",Continuamos transformando nuestras agencias a nivel nacional para mejorar junto a nuestros clientes. Visítanos para disfrutar de las novedades y una gran experiencia. 👀🙌,167,1,29,0,71.0K
2025-07-09 12:41:29,BCPComunica,"Sep 19, 2023",Aviso importante a nuestra comunidad. 👇 Nuestro plan es siempre mejorar para ayudarte a cumplir los tuyos. 🤝,110,23,133,2,70.0K
2025-07-09 12:41:29,BCPComunica,"Aug 25, 2023",Queremos agradecer a nuestros colaboradores porque gracias a su esfuerzo es que hoy hemos sido reconocidos una vez más y de forma consecutiva por los premios EMA. 👏🏆 Esta es la 12ava oportunidad y queremos reforzar nuestro compromiso mejorando cada día nuestros servicios. 💯🚀,43,2,45,0,32.0K
2025-07-09 12:41:29,BCPComunica,"Jul 7, 2023","Nos enorgullece haber sido reconocidos en el sector financiero por nuestra excelencia en atención y satisfacción. Este prestigioso premio respaldado por Centrum PUCP, Datum, X Customer Group y Gestión, refuerza nuestro compromiso de seguir brindándote la mejor experiencia. 🙌",54,1,26,0,29.0K
2025-07-09 12:41:29,BCPComunica,"Feb 17, 2023",Comunicado,429,183,2.0K,25,225.0K
2025-07-09 12:41:29,BCPComunica,"Oct 31, 2022","Mañana, martes 1ero de noviembre, por ser feriado 🗓️, todas nuestras agencias a nivel nacional 🏬 no atenderán 📣. No olvides que puedes realizar tus consultas y operaciones, usando nuestros canales digitales 📞💻📱.",140,18,102,3,0
2025-07-09 12:41:29,BCPComunica,"Oct 7, 2022","Mañana, sábado 8 de octubre, por ser declarado feriado 🗓️, todas nuestras agencias a nivel nacional 🏬 no atenderán 📣. No olvides que puedes realizar tus consultas y operaciones, usando nuestros canales digitales 📞💻📱.",82,21,92,2,0
2025-07-09 15:22:11,BCPComunica,Feb 7,"¿Aún no conoces todos los canales oficiales del BCP? 🫣 ¡Anótalos para tener una experiencia segura siempre! 🤝 Comparte esta importante info con tus amigos y familiares. 🤳💙🧡

#CanalesOficialesBCP #BCP",97,0,5,0,21.0K
2025-07-09 15:22:11,BCPComunica,Oct 31,A nuestros clientes 📣,298,303,3.0K,89,234.0K
2025-07-09 15:22:11,BCPComunica,Jul 30,Comunicado: 🙌,315,90,507,18,122.0K
2025-07-09 15:22:11,BCPComunica,Jul 30,"Ante lo comunicado previamente, estamos tomando la siguiente medida: 👇",132,72,355,12,91.0K
2025-07-09 15:22:11,BCPComunica,Jul 30,A nuestra comunidad 📢,609,318,2.0K,98,305.0K
2025-07-09 15:22:11,BCPComunica,"May 17, 2024",Con mucho orgullo compartimos los 4 premios obtenidos esta noche en los #ANDA2024.🤩🎉 ¡Felicitaciones a todos los equipos involucrados en este logro! 👏,118,1,23,2,52.0K
2025-07-09 15:22:11,BCPComunica,"Sep 28, 2023",Continuamos transformando nuestras agencias a nivel nacional para mejorar junto a nuestros clientes. Visítanos para disfrutar de las novedades y una gran experiencia. 👀🙌,167,1,29,0,71.0K
2025-07-09 15:22:11,BCPComunica,"Sep 19, 2023",Aviso importante a nuestra comunidad. 👇 Nuestro plan es siempre mejorar para ayudarte a cumplir los tuyos. 🤝,110,23,133,2,70.0K
2025-07-09 15:22:11,BCPComunica,"Aug 25, 2023",Queremos agradecer a nuestros colaboradores porque gracias a su esfuerzo es que hoy hemos sido reconocidos una vez más y de forma consecutiva por los premios EMA. 👏🏆 Esta es la 12ava oportunidad y queremos reforzar nuestro compromiso mejorando cada día nuestros servicios. 💯🚀,43,2,45,0,32.0K
2025-07-09 15:22:11,BCPComunica,"Jul 7, 2023","Nos enorgullece haber sido reconocidos en el sector financiero por nuestra excelencia en atención y satisfacción. Este prestigioso premio respaldado por Centrum PUCP, Datum, X Customer Group y Gestión, refuerza nuestro compromiso de seguir brindándote la mejor experiencia. 🙌",54,1,26,0,29.0K
2025-07-09 15:22:11,BCPComunica,"Feb 17, 2023",Comunicado,429,183,2.0K,25,225.0K
2025-07-09 15:22:11,BCPComunica,"Oct 31, 2022","Mañana, martes 1ero de noviembre, por ser feriado 🗓️, todas nuestras agencias a nivel nacional 🏬 no atenderán 📣. No olvides que puedes realizar tus consultas y operaciones, usando nuestros canales digitales 📞💻📱.",140,18,102,3,0
2025-07-09 15:22:11,BCPComunica,"Oct 7, 2022","Mañana, sábado 8 de octubre, por ser declarado feriado 🗓️, todas nuestras agencias a nivel nacional 🏬 no atenderán 📣. No olvides que puedes realizar tus consultas y operaciones, usando nuestros canales digitales 📞💻📱.",82,21,92,2,0
2025-07-09 16:24:38,BCPComunica,Feb 7,"¿Aún no conoces todos los canales oficiales del BCP? 🫣 ¡Anótalos para tener una experiencia segura siempre! 🤝 Comparte esta importante info con tus amigos y familiares. 🤳💙🧡

#CanalesOficialesBCP #BCP",97,0,5,0,21.0K
2025-07-09 16:24:38,BCPComunica,Oct 31,A nuestros clientes 📣,298,303,3.0K,89,234.0K
2025-07-09 16:24:38,BCPComunica,Jul 30,Comunicado: 🙌,315,90,507,18,122.0K
2025-07-09 16:24:38,BCPComunica,Jul 30,"Ante lo comunicado previamente, estamos tomando la siguiente medida: 👇",132,72,355,12,91.0K
2025-07-09 16:24:38,BCPComunica,Jul 30,A nuestra comunidad 📢,609,318,2.0K,98,305.0K
2025-07-09 16:24:38,BCPComunica,"May 17, 2024",Con mucho orgullo compartimos los 4 premios obtenidos esta noche en los #ANDA2024.🤩🎉 ¡Felicitaciones a todos los equipos involucrados en este logro! 👏,118,1,23,2,52.0K
2025-07-09 16:24:38,BCPComunica,"Sep 28, 2023",Continuamos transformando nuestras agencias a nivel nacional para mejorar junto a nuestros clientes. Visítanos para disfrutar de las novedades y una gran experiencia. 👀🙌,167,1,29,0,71.0K
2025-07-09 16:24:38,BCPComunica,"Sep 19, 2023",Aviso importante a nuestra comunidad. 👇 Nuestro plan es siempre mejorar para ayudarte a cumplir los tuyos. 🤝,110,23,133,2,70.0K
2025-07-09 16:24:38,BCPComunica,"Aug 25, 2023",Queremos agradecer a nuestros colaboradores porque gracias a su esfuerzo es que hoy hemos sido reconocidos una vez más y de forma consecutiva por los premios EMA. 👏🏆 Esta es la 12ava oportunidad y queremos reforzar nuestro compromiso mejorando cada día nuestros servicios. 💯🚀,43,2,45,0,32.0K
2025-07-09 16:24:38,BCPComunica,"Jul 7, 2023","Nos enorgullece haber sido reconocidos en el sector financiero por nuestra excelencia en atención y satisfacción. Este prestigioso premio respaldado por Centrum PUCP, Datum, X Customer Group y Gestión, refuerza nuestro compromiso de seguir brindándote la mejor experiencia. 🙌",54,1,26,0,29.0K
2025-07-09 16:24:38,BCPComunica,"Feb 17, 2023",Comunicado,429,183,2.0K,25,225.0K
2025-07-09 16:24:38,BCPComunica,"Oct 31, 2022","Mañana, martes 1ero de noviembre, por ser feriado 🗓️, todas nuestras agencias a nivel nacional 🏬 no atenderán 📣. No olvides que puedes realizar tus consultas y operaciones, usando nuestros canales digitales 📞💻📱.",140,18,102,3,0
2025-07-09 16:24:38,BCPComunica,"Oct 7, 2022","Mañana, sábado 8 de octubre, por ser declarado feriado 🗓️, todas nuestras agencias a nivel nacional 🏬 no atenderán 📣. No olvides que puedes realizar tus consultas y operaciones, usando nuestros canales digitales 📞💻📱.",82,21,92,2,0
2025-07-09 17:20:00,BCPComunica,Feb 7,"¿Aún no conoces todos los canales oficiales del BCP? 🫣 ¡Anótalos para tener una experiencia segura siempre! 🤝 Comparte esta importante info con tus amigos y familiares. 🤳💙🧡

#CanalesOficialesBCP #BCP",97,0,5,0,21.0K
2025-07-09 17:20:00,BCPComunica,Jul 30,"Ante lo comunicado previamente, estamos tomando la siguiente medida: 👇",132,72,355,12,91.0K
2025-07-09 17:20:00,BCPComunica,Jul 30,A nuestra comunidad 📢,609,318,2.0K,98,305.0K
2025-07-09 17:20:00,BCPComunica,"May 17, 2024",Con mucho orgullo compartimos los 4 premios obtenidos esta noche en los #ANDA2024.🤩🎉 ¡Felicitaciones a todos los equipos involucrados en este logro! 👏,118,1,23,2,52.0K
2025-07-09 17:20:00,BCPComunica,"Sep 28, 2023",Continuamos transformando nuestras agencias a nivel nacional para mejorar junto a nuestros clientes. Visítanos para disfrutar de las novedades y una gran experiencia. 👀🙌,167,1,29,0,71.0K
2025-07-09 17:20:00,BCPComunica,"Sep 19, 2023",Aviso importante a nuestra comunidad. 👇 Nuestro plan es siempre mejorar para ayudarte a cumplir los tuyos. 🤝,110,23,133,2,70.0K
2025-07-09 17:20:00,BCPComunica,"Aug 25, 2023",Queremos agradecer a nuestros colaboradores porque gracias a su esfuerzo es que hoy hemos sido reconocidos una vez más y de forma consecutiva por los premios EMA. 👏🏆 Esta es la 12ava oportunidad y queremos reforzar nuestro compromiso mejorando cada día nuestros servicios. 💯🚀,43,2,45,0,32.0K
2025-07-09 17:20:00,BCPComunica,"Jul 7, 2023","Nos enorgullece haber sido reconocidos en el sector financiero por nuestra excelencia en atención y satisfacción. Este prestigioso premio respaldado por Centrum PUCP, Datum, X Customer Group y Gestión, refuerza nuestro compromiso de seguir brindándote la mejor experiencia. 🙌",54,1,26,0,29.0K
2025-07-09 17:20:00,BCPComunica,"Oct 31, 2022","Mañana, martes 1ero de noviembre, por ser feriado 🗓️, todas nuestras agencias a nivel nacional 🏬 no atenderán 📣. No olvides que puedes realizar tus consultas y operaciones, usando nuestros canales digitales 📞💻📱.",140,18,102,3,0
2025-07-09 17:20:00,BCPComunica,"Oct 7, 2022","Mañana, sábado 8 de octubre, por ser declarado feriado 🗓️, todas nuestras agencias a nivel nacional 🏬 no atenderán 📣. No olvides que puedes realizar tus consultas y operaciones, usando nuestros canales digitales 📞💻📱.",82,21,92,2,0
2025-07-09 18:29:32,BCPComunica,Feb 7,"¿Aún no conoces todos los canales oficiales del BCP? 🫣 ¡Anótalos para tener una experiencia segura siempre! 🤝 Comparte esta importante info con tus amigos y familiares. 🤳💙🧡

#CanalesOficialesBCP #BCP",97,0,5,0,21.0K
2025-07-09 18:29:32,BCPComunica,Oct 31,A nuestros clientes 📣,298,303,3.0K,89,234.0K
2025-07-09 18:29:32,BCPComunica,Jul 30,Comunicado: 🙌,315,90,507,18,122.0K
2025-07-09 18:29:32,BCPComunica,Jul 30,"Ante lo comunicado previamente, estamos tomando la siguiente medida: 👇",132,72,355,12,91.0K
2025-07-09 18:29:32,BCPComunica,Jul 30,A nuestra comunidad 📢,609,318,2.0K,98,305.0K
2025-07-09 18:29:32,BCPComunica,"May 17, 2024",Con mucho orgullo compartimos los 4 premios obtenidos esta noche en los #ANDA2024.🤩🎉 ¡Felicitaciones a todos los equipos involucrados en este logro! 👏,118,1,23,2,52.0K
2025-07-09 18:29:32,BCPComunica,"Sep 28, 2023",Continuamos transformando nuestras agencias a nivel nacional para mejorar junto a nuestros clientes. Visítanos para disfrutar de las novedades y una gran experiencia. 👀🙌,167,1,29,0,71.0K
2025-07-09 18:29:32,BCPComunica,"Sep 19, 2023",Aviso importante a nuestra comunidad. 👇 Nuestro plan es siempre mejorar para ayudarte a cumplir los tuyos. 🤝,110,23,133,2,70.0K
2025-07-09 18:29:32,BCPComunica,"Aug 25, 2023",Queremos agradecer a nuestros colaboradores porque gracias a su esfuerzo es que hoy hemos sido reconocidos una vez más y de forma consecutiva por los premios EMA. 👏🏆 Esta es la 12ava oportunidad y queremos reforzar nuestro compromiso mejorando cada día nuestros servicios. 💯🚀,43,2,45,0,32.0K
2025-07-09 18:29:32,BCPComunica,"Jul 7, 2023","Nos enorgullece haber sido reconocidos en el sector financiero por nuestra excelencia en atención y satisfacción. Este prestigioso premio respaldado por Centrum PUCP, Datum, X Customer Group y Gestión, refuerza nuestro compromiso de seguir brindándote la mejor experiencia. 🙌",54,1,26,0,29.0K
2025-07-09 18:29:32,BCPComunica,"Feb 17, 2023",Comunicado,429,183,2.0K,25,225.0K
2025-07-09 18:29:32,BCPComunica,"Oct 31, 2022","Mañana, martes 1ero de noviembre, por ser feriado 🗓️, todas nuestras agencias a nivel nacional 🏬 no atenderán 📣. No olvides que puedes realizar tus consultas y operaciones, usando nuestros canales digitales 📞💻📱.",140,18,102,3,0
2025-07-09 18:29:32,BCPComunica,"Oct 7, 2022","Mañana, sábado 8 de octubre, por ser declarado feriado 🗓️, todas nuestras agencias a nivel nacional 🏬 no atenderán 📣. No olvides que puedes realizar tus consultas y operaciones, usando nuestros canales digitales 📞💻📱.",82,21,92,2,0
2025-07-10 20:22:29,BCPComunica,Feb 7,"¿Aún no conoces todos los canales oficiales del BCP? 🫣 ¡Anótalos para tener una experiencia segura siempre! 🤝 Comparte esta importante info con tus amigos y familiares. 🤳💙🧡

#CanalesOficialesBCP #BCP",97,0,5,0,21.0K
2025-07-10 20:22:29,BCPComunica,Oct 31,A nuestros clientes 📣,299,303,3.0K,89,234.0K
2025-07-10 20:22:29,BCPComunica,Jul 30,Comunicado: 🙌,315,90,507,18,122.0K
2025-07-10 20:22:29,BCPComunica,Jul 30,"Ante lo comunicado previamente, estamos tomando la siguiente medida: 👇",132,72,355,12,91.0K
2025-07-10 20:22:29,BCPComunica,Jul 30,A nuestra comunidad 📢,609,318,2.0K,98,305.0K
2025-07-10 20:22:29,BCPComunica,"May 17, 2024",Con mucho orgullo compartimos los 4 premios obtenidos esta noche en los #ANDA2024.🤩🎉 ¡Felicitaciones a todos los equipos involucrados en este logro! 👏,117,1,23,2,52.0K
2025-07-10 20:22:29,BCPComunica,"Sep 28, 2023",Continuamos transformando nuestras agencias a nivel nacional para mejorar junto a nuestros clientes. Visítanos para disfrutar de las novedades y una gran experiencia. 👀🙌,167,1,29,0,71.0K
2025-07-10 20:22:29,BCPComunica,"Sep 19, 2023",Aviso importante a nuestra comunidad. 👇 Nuestro plan es siempre mejorar para ayudarte a cumplir los tuyos. 🤝,110,23,133,2,70.0K
2025-07-10 20:22:29,BCPComunica,"Aug 25, 2023",Queremos agradecer a nuestros colaboradores porque gracias a su esfuerzo es que hoy hemos sido reconocidos una vez más y de forma consecutiva por los premios EMA. 👏🏆 Esta es la 12ava oportunidad y queremos reforzar nuestro compromiso mejorando cada día nuestros servicios. 💯🚀,43,2,45,0,32.0K
2025-07-10 20:22:29,BCPComunica,"Jul 7, 2023","Nos enorgullece haber sido reconocidos en el sector financiero por nuestra excelencia en atención y satisfacción. Este prestigioso premio respaldado por Centrum PUCP, Datum, X Customer Group y Gestión, refuerza nuestro compromiso de seguir brindándote la mejor experiencia. 🙌",54,1,26,0,29.0K
2025-07-10 20:22:29,BCPComunica,"Feb 17, 2023",Comunicado,429,183,2.0K,25,225.0K
2025-07-10 20:22:29,BCPComunica,"Oct 31, 2022","Mañana, martes 1ero de noviembre, por ser feriado 🗓️, todas nuestras agencias a nivel nacional 🏬 no atenderán 📣. No olvides que puedes realizar tus consultas y operaciones, usando nuestros canales digitales 📞💻📱.",140,18,102,3,0
2025-07-10 20:22:29,BCPComunica,"Oct 7, 2022","Mañana, sábado 8 de octubre, por ser declarado feriado 🗓️, todas nuestras agencias a nivel nacional 🏬 no atenderán 📣. No olvides que puedes realizar tus consultas y operaciones, usando nuestros canales digitales 📞💻📱.",82,21,92,2,0
2025-07-10 21:20:43,BCPComunica,Feb 7,"¿Aún no conoces todos los canales oficiales del BCP? 🫣 ¡Anótalos para tener una experiencia segura siempre! 🤝 Comparte esta importante info con tus amigos y familiares. 🤳💙🧡

#CanalesOficialesBCP #BCP",97,0,5,0,21.0K
2025-07-10 21:20:43,BCPComunica,Oct 31,A nuestros clientes 📣,299,303,3.0K,89,234.0K
2025-07-10 21:20:43,BCPComunica,Jul 30,Comunicado: 🙌,315,90,507,18,122.0K
2025-07-10 21:20:43,BCPComunica,Jul 30,"Ante lo comunicado previamente, estamos tomando la siguiente medida: 👇",132,72,355,12,91.0K
2025-07-10 21:20:43,BCPComunica,Jul 30,A nuestra comunidad 📢,609,318,2.0K,98,305.0K
2025-07-10 21:20:43,BCPComunica,"May 17, 2024",Con mucho orgullo compartimos los 4 premios obtenidos esta noche en los #ANDA2024.🤩🎉 ¡Felicitaciones a todos los equipos involucrados en este logro! 👏,117,1,23,2,52.0K
2025-07-10 21:20:43,BCPComunica,"Sep 28, 2023",Continuamos transformando nuestras agencias a nivel nacional para mejorar junto a nuestros clientes. Visítanos para disfrutar de las novedades y una gran experiencia. 👀🙌,167,1,29,0,71.0K
2025-07-10 21:20:43,BCPComunica,"Sep 19, 2023",Aviso importante a nuestra comunidad. 👇 Nuestro plan es siempre mejorar para ayudarte a cumplir los tuyos. 🤝,110,23,133,2,70.0K
2025-07-10 21:20:43,BCPComunica,"Aug 25, 2023",Queremos agradecer a nuestros colaboradores porque gracias a su esfuerzo es que hoy hemos sido reconocidos una vez más y de forma consecutiva por los premios EMA. 👏🏆 Esta es la 12ava oportunidad y queremos reforzar nuestro compromiso mejorando cada día nuestros servicios. 💯🚀,43,2,45,0,32.0K
2025-07-10 21:20:43,BCPComunica,"Jul 7, 2023","Nos enorgullece haber sido reconocidos en el sector financiero por nuestra excelencia en atención y satisfacción. Este prestigioso premio respaldado por Centrum PUCP, Datum, X Customer Group y Gestión, refuerza nuestro compromiso de seguir brindándote la mejor experiencia. 🙌",54,1,26,0,29.0K
2025-07-10 21:20:43,BCPComunica,"Feb 17, 2023",Comunicado,429,183,2.0K,25,225.0K
2025-07-10 21:20:43,BCPComunica,"Oct 31, 2022","Mañana, martes 1ero de noviembre, por ser feriado 🗓️, todas nuestras agencias a nivel nacional 🏬 no atenderán 📣. No olvides que puedes realizar tus consultas y operaciones, usando nuestros canales digitales 📞💻📱.",140,18,102,3,0
2025-07-10 21:20:43,BCPComunica,"Oct 7, 2022","Mañana, sábado 8 de octubre, por ser declarado feriado 🗓️, todas nuestras agencias a nivel nacional 🏬 no atenderán 📣. No olvides que puedes realizar tus consultas y operaciones, usando nuestros canales digitales 📞💻📱.",82,21,92,2,0
2025-07-10 22:19:25,BCPComunica,Feb 7,"¿Aún no conoces todos los canales oficiales del BCP? 🫣 ¡Anótalos para tener una experiencia segura siempre! 🤝 Comparte esta importante info con tus amigos y familiares. 🤳💙🧡

#CanalesOficialesBCP #BCP",97,0,5,0,21.0K
2025-07-10 22:19:25,BCPComunica,Oct 31,A nuestros clientes 📣,299,303,3.0K,89,234.0K
2025-07-10 22:19:25,BCPComunica,Jul 30,Comunicado: 🙌,315,90,507,18,122.0K
2025-07-10 22:19:25,BCPComunica,Jul 30,"Ante lo comunicado previamente, estamos tomando la siguiente medida: 👇",132,72,355,12,91.0K
2025-07-10 22:19:25,BCPComunica,Jul 30,A nuestra comunidad 📢,609,318,2.0K,98,305.0K
2025-07-10 22:19:25,BCPComunica,"May 17, 2024",Con mucho orgullo compartimos los 4 premios obtenidos esta noche en los #ANDA2024.🤩🎉 ¡Felicitaciones a todos los equipos involucrados en este logro! 👏,117,1,23,2,52.0K
2025-07-10 22:19:25,BCPComunica,"Sep 28, 2023",Continuamos transformando nuestras agencias a nivel nacional para mejorar junto a nuestros clientes. Visítanos para disfrutar de las novedades y una gran experiencia. 👀🙌,167,1,29,0,71.0K
2025-07-10 22:19:25,BCPComunica,"Sep 19, 2023",Aviso importante a nuestra comunidad. 👇 Nuestro plan es siempre mejorar para ayudarte a cumplir los tuyos. 🤝,110,23,133,2,70.0K
2025-07-10 22:19:25,BCPComunica,"Aug 25, 2023",Queremos agradecer a nuestros colaboradores porque gracias a su esfuerzo es que hoy hemos sido reconocidos una vez más y de forma consecutiva por los premios EMA. 👏🏆 Esta es la 12ava oportunidad y queremos reforzar nuestro compromiso mejorando cada día nuestros servicios. 💯🚀,43,2,45,0,32.0K
2025-07-10 22:19:25,BCPComunica,"Jul 7, 2023","Nos enorgullece haber sido reconocidos en el sector financiero por nuestra excelencia en atención y satisfacción. Este prestigioso premio respaldado por Centrum PUCP, Datum, X Customer Group y Gestión, refuerza nuestro compromiso de seguir brindándote la mejor experiencia. 🙌",54,1,26,0,29.0K
2025-07-10 22:19:25,BCPComunica,"Feb 17, 2023",Comunicado,429,183,2.0K,25,225.0K
2025-07-10 22:19:25,BCPComunica,"Oct 31, 2022","Mañana, martes 1ero de noviembre, por ser feriado 🗓️, todas nuestras agencias a nivel nacional 🏬 no atenderán 📣. No olvides que puedes realizar tus consultas y operaciones, usando nuestros canales digitales 📞💻📱.",140,18,102,3,0
2025-07-10 22:19:25,BCPComunica,"Oct 7, 2022","Mañana, sábado 8 de octubre, por ser declarado feriado 🗓️, todas nuestras agencias a nivel nacional 🏬 no atenderán 📣. No olvides que puedes realizar tus consultas y operaciones, usando nuestros canales digitales 📞💻📱.",82,21,92,2,0
2025-07-10 23:19:51,BCPComunica,Feb 7,"¿Aún no conoces todos los canales oficiales del BCP? 🫣 ¡Anótalos para tener una experiencia segura siempre! 🤝 Comparte esta importante info con tus amigos y familiares. 🤳💙🧡

#CanalesOficialesBCP #BCP",97,0,5,0,21.0K
2025-07-10 23:19:51,BCPComunica,Oct 31,A nuestros clientes 📣,299,303,3.0K,89,234.0K
2025-07-10 23:19:51,BCPComunica,Jul 30,Comunicado: 🙌,315,90,507,18,122.0K
2025-07-10 23:19:51,BCPComunica,Jul 30,"Ante lo comunicado previamente, estamos tomando la siguiente medida: 👇",132,72,355,12,91.0K
2025-07-10 23:19:51,BCPComunica,Jul 30,A nuestra comunidad 📢,609,318,2.0K,98,305.0K
2025-07-10 23:19:51,BCPComunica,"May 17, 2024",Con mucho orgullo compartimos los 4 premios obtenidos esta noche en los #ANDA2024.🤩🎉 ¡Felicitaciones a todos los equipos involucrados en este logro! 👏,117,1,23,2,52.0K
2025-07-10 23:19:51,BCPComunica,"Sep 28, 2023",Continuamos transformando nuestras agencias a nivel nacional para mejorar junto a nuestros clientes. Visítanos para disfrutar de las novedades y una gran experiencia. 👀🙌,167,1,29,0,71.0K
2025-07-10 23:19:51,BCPComunica,"Sep 19, 2023",Aviso importante a nuestra comunidad. 👇 Nuestro plan es siempre mejorar para ayudarte a cumplir los tuyos. 🤝,110,23,133,2,70.0K
2025-07-10 23:19:51,BCPComunica,"Aug 25, 2023",Queremos agradecer a nuestros colaboradores porque gracias a su esfuerzo es que hoy hemos sido reconocidos una vez más y de forma consecutiva por los premios EMA. 👏🏆 Esta es la 12ava oportunidad y queremos reforzar nuestro compromiso mejorando cada día nuestros servicios. 💯🚀,43,2,45,0,32.0K
2025-07-10 23:19:51,BCPComunica,"Jul 7, 2023","Nos enorgullece haber sido reconocidos en el sector financiero por nuestra excelencia en atención y satisfacción. Este prestigioso premio respaldado por Centrum PUCP, Datum, X Customer Group y Gestión, refuerza nuestro compromiso de seguir brindándote la mejor experiencia. 🙌",54,1,26,0,29.0K
2025-07-10 23:19:51,BCPComunica,"Feb 17, 2023",Comunicado,429,183,2.0K,25,225.0K
2025-07-10 23:19:51,BCPComunica,"Oct 31, 2022","Mañana, martes 1ero de noviembre, por ser feriado 🗓️, todas nuestras agencias a nivel nacional 🏬 no atenderán 📣. No olvides que puedes realizar tus consultas y operaciones, usando nuestros canales digitales 📞💻📱.",140,18,102,3,0
2025-07-10 23:19:51,BCPComunica,"Oct 7, 2022","Mañana, sábado 8 de octubre, por ser declarado feriado 🗓️, todas nuestras agencias a nivel nacional 🏬 no atenderán 📣. No olvides que puedes realizar tus consultas y operaciones, usando nuestros canales digitales 📞💻📱.",82,21,92,2,0
2025-07-11 01:44:07,BCPComunica,Feb 7,"¿Aún no conoces todos los canales oficiales del BCP? 🫣 ¡Anótalos para tener una experiencia segura siempre! 🤝 Comparte esta importante info con tus amigos y familiares. 🤳💙🧡

#CanalesOficialesBCP #BCP",97,0,5,0,21.0K
2025-07-11 01:44:07,BCPComunica,Oct 31,A nuestros clientes 📣,299,303,3.0K,89,234.0K
2025-07-11 01:44:07,BCPComunica,Jul 30,Comunicado: 🙌,315,90,507,18,122.0K
2025-07-11 01:44:07,BCPComunica,Jul 30,"Ante lo comunicado previamente, estamos tomando la siguiente medida: 👇",132,72,355,12,91.0K
2025-07-11 01:44:07,BCPComunica,Jul 30,A nuestra comunidad 📢,609,318,2.0K,98,305.0K
2025-07-11 01:44:07,BCPComunica,"May 17, 2024",Con mucho orgullo compartimos los 4 premios obtenidos esta noche en los #ANDA2024.🤩🎉 ¡Felicitaciones a todos los equipos involucrados en este logro! 👏,117,1,23,2,52.0K
2025-07-11 01:44:07,BCPComunica,"Sep 28, 2023",Continuamos transformando nuestras agencias a nivel nacional para mejorar junto a nuestros clientes. Visítanos para disfrutar de las novedades y una gran experiencia. 👀🙌,167,1,29,0,71.0K
2025-07-11 01:44:07,BCPComunica,"Sep 19, 2023",Aviso importante a nuestra comunidad. 👇 Nuestro plan es siempre mejorar para ayudarte a cumplir los tuyos. 🤝,110,23,133,2,70.0K
2025-07-11 01:44:07,BCPComunica,"Aug 25, 2023",Queremos agradecer a nuestros colaboradores porque gracias a su esfuerzo es que hoy hemos sido reconocidos una vez más y de forma consecutiva por los premios EMA. 👏🏆 Esta es la 12ava oportunidad y queremos reforzar nuestro compromiso mejorando cada día nuestros servicios. 💯🚀,43,2,45,0,32.0K
2025-07-11 01:44:07,BCPComunica,"Jul 7, 2023","Nos enorgullece haber sido reconocidos en el sector financiero por nuestra excelencia en atención y satisfacción. Este prestigioso premio respaldado por Centrum PUCP, Datum, X Customer Group y Gestión, refuerza nuestro compromiso de seguir brindándote la mejor experiencia. 🙌",54,1,26,0,29.0K
2025-07-11 01:44:07,BCPComunica,"Feb 17, 2023",Comunicado,429,183,2.0K,25,225.0K
2025-07-11 01:44:07,BCPComunica,"Oct 31, 2022","Mañana, martes 1ero de noviembre, por ser feriado 🗓️, todas nuestras agencias a nivel nacional 🏬 no atenderán 📣. No olvides que puedes realizar tus consultas y operaciones, usando nuestros canales digitales 📞💻📱.",140,18,102,3,0
2025-07-11 01:44:07,BCPComunica,"Oct 7, 2022","Mañana, sábado 8 de octubre, por ser declarado feriado 🗓️, todas nuestras agencias a nivel nacional 🏬 no atenderán 📣. No olvides que puedes realizar tus consultas y operaciones, usando nuestros canales digitales 📞💻📱.",82,21,92,2,0
2025-07-11 03:27:59,BCPComunica,Feb 7,"¿Aún no conoces todos los canales oficiales del BCP? 🫣 ¡Anótalos para tener una experiencia segura siempre! 🤝 Comparte esta importante info con tus amigos y familiares. 🤳💙🧡

#CanalesOficialesBCP #BCP",97,0,5,0,21.0K
2025-07-11 03:27:59,BCPComunica,Oct 31,A nuestros clientes 📣,299,303,3.0K,89,234.0K
2025-07-11 03:27:59,BCPComunica,Jul 30,Comunicado: 🙌,315,90,507,18,122.0K
2025-07-11 03:27:59,BCPComunica,Jul 30,"Ante lo comunicado previamente, estamos tomando la siguiente medida: 👇",132,72,355,12,91.0K
2025-07-11 03:27:59,BCPComunica,Jul 30,A nuestra comunidad 📢,609,318,2.0K,98,305.0K
2025-07-11 03:27:59,BCPComunica,"May 17, 2024",Con mucho orgullo compartimos los 4 premios obtenidos esta noche en los #ANDA2024.🤩🎉 ¡Felicitaciones a todos los equipos involucrados en este logro! 👏,117,1,23,2,52.0K
2025-07-11 03:27:59,BCPComunica,"Sep 28, 2023",Continuamos transformando nuestras agencias a nivel nacional para mejorar junto a nuestros clientes. Visítanos para disfrutar de las novedades y una gran experiencia. 👀🙌,167,1,29,0,71.0K
2025-07-11 03:27:59,BCPComunica,"Sep 19, 2023",Aviso importante a nuestra comunidad. 👇 Nuestro plan es siempre mejorar para ayudarte a cumplir los tuyos. 🤝,110,23,133,2,70.0K
2025-07-11 03:27:59,BCPComunica,"Aug 25, 2023",Queremos agradecer a nuestros colaboradores porque gracias a su esfuerzo es que hoy hemos sido reconocidos una vez más y de forma consecutiva por los premios EMA. 👏🏆 Esta es la 12ava oportunidad y queremos reforzar nuestro compromiso mejorando cada día nuestros servicios. 💯🚀,43,2,45,0,32.0K
2025-07-11 03:27:59,BCPComunica,"Jul 7, 2023","Nos enorgullece haber sido reconocidos en el sector financiero por nuestra excelencia en atención y satisfacción. Este prestigioso premio respaldado por Centrum PUCP, Datum, X Customer Group y Gestión, refuerza nuestro compromiso de seguir brindándote la mejor experiencia. 🙌",54,1,26,0,29.0K
2025-07-11 03:27:59,BCPComunica,"Feb 17, 2023",Comunicado,429,183,2.0K,25,225.0K
2025-07-11 03:27:59,BCPComunica,"Oct 31, 2022","Mañana, martes 1ero de noviembre, por ser feriado 🗓️, todas nuestras agencias a nivel nacional 🏬 no atenderán 📣. No olvides que puedes realizar tus consultas y operaciones, usando nuestros canales digitales 📞💻📱.",140,18,102,3,0
2025-07-11 03:27:59,BCPComunica,"Oct 7, 2022","Mañana, sábado 8 de octubre, por ser declarado feriado 🗓️, todas nuestras agencias a nivel nacional 🏬 no atenderán 📣. No olvides que puedes realizar tus consultas y operaciones, usando nuestros canales digitales 📞💻📱.",82,21,92,2,0
2025-07-11 06:31:08,BCPComunica,Feb 7,"¿Aún no conoces todos los canales oficiales del BCP? 🫣 ¡Anótalos para tener una experiencia segura siempre! 🤝 Comparte esta importante info con tus amigos y familiares. 🤳💙🧡

#CanalesOficialesBCP #BCP",97,0,5,0,21.0K
2025-07-11 06:31:08,BCPComunica,Oct 31,A nuestros clientes 📣,299,303,3.0K,89,234.0K
2025-07-11 06:31:08,BCPComunica,Jul 30,Comunicado: 🙌,315,90,507,18,122.0K
2025-07-11 06:31:08,BCPComunica,Jul 30,"Ante lo comunicado previamente, estamos tomando la siguiente medida: 👇",132,72,355,12,91.0K
2025-07-11 06:31:08,BCPComunica,Jul 30,A nuestra comunidad 📢,609,318,2.0K,98,305.0K
2025-07-11 06:31:08,BCPComunica,"May 17, 2024",Con mucho orgullo compartimos los 4 premios obtenidos esta noche en los #ANDA2024.🤩🎉 ¡Felicitaciones a todos los equipos involucrados en este logro! 👏,117,1,23,2,52.0K
2025-07-11 06:31:08,BCPComunica,"Sep 28, 2023",Continuamos transformando nuestras agencias a nivel nacional para mejorar junto a nuestros clientes. Visítanos para disfrutar de las novedades y una gran experiencia. 👀🙌,167,1,29,0,71.0K
2025-07-11 06:31:08,BCPComunica,"Sep 19, 2023",Aviso importante a nuestra comunidad. 👇 Nuestro plan es siempre mejorar para ayudarte a cumplir los tuyos. 🤝,110,23,133,2,70.0K
2025-07-11 06:31:08,BCPComunica,"Aug 25, 2023",Queremos agradecer a nuestros colaboradores porque gracias a su esfuerzo es que hoy hemos sido reconocidos una vez más y de forma consecutiva por los premios EMA. 👏🏆 Esta es la 12ava oportunidad y queremos reforzar nuestro compromiso mejorando cada día nuestros servicios. 💯🚀,43,2,45,0,32.0K
2025-07-11 06:31:08,BCPComunica,"Jul 7, 2023","Nos enorgullece haber sido reconocidos en el sector financiero por nuestra excelencia en atención y satisfacción. Este prestigioso premio respaldado por Centrum PUCP, Datum, X Customer Group y Gestión, refuerza nuestro compromiso de seguir brindándote la mejor experiencia. 🙌",54,1,26,0,29.0K
2025-07-11 06:31:08,BCPComunica,"Feb 17, 2023",Comunicado,429,183,2.0K,25,225.0K
2025-07-11 06:31:08,BCPComunica,"Oct 31, 2022","Mañana, martes 1ero de noviembre, por ser feriado 🗓️, todas nuestras agencias a nivel nacional 🏬 no atenderán 📣. No olvides que puedes realizar tus consultas y operaciones, usando nuestros canales digitales 📞💻📱.",140,18,102,3,0
2025-07-11 06:31:08,BCPComunica,"Oct 7, 2022","Mañana, sábado 8 de octubre, por ser declarado feriado 🗓️, todas nuestras agencias a nivel nacional 🏬 no atenderán 📣. No olvides que puedes realizar tus consultas y operaciones, usando nuestros canales digitales 📞💻📱.",82,21,92,2,0
2025-07-11 07:21:13,BCPComunica,Feb 7,"¿Aún no conoces todos los canales oficiales del BCP? 🫣 ¡Anótalos para tener una experiencia segura siempre! 🤝 Comparte esta importante info con tus amigos y familiares. 🤳💙🧡

#CanalesOficialesBCP #BCP",97,0,5,0,21.0K
2025-07-11 07:21:13,BCPComunica,Oct 31,A nuestros clientes 📣,299,303,3.0K,89,234.0K
2025-07-11 07:21:13,BCPComunica,Jul 30,Comunicado: 🙌,315,90,507,18,122.0K
2025-07-11 07:21:13,BCPComunica,Jul 30,"Ante lo comunicado previamente, estamos tomando la siguiente medida: 👇",132,72,355,12,91.0K
2025-07-11 07:21:13,BCPComunica,Jul 30,A nuestra comunidad 📢,609,318,2.0K,98,305.0K
2025-07-11 07:21:13,BCPComunica,"May 17, 2024",Con mucho orgullo compartimos los 4 premios obtenidos esta noche en los #ANDA2024.🤩🎉 ¡Felicitaciones a todos los equipos involucrados en este logro! 👏,117,1,23,2,52.0K
2025-07-11 07:21:13,BCPComunica,"Sep 28, 2023",Continuamos transformando nuestras agencias a nivel nacional para mejorar junto a nuestros clientes. Visítanos para disfrutar de las novedades y una gran experiencia. 👀🙌,167,1,29,0,71.0K
2025-07-11 07:21:13,BCPComunica,"Sep 19, 2023",Aviso importante a nuestra comunidad. 👇 Nuestro plan es siempre mejorar para ayudarte a cumplir los tuyos. 🤝,110,23,133,2,70.0K
2025-07-11 07:21:13,BCPComunica,"Aug 25, 2023",Queremos agradecer a nuestros colaboradores porque gracias a su esfuerzo es que hoy hemos sido reconocidos una vez más y de forma consecutiva por los premios EMA. 👏🏆 Esta es la 12ava oportunidad y queremos reforzar nuestro compromiso mejorando cada día nuestros servicios. 💯🚀,43,2,45,0,32.0K
2025-07-11 07:21:13,BCPComunica,"Jul 7, 2023","Nos enorgullece haber sido reconocidos en el sector financiero por nuestra excelencia en atención y satisfacción. Este prestigioso premio respaldado por Centrum PUCP, Datum, X Customer Group y Gestión, refuerza nuestro compromiso de seguir brindándote la mejor experiencia. 🙌",54,1,26,0,29.0K
2025-07-11 07:21:13,BCPComunica,"Feb 17, 2023",Comunicado,429,183,2.0K,25,225.0K
2025-07-11 07:21:13,BCPComunica,"Oct 31, 2022","Mañana, martes 1ero de noviembre, por ser feriado 🗓️, todas nuestras agencias a nivel nacional 🏬 no atenderán 📣. No olvides que puedes realizar tus consultas y operaciones, usando nuestros canales digitales 📞💻📱.",140,18,102,3,0
2025-07-11 07:21:13,BCPComunica,"Oct 7, 2022","Mañana, sábado 8 de octubre, por ser declarado feriado 🗓️, todas nuestras agencias a nivel nacional 🏬 no atenderán 📣. No olvides que puedes realizar tus consultas y operaciones, usando nuestros canales digitales 📞💻📱.",82,21,92,2,0
2025-07-11 08:28:00,BCPComunica,Feb 7,"¿Aún no conoces todos los canales oficiales del BCP? 🫣 ¡Anótalos para tener una experiencia segura siempre! 🤝 Comparte esta importante info con tus amigos y familiares. 🤳💙🧡

#CanalesOficialesBCP #BCP",97,0,5,0,21.0K
2025-07-11 08:28:00,BCPComunica,Oct 31,A nuestros clientes 📣,299,303,3.0K,89,234.0K
2025-07-11 08:28:00,BCPComunica,Jul 30,Comunicado: 🙌,315,90,507,18,122.0K
2025-07-11 08:28:00,BCPComunica,Jul 30,"Ante lo comunicado previamente, estamos tomando la siguiente medida: 👇",132,72,355,12,91.0K
2025-07-11 08:28:00,BCPComunica,Jul 30,A nuestra comunidad 📢,609,318,2.0K,98,305.0K
2025-07-11 08:28:00,BCPComunica,"May 17, 2024",Con mucho orgullo compartimos los 4 premios obtenidos esta noche en los #ANDA2024.🤩🎉 ¡Felicitaciones a todos los equipos involucrados en este logro! 👏,117,1,23,2,52.0K
2025-07-11 08:28:00,BCPComunica,"Sep 28, 2023",Continuamos transformando nuestras agencias a nivel nacional para mejorar junto a nuestros clientes. Visítanos para disfrutar de las novedades y una gran experiencia. 👀🙌,167,1,29,0,71.0K
2025-07-11 08:28:00,BCPComunica,"Sep 19, 2023",Aviso importante a nuestra comunidad. 👇 Nuestro plan es siempre mejorar para ayudarte a cumplir los tuyos. 🤝,110,23,133,2,70.0K
2025-07-11 08:28:00,BCPComunica,"Aug 25, 2023",Queremos agradecer a nuestros colaboradores porque gracias a su esfuerzo es que hoy hemos sido reconocidos una vez más y de forma consecutiva por los premios EMA. 👏🏆 Esta es la 12ava oportunidad y queremos reforzar nuestro compromiso mejorando cada día nuestros servicios. 💯🚀,43,2,45,0,32.0K
2025-07-11 08:28:00,BCPComunica,"Jul 7, 2023","Nos enorgullece haber sido reconocidos en el sector financiero por nuestra excelencia en atención y satisfacción. Este prestigioso premio respaldado por Centrum PUCP, Datum, X Customer Group y Gestión, refuerza nuestro compromiso de seguir brindándote la mejor experiencia. 🙌",54,1,26,0,29.0K
2025-07-11 08:28:00,BCPComunica,"Feb 17, 2023",Comunicado,429,183,2.0K,25,225.0K
2025-07-11 08:28:00,BCPComunica,"Oct 31, 2022","Mañana, martes 1ero de noviembre, por ser feriado 🗓️, todas nuestras agencias a nivel nacional 🏬 no atenderán 📣. No olvides que puedes realizar tus consultas y operaciones, usando nuestros canales digitales 📞💻📱.",140,18,102,3,0
2025-07-11 08:28:00,BCPComunica,"Oct 7, 2022","Mañana, sábado 8 de octubre, por ser declarado feriado 🗓️, todas nuestras agencias a nivel nacional 🏬 no atenderán 📣. No olvides que puedes realizar tus consultas y operaciones, usando nuestros canales digitales 📞💻📱.",82,21,92,2,0
2025-07-11 09:22:43,BCPComunica,Feb 7,"¿Aún no conoces todos los canales oficiales del BCP? 🫣 ¡Anótalos para tener una experiencia segura siempre! 🤝 Comparte esta importante info con tus amigos y familiares. 🤳💙🧡

#CanalesOficialesBCP #BCP",97,0,5,0,21.0K
2025-07-11 09:22:43,BCPComunica,Oct 31,A nuestros clientes 📣,299,303,3.0K,89,234.0K
2025-07-11 09:22:43,BCPComunica,Jul 30,Comunicado: 🙌,315,90,507,18,122.0K
2025-07-11 09:22:43,BCPComunica,Jul 30,"Ante lo comunicado previamente, estamos tomando la siguiente medida: 👇",132,72,355,12,91.0K
2025-07-11 09:22:43,BCPComunica,Jul 30,A nuestra comunidad 📢,609,318,2.0K,98,305.0K
2025-07-11 09:22:43,BCPComunica,"May 17, 2024",Con mucho orgullo compartimos los 4 premios obtenidos esta noche en los #ANDA2024.🤩🎉 ¡Felicitaciones a todos los equipos involucrados en este logro! 👏,117,1,23,2,52.0K
2025-07-11 09:22:43,BCPComunica,"Sep 28, 2023",Continuamos transformando nuestras agencias a nivel nacional para mejorar junto a nuestros clientes. Visítanos para disfrutar de las novedades y una gran experiencia. 👀🙌,167,1,29,0,71.0K
2025-07-11 09:22:43,BCPComunica,"Sep 19, 2023",Aviso importante a nuestra comunidad. 👇 Nuestro plan es siempre mejorar para ayudarte a cumplir los tuyos. 🤝,110,23,133,2,70.0K
2025-07-11 09:22:43,BCPComunica,"Aug 25, 2023",Queremos agradecer a nuestros colaboradores porque gracias a su esfuerzo es que hoy hemos sido reconocidos una vez más y de forma consecutiva por los premios EMA. 👏🏆 Esta es la 12ava oportunidad y queremos reforzar nuestro compromiso mejorando cada día nuestros servicios. 💯🚀,43,2,45,0,32.0K
2025-07-11 09:22:43,BCPComunica,"Jul 7, 2023","Nos enorgullece haber sido reconocidos en el sector financiero por nuestra excelencia en atención y satisfacción. Este prestigioso premio respaldado por Centrum PUCP, Datum, X Customer Group y Gestión, refuerza nuestro compromiso de seguir brindándote la mejor experiencia. 🙌",54,1,26,0,29.0K
2025-07-11 09:22:43,BCPComunica,"Feb 17, 2023",Comunicado,429,183,2.0K,25,225.0K
2025-07-11 09:22:43,BCPComunica,"Oct 31, 2022","Mañana, martes 1ero de noviembre, por ser feriado 🗓️, todas nuestras agencias a nivel nacional 🏬 no atenderán 📣. No olvides que puedes realizar tus consultas y operaciones, usando nuestros canales digitales 📞💻📱.",140,18,102,3,0
2025-07-11 09:22:43,BCPComunica,"Oct 7, 2022","Mañana, sábado 8 de octubre, por ser declarado feriado 🗓️, todas nuestras agencias a nivel nacional 🏬 no atenderán 📣. No olvides que puedes realizar tus consultas y operaciones, usando nuestros canales digitales 📞💻📱.",82,21,92,2,0
2025-07-11 10:21:56,BCPComunica,Feb 7,"¿Aún no conoces todos los canales oficiales del BCP? 🫣 ¡Anótalos para tener una experiencia segura siempre! 🤝 Comparte esta importante info con tus amigos y familiares. 🤳💙🧡

#CanalesOficialesBCP #BCP",97,0,5,0,21.0K
2025-07-11 10:21:56,BCPComunica,Oct 31,A nuestros clientes 📣,299,303,3.0K,89,234.0K
2025-07-11 10:21:56,BCPComunica,Jul 30,Comunicado: 🙌,315,90,507,18,122.0K
2025-07-11 10:21:56,BCPComunica,Jul 30,"Ante lo comunicado previamente, estamos tomando la siguiente medida: 👇",132,72,355,12,91.0K
2025-07-11 10:21:56,BCPComunica,Jul 30,A nuestra comunidad 📢,609,318,2.0K,98,305.0K
2025-07-11 10:21:56,BCPComunica,"May 17, 2024",Con mucho orgullo compartimos los 4 premios obtenidos esta noche en los #ANDA2024.🤩🎉 ¡Felicitaciones a todos los equipos involucrados en este logro! 👏,117,1,23,2,52.0K
2025-07-11 10:21:56,BCPComunica,"Sep 28, 2023",Continuamos transformando nuestras agencias a nivel nacional para mejorar junto a nuestros clientes. Visítanos para disfrutar de las novedades y una gran experiencia. 👀🙌,167,1,29,0,71.0K
2025-07-11 10:21:56,BCPComunica,"Sep 19, 2023",Aviso importante a nuestra comunidad. 👇 Nuestro plan es siempre mejorar para ayudarte a cumplir los tuyos. 🤝,110,23,133,2,70.0K
2025-07-11 10:21:56,BCPComunica,"Aug 25, 2023",Queremos agradecer a nuestros colaboradores porque gracias a su esfuerzo es que hoy hemos sido reconocidos una vez más y de forma consecutiva por los premios EMA. 👏🏆 Esta es la 12ava oportunidad y queremos reforzar nuestro compromiso mejorando cada día nuestros servicios. 💯🚀,43,2,45,0,32.0K
2025-07-11 10:21:56,BCPComunica,"Jul 7, 2023","Nos enorgullece haber sido reconocidos en el sector financiero por nuestra excelencia en atención y satisfacción. Este prestigioso premio respaldado por Centrum PUCP, Datum, X Customer Group y Gestión, refuerza nuestro compromiso de seguir brindándote la mejor experiencia. 🙌",54,1,26,0,29.0K
2025-07-11 10:21:56,BCPComunica,"Feb 17, 2023",Comunicado,429,183,2.0K,25,225.0K
2025-07-11 10:21:56,BCPComunica,"Oct 31, 2022","Mañana, martes 1ero de noviembre, por ser feriado 🗓️, todas nuestras agencias a nivel nacional 🏬 no atenderán 📣. No olvides que puedes realizar tus consultas y operaciones, usando nuestros canales digitales 📞💻📱.",140,18,102,3,0
2025-07-11 10:21:56,BCPComunica,"Oct 7, 2022","Mañana, sábado 8 de octubre, por ser declarado feriado 🗓️, todas nuestras agencias a nivel nacional 🏬 no atenderán 📣. No olvides que puedes realizar tus consultas y operaciones, usando nuestros canales digitales 📞💻📱.",82,21,92,2,0
2025-07-11 12:40:55,BCPComunica,Feb 7,"¿Aún no conoces todos los canales oficiales del BCP? 🫣 ¡Anótalos para tener una experiencia segura siempre! 🤝 Comparte esta importante info con tus amigos y familiares. 🤳💙🧡

#CanalesOficialesBCP #BCP",97,0,5,0,21.0K
2025-07-11 12:40:55,BCPComunica,Oct 31,A nuestros clientes 📣,299,303,3.0K,89,234.0K
2025-07-11 12:40:55,BCPComunica,Jul 30,Comunicado: 🙌,315,90,507,18,122.0K
2025-07-11 12:40:55,BCPComunica,Jul 30,"Ante lo comunicado previamente, estamos tomando la siguiente medida: 👇",132,72,355,12,91.0K
2025-07-11 12:40:55,BCPComunica,Jul 30,A nuestra comunidad 📢,609,318,2.0K,98,305.0K
2025-07-11 12:40:55,BCPComunica,"May 17, 2024",Con mucho orgullo compartimos los 4 premios obtenidos esta noche en los #ANDA2024.🤩🎉 ¡Felicitaciones a todos los equipos involucrados en este logro! 👏,117,1,23,2,52.0K
2025-07-11 12:40:55,BCPComunica,"Sep 28, 2023",Continuamos transformando nuestras agencias a nivel nacional para mejorar junto a nuestros clientes. Visítanos para disfrutar de las novedades y una gran experiencia. 👀🙌,167,1,29,0,71.0K
2025-07-11 12:40:55,BCPComunica,"Sep 19, 2023",Aviso importante a nuestra comunidad. 👇 Nuestro plan es siempre mejorar para ayudarte a cumplir los tuyos. 🤝,110,23,133,2,70.0K
2025-07-11 12:40:55,BCPComunica,"Aug 25, 2023",Queremos agradecer a nuestros colaboradores porque gracias a su esfuerzo es que hoy hemos sido reconocidos una vez más y de forma consecutiva por los premios EMA. 👏🏆 Esta es la 12ava oportunidad y queremos reforzar nuestro compromiso mejorando cada día nuestros servicios. 💯🚀,43,2,45,0,32.0K
2025-07-11 12:40:55,BCPComunica,"Jul 7, 2023","Nos enorgullece haber sido reconocidos en el sector financiero por nuestra excelencia en atención y satisfacción. Este prestigioso premio respaldado por Centrum PUCP, Datum, X Customer Group y Gestión, refuerza nuestro compromiso de seguir brindándote la mejor experiencia. 🙌",54,1,26,0,29.0K
2025-07-11 12:40:55,BCPComunica,"Feb 17, 2023",Comunicado,429,183,2.0K,25,225.0K
2025-07-11 12:40:55,BCPComunica,"Oct 31, 2022","Mañana, martes 1ero de noviembre, por ser feriado 🗓️, todas nuestras agencias a nivel nacional 🏬 no atenderán 📣. No olvides que puedes realizar tus consultas y operaciones, usando nuestros canales digitales 📞💻📱.",140,18,102,3,0
2025-07-11 12:40:55,BCPComunica,"Oct 7, 2022","Mañana, sábado 8 de octubre, por ser declarado feriado 🗓️, todas nuestras agencias a nivel nacional 🏬 no atenderán 📣. No olvides que puedes realizar tus consultas y operaciones, usando nuestros canales digitales 📞💻📱.",82,21,92,2,0
2025-07-11 13:33:17,BCPComunica,Feb 7,"¿Aún no conoces todos los canales oficiales del BCP? 🫣 ¡Anótalos para tener una experiencia segura siempre! 🤝 Comparte esta importante info con tus amigos y familiares. 🤳💙🧡

#CanalesOficialesBCP #BCP",97,0,5,0,21.0K
2025-07-11 13:33:17,BCPComunica,Oct 31,A nuestros clientes 📣,299,303,3.0K,89,234.0K
2025-07-11 13:33:17,BCPComunica,Jul 30,Comunicado: 🙌,315,90,507,18,122.0K
2025-07-11 13:33:17,BCPComunica,Jul 30,"Ante lo comunicado previamente, estamos tomando la siguiente medida: 👇",132,72,355,12,91.0K
2025-07-11 13:33:17,BCPComunica,Jul 30,A nuestra comunidad 📢,609,318,2.0K,98,305.0K
2025-07-11 13:33:17,BCPComunica,"May 17, 2024",Con mucho orgullo compartimos los 4 premios obtenidos esta noche en los #ANDA2024.🤩🎉 ¡Felicitaciones a todos los equipos involucrados en este logro! 👏,117,1,23,2,52.0K
2025-07-11 13:33:17,BCPComunica,"Sep 28, 2023",Continuamos transformando nuestras agencias a nivel nacional para mejorar junto a nuestros clientes. Visítanos para disfrutar de las novedades y una gran experiencia. 👀🙌,167,1,29,0,71.0K
2025-07-11 13:33:17,BCPComunica,"Sep 19, 2023",Aviso importante a nuestra comunidad. 👇 Nuestro plan es siempre mejorar para ayudarte a cumplir los tuyos. 🤝,110,23,133,2,70.0K
2025-07-11 13:33:17,BCPComunica,"Aug 25, 2023",Queremos agradecer a nuestros colaboradores porque gracias a su esfuerzo es que hoy hemos sido reconocidos una vez más y de forma consecutiva por los premios EMA. 👏🏆 Esta es la 12ava oportunidad y queremos reforzar nuestro compromiso mejorando cada día nuestros servicios. 💯🚀,43,2,45,0,32.0K
2025-07-11 13:33:17,BCPComunica,"Jul 7, 2023","Nos enorgullece haber sido reconocidos en el sector financiero por nuestra excelencia en atención y satisfacción. Este prestigioso premio respaldado por Centrum PUCP, Datum, X Customer Group y Gestión, refuerza nuestro compromiso de seguir brindándote la mejor experiencia. 🙌",54,1,26,0,29.0K
2025-07-11 13:33:17,BCPComunica,"Feb 17, 2023",Comunicado,429,183,2.0K,25,225.0K
2025-07-11 13:33:17,BCPComunica,"Oct 31, 2022","Mañana, martes 1ero de noviembre, por ser feriado 🗓️, todas nuestras agencias a nivel nacional 🏬 no atenderán 📣. No olvides que puedes realizar tus consultas y operaciones, usando nuestros canales digitales 📞💻📱.",140,18,102,3,0
2025-07-11 13:33:17,BCPComunica,"Oct 7, 2022","Mañana, sábado 8 de octubre, por ser declarado feriado 🗓️, todas nuestras agencias a nivel nacional 🏬 no atenderán 📣. No olvides que puedes realizar tus consultas y operaciones, usando nuestros canales digitales 📞💻📱.",82,21,92,2,0
2025-07-11 14:20:29,BCPComunica,Feb 7,"¿Aún no conoces todos los canales oficiales del BCP? 🫣 ¡Anótalos para tener una experiencia segura siempre! 🤝 Comparte esta importante info con tus amigos y familiares. 🤳💙🧡

#CanalesOficialesBCP #BCP",97,0,5,0,21.0K
2025-07-11 14:20:29,BCPComunica,Oct 31,A nuestros clientes 📣,299,303,3.0K,89,234.0K
2025-07-11 14:20:29,BCPComunica,Jul 30,Comunicado: 🙌,315,90,507,18,122.0K
2025-07-11 14:20:29,BCPComunica,Jul 30,"Ante lo comunicado previamente, estamos tomando la siguiente medida: 👇",132,72,355,12,91.0K
2025-07-11 14:20:29,BCPComunica,Jul 30,A nuestra comunidad 📢,609,318,2.0K,98,305.0K
2025-07-11 14:20:29,BCPComunica,"May 17, 2024",Con mucho orgullo compartimos los 4 premios obtenidos esta noche en los #ANDA2024.🤩🎉 ¡Felicitaciones a todos los equipos involucrados en este logro! 👏,117,1,23,2,52.0K
2025-07-11 14:20:29,BCPComunica,"Sep 28, 2023",Continuamos transformando nuestras agencias a nivel nacional para mejorar junto a nuestros clientes. Visítanos para disfrutar de las novedades y una gran experiencia. 👀🙌,167,1,29,0,71.0K
2025-07-11 14:20:29,BCPComunica,"Sep 19, 2023",Aviso importante a nuestra comunidad. 👇 Nuestro plan es siempre mejorar para ayudarte a cumplir los tuyos. 🤝,110,23,133,2,70.0K
2025-07-11 14:20:29,BCPComunica,"Aug 25, 2023",Queremos agradecer a nuestros colaboradores porque gracias a su esfuerzo es que hoy hemos sido reconocidos una vez más y de forma consecutiva por los premios EMA. 👏🏆 Esta es la 12ava oportunidad y queremos reforzar nuestro compromiso mejorando cada día nuestros servicios. 💯🚀,43,2,45,0,32.0K
2025-07-11 14:20:29,BCPComunica,"Jul 7, 2023","Nos enorgullece haber sido reconocidos en el sector financiero por nuestra excelencia en atención y satisfacción. Este prestigioso premio respaldado por Centrum PUCP, Datum, X Customer Group y Gestión, refuerza nuestro compromiso de seguir brindándote la mejor experiencia. 🙌",54,1,26,0,29.0K
2025-07-11 14:20:29,BCPComunica,"Feb 17, 2023",Comunicado,429,183,2.0K,25,225.0K
2025-07-11 14:20:29,BCPComunica,"Oct 31, 2022","Mañana, martes 1ero de noviembre, por ser feriado 🗓️, todas nuestras agencias a nivel nacional 🏬 no atenderán 📣. No olvides que puedes realizar tus consultas y operaciones, usando nuestros canales digitales 📞💻📱.",140,18,102,3,0
2025-07-11 14:20:29,BCPComunica,"Oct 7, 2022","Mañana, sábado 8 de octubre, por ser declarado feriado 🗓️, todas nuestras agencias a nivel nacional 🏬 no atenderán 📣. No olvides que puedes realizar tus consultas y operaciones, usando nuestros canales digitales 📞💻📱.",82,21,92,2,0
2025-07-11 15:21:58,BCPComunica,Feb 7,"¿Aún no conoces todos los canales oficiales del BCP? 🫣 ¡Anótalos para tener una experiencia segura siempre! 🤝 Comparte esta importante info con tus amigos y familiares. 🤳💙🧡

#CanalesOficialesBCP #BCP",97,0,5,0,21.0K
2025-07-11 15:21:58,BCPComunica,Oct 31,A nuestros clientes 📣,299,303,3.0K,89,234.0K
2025-07-11 15:21:58,BCPComunica,Jul 30,Comunicado: 🙌,315,90,507,18,122.0K
2025-07-11 15:21:58,BCPComunica,Jul 30,"Ante lo comunicado previamente, estamos tomando la siguiente medida: 👇",132,72,355,12,91.0K
2025-07-11 15:21:58,BCPComunica,Jul 30,A nuestra comunidad 📢,609,318,2.0K,98,305.0K
2025-07-11 15:21:58,BCPComunica,"May 17, 2024",Con mucho orgullo compartimos los 4 premios obtenidos esta noche en los #ANDA2024.🤩🎉 ¡Felicitaciones a todos los equipos involucrados en este logro! 👏,117,1,23,2,52.0K
2025-07-11 15:21:58,BCPComunica,"Sep 28, 2023",Continuamos transformando nuestras agencias a nivel nacional para mejorar junto a nuestros clientes. Visítanos para disfrutar de las novedades y una gran experiencia. 👀🙌,167,1,29,0,71.0K
2025-07-11 15:21:58,BCPComunica,"Sep 19, 2023",Aviso importante a nuestra comunidad. 👇 Nuestro plan es siempre mejorar para ayudarte a cumplir los tuyos. 🤝,110,23,133,2,70.0K
2025-07-11 15:21:58,BCPComunica,"Aug 25, 2023",Queremos agradecer a nuestros colaboradores porque gracias a su esfuerzo es que hoy hemos sido reconocidos una vez más y de forma consecutiva por los premios EMA. 👏🏆 Esta es la 12ava oportunidad y queremos reforzar nuestro compromiso mejorando cada día nuestros servicios. 💯🚀,43,2,45,0,32.0K
2025-07-11 15:21:58,BCPComunica,"Jul 7, 2023","Nos enorgullece haber sido reconocidos en el sector financiero por nuestra excelencia en atención y satisfacción. Este prestigioso premio respaldado por Centrum PUCP, Datum, X Customer Group y Gestión, refuerza nuestro compromiso de seguir brindándote la mejor experiencia. 🙌",54,1,26,0,29.0K
2025-07-11 15:21:58,BCPComunica,"Feb 17, 2023",Comunicado,429,183,2.0K,25,225.0K
2025-07-11 15:21:58,BCPComunica,"Oct 31, 2022","Mañana, martes 1ero de noviembre, por ser feriado 🗓️, todas nuestras agencias a nivel nacional 🏬 no atenderán 📣. No olvides que puedes realizar tus consultas y operaciones, usando nuestros canales digitales 📞💻📱.",140,18,102,3,0
2025-07-11 15:21:58,BCPComunica,"Oct 7, 2022","Mañana, sábado 8 de octubre, por ser declarado feriado 🗓️, todas nuestras agencias a nivel nacional 🏬 no atenderán 📣. No olvides que puedes realizar tus consultas y operaciones, usando nuestros canales digitales 📞💻📱.",82,21,92,2,0
2025-07-11 16:26:11,BCPComunica,Feb 7,"¿Aún no conoces todos los canales oficiales del BCP? 🫣 ¡Anótalos para tener una experiencia segura siempre! 🤝 Comparte esta importante info con tus amigos y familiares. 🤳💙🧡

#CanalesOficialesBCP #BCP",97,0,5,0,21.0K
2025-07-11 16:26:11,BCPComunica,Oct 31,A nuestros clientes 📣,299,303,3.0K,89,234.0K
2025-07-11 16:26:11,BCPComunica,Jul 30,Comunicado: 🙌,315,90,507,18,122.0K
2025-07-11 16:26:11,BCPComunica,Jul 30,"Ante lo comunicado previamente, estamos tomando la siguiente medida: 👇",132,72,355,12,91.0K
2025-07-11 16:26:11,BCPComunica,Jul 30,A nuestra comunidad 📢,609,318,2.0K,98,305.0K
2025-07-11 16:26:11,BCPComunica,"May 17, 2024",Con mucho orgullo compartimos los 4 premios obtenidos esta noche en los #ANDA2024.🤩🎉 ¡Felicitaciones a todos los equipos involucrados en este logro! 👏,117,1,23,2,52.0K
2025-07-11 16:26:11,BCPComunica,"Sep 28, 2023",Continuamos transformando nuestras agencias a nivel nacional para mejorar junto a nuestros clientes. Visítanos para disfrutar de las novedades y una gran experiencia. 👀🙌,167,1,29,0,71.0K
2025-07-11 16:26:11,BCPComunica,"Sep 19, 2023",Aviso importante a nuestra comunidad. 👇 Nuestro plan es siempre mejorar para ayudarte a cumplir los tuyos. 🤝,110,23,133,2,70.0K
2025-07-11 16:26:11,BCPComunica,"Aug 25, 2023",Queremos agradecer a nuestros colaboradores porque gracias a su esfuerzo es que hoy hemos sido reconocidos una vez más y de forma consecutiva por los premios EMA. 👏🏆 Esta es la 12ava oportunidad y queremos reforzar nuestro compromiso mejorando cada día nuestros servicios. 💯🚀,43,2,45,0,32.0K
2025-07-11 16:26:11,BCPComunica,"Jul 7, 2023","Nos enorgullece haber sido reconocidos en el sector financiero por nuestra excelencia en atención y satisfacción. Este prestigioso premio respaldado por Centrum PUCP, Datum, X Customer Group y Gestión, refuerza nuestro compromiso de seguir brindándote la mejor experiencia. 🙌",54,1,26,0,29.0K
2025-07-11 16:26:11,BCPComunica,"Feb 17, 2023",Comunicado,429,183,2.0K,25,225.0K
2025-07-11 16:26:11,BCPComunica,"Oct 31, 2022","Mañana, martes 1ero de noviembre, por ser feriado 🗓️, todas nuestras agencias a nivel nacional 🏬 no atenderán 📣. No olvides que puedes realizar tus consultas y operaciones, usando nuestros canales digitales 📞💻📱.",140,18,102,3,0
2025-07-11 16:26:11,BCPComunica,"Oct 7, 2022","Mañana, sábado 8 de octubre, por ser declarado feriado 🗓️, todas nuestras agencias a nivel nacional 🏬 no atenderán 📣. No olvides que puedes realizar tus consultas y operaciones, usando nuestros canales digitales 📞💻📱.",82,21,92,2,0
2025-07-11 17:19:02,BCPComunica,Feb 7,"¿Aún no conoces todos los canales oficiales del BCP? 🫣 ¡Anótalos para tener una experiencia segura siempre! 🤝 Comparte esta importante info con tus amigos y familiares. 🤳💙🧡

#CanalesOficialesBCP #BCP",97,0,5,0,21.0K
2025-07-11 17:19:02,BCPComunica,Oct 31,A nuestros clientes 📣,299,303,3.0K,89,234.0K
2025-07-11 17:19:02,BCPComunica,Jul 30,Comunicado: 🙌,315,90,507,18,122.0K
2025-07-11 17:19:02,BCPComunica,Jul 30,"Ante lo comunicado previamente, estamos tomando la siguiente medida: 👇",132,72,355,12,91.0K
2025-07-11 17:19:02,BCPComunica,Jul 30,A nuestra comunidad 📢,609,318,2.0K,98,305.0K
2025-07-11 17:19:02,BCPComunica,"May 17, 2024",Con mucho orgullo compartimos los 4 premios obtenidos esta noche en los #ANDA2024.🤩🎉 ¡Felicitaciones a todos los equipos involucrados en este logro! 👏,117,1,23,2,52.0K
2025-07-11 17:19:02,BCPComunica,"Sep 28, 2023",Continuamos transformando nuestras agencias a nivel nacional para mejorar junto a nuestros clientes. Visítanos para disfrutar de las novedades y una gran experiencia. 👀🙌,167,1,29,0,71.0K
2025-07-11 17:19:02,BCPComunica,"Sep 19, 2023",Aviso importante a nuestra comunidad. 👇 Nuestro plan es siempre mejorar para ayudarte a cumplir los tuyos. 🤝,110,23,133,2,70.0K
2025-07-11 17:19:02,BCPComunica,"Aug 25, 2023",Queremos agradecer a nuestros colaboradores porque gracias a su esfuerzo es que hoy hemos sido reconocidos una vez más y de forma consecutiva por los premios EMA. 👏🏆 Esta es la 12ava oportunidad y queremos reforzar nuestro compromiso mejorando cada día nuestros servicios. 💯🚀,43,2,45,0,32.0K
2025-07-11 17:19:02,BCPComunica,"Jul 7, 2023","Nos enorgullece haber sido reconocidos en el sector financiero por nuestra excelencia en atención y satisfacción. Este prestigioso premio respaldado por Centrum PUCP, Datum, X Customer Group y Gestión, refuerza nuestro compromiso de seguir brindándote la mejor experiencia. 🙌",54,1,26,0,29.0K
2025-07-11 17:19:02,BCPComunica,"Feb 17, 2023",Comunicado,429,183,2.0K,25,225.0K
2025-07-11 17:19:02,BCPComunica,"Oct 31, 2022","Mañana, martes 1ero de noviembre, por ser feriado 🗓️, todas nuestras agencias a nivel nacional 🏬 no atenderán 📣. No olvides que puedes realizar tus consultas y operaciones, usando nuestros canales digitales 📞💻📱.",140,18,102,3,0
2025-07-11 17:19:02,BCPComunica,"Oct 7, 2022","Mañana, sábado 8 de octubre, por ser declarado feriado 🗓️, todas nuestras agencias a nivel nacional 🏬 no atenderán 📣. No olvides que puedes realizar tus consultas y operaciones, usando nuestros canales digitales 📞💻📱.",82,21,92,2,0
2025-07-11 18:28:47,BCPComunica,Feb 7,"¿Aún no conoces todos los canales oficiales del BCP? 🫣 ¡Anótalos para tener una experiencia segura siempre! 🤝 Comparte esta importante info con tus amigos y familiares. 🤳💙🧡

#CanalesOficialesBCP #BCP",97,0,5,0,21.0K
2025-07-11 18:28:47,BCPComunica,Oct 31,A nuestros clientes 📣,299,303,3.0K,89,234.0K
2025-07-11 18:28:47,BCPComunica,Jul 30,Comunicado: 🙌,315,90,507,18,122.0K
2025-07-11 18:28:47,BCPComunica,Jul 30,"Ante lo comunicado previamente, estamos tomando la siguiente medida: 👇",132,72,355,12,91.0K
2025-07-11 18:28:47,BCPComunica,Jul 30,A nuestra comunidad 📢,609,318,2.0K,98,305.0K
2025-07-11 18:28:47,BCPComunica,"May 17, 2024",Con mucho orgullo compartimos los 4 premios obtenidos esta noche en los #ANDA2024.🤩🎉 ¡Felicitaciones a todos los equipos involucrados en este logro! 👏,117,1,23,2,52.0K
2025-07-11 18:28:47,BCPComunica,"Sep 28, 2023",Continuamos transformando nuestras agencias a nivel nacional para mejorar junto a nuestros clientes. Visítanos para disfrutar de las novedades y una gran experiencia. 👀🙌,167,1,29,0,71.0K
2025-07-11 18:28:47,BCPComunica,"Sep 19, 2023",Aviso importante a nuestra comunidad. 👇 Nuestro plan es siempre mejorar para ayudarte a cumplir los tuyos. 🤝,110,23,133,2,70.0K
2025-07-11 18:28:47,BCPComunica,"Aug 25, 2023",Queremos agradecer a nuestros colaboradores porque gracias a su esfuerzo es que hoy hemos sido reconocidos una vez más y de forma consecutiva por los premios EMA. 👏🏆 Esta es la 12ava oportunidad y queremos reforzar nuestro compromiso mejorando cada día nuestros servicios. 💯🚀,43,2,45,0,32.0K
2025-07-11 18:28:47,BCPComunica,"Jul 7, 2023","Nos enorgullece haber sido reconocidos en el sector financiero por nuestra excelencia en atención y satisfacción. Este prestigioso premio respaldado por Centrum PUCP, Datum, X Customer Group y Gestión, refuerza nuestro compromiso de seguir brindándote la mejor experiencia. 🙌",54,1,26,0,29.0K
2025-07-11 18:28:47,BCPComunica,"Feb 17, 2023",Comunicado,429,183,2.0K,25,225.0K
2025-07-11 18:28:47,BCPComunica,"Oct 31, 2022","Mañana, martes 1ero de noviembre, por ser feriado 🗓️, todas nuestras agencias a nivel nacional 🏬 no atenderán 📣. No olvides que puedes realizar tus consultas y operaciones, usando nuestros canales digitales 📞💻📱.",140,18,102,3,0
2025-07-11 18:28:47,BCPComunica,"Oct 7, 2022","Mañana, sábado 8 de octubre, por ser declarado feriado 🗓️, todas nuestras agencias a nivel nacional 🏬 no atenderán 📣. No olvides que puedes realizar tus consultas y operaciones, usando nuestros canales digitales 📞💻📱.",82,21,92,2,0
2025-07-11 19:16:37,BCPComunica,Feb 7,"¿Aún no conoces todos los canales oficiales del BCP? 🫣 ¡Anótalos para tener una experiencia segura siempre! 🤝 Comparte esta importante info con tus amigos y familiares. 🤳💙🧡

#CanalesOficialesBCP #BCP",97,0,5,0,21.0K
2025-07-11 19:16:37,BCPComunica,Oct 31,A nuestros clientes 📣,299,303,3.0K,89,234.0K
2025-07-11 19:16:37,BCPComunica,Jul 30,Comunicado: 🙌,315,90,507,18,122.0K
2025-07-11 19:16:37,BCPComunica,Jul 30,"Ante lo comunicado previamente, estamos tomando la siguiente medida: 👇",132,72,355,12,91.0K
2025-07-11 19:16:37,BCPComunica,Jul 30,A nuestra comunidad 📢,609,318,2.0K,98,305.0K
2025-07-11 19:16:37,BCPComunica,"May 17, 2024",Con mucho orgullo compartimos los 4 premios obtenidos esta noche en los #ANDA2024.🤩🎉 ¡Felicitaciones a todos los equipos involucrados en este logro! 👏,117,1,23,2,52.0K
2025-07-11 19:16:37,BCPComunica,"Sep 28, 2023",Continuamos transformando nuestras agencias a nivel nacional para mejorar junto a nuestros clientes. Visítanos para disfrutar de las novedades y una gran experiencia. 👀🙌,167,1,29,0,71.0K
2025-07-11 19:16:37,BCPComunica,"Sep 19, 2023",Aviso importante a nuestra comunidad. 👇 Nuestro plan es siempre mejorar para ayudarte a cumplir los tuyos. 🤝,110,23,133,2,70.0K
2025-07-11 19:16:37,BCPComunica,"Aug 25, 2023",Queremos agradecer a nuestros colaboradores porque gracias a su esfuerzo es que hoy hemos sido reconocidos una vez más y de forma consecutiva por los premios EMA. 👏🏆 Esta es la 12ava oportunidad y queremos reforzar nuestro compromiso mejorando cada día nuestros servicios. 💯🚀,43,2,45,0,32.0K
2025-07-11 19:16:37,BCPComunica,"Jul 7, 2023","Nos enorgullece haber sido reconocidos en el sector financiero por nuestra excelencia en atención y satisfacción. Este prestigioso premio respaldado por Centrum PUCP, Datum, X Customer Group y Gestión, refuerza nuestro compromiso de seguir brindándote la mejor experiencia. 🙌",54,1,26,0,29.0K
2025-07-11 19:16:37,BCPComunica,"Feb 17, 2023",Comunicado,429,183,2.0K,25,225.0K
2025-07-11 19:16:37,BCPComunica,"Oct 31, 2022","Mañana, martes 1ero de noviembre, por ser feriado 🗓️, todas nuestras agencias a nivel nacional 🏬 no atenderán 📣. No olvides que puedes realizar tus consultas y operaciones, usando nuestros canales digitales 📞💻📱.",140,18,102,3,0
2025-07-11 19:16:37,BCPComunica,"Oct 7, 2022","Mañana, sábado 8 de octubre, por ser declarado feriado 🗓️, todas nuestras agencias a nivel nacional 🏬 no atenderán 📣. No olvides que puedes realizar tus consultas y operaciones, usando nuestros canales digitales 📞💻📱.",82,21,92,2,0
2025-07-11 20:22:35,BCPComunica,Feb 7,"¿Aún no conoces todos los canales oficiales del BCP? 🫣 ¡Anótalos para tener una experiencia segura siempre! 🤝 Comparte esta importante info con tus amigos y familiares. 🤳💙🧡

#CanalesOficialesBCP #BCP",97,0,5,0,21.0K
2025-07-11 20:22:35,BCPComunica,Oct 31,A nuestros clientes 📣,299,303,3.0K,89,234.0K
2025-07-11 20:22:35,BCPComunica,Jul 30,Comunicado: 🙌,315,90,507,18,122.0K
2025-07-11 20:22:35,BCPComunica,Jul 30,"Ante lo comunicado previamente, estamos tomando la siguiente medida: 👇",132,72,355,12,91.0K
2025-07-11 20:22:35,BCPComunica,Jul 30,A nuestra comunidad 📢,609,318,2.0K,98,305.0K
2025-07-11 20:22:35,BCPComunica,"May 17, 2024",Con mucho orgullo compartimos los 4 premios obtenidos esta noche en los #ANDA2024.🤩🎉 ¡Felicitaciones a todos los equipos involucrados en este logro! 👏,117,1,23,2,52.0K
2025-07-11 20:22:35,BCPComunica,"Sep 28, 2023",Continuamos transformando nuestras agencias a nivel nacional para mejorar junto a nuestros clientes. Visítanos para disfrutar de las novedades y una gran experiencia. 👀🙌,167,1,29,0,71.0K
2025-07-11 20:22:35,BCPComunica,"Sep 19, 2023",Aviso importante a nuestra comunidad. 👇 Nuestro plan es siempre mejorar para ayudarte a cumplir los tuyos. 🤝,110,23,133,2,70.0K
2025-07-11 20:22:35,BCPComunica,"Aug 25, 2023",Queremos agradecer a nuestros colaboradores porque gracias a su esfuerzo es que hoy hemos sido reconocidos una vez más y de forma consecutiva por los premios EMA. 👏🏆 Esta es la 12ava oportunidad y queremos reforzar nuestro compromiso mejorando cada día nuestros servicios. 💯🚀,43,2,45,0,32.0K
2025-07-11 20:22:35,BCPComunica,"Jul 7, 2023","Nos enorgullece haber sido reconocidos en el sector financiero por nuestra excelencia en atención y satisfacción. Este prestigioso premio respaldado por Centrum PUCP, Datum, X Customer Group y Gestión, refuerza nuestro compromiso de seguir brindándote la mejor experiencia. 🙌",54,1,26,0,29.0K
2025-07-11 20:22:35,BCPComunica,"Feb 17, 2023",Comunicado,429,183,2.0K,25,225.0K
2025-07-11 20:22:35,BCPComunica,"Oct 31, 2022","Mañana, martes 1ero de noviembre, por ser feriado 🗓️, todas nuestras agencias a nivel nacional 🏬 no atenderán 📣. No olvides que puedes realizar tus consultas y operaciones, usando nuestros canales digitales 📞💻📱.",140,18,102,3,0
2025-07-11 20:22:35,BCPComunica,"Oct 7, 2022","Mañana, sábado 8 de octubre, por ser declarado feriado 🗓️, todas nuestras agencias a nivel nacional 🏬 no atenderán 📣. No olvides que puedes realizar tus consultas y operaciones, usando nuestros canales digitales 📞💻📱.",82,21,92,2,0
2025-07-11 21:19:41,BCPComunica,Feb 7,"¿Aún no conoces todos los canales oficiales del BCP? 🫣 ¡Anótalos para tener una experiencia segura siempre! 🤝 Comparte esta importante info con tus amigos y familiares. 🤳💙🧡

#CanalesOficialesBCP #BCP",97,0,5,0,21.0K
2025-07-11 21:19:41,BCPComunica,Oct 31,A nuestros clientes 📣,299,303,3.0K,89,234.0K
2025-07-11 21:19:41,BCPComunica,Jul 30,Comunicado: 🙌,315,90,507,18,122.0K
2025-07-11 21:19:41,BCPComunica,Jul 30,"Ante lo comunicado previamente, estamos tomando la siguiente medida: 👇",132,72,355,12,91.0K
2025-07-11 21:19:41,BCPComunica,Jul 30,A nuestra comunidad 📢,609,318,2.0K,98,305.0K
2025-07-11 21:19:41,BCPComunica,"May 17, 2024",Con mucho orgullo compartimos los 4 premios obtenidos esta noche en los #ANDA2024.🤩🎉 ¡Felicitaciones a todos los equipos involucrados en este logro! 👏,117,1,23,2,52.0K
2025-07-11 21:19:41,BCPComunica,"Sep 28, 2023",Continuamos transformando nuestras agencias a nivel nacional para mejorar junto a nuestros clientes. Visítanos para disfrutar de las novedades y una gran experiencia. 👀🙌,167,1,29,0,71.0K
2025-07-11 21:19:41,BCPComunica,"Sep 19, 2023",Aviso importante a nuestra comunidad. 👇 Nuestro plan es siempre mejorar para ayudarte a cumplir los tuyos. 🤝,110,23,133,2,70.0K
2025-07-11 21:19:41,BCPComunica,"Aug 25, 2023",Queremos agradecer a nuestros colaboradores porque gracias a su esfuerzo es que hoy hemos sido reconocidos una vez más y de forma consecutiva por los premios EMA. 👏🏆 Esta es la 12ava oportunidad y queremos reforzar nuestro compromiso mejorando cada día nuestros servicios. 💯🚀,43,2,45,0,32.0K
2025-07-11 21:19:41,BCPComunica,"Jul 7, 2023","Nos enorgullece haber sido reconocidos en el sector financiero por nuestra excelencia en atención y satisfacción. Este prestigioso premio respaldado por Centrum PUCP, Datum, X Customer Group y Gestión, refuerza nuestro compromiso de seguir brindándote la mejor experiencia. 🙌",54,1,26,0,29.0K
2025-07-11 21:19:41,BCPComunica,"Feb 17, 2023",Comunicado,429,183,2.0K,25,225.0K
2025-07-11 21:19:41,BCPComunica,"Oct 31, 2022","Mañana, martes 1ero de noviembre, por ser feriado 🗓️, todas nuestras agencias a nivel nacional 🏬 no atenderán 📣. No olvides que puedes realizar tus consultas y operaciones, usando nuestros canales digitales 📞💻📱.",140,18,102,3,0
2025-07-11 21:19:41,BCPComunica,"Oct 7, 2022","Mañana, sábado 8 de octubre, por ser declarado feriado 🗓️, todas nuestras agencias a nivel nacional 🏬 no atenderán 📣. No olvides que puedes realizar tus consultas y operaciones, usando nuestros canales digitales 📞💻📱.",82,21,92,2,0
2025-07-11 22:19:49,BCPComunica,Feb 7,"¿Aún no conoces todos los canales oficiales del BCP? 🫣 ¡Anótalos para tener una experiencia segura siempre! 🤝 Comparte esta importante info con tus amigos y familiares. 🤳💙🧡

#CanalesOficialesBCP #BCP",97,0,5,0,21.0K
2025-07-11 22:19:49,BCPComunica,Oct 31,A nuestros clientes 📣,299,303,3.0K,89,234.0K
2025-07-11 22:19:49,BCPComunica,Jul 30,Comunicado: 🙌,315,90,507,18,122.0K
2025-07-11 22:19:49,BCPComunica,Jul 30,"Ante lo comunicado previamente, estamos tomando la siguiente medida: 👇",132,72,355,12,91.0K
2025-07-11 22:19:49,BCPComunica,Jul 30,A nuestra comunidad 📢,609,318,2.0K,98,305.0K
2025-07-11 22:19:49,BCPComunica,"May 17, 2024",Con mucho orgullo compartimos los 4 premios obtenidos esta noche en los #ANDA2024.🤩🎉 ¡Felicitaciones a todos los equipos involucrados en este logro! 👏,117,1,23,2,52.0K
2025-07-11 22:19:49,BCPComunica,"Sep 28, 2023",Continuamos transformando nuestras agencias a nivel nacional para mejorar junto a nuestros clientes. Visítanos para disfrutar de las novedades y una gran experiencia. 👀🙌,167,1,29,0,71.0K
2025-07-11 22:19:49,BCPComunica,"Sep 19, 2023",Aviso importante a nuestra comunidad. 👇 Nuestro plan es siempre mejorar para ayudarte a cumplir los tuyos. 🤝,110,23,133,2,70.0K
2025-07-11 22:19:49,BCPComunica,"Aug 25, 2023",Queremos agradecer a nuestros colaboradores porque gracias a su esfuerzo es que hoy hemos sido reconocidos una vez más y de forma consecutiva por los premios EMA. 👏🏆 Esta es la 12ava oportunidad y queremos reforzar nuestro compromiso mejorando cada día nuestros servicios. 💯🚀,43,2,45,0,32.0K
2025-07-11 22:19:49,BCPComunica,"Jul 7, 2023","Nos enorgullece haber sido reconocidos en el sector financiero por nuestra excelencia en atención y satisfacción. Este prestigioso premio respaldado por Centrum PUCP, Datum, X Customer Group y Gestión, refuerza nuestro compromiso de seguir brindándote la mejor experiencia. 🙌",54,1,26,0,29.0K
2025-07-11 22:19:49,BCPComunica,"Feb 17, 2023",Comunicado,429,183,2.0K,25,225.0K
2025-07-11 22:19:49,BCPComunica,"Oct 31, 2022","Mañana, martes 1ero de noviembre, por ser feriado 🗓️, todas nuestras agencias a nivel nacional 🏬 no atenderán 📣. No olvides que puedes realizar tus consultas y operaciones, usando nuestros canales digitales 📞💻📱.",140,18,102,3,0
2025-07-11 22:19:49,BCPComunica,"Oct 7, 2022","Mañana, sábado 8 de octubre, por ser declarado feriado 🗓️, todas nuestras agencias a nivel nacional 🏬 no atenderán 📣. No olvides que puedes realizar tus consultas y operaciones, usando nuestros canales digitales 📞💻📱.",82,21,92,2,0
2025-07-11 23:19:45,BCPComunica,Feb 7,"¿Aún no conoces todos los canales oficiales del BCP? 🫣 ¡Anótalos para tener una experiencia segura siempre! 🤝 Comparte esta importante info con tus amigos y familiares. 🤳💙🧡

#CanalesOficialesBCP #BCP",97,0,5,0,21.0K
2025-07-11 23:19:45,BCPComunica,Oct 31,A nuestros clientes 📣,299,303,3.0K,89,234.0K
2025-07-11 23:19:45,BCPComunica,Jul 30,Comunicado: 🙌,315,90,507,18,122.0K
2025-07-11 23:19:45,BCPComunica,Jul 30,"Ante lo comunicado previamente, estamos tomando la siguiente medida: 👇",132,72,355,12,91.0K
2025-07-11 23:19:45,BCPComunica,Jul 30,A nuestra comunidad 📢,609,318,2.0K,98,305.0K
2025-07-11 23:19:45,BCPComunica,"May 17, 2024",Con mucho orgullo compartimos los 4 premios obtenidos esta noche en los #ANDA2024.🤩🎉 ¡Felicitaciones a todos los equipos involucrados en este logro! 👏,117,1,23,2,52.0K
2025-07-11 23:19:45,BCPComunica,"Sep 28, 2023",Continuamos transformando nuestras agencias a nivel nacional para mejorar junto a nuestros clientes. Visítanos para disfrutar de las novedades y una gran experiencia. 👀🙌,167,1,29,0,71.0K
2025-07-11 23:19:45,BCPComunica,"Sep 19, 2023",Aviso importante a nuestra comunidad. 👇 Nuestro plan es siempre mejorar para ayudarte a cumplir los tuyos. 🤝,110,23,133,2,70.0K
2025-07-11 23:19:45,BCPComunica,"Aug 25, 2023",Queremos agradecer a nuestros colaboradores porque gracias a su esfuerzo es que hoy hemos sido reconocidos una vez más y de forma consecutiva por los premios EMA. 👏🏆 Esta es la 12ava oportunidad y queremos reforzar nuestro compromiso mejorando cada día nuestros servicios. 💯🚀,43,2,45,0,32.0K
2025-07-11 23:19:45,BCPComunica,"Jul 7, 2023","Nos enorgullece haber sido reconocidos en el sector financiero por nuestra excelencia en atención y satisfacción. Este prestigioso premio respaldado por Centrum PUCP, Datum, X Customer Group y Gestión, refuerza nuestro compromiso de seguir brindándote la mejor experiencia. 🙌",54,1,26,0,29.0K
2025-07-11 23:19:45,BCPComunica,"Feb 17, 2023",Comunicado,429,183,2.0K,25,225.0K
2025-07-11 23:19:45,BCPComunica,"Oct 31, 2022","Mañana, martes 1ero de noviembre, por ser feriado 🗓️, todas nuestras agencias a nivel nacional 🏬 no atenderán 📣. No olvides que puedes realizar tus consultas y operaciones, usando nuestros canales digitales 📞💻📱.",140,18,102,3,0
2025-07-11 23:19:45,BCPComunica,"Oct 7, 2022","Mañana, sábado 8 de octubre, por ser declarado feriado 🗓️, todas nuestras agencias a nivel nacional 🏬 no atenderán 📣. No olvides que puedes realizar tus consultas y operaciones, usando nuestros canales digitales 📞💻📱.",82,21,92,2,0
2025-07-12 01:45:46,BCPComunica,Feb 7,"¿Aún no conoces todos los canales oficiales del BCP? 🫣 ¡Anótalos para tener una experiencia segura siempre! 🤝 Comparte esta importante info con tus amigos y familiares. 🤳💙🧡

#CanalesOficialesBCP #BCP",97,0,5,0,21.0K
2025-07-12 01:45:46,BCPComunica,Oct 31,A nuestros clientes 📣,299,303,3.0K,89,234.0K
2025-07-12 01:45:46,BCPComunica,Jul 30,Comunicado: 🙌,315,90,507,18,122.0K
2025-07-12 01:45:46,BCPComunica,Jul 30,"Ante lo comunicado previamente, estamos tomando la siguiente medida: 👇",132,72,355,12,91.0K
2025-07-12 01:45:46,BCPComunica,Jul 30,A nuestra comunidad 📢,609,318,2.0K,98,305.0K
2025-07-12 01:45:46,BCPComunica,"May 17, 2024",Con mucho orgullo compartimos los 4 premios obtenidos esta noche en los #ANDA2024.🤩🎉 ¡Felicitaciones a todos los equipos involucrados en este logro! 👏,117,1,23,2,52.0K
2025-07-12 01:45:46,BCPComunica,"Sep 28, 2023",Continuamos transformando nuestras agencias a nivel nacional para mejorar junto a nuestros clientes. Visítanos para disfrutar de las novedades y una gran experiencia. 👀🙌,167,1,29,0,71.0K
2025-07-12 01:45:46,BCPComunica,"Sep 19, 2023",Aviso importante a nuestra comunidad. 👇 Nuestro plan es siempre mejorar para ayudarte a cumplir los tuyos. 🤝,110,23,133,2,70.0K
2025-07-12 01:45:46,BCPComunica,"Aug 25, 2023",Queremos agradecer a nuestros colaboradores porque gracias a su esfuerzo es que hoy hemos sido reconocidos una vez más y de forma consecutiva por los premios EMA. 👏🏆 Esta es la 12ava oportunidad y queremos reforzar nuestro compromiso mejorando cada día nuestros servicios. 💯🚀,43,2,45,0,32.0K
2025-07-12 01:45:46,BCPComunica,"Jul 7, 2023","Nos enorgullece haber sido reconocidos en el sector financiero por nuestra excelencia en atención y satisfacción. Este prestigioso premio respaldado por Centrum PUCP, Datum, X Customer Group y Gestión, refuerza nuestro compromiso de seguir brindándote la mejor experiencia. 🙌",54,1,26,0,29.0K
2025-07-12 01:45:46,BCPComunica,"Feb 17, 2023",Comunicado,429,183,2.0K,25,225.0K
2025-07-12 01:45:46,BCPComunica,"Oct 31, 2022","Mañana, martes 1ero de noviembre, por ser feriado 🗓️, todas nuestras agencias a nivel nacional 🏬 no atenderán 📣. No olvides que puedes realizar tus consultas y operaciones, usando nuestros canales digitales 📞💻📱.",140,18,102,3,0
2025-07-12 01:45:46,BCPComunica,"Oct 7, 2022","Mañana, sábado 8 de octubre, por ser declarado feriado 🗓️, todas nuestras agencias a nivel nacional 🏬 no atenderán 📣. No olvides que puedes realizar tus consultas y operaciones, usando nuestros canales digitales 📞💻📱.",82,21,92,2,0
2025-07-12 03:26:14,BCPComunica,Feb 7,"¿Aún no conoces todos los canales oficiales del BCP? 🫣 ¡Anótalos para tener una experiencia segura siempre! 🤝 Comparte esta importante info con tus amigos y familiares. 🤳💙🧡

#CanalesOficialesBCP #BCP",97,0,5,0,21.0K
2025-07-12 03:26:14,BCPComunica,Oct 31,A nuestros clientes 📣,299,303,3.0K,89,234.0K
2025-07-12 03:26:14,BCPComunica,Jul 30,Comunicado: 🙌,315,90,507,18,122.0K
2025-07-12 03:26:14,BCPComunica,Jul 30,"Ante lo comunicado previamente, estamos tomando la siguiente medida: 👇",132,72,355,12,91.0K
2025-07-12 03:26:14,BCPComunica,Jul 30,A nuestra comunidad 📢,609,318,2.0K,98,305.0K
2025-07-12 03:26:14,BCPComunica,"May 17, 2024",Con mucho orgullo compartimos los 4 premios obtenidos esta noche en los #ANDA2024.🤩🎉 ¡Felicitaciones a todos los equipos involucrados en este logro! 👏,117,1,23,2,52.0K
2025-07-12 03:26:14,BCPComunica,"Sep 28, 2023",Continuamos transformando nuestras agencias a nivel nacional para mejorar junto a nuestros clientes. Visítanos para disfrutar de las novedades y una gran experiencia. 👀🙌,167,1,29,0,71.0K
2025-07-12 03:26:14,BCPComunica,"Sep 19, 2023",Aviso importante a nuestra comunidad. 👇 Nuestro plan es siempre mejorar para ayudarte a cumplir los tuyos. 🤝,110,23,133,2,70.0K
2025-07-12 03:26:14,BCPComunica,"Aug 25, 2023",Queremos agradecer a nuestros colaboradores porque gracias a su esfuerzo es que hoy hemos sido reconocidos una vez más y de forma consecutiva por los premios EMA. 👏🏆 Esta es la 12ava oportunidad y queremos reforzar nuestro compromiso mejorando cada día nuestros servicios. 💯🚀,43,2,45,0,32.0K
2025-07-12 03:26:14,BCPComunica,"Jul 7, 2023","Nos enorgullece haber sido reconocidos en el sector financiero por nuestra excelencia en atención y satisfacción. Este prestigioso premio respaldado por Centrum PUCP, Datum, X Customer Group y Gestión, refuerza nuestro compromiso de seguir brindándote la mejor experiencia. 🙌",54,1,26,0,29.0K
2025-07-12 03:26:14,BCPComunica,"Feb 17, 2023",Comunicado,429,183,2.0K,25,225.0K
2025-07-12 03:26:14,BCPComunica,"Oct 31, 2022","Mañana, martes 1ero de noviembre, por ser feriado 🗓️, todas nuestras agencias a nivel nacional 🏬 no atenderán 📣. No olvides que puedes realizar tus consultas y operaciones, usando nuestros canales digitales 📞💻📱.",140,18,102,3,0
2025-07-12 03:26:14,BCPComunica,"Oct 7, 2022","Mañana, sábado 8 de octubre, por ser declarado feriado 🗓️, todas nuestras agencias a nivel nacional 🏬 no atenderán 📣. No olvides que puedes realizar tus consultas y operaciones, usando nuestros canales digitales 📞💻📱.",82,21,92,2,0
2025-07-12 04:31:24,BCPComunica,Feb 7,"¿Aún no conoces todos los canales oficiales del BCP? 🫣 ¡Anótalos para tener una experiencia segura siempre! 🤝 Comparte esta importante info con tus amigos y familiares. 🤳💙🧡

#CanalesOficialesBCP #BCP",97,0,5,0,21.0K
2025-07-12 04:31:24,BCPComunica,Oct 31,A nuestros clientes 📣,299,303,3.0K,89,234.0K
2025-07-12 04:31:24,BCPComunica,Jul 30,Comunicado: 🙌,315,90,507,18,122.0K
2025-07-12 04:31:24,BCPComunica,Jul 30,"Ante lo comunicado previamente, estamos tomando la siguiente medida: 👇",132,72,355,12,91.0K
2025-07-12 04:31:24,BCPComunica,Jul 30,A nuestra comunidad 📢,609,318,2.0K,98,305.0K
2025-07-12 04:31:24,BCPComunica,"May 17, 2024",Con mucho orgullo compartimos los 4 premios obtenidos esta noche en los #ANDA2024.🤩🎉 ¡Felicitaciones a todos los equipos involucrados en este logro! 👏,117,1,23,2,52.0K
2025-07-12 04:31:24,BCPComunica,"Sep 28, 2023",Continuamos transformando nuestras agencias a nivel nacional para mejorar junto a nuestros clientes. Visítanos para disfrutar de las novedades y una gran experiencia. 👀🙌,167,1,29,0,71.0K
2025-07-12 04:31:24,BCPComunica,"Sep 19, 2023",Aviso importante a nuestra comunidad. 👇 Nuestro plan es siempre mejorar para ayudarte a cumplir los tuyos. 🤝,110,23,133,2,70.0K
2025-07-12 04:31:24,BCPComunica,"Aug 25, 2023",Queremos agradecer a nuestros colaboradores porque gracias a su esfuerzo es que hoy hemos sido reconocidos una vez más y de forma consecutiva por los premios EMA. 👏🏆 Esta es la 12ava oportunidad y queremos reforzar nuestro compromiso mejorando cada día nuestros servicios. 💯🚀,43,2,45,0,32.0K
2025-07-12 04:31:24,BCPComunica,"Jul 7, 2023","Nos enorgullece haber sido reconocidos en el sector financiero por nuestra excelencia en atención y satisfacción. Este prestigioso premio respaldado por Centrum PUCP, Datum, X Customer Group y Gestión, refuerza nuestro compromiso de seguir brindándote la mejor experiencia. 🙌",54,1,26,0,29.0K
2025-07-12 04:31:24,BCPComunica,"Feb 17, 2023",Comunicado,429,183,2.0K,25,225.0K
2025-07-12 04:31:24,BCPComunica,"Oct 31, 2022","Mañana, martes 1ero de noviembre, por ser feriado 🗓️, todas nuestras agencias a nivel nacional 🏬 no atenderán 📣. No olvides que puedes realizar tus consultas y operaciones, usando nuestros canales digitales 📞💻📱.",140,18,102,3,0
2025-07-12 04:31:24,BCPComunica,"Oct 7, 2022","Mañana, sábado 8 de octubre, por ser declarado feriado 🗓️, todas nuestras agencias a nivel nacional 🏬 no atenderán 📣. No olvides que puedes realizar tus consultas y operaciones, usando nuestros canales digitales 📞💻📱.",82,21,92,2,0
2025-07-12 05:20:37,BCPComunica,Feb 7,"¿Aún no conoces todos los canales oficiales del BCP? 🫣 ¡Anótalos para tener una experiencia segura siempre! 🤝 Comparte esta importante info con tus amigos y familiares. 🤳💙🧡

#CanalesOficialesBCP #BCP",97,0,5,0,21.0K
2025-07-12 05:20:37,BCPComunica,Oct 31,A nuestros clientes 📣,299,303,3.0K,89,234.0K
2025-07-12 05:20:37,BCPComunica,Jul 30,Comunicado: 🙌,315,90,507,18,122.0K
2025-07-12 05:20:37,BCPComunica,Jul 30,"Ante lo comunicado previamente, estamos tomando la siguiente medida: 👇",132,72,355,12,91.0K
2025-07-12 05:20:37,BCPComunica,Jul 30,A nuestra comunidad 📢,609,318,2.0K,98,305.0K
2025-07-12 05:20:37,BCPComunica,"May 17, 2024",Con mucho orgullo compartimos los 4 premios obtenidos esta noche en los #ANDA2024.🤩🎉 ¡Felicitaciones a todos los equipos involucrados en este logro! 👏,117,1,23,2,52.0K
2025-07-12 05:20:37,BCPComunica,"Sep 28, 2023",Continuamos transformando nuestras agencias a nivel nacional para mejorar junto a nuestros clientes. Visítanos para disfrutar de las novedades y una gran experiencia. 👀🙌,167,1,29,0,71.0K
2025-07-12 05:20:37,BCPComunica,"Sep 19, 2023",Aviso importante a nuestra comunidad. 👇 Nuestro plan es siempre mejorar para ayudarte a cumplir los tuyos. 🤝,110,23,133,2,70.0K
2025-07-12 05:20:37,BCPComunica,"Aug 25, 2023",Queremos agradecer a nuestros colaboradores porque gracias a su esfuerzo es que hoy hemos sido reconocidos una vez más y de forma consecutiva por los premios EMA. 👏🏆 Esta es la 12ava oportunidad y queremos reforzar nuestro compromiso mejorando cada día nuestros servicios. 💯🚀,43,2,45,0,32.0K
2025-07-12 05:20:37,BCPComunica,"Jul 7, 2023","Nos enorgullece haber sido reconocidos en el sector financiero por nuestra excelencia en atención y satisfacción. Este prestigioso premio respaldado por Centrum PUCP, Datum, X Customer Group y Gestión, refuerza nuestro compromiso de seguir brindándote la mejor experiencia. 🙌",54,1,26,0,29.0K
2025-07-12 05:20:37,BCPComunica,"Feb 17, 2023",Comunicado,429,183,2.0K,25,225.0K
2025-07-12 05:20:37,BCPComunica,"Oct 31, 2022","Mañana, martes 1ero de noviembre, por ser feriado 🗓️, todas nuestras agencias a nivel nacional 🏬 no atenderán 📣. No olvides que puedes realizar tus consultas y operaciones, usando nuestros canales digitales 📞💻📱.",140,18,102,3,0
2025-07-12 05:20:37,BCPComunica,"Oct 7, 2022","Mañana, sábado 8 de octubre, por ser declarado feriado 🗓️, todas nuestras agencias a nivel nacional 🏬 no atenderán 📣. No olvides que puedes realizar tus consultas y operaciones, usando nuestros canales digitales 📞💻📱.",82,21,92,2,0
2025-07-12 06:28:25,BCPComunica,Feb 7,"¿Aún no conoces todos los canales oficiales del BCP? 🫣 ¡Anótalos para tener una experiencia segura siempre! 🤝 Comparte esta importante info con tus amigos y familiares. 🤳💙🧡

#CanalesOficialesBCP #BCP",97,0,5,0,21.0K
2025-07-12 06:28:25,BCPComunica,Oct 31,A nuestros clientes 📣,299,303,3.0K,89,234.0K
2025-07-12 06:28:25,BCPComunica,Jul 30,Comunicado: 🙌,315,90,507,18,122.0K
2025-07-12 06:28:25,BCPComunica,Jul 30,"Ante lo comunicado previamente, estamos tomando la siguiente medida: 👇",132,72,355,12,91.0K
2025-07-12 06:28:25,BCPComunica,Jul 30,A nuestra comunidad 📢,609,318,2.0K,98,305.0K
2025-07-12 06:28:25,BCPComunica,"May 17, 2024",Con mucho orgullo compartimos los 4 premios obtenidos esta noche en los #ANDA2024.🤩🎉 ¡Felicitaciones a todos los equipos involucrados en este logro! 👏,117,1,23,2,52.0K
2025-07-12 06:28:25,BCPComunica,"Sep 28, 2023",Continuamos transformando nuestras agencias a nivel nacional para mejorar junto a nuestros clientes. Visítanos para disfrutar de las novedades y una gran experiencia. 👀🙌,167,1,29,0,71.0K
2025-07-12 06:28:25,BCPComunica,"Sep 19, 2023",Aviso importante a nuestra comunidad. 👇 Nuestro plan es siempre mejorar para ayudarte a cumplir los tuyos. 🤝,110,23,133,2,70.0K
2025-07-12 06:28:25,BCPComunica,"Aug 25, 2023",Queremos agradecer a nuestros colaboradores porque gracias a su esfuerzo es que hoy hemos sido reconocidos una vez más y de forma consecutiva por los premios EMA. 👏🏆 Esta es la 12ava oportunidad y queremos reforzar nuestro compromiso mejorando cada día nuestros servicios. 💯🚀,43,2,45,0,32.0K
2025-07-12 06:28:25,BCPComunica,"Jul 7, 2023","Nos enorgullece haber sido reconocidos en el sector financiero por nuestra excelencia en atención y satisfacción. Este prestigioso premio respaldado por Centrum PUCP, Datum, X Customer Group y Gestión, refuerza nuestro compromiso de seguir brindándote la mejor experiencia. 🙌",54,1,26,0,29.0K
2025-07-12 06:28:25,BCPComunica,"Feb 17, 2023",Comunicado,429,183,2.0K,25,225.0K
2025-07-12 06:28:25,BCPComunica,"Oct 31, 2022","Mañana, martes 1ero de noviembre, por ser feriado 🗓️, todas nuestras agencias a nivel nacional 🏬 no atenderán 📣. No olvides que puedes realizar tus consultas y operaciones, usando nuestros canales digitales 📞💻📱.",140,18,102,3,0
2025-07-12 06:28:25,BCPComunica,"Oct 7, 2022","Mañana, sábado 8 de octubre, por ser declarado feriado 🗓️, todas nuestras agencias a nivel nacional 🏬 no atenderán 📣. No olvides que puedes realizar tus consultas y operaciones, usando nuestros canales digitales 📞💻📱.",82,21,92,2,0
2025-07-12 07:19:20,BCPComunica,Feb 7,"¿Aún no conoces todos los canales oficiales del BCP? 🫣 ¡Anótalos para tener una experiencia segura siempre! 🤝 Comparte esta importante info con tus amigos y familiares. 🤳💙🧡

#CanalesOficialesBCP #BCP",97,0,5,0,21.0K
2025-07-12 07:19:20,BCPComunica,Oct 31,A nuestros clientes 📣,299,303,3.0K,89,234.0K
2025-07-12 07:19:20,BCPComunica,Jul 30,Comunicado: 🙌,315,90,507,18,122.0K
2025-07-12 07:19:20,BCPComunica,Jul 30,"Ante lo comunicado previamente, estamos tomando la siguiente medida: 👇",132,72,355,12,91.0K
2025-07-12 07:19:20,BCPComunica,Jul 30,A nuestra comunidad 📢,609,318,2.0K,98,305.0K
2025-07-12 07:19:20,BCPComunica,"May 17, 2024",Con mucho orgullo compartimos los 4 premios obtenidos esta noche en los #ANDA2024.🤩🎉 ¡Felicitaciones a todos los equipos involucrados en este logro! 👏,117,1,23,2,52.0K
2025-07-12 07:19:20,BCPComunica,"Sep 28, 2023",Continuamos transformando nuestras agencias a nivel nacional para mejorar junto a nuestros clientes. Visítanos para disfrutar de las novedades y una gran experiencia. 👀🙌,167,1,29,0,71.0K
2025-07-12 07:19:20,BCPComunica,"Sep 19, 2023",Aviso importante a nuestra comunidad. 👇 Nuestro plan es siempre mejorar para ayudarte a cumplir los tuyos. 🤝,110,23,133,2,70.0K
2025-07-12 07:19:20,BCPComunica,"Aug 25, 2023",Queremos agradecer a nuestros colaboradores porque gracias a su esfuerzo es que hoy hemos sido reconocidos una vez más y de forma consecutiva por los premios EMA. 👏🏆 Esta es la 12ava oportunidad y queremos reforzar nuestro compromiso mejorando cada día nuestros servicios. 💯🚀,43,2,45,0,32.0K
2025-07-12 07:19:20,BCPComunica,"Jul 7, 2023","Nos enorgullece haber sido reconocidos en el sector financiero por nuestra excelencia en atención y satisfacción. Este prestigioso premio respaldado por Centrum PUCP, Datum, X Customer Group y Gestión, refuerza nuestro compromiso de seguir brindándote la mejor experiencia. 🙌",54,1,26,0,29.0K
2025-07-12 07:19:20,BCPComunica,"Feb 17, 2023",Comunicado,429,183,2.0K,25,225.0K
2025-07-12 07:19:20,BCPComunica,"Oct 31, 2022","Mañana, martes 1ero de noviembre, por ser feriado 🗓️, todas nuestras agencias a nivel nacional 🏬 no atenderán 📣. No olvides que puedes realizar tus consultas y operaciones, usando nuestros canales digitales 📞💻📱.",140,18,102,3,0
2025-07-12 07:19:20,BCPComunica,"Oct 7, 2022","Mañana, sábado 8 de octubre, por ser declarado feriado 🗓️, todas nuestras agencias a nivel nacional 🏬 no atenderán 📣. No olvides que puedes realizar tus consultas y operaciones, usando nuestros canales digitales 📞💻📱.",82,21,92,2,0
2025-07-12 08:24:41,BCPComunica,Feb 7,"¿Aún no conoces todos los canales oficiales del BCP? 🫣 ¡Anótalos para tener una experiencia segura siempre! 🤝 Comparte esta importante info con tus amigos y familiares. 🤳💙🧡

#CanalesOficialesBCP #BCP",97,0,5,0,21.0K
2025-07-12 08:24:41,BCPComunica,Oct 31,A nuestros clientes 📣,299,303,3.0K,89,234.0K
2025-07-12 08:24:41,BCPComunica,Jul 30,Comunicado: 🙌,315,90,507,18,122.0K
2025-07-12 08:24:41,BCPComunica,Jul 30,"Ante lo comunicado previamente, estamos tomando la siguiente medida: 👇",132,72,355,12,91.0K
2025-07-12 08:24:41,BCPComunica,Jul 30,A nuestra comunidad 📢,609,318,2.0K,98,305.0K
2025-07-12 08:24:41,BCPComunica,"May 17, 2024",Con mucho orgullo compartimos los 4 premios obtenidos esta noche en los #ANDA2024.🤩🎉 ¡Felicitaciones a todos los equipos involucrados en este logro! 👏,117,1,23,2,52.0K
2025-07-12 08:24:41,BCPComunica,"Sep 28, 2023",Continuamos transformando nuestras agencias a nivel nacional para mejorar junto a nuestros clientes. Visítanos para disfrutar de las novedades y una gran experiencia. 👀🙌,167,1,29,0,71.0K
2025-07-12 08:24:41,BCPComunica,"Sep 19, 2023",Aviso importante a nuestra comunidad. 👇 Nuestro plan es siempre mejorar para ayudarte a cumplir los tuyos. 🤝,110,23,133,2,70.0K
2025-07-12 08:24:41,BCPComunica,"Aug 25, 2023",Queremos agradecer a nuestros colaboradores porque gracias a su esfuerzo es que hoy hemos sido reconocidos una vez más y de forma consecutiva por los premios EMA. 👏🏆 Esta es la 12ava oportunidad y queremos reforzar nuestro compromiso mejorando cada día nuestros servicios. 💯🚀,43,2,45,0,32.0K
2025-07-12 08:24:41,BCPComunica,"Jul 7, 2023","Nos enorgullece haber sido reconocidos en el sector financiero por nuestra excelencia en atención y satisfacción. Este prestigioso premio respaldado por Centrum PUCP, Datum, X Customer Group y Gestión, refuerza nuestro compromiso de seguir brindándote la mejor experiencia. 🙌",54,1,26,0,29.0K
2025-07-12 08:24:41,BCPComunica,"Feb 17, 2023",Comunicado,429,183,2.0K,25,225.0K
2025-07-12 08:24:41,BCPComunica,"Oct 31, 2022","Mañana, martes 1ero de noviembre, por ser feriado 🗓️, todas nuestras agencias a nivel nacional 🏬 no atenderán 📣. No olvides que puedes realizar tus consultas y operaciones, usando nuestros canales digitales 📞💻📱.",140,18,102,3,0
2025-07-12 08:24:41,BCPComunica,"Oct 7, 2022","Mañana, sábado 8 de octubre, por ser declarado feriado 🗓️, todas nuestras agencias a nivel nacional 🏬 no atenderán 📣. No olvides que puedes realizar tus consultas y operaciones, usando nuestros canales digitales 📞💻📱.",82,21,92,2,0
2025-07-12 09:20:05,BCPComunica,Feb 7,"¿Aún no conoces todos los canales oficiales del BCP? 🫣 ¡Anótalos para tener una experiencia segura siempre! 🤝 Comparte esta importante info con tus amigos y familiares. 🤳💙🧡

#CanalesOficialesBCP #BCP",97,0,5,0,21.0K
2025-07-12 09:20:05,BCPComunica,Oct 31,A nuestros clientes 📣,299,303,3.0K,89,234.0K
2025-07-12 09:20:05,BCPComunica,Jul 30,Comunicado: 🙌,315,90,507,18,122.0K
2025-07-12 09:20:05,BCPComunica,Jul 30,"Ante lo comunicado previamente, estamos tomando la siguiente medida: 👇",132,72,355,12,91.0K
2025-07-12 09:20:05,BCPComunica,Jul 30,A nuestra comunidad 📢,609,319,2.0K,98,305.0K
2025-07-12 09:20:05,BCPComunica,"May 17, 2024",Con mucho orgullo compartimos los 4 premios obtenidos esta noche en los #ANDA2024.🤩🎉 ¡Felicitaciones a todos los equipos involucrados en este logro! 👏,117,1,23,2,52.0K
2025-07-12 09:20:05,BCPComunica,"Sep 28, 2023",Continuamos transformando nuestras agencias a nivel nacional para mejorar junto a nuestros clientes. Visítanos para disfrutar de las novedades y una gran experiencia. 👀🙌,167,1,29,0,71.0K
2025-07-12 09:20:05,BCPComunica,"Sep 19, 2023",Aviso importante a nuestra comunidad. 👇 Nuestro plan es siempre mejorar para ayudarte a cumplir los tuyos. 🤝,110,23,133,2,70.0K
2025-07-12 09:20:05,BCPComunica,"Aug 25, 2023",Queremos agradecer a nuestros colaboradores porque gracias a su esfuerzo es que hoy hemos sido reconocidos una vez más y de forma consecutiva por los premios EMA. 👏🏆 Esta es la 12ava oportunidad y queremos reforzar nuestro compromiso mejorando cada día nuestros servicios. 💯🚀,43,2,45,0,32.0K
2025-07-12 09:20:05,BCPComunica,"Jul 7, 2023","Nos enorgullece haber sido reconocidos en el sector financiero por nuestra excelencia en atención y satisfacción. Este prestigioso premio respaldado por Centrum PUCP, Datum, X Customer Group y Gestión, refuerza nuestro compromiso de seguir brindándote la mejor experiencia. 🙌",54,1,26,0,29.0K
2025-07-12 09:20:05,BCPComunica,"Feb 17, 2023",Comunicado,429,183,2.0K,25,225.0K
2025-07-12 09:20:05,BCPComunica,"Oct 31, 2022","Mañana, martes 1ero de noviembre, por ser feriado 🗓️, todas nuestras agencias a nivel nacional 🏬 no atenderán 📣. No olvides que puedes realizar tus consultas y operaciones, usando nuestros canales digitales 📞💻📱.",140,18,102,3,0
2025-07-12 09:20:05,BCPComunica,"Oct 7, 2022","Mañana, sábado 8 de octubre, por ser declarado feriado 🗓️, todas nuestras agencias a nivel nacional 🏬 no atenderán 📣. No olvides que puedes realizar tus consultas y operaciones, usando nuestros canales digitales 📞💻📱.",82,21,92,2,0
2025-07-12 10:20:08,BCPComunica,Feb 7,"¿Aún no conoces todos los canales oficiales del BCP? 🫣 ¡Anótalos para tener una experiencia segura siempre! 🤝 Comparte esta importante info con tus amigos y familiares. 🤳💙🧡

#CanalesOficialesBCP #BCP",97,0,5,0,21.0K
2025-07-12 10:20:08,BCPComunica,Oct 31,A nuestros clientes 📣,299,303,3.0K,89,234.0K
2025-07-12 10:20:08,BCPComunica,Jul 30,Comunicado: 🙌,315,90,507,18,122.0K
2025-07-12 10:20:08,BCPComunica,Jul 30,"Ante lo comunicado previamente, estamos tomando la siguiente medida: 👇",132,72,355,12,91.0K
2025-07-12 10:20:08,BCPComunica,Jul 30,A nuestra comunidad 📢,609,319,2.0K,98,305.0K
2025-07-12 10:20:08,BCPComunica,"May 17, 2024",Con mucho orgullo compartimos los 4 premios obtenidos esta noche en los #ANDA2024.🤩🎉 ¡Felicitaciones a todos los equipos involucrados en este logro! 👏,117,1,23,2,52.0K
2025-07-12 10:20:08,BCPComunica,"Sep 28, 2023",Continuamos transformando nuestras agencias a nivel nacional para mejorar junto a nuestros clientes. Visítanos para disfrutar de las novedades y una gran experiencia. 👀🙌,167,1,29,0,71.0K
2025-07-12 10:20:08,BCPComunica,"Sep 19, 2023",Aviso importante a nuestra comunidad. 👇 Nuestro plan es siempre mejorar para ayudarte a cumplir los tuyos. 🤝,110,23,133,2,70.0K
2025-07-12 10:20:08,BCPComunica,"Aug 25, 2023",Queremos agradecer a nuestros colaboradores porque gracias a su esfuerzo es que hoy hemos sido reconocidos una vez más y de forma consecutiva por los premios EMA. 👏🏆 Esta es la 12ava oportunidad y queremos reforzar nuestro compromiso mejorando cada día nuestros servicios. 💯🚀,43,2,45,0,32.0K
2025-07-12 10:20:08,BCPComunica,"Jul 7, 2023","Nos enorgullece haber sido reconocidos en el sector financiero por nuestra excelencia en atención y satisfacción. Este prestigioso premio respaldado por Centrum PUCP, Datum, X Customer Group y Gestión, refuerza nuestro compromiso de seguir brindándote la mejor experiencia. 🙌",54,1,26,0,29.0K
2025-07-12 10:20:08,BCPComunica,"Feb 17, 2023",Comunicado,429,183,2.0K,25,225.0K
2025-07-12 10:20:08,BCPComunica,"Oct 31, 2022","Mañana, martes 1ero de noviembre, por ser feriado 🗓️, todas nuestras agencias a nivel nacional 🏬 no atenderán 📣. No olvides que puedes realizar tus consultas y operaciones, usando nuestros canales digitales 📞💻📱.",140,18,102,3,0
2025-07-12 10:20:08,BCPComunica,"Oct 7, 2022","Mañana, sábado 8 de octubre, por ser declarado feriado 🗓️, todas nuestras agencias a nivel nacional 🏬 no atenderán 📣. No olvides que puedes realizar tus consultas y operaciones, usando nuestros canales digitales 📞💻📱.",82,21,92,2,0
2025-07-12 11:17:22,BCPComunica,Feb 7,"¿Aún no conoces todos los canales oficiales del BCP? 🫣 ¡Anótalos para tener una experiencia segura siempre! 🤝 Comparte esta importante info con tus amigos y familiares. 🤳💙🧡

#CanalesOficialesBCP #BCP",97,0,5,0,21.0K
2025-07-12 11:17:22,BCPComunica,Oct 31,A nuestros clientes 📣,299,303,3.0K,89,234.0K
2025-07-12 11:17:22,BCPComunica,Jul 30,Comunicado: 🙌,315,90,507,18,122.0K
2025-07-12 11:17:22,BCPComunica,Jul 30,"Ante lo comunicado previamente, estamos tomando la siguiente medida: 👇",132,72,355,12,91.0K
2025-07-12 11:17:22,BCPComunica,Jul 30,A nuestra comunidad 📢,609,319,2.0K,98,305.0K
2025-07-12 11:17:22,BCPComunica,"May 17, 2024",Con mucho orgullo compartimos los 4 premios obtenidos esta noche en los #ANDA2024.🤩🎉 ¡Felicitaciones a todos los equipos involucrados en este logro! 👏,117,1,23,2,52.0K
2025-07-12 11:17:22,BCPComunica,"Sep 28, 2023",Continuamos transformando nuestras agencias a nivel nacional para mejorar junto a nuestros clientes. Visítanos para disfrutar de las novedades y una gran experiencia. 👀🙌,167,1,29,0,71.0K
2025-07-12 11:17:22,BCPComunica,"Sep 19, 2023",Aviso importante a nuestra comunidad. 👇 Nuestro plan es siempre mejorar para ayudarte a cumplir los tuyos. 🤝,110,23,133,2,70.0K
2025-07-12 11:17:22,BCPComunica,"Aug 25, 2023",Queremos agradecer a nuestros colaboradores porque gracias a su esfuerzo es que hoy hemos sido reconocidos una vez más y de forma consecutiva por los premios EMA. 👏🏆 Esta es la 12ava oportunidad y queremos reforzar nuestro compromiso mejorando cada día nuestros servicios. 💯🚀,43,2,45,0,32.0K
2025-07-12 11:17:22,BCPComunica,"Jul 7, 2023","Nos enorgullece haber sido reconocidos en el sector financiero por nuestra excelencia en atención y satisfacción. Este prestigioso premio respaldado por Centrum PUCP, Datum, X Customer Group y Gestión, refuerza nuestro compromiso de seguir brindándote la mejor experiencia. 🙌",54,1,26,0,29.0K
2025-07-12 11:17:22,BCPComunica,"Feb 17, 2023",Comunicado,429,183,2.0K,25,225.0K
2025-07-12 11:17:22,BCPComunica,"Oct 31, 2022","Mañana, martes 1ero de noviembre, por ser feriado 🗓️, todas nuestras agencias a nivel nacional 🏬 no atenderán 📣. No olvides que puedes realizar tus consultas y operaciones, usando nuestros canales digitales 📞💻📱.",140,18,102,3,0
2025-07-12 11:17:22,BCPComunica,"Oct 7, 2022","Mañana, sábado 8 de octubre, por ser declarado feriado 🗓️, todas nuestras agencias a nivel nacional 🏬 no atenderán 📣. No olvides que puedes realizar tus consultas y operaciones, usando nuestros canales digitales 📞💻📱.",82,21,92,2,0
2025-07-12 12:38:08,BCPComunica,Feb 7,"¿Aún no conoces todos los canales oficiales del BCP? 🫣 ¡Anótalos para tener una experiencia segura siempre! 🤝 Comparte esta importante info con tus amigos y familiares. 🤳💙🧡

#CanalesOficialesBCP #BCP",97,0,5,0,21.0K
2025-07-12 12:38:08,BCPComunica,Oct 31,A nuestros clientes 📣,299,303,3.0K,89,234.0K
2025-07-12 12:38:08,BCPComunica,Jul 30,Comunicado: 🙌,315,90,507,18,122.0K
2025-07-12 12:38:08,BCPComunica,Jul 30,"Ante lo comunicado previamente, estamos tomando la siguiente medida: 👇",132,72,355,12,91.0K
2025-07-12 12:38:08,BCPComunica,Jul 30,A nuestra comunidad 📢,609,318,2.0K,98,305.0K
2025-07-12 12:38:08,BCPComunica,"May 17, 2024",Con mucho orgullo compartimos los 4 premios obtenidos esta noche en los #ANDA2024.🤩🎉 ¡Felicitaciones a todos los equipos involucrados en este logro! 👏,117,1,23,2,52.0K
2025-07-12 12:38:08,BCPComunica,"Sep 28, 2023",Continuamos transformando nuestras agencias a nivel nacional para mejorar junto a nuestros clientes. Visítanos para disfrutar de las novedades y una gran experiencia. 👀🙌,167,1,29,0,71.0K
2025-07-12 12:38:08,BCPComunica,"Sep 19, 2023",Aviso importante a nuestra comunidad. 👇 Nuestro plan es siempre mejorar para ayudarte a cumplir los tuyos. 🤝,110,23,133,2,70.0K
2025-07-12 12:38:08,BCPComunica,"Aug 25, 2023",Queremos agradecer a nuestros colaboradores porque gracias a su esfuerzo es que hoy hemos sido reconocidos una vez más y de forma consecutiva por los premios EMA. 👏🏆 Esta es la 12ava oportunidad y queremos reforzar nuestro compromiso mejorando cada día nuestros servicios. 💯🚀,43,2,45,0,32.0K
2025-07-12 12:38:08,BCPComunica,"Jul 7, 2023","Nos enorgullece haber sido reconocidos en el sector financiero por nuestra excelencia en atención y satisfacción. Este prestigioso premio respaldado por Centrum PUCP, Datum, X Customer Group y Gestión, refuerza nuestro compromiso de seguir brindándote la mejor experiencia. 🙌",54,1,26,0,29.0K
2025-07-12 12:38:08,BCPComunica,"Feb 17, 2023",Comunicado,429,183,2.0K,25,225.0K
2025-07-12 12:38:08,BCPComunica,"Oct 31, 2022","Mañana, martes 1ero de noviembre, por ser feriado 🗓️, todas nuestras agencias a nivel nacional 🏬 no atenderán 📣. No olvides que puedes realizar tus consultas y operaciones, usando nuestros canales digitales 📞💻📱.",140,18,102,3,0
2025-07-12 12:38:08,BCPComunica,"Oct 7, 2022","Mañana, sábado 8 de octubre, por ser declarado feriado 🗓️, todas nuestras agencias a nivel nacional 🏬 no atenderán 📣. No olvides que puedes realizar tus consultas y operaciones, usando nuestros canales digitales 📞💻📱.",82,21,92,2,0
2025-07-12 13:28:57,BCPComunica,Feb 7,"¿Aún no conoces todos los canales oficiales del BCP? 🫣 ¡Anótalos para tener una experiencia segura siempre! 🤝 Comparte esta importante info con tus amigos y familiares. 🤳💙🧡

#CanalesOficialesBCP #BCP",97,0,5,0,21.0K
2025-07-12 13:28:57,BCPComunica,Oct 31,A nuestros clientes 📣,299,303,3.0K,89,234.0K
2025-07-12 13:28:57,BCPComunica,Jul 30,Comunicado: 🙌,315,90,507,18,122.0K
2025-07-12 13:28:57,BCPComunica,Jul 30,"Ante lo comunicado previamente, estamos tomando la siguiente medida: 👇",132,72,355,12,91.0K
2025-07-12 13:28:57,BCPComunica,Jul 30,A nuestra comunidad 📢,609,318,2.0K,98,305.0K
2025-07-12 13:28:57,BCPComunica,"May 17, 2024",Con mucho orgullo compartimos los 4 premios obtenidos esta noche en los #ANDA2024.🤩🎉 ¡Felicitaciones a todos los equipos involucrados en este logro! 👏,117,1,23,2,52.0K
2025-07-12 13:28:57,BCPComunica,"Sep 28, 2023",Continuamos transformando nuestras agencias a nivel nacional para mejorar junto a nuestros clientes. Visítanos para disfrutar de las novedades y una gran experiencia. 👀🙌,167,1,29,0,71.0K
2025-07-12 13:28:57,BCPComunica,"Sep 19, 2023",Aviso importante a nuestra comunidad. 👇 Nuestro plan es siempre mejorar para ayudarte a cumplir los tuyos. 🤝,110,23,133,2,70.0K
2025-07-12 13:28:57,BCPComunica,"Aug 25, 2023",Queremos agradecer a nuestros colaboradores porque gracias a su esfuerzo es que hoy hemos sido reconocidos una vez más y de forma consecutiva por los premios EMA. 👏🏆 Esta es la 12ava oportunidad y queremos reforzar nuestro compromiso mejorando cada día nuestros servicios. 💯🚀,43,2,45,0,32.0K
2025-07-12 13:28:57,BCPComunica,"Jul 7, 2023","Nos enorgullece haber sido reconocidos en el sector financiero por nuestra excelencia en atención y satisfacción. Este prestigioso premio respaldado por Centrum PUCP, Datum, X Customer Group y Gestión, refuerza nuestro compromiso de seguir brindándote la mejor experiencia. 🙌",54,1,26,0,29.0K
2025-07-12 13:28:57,BCPComunica,"Feb 17, 2023",Comunicado,429,183,2.0K,25,225.0K
2025-07-12 13:28:57,BCPComunica,"Oct 31, 2022","Mañana, martes 1ero de noviembre, por ser feriado 🗓️, todas nuestras agencias a nivel nacional 🏬 no atenderán 📣. No olvides que puedes realizar tus consultas y operaciones, usando nuestros canales digitales 📞💻📱.",140,18,102,3,0
2025-07-12 13:28:57,BCPComunica,"Oct 7, 2022","Mañana, sábado 8 de octubre, por ser declarado feriado 🗓️, todas nuestras agencias a nivel nacional 🏬 no atenderán 📣. No olvides que puedes realizar tus consultas y operaciones, usando nuestros canales digitales 📞💻📱.",82,21,92,2,0
2025-07-12 14:18:06,BCPComunica,Feb 7,"¿Aún no conoces todos los canales oficiales del BCP? 🫣 ¡Anótalos para tener una experiencia segura siempre! 🤝 Comparte esta importante info con tus amigos y familiares. 🤳💙🧡

#CanalesOficialesBCP #BCP",97,0,5,0,21.0K
2025-07-12 14:18:06,BCPComunica,Oct 31,A nuestros clientes 📣,299,303,3.0K,89,234.0K
2025-07-12 14:18:06,BCPComunica,Jul 30,Comunicado: 🙌,315,90,507,18,122.0K
2025-07-12 14:18:06,BCPComunica,Jul 30,"Ante lo comunicado previamente, estamos tomando la siguiente medida: 👇",132,72,355,12,91.0K
2025-07-12 14:18:06,BCPComunica,Jul 30,A nuestra comunidad 📢,609,318,2.0K,98,305.0K
2025-07-12 14:18:06,BCPComunica,"May 17, 2024",Con mucho orgullo compartimos los 4 premios obtenidos esta noche en los #ANDA2024.🤩🎉 ¡Felicitaciones a todos los equipos involucrados en este logro! 👏,117,1,23,2,52.0K
2025-07-12 14:18:06,BCPComunica,"Sep 28, 2023",Continuamos transformando nuestras agencias a nivel nacional para mejorar junto a nuestros clientes. Visítanos para disfrutar de las novedades y una gran experiencia. 👀🙌,167,1,29,0,71.0K
2025-07-12 14:18:06,BCPComunica,"Sep 19, 2023",Aviso importante a nuestra comunidad. 👇 Nuestro plan es siempre mejorar para ayudarte a cumplir los tuyos. 🤝,110,23,133,2,70.0K
2025-07-12 14:18:06,BCPComunica,"Aug 25, 2023",Queremos agradecer a nuestros colaboradores porque gracias a su esfuerzo es que hoy hemos sido reconocidos una vez más y de forma consecutiva por los premios EMA. 👏🏆 Esta es la 12ava oportunidad y queremos reforzar nuestro compromiso mejorando cada día nuestros servicios. 💯🚀,43,2,45,0,32.0K
2025-07-12 14:18:06,BCPComunica,"Jul 7, 2023","Nos enorgullece haber sido reconocidos en el sector financiero por nuestra excelencia en atención y satisfacción. Este prestigioso premio respaldado por Centrum PUCP, Datum, X Customer Group y Gestión, refuerza nuestro compromiso de seguir brindándote la mejor experiencia. 🙌",54,1,26,0,29.0K
2025-07-12 14:18:06,BCPComunica,"Feb 17, 2023",Comunicado,429,183,2.0K,25,225.0K
2025-07-12 14:18:06,BCPComunica,"Oct 31, 2022","Mañana, martes 1ero de noviembre, por ser feriado 🗓️, todas nuestras agencias a nivel nacional 🏬 no atenderán 📣. No olvides que puedes realizar tus consultas y operaciones, usando nuestros canales digitales 📞💻📱.",140,18,102,3,0
2025-07-12 14:18:06,BCPComunica,"Oct 7, 2022","Mañana, sábado 8 de octubre, por ser declarado feriado 🗓️, todas nuestras agencias a nivel nacional 🏬 no atenderán 📣. No olvides que puedes realizar tus consultas y operaciones, usando nuestros canales digitales 📞💻📱.",82,21,92,2,0
2025-07-12 15:19:53,BCPComunica,Feb 7,"¿Aún no conoces todos los canales oficiales del BCP? 🫣 ¡Anótalos para tener una experiencia segura siempre! 🤝 Comparte esta importante info con tus amigos y familiares. 🤳💙🧡

#CanalesOficialesBCP #BCP",97,0,5,0,21.0K
2025-07-12 15:19:53,BCPComunica,Oct 31,A nuestros clientes 📣,299,303,3.0K,89,234.0K
2025-07-12 15:19:53,BCPComunica,Jul 30,Comunicado: 🙌,315,90,507,18,122.0K
2025-07-12 15:19:53,BCPComunica,Jul 30,"Ante lo comunicado previamente, estamos tomando la siguiente medida: 👇",132,72,355,12,91.0K
2025-07-12 15:19:53,BCPComunica,Jul 30,A nuestra comunidad 📢,609,318,2.0K,98,305.0K
2025-07-12 15:19:53,BCPComunica,"May 17, 2024",Con mucho orgullo compartimos los 4 premios obtenidos esta noche en los #ANDA2024.🤩🎉 ¡Felicitaciones a todos los equipos involucrados en este logro! 👏,117,1,23,2,52.0K
2025-07-12 15:19:53,BCPComunica,"Sep 28, 2023",Continuamos transformando nuestras agencias a nivel nacional para mejorar junto a nuestros clientes. Visítanos para disfrutar de las novedades y una gran experiencia. 👀🙌,167,1,29,0,71.0K
2025-07-12 15:19:53,BCPComunica,"Sep 19, 2023",Aviso importante a nuestra comunidad. 👇 Nuestro plan es siempre mejorar para ayudarte a cumplir los tuyos. 🤝,110,23,133,2,70.0K
2025-07-12 15:19:53,BCPComunica,"Aug 25, 2023",Queremos agradecer a nuestros colaboradores porque gracias a su esfuerzo es que hoy hemos sido reconocidos una vez más y de forma consecutiva por los premios EMA. 👏🏆 Esta es la 12ava oportunidad y queremos reforzar nuestro compromiso mejorando cada día nuestros servicios. 💯🚀,43,2,45,0,32.0K
2025-07-12 15:19:53,BCPComunica,"Jul 7, 2023","Nos enorgullece haber sido reconocidos en el sector financiero por nuestra excelencia en atención y satisfacción. Este prestigioso premio respaldado por Centrum PUCP, Datum, X Customer Group y Gestión, refuerza nuestro compromiso de seguir brindándote la mejor experiencia. 🙌",54,1,26,0,29.0K
2025-07-12 15:19:53,BCPComunica,"Feb 17, 2023",Comunicado,429,183,2.0K,25,225.0K
2025-07-12 15:19:53,BCPComunica,"Oct 31, 2022","Mañana, martes 1ero de noviembre, por ser feriado 🗓️, todas nuestras agencias a nivel nacional 🏬 no atenderán 📣. No olvides que puedes realizar tus consultas y operaciones, usando nuestros canales digitales 📞💻📱.",140,18,102,3,0
2025-07-12 15:19:53,BCPComunica,"Oct 7, 2022","Mañana, sábado 8 de octubre, por ser declarado feriado 🗓️, todas nuestras agencias a nivel nacional 🏬 no atenderán 📣. No olvides que puedes realizar tus consultas y operaciones, usando nuestros canales digitales 📞💻📱.",82,21,92,2,0
2025-07-12 16:23:37,BCPComunica,Feb 7,"¿Aún no conoces todos los canales oficiales del BCP? 🫣 ¡Anótalos para tener una experiencia segura siempre! 🤝 Comparte esta importante info con tus amigos y familiares. 🤳💙🧡

#CanalesOficialesBCP #BCP",97,0,5,0,21.0K
2025-07-12 16:23:37,BCPComunica,Oct 31,A nuestros clientes 📣,299,303,3.0K,89,234.0K
2025-07-12 16:23:37,BCPComunica,Jul 30,Comunicado: 🙌,315,90,507,18,122.0K
2025-07-12 16:23:37,BCPComunica,Jul 30,"Ante lo comunicado previamente, estamos tomando la siguiente medida: 👇",132,72,355,12,91.0K
2025-07-12 16:23:37,BCPComunica,Jul 30,A nuestra comunidad 📢,609,318,2.0K,98,305.0K
2025-07-12 16:23:37,BCPComunica,"May 17, 2024",Con mucho orgullo compartimos los 4 premios obtenidos esta noche en los #ANDA2024.🤩🎉 ¡Felicitaciones a todos los equipos involucrados en este logro! 👏,117,1,23,2,52.0K
2025-07-12 16:23:37,BCPComunica,"Sep 28, 2023",Continuamos transformando nuestras agencias a nivel nacional para mejorar junto a nuestros clientes. Visítanos para disfrutar de las novedades y una gran experiencia. 👀🙌,167,1,29,0,71.0K
2025-07-12 16:23:37,BCPComunica,"Sep 19, 2023",Aviso importante a nuestra comunidad. 👇 Nuestro plan es siempre mejorar para ayudarte a cumplir los tuyos. 🤝,110,23,133,2,70.0K
2025-07-12 16:23:37,BCPComunica,"Aug 25, 2023",Queremos agradecer a nuestros colaboradores porque gracias a su esfuerzo es que hoy hemos sido reconocidos una vez más y de forma consecutiva por los premios EMA. 👏🏆 Esta es la 12ava oportunidad y queremos reforzar nuestro compromiso mejorando cada día nuestros servicios. 💯🚀,43,2,45,0,32.0K
2025-07-12 16:23:37,BCPComunica,"Jul 7, 2023","Nos enorgullece haber sido reconocidos en el sector financiero por nuestra excelencia en atención y satisfacción. Este prestigioso premio respaldado por Centrum PUCP, Datum, X Customer Group y Gestión, refuerza nuestro compromiso de seguir brindándote la mejor experiencia. 🙌",54,1,26,0,29.0K
2025-07-12 16:23:37,BCPComunica,"Feb 17, 2023",Comunicado,429,183,2.0K,25,225.0K
2025-07-12 16:23:37,BCPComunica,"Oct 31, 2022","Mañana, martes 1ero de noviembre, por ser feriado 🗓️, todas nuestras agencias a nivel nacional 🏬 no atenderán 📣. No olvides que puedes realizar tus consultas y operaciones, usando nuestros canales digitales 📞💻📱.",140,18,102,3,0
2025-07-12 16:23:37,BCPComunica,"Oct 7, 2022","Mañana, sábado 8 de octubre, por ser declarado feriado 🗓️, todas nuestras agencias a nivel nacional 🏬 no atenderán 📣. No olvides que puedes realizar tus consultas y operaciones, usando nuestros canales digitales 📞💻📱.",82,21,92,2,0
2025-07-12 17:17:06,BCPComunica,Feb 7,"¿Aún no conoces todos los canales oficiales del BCP? 🫣 ¡Anótalos para tener una experiencia segura siempre! 🤝 Comparte esta importante info con tus amigos y familiares. 🤳💙🧡

#CanalesOficialesBCP #BCP",97,0,5,0,21.0K
2025-07-12 17:17:06,BCPComunica,Oct 31,A nuestros clientes 📣,299,303,3.0K,89,234.0K
2025-07-12 17:17:06,BCPComunica,Jul 30,Comunicado: 🙌,315,90,507,18,122.0K
2025-07-12 17:17:06,BCPComunica,Jul 30,"Ante lo comunicado previamente, estamos tomando la siguiente medida: 👇",132,72,355,12,91.0K
2025-07-12 17:17:06,BCPComunica,Jul 30,A nuestra comunidad 📢,609,318,2.0K,98,305.0K
2025-07-12 17:17:06,BCPComunica,"May 17, 2024",Con mucho orgullo compartimos los 4 premios obtenidos esta noche en los #ANDA2024.🤩🎉 ¡Felicitaciones a todos los equipos involucrados en este logro! 👏,117,1,23,2,52.0K
2025-07-12 17:17:06,BCPComunica,"Sep 28, 2023",Continuamos transformando nuestras agencias a nivel nacional para mejorar junto a nuestros clientes. Visítanos para disfrutar de las novedades y una gran experiencia. 👀🙌,167,1,29,0,71.0K
2025-07-12 17:17:06,BCPComunica,"Sep 19, 2023",Aviso importante a nuestra comunidad. 👇 Nuestro plan es siempre mejorar para ayudarte a cumplir los tuyos. 🤝,110,23,133,2,70.0K
2025-07-12 17:17:06,BCPComunica,"Aug 25, 2023",Queremos agradecer a nuestros colaboradores porque gracias a su esfuerzo es que hoy hemos sido reconocidos una vez más y de forma consecutiva por los premios EMA. 👏🏆 Esta es la 12ava oportunidad y queremos reforzar nuestro compromiso mejorando cada día nuestros servicios. 💯🚀,43,2,45,0,32.0K
2025-07-12 17:17:06,BCPComunica,"Jul 7, 2023","Nos enorgullece haber sido reconocidos en el sector financiero por nuestra excelencia en atención y satisfacción. Este prestigioso premio respaldado por Centrum PUCP, Datum, X Customer Group y Gestión, refuerza nuestro compromiso de seguir brindándote la mejor experiencia. 🙌",54,1,26,0,29.0K
2025-07-12 17:17:06,BCPComunica,"Feb 17, 2023",Comunicado,429,183,2.0K,25,225.0K
2025-07-12 17:17:06,BCPComunica,"Oct 31, 2022","Mañana, martes 1ero de noviembre, por ser feriado 🗓️, todas nuestras agencias a nivel nacional 🏬 no atenderán 📣. No olvides que puedes realizar tus consultas y operaciones, usando nuestros canales digitales 📞💻📱.",140,18,102,3,0
2025-07-12 17:17:06,BCPComunica,"Oct 7, 2022","Mañana, sábado 8 de octubre, por ser declarado feriado 🗓️, todas nuestras agencias a nivel nacional 🏬 no atenderán 📣. No olvides que puedes realizar tus consultas y operaciones, usando nuestros canales digitales 📞💻📱.",82,21,92,2,0
2025-07-12 18:27:13,BCPComunica,Feb 7,"¿Aún no conoces todos los canales oficiales del BCP? 🫣 ¡Anótalos para tener una experiencia segura siempre! 🤝 Comparte esta importante info con tus amigos y familiares. 🤳💙🧡

#CanalesOficialesBCP #BCP",97,0,5,0,21.0K
2025-07-12 18:27:13,BCPComunica,Oct 31,A nuestros clientes 📣,299,303,3.0K,89,234.0K
2025-07-12 18:27:13,BCPComunica,Jul 30,Comunicado: 🙌,315,90,507,18,122.0K
2025-07-12 18:27:13,BCPComunica,Jul 30,"Ante lo comunicado previamente, estamos tomando la siguiente medida: 👇",132,72,355,12,91.0K
2025-07-12 18:27:13,BCPComunica,Jul 30,A nuestra comunidad 📢,609,318,2.0K,98,305.0K
2025-07-12 18:27:13,BCPComunica,"May 17, 2024",Con mucho orgullo compartimos los 4 premios obtenidos esta noche en los #ANDA2024.🤩🎉 ¡Felicitaciones a todos los equipos involucrados en este logro! 👏,117,1,23,2,52.0K
2025-07-12 18:27:13,BCPComunica,"Sep 28, 2023",Continuamos transformando nuestras agencias a nivel nacional para mejorar junto a nuestros clientes. Visítanos para disfrutar de las novedades y una gran experiencia. 👀🙌,167,1,29,0,71.0K
2025-07-12 18:27:13,BCPComunica,"Sep 19, 2023",Aviso importante a nuestra comunidad. 👇 Nuestro plan es siempre mejorar para ayudarte a cumplir los tuyos. 🤝,110,23,133,2,70.0K
2025-07-12 18:27:13,BCPComunica,"Aug 25, 2023",Queremos agradecer a nuestros colaboradores porque gracias a su esfuerzo es que hoy hemos sido reconocidos una vez más y de forma consecutiva por los premios EMA. 👏🏆 Esta es la 12ava oportunidad y queremos reforzar nuestro compromiso mejorando cada día nuestros servicios. 💯🚀,43,2,45,0,32.0K
2025-07-12 18:27:13,BCPComunica,"Jul 7, 2023","Nos enorgullece haber sido reconocidos en el sector financiero por nuestra excelencia en atención y satisfacción. Este prestigioso premio respaldado por Centrum PUCP, Datum, X Customer Group y Gestión, refuerza nuestro compromiso de seguir brindándote la mejor experiencia. 🙌",54,1,26,0,29.0K
2025-07-12 18:27:13,BCPComunica,"Feb 17, 2023",Comunicado,429,183,2.0K,25,225.0K
2025-07-12 18:27:13,BCPComunica,"Oct 31, 2022","Mañana, martes 1ero de noviembre, por ser feriado 🗓️, todas nuestras agencias a nivel nacional 🏬 no atenderán 📣. No olvides que puedes realizar tus consultas y operaciones, usando nuestros canales digitales 📞💻📱.",140,18,102,3,0
2025-07-12 18:27:13,BCPComunica,"Oct 7, 2022","Mañana, sábado 8 de octubre, por ser declarado feriado 🗓️, todas nuestras agencias a nivel nacional 🏬 no atenderán 📣. No olvides que puedes realizar tus consultas y operaciones, usando nuestros canales digitales 📞💻📱.",82,21,92,2,0
2025-07-12 19:15:40,BCPComunica,Feb 7,"¿Aún no conoces todos los canales oficiales del BCP? 🫣 ¡Anótalos para tener una experiencia segura siempre! 🤝 Comparte esta importante info con tus amigos y familiares. 🤳💙🧡

#CanalesOficialesBCP #BCP",97,0,5,0,21.0K
2025-07-12 19:15:40,BCPComunica,Oct 31,A nuestros clientes 📣,299,303,3.0K,89,234.0K
2025-07-12 19:15:40,BCPComunica,Jul 30,Comunicado: 🙌,315,90,507,18,122.0K
2025-07-12 19:15:40,BCPComunica,Jul 30,"Ante lo comunicado previamente, estamos tomando la siguiente medida: 👇",132,72,355,12,91.0K
2025-07-12 19:15:40,BCPComunica,Jul 30,A nuestra comunidad 📢,609,318,2.0K,98,305.0K
2025-07-12 19:15:40,BCPComunica,"May 17, 2024",Con mucho orgullo compartimos los 4 premios obtenidos esta noche en los #ANDA2024.🤩🎉 ¡Felicitaciones a todos los equipos involucrados en este logro! 👏,117,1,23,2,52.0K
2025-07-12 19:15:40,BCPComunica,"Sep 28, 2023",Continuamos transformando nuestras agencias a nivel nacional para mejorar junto a nuestros clientes. Visítanos para disfrutar de las novedades y una gran experiencia. 👀🙌,167,1,29,0,71.0K
2025-07-12 19:15:40,BCPComunica,"Sep 19, 2023",Aviso importante a nuestra comunidad. 👇 Nuestro plan es siempre mejorar para ayudarte a cumplir los tuyos. 🤝,110,23,133,2,70.0K
2025-07-12 19:15:40,BCPComunica,"Aug 25, 2023",Queremos agradecer a nuestros colaboradores porque gracias a su esfuerzo es que hoy hemos sido reconocidos una vez más y de forma consecutiva por los premios EMA. 👏🏆 Esta es la 12ava oportunidad y queremos reforzar nuestro compromiso mejorando cada día nuestros servicios. 💯🚀,43,2,45,0,32.0K
2025-07-12 19:15:40,BCPComunica,"Jul 7, 2023","Nos enorgullece haber sido reconocidos en el sector financiero por nuestra excelencia en atención y satisfacción. Este prestigioso premio respaldado por Centrum PUCP, Datum, X Customer Group y Gestión, refuerza nuestro compromiso de seguir brindándote la mejor experiencia. 🙌",54,1,26,0,29.0K
2025-07-12 19:15:40,BCPComunica,"Feb 17, 2023",Comunicado,429,183,2.0K,25,225.0K
2025-07-12 19:15:40,BCPComunica,"Oct 31, 2022","Mañana, martes 1ero de noviembre, por ser feriado 🗓️, todas nuestras agencias a nivel nacional 🏬 no atenderán 📣. No olvides que puedes realizar tus consultas y operaciones, usando nuestros canales digitales 📞💻📱.",140,18,102,3,0
2025-07-12 19:15:40,BCPComunica,"Oct 7, 2022","Mañana, sábado 8 de octubre, por ser declarado feriado 🗓️, todas nuestras agencias a nivel nacional 🏬 no atenderán 📣. No olvides que puedes realizar tus consultas y operaciones, usando nuestros canales digitales 📞💻📱.",82,21,92,2,0
2025-07-12 20:21:08,BCPComunica,Feb 7,"¿Aún no conoces todos los canales oficiales del BCP? 🫣 ¡Anótalos para tener una experiencia segura siempre! 🤝 Comparte esta importante info con tus amigos y familiares. 🤳💙🧡

#CanalesOficialesBCP #BCP",97,0,5,0,21.0K
2025-07-12 20:21:08,BCPComunica,Oct 31,A nuestros clientes 📣,299,303,3.0K,89,234.0K
2025-07-12 20:21:08,BCPComunica,Jul 30,Comunicado: 🙌,315,90,507,18,122.0K
2025-07-12 20:21:08,BCPComunica,Jul 30,"Ante lo comunicado previamente, estamos tomando la siguiente medida: 👇",132,72,355,12,91.0K
2025-07-12 20:21:08,BCPComunica,Jul 30,A nuestra comunidad 📢,609,318,2.0K,98,305.0K
2025-07-12 20:21:08,BCPComunica,"May 17, 2024",Con mucho orgullo compartimos los 4 premios obtenidos esta noche en los #ANDA2024.🤩🎉 ¡Felicitaciones a todos los equipos involucrados en este logro! 👏,117,1,23,2,52.0K
2025-07-12 20:21:08,BCPComunica,"Sep 28, 2023",Continuamos transformando nuestras agencias a nivel nacional para mejorar junto a nuestros clientes. Visítanos para disfrutar de las novedades y una gran experiencia. 👀🙌,167,1,29,0,71.0K
2025-07-12 20:21:08,BCPComunica,"Sep 19, 2023",Aviso importante a nuestra comunidad. 👇 Nuestro plan es siempre mejorar para ayudarte a cumplir los tuyos. 🤝,110,23,133,2,70.0K
2025-07-12 20:21:08,BCPComunica,"Aug 25, 2023",Queremos agradecer a nuestros colaboradores porque gracias a su esfuerzo es que hoy hemos sido reconocidos una vez más y de forma consecutiva por los premios EMA. 👏🏆 Esta es la 12ava oportunidad y queremos reforzar nuestro compromiso mejorando cada día nuestros servicios. 💯🚀,43,2,45,0,32.0K
2025-07-12 20:21:08,BCPComunica,"Jul 7, 2023","Nos enorgullece haber sido reconocidos en el sector financiero por nuestra excelencia en atención y satisfacción. Este prestigioso premio respaldado por Centrum PUCP, Datum, X Customer Group y Gestión, refuerza nuestro compromiso de seguir brindándote la mejor experiencia. 🙌",54,1,26,0,29.0K
2025-07-12 20:21:08,BCPComunica,"Feb 17, 2023",Comunicado,429,183,2.0K,25,225.0K
2025-07-12 20:21:08,BCPComunica,"Oct 31, 2022","Mañana, martes 1ero de noviembre, por ser feriado 🗓️, todas nuestras agencias a nivel nacional 🏬 no atenderán 📣. No olvides que puedes realizar tus consultas y operaciones, usando nuestros canales digitales 📞💻📱.",140,18,102,3,0
2025-07-12 20:21:08,BCPComunica,"Oct 7, 2022","Mañana, sábado 8 de octubre, por ser declarado feriado 🗓️, todas nuestras agencias a nivel nacional 🏬 no atenderán 📣. No olvides que puedes realizar tus consultas y operaciones, usando nuestros canales digitales 📞💻📱.",82,21,92,2,0
2025-07-12 22:19:09,BCPComunica,Feb 7,"¿Aún no conoces todos los canales oficiales del BCP? 🫣 ¡Anótalos para tener una experiencia segura siempre! 🤝 Comparte esta importante info con tus amigos y familiares. 🤳💙🧡

#CanalesOficialesBCP #BCP",97,0,5,0,21.0K
2025-07-12 22:19:09,BCPComunica,Oct 31,A nuestros clientes 📣,299,303,3.0K,89,234.0K
2025-07-12 22:19:09,BCPComunica,Jul 30,Comunicado: 🙌,315,90,507,18,122.0K
2025-07-12 22:19:09,BCPComunica,Jul 30,"Ante lo comunicado previamente, estamos tomando la siguiente medida: 👇",132,72,355,12,91.0K
2025-07-12 22:19:09,BCPComunica,Jul 30,A nuestra comunidad 📢,609,318,2.0K,98,305.0K
2025-07-12 22:19:09,BCPComunica,"May 17, 2024",Con mucho orgullo compartimos los 4 premios obtenidos esta noche en los #ANDA2024.🤩🎉 ¡Felicitaciones a todos los equipos involucrados en este logro! 👏,117,1,23,2,52.0K
2025-07-12 22:19:09,BCPComunica,"Sep 28, 2023",Continuamos transformando nuestras agencias a nivel nacional para mejorar junto a nuestros clientes. Visítanos para disfrutar de las novedades y una gran experiencia. 👀🙌,167,1,29,0,71.0K
2025-07-12 22:19:09,BCPComunica,"Sep 19, 2023",Aviso importante a nuestra comunidad. 👇 Nuestro plan es siempre mejorar para ayudarte a cumplir los tuyos. 🤝,110,23,133,2,70.0K
2025-07-12 22:19:09,BCPComunica,"Aug 25, 2023",Queremos agradecer a nuestros colaboradores porque gracias a su esfuerzo es que hoy hemos sido reconocidos una vez más y de forma consecutiva por los premios EMA. 👏🏆 Esta es la 12ava oportunidad y queremos reforzar nuestro compromiso mejorando cada día nuestros servicios. 💯🚀,43,2,45,0,32.0K
2025-07-12 22:19:09,BCPComunica,"Jul 7, 2023","Nos enorgullece haber sido reconocidos en el sector financiero por nuestra excelencia en atención y satisfacción. Este prestigioso premio respaldado por Centrum PUCP, Datum, X Customer Group y Gestión, refuerza nuestro compromiso de seguir brindándote la mejor experiencia. 🙌",54,1,26,0,29.0K
2025-07-12 22:19:09,BCPComunica,"Feb 17, 2023",Comunicado,429,183,2.0K,25,225.0K
2025-07-12 22:19:09,BCPComunica,"Oct 31, 2022","Mañana, martes 1ero de noviembre, por ser feriado 🗓️, todas nuestras agencias a nivel nacional 🏬 no atenderán 📣. No olvides que puedes realizar tus consultas y operaciones, usando nuestros canales digitales 📞💻📱.",140,18,102,3,0
2025-07-12 22:19:09,BCPComunica,"Oct 7, 2022","Mañana, sábado 8 de octubre, por ser declarado feriado 🗓️, todas nuestras agencias a nivel nacional 🏬 no atenderán 📣. No olvides que puedes realizar tus consultas y operaciones, usando nuestros canales digitales 📞💻📱.",82,21,92,2,0
2025-07-12 23:20:09,BCPComunica,Feb 7,"¿Aún no conoces todos los canales oficiales del BCP? 🫣 ¡Anótalos para tener una experiencia segura siempre! 🤝 Comparte esta importante info con tus amigos y familiares. 🤳💙🧡

#CanalesOficialesBCP #BCP",97,0,5,0,21.0K
2025-07-12 23:20:09,BCPComunica,Oct 31,A nuestros clientes 📣,299,303,3.0K,89,234.0K
2025-07-12 23:20:09,BCPComunica,Jul 30,Comunicado: 🙌,315,90,507,18,122.0K
2025-07-12 23:20:09,BCPComunica,Jul 30,"Ante lo comunicado previamente, estamos tomando la siguiente medida: 👇",132,72,355,12,91.0K
2025-07-12 23:20:09,BCPComunica,Jul 30,A nuestra comunidad 📢,609,318,2.0K,98,305.0K
2025-07-12 23:20:09,BCPComunica,"May 17, 2024",Con mucho orgullo compartimos los 4 premios obtenidos esta noche en los #ANDA2024.🤩🎉 ¡Felicitaciones a todos los equipos involucrados en este logro! 👏,117,1,23,2,52.0K
2025-07-12 23:20:09,BCPComunica,"Sep 28, 2023",Continuamos transformando nuestras agencias a nivel nacional para mejorar junto a nuestros clientes. Visítanos para disfrutar de las novedades y una gran experiencia. 👀🙌,167,1,29,0,71.0K
2025-07-12 23:20:09,BCPComunica,"Sep 19, 2023",Aviso importante a nuestra comunidad. 👇 Nuestro plan es siempre mejorar para ayudarte a cumplir los tuyos. 🤝,110,23,133,2,70.0K
2025-07-12 23:20:09,BCPComunica,"Aug 25, 2023",Queremos agradecer a nuestros colaboradores porque gracias a su esfuerzo es que hoy hemos sido reconocidos una vez más y de forma consecutiva por los premios EMA. 👏🏆 Esta es la 12ava oportunidad y queremos reforzar nuestro compromiso mejorando cada día nuestros servicios. 💯🚀,43,2,45,0,32.0K
2025-07-12 23:20:09,BCPComunica,"Jul 7, 2023","Nos enorgullece haber sido reconocidos en el sector financiero por nuestra excelencia en atención y satisfacción. Este prestigioso premio respaldado por Centrum PUCP, Datum, X Customer Group y Gestión, refuerza nuestro compromiso de seguir brindándote la mejor experiencia. 🙌",54,1,26,0,29.0K
2025-07-12 23:20:09,BCPComunica,"Feb 17, 2023",Comunicado,429,183,2.0K,25,225.0K
2025-07-12 23:20:09,BCPComunica,"Oct 31, 2022","Mañana, martes 1ero de noviembre, por ser feriado 🗓️, todas nuestras agencias a nivel nacional 🏬 no atenderán 📣. No olvides que puedes realizar tus consultas y operaciones, usando nuestros canales digitales 📞💻📱.",140,18,102,3,0
2025-07-12 23:20:09,BCPComunica,"Oct 7, 2022","Mañana, sábado 8 de octubre, por ser declarado feriado 🗓️, todas nuestras agencias a nivel nacional 🏬 no atenderán 📣. No olvides que puedes realizar tus consultas y operaciones, usando nuestros canales digitales 📞💻📱.",82,21,92,2,0
2025-07-13 01:53:00,BCPComunica,Feb 7,"¿Aún no conoces todos los canales oficiales del BCP? 🫣 ¡Anótalos para tener una experiencia segura siempre! 🤝 Comparte esta importante info con tus amigos y familiares. 🤳💙🧡

#CanalesOficialesBCP #BCP",97,0,5,0,21.0K
2025-07-13 01:53:00,BCPComunica,Oct 31,A nuestros clientes 📣,299,303,3.0K,89,234.0K
2025-07-13 01:53:00,BCPComunica,Jul 30,Comunicado: 🙌,315,90,507,18,122.0K
2025-07-13 01:53:00,BCPComunica,Jul 30,"Ante lo comunicado previamente, estamos tomando la siguiente medida: 👇",132,72,355,12,91.0K
2025-07-13 01:53:00,BCPComunica,Jul 30,A nuestra comunidad 📢,609,318,2.0K,98,305.0K
2025-07-13 01:53:00,BCPComunica,"May 17, 2024",Con mucho orgullo compartimos los 4 premios obtenidos esta noche en los #ANDA2024.🤩🎉 ¡Felicitaciones a todos los equipos involucrados en este logro! 👏,117,1,23,2,52.0K
2025-07-13 01:53:00,BCPComunica,"Sep 28, 2023",Continuamos transformando nuestras agencias a nivel nacional para mejorar junto a nuestros clientes. Visítanos para disfrutar de las novedades y una gran experiencia. 👀🙌,167,1,29,0,71.0K
2025-07-13 01:53:00,BCPComunica,"Sep 19, 2023",Aviso importante a nuestra comunidad. 👇 Nuestro plan es siempre mejorar para ayudarte a cumplir los tuyos. 🤝,110,23,133,2,70.0K
2025-07-13 01:53:00,BCPComunica,"Aug 25, 2023",Queremos agradecer a nuestros colaboradores porque gracias a su esfuerzo es que hoy hemos sido reconocidos una vez más y de forma consecutiva por los premios EMA. 👏🏆 Esta es la 12ava oportunidad y queremos reforzar nuestro compromiso mejorando cada día nuestros servicios. 💯🚀,43,2,45,0,32.0K
2025-07-13 01:53:00,BCPComunica,"Jul 7, 2023","Nos enorgullece haber sido reconocidos en el sector financiero por nuestra excelencia en atención y satisfacción. Este prestigioso premio respaldado por Centrum PUCP, Datum, X Customer Group y Gestión, refuerza nuestro compromiso de seguir brindándote la mejor experiencia. 🙌",54,1,26,0,29.0K
2025-07-13 01:53:00,BCPComunica,"Feb 17, 2023",Comunicado,429,183,2.0K,25,225.0K
2025-07-13 01:53:00,BCPComunica,"Oct 31, 2022","Mañana, martes 1ero de noviembre, por ser feriado 🗓️, todas nuestras agencias a nivel nacional 🏬 no atenderán 📣. No olvides que puedes realizar tus consultas y operaciones, usando nuestros canales digitales 📞💻📱.",140,18,102,3,0
2025-07-13 01:53:00,BCPComunica,"Oct 7, 2022","Mañana, sábado 8 de octubre, por ser declarado feriado 🗓️, todas nuestras agencias a nivel nacional 🏬 no atenderán 📣. No olvides que puedes realizar tus consultas y operaciones, usando nuestros canales digitales 📞💻📱.",82,21,92,2,0
2025-07-13 03:41:00,BCPComunica,Feb 7,"¿Aún no conoces todos los canales oficiales del BCP? 🫣 ¡Anótalos para tener una experiencia segura siempre! 🤝 Comparte esta importante info con tus amigos y familiares. 🤳💙🧡

#CanalesOficialesBCP #BCP",97,0,5,0,21.0K
2025-07-13 03:41:00,BCPComunica,Oct 31,A nuestros clientes 📣,299,303,3.0K,89,234.0K
2025-07-13 03:41:00,BCPComunica,Jul 30,Comunicado: 🙌,315,90,507,18,122.0K
2025-07-13 03:41:00,BCPComunica,Jul 30,"Ante lo comunicado previamente, estamos tomando la siguiente medida: 👇",132,72,355,12,91.0K
2025-07-13 03:41:00,BCPComunica,Jul 30,A nuestra comunidad 📢,609,318,2.0K,98,305.0K
2025-07-13 03:41:00,BCPComunica,"May 17, 2024",Con mucho orgullo compartimos los 4 premios obtenidos esta noche en los #ANDA2024.🤩🎉 ¡Felicitaciones a todos los equipos involucrados en este logro! 👏,117,1,23,2,52.0K
2025-07-13 03:41:00,BCPComunica,"Sep 28, 2023",Continuamos transformando nuestras agencias a nivel nacional para mejorar junto a nuestros clientes. Visítanos para disfrutar de las novedades y una gran experiencia. 👀🙌,167,1,29,0,71.0K
2025-07-13 03:41:00,BCPComunica,"Sep 19, 2023",Aviso importante a nuestra comunidad. 👇 Nuestro plan es siempre mejorar para ayudarte a cumplir los tuyos. 🤝,110,23,133,2,70.0K
2025-07-13 03:41:00,BCPComunica,"Aug 25, 2023",Queremos agradecer a nuestros colaboradores porque gracias a su esfuerzo es que hoy hemos sido reconocidos una vez más y de forma consecutiva por los premios EMA. 👏🏆 Esta es la 12ava oportunidad y queremos reforzar nuestro compromiso mejorando cada día nuestros servicios. 💯🚀,43,2,45,0,32.0K
2025-07-13 03:41:00,BCPComunica,"Jul 7, 2023","Nos enorgullece haber sido reconocidos en el sector financiero por nuestra excelencia en atención y satisfacción. Este prestigioso premio respaldado por Centrum PUCP, Datum, X Customer Group y Gestión, refuerza nuestro compromiso de seguir brindándote la mejor experiencia. 🙌",54,1,26,0,29.0K
2025-07-13 03:41:00,BCPComunica,"Feb 17, 2023",Comunicado,429,183,2.0K,25,225.0K
2025-07-13 03:41:00,BCPComunica,"Oct 31, 2022","Mañana, martes 1ero de noviembre, por ser feriado 🗓️, todas nuestras agencias a nivel nacional 🏬 no atenderán 📣. No olvides que puedes realizar tus consultas y operaciones, usando nuestros canales digitales 📞💻📱.",140,18,102,3,0
2025-07-13 03:41:00,BCPComunica,"Oct 7, 2022","Mañana, sábado 8 de octubre, por ser declarado feriado 🗓️, todas nuestras agencias a nivel nacional 🏬 no atenderán 📣. No olvides que puedes realizar tus consultas y operaciones, usando nuestros canales digitales 📞💻📱.",82,21,92,2,0
2025-07-13 04:37:21,BCPComunica,Feb 7,"¿Aún no conoces todos los canales oficiales del BCP? 🫣 ¡Anótalos para tener una experiencia segura siempre! 🤝 Comparte esta importante info con tus amigos y familiares. 🤳💙🧡

#CanalesOficialesBCP #BCP",97,0,5,0,21.0K
2025-07-13 04:37:21,BCPComunica,Oct 31,A nuestros clientes 📣,299,303,3.0K,89,234.0K
2025-07-13 04:37:21,BCPComunica,Jul 30,Comunicado: 🙌,315,90,507,18,122.0K
2025-07-13 04:37:21,BCPComunica,Jul 30,"Ante lo comunicado previamente, estamos tomando la siguiente medida: 👇",132,72,355,12,91.0K
2025-07-13 04:37:21,BCPComunica,Jul 30,A nuestra comunidad 📢,609,318,2.0K,98,305.0K
2025-07-13 04:37:21,BCPComunica,"May 17, 2024",Con mucho orgullo compartimos los 4 premios obtenidos esta noche en los #ANDA2024.🤩🎉 ¡Felicitaciones a todos los equipos involucrados en este logro! 👏,117,1,23,2,52.0K
2025-07-13 04:37:21,BCPComunica,"Sep 28, 2023",Continuamos transformando nuestras agencias a nivel nacional para mejorar junto a nuestros clientes. Visítanos para disfrutar de las novedades y una gran experiencia. 👀🙌,167,1,29,0,71.0K
2025-07-13 04:37:21,BCPComunica,"Sep 19, 2023",Aviso importante a nuestra comunidad. 👇 Nuestro plan es siempre mejorar para ayudarte a cumplir los tuyos. 🤝,110,23,133,2,70.0K
2025-07-13 04:37:21,BCPComunica,"Aug 25, 2023",Queremos agradecer a nuestros colaboradores porque gracias a su esfuerzo es que hoy hemos sido reconocidos una vez más y de forma consecutiva por los premios EMA. 👏🏆 Esta es la 12ava oportunidad y queremos reforzar nuestro compromiso mejorando cada día nuestros servicios. 💯🚀,43,2,45,0,32.0K
2025-07-13 04:37:21,BCPComunica,"Jul 7, 2023","Nos enorgullece haber sido reconocidos en el sector financiero por nuestra excelencia en atención y satisfacción. Este prestigioso premio respaldado por Centrum PUCP, Datum, X Customer Group y Gestión, refuerza nuestro compromiso de seguir brindándote la mejor experiencia. 🙌",54,1,26,0,29.0K
2025-07-13 04:37:21,BCPComunica,"Feb 17, 2023",Comunicado,429,183,2.0K,25,225.0K
2025-07-13 04:37:21,BCPComunica,"Oct 31, 2022","Mañana, martes 1ero de noviembre, por ser feriado 🗓️, todas nuestras agencias a nivel nacional 🏬 no atenderán 📣. No olvides que puedes realizar tus consultas y operaciones, usando nuestros canales digitales 📞💻📱.",140,18,102,3,0
2025-07-13 04:37:21,BCPComunica,"Oct 7, 2022","Mañana, sábado 8 de octubre, por ser declarado feriado 🗓️, todas nuestras agencias a nivel nacional 🏬 no atenderán 📣. No olvides que puedes realizar tus consultas y operaciones, usando nuestros canales digitales 📞💻📱.",82,21,92,2,0
2025-07-13 05:21:44,BCPComunica,Feb 7,"¿Aún no conoces todos los canales oficiales del BCP? 🫣 ¡Anótalos para tener una experiencia segura siempre! 🤝 Comparte esta importante info con tus amigos y familiares. 🤳💙🧡

#CanalesOficialesBCP #BCP",97,0,5,0,21.0K
2025-07-13 05:21:44,BCPComunica,Oct 31,A nuestros clientes 📣,299,303,3.0K,89,234.0K
2025-07-13 05:21:44,BCPComunica,Jul 30,Comunicado: 🙌,315,90,507,18,122.0K
2025-07-13 05:21:44,BCPComunica,Jul 30,"Ante lo comunicado previamente, estamos tomando la siguiente medida: 👇",132,72,355,12,91.0K
2025-07-13 05:21:44,BCPComunica,Jul 30,A nuestra comunidad 📢,609,318,2.0K,98,305.0K
2025-07-13 05:21:44,BCPComunica,"May 17, 2024",Con mucho orgullo compartimos los 4 premios obtenidos esta noche en los #ANDA2024.🤩🎉 ¡Felicitaciones a todos los equipos involucrados en este logro! 👏,117,1,23,2,52.0K
2025-07-13 05:21:44,BCPComunica,"Sep 28, 2023",Continuamos transformando nuestras agencias a nivel nacional para mejorar junto a nuestros clientes. Visítanos para disfrutar de las novedades y una gran experiencia. 👀🙌,167,1,29,0,71.0K
2025-07-13 05:21:44,BCPComunica,"Sep 19, 2023",Aviso importante a nuestra comunidad. 👇 Nuestro plan es siempre mejorar para ayudarte a cumplir los tuyos. 🤝,110,23,133,2,70.0K
2025-07-13 05:21:44,BCPComunica,"Aug 25, 2023",Queremos agradecer a nuestros colaboradores porque gracias a su esfuerzo es que hoy hemos sido reconocidos una vez más y de forma consecutiva por los premios EMA. 👏🏆 Esta es la 12ava oportunidad y queremos reforzar nuestro compromiso mejorando cada día nuestros servicios. 💯🚀,43,2,45,0,32.0K
2025-07-13 05:21:44,BCPComunica,"Jul 7, 2023","Nos enorgullece haber sido reconocidos en el sector financiero por nuestra excelencia en atención y satisfacción. Este prestigioso premio respaldado por Centrum PUCP, Datum, X Customer Group y Gestión, refuerza nuestro compromiso de seguir brindándote la mejor experiencia. 🙌",54,1,26,0,29.0K
2025-07-13 05:21:44,BCPComunica,"Feb 17, 2023",Comunicado,429,183,2.0K,25,225.0K
2025-07-13 05:21:44,BCPComunica,"Oct 31, 2022","Mañana, martes 1ero de noviembre, por ser feriado 🗓️, todas nuestras agencias a nivel nacional 🏬 no atenderán 📣. No olvides que puedes realizar tus consultas y operaciones, usando nuestros canales digitales 📞💻📱.",140,18,102,3,0
2025-07-13 05:21:44,BCPComunica,"Oct 7, 2022","Mañana, sábado 8 de octubre, por ser declarado feriado 🗓️, todas nuestras agencias a nivel nacional 🏬 no atenderán 📣. No olvides que puedes realizar tus consultas y operaciones, usando nuestros canales digitales 📞💻📱.",82,21,92,2,0
2025-07-13 06:29:26,BCPComunica,Feb 7,"¿Aún no conoces todos los canales oficiales del BCP? 🫣 ¡Anótalos para tener una experiencia segura siempre! 🤝 Comparte esta importante info con tus amigos y familiares. 🤳💙🧡

#CanalesOficialesBCP #BCP",97,0,5,0,21.0K
2025-07-13 06:29:26,BCPComunica,Oct 31,A nuestros clientes 📣,299,303,3.0K,89,234.0K
2025-07-13 06:29:26,BCPComunica,Jul 30,Comunicado: 🙌,315,90,507,18,122.0K
2025-07-13 06:29:26,BCPComunica,Jul 30,"Ante lo comunicado previamente, estamos tomando la siguiente medida: 👇",132,72,355,12,91.0K
2025-07-13 06:29:26,BCPComunica,Jul 30,A nuestra comunidad 📢,609,318,2.0K,98,305.0K
2025-07-13 06:29:26,BCPComunica,"May 17, 2024",Con mucho orgullo compartimos los 4 premios obtenidos esta noche en los #ANDA2024.🤩🎉 ¡Felicitaciones a todos los equipos involucrados en este logro! 👏,117,1,23,2,52.0K
2025-07-13 06:29:26,BCPComunica,"Sep 28, 2023",Continuamos transformando nuestras agencias a nivel nacional para mejorar junto a nuestros clientes. Visítanos para disfrutar de las novedades y una gran experiencia. 👀🙌,167,1,29,0,71.0K
2025-07-13 06:29:26,BCPComunica,"Sep 19, 2023",Aviso importante a nuestra comunidad. 👇 Nuestro plan es siempre mejorar para ayudarte a cumplir los tuyos. 🤝,110,23,133,2,70.0K
2025-07-13 06:29:26,BCPComunica,"Aug 25, 2023",Queremos agradecer a nuestros colaboradores porque gracias a su esfuerzo es que hoy hemos sido reconocidos una vez más y de forma consecutiva por los premios EMA. 👏🏆 Esta es la 12ava oportunidad y queremos reforzar nuestro compromiso mejorando cada día nuestros servicios. 💯🚀,43,2,45,0,32.0K
2025-07-13 06:29:26,BCPComunica,"Jul 7, 2023","Nos enorgullece haber sido reconocidos en el sector financiero por nuestra excelencia en atención y satisfacción. Este prestigioso premio respaldado por Centrum PUCP, Datum, X Customer Group y Gestión, refuerza nuestro compromiso de seguir brindándote la mejor experiencia. 🙌",54,1,26,0,29.0K
2025-07-13 06:29:26,BCPComunica,"Feb 17, 2023",Comunicado,429,183,2.0K,25,225.0K
2025-07-13 06:29:26,BCPComunica,"Oct 31, 2022","Mañana, martes 1ero de noviembre, por ser feriado 🗓️, todas nuestras agencias a nivel nacional 🏬 no atenderán 📣. No olvides que puedes realizar tus consultas y operaciones, usando nuestros canales digitales 📞💻📱.",140,18,102,3,0
2025-07-13 06:29:26,BCPComunica,"Oct 7, 2022","Mañana, sábado 8 de octubre, por ser declarado feriado 🗓️, todas nuestras agencias a nivel nacional 🏬 no atenderán 📣. No olvides que puedes realizar tus consultas y operaciones, usando nuestros canales digitales 📞💻📱.",82,21,92,2,0
2025-07-13 07:20:33,BCPComunica,Feb 7,"¿Aún no conoces todos los canales oficiales del BCP? 🫣 ¡Anótalos para tener una experiencia segura siempre! 🤝 Comparte esta importante info con tus amigos y familiares. 🤳💙🧡

#CanalesOficialesBCP #BCP",97,0,5,0,21.0K
2025-07-13 07:20:33,BCPComunica,Oct 31,A nuestros clientes 📣,299,303,3.0K,89,234.0K
2025-07-13 07:20:33,BCPComunica,Jul 30,Comunicado: 🙌,315,90,507,18,122.0K
2025-07-13 07:20:33,BCPComunica,Jul 30,"Ante lo comunicado previamente, estamos tomando la siguiente medida: 👇",132,72,355,12,91.0K
2025-07-13 07:20:33,BCPComunica,Jul 30,A nuestra comunidad 📢,609,318,2.0K,98,305.0K
2025-07-13 07:20:33,BCPComunica,"May 17, 2024",Con mucho orgullo compartimos los 4 premios obtenidos esta noche en los #ANDA2024.🤩🎉 ¡Felicitaciones a todos los equipos involucrados en este logro! 👏,117,1,23,2,52.0K
2025-07-13 07:20:33,BCPComunica,"Sep 28, 2023",Continuamos transformando nuestras agencias a nivel nacional para mejorar junto a nuestros clientes. Visítanos para disfrutar de las novedades y una gran experiencia. 👀🙌,167,1,29,0,71.0K
2025-07-13 07:20:33,BCPComunica,"Sep 19, 2023",Aviso importante a nuestra comunidad. 👇 Nuestro plan es siempre mejorar para ayudarte a cumplir los tuyos. 🤝,110,23,133,2,70.0K
2025-07-13 07:20:33,BCPComunica,"Aug 25, 2023",Queremos agradecer a nuestros colaboradores porque gracias a su esfuerzo es que hoy hemos sido reconocidos una vez más y de forma consecutiva por los premios EMA. 👏🏆 Esta es la 12ava oportunidad y queremos reforzar nuestro compromiso mejorando cada día nuestros servicios. 💯🚀,43,2,45,0,32.0K
2025-07-13 07:20:33,BCPComunica,"Jul 7, 2023","Nos enorgullece haber sido reconocidos en el sector financiero por nuestra excelencia en atención y satisfacción. Este prestigioso premio respaldado por Centrum PUCP, Datum, X Customer Group y Gestión, refuerza nuestro compromiso de seguir brindándote la mejor experiencia. 🙌",54,1,26,0,29.0K
2025-07-13 07:20:33,BCPComunica,"Feb 17, 2023",Comunicado,429,183,2.0K,25,225.0K
2025-07-13 07:20:33,BCPComunica,"Oct 31, 2022","Mañana, martes 1ero de noviembre, por ser feriado 🗓️, todas nuestras agencias a nivel nacional 🏬 no atenderán 📣. No olvides que puedes realizar tus consultas y operaciones, usando nuestros canales digitales 📞💻📱.",140,18,102,3,0
2025-07-13 07:20:33,BCPComunica,"Oct 7, 2022","Mañana, sábado 8 de octubre, por ser declarado feriado 🗓️, todas nuestras agencias a nivel nacional 🏬 no atenderán 📣. No olvides que puedes realizar tus consultas y operaciones, usando nuestros canales digitales 📞💻📱.",82,21,92,2,0
2025-07-13 08:24:29,BCPComunica,Feb 7,"¿Aún no conoces todos los canales oficiales del BCP? 🫣 ¡Anótalos para tener una experiencia segura siempre! 🤝 Comparte esta importante info con tus amigos y familiares. 🤳💙🧡

#CanalesOficialesBCP #BCP",97,0,5,0,21.0K
2025-07-13 08:24:29,BCPComunica,Oct 31,A nuestros clientes 📣,299,303,3.0K,89,234.0K
2025-07-13 08:24:29,BCPComunica,Jul 30,Comunicado: 🙌,315,90,507,18,122.0K
2025-07-13 08:24:29,BCPComunica,Jul 30,"Ante lo comunicado previamente, estamos tomando la siguiente medida: 👇",132,72,355,12,91.0K
2025-07-13 08:24:29,BCPComunica,Jul 30,A nuestra comunidad 📢,609,318,2.0K,98,305.0K
2025-07-13 08:24:29,BCPComunica,"May 17, 2024",Con mucho orgullo compartimos los 4 premios obtenidos esta noche en los #ANDA2024.🤩🎉 ¡Felicitaciones a todos los equipos involucrados en este logro! 👏,117,1,23,2,52.0K
2025-07-13 08:24:29,BCPComunica,"Sep 28, 2023",Continuamos transformando nuestras agencias a nivel nacional para mejorar junto a nuestros clientes. Visítanos para disfrutar de las novedades y una gran experiencia. 👀🙌,167,1,29,0,71.0K
2025-07-13 08:24:29,BCPComunica,"Sep 19, 2023",Aviso importante a nuestra comunidad. 👇 Nuestro plan es siempre mejorar para ayudarte a cumplir los tuyos. 🤝,110,23,133,2,70.0K
2025-07-13 08:24:29,BCPComunica,"Aug 25, 2023",Queremos agradecer a nuestros colaboradores porque gracias a su esfuerzo es que hoy hemos sido reconocidos una vez más y de forma consecutiva por los premios EMA. 👏🏆 Esta es la 12ava oportunidad y queremos reforzar nuestro compromiso mejorando cada día nuestros servicios. 💯🚀,43,2,45,0,32.0K
2025-07-13 08:24:29,BCPComunica,"Jul 7, 2023","Nos enorgullece haber sido reconocidos en el sector financiero por nuestra excelencia en atención y satisfacción. Este prestigioso premio respaldado por Centrum PUCP, Datum, X Customer Group y Gestión, refuerza nuestro compromiso de seguir brindándote la mejor experiencia. 🙌",54,1,26,0,29.0K
2025-07-13 08:24:29,BCPComunica,"Feb 17, 2023",Comunicado,429,183,2.0K,25,225.0K
2025-07-13 08:24:29,BCPComunica,"Oct 31, 2022","Mañana, martes 1ero de noviembre, por ser feriado 🗓️, todas nuestras agencias a nivel nacional 🏬 no atenderán 📣. No olvides que puedes realizar tus consultas y operaciones, usando nuestros canales digitales 📞💻📱.",140,18,102,3,0
2025-07-13 08:24:29,BCPComunica,"Oct 7, 2022","Mañana, sábado 8 de octubre, por ser declarado feriado 🗓️, todas nuestras agencias a nivel nacional 🏬 no atenderán 📣. No olvides que puedes realizar tus consultas y operaciones, usando nuestros canales digitales 📞💻📱.",82,21,92,2,0
2025-07-13 09:21:54,BCPComunica,Feb 7,"¿Aún no conoces todos los canales oficiales del BCP? 🫣 ¡Anótalos para tener una experiencia segura siempre! 🤝 Comparte esta importante info con tus amigos y familiares. 🤳💙🧡

#CanalesOficialesBCP #BCP",97,0,5,0,21.0K
2025-07-13 09:21:54,BCPComunica,Oct 31,A nuestros clientes 📣,299,303,3.0K,89,234.0K
2025-07-13 09:21:54,BCPComunica,Jul 30,Comunicado: 🙌,315,90,507,18,122.0K
2025-07-13 09:21:54,BCPComunica,Jul 30,"Ante lo comunicado previamente, estamos tomando la siguiente medida: 👇",132,72,355,12,91.0K
2025-07-13 09:21:54,BCPComunica,Jul 30,A nuestra comunidad 📢,609,318,2.0K,98,305.0K
2025-07-13 09:21:54,BCPComunica,"May 17, 2024",Con mucho orgullo compartimos los 4 premios obtenidos esta noche en los #ANDA2024.🤩🎉 ¡Felicitaciones a todos los equipos involucrados en este logro! 👏,117,1,23,2,52.0K
2025-07-13 09:21:54,BCPComunica,"Sep 28, 2023",Continuamos transformando nuestras agencias a nivel nacional para mejorar junto a nuestros clientes. Visítanos para disfrutar de las novedades y una gran experiencia. 👀🙌,167,1,29,0,71.0K
2025-07-13 09:21:54,BCPComunica,"Sep 19, 2023",Aviso importante a nuestra comunidad. 👇 Nuestro plan es siempre mejorar para ayudarte a cumplir los tuyos. 🤝,110,23,133,2,70.0K
2025-07-13 09:21:54,BCPComunica,"Aug 25, 2023",Queremos agradecer a nuestros colaboradores porque gracias a su esfuerzo es que hoy hemos sido reconocidos una vez más y de forma consecutiva por los premios EMA. 👏🏆 Esta es la 12ava oportunidad y queremos reforzar nuestro compromiso mejorando cada día nuestros servicios. 💯🚀,43,2,45,0,32.0K
2025-07-13 09:21:54,BCPComunica,"Jul 7, 2023","Nos enorgullece haber sido reconocidos en el sector financiero por nuestra excelencia en atención y satisfacción. Este prestigioso premio respaldado por Centrum PUCP, Datum, X Customer Group y Gestión, refuerza nuestro compromiso de seguir brindándote la mejor experiencia. 🙌",54,1,26,0,29.0K
2025-07-13 09:21:54,BCPComunica,"Feb 17, 2023",Comunicado,429,183,2.0K,25,225.0K
2025-07-13 09:21:54,BCPComunica,"Oct 31, 2022","Mañana, martes 1ero de noviembre, por ser feriado 🗓️, todas nuestras agencias a nivel nacional 🏬 no atenderán 📣. No olvides que puedes realizar tus consultas y operaciones, usando nuestros canales digitales 📞💻📱.",140,18,102,3,0
2025-07-13 09:21:54,BCPComunica,"Oct 7, 2022","Mañana, sábado 8 de octubre, por ser declarado feriado 🗓️, todas nuestras agencias a nivel nacional 🏬 no atenderán 📣. No olvides que puedes realizar tus consultas y operaciones, usando nuestros canales digitales 📞💻📱.",82,21,92,2,0
2025-07-13 10:21:52,BCPComunica,Feb 7,"¿Aún no conoces todos los canales oficiales del BCP? 🫣 ¡Anótalos para tener una experiencia segura siempre! 🤝 Comparte esta importante info con tus amigos y familiares. 🤳💙🧡

#CanalesOficialesBCP #BCP",97,0,5,0,21.0K
2025-07-13 10:21:52,BCPComunica,Oct 31,A nuestros clientes 📣,299,303,3.0K,89,234.0K
2025-07-13 10:21:52,BCPComunica,Jul 30,Comunicado: 🙌,315,90,507,18,122.0K
2025-07-13 10:21:52,BCPComunica,Jul 30,"Ante lo comunicado previamente, estamos tomando la siguiente medida: 👇",132,72,355,12,91.0K
2025-07-13 10:21:52,BCPComunica,Jul 30,A nuestra comunidad 📢,609,318,2.0K,98,305.0K
2025-07-13 10:21:52,BCPComunica,"May 17, 2024",Con mucho orgullo compartimos los 4 premios obtenidos esta noche en los #ANDA2024.🤩🎉 ¡Felicitaciones a todos los equipos involucrados en este logro! 👏,117,1,23,2,52.0K
2025-07-13 10:21:52,BCPComunica,"Sep 28, 2023",Continuamos transformando nuestras agencias a nivel nacional para mejorar junto a nuestros clientes. Visítanos para disfrutar de las novedades y una gran experiencia. 👀🙌,167,1,29,0,71.0K
2025-07-13 10:21:52,BCPComunica,"Sep 19, 2023",Aviso importante a nuestra comunidad. 👇 Nuestro plan es siempre mejorar para ayudarte a cumplir los tuyos. 🤝,110,23,133,2,70.0K
2025-07-13 10:21:52,BCPComunica,"Aug 25, 2023",Queremos agradecer a nuestros colaboradores porque gracias a su esfuerzo es que hoy hemos sido reconocidos una vez más y de forma consecutiva por los premios EMA. 👏🏆 Esta es la 12ava oportunidad y queremos reforzar nuestro compromiso mejorando cada día nuestros servicios. 💯🚀,43,2,45,0,32.0K
2025-07-13 10:21:52,BCPComunica,"Jul 7, 2023","Nos enorgullece haber sido reconocidos en el sector financiero por nuestra excelencia en atención y satisfacción. Este prestigioso premio respaldado por Centrum PUCP, Datum, X Customer Group y Gestión, refuerza nuestro compromiso de seguir brindándote la mejor experiencia. 🙌",54,1,26,0,29.0K
2025-07-13 10:21:52,BCPComunica,"Feb 17, 2023",Comunicado,429,183,2.0K,25,225.0K
2025-07-13 10:21:52,BCPComunica,"Oct 31, 2022","Mañana, martes 1ero de noviembre, por ser feriado 🗓️, todas nuestras agencias a nivel nacional 🏬 no atenderán 📣. No olvides que puedes realizar tus consultas y operaciones, usando nuestros canales digitales 📞💻📱.",140,18,102,3,0
2025-07-13 10:21:52,BCPComunica,"Oct 7, 2022","Mañana, sábado 8 de octubre, por ser declarado feriado 🗓️, todas nuestras agencias a nivel nacional 🏬 no atenderán 📣. No olvides que puedes realizar tus consultas y operaciones, usando nuestros canales digitales 📞💻📱.",82,21,92,2,0
2025-07-13 11:16:14,BCPComunica,Feb 7,"¿Aún no conoces todos los canales oficiales del BCP? 🫣 ¡Anótalos para tener una experiencia segura siempre! 🤝 Comparte esta importante info con tus amigos y familiares. 🤳💙🧡

#CanalesOficialesBCP #BCP",97,0,5,0,21.0K
2025-07-13 11:16:14,BCPComunica,Oct 31,A nuestros clientes 📣,299,303,3.0K,89,234.0K
2025-07-13 11:16:14,BCPComunica,Jul 30,Comunicado: 🙌,315,90,507,18,122.0K
2025-07-13 11:16:14,BCPComunica,Jul 30,"Ante lo comunicado previamente, estamos tomando la siguiente medida: 👇",132,72,355,12,91.0K
2025-07-13 11:16:14,BCPComunica,Jul 30,A nuestra comunidad 📢,609,318,2.0K,98,305.0K
2025-07-13 11:16:14,BCPComunica,"May 17, 2024",Con mucho orgullo compartimos los 4 premios obtenidos esta noche en los #ANDA2024.🤩🎉 ¡Felicitaciones a todos los equipos involucrados en este logro! 👏,117,1,23,2,52.0K
2025-07-13 11:16:14,BCPComunica,"Sep 28, 2023",Continuamos transformando nuestras agencias a nivel nacional para mejorar junto a nuestros clientes. Visítanos para disfrutar de las novedades y una gran experiencia. 👀🙌,167,1,29,0,71.0K
2025-07-13 11:16:14,BCPComunica,"Sep 19, 2023",Aviso importante a nuestra comunidad. 👇 Nuestro plan es siempre mejorar para ayudarte a cumplir los tuyos. 🤝,110,23,133,2,70.0K
2025-07-13 11:16:14,BCPComunica,"Aug 25, 2023",Queremos agradecer a nuestros colaboradores porque gracias a su esfuerzo es que hoy hemos sido reconocidos una vez más y de forma consecutiva por los premios EMA. 👏🏆 Esta es la 12ava oportunidad y queremos reforzar nuestro compromiso mejorando cada día nuestros servicios. 💯🚀,43,2,45,0,32.0K
2025-07-13 11:16:14,BCPComunica,"Jul 7, 2023","Nos enorgullece haber sido reconocidos en el sector financiero por nuestra excelencia en atención y satisfacción. Este prestigioso premio respaldado por Centrum PUCP, Datum, X Customer Group y Gestión, refuerza nuestro compromiso de seguir brindándote la mejor experiencia. 🙌",54,1,26,0,29.0K
2025-07-13 11:16:14,BCPComunica,"Feb 17, 2023",Comunicado,429,183,2.0K,25,225.0K
2025-07-13 11:16:14,BCPComunica,"Oct 31, 2022","Mañana, martes 1ero de noviembre, por ser feriado 🗓️, todas nuestras agencias a nivel nacional 🏬 no atenderán 📣. No olvides que puedes realizar tus consultas y operaciones, usando nuestros canales digitales 📞💻📱.",140,18,102,3,0
2025-07-13 11:16:14,BCPComunica,"Oct 7, 2022","Mañana, sábado 8 de octubre, por ser declarado feriado 🗓️, todas nuestras agencias a nivel nacional 🏬 no atenderán 📣. No olvides que puedes realizar tus consultas y operaciones, usando nuestros canales digitales 📞💻📱.",82,21,92,2,0
2025-07-13 12:38:17,BCPComunica,Feb 7,"¿Aún no conoces todos los canales oficiales del BCP? 🫣 ¡Anótalos para tener una experiencia segura siempre! 🤝 Comparte esta importante info con tus amigos y familiares. 🤳💙🧡

#CanalesOficialesBCP #BCP",97,0,5,0,21.0K
2025-07-13 12:38:17,BCPComunica,Oct 31,A nuestros clientes 📣,299,303,3.0K,89,234.0K
2025-07-13 12:38:17,BCPComunica,Jul 30,Comunicado: 🙌,315,90,507,18,122.0K
2025-07-13 12:38:17,BCPComunica,Jul 30,"Ante lo comunicado previamente, estamos tomando la siguiente medida: 👇",132,72,355,12,91.0K
2025-07-13 12:38:17,BCPComunica,Jul 30,A nuestra comunidad 📢,609,318,2.0K,98,305.0K
2025-07-13 12:38:17,BCPComunica,"May 17, 2024",Con mucho orgullo compartimos los 4 premios obtenidos esta noche en los #ANDA2024.🤩🎉 ¡Felicitaciones a todos los equipos involucrados en este logro! 👏,117,1,23,2,52.0K
2025-07-13 12:38:17,BCPComunica,"Sep 28, 2023",Continuamos transformando nuestras agencias a nivel nacional para mejorar junto a nuestros clientes. Visítanos para disfrutar de las novedades y una gran experiencia. 👀🙌,167,1,29,0,71.0K
2025-07-13 12:38:17,BCPComunica,"Sep 19, 2023",Aviso importante a nuestra comunidad. 👇 Nuestro plan es siempre mejorar para ayudarte a cumplir los tuyos. 🤝,110,23,133,2,70.0K
2025-07-13 12:38:17,BCPComunica,"Aug 25, 2023",Queremos agradecer a nuestros colaboradores porque gracias a su esfuerzo es que hoy hemos sido reconocidos una vez más y de forma consecutiva por los premios EMA. 👏🏆 Esta es la 12ava oportunidad y queremos reforzar nuestro compromiso mejorando cada día nuestros servicios. 💯🚀,43,2,45,0,32.0K
2025-07-13 12:38:17,BCPComunica,"Jul 7, 2023","Nos enorgullece haber sido reconocidos en el sector financiero por nuestra excelencia en atención y satisfacción. Este prestigioso premio respaldado por Centrum PUCP, Datum, X Customer Group y Gestión, refuerza nuestro compromiso de seguir brindándote la mejor experiencia. 🙌",54,1,26,0,29.0K
2025-07-13 12:38:17,BCPComunica,"Feb 17, 2023",Comunicado,429,183,2.0K,25,225.0K
2025-07-13 12:38:17,BCPComunica,"Oct 31, 2022","Mañana, martes 1ero de noviembre, por ser feriado 🗓️, todas nuestras agencias a nivel nacional 🏬 no atenderán 📣. No olvides que puedes realizar tus consultas y operaciones, usando nuestros canales digitales 📞💻📱.",140,18,102,3,0
2025-07-13 12:38:17,BCPComunica,"Oct 7, 2022","Mañana, sábado 8 de octubre, por ser declarado feriado 🗓️, todas nuestras agencias a nivel nacional 🏬 no atenderán 📣. No olvides que puedes realizar tus consultas y operaciones, usando nuestros canales digitales 📞💻📱.",82,21,92,2,0
2025-07-13 13:29:32,BCPComunica,Feb 7,"¿Aún no conoces todos los canales oficiales del BCP? 🫣 ¡Anótalos para tener una experiencia segura siempre! 🤝 Comparte esta importante info con tus amigos y familiares. 🤳💙🧡

#CanalesOficialesBCP #BCP",97,0,5,0,21.0K
2025-07-13 13:29:32,BCPComunica,Oct 31,A nuestros clientes 📣,299,303,3.0K,89,234.0K
2025-07-13 13:29:32,BCPComunica,Jul 30,Comunicado: 🙌,315,90,507,18,122.0K
2025-07-13 13:29:32,BCPComunica,Jul 30,"Ante lo comunicado previamente, estamos tomando la siguiente medida: 👇",132,72,355,12,91.0K
2025-07-13 13:29:32,BCPComunica,Jul 30,A nuestra comunidad 📢,609,318,2.0K,98,305.0K
2025-07-13 13:29:32,BCPComunica,"May 17, 2024",Con mucho orgullo compartimos los 4 premios obtenidos esta noche en los #ANDA2024.🤩🎉 ¡Felicitaciones a todos los equipos involucrados en este logro! 👏,117,1,23,2,52.0K
2025-07-13 13:29:32,BCPComunica,"Sep 28, 2023",Continuamos transformando nuestras agencias a nivel nacional para mejorar junto a nuestros clientes. Visítanos para disfrutar de las novedades y una gran experiencia. 👀🙌,167,1,29,0,71.0K
2025-07-13 13:29:32,BCPComunica,"Sep 19, 2023",Aviso importante a nuestra comunidad. 👇 Nuestro plan es siempre mejorar para ayudarte a cumplir los tuyos. 🤝,110,23,133,2,70.0K
2025-07-13 13:29:32,BCPComunica,"Aug 25, 2023",Queremos agradecer a nuestros colaboradores porque gracias a su esfuerzo es que hoy hemos sido reconocidos una vez más y de forma consecutiva por los premios EMA. 👏🏆 Esta es la 12ava oportunidad y queremos reforzar nuestro compromiso mejorando cada día nuestros servicios. 💯🚀,43,2,45,0,32.0K
2025-07-13 13:29:32,BCPComunica,"Jul 7, 2023","Nos enorgullece haber sido reconocidos en el sector financiero por nuestra excelencia en atención y satisfacción. Este prestigioso premio respaldado por Centrum PUCP, Datum, X Customer Group y Gestión, refuerza nuestro compromiso de seguir brindándote la mejor experiencia. 🙌",54,1,26,0,29.0K
2025-07-13 13:29:32,BCPComunica,"Feb 17, 2023",Comunicado,429,183,2.0K,25,225.0K
2025-07-13 13:29:32,BCPComunica,"Oct 31, 2022","Mañana, martes 1ero de noviembre, por ser feriado 🗓️, todas nuestras agencias a nivel nacional 🏬 no atenderán 📣. No olvides que puedes realizar tus consultas y operaciones, usando nuestros canales digitales 📞💻📱.",140,18,102,3,0
2025-07-13 13:29:32,BCPComunica,"Oct 7, 2022","Mañana, sábado 8 de octubre, por ser declarado feriado 🗓️, todas nuestras agencias a nivel nacional 🏬 no atenderán 📣. No olvides que puedes realizar tus consultas y operaciones, usando nuestros canales digitales 📞💻📱.",82,21,92,2,0
2025-07-13 14:17:51,BCPComunica,Feb 7,"¿Aún no conoces todos los canales oficiales del BCP? 🫣 ¡Anótalos para tener una experiencia segura siempre! 🤝 Comparte esta importante info con tus amigos y familiares. 🤳💙🧡

#CanalesOficialesBCP #BCP",97,0,5,0,21.0K
2025-07-13 14:17:51,BCPComunica,Oct 31,A nuestros clientes 📣,299,303,3.0K,89,234.0K
2025-07-13 14:17:51,BCPComunica,Jul 30,Comunicado: 🙌,315,90,507,18,122.0K
2025-07-13 14:17:51,BCPComunica,Jul 30,"Ante lo comunicado previamente, estamos tomando la siguiente medida: 👇",132,72,355,12,91.0K
2025-07-13 14:17:51,BCPComunica,Jul 30,A nuestra comunidad 📢,609,318,2.0K,98,305.0K
2025-07-13 14:17:51,BCPComunica,"May 17, 2024",Con mucho orgullo compartimos los 4 premios obtenidos esta noche en los #ANDA2024.🤩🎉 ¡Felicitaciones a todos los equipos involucrados en este logro! 👏,117,1,23,2,52.0K
2025-07-13 14:17:51,BCPComunica,"Sep 28, 2023",Continuamos transformando nuestras agencias a nivel nacional para mejorar junto a nuestros clientes. Visítanos para disfrutar de las novedades y una gran experiencia. 👀🙌,167,1,29,0,71.0K
2025-07-13 14:17:51,BCPComunica,"Sep 19, 2023",Aviso importante a nuestra comunidad. 👇 Nuestro plan es siempre mejorar para ayudarte a cumplir los tuyos. 🤝,110,23,133,2,70.0K
2025-07-13 14:17:51,BCPComunica,"Aug 25, 2023",Queremos agradecer a nuestros colaboradores porque gracias a su esfuerzo es que hoy hemos sido reconocidos una vez más y de forma consecutiva por los premios EMA. 👏🏆 Esta es la 12ava oportunidad y queremos reforzar nuestro compromiso mejorando cada día nuestros servicios. 💯🚀,43,2,45,0,32.0K
2025-07-13 14:17:51,BCPComunica,"Jul 7, 2023","Nos enorgullece haber sido reconocidos en el sector financiero por nuestra excelencia en atención y satisfacción. Este prestigioso premio respaldado por Centrum PUCP, Datum, X Customer Group y Gestión, refuerza nuestro compromiso de seguir brindándote la mejor experiencia. 🙌",54,1,26,0,29.0K
2025-07-13 14:17:51,BCPComunica,"Feb 17, 2023",Comunicado,429,183,2.0K,25,225.0K
2025-07-13 14:17:51,BCPComunica,"Oct 31, 2022","Mañana, martes 1ero de noviembre, por ser feriado 🗓️, todas nuestras agencias a nivel nacional 🏬 no atenderán 📣. No olvides que puedes realizar tus consultas y operaciones, usando nuestros canales digitales 📞💻📱.",140,18,102,3,0
2025-07-13 14:17:51,BCPComunica,"Oct 7, 2022","Mañana, sábado 8 de octubre, por ser declarado feriado 🗓️, todas nuestras agencias a nivel nacional 🏬 no atenderán 📣. No olvides que puedes realizar tus consultas y operaciones, usando nuestros canales digitales 📞💻📱.",82,21,92,2,0
2025-07-13 15:19:28,BCPComunica,Feb 7,"¿Aún no conoces todos los canales oficiales del BCP? 🫣 ¡Anótalos para tener una experiencia segura siempre! 🤝 Comparte esta importante info con tus amigos y familiares. 🤳💙🧡

#CanalesOficialesBCP #BCP",97,0,5,0,21.0K
2025-07-13 15:19:28,BCPComunica,Oct 31,A nuestros clientes 📣,299,303,3.0K,89,234.0K
2025-07-13 15:19:28,BCPComunica,Jul 30,Comunicado: 🙌,315,90,507,18,122.0K
2025-07-13 15:19:28,BCPComunica,Jul 30,"Ante lo comunicado previamente, estamos tomando la siguiente medida: 👇",132,72,355,12,91.0K
2025-07-13 15:19:28,BCPComunica,Jul 30,A nuestra comunidad 📢,609,318,2.0K,98,305.0K
2025-07-13 15:19:28,BCPComunica,"May 17, 2024",Con mucho orgullo compartimos los 4 premios obtenidos esta noche en los #ANDA2024.🤩🎉 ¡Felicitaciones a todos los equipos involucrados en este logro! 👏,117,1,23,2,52.0K
2025-07-13 15:19:28,BCPComunica,"Sep 28, 2023",Continuamos transformando nuestras agencias a nivel nacional para mejorar junto a nuestros clientes. Visítanos para disfrutar de las novedades y una gran experiencia. 👀🙌,167,1,29,0,71.0K
2025-07-13 15:19:28,BCPComunica,"Sep 19, 2023",Aviso importante a nuestra comunidad. 👇 Nuestro plan es siempre mejorar para ayudarte a cumplir los tuyos. 🤝,110,23,133,2,70.0K
2025-07-13 15:19:28,BCPComunica,"Aug 25, 2023",Queremos agradecer a nuestros colaboradores porque gracias a su esfuerzo es que hoy hemos sido reconocidos una vez más y de forma consecutiva por los premios EMA. 👏🏆 Esta es la 12ava oportunidad y queremos reforzar nuestro compromiso mejorando cada día nuestros servicios. 💯🚀,43,2,45,0,32.0K
2025-07-13 15:19:28,BCPComunica,"Jul 7, 2023","Nos enorgullece haber sido reconocidos en el sector financiero por nuestra excelencia en atención y satisfacción. Este prestigioso premio respaldado por Centrum PUCP, Datum, X Customer Group y Gestión, refuerza nuestro compromiso de seguir brindándote la mejor experiencia. 🙌",54,1,26,0,29.0K
2025-07-13 15:19:28,BCPComunica,"Feb 17, 2023",Comunicado,429,183,2.0K,25,225.0K
2025-07-13 15:19:28,BCPComunica,"Oct 31, 2022","Mañana, martes 1ero de noviembre, por ser feriado 🗓️, todas nuestras agencias a nivel nacional 🏬 no atenderán 📣. No olvides que puedes realizar tus consultas y operaciones, usando nuestros canales digitales 📞💻📱.",140,18,102,3,0
2025-07-13 15:19:28,BCPComunica,"Oct 7, 2022","Mañana, sábado 8 de octubre, por ser declarado feriado 🗓️, todas nuestras agencias a nivel nacional 🏬 no atenderán 📣. No olvides que puedes realizar tus consultas y operaciones, usando nuestros canales digitales 📞💻📱.",82,21,92,2,0
2025-07-13 16:23:42,BCPComunica,Feb 7,"¿Aún no conoces todos los canales oficiales del BCP? 🫣 ¡Anótalos para tener una experiencia segura siempre! 🤝 Comparte esta importante info con tus amigos y familiares. 🤳💙🧡

#CanalesOficialesBCP #BCP",97,0,5,0,21.0K
2025-07-13 16:23:42,BCPComunica,Oct 31,A nuestros clientes 📣,299,303,3.0K,89,234.0K
2025-07-13 16:23:42,BCPComunica,Jul 30,Comunicado: 🙌,315,90,507,18,122.0K
2025-07-13 16:23:42,BCPComunica,Jul 30,"Ante lo comunicado previamente, estamos tomando la siguiente medida: 👇",132,72,355,12,91.0K
2025-07-13 16:23:42,BCPComunica,Jul 30,A nuestra comunidad 📢,609,318,2.0K,98,305.0K
2025-07-13 16:23:42,BCPComunica,"May 17, 2024",Con mucho orgullo compartimos los 4 premios obtenidos esta noche en los #ANDA2024.🤩🎉 ¡Felicitaciones a todos los equipos involucrados en este logro! 👏,117,1,23,2,52.0K
2025-07-13 16:23:42,BCPComunica,"Sep 28, 2023",Continuamos transformando nuestras agencias a nivel nacional para mejorar junto a nuestros clientes. Visítanos para disfrutar de las novedades y una gran experiencia. 👀🙌,167,1,29,0,71.0K
2025-07-13 16:23:42,BCPComunica,"Sep 19, 2023",Aviso importante a nuestra comunidad. 👇 Nuestro plan es siempre mejorar para ayudarte a cumplir los tuyos. 🤝,110,23,133,2,70.0K
2025-07-13 16:23:42,BCPComunica,"Aug 25, 2023",Queremos agradecer a nuestros colaboradores porque gracias a su esfuerzo es que hoy hemos sido reconocidos una vez más y de forma consecutiva por los premios EMA. 👏🏆 Esta es la 12ava oportunidad y queremos reforzar nuestro compromiso mejorando cada día nuestros servicios. 💯🚀,43,2,45,0,32.0K
2025-07-13 16:23:42,BCPComunica,"Jul 7, 2023","Nos enorgullece haber sido reconocidos en el sector financiero por nuestra excelencia en atención y satisfacción. Este prestigioso premio respaldado por Centrum PUCP, Datum, X Customer Group y Gestión, refuerza nuestro compromiso de seguir brindándote la mejor experiencia. 🙌",54,1,26,0,29.0K
2025-07-13 16:23:42,BCPComunica,"Feb 17, 2023",Comunicado,429,183,2.0K,25,225.0K
2025-07-13 16:23:42,BCPComunica,"Oct 31, 2022","Mañana, martes 1ero de noviembre, por ser feriado 🗓️, todas nuestras agencias a nivel nacional 🏬 no atenderán 📣. No olvides que puedes realizar tus consultas y operaciones, usando nuestros canales digitales 📞💻📱.",140,18,102,3,0
2025-07-13 16:23:42,BCPComunica,"Oct 7, 2022","Mañana, sábado 8 de octubre, por ser declarado feriado 🗓️, todas nuestras agencias a nivel nacional 🏬 no atenderán 📣. No olvides que puedes realizar tus consultas y operaciones, usando nuestros canales digitales 📞💻📱.",82,21,92,2,0
2025-07-13 17:17:22,BCPComunica,Feb 7,"¿Aún no conoces todos los canales oficiales del BCP? 🫣 ¡Anótalos para tener una experiencia segura siempre! 🤝 Comparte esta importante info con tus amigos y familiares. 🤳💙🧡

#CanalesOficialesBCP #BCP",97,0,5,0,21.0K
2025-07-13 17:17:22,BCPComunica,Oct 31,A nuestros clientes 📣,299,303,3.0K,89,234.0K
2025-07-13 17:17:22,BCPComunica,Jul 30,Comunicado: 🙌,315,90,507,18,122.0K
2025-07-13 17:17:22,BCPComunica,Jul 30,"Ante lo comunicado previamente, estamos tomando la siguiente medida: 👇",132,72,355,12,91.0K
2025-07-13 17:17:22,BCPComunica,Jul 30,A nuestra comunidad 📢,609,318,2.0K,98,305.0K
2025-07-13 17:17:22,BCPComunica,"May 17, 2024",Con mucho orgullo compartimos los 4 premios obtenidos esta noche en los #ANDA2024.🤩🎉 ¡Felicitaciones a todos los equipos involucrados en este logro! 👏,117,1,23,2,52.0K
2025-07-13 17:17:22,BCPComunica,"Sep 28, 2023",Continuamos transformando nuestras agencias a nivel nacional para mejorar junto a nuestros clientes. Visítanos para disfrutar de las novedades y una gran experiencia. 👀🙌,167,1,29,0,71.0K
2025-07-13 17:17:22,BCPComunica,"Sep 19, 2023",Aviso importante a nuestra comunidad. 👇 Nuestro plan es siempre mejorar para ayudarte a cumplir los tuyos. 🤝,110,23,133,2,70.0K
2025-07-13 17:17:22,BCPComunica,"Aug 25, 2023",Queremos agradecer a nuestros colaboradores porque gracias a su esfuerzo es que hoy hemos sido reconocidos una vez más y de forma consecutiva por los premios EMA. 👏🏆 Esta es la 12ava oportunidad y queremos reforzar nuestro compromiso mejorando cada día nuestros servicios. 💯🚀,43,2,45,0,32.0K
2025-07-13 17:17:22,BCPComunica,"Jul 7, 2023","Nos enorgullece haber sido reconocidos en el sector financiero por nuestra excelencia en atención y satisfacción. Este prestigioso premio respaldado por Centrum PUCP, Datum, X Customer Group y Gestión, refuerza nuestro compromiso de seguir brindándote la mejor experiencia. 🙌",54,1,26,0,29.0K
2025-07-13 17:17:22,BCPComunica,"Feb 17, 2023",Comunicado,429,183,2.0K,25,225.0K
2025-07-13 17:17:22,BCPComunica,"Oct 31, 2022","Mañana, martes 1ero de noviembre, por ser feriado 🗓️, todas nuestras agencias a nivel nacional 🏬 no atenderán 📣. No olvides que puedes realizar tus consultas y operaciones, usando nuestros canales digitales 📞💻📱.",140,18,102,3,0
2025-07-13 17:17:22,BCPComunica,"Oct 7, 2022","Mañana, sábado 8 de octubre, por ser declarado feriado 🗓️, todas nuestras agencias a nivel nacional 🏬 no atenderán 📣. No olvides que puedes realizar tus consultas y operaciones, usando nuestros canales digitales 📞💻📱.",82,21,92,2,0
2025-07-13 18:27:08,BCPComunica,Feb 7,"¿Aún no conoces todos los canales oficiales del BCP? 🫣 ¡Anótalos para tener una experiencia segura siempre! 🤝 Comparte esta importante info con tus amigos y familiares. 🤳💙🧡

#CanalesOficialesBCP #BCP",97,0,5,0,21.0K
2025-07-13 18:27:08,BCPComunica,Oct 31,A nuestros clientes 📣,299,303,3.0K,89,234.0K
2025-07-13 18:27:08,BCPComunica,Jul 30,Comunicado: 🙌,315,90,507,18,122.0K
2025-07-13 18:27:08,BCPComunica,Jul 30,"Ante lo comunicado previamente, estamos tomando la siguiente medida: 👇",132,72,355,12,91.0K
2025-07-13 18:27:08,BCPComunica,Jul 30,A nuestra comunidad 📢,609,318,2.0K,98,305.0K
2025-07-13 18:27:08,BCPComunica,"May 17, 2024",Con mucho orgullo compartimos los 4 premios obtenidos esta noche en los #ANDA2024.🤩🎉 ¡Felicitaciones a todos los equipos involucrados en este logro! 👏,117,1,23,2,52.0K
2025-07-13 18:27:08,BCPComunica,"Sep 28, 2023",Continuamos transformando nuestras agencias a nivel nacional para mejorar junto a nuestros clientes. Visítanos para disfrutar de las novedades y una gran experiencia. 👀🙌,167,1,29,0,71.0K
2025-07-13 18:27:08,BCPComunica,"Sep 19, 2023",Aviso importante a nuestra comunidad. 👇 Nuestro plan es siempre mejorar para ayudarte a cumplir los tuyos. 🤝,110,23,133,2,70.0K
2025-07-13 18:27:08,BCPComunica,"Aug 25, 2023",Queremos agradecer a nuestros colaboradores porque gracias a su esfuerzo es que hoy hemos sido reconocidos una vez más y de forma consecutiva por los premios EMA. 👏🏆 Esta es la 12ava oportunidad y queremos reforzar nuestro compromiso mejorando cada día nuestros servicios. 💯🚀,43,2,45,0,32.0K
2025-07-13 18:27:08,BCPComunica,"Jul 7, 2023","Nos enorgullece haber sido reconocidos en el sector financiero por nuestra excelencia en atención y satisfacción. Este prestigioso premio respaldado por Centrum PUCP, Datum, X Customer Group y Gestión, refuerza nuestro compromiso de seguir brindándote la mejor experiencia. 🙌",54,1,26,0,29.0K
2025-07-13 18:27:08,BCPComunica,"Feb 17, 2023",Comunicado,429,183,2.0K,25,225.0K
2025-07-13 18:27:08,BCPComunica,"Oct 31, 2022","Mañana, martes 1ero de noviembre, por ser feriado 🗓️, todas nuestras agencias a nivel nacional 🏬 no atenderán 📣. No olvides que puedes realizar tus consultas y operaciones, usando nuestros canales digitales 📞💻📱.",140,18,102,3,0
2025-07-13 18:27:08,BCPComunica,"Oct 7, 2022","Mañana, sábado 8 de octubre, por ser declarado feriado 🗓️, todas nuestras agencias a nivel nacional 🏬 no atenderán 📣. No olvides que puedes realizar tus consultas y operaciones, usando nuestros canales digitales 📞💻📱.",82,21,92,2,0
2025-07-13 19:15:58,BCPComunica,Feb 7,"¿Aún no conoces todos los canales oficiales del BCP? 🫣 ¡Anótalos para tener una experiencia segura siempre! 🤝 Comparte esta importante info con tus amigos y familiares. 🤳💙🧡

#CanalesOficialesBCP #BCP",97,0,5,0,21.0K
2025-07-13 19:15:58,BCPComunica,Oct 31,A nuestros clientes 📣,299,303,3.0K,89,234.0K
2025-07-13 19:15:58,BCPComunica,Jul 30,Comunicado: 🙌,315,90,507,18,122.0K
2025-07-13 19:15:58,BCPComunica,Jul 30,"Ante lo comunicado previamente, estamos tomando la siguiente medida: 👇",132,72,355,12,91.0K
2025-07-13 19:15:58,BCPComunica,Jul 30,A nuestra comunidad 📢,609,318,2.0K,98,305.0K
2025-07-13 19:15:58,BCPComunica,"May 17, 2024",Con mucho orgullo compartimos los 4 premios obtenidos esta noche en los #ANDA2024.🤩🎉 ¡Felicitaciones a todos los equipos involucrados en este logro! 👏,117,1,23,2,52.0K
2025-07-13 19:15:58,BCPComunica,"Sep 28, 2023",Continuamos transformando nuestras agencias a nivel nacional para mejorar junto a nuestros clientes. Visítanos para disfrutar de las novedades y una gran experiencia. 👀🙌,167,1,29,0,71.0K
2025-07-13 19:15:58,BCPComunica,"Sep 19, 2023",Aviso importante a nuestra comunidad. 👇 Nuestro plan es siempre mejorar para ayudarte a cumplir los tuyos. 🤝,110,23,133,2,70.0K
2025-07-13 19:15:58,BCPComunica,"Aug 25, 2023",Queremos agradecer a nuestros colaboradores porque gracias a su esfuerzo es que hoy hemos sido reconocidos una vez más y de forma consecutiva por los premios EMA. 👏🏆 Esta es la 12ava oportunidad y queremos reforzar nuestro compromiso mejorando cada día nuestros servicios. 💯🚀,43,2,45,0,32.0K
2025-07-13 19:15:58,BCPComunica,"Jul 7, 2023","Nos enorgullece haber sido reconocidos en el sector financiero por nuestra excelencia en atención y satisfacción. Este prestigioso premio respaldado por Centrum PUCP, Datum, X Customer Group y Gestión, refuerza nuestro compromiso de seguir brindándote la mejor experiencia. 🙌",54,1,26,0,29.0K
2025-07-13 19:15:58,BCPComunica,"Feb 17, 2023",Comunicado,429,183,2.0K,25,225.0K
2025-07-13 19:15:58,BCPComunica,"Oct 31, 2022","Mañana, martes 1ero de noviembre, por ser feriado 🗓️, todas nuestras agencias a nivel nacional 🏬 no atenderán 📣. No olvides que puedes realizar tus consultas y operaciones, usando nuestros canales digitales 📞💻📱.",140,18,102,3,0
2025-07-13 19:15:58,BCPComunica,"Oct 7, 2022","Mañana, sábado 8 de octubre, por ser declarado feriado 🗓️, todas nuestras agencias a nivel nacional 🏬 no atenderán 📣. No olvides que puedes realizar tus consultas y operaciones, usando nuestros canales digitales 📞💻📱.",82,21,92,2,0
2025-07-13 20:20:54,BCPComunica,Feb 7,"¿Aún no conoces todos los canales oficiales del BCP? 🫣 ¡Anótalos para tener una experiencia segura siempre! 🤝 Comparte esta importante info con tus amigos y familiares. 🤳💙🧡

#CanalesOficialesBCP #BCP",97,0,5,0,21.0K
2025-07-13 20:20:54,BCPComunica,Oct 31,A nuestros clientes 📣,299,304,3.0K,89,234.0K
2025-07-13 20:20:54,BCPComunica,Jul 30,Comunicado: 🙌,315,91,507,18,122.0K
2025-07-13 20:20:54,BCPComunica,Jul 30,"Ante lo comunicado previamente, estamos tomando la siguiente medida: 👇",132,73,355,12,91.0K
2025-07-13 20:20:54,BCPComunica,Jul 30,A nuestra comunidad 📢,609,319,2.0K,98,305.0K
2025-07-13 20:20:54,BCPComunica,"May 17, 2024",Con mucho orgullo compartimos los 4 premios obtenidos esta noche en los #ANDA2024.🤩🎉 ¡Felicitaciones a todos los equipos involucrados en este logro! 👏,117,1,23,2,52.0K
2025-07-13 20:20:54,BCPComunica,"Sep 28, 2023",Continuamos transformando nuestras agencias a nivel nacional para mejorar junto a nuestros clientes. Visítanos para disfrutar de las novedades y una gran experiencia. 👀🙌,167,1,29,0,71.0K
2025-07-13 20:20:54,BCPComunica,"Sep 19, 2023",Aviso importante a nuestra comunidad. 👇 Nuestro plan es siempre mejorar para ayudarte a cumplir los tuyos. 🤝,110,23,133,2,70.0K
2025-07-13 20:20:54,BCPComunica,"Aug 25, 2023",Queremos agradecer a nuestros colaboradores porque gracias a su esfuerzo es que hoy hemos sido reconocidos una vez más y de forma consecutiva por los premios EMA. 👏🏆 Esta es la 12ava oportunidad y queremos reforzar nuestro compromiso mejorando cada día nuestros servicios. 💯🚀,43,2,45,0,32.0K
2025-07-13 20:20:54,BCPComunica,"Jul 7, 2023","Nos enorgullece haber sido reconocidos en el sector financiero por nuestra excelencia en atención y satisfacción. Este prestigioso premio respaldado por Centrum PUCP, Datum, X Customer Group y Gestión, refuerza nuestro compromiso de seguir brindándote la mejor experiencia. 🙌",54,1,26,0,29.0K
2025-07-13 20:20:54,BCPComunica,"Feb 17, 2023",Comunicado,429,183,2.0K,25,225.0K
2025-07-13 20:20:54,BCPComunica,"Oct 31, 2022","Mañana, martes 1ero de noviembre, por ser feriado 🗓️, todas nuestras agencias a nivel nacional 🏬 no atenderán 📣. No olvides que puedes realizar tus consultas y operaciones, usando nuestros canales digitales 📞💻📱.",140,18,102,3,0
2025-07-13 20:20:54,BCPComunica,"Oct 7, 2022","Mañana, sábado 8 de octubre, por ser declarado feriado 🗓️, todas nuestras agencias a nivel nacional 🏬 no atenderán 📣. No olvides que puedes realizar tus consultas y operaciones, usando nuestros canales digitales 📞💻📱.",82,21,92,2,0
2025-07-13 21:18:26,BCPComunica,Feb 7,"¿Aún no conoces todos los canales oficiales del BCP? 🫣 ¡Anótalos para tener una experiencia segura siempre! 🤝 Comparte esta importante info con tus amigos y familiares. 🤳💙🧡

#CanalesOficialesBCP #BCP",97,0,5,0,21.0K
2025-07-13 21:18:26,BCPComunica,Oct 31,A nuestros clientes 📣,299,304,3.0K,89,234.0K
2025-07-13 21:18:26,BCPComunica,Jul 30,Comunicado: 🙌,315,91,507,18,122.0K
2025-07-13 21:18:26,BCPComunica,Jul 30,"Ante lo comunicado previamente, estamos tomando la siguiente medida: 👇",132,73,355,12,91.0K
2025-07-13 21:18:26,BCPComunica,Jul 30,A nuestra comunidad 📢,609,319,2.0K,98,305.0K
2025-07-13 21:18:26,BCPComunica,"May 17, 2024",Con mucho orgullo compartimos los 4 premios obtenidos esta noche en los #ANDA2024.🤩🎉 ¡Felicitaciones a todos los equipos involucrados en este logro! 👏,117,1,23,2,52.0K
2025-07-13 21:18:26,BCPComunica,"Sep 28, 2023",Continuamos transformando nuestras agencias a nivel nacional para mejorar junto a nuestros clientes. Visítanos para disfrutar de las novedades y una gran experiencia. 👀🙌,167,1,29,0,71.0K
2025-07-13 21:18:26,BCPComunica,"Sep 19, 2023",Aviso importante a nuestra comunidad. 👇 Nuestro plan es siempre mejorar para ayudarte a cumplir los tuyos. 🤝,110,23,133,2,70.0K
2025-07-13 21:18:26,BCPComunica,"Aug 25, 2023",Queremos agradecer a nuestros colaboradores porque gracias a su esfuerzo es que hoy hemos sido reconocidos una vez más y de forma consecutiva por los premios EMA. 👏🏆 Esta es la 12ava oportunidad y queremos reforzar nuestro compromiso mejorando cada día nuestros servicios. 💯🚀,43,2,45,0,32.0K
2025-07-13 21:18:26,BCPComunica,"Jul 7, 2023","Nos enorgullece haber sido reconocidos en el sector financiero por nuestra excelencia en atención y satisfacción. Este prestigioso premio respaldado por Centrum PUCP, Datum, X Customer Group y Gestión, refuerza nuestro compromiso de seguir brindándote la mejor experiencia. 🙌",54,1,26,0,29.0K
2025-07-13 21:18:26,BCPComunica,"Feb 17, 2023",Comunicado,429,183,2.0K,25,225.0K
2025-07-13 21:18:26,BCPComunica,"Oct 31, 2022","Mañana, martes 1ero de noviembre, por ser feriado 🗓️, todas nuestras agencias a nivel nacional 🏬 no atenderán 📣. No olvides que puedes realizar tus consultas y operaciones, usando nuestros canales digitales 📞💻📱.",140,18,102,3,0
2025-07-13 21:18:26,BCPComunica,"Oct 7, 2022","Mañana, sábado 8 de octubre, por ser declarado feriado 🗓️, todas nuestras agencias a nivel nacional 🏬 no atenderán 📣. No olvides que puedes realizar tus consultas y operaciones, usando nuestros canales digitales 📞💻📱.",82,21,92,2,0
2025-07-13 22:19:00,BCPComunica,Feb 7,"¿Aún no conoces todos los canales oficiales del BCP? 🫣 ¡Anótalos para tener una experiencia segura siempre! 🤝 Comparte esta importante info con tus amigos y familiares. 🤳💙🧡

#CanalesOficialesBCP #BCP",97,0,5,0,21.0K
2025-07-13 22:19:00,BCPComunica,Oct 31,A nuestros clientes 📣,299,304,3.0K,89,234.0K
2025-07-13 22:19:00,BCPComunica,Jul 30,Comunicado: 🙌,315,91,507,18,122.0K
2025-07-13 22:19:00,BCPComunica,Jul 30,"Ante lo comunicado previamente, estamos tomando la siguiente medida: 👇",132,73,355,12,91.0K
2025-07-13 22:19:00,BCPComunica,Jul 30,A nuestra comunidad 📢,609,319,2.0K,98,305.0K
2025-07-13 22:19:00,BCPComunica,"May 17, 2024",Con mucho orgullo compartimos los 4 premios obtenidos esta noche en los #ANDA2024.🤩🎉 ¡Felicitaciones a todos los equipos involucrados en este logro! 👏,117,1,23,2,52.0K
2025-07-13 22:19:00,BCPComunica,"Sep 28, 2023",Continuamos transformando nuestras agencias a nivel nacional para mejorar junto a nuestros clientes. Visítanos para disfrutar de las novedades y una gran experiencia. 👀🙌,167,1,29,0,71.0K
2025-07-13 22:19:00,BCPComunica,"Sep 19, 2023",Aviso importante a nuestra comunidad. 👇 Nuestro plan es siempre mejorar para ayudarte a cumplir los tuyos. 🤝,110,23,133,2,70.0K
2025-07-13 22:19:00,BCPComunica,"Aug 25, 2023",Queremos agradecer a nuestros colaboradores porque gracias a su esfuerzo es que hoy hemos sido reconocidos una vez más y de forma consecutiva por los premios EMA. 👏🏆 Esta es la 12ava oportunidad y queremos reforzar nuestro compromiso mejorando cada día nuestros servicios. 💯🚀,43,2,45,0,32.0K
2025-07-13 22:19:00,BCPComunica,"Jul 7, 2023","Nos enorgullece haber sido reconocidos en el sector financiero por nuestra excelencia en atención y satisfacción. Este prestigioso premio respaldado por Centrum PUCP, Datum, X Customer Group y Gestión, refuerza nuestro compromiso de seguir brindándote la mejor experiencia. 🙌",54,1,26,0,29.0K
2025-07-13 22:19:00,BCPComunica,"Feb 17, 2023",Comunicado,429,183,2.0K,25,225.0K
2025-07-13 22:19:00,BCPComunica,"Oct 31, 2022","Mañana, martes 1ero de noviembre, por ser feriado 🗓️, todas nuestras agencias a nivel nacional 🏬 no atenderán 📣. No olvides que puedes realizar tus consultas y operaciones, usando nuestros canales digitales 📞💻📱.",140,18,102,3,0
2025-07-13 22:19:00,BCPComunica,"Oct 7, 2022","Mañana, sábado 8 de octubre, por ser declarado feriado 🗓️, todas nuestras agencias a nivel nacional 🏬 no atenderán 📣. No olvides que puedes realizar tus consultas y operaciones, usando nuestros canales digitales 📞💻📱.",82,21,92,2,0
2025-07-13 23:20:43,BCPComunica,Feb 7,"¿Aún no conoces todos los canales oficiales del BCP? 🫣 ¡Anótalos para tener una experiencia segura siempre! 🤝 Comparte esta importante info con tus amigos y familiares. 🤳💙🧡

#CanalesOficialesBCP #BCP",97,0,5,0,21.0K
2025-07-13 23:20:43,BCPComunica,Oct 31,A nuestros clientes 📣,299,304,3.0K,89,234.0K
2025-07-13 23:20:43,BCPComunica,Jul 30,Comunicado: 🙌,315,91,507,18,122.0K
2025-07-13 23:20:43,BCPComunica,Jul 30,"Ante lo comunicado previamente, estamos tomando la siguiente medida: 👇",132,73,355,12,91.0K
2025-07-13 23:20:43,BCPComunica,Jul 30,A nuestra comunidad 📢,609,319,2.0K,98,305.0K
2025-07-13 23:20:43,BCPComunica,"May 17, 2024",Con mucho orgullo compartimos los 4 premios obtenidos esta noche en los #ANDA2024.🤩🎉 ¡Felicitaciones a todos los equipos involucrados en este logro! 👏,117,1,23,2,52.0K
2025-07-13 23:20:43,BCPComunica,"Sep 28, 2023",Continuamos transformando nuestras agencias a nivel nacional para mejorar junto a nuestros clientes. Visítanos para disfrutar de las novedades y una gran experiencia. 👀🙌,167,1,29,0,71.0K
2025-07-13 23:20:43,BCPComunica,"Sep 19, 2023",Aviso importante a nuestra comunidad. 👇 Nuestro plan es siempre mejorar para ayudarte a cumplir los tuyos. 🤝,110,23,133,2,70.0K
2025-07-13 23:20:43,BCPComunica,"Aug 25, 2023",Queremos agradecer a nuestros colaboradores porque gracias a su esfuerzo es que hoy hemos sido reconocidos una vez más y de forma consecutiva por los premios EMA. 👏🏆 Esta es la 12ava oportunidad y queremos reforzar nuestro compromiso mejorando cada día nuestros servicios. 💯🚀,43,2,45,0,32.0K
2025-07-13 23:20:43,BCPComunica,"Jul 7, 2023","Nos enorgullece haber sido reconocidos en el sector financiero por nuestra excelencia en atención y satisfacción. Este prestigioso premio respaldado por Centrum PUCP, Datum, X Customer Group y Gestión, refuerza nuestro compromiso de seguir brindándote la mejor experiencia. 🙌",54,1,26,0,29.0K
2025-07-13 23:20:43,BCPComunica,"Feb 17, 2023",Comunicado,429,183,2.0K,25,225.0K
2025-07-13 23:20:43,BCPComunica,"Oct 31, 2022","Mañana, martes 1ero de noviembre, por ser feriado 🗓️, todas nuestras agencias a nivel nacional 🏬 no atenderán 📣. No olvides que puedes realizar tus consultas y operaciones, usando nuestros canales digitales 📞💻📱.",140,18,102,3,0
2025-07-13 23:20:43,BCPComunica,"Oct 7, 2022","Mañana, sábado 8 de octubre, por ser declarado feriado 🗓️, todas nuestras agencias a nivel nacional 🏬 no atenderán 📣. No olvides que puedes realizar tus consultas y operaciones, usando nuestros canales digitales 📞💻📱.",82,21,92,2,0
2025-07-14 01:49:00,BCPComunica,Feb 7,"¿Aún no conoces todos los canales oficiales del BCP? 🫣 ¡Anótalos para tener una experiencia segura siempre! 🤝 Comparte esta importante info con tus amigos y familiares. 🤳💙🧡

#CanalesOficialesBCP #BCP",97,0,5,0,21.0K
2025-07-14 01:49:00,BCPComunica,Oct 31,A nuestros clientes 📣,299,304,3.0K,89,234.0K
2025-07-14 01:49:00,BCPComunica,Jul 30,Comunicado: 🙌,315,91,507,18,122.0K
2025-07-14 01:49:00,BCPComunica,Jul 30,"Ante lo comunicado previamente, estamos tomando la siguiente medida: 👇",132,73,355,12,91.0K
2025-07-14 01:49:00,BCPComunica,Jul 30,A nuestra comunidad 📢,609,319,2.0K,98,305.0K
2025-07-14 01:49:00,BCPComunica,"May 17, 2024",Con mucho orgullo compartimos los 4 premios obtenidos esta noche en los #ANDA2024.🤩🎉 ¡Felicitaciones a todos los equipos involucrados en este logro! 👏,117,1,23,2,52.0K
2025-07-14 01:49:00,BCPComunica,"Sep 28, 2023",Continuamos transformando nuestras agencias a nivel nacional para mejorar junto a nuestros clientes. Visítanos para disfrutar de las novedades y una gran experiencia. 👀🙌,167,1,29,0,71.0K
2025-07-14 01:49:00,BCPComunica,"Sep 19, 2023",Aviso importante a nuestra comunidad. 👇 Nuestro plan es siempre mejorar para ayudarte a cumplir los tuyos. 🤝,110,23,133,2,70.0K
2025-07-14 01:49:00,BCPComunica,"Aug 25, 2023",Queremos agradecer a nuestros colaboradores porque gracias a su esfuerzo es que hoy hemos sido reconocidos una vez más y de forma consecutiva por los premios EMA. 👏🏆 Esta es la 12ava oportunidad y queremos reforzar nuestro compromiso mejorando cada día nuestros servicios. 💯🚀,43,2,45,0,32.0K
2025-07-14 01:49:00,BCPComunica,"Jul 7, 2023","Nos enorgullece haber sido reconocidos en el sector financiero por nuestra excelencia en atención y satisfacción. Este prestigioso premio respaldado por Centrum PUCP, Datum, X Customer Group y Gestión, refuerza nuestro compromiso de seguir brindándote la mejor experiencia. 🙌",54,1,26,0,29.0K
2025-07-14 01:49:00,BCPComunica,"Feb 17, 2023",Comunicado,429,183,2.0K,25,225.0K
2025-07-14 01:49:00,BCPComunica,"Oct 31, 2022","Mañana, martes 1ero de noviembre, por ser feriado 🗓️, todas nuestras agencias a nivel nacional 🏬 no atenderán 📣. No olvides que puedes realizar tus consultas y operaciones, usando nuestros canales digitales 📞💻📱.",140,18,102,3,0
2025-07-14 01:49:00,BCPComunica,"Oct 7, 2022","Mañana, sábado 8 de octubre, por ser declarado feriado 🗓️, todas nuestras agencias a nivel nacional 🏬 no atenderán 📣. No olvides que puedes realizar tus consultas y operaciones, usando nuestros canales digitales 📞💻📱.",82,21,92,2,0
2025-07-14 03:41:37,BCPComunica,Feb 7,"¿Aún no conoces todos los canales oficiales del BCP? 🫣 ¡Anótalos para tener una experiencia segura siempre! 🤝 Comparte esta importante info con tus amigos y familiares. 🤳💙🧡

#CanalesOficialesBCP #BCP",97,0,5,0,21.0K
2025-07-14 03:41:37,BCPComunica,Oct 31,A nuestros clientes 📣,299,304,3.0K,89,234.0K
2025-07-14 03:41:37,BCPComunica,Jul 30,Comunicado: 🙌,315,91,507,18,122.0K
2025-07-14 03:41:37,BCPComunica,Jul 30,"Ante lo comunicado previamente, estamos tomando la siguiente medida: 👇",132,73,355,12,91.0K
2025-07-14 03:41:37,BCPComunica,Jul 30,A nuestra comunidad 📢,609,319,2.0K,98,305.0K
2025-07-14 03:41:37,BCPComunica,"May 17, 2024",Con mucho orgullo compartimos los 4 premios obtenidos esta noche en los #ANDA2024.🤩🎉 ¡Felicitaciones a todos los equipos involucrados en este logro! 👏,117,1,23,2,52.0K
2025-07-14 03:41:37,BCPComunica,"Sep 28, 2023",Continuamos transformando nuestras agencias a nivel nacional para mejorar junto a nuestros clientes. Visítanos para disfrutar de las novedades y una gran experiencia. 👀🙌,167,1,29,0,71.0K
2025-07-14 03:41:37,BCPComunica,"Sep 19, 2023",Aviso importante a nuestra comunidad. 👇 Nuestro plan es siempre mejorar para ayudarte a cumplir los tuyos. 🤝,110,23,133,2,70.0K
2025-07-14 03:41:37,BCPComunica,"Aug 25, 2023",Queremos agradecer a nuestros colaboradores porque gracias a su esfuerzo es que hoy hemos sido reconocidos una vez más y de forma consecutiva por los premios EMA. 👏🏆 Esta es la 12ava oportunidad y queremos reforzar nuestro compromiso mejorando cada día nuestros servicios. 💯🚀,43,2,45,0,32.0K
2025-07-14 03:41:37,BCPComunica,"Jul 7, 2023","Nos enorgullece haber sido reconocidos en el sector financiero por nuestra excelencia en atención y satisfacción. Este prestigioso premio respaldado por Centrum PUCP, Datum, X Customer Group y Gestión, refuerza nuestro compromiso de seguir brindándote la mejor experiencia. 🙌",54,1,26,0,29.0K
2025-07-14 03:41:37,BCPComunica,"Feb 17, 2023",Comunicado,429,183,2.0K,25,225.0K
2025-07-14 03:41:37,BCPComunica,"Oct 31, 2022","Mañana, martes 1ero de noviembre, por ser feriado 🗓️, todas nuestras agencias a nivel nacional 🏬 no atenderán 📣. No olvides que puedes realizar tus consultas y operaciones, usando nuestros canales digitales 📞💻📱.",140,18,102,3,0
2025-07-14 03:41:37,BCPComunica,"Oct 7, 2022","Mañana, sábado 8 de octubre, por ser declarado feriado 🗓️, todas nuestras agencias a nivel nacional 🏬 no atenderán 📣. No olvides que puedes realizar tus consultas y operaciones, usando nuestros canales digitales 📞💻📱.",82,21,92,2,0
2025-07-14 04:41:49,BCPComunica,Feb 7,"¿Aún no conoces todos los canales oficiales del BCP? 🫣 ¡Anótalos para tener una experiencia segura siempre! 🤝 Comparte esta importante info con tus amigos y familiares. 🤳💙🧡

#CanalesOficialesBCP #BCP",97,0,5,0,21.0K
2025-07-14 04:41:49,BCPComunica,Oct 31,A nuestros clientes 📣,299,304,3.0K,89,234.0K
2025-07-14 04:41:49,BCPComunica,Jul 30,Comunicado: 🙌,315,91,507,18,122.0K
2025-07-14 04:41:49,BCPComunica,Jul 30,"Ante lo comunicado previamente, estamos tomando la siguiente medida: 👇",132,73,355,12,91.0K
2025-07-14 04:41:49,BCPComunica,Jul 30,A nuestra comunidad 📢,609,319,2.0K,98,305.0K
2025-07-14 04:41:49,BCPComunica,"May 17, 2024",Con mucho orgullo compartimos los 4 premios obtenidos esta noche en los #ANDA2024.🤩🎉 ¡Felicitaciones a todos los equipos involucrados en este logro! 👏,117,1,23,2,52.0K
2025-07-14 04:41:49,BCPComunica,"Sep 28, 2023",Continuamos transformando nuestras agencias a nivel nacional para mejorar junto a nuestros clientes. Visítanos para disfrutar de las novedades y una gran experiencia. 👀🙌,167,1,29,0,71.0K
2025-07-14 04:41:49,BCPComunica,"Sep 19, 2023",Aviso importante a nuestra comunidad. 👇 Nuestro plan es siempre mejorar para ayudarte a cumplir los tuyos. 🤝,110,23,133,2,70.0K
2025-07-14 04:41:49,BCPComunica,"Aug 25, 2023",Queremos agradecer a nuestros colaboradores porque gracias a su esfuerzo es que hoy hemos sido reconocidos una vez más y de forma consecutiva por los premios EMA. 👏🏆 Esta es la 12ava oportunidad y queremos reforzar nuestro compromiso mejorando cada día nuestros servicios. 💯🚀,43,2,45,0,32.0K
2025-07-14 04:41:49,BCPComunica,"Jul 7, 2023","Nos enorgullece haber sido reconocidos en el sector financiero por nuestra excelencia en atención y satisfacción. Este prestigioso premio respaldado por Centrum PUCP, Datum, X Customer Group y Gestión, refuerza nuestro compromiso de seguir brindándote la mejor experiencia. 🙌",54,1,26,0,29.0K
2025-07-14 04:41:49,BCPComunica,"Feb 17, 2023",Comunicado,429,183,2.0K,25,225.0K
2025-07-14 04:41:49,BCPComunica,"Oct 31, 2022","Mañana, martes 1ero de noviembre, por ser feriado 🗓️, todas nuestras agencias a nivel nacional 🏬 no atenderán 📣. No olvides que puedes realizar tus consultas y operaciones, usando nuestros canales digitales 📞💻📱.",140,18,102,3,0
2025-07-14 04:41:49,BCPComunica,"Oct 7, 2022","Mañana, sábado 8 de octubre, por ser declarado feriado 🗓️, todas nuestras agencias a nivel nacional 🏬 no atenderán 📣. No olvides que puedes realizar tus consultas y operaciones, usando nuestros canales digitales 📞💻📱.",82,21,92,2,0
2025-07-14 05:25:34,BCPComunica,Feb 7,"¿Aún no conoces todos los canales oficiales del BCP? 🫣 ¡Anótalos para tener una experiencia segura siempre! 🤝 Comparte esta importante info con tus amigos y familiares. 🤳💙🧡

#CanalesOficialesBCP #BCP",97,0,5,0,21.0K
2025-07-14 05:25:34,BCPComunica,Oct 31,A nuestros clientes 📣,299,304,3.0K,89,234.0K
2025-07-14 05:25:34,BCPComunica,Jul 30,Comunicado: 🙌,315,91,507,18,122.0K
2025-07-14 05:25:34,BCPComunica,Jul 30,"Ante lo comunicado previamente, estamos tomando la siguiente medida: 👇",132,73,355,12,91.0K
2025-07-14 05:25:34,BCPComunica,Jul 30,A nuestra comunidad 📢,609,319,2.0K,98,305.0K
2025-07-14 05:25:34,BCPComunica,"May 17, 2024",Con mucho orgullo compartimos los 4 premios obtenidos esta noche en los #ANDA2024.🤩🎉 ¡Felicitaciones a todos los equipos involucrados en este logro! 👏,117,1,23,2,52.0K
2025-07-14 05:25:34,BCPComunica,"Sep 28, 2023",Continuamos transformando nuestras agencias a nivel nacional para mejorar junto a nuestros clientes. Visítanos para disfrutar de las novedades y una gran experiencia. 👀🙌,167,1,29,0,71.0K
2025-07-14 05:25:34,BCPComunica,"Sep 19, 2023",Aviso importante a nuestra comunidad. 👇 Nuestro plan es siempre mejorar para ayudarte a cumplir los tuyos. 🤝,110,23,133,2,70.0K
2025-07-14 05:25:34,BCPComunica,"Aug 25, 2023",Queremos agradecer a nuestros colaboradores porque gracias a su esfuerzo es que hoy hemos sido reconocidos una vez más y de forma consecutiva por los premios EMA. 👏🏆 Esta es la 12ava oportunidad y queremos reforzar nuestro compromiso mejorando cada día nuestros servicios. 💯🚀,43,2,45,0,32.0K
2025-07-14 05:25:34,BCPComunica,"Jul 7, 2023","Nos enorgullece haber sido reconocidos en el sector financiero por nuestra excelencia en atención y satisfacción. Este prestigioso premio respaldado por Centrum PUCP, Datum, X Customer Group y Gestión, refuerza nuestro compromiso de seguir brindándote la mejor experiencia. 🙌",54,1,26,0,29.0K
2025-07-14 05:25:34,BCPComunica,"Feb 17, 2023",Comunicado,429,183,2.0K,25,225.0K
2025-07-14 05:25:34,BCPComunica,"Oct 31, 2022","Mañana, martes 1ero de noviembre, por ser feriado 🗓️, todas nuestras agencias a nivel nacional 🏬 no atenderán 📣. No olvides que puedes realizar tus consultas y operaciones, usando nuestros canales digitales 📞💻📱.",140,18,102,3,0
2025-07-14 05:25:34,BCPComunica,"Oct 7, 2022","Mañana, sábado 8 de octubre, por ser declarado feriado 🗓️, todas nuestras agencias a nivel nacional 🏬 no atenderán 📣. No olvides que puedes realizar tus consultas y operaciones, usando nuestros canales digitales 📞💻📱.",82,21,92,2,0
2025-07-14 06:33:09,BCPComunica,Feb 7,"¿Aún no conoces todos los canales oficiales del BCP? 🫣 ¡Anótalos para tener una experiencia segura siempre! 🤝 Comparte esta importante info con tus amigos y familiares. 🤳💙🧡

#CanalesOficialesBCP #BCP",97,0,5,0,21.0K
2025-07-14 06:33:09,BCPComunica,Oct 31,A nuestros clientes 📣,299,304,3.0K,89,234.0K
2025-07-14 06:33:09,BCPComunica,Jul 30,Comunicado: 🙌,315,91,508,18,122.0K
2025-07-14 06:33:09,BCPComunica,Jul 30,"Ante lo comunicado previamente, estamos tomando la siguiente medida: 👇",132,73,355,12,91.0K
2025-07-14 06:33:09,BCPComunica,Jul 30,A nuestra comunidad 📢,609,319,2.0K,98,305.0K
2025-07-14 06:33:09,BCPComunica,"May 17, 2024",Con mucho orgullo compartimos los 4 premios obtenidos esta noche en los #ANDA2024.🤩🎉 ¡Felicitaciones a todos los equipos involucrados en este logro! 👏,117,1,23,2,52.0K
2025-07-14 06:33:09,BCPComunica,"Sep 28, 2023",Continuamos transformando nuestras agencias a nivel nacional para mejorar junto a nuestros clientes. Visítanos para disfrutar de las novedades y una gran experiencia. 👀🙌,167,1,29,0,71.0K
2025-07-14 06:33:09,BCPComunica,"Sep 19, 2023",Aviso importante a nuestra comunidad. 👇 Nuestro plan es siempre mejorar para ayudarte a cumplir los tuyos. 🤝,110,23,133,2,70.0K
2025-07-14 06:33:09,BCPComunica,"Aug 25, 2023",Queremos agradecer a nuestros colaboradores porque gracias a su esfuerzo es que hoy hemos sido reconocidos una vez más y de forma consecutiva por los premios EMA. 👏🏆 Esta es la 12ava oportunidad y queremos reforzar nuestro compromiso mejorando cada día nuestros servicios. 💯🚀,43,2,45,0,32.0K
2025-07-14 06:33:09,BCPComunica,"Jul 7, 2023","Nos enorgullece haber sido reconocidos en el sector financiero por nuestra excelencia en atención y satisfacción. Este prestigioso premio respaldado por Centrum PUCP, Datum, X Customer Group y Gestión, refuerza nuestro compromiso de seguir brindándote la mejor experiencia. 🙌",54,1,26,0,29.0K
2025-07-14 06:33:09,BCPComunica,"Feb 17, 2023",Comunicado,429,183,2.0K,25,225.0K
2025-07-14 06:33:09,BCPComunica,"Oct 31, 2022","Mañana, martes 1ero de noviembre, por ser feriado 🗓️, todas nuestras agencias a nivel nacional 🏬 no atenderán 📣. No olvides que puedes realizar tus consultas y operaciones, usando nuestros canales digitales 📞💻📱.",140,18,102,3,0
2025-07-14 06:33:09,BCPComunica,"Oct 7, 2022","Mañana, sábado 8 de octubre, por ser declarado feriado 🗓️, todas nuestras agencias a nivel nacional 🏬 no atenderán 📣. No olvides que puedes realizar tus consultas y operaciones, usando nuestros canales digitales 📞💻📱.",82,21,92,2,0
2025-07-14 07:24:17,BCPComunica,Feb 7,"¿Aún no conoces todos los canales oficiales del BCP? 🫣 ¡Anótalos para tener una experiencia segura siempre! 🤝 Comparte esta importante info con tus amigos y familiares. 🤳💙🧡

#CanalesOficialesBCP #BCP",97,0,5,0,21.0K
2025-07-14 07:24:17,BCPComunica,Oct 31,A nuestros clientes 📣,299,304,3.0K,89,234.0K
2025-07-14 07:24:17,BCPComunica,Jul 30,Comunicado: 🙌,315,91,508,18,122.0K
2025-07-14 07:24:17,BCPComunica,Jul 30,"Ante lo comunicado previamente, estamos tomando la siguiente medida: 👇",132,73,355,12,91.0K
2025-07-14 07:24:17,BCPComunica,Jul 30,A nuestra comunidad 📢,609,319,2.0K,98,305.0K
2025-07-14 07:24:17,BCPComunica,"May 17, 2024",Con mucho orgullo compartimos los 4 premios obtenidos esta noche en los #ANDA2024.🤩🎉 ¡Felicitaciones a todos los equipos involucrados en este logro! 👏,117,1,23,2,52.0K
2025-07-14 07:24:17,BCPComunica,"Sep 28, 2023",Continuamos transformando nuestras agencias a nivel nacional para mejorar junto a nuestros clientes. Visítanos para disfrutar de las novedades y una gran experiencia. 👀🙌,167,1,29,0,71.0K
2025-07-14 07:24:17,BCPComunica,"Sep 19, 2023",Aviso importante a nuestra comunidad. 👇 Nuestro plan es siempre mejorar para ayudarte a cumplir los tuyos. 🤝,110,23,133,2,70.0K
2025-07-14 07:24:17,BCPComunica,"Aug 25, 2023",Queremos agradecer a nuestros colaboradores porque gracias a su esfuerzo es que hoy hemos sido reconocidos una vez más y de forma consecutiva por los premios EMA. 👏🏆 Esta es la 12ava oportunidad y queremos reforzar nuestro compromiso mejorando cada día nuestros servicios. 💯🚀,43,2,45,0,32.0K
2025-07-14 07:24:17,BCPComunica,"Jul 7, 2023","Nos enorgullece haber sido reconocidos en el sector financiero por nuestra excelencia en atención y satisfacción. Este prestigioso premio respaldado por Centrum PUCP, Datum, X Customer Group y Gestión, refuerza nuestro compromiso de seguir brindándote la mejor experiencia. 🙌",54,1,26,0,29.0K
2025-07-14 07:24:17,BCPComunica,"Feb 17, 2023",Comunicado,429,183,2.0K,25,225.0K
2025-07-14 07:24:17,BCPComunica,"Oct 31, 2022","Mañana, martes 1ero de noviembre, por ser feriado 🗓️, todas nuestras agencias a nivel nacional 🏬 no atenderán 📣. No olvides que puedes realizar tus consultas y operaciones, usando nuestros canales digitales 📞💻📱.",140,18,102,3,0
2025-07-14 07:24:17,BCPComunica,"Oct 7, 2022","Mañana, sábado 8 de octubre, por ser declarado feriado 🗓️, todas nuestras agencias a nivel nacional 🏬 no atenderán 📣. No olvides que puedes realizar tus consultas y operaciones, usando nuestros canales digitales 📞💻📱.",82,21,92,2,0
