timestamp,usuario,fecha_publicacion,contenido,respuestas,retweets,likes,guardados,vistas
2025-07-09 07:18:21,Interbank,Apr 16,¡Este feriado largo sigamos conectados! 💚 Este 17 y 18 de abril realiza tus operaciones de forma digital a través de tu #InterbankAPP 📲,66,0,7,3,11.0K
2025-07-09 07:18:21,Interbank,Oct 7,"Recuerda 👀 durante este feriado no habrá atención en nuestras Tiendas Financieras. 
Todas tus operaciones podrás hacerlas desde nuestra Banca por Internet y desde tu #InterbankApp 📱",65,1,25,2,97.0K
2025-07-09 07:18:21,Interbank,Aug 29,"Este feriado, sigue gestionando tus operaciones de manera rápida y segura desde tu Interbank APP o a través de nuestra Banca por Internet. 📲💻

✨ ¡Te esperamos de vuelta el 31 de agosto! ✨",59,0,9,0,37.0K
2025-07-09 07:18:21,Interbank,Aug 5,"Este 06 de agosto, realiza todas tus operaciones de manera fácil y segura desde tu #Interbank APP o desde nuestra Banca por Internet. 📲🧑‍💻",21,0,3,0,30.0K
2025-07-09 07:18:21,Interbank,Jul 27,"Este 29 de julio, realiza todas tus operaciones de manera fácil y segura desde tu #InterbankApp📱o desde nuestra Banca por Internet.  💻

✨ Retomaremos nuestra atención regular, el martes 30 de julio. 💚",30,1,9,0,26.0K
2025-07-09 07:18:21,Interbank,Jul 22,"📢 Este martes 23 de julio, realiza todas tus operaciones de manera fácil y segura desde tu #InterbankAPP o nuestra Banca por Internet. 💻📱",8,0,5,1,21.0K
2025-07-09 07:18:21,Interbank,"Jun 6, 2024","👀Este feriado, puedes realizar tus operaciones desde casa en nuestros canales digitales 📲Nos reencontramos el sábado en nuestro horario regular.",96,1,7,1,17.0K
2025-07-09 07:18:21,Interbank,"May 4, 2024","👉 Encuentra aquí todo lo que necesitas saber sobre el retiro de la AFP. Si has decidido retirar, recuerda que el 20 de mayo empieza el registro de solicitudes según el último dígito de tu DNI.

Para saber más entra aquí: bit.ly/3WJL79h 🔗",123,2,14,4,22.0K
2025-07-09 07:18:21,Interbank,"Mar 27, 2024","Este feriado largo tu #InterbankApp estará disponible 24/7 para todas tus operaciones, al igual que nuestra Banca por Internet. El sábado 30 atenderemos en horario regular. ✨",46,1,9,0,16.0K
2025-07-09 07:18:21,Interbank,"Mar 26, 2024","#OrgulloInterbank  
¡Somos top #2 de “Los Mejores Lugares para Trabajar para las Mujeres en Perú” por @GPTWPeru 💪 
¡El cambio es colectivo! 💚 Seguiremos impulsándolo a través de nuestros programas e iniciativas para promover un entorno equitativo, diverso e inclusivo.",7,2,9,0,10.0K
2025-07-09 07:18:21,Interbank,"Mar 21, 2024","#OrgulloInterbank compartir el reconocimiento como Líderes Empresariales por el Cambio (LEC) a tres de nuestros clientes de Banca Empresa 🇵🇪 que apostaron por la #innovación para el crecimiento de sus negocios. 
#PremiosLEC",2,0,8,0,5.0K
2025-07-09 07:18:21,Interbank,"Mar 13, 2024","Otorgamos una línea de #FinanciamientoVerde por US$6 millones a HVC Exportaciones, destinada a la compra de café con certificación sostenible, lo que garantiza un ecosistema de prácticas eco amigables. 💪🌎

Conoce más👉interbank.pe/financiamiento…
#Sostenibilidad #NegocioResponsable",20,1,6,0,6.0K
2025-07-09 07:18:21,Interbank,"Mar 8, 2024","#EsCompromisoDeTodosyTodas ¡Este #8M sigamos! Por más acciones que nos permitan construir igualdad de oportunidades. Conoce algunas de nuestras iniciativas para impulsar la equidad en 👉 interbank.pe/equidad
#8deMarzo #DíaInternacionalDeLaMujer #EsTiempoDeEquidad",14,3,7,0,5.0K
2025-07-09 08:27:42,Interbank,Apr 16,¡Este feriado largo sigamos conectados! 💚 Este 17 y 18 de abril realiza tus operaciones de forma digital a través de tu #InterbankAPP 📲,66,0,7,3,11.0K
2025-07-09 08:27:42,Interbank,Oct 7,"Recuerda 👀 durante este feriado no habrá atención en nuestras Tiendas Financieras. 
Todas tus operaciones podrás hacerlas desde nuestra Banca por Internet y desde tu #InterbankApp 📱",65,1,25,2,97.0K
2025-07-09 08:27:42,Interbank,Aug 29,"Este feriado, sigue gestionando tus operaciones de manera rápida y segura desde tu Interbank APP o a través de nuestra Banca por Internet. 📲💻

✨ ¡Te esperamos de vuelta el 31 de agosto! ✨",59,0,9,0,37.0K
2025-07-09 08:27:42,Interbank,Aug 5,"Este 06 de agosto, realiza todas tus operaciones de manera fácil y segura desde tu #Interbank APP o desde nuestra Banca por Internet. 📲🧑‍💻",21,0,3,0,30.0K
2025-07-09 08:27:42,Interbank,Jul 27,"Este 29 de julio, realiza todas tus operaciones de manera fácil y segura desde tu #InterbankApp📱o desde nuestra Banca por Internet.  💻

✨ Retomaremos nuestra atención regular, el martes 30 de julio. 💚",30,1,9,0,26.0K
2025-07-09 08:27:42,Interbank,Jul 22,"📢 Este martes 23 de julio, realiza todas tus operaciones de manera fácil y segura desde tu #InterbankAPP o nuestra Banca por Internet. 💻📱",8,0,5,1,21.0K
2025-07-09 08:27:42,Interbank,"Jun 6, 2024","👀Este feriado, puedes realizar tus operaciones desde casa en nuestros canales digitales 📲Nos reencontramos el sábado en nuestro horario regular.",96,1,7,1,17.0K
2025-07-09 08:27:42,Interbank,"May 4, 2024","👉 Encuentra aquí todo lo que necesitas saber sobre el retiro de la AFP. Si has decidido retirar, recuerda que el 20 de mayo empieza el registro de solicitudes según el último dígito de tu DNI.

Para saber más entra aquí: bit.ly/3WJL79h 🔗",123,2,14,4,22.0K
2025-07-09 08:27:42,Interbank,"Mar 27, 2024","Este feriado largo tu #InterbankApp estará disponible 24/7 para todas tus operaciones, al igual que nuestra Banca por Internet. El sábado 30 atenderemos en horario regular. ✨",46,1,9,0,16.0K
2025-07-09 08:27:42,Interbank,"Mar 26, 2024","#OrgulloInterbank  
¡Somos top #2 de “Los Mejores Lugares para Trabajar para las Mujeres en Perú” por @GPTWPeru 💪 
¡El cambio es colectivo! 💚 Seguiremos impulsándolo a través de nuestros programas e iniciativas para promover un entorno equitativo, diverso e inclusivo.",7,2,9,0,10.0K
2025-07-09 08:27:42,Interbank,"Mar 21, 2024","#OrgulloInterbank compartir el reconocimiento como Líderes Empresariales por el Cambio (LEC) a tres de nuestros clientes de Banca Empresa 🇵🇪 que apostaron por la #innovación para el crecimiento de sus negocios. 
#PremiosLEC",2,0,8,0,5.0K
2025-07-09 08:27:42,Interbank,"Mar 13, 2024","Otorgamos una línea de #FinanciamientoVerde por US$6 millones a HVC Exportaciones, destinada a la compra de café con certificación sostenible, lo que garantiza un ecosistema de prácticas eco amigables. 💪🌎

Conoce más👉interbank.pe/financiamiento…
#Sostenibilidad #NegocioResponsable",20,1,6,0,6.0K
2025-07-09 08:27:42,Interbank,"Mar 8, 2024","#EsCompromisoDeTodosyTodas ¡Este #8M sigamos! Por más acciones que nos permitan construir igualdad de oportunidades. Conoce algunas de nuestras iniciativas para impulsar la equidad en 👉 interbank.pe/equidad
#8deMarzo #DíaInternacionalDeLaMujer #EsTiempoDeEquidad",14,3,7,0,5.0K
2025-07-09 09:23:14,Interbank,Apr 16,¡Este feriado largo sigamos conectados! 💚 Este 17 y 18 de abril realiza tus operaciones de forma digital a través de tu #InterbankAPP 📲,66,0,7,3,11.0K
2025-07-09 09:23:14,Interbank,Oct 7,"Recuerda 👀 durante este feriado no habrá atención en nuestras Tiendas Financieras. 
Todas tus operaciones podrás hacerlas desde nuestra Banca por Internet y desde tu #InterbankApp 📱",65,1,25,2,97.0K
2025-07-09 09:23:14,Interbank,Aug 29,"Este feriado, sigue gestionando tus operaciones de manera rápida y segura desde tu Interbank APP o a través de nuestra Banca por Internet. 📲💻

✨ ¡Te esperamos de vuelta el 31 de agosto! ✨",59,0,9,0,37.0K
2025-07-09 09:23:14,Interbank,Aug 5,"Este 06 de agosto, realiza todas tus operaciones de manera fácil y segura desde tu #Interbank APP o desde nuestra Banca por Internet. 📲🧑‍💻",21,0,3,0,30.0K
2025-07-09 09:23:14,Interbank,Jul 27,"Este 29 de julio, realiza todas tus operaciones de manera fácil y segura desde tu #InterbankApp📱o desde nuestra Banca por Internet.  💻

✨ Retomaremos nuestra atención regular, el martes 30 de julio. 💚",30,1,9,0,26.0K
2025-07-09 09:23:14,Interbank,Jul 22,"📢 Este martes 23 de julio, realiza todas tus operaciones de manera fácil y segura desde tu #InterbankAPP o nuestra Banca por Internet. 💻📱",8,0,5,1,21.0K
2025-07-09 09:23:14,Interbank,"Jun 6, 2024","👀Este feriado, puedes realizar tus operaciones desde casa en nuestros canales digitales 📲Nos reencontramos el sábado en nuestro horario regular.",96,1,7,1,17.0K
2025-07-09 09:23:14,Interbank,"May 4, 2024","👉 Encuentra aquí todo lo que necesitas saber sobre el retiro de la AFP. Si has decidido retirar, recuerda que el 20 de mayo empieza el registro de solicitudes según el último dígito de tu DNI.

Para saber más entra aquí: bit.ly/3WJL79h 🔗",123,2,14,4,22.0K
2025-07-09 09:23:14,Interbank,"Mar 27, 2024","Este feriado largo tu #InterbankApp estará disponible 24/7 para todas tus operaciones, al igual que nuestra Banca por Internet. El sábado 30 atenderemos en horario regular. ✨",46,1,9,0,16.0K
2025-07-09 09:23:14,Interbank,"Mar 26, 2024","#OrgulloInterbank  
¡Somos top #2 de “Los Mejores Lugares para Trabajar para las Mujeres en Perú” por @GPTWPeru 💪 
¡El cambio es colectivo! 💚 Seguiremos impulsándolo a través de nuestros programas e iniciativas para promover un entorno equitativo, diverso e inclusivo.",7,2,9,0,10.0K
2025-07-09 09:23:14,Interbank,"Mar 21, 2024","#OrgulloInterbank compartir el reconocimiento como Líderes Empresariales por el Cambio (LEC) a tres de nuestros clientes de Banca Empresa 🇵🇪 que apostaron por la #innovación para el crecimiento de sus negocios. 
#PremiosLEC",2,0,8,0,5.0K
2025-07-09 09:23:14,Interbank,"Mar 13, 2024","Otorgamos una línea de #FinanciamientoVerde por US$6 millones a HVC Exportaciones, destinada a la compra de café con certificación sostenible, lo que garantiza un ecosistema de prácticas eco amigables. 💪🌎

Conoce más👉interbank.pe/financiamiento…
#Sostenibilidad #NegocioResponsable",20,1,6,0,6.0K
2025-07-09 09:23:14,Interbank,"Mar 8, 2024","#EsCompromisoDeTodosyTodas ¡Este #8M sigamos! Por más acciones que nos permitan construir igualdad de oportunidades. Conoce algunas de nuestras iniciativas para impulsar la equidad en 👉 interbank.pe/equidad
#8deMarzo #DíaInternacionalDeLaMujer #EsTiempoDeEquidad",14,3,7,0,5.0K
2025-07-09 10:22:08,Interbank,Apr 16,¡Este feriado largo sigamos conectados! 💚 Este 17 y 18 de abril realiza tus operaciones de forma digital a través de tu #InterbankAPP 📲,66,0,7,3,11.0K
2025-07-09 10:22:08,Interbank,Oct 7,"Recuerda 👀 durante este feriado no habrá atención en nuestras Tiendas Financieras. 
Todas tus operaciones podrás hacerlas desde nuestra Banca por Internet y desde tu #InterbankApp 📱",65,1,25,2,97.0K
2025-07-09 10:22:08,Interbank,Aug 29,"Este feriado, sigue gestionando tus operaciones de manera rápida y segura desde tu Interbank APP o a través de nuestra Banca por Internet. 📲💻

✨ ¡Te esperamos de vuelta el 31 de agosto! ✨",59,0,9,0,37.0K
2025-07-09 10:22:08,Interbank,Aug 5,"Este 06 de agosto, realiza todas tus operaciones de manera fácil y segura desde tu #Interbank APP o desde nuestra Banca por Internet. 📲🧑‍💻",21,0,3,0,30.0K
2025-07-09 10:22:08,Interbank,Jul 27,"Este 29 de julio, realiza todas tus operaciones de manera fácil y segura desde tu #InterbankApp📱o desde nuestra Banca por Internet.  💻

✨ Retomaremos nuestra atención regular, el martes 30 de julio. 💚",30,1,9,0,26.0K
2025-07-09 10:22:08,Interbank,Jul 22,"📢 Este martes 23 de julio, realiza todas tus operaciones de manera fácil y segura desde tu #InterbankAPP o nuestra Banca por Internet. 💻📱",8,0,5,1,21.0K
2025-07-09 10:22:08,Interbank,"Jun 6, 2024","👀Este feriado, puedes realizar tus operaciones desde casa en nuestros canales digitales 📲Nos reencontramos el sábado en nuestro horario regular.",96,1,7,1,17.0K
2025-07-09 10:22:08,Interbank,"May 4, 2024","👉 Encuentra aquí todo lo que necesitas saber sobre el retiro de la AFP. Si has decidido retirar, recuerda que el 20 de mayo empieza el registro de solicitudes según el último dígito de tu DNI.

Para saber más entra aquí: bit.ly/3WJL79h 🔗",123,2,14,4,22.0K
2025-07-09 10:22:08,Interbank,"Mar 27, 2024","Este feriado largo tu #InterbankApp estará disponible 24/7 para todas tus operaciones, al igual que nuestra Banca por Internet. El sábado 30 atenderemos en horario regular. ✨",46,1,9,0,16.0K
2025-07-09 10:22:08,Interbank,"Mar 26, 2024","#OrgulloInterbank  
¡Somos top #2 de “Los Mejores Lugares para Trabajar para las Mujeres en Perú” por @GPTWPeru 💪 
¡El cambio es colectivo! 💚 Seguiremos impulsándolo a través de nuestros programas e iniciativas para promover un entorno equitativo, diverso e inclusivo.",7,2,9,0,10.0K
2025-07-09 10:22:08,Interbank,"Mar 21, 2024","#OrgulloInterbank compartir el reconocimiento como Líderes Empresariales por el Cambio (LEC) a tres de nuestros clientes de Banca Empresa 🇵🇪 que apostaron por la #innovación para el crecimiento de sus negocios. 
#PremiosLEC",2,0,8,0,5.0K
2025-07-09 10:22:08,Interbank,"Mar 13, 2024","Otorgamos una línea de #FinanciamientoVerde por US$6 millones a HVC Exportaciones, destinada a la compra de café con certificación sostenible, lo que garantiza un ecosistema de prácticas eco amigables. 💪🌎

Conoce más👉interbank.pe/financiamiento…
#Sostenibilidad #NegocioResponsable",20,1,6,0,6.0K
2025-07-09 10:22:08,Interbank,"Mar 8, 2024","#EsCompromisoDeTodosyTodas ¡Este #8M sigamos! Por más acciones que nos permitan construir igualdad de oportunidades. Conoce algunas de nuestras iniciativas para impulsar la equidad en 👉 interbank.pe/equidad
#8deMarzo #DíaInternacionalDeLaMujer #EsTiempoDeEquidad",14,3,7,0,5.0K
2025-07-09 11:17:36,Interbank,Apr 16,¡Este feriado largo sigamos conectados! 💚 Este 17 y 18 de abril realiza tus operaciones de forma digital a través de tu #InterbankAPP 📲,66,0,7,3,11.0K
2025-07-09 11:17:36,Interbank,Oct 7,"Recuerda 👀 durante este feriado no habrá atención en nuestras Tiendas Financieras. 
Todas tus operaciones podrás hacerlas desde nuestra Banca por Internet y desde tu #InterbankApp 📱",65,1,25,2,97.0K
2025-07-09 11:17:36,Interbank,Aug 29,"Este feriado, sigue gestionando tus operaciones de manera rápida y segura desde tu Interbank APP o a través de nuestra Banca por Internet. 📲💻

✨ ¡Te esperamos de vuelta el 31 de agosto! ✨",59,0,9,0,37.0K
2025-07-09 11:17:36,Interbank,Aug 5,"Este 06 de agosto, realiza todas tus operaciones de manera fácil y segura desde tu #Interbank APP o desde nuestra Banca por Internet. 📲🧑‍💻",21,0,3,0,30.0K
2025-07-09 11:17:36,Interbank,Jul 27,"Este 29 de julio, realiza todas tus operaciones de manera fácil y segura desde tu #InterbankApp📱o desde nuestra Banca por Internet.  💻

✨ Retomaremos nuestra atención regular, el martes 30 de julio. 💚",30,1,9,0,26.0K
2025-07-09 11:17:36,Interbank,Jul 22,"📢 Este martes 23 de julio, realiza todas tus operaciones de manera fácil y segura desde tu #InterbankAPP o nuestra Banca por Internet. 💻📱",8,0,5,1,21.0K
2025-07-09 11:17:36,Interbank,"Jun 6, 2024","👀Este feriado, puedes realizar tus operaciones desde casa en nuestros canales digitales 📲Nos reencontramos el sábado en nuestro horario regular.",96,1,7,1,17.0K
2025-07-09 11:17:36,Interbank,"May 4, 2024","👉 Encuentra aquí todo lo que necesitas saber sobre el retiro de la AFP. Si has decidido retirar, recuerda que el 20 de mayo empieza el registro de solicitudes según el último dígito de tu DNI.

Para saber más entra aquí: bit.ly/3WJL79h 🔗",123,2,14,4,22.0K
2025-07-09 11:17:36,Interbank,"Mar 27, 2024","Este feriado largo tu #InterbankApp estará disponible 24/7 para todas tus operaciones, al igual que nuestra Banca por Internet. El sábado 30 atenderemos en horario regular. ✨",46,1,9,0,16.0K
2025-07-09 11:17:36,Interbank,"Mar 26, 2024","#OrgulloInterbank  
¡Somos top #2 de “Los Mejores Lugares para Trabajar para las Mujeres en Perú” por @GPTWPeru 💪 
¡El cambio es colectivo! 💚 Seguiremos impulsándolo a través de nuestros programas e iniciativas para promover un entorno equitativo, diverso e inclusivo.",7,2,9,0,10.0K
2025-07-09 11:17:36,Interbank,"Mar 21, 2024","#OrgulloInterbank compartir el reconocimiento como Líderes Empresariales por el Cambio (LEC) a tres de nuestros clientes de Banca Empresa 🇵🇪 que apostaron por la #innovación para el crecimiento de sus negocios. 
#PremiosLEC",2,0,8,0,5.0K
2025-07-09 11:17:36,Interbank,"Mar 13, 2024","Otorgamos una línea de #FinanciamientoVerde por US$6 millones a HVC Exportaciones, destinada a la compra de café con certificación sostenible, lo que garantiza un ecosistema de prácticas eco amigables. 💪🌎

Conoce más👉interbank.pe/financiamiento…
#Sostenibilidad #NegocioResponsable",20,1,6,0,6.0K
2025-07-09 11:17:36,Interbank,"Mar 8, 2024","#EsCompromisoDeTodosyTodas ¡Este #8M sigamos! Por más acciones que nos permitan construir igualdad de oportunidades. Conoce algunas de nuestras iniciativas para impulsar la equidad en 👉 interbank.pe/equidad
#8deMarzo #DíaInternacionalDeLaMujer #EsTiempoDeEquidad",14,3,7,0,5.0K
2025-07-09 12:40:58,Interbank,Apr 16,¡Este feriado largo sigamos conectados! 💚 Este 17 y 18 de abril realiza tus operaciones de forma digital a través de tu #InterbankAPP 📲,66,0,7,3,11.0K
2025-07-09 12:40:58,Interbank,Oct 7,"Recuerda 👀 durante este feriado no habrá atención en nuestras Tiendas Financieras. 
Todas tus operaciones podrás hacerlas desde nuestra Banca por Internet y desde tu #InterbankApp 📱",65,1,25,2,97.0K
2025-07-09 12:40:58,Interbank,Aug 29,"Este feriado, sigue gestionando tus operaciones de manera rápida y segura desde tu Interbank APP o a través de nuestra Banca por Internet. 📲💻

✨ ¡Te esperamos de vuelta el 31 de agosto! ✨",59,0,9,0,37.0K
2025-07-09 12:40:58,Interbank,Aug 5,"Este 06 de agosto, realiza todas tus operaciones de manera fácil y segura desde tu #Interbank APP o desde nuestra Banca por Internet. 📲🧑‍💻",21,0,3,0,30.0K
2025-07-09 12:40:58,Interbank,Jul 27,"Este 29 de julio, realiza todas tus operaciones de manera fácil y segura desde tu #InterbankApp📱o desde nuestra Banca por Internet.  💻

✨ Retomaremos nuestra atención regular, el martes 30 de julio. 💚",30,1,9,0,26.0K
2025-07-09 12:40:58,Interbank,Jul 22,"📢 Este martes 23 de julio, realiza todas tus operaciones de manera fácil y segura desde tu #InterbankAPP o nuestra Banca por Internet. 💻📱",8,0,5,1,21.0K
2025-07-09 12:40:58,Interbank,"Jun 6, 2024","👀Este feriado, puedes realizar tus operaciones desde casa en nuestros canales digitales 📲Nos reencontramos el sábado en nuestro horario regular.",96,1,7,1,17.0K
2025-07-09 12:40:58,Interbank,"May 4, 2024","👉 Encuentra aquí todo lo que necesitas saber sobre el retiro de la AFP. Si has decidido retirar, recuerda que el 20 de mayo empieza el registro de solicitudes según el último dígito de tu DNI.

Para saber más entra aquí: bit.ly/3WJL79h 🔗",123,2,14,4,22.0K
2025-07-09 12:40:58,Interbank,"Mar 27, 2024","Este feriado largo tu #InterbankApp estará disponible 24/7 para todas tus operaciones, al igual que nuestra Banca por Internet. El sábado 30 atenderemos en horario regular. ✨",46,1,9,0,16.0K
2025-07-09 12:40:58,Interbank,"Mar 26, 2024","#OrgulloInterbank  
¡Somos top #2 de “Los Mejores Lugares para Trabajar para las Mujeres en Perú” por @GPTWPeru 💪 
¡El cambio es colectivo! 💚 Seguiremos impulsándolo a través de nuestros programas e iniciativas para promover un entorno equitativo, diverso e inclusivo.",7,2,9,0,10.0K
2025-07-09 12:40:58,Interbank,"Mar 21, 2024","#OrgulloInterbank compartir el reconocimiento como Líderes Empresariales por el Cambio (LEC) a tres de nuestros clientes de Banca Empresa 🇵🇪 que apostaron por la #innovación para el crecimiento de sus negocios. 
#PremiosLEC",2,0,8,0,5.0K
2025-07-09 12:40:58,Interbank,"Mar 13, 2024","Otorgamos una línea de #FinanciamientoVerde por US$6 millones a HVC Exportaciones, destinada a la compra de café con certificación sostenible, lo que garantiza un ecosistema de prácticas eco amigables. 💪🌎

Conoce más👉interbank.pe/financiamiento…
#Sostenibilidad #NegocioResponsable",20,1,6,0,6.0K
2025-07-09 12:40:58,Interbank,"Mar 8, 2024","#EsCompromisoDeTodosyTodas ¡Este #8M sigamos! Por más acciones que nos permitan construir igualdad de oportunidades. Conoce algunas de nuestras iniciativas para impulsar la equidad en 👉 interbank.pe/equidad
#8deMarzo #DíaInternacionalDeLaMujer #EsTiempoDeEquidad",14,3,7,0,5.0K
2025-07-09 15:21:41,Interbank,Apr 16,¡Este feriado largo sigamos conectados! 💚 Este 17 y 18 de abril realiza tus operaciones de forma digital a través de tu #InterbankAPP 📲,66,0,7,3,11.0K
2025-07-09 15:21:41,Interbank,Oct 7,"Recuerda 👀 durante este feriado no habrá atención en nuestras Tiendas Financieras. 
Todas tus operaciones podrás hacerlas desde nuestra Banca por Internet y desde tu #InterbankApp 📱",65,1,25,2,97.0K
2025-07-09 15:21:41,Interbank,Aug 29,"Este feriado, sigue gestionando tus operaciones de manera rápida y segura desde tu Interbank APP o a través de nuestra Banca por Internet. 📲💻

✨ ¡Te esperamos de vuelta el 31 de agosto! ✨",59,0,9,0,37.0K
2025-07-09 15:21:41,Interbank,Aug 5,"Este 06 de agosto, realiza todas tus operaciones de manera fácil y segura desde tu #Interbank APP o desde nuestra Banca por Internet. 📲🧑‍💻",21,0,3,0,30.0K
2025-07-09 15:21:41,Interbank,Jul 27,"Este 29 de julio, realiza todas tus operaciones de manera fácil y segura desde tu #InterbankApp📱o desde nuestra Banca por Internet.  💻

✨ Retomaremos nuestra atención regular, el martes 30 de julio. 💚",30,1,9,0,26.0K
2025-07-09 15:21:41,Interbank,Jul 22,"📢 Este martes 23 de julio, realiza todas tus operaciones de manera fácil y segura desde tu #InterbankAPP o nuestra Banca por Internet. 💻📱",8,0,5,1,21.0K
2025-07-09 15:21:41,Interbank,"Jun 6, 2024","👀Este feriado, puedes realizar tus operaciones desde casa en nuestros canales digitales 📲Nos reencontramos el sábado en nuestro horario regular.",96,1,7,1,17.0K
2025-07-09 15:21:41,Interbank,"May 4, 2024","👉 Encuentra aquí todo lo que necesitas saber sobre el retiro de la AFP. Si has decidido retirar, recuerda que el 20 de mayo empieza el registro de solicitudes según el último dígito de tu DNI.

Para saber más entra aquí: bit.ly/3WJL79h 🔗",123,2,14,4,22.0K
2025-07-09 15:21:41,Interbank,"Mar 27, 2024","Este feriado largo tu #InterbankApp estará disponible 24/7 para todas tus operaciones, al igual que nuestra Banca por Internet. El sábado 30 atenderemos en horario regular. ✨",46,1,9,0,16.0K
2025-07-09 15:21:41,Interbank,"Mar 26, 2024","#OrgulloInterbank  
¡Somos top #2 de “Los Mejores Lugares para Trabajar para las Mujeres en Perú” por @GPTWPeru 💪 
¡El cambio es colectivo! 💚 Seguiremos impulsándolo a través de nuestros programas e iniciativas para promover un entorno equitativo, diverso e inclusivo.",7,2,9,0,10.0K
2025-07-09 15:21:41,Interbank,"Mar 21, 2024","#OrgulloInterbank compartir el reconocimiento como Líderes Empresariales por el Cambio (LEC) a tres de nuestros clientes de Banca Empresa 🇵🇪 que apostaron por la #innovación para el crecimiento de sus negocios. 
#PremiosLEC",2,0,8,0,5.0K
2025-07-09 15:21:41,Interbank,"Mar 13, 2024","Otorgamos una línea de #FinanciamientoVerde por US$6 millones a HVC Exportaciones, destinada a la compra de café con certificación sostenible, lo que garantiza un ecosistema de prácticas eco amigables. 💪🌎

Conoce más👉interbank.pe/financiamiento…
#Sostenibilidad #NegocioResponsable",20,1,6,0,6.0K
2025-07-09 15:21:41,Interbank,"Mar 8, 2024","#EsCompromisoDeTodosyTodas ¡Este #8M sigamos! Por más acciones que nos permitan construir igualdad de oportunidades. Conoce algunas de nuestras iniciativas para impulsar la equidad en 👉 interbank.pe/equidad
#8deMarzo #DíaInternacionalDeLaMujer #EsTiempoDeEquidad",14,3,7,0,5.0K
2025-07-09 16:24:03,Interbank,Apr 16,¡Este feriado largo sigamos conectados! 💚 Este 17 y 18 de abril realiza tus operaciones de forma digital a través de tu #InterbankAPP 📲,66,0,7,3,11.0K
2025-07-09 16:24:03,Interbank,Oct 7,"Recuerda 👀 durante este feriado no habrá atención en nuestras Tiendas Financieras. 
Todas tus operaciones podrás hacerlas desde nuestra Banca por Internet y desde tu #InterbankApp 📱",65,1,25,2,97.0K
2025-07-09 16:24:03,Interbank,Aug 29,"Este feriado, sigue gestionando tus operaciones de manera rápida y segura desde tu Interbank APP o a través de nuestra Banca por Internet. 📲💻

✨ ¡Te esperamos de vuelta el 31 de agosto! ✨",59,0,9,0,37.0K
2025-07-09 16:24:03,Interbank,Aug 5,"Este 06 de agosto, realiza todas tus operaciones de manera fácil y segura desde tu #Interbank APP o desde nuestra Banca por Internet. 📲🧑‍💻",21,0,3,0,30.0K
2025-07-09 16:24:03,Interbank,Jul 27,"Este 29 de julio, realiza todas tus operaciones de manera fácil y segura desde tu #InterbankApp📱o desde nuestra Banca por Internet.  💻

✨ Retomaremos nuestra atención regular, el martes 30 de julio. 💚",30,1,9,0,26.0K
2025-07-09 16:24:03,Interbank,Jul 22,"📢 Este martes 23 de julio, realiza todas tus operaciones de manera fácil y segura desde tu #InterbankAPP o nuestra Banca por Internet. 💻📱",8,0,5,1,21.0K
2025-07-09 16:24:03,Interbank,"Jun 6, 2024","👀Este feriado, puedes realizar tus operaciones desde casa en nuestros canales digitales 📲Nos reencontramos el sábado en nuestro horario regular.",96,1,7,1,17.0K
2025-07-09 16:24:03,Interbank,"May 4, 2024","👉 Encuentra aquí todo lo que necesitas saber sobre el retiro de la AFP. Si has decidido retirar, recuerda que el 20 de mayo empieza el registro de solicitudes según el último dígito de tu DNI.

Para saber más entra aquí: bit.ly/3WJL79h 🔗",123,2,14,4,22.0K
2025-07-09 16:24:03,Interbank,"Mar 27, 2024","Este feriado largo tu #InterbankApp estará disponible 24/7 para todas tus operaciones, al igual que nuestra Banca por Internet. El sábado 30 atenderemos en horario regular. ✨",46,1,9,0,16.0K
2025-07-09 16:24:03,Interbank,"Mar 26, 2024","#OrgulloInterbank  
¡Somos top #2 de “Los Mejores Lugares para Trabajar para las Mujeres en Perú” por @GPTWPeru 💪 
¡El cambio es colectivo! 💚 Seguiremos impulsándolo a través de nuestros programas e iniciativas para promover un entorno equitativo, diverso e inclusivo.",7,2,9,0,10.0K
2025-07-09 16:24:03,Interbank,"Mar 21, 2024","#OrgulloInterbank compartir el reconocimiento como Líderes Empresariales por el Cambio (LEC) a tres de nuestros clientes de Banca Empresa 🇵🇪 que apostaron por la #innovación para el crecimiento de sus negocios. 
#PremiosLEC",2,0,8,0,5.0K
2025-07-09 16:24:03,Interbank,"Mar 13, 2024","Otorgamos una línea de #FinanciamientoVerde por US$6 millones a HVC Exportaciones, destinada a la compra de café con certificación sostenible, lo que garantiza un ecosistema de prácticas eco amigables. 💪🌎

Conoce más👉interbank.pe/financiamiento…
#Sostenibilidad #NegocioResponsable",20,1,6,0,6.0K
2025-07-09 16:24:03,Interbank,"Mar 8, 2024","#EsCompromisoDeTodosyTodas ¡Este #8M sigamos! Por más acciones que nos permitan construir igualdad de oportunidades. Conoce algunas de nuestras iniciativas para impulsar la equidad en 👉 interbank.pe/equidad
#8deMarzo #DíaInternacionalDeLaMujer #EsTiempoDeEquidad",14,3,7,0,5.0K
2025-07-09 17:19:27,Interbank,Apr 16,¡Este feriado largo sigamos conectados! 💚 Este 17 y 18 de abril realiza tus operaciones de forma digital a través de tu #InterbankAPP 📲,66,0,7,3,11.0K
2025-07-09 17:19:27,Interbank,Oct 7,"Recuerda 👀 durante este feriado no habrá atención en nuestras Tiendas Financieras. 
Todas tus operaciones podrás hacerlas desde nuestra Banca por Internet y desde tu #InterbankApp 📱",65,1,25,2,97.0K
2025-07-09 17:19:27,Interbank,Aug 29,"Este feriado, sigue gestionando tus operaciones de manera rápida y segura desde tu Interbank APP o a través de nuestra Banca por Internet. 📲💻

✨ ¡Te esperamos de vuelta el 31 de agosto! ✨",59,0,9,0,37.0K
2025-07-09 17:19:27,Interbank,Aug 5,"Este 06 de agosto, realiza todas tus operaciones de manera fácil y segura desde tu #Interbank APP o desde nuestra Banca por Internet. 📲🧑‍💻",21,0,3,0,30.0K
2025-07-09 17:19:27,Interbank,Jul 27,"Este 29 de julio, realiza todas tus operaciones de manera fácil y segura desde tu #InterbankApp📱o desde nuestra Banca por Internet.  💻

✨ Retomaremos nuestra atención regular, el martes 30 de julio. 💚",30,1,9,0,26.0K
2025-07-09 17:19:27,Interbank,Jul 22,"📢 Este martes 23 de julio, realiza todas tus operaciones de manera fácil y segura desde tu #InterbankAPP o nuestra Banca por Internet. 💻📱",8,0,5,1,21.0K
2025-07-09 17:19:27,Interbank,"Jun 6, 2024","👀Este feriado, puedes realizar tus operaciones desde casa en nuestros canales digitales 📲Nos reencontramos el sábado en nuestro horario regular.",96,1,7,1,17.0K
2025-07-09 17:19:27,Interbank,"May 4, 2024","👉 Encuentra aquí todo lo que necesitas saber sobre el retiro de la AFP. Si has decidido retirar, recuerda que el 20 de mayo empieza el registro de solicitudes según el último dígito de tu DNI.

Para saber más entra aquí: bit.ly/3WJL79h 🔗",123,2,14,4,22.0K
2025-07-09 17:19:27,Interbank,"Mar 27, 2024","Este feriado largo tu #InterbankApp estará disponible 24/7 para todas tus operaciones, al igual que nuestra Banca por Internet. El sábado 30 atenderemos en horario regular. ✨",46,1,9,0,16.0K
2025-07-09 17:19:27,Interbank,"Mar 26, 2024","#OrgulloInterbank  
¡Somos top #2 de “Los Mejores Lugares para Trabajar para las Mujeres en Perú” por @GPTWPeru 💪 
¡El cambio es colectivo! 💚 Seguiremos impulsándolo a través de nuestros programas e iniciativas para promover un entorno equitativo, diverso e inclusivo.",7,2,9,0,10.0K
2025-07-09 17:19:27,Interbank,"Mar 21, 2024","#OrgulloInterbank compartir el reconocimiento como Líderes Empresariales por el Cambio (LEC) a tres de nuestros clientes de Banca Empresa 🇵🇪 que apostaron por la #innovación para el crecimiento de sus negocios. 
#PremiosLEC",2,0,8,0,5.0K
2025-07-09 17:19:27,Interbank,"Mar 13, 2024","Otorgamos una línea de #FinanciamientoVerde por US$6 millones a HVC Exportaciones, destinada a la compra de café con certificación sostenible, lo que garantiza un ecosistema de prácticas eco amigables. 💪🌎

Conoce más👉interbank.pe/financiamiento…
#Sostenibilidad #NegocioResponsable",20,1,6,0,6.0K
2025-07-09 17:19:27,Interbank,"Mar 8, 2024","#EsCompromisoDeTodosyTodas ¡Este #8M sigamos! Por más acciones que nos permitan construir igualdad de oportunidades. Conoce algunas de nuestras iniciativas para impulsar la equidad en 👉 interbank.pe/equidad
#8deMarzo #DíaInternacionalDeLaMujer #EsTiempoDeEquidad",14,3,7,0,5.0K
2025-07-09 18:29:01,Interbank,Apr 16,¡Este feriado largo sigamos conectados! 💚 Este 17 y 18 de abril realiza tus operaciones de forma digital a través de tu #InterbankAPP 📲,66,0,7,3,11.0K
2025-07-09 18:29:01,Interbank,Oct 7,"Recuerda 👀 durante este feriado no habrá atención en nuestras Tiendas Financieras. 
Todas tus operaciones podrás hacerlas desde nuestra Banca por Internet y desde tu #InterbankApp 📱",65,1,25,2,97.0K
2025-07-09 18:29:01,Interbank,Aug 29,"Este feriado, sigue gestionando tus operaciones de manera rápida y segura desde tu Interbank APP o a través de nuestra Banca por Internet. 📲💻

✨ ¡Te esperamos de vuelta el 31 de agosto! ✨",59,0,9,0,37.0K
2025-07-09 18:29:01,Interbank,Aug 5,"Este 06 de agosto, realiza todas tus operaciones de manera fácil y segura desde tu #Interbank APP o desde nuestra Banca por Internet. 📲🧑‍💻",21,0,3,0,30.0K
2025-07-09 18:29:01,Interbank,Jul 27,"Este 29 de julio, realiza todas tus operaciones de manera fácil y segura desde tu #InterbankApp📱o desde nuestra Banca por Internet.  💻

✨ Retomaremos nuestra atención regular, el martes 30 de julio. 💚",30,1,9,0,26.0K
2025-07-09 18:29:01,Interbank,Jul 22,"📢 Este martes 23 de julio, realiza todas tus operaciones de manera fácil y segura desde tu #InterbankAPP o nuestra Banca por Internet. 💻📱",8,0,5,1,21.0K
2025-07-09 18:29:01,Interbank,"Jun 6, 2024","👀Este feriado, puedes realizar tus operaciones desde casa en nuestros canales digitales 📲Nos reencontramos el sábado en nuestro horario regular.",96,1,7,1,17.0K
2025-07-09 18:29:01,Interbank,"May 4, 2024","👉 Encuentra aquí todo lo que necesitas saber sobre el retiro de la AFP. Si has decidido retirar, recuerda que el 20 de mayo empieza el registro de solicitudes según el último dígito de tu DNI.

Para saber más entra aquí: bit.ly/3WJL79h 🔗",123,2,14,4,22.0K
2025-07-09 18:29:01,Interbank,"Mar 27, 2024","Este feriado largo tu #InterbankApp estará disponible 24/7 para todas tus operaciones, al igual que nuestra Banca por Internet. El sábado 30 atenderemos en horario regular. ✨",46,1,9,0,16.0K
2025-07-09 18:29:01,Interbank,"Mar 26, 2024","#OrgulloInterbank  
¡Somos top #2 de “Los Mejores Lugares para Trabajar para las Mujeres en Perú” por @GPTWPeru 💪 
¡El cambio es colectivo! 💚 Seguiremos impulsándolo a través de nuestros programas e iniciativas para promover un entorno equitativo, diverso e inclusivo.",7,2,9,0,10.0K
2025-07-09 18:29:01,Interbank,"Mar 21, 2024","#OrgulloInterbank compartir el reconocimiento como Líderes Empresariales por el Cambio (LEC) a tres de nuestros clientes de Banca Empresa 🇵🇪 que apostaron por la #innovación para el crecimiento de sus negocios. 
#PremiosLEC",2,0,8,0,5.0K
2025-07-09 18:29:01,Interbank,"Mar 13, 2024","Otorgamos una línea de #FinanciamientoVerde por US$6 millones a HVC Exportaciones, destinada a la compra de café con certificación sostenible, lo que garantiza un ecosistema de prácticas eco amigables. 💪🌎

Conoce más👉interbank.pe/financiamiento…
#Sostenibilidad #NegocioResponsable",20,1,6,0,6.0K
2025-07-09 18:29:01,Interbank,"Mar 8, 2024","#EsCompromisoDeTodosyTodas ¡Este #8M sigamos! Por más acciones que nos permitan construir igualdad de oportunidades. Conoce algunas de nuestras iniciativas para impulsar la equidad en 👉 interbank.pe/equidad
#8deMarzo #DíaInternacionalDeLaMujer #EsTiempoDeEquidad",14,3,7,0,5.0K
2025-07-10 20:21:57,Interbank,Apr 16,¡Este feriado largo sigamos conectados! 💚 Este 17 y 18 de abril realiza tus operaciones de forma digital a través de tu #InterbankAPP 📲,76,0,7,3,12.0K
2025-07-10 20:21:57,Interbank,Oct 7,"Recuerda 👀 durante este feriado no habrá atención en nuestras Tiendas Financieras. 
Todas tus operaciones podrás hacerlas desde nuestra Banca por Internet y desde tu #InterbankApp 📱",65,1,25,2,98.0K
2025-07-10 20:21:57,Interbank,Aug 29,"Este feriado, sigue gestionando tus operaciones de manera rápida y segura desde tu Interbank APP o a través de nuestra Banca por Internet. 📲💻

✨ ¡Te esperamos de vuelta el 31 de agosto! ✨",59,0,9,0,37.0K
2025-07-10 20:21:57,Interbank,Aug 5,"Este 06 de agosto, realiza todas tus operaciones de manera fácil y segura desde tu #Interbank APP o desde nuestra Banca por Internet. 📲🧑‍💻",21,0,3,0,30.0K
2025-07-10 20:21:57,Interbank,Jul 27,"Este 29 de julio, realiza todas tus operaciones de manera fácil y segura desde tu #InterbankApp📱o desde nuestra Banca por Internet.  💻

✨ Retomaremos nuestra atención regular, el martes 30 de julio. 💚",30,1,9,0,26.0K
2025-07-10 20:21:57,Interbank,Jul 22,"📢 Este martes 23 de julio, realiza todas tus operaciones de manera fácil y segura desde tu #InterbankAPP o nuestra Banca por Internet. 💻📱",8,0,5,1,21.0K
2025-07-10 20:21:57,Interbank,"Jun 6, 2024","👀Este feriado, puedes realizar tus operaciones desde casa en nuestros canales digitales 📲Nos reencontramos el sábado en nuestro horario regular.",96,1,7,1,17.0K
2025-07-10 20:21:57,Interbank,"May 4, 2024","👉 Encuentra aquí todo lo que necesitas saber sobre el retiro de la AFP. Si has decidido retirar, recuerda que el 20 de mayo empieza el registro de solicitudes según el último dígito de tu DNI.

Para saber más entra aquí: bit.ly/3WJL79h 🔗",123,2,14,4,22.0K
2025-07-10 20:21:57,Interbank,"Mar 27, 2024","Este feriado largo tu #InterbankApp estará disponible 24/7 para todas tus operaciones, al igual que nuestra Banca por Internet. El sábado 30 atenderemos en horario regular. ✨",46,1,9,0,16.0K
2025-07-10 20:21:57,Interbank,"Mar 26, 2024","#OrgulloInterbank  
¡Somos top #2 de “Los Mejores Lugares para Trabajar para las Mujeres en Perú” por @GPTWPeru 💪 
¡El cambio es colectivo! 💚 Seguiremos impulsándolo a través de nuestros programas e iniciativas para promover un entorno equitativo, diverso e inclusivo.",7,2,9,0,10.0K
2025-07-10 20:21:57,Interbank,"Mar 21, 2024","#OrgulloInterbank compartir el reconocimiento como Líderes Empresariales por el Cambio (LEC) a tres de nuestros clientes de Banca Empresa 🇵🇪 que apostaron por la #innovación para el crecimiento de sus negocios. 
#PremiosLEC",2,0,8,0,5.0K
2025-07-10 20:21:57,Interbank,"Mar 13, 2024","Otorgamos una línea de #FinanciamientoVerde por US$6 millones a HVC Exportaciones, destinada a la compra de café con certificación sostenible, lo que garantiza un ecosistema de prácticas eco amigables. 💪🌎

Conoce más👉interbank.pe/financiamiento…
#Sostenibilidad #NegocioResponsable",20,1,6,0,6.0K
2025-07-10 20:21:57,Interbank,"Mar 8, 2024","#EsCompromisoDeTodosyTodas ¡Este #8M sigamos! Por más acciones que nos permitan construir igualdad de oportunidades. Conoce algunas de nuestras iniciativas para impulsar la equidad en 👉 interbank.pe/equidad
#8deMarzo #DíaInternacionalDeLaMujer #EsTiempoDeEquidad",14,3,7,0,5.0K
2025-07-10 21:20:10,Interbank,Apr 16,¡Este feriado largo sigamos conectados! 💚 Este 17 y 18 de abril realiza tus operaciones de forma digital a través de tu #InterbankAPP 📲,76,0,7,3,12.0K
2025-07-10 21:20:10,Interbank,Oct 7,"Recuerda 👀 durante este feriado no habrá atención en nuestras Tiendas Financieras. 
Todas tus operaciones podrás hacerlas desde nuestra Banca por Internet y desde tu #InterbankApp 📱",65,1,25,2,98.0K
2025-07-10 21:20:10,Interbank,Aug 29,"Este feriado, sigue gestionando tus operaciones de manera rápida y segura desde tu Interbank APP o a través de nuestra Banca por Internet. 📲💻

✨ ¡Te esperamos de vuelta el 31 de agosto! ✨",59,0,9,0,37.0K
2025-07-10 21:20:10,Interbank,Aug 5,"Este 06 de agosto, realiza todas tus operaciones de manera fácil y segura desde tu #Interbank APP o desde nuestra Banca por Internet. 📲🧑‍💻",21,0,3,0,30.0K
2025-07-10 21:20:10,Interbank,Jul 27,"Este 29 de julio, realiza todas tus operaciones de manera fácil y segura desde tu #InterbankApp📱o desde nuestra Banca por Internet.  💻

✨ Retomaremos nuestra atención regular, el martes 30 de julio. 💚",30,1,9,0,26.0K
2025-07-10 21:20:10,Interbank,Jul 22,"📢 Este martes 23 de julio, realiza todas tus operaciones de manera fácil y segura desde tu #InterbankAPP o nuestra Banca por Internet. 💻📱",8,0,5,1,21.0K
2025-07-10 21:20:10,Interbank,"Jun 6, 2024","👀Este feriado, puedes realizar tus operaciones desde casa en nuestros canales digitales 📲Nos reencontramos el sábado en nuestro horario regular.",96,1,7,1,17.0K
2025-07-10 21:20:10,Interbank,"May 4, 2024","👉 Encuentra aquí todo lo que necesitas saber sobre el retiro de la AFP. Si has decidido retirar, recuerda que el 20 de mayo empieza el registro de solicitudes según el último dígito de tu DNI.

Para saber más entra aquí: bit.ly/3WJL79h 🔗",123,2,14,4,22.0K
2025-07-10 21:20:10,Interbank,"Mar 27, 2024","Este feriado largo tu #InterbankApp estará disponible 24/7 para todas tus operaciones, al igual que nuestra Banca por Internet. El sábado 30 atenderemos en horario regular. ✨",46,1,9,0,16.0K
2025-07-10 21:20:10,Interbank,"Mar 26, 2024","#OrgulloInterbank  
¡Somos top #2 de “Los Mejores Lugares para Trabajar para las Mujeres en Perú” por @GPTWPeru 💪 
¡El cambio es colectivo! 💚 Seguiremos impulsándolo a través de nuestros programas e iniciativas para promover un entorno equitativo, diverso e inclusivo.",7,2,9,0,10.0K
2025-07-10 21:20:10,Interbank,"Mar 21, 2024","#OrgulloInterbank compartir el reconocimiento como Líderes Empresariales por el Cambio (LEC) a tres de nuestros clientes de Banca Empresa 🇵🇪 que apostaron por la #innovación para el crecimiento de sus negocios. 
#PremiosLEC",2,0,8,0,5.0K
2025-07-10 21:20:10,Interbank,"Mar 13, 2024","Otorgamos una línea de #FinanciamientoVerde por US$6 millones a HVC Exportaciones, destinada a la compra de café con certificación sostenible, lo que garantiza un ecosistema de prácticas eco amigables. 💪🌎

Conoce más👉interbank.pe/financiamiento…
#Sostenibilidad #NegocioResponsable",20,1,6,0,6.0K
2025-07-10 21:20:10,Interbank,"Mar 8, 2024","#EsCompromisoDeTodosyTodas ¡Este #8M sigamos! Por más acciones que nos permitan construir igualdad de oportunidades. Conoce algunas de nuestras iniciativas para impulsar la equidad en 👉 interbank.pe/equidad
#8deMarzo #DíaInternacionalDeLaMujer #EsTiempoDeEquidad",14,3,7,0,5.0K
2025-07-10 22:18:52,Interbank,Apr 16,¡Este feriado largo sigamos conectados! 💚 Este 17 y 18 de abril realiza tus operaciones de forma digital a través de tu #InterbankAPP 📲,77,0,7,3,12.0K
2025-07-10 22:18:52,Interbank,Oct 7,"Recuerda 👀 durante este feriado no habrá atención en nuestras Tiendas Financieras. 
Todas tus operaciones podrás hacerlas desde nuestra Banca por Internet y desde tu #InterbankApp 📱",65,1,25,2,98.0K
2025-07-10 22:18:52,Interbank,Aug 29,"Este feriado, sigue gestionando tus operaciones de manera rápida y segura desde tu Interbank APP o a través de nuestra Banca por Internet. 📲💻

✨ ¡Te esperamos de vuelta el 31 de agosto! ✨",59,0,9,0,37.0K
2025-07-10 22:18:52,Interbank,Aug 5,"Este 06 de agosto, realiza todas tus operaciones de manera fácil y segura desde tu #Interbank APP o desde nuestra Banca por Internet. 📲🧑‍💻",21,0,3,0,30.0K
2025-07-10 22:18:52,Interbank,Jul 27,"Este 29 de julio, realiza todas tus operaciones de manera fácil y segura desde tu #InterbankApp📱o desde nuestra Banca por Internet.  💻

✨ Retomaremos nuestra atención regular, el martes 30 de julio. 💚",30,1,9,0,26.0K
2025-07-10 22:18:52,Interbank,Jul 22,"📢 Este martes 23 de julio, realiza todas tus operaciones de manera fácil y segura desde tu #InterbankAPP o nuestra Banca por Internet. 💻📱",8,0,5,1,21.0K
2025-07-10 22:18:52,Interbank,"Jun 6, 2024","👀Este feriado, puedes realizar tus operaciones desde casa en nuestros canales digitales 📲Nos reencontramos el sábado en nuestro horario regular.",96,1,7,1,17.0K
2025-07-10 22:18:52,Interbank,"May 4, 2024","👉 Encuentra aquí todo lo que necesitas saber sobre el retiro de la AFP. Si has decidido retirar, recuerda que el 20 de mayo empieza el registro de solicitudes según el último dígito de tu DNI.

Para saber más entra aquí: bit.ly/3WJL79h 🔗",123,2,14,4,22.0K
2025-07-10 22:18:52,Interbank,"Mar 27, 2024","Este feriado largo tu #InterbankApp estará disponible 24/7 para todas tus operaciones, al igual que nuestra Banca por Internet. El sábado 30 atenderemos en horario regular. ✨",46,1,9,0,16.0K
2025-07-10 22:18:52,Interbank,"Mar 26, 2024","#OrgulloInterbank  
¡Somos top #2 de “Los Mejores Lugares para Trabajar para las Mujeres en Perú” por @GPTWPeru 💪 
¡El cambio es colectivo! 💚 Seguiremos impulsándolo a través de nuestros programas e iniciativas para promover un entorno equitativo, diverso e inclusivo.",7,2,9,0,10.0K
2025-07-10 22:18:52,Interbank,"Mar 21, 2024","#OrgulloInterbank compartir el reconocimiento como Líderes Empresariales por el Cambio (LEC) a tres de nuestros clientes de Banca Empresa 🇵🇪 que apostaron por la #innovación para el crecimiento de sus negocios. 
#PremiosLEC",2,0,8,0,5.0K
2025-07-10 22:18:52,Interbank,"Mar 13, 2024","Otorgamos una línea de #FinanciamientoVerde por US$6 millones a HVC Exportaciones, destinada a la compra de café con certificación sostenible, lo que garantiza un ecosistema de prácticas eco amigables. 💪🌎

Conoce más👉interbank.pe/financiamiento…
#Sostenibilidad #NegocioResponsable",20,1,6,0,6.0K
2025-07-10 22:18:52,Interbank,"Mar 8, 2024","#EsCompromisoDeTodosyTodas ¡Este #8M sigamos! Por más acciones que nos permitan construir igualdad de oportunidades. Conoce algunas de nuestras iniciativas para impulsar la equidad en 👉 interbank.pe/equidad
#8deMarzo #DíaInternacionalDeLaMujer #EsTiempoDeEquidad",14,3,7,0,5.0K
2025-07-10 23:19:20,Interbank,Apr 16,¡Este feriado largo sigamos conectados! 💚 Este 17 y 18 de abril realiza tus operaciones de forma digital a través de tu #InterbankAPP 📲,77,0,7,3,12.0K
2025-07-10 23:19:20,Interbank,Oct 7,"Recuerda 👀 durante este feriado no habrá atención en nuestras Tiendas Financieras. 
Todas tus operaciones podrás hacerlas desde nuestra Banca por Internet y desde tu #InterbankApp 📱",65,1,25,2,98.0K
2025-07-10 23:19:20,Interbank,Aug 29,"Este feriado, sigue gestionando tus operaciones de manera rápida y segura desde tu Interbank APP o a través de nuestra Banca por Internet. 📲💻

✨ ¡Te esperamos de vuelta el 31 de agosto! ✨",59,0,9,0,37.0K
2025-07-10 23:19:20,Interbank,Aug 5,"Este 06 de agosto, realiza todas tus operaciones de manera fácil y segura desde tu #Interbank APP o desde nuestra Banca por Internet. 📲🧑‍💻",21,0,3,0,30.0K
2025-07-10 23:19:20,Interbank,Jul 27,"Este 29 de julio, realiza todas tus operaciones de manera fácil y segura desde tu #InterbankApp📱o desde nuestra Banca por Internet.  💻

✨ Retomaremos nuestra atención regular, el martes 30 de julio. 💚",30,1,9,0,26.0K
2025-07-10 23:19:20,Interbank,Jul 22,"📢 Este martes 23 de julio, realiza todas tus operaciones de manera fácil y segura desde tu #InterbankAPP o nuestra Banca por Internet. 💻📱",8,0,5,1,21.0K
2025-07-10 23:19:20,Interbank,"Jun 6, 2024","👀Este feriado, puedes realizar tus operaciones desde casa en nuestros canales digitales 📲Nos reencontramos el sábado en nuestro horario regular.",96,1,7,1,17.0K
2025-07-10 23:19:20,Interbank,"May 4, 2024","👉 Encuentra aquí todo lo que necesitas saber sobre el retiro de la AFP. Si has decidido retirar, recuerda que el 20 de mayo empieza el registro de solicitudes según el último dígito de tu DNI.

Para saber más entra aquí: bit.ly/3WJL79h 🔗",123,2,14,4,22.0K
2025-07-10 23:19:20,Interbank,"Mar 27, 2024","Este feriado largo tu #InterbankApp estará disponible 24/7 para todas tus operaciones, al igual que nuestra Banca por Internet. El sábado 30 atenderemos en horario regular. ✨",46,1,9,0,16.0K
2025-07-10 23:19:20,Interbank,"Mar 26, 2024","#OrgulloInterbank  
¡Somos top #2 de “Los Mejores Lugares para Trabajar para las Mujeres en Perú” por @GPTWPeru 💪 
¡El cambio es colectivo! 💚 Seguiremos impulsándolo a través de nuestros programas e iniciativas para promover un entorno equitativo, diverso e inclusivo.",7,2,9,0,10.0K
2025-07-10 23:19:20,Interbank,"Mar 21, 2024","#OrgulloInterbank compartir el reconocimiento como Líderes Empresariales por el Cambio (LEC) a tres de nuestros clientes de Banca Empresa 🇵🇪 que apostaron por la #innovación para el crecimiento de sus negocios. 
#PremiosLEC",2,0,8,0,5.0K
2025-07-10 23:19:20,Interbank,"Mar 13, 2024","Otorgamos una línea de #FinanciamientoVerde por US$6 millones a HVC Exportaciones, destinada a la compra de café con certificación sostenible, lo que garantiza un ecosistema de prácticas eco amigables. 💪🌎

Conoce más👉interbank.pe/financiamiento…
#Sostenibilidad #NegocioResponsable",20,1,6,0,6.0K
2025-07-10 23:19:20,Interbank,"Mar 8, 2024","#EsCompromisoDeTodosyTodas ¡Este #8M sigamos! Por más acciones que nos permitan construir igualdad de oportunidades. Conoce algunas de nuestras iniciativas para impulsar la equidad en 👉 interbank.pe/equidad
#8deMarzo #DíaInternacionalDeLaMujer #EsTiempoDeEquidad",14,3,7,0,5.0K
2025-07-11 01:43:36,Interbank,Apr 16,¡Este feriado largo sigamos conectados! 💚 Este 17 y 18 de abril realiza tus operaciones de forma digital a través de tu #InterbankAPP 📲,81,0,7,3,12.0K
2025-07-11 01:43:36,Interbank,Oct 7,"Recuerda 👀 durante este feriado no habrá atención en nuestras Tiendas Financieras. 
Todas tus operaciones podrás hacerlas desde nuestra Banca por Internet y desde tu #InterbankApp 📱",66,1,25,2,98.0K
2025-07-11 01:43:36,Interbank,Aug 29,"Este feriado, sigue gestionando tus operaciones de manera rápida y segura desde tu Interbank APP o a través de nuestra Banca por Internet. 📲💻

✨ ¡Te esperamos de vuelta el 31 de agosto! ✨",59,0,9,0,37.0K
2025-07-11 01:43:36,Interbank,Aug 5,"Este 06 de agosto, realiza todas tus operaciones de manera fácil y segura desde tu #Interbank APP o desde nuestra Banca por Internet. 📲🧑‍💻",21,0,3,0,30.0K
2025-07-11 01:43:36,Interbank,Jul 27,"Este 29 de julio, realiza todas tus operaciones de manera fácil y segura desde tu #InterbankApp📱o desde nuestra Banca por Internet.  💻

✨ Retomaremos nuestra atención regular, el martes 30 de julio. 💚",30,1,9,0,26.0K
2025-07-11 01:43:36,Interbank,Jul 22,"📢 Este martes 23 de julio, realiza todas tus operaciones de manera fácil y segura desde tu #InterbankAPP o nuestra Banca por Internet. 💻📱",8,0,5,1,21.0K
2025-07-11 01:43:36,Interbank,"Jun 6, 2024","👀Este feriado, puedes realizar tus operaciones desde casa en nuestros canales digitales 📲Nos reencontramos el sábado en nuestro horario regular.",96,1,7,1,17.0K
2025-07-11 01:43:36,Interbank,"May 4, 2024","👉 Encuentra aquí todo lo que necesitas saber sobre el retiro de la AFP. Si has decidido retirar, recuerda que el 20 de mayo empieza el registro de solicitudes según el último dígito de tu DNI.

Para saber más entra aquí: bit.ly/3WJL79h 🔗",123,2,14,4,22.0K
2025-07-11 01:43:36,Interbank,"Mar 27, 2024","Este feriado largo tu #InterbankApp estará disponible 24/7 para todas tus operaciones, al igual que nuestra Banca por Internet. El sábado 30 atenderemos en horario regular. ✨",46,1,9,0,16.0K
2025-07-11 01:43:36,Interbank,"Mar 26, 2024","#OrgulloInterbank  
¡Somos top #2 de “Los Mejores Lugares para Trabajar para las Mujeres en Perú” por @GPTWPeru 💪 
¡El cambio es colectivo! 💚 Seguiremos impulsándolo a través de nuestros programas e iniciativas para promover un entorno equitativo, diverso e inclusivo.",7,2,9,0,10.0K
2025-07-11 01:43:36,Interbank,"Mar 21, 2024","#OrgulloInterbank compartir el reconocimiento como Líderes Empresariales por el Cambio (LEC) a tres de nuestros clientes de Banca Empresa 🇵🇪 que apostaron por la #innovación para el crecimiento de sus negocios. 
#PremiosLEC",2,0,8,0,5.0K
2025-07-11 01:43:36,Interbank,"Mar 13, 2024","Otorgamos una línea de #FinanciamientoVerde por US$6 millones a HVC Exportaciones, destinada a la compra de café con certificación sostenible, lo que garantiza un ecosistema de prácticas eco amigables. 💪🌎

Conoce más👉interbank.pe/financiamiento…
#Sostenibilidad #NegocioResponsable",20,1,6,0,6.0K
2025-07-11 01:43:36,Interbank,"Mar 8, 2024","#EsCompromisoDeTodosyTodas ¡Este #8M sigamos! Por más acciones que nos permitan construir igualdad de oportunidades. Conoce algunas de nuestras iniciativas para impulsar la equidad en 👉 interbank.pe/equidad
#8deMarzo #DíaInternacionalDeLaMujer #EsTiempoDeEquidad",14,3,7,0,5.0K
2025-07-11 03:27:27,Interbank,Apr 16,¡Este feriado largo sigamos conectados! 💚 Este 17 y 18 de abril realiza tus operaciones de forma digital a través de tu #InterbankAPP 📲,84,0,7,3,12.0K
2025-07-11 03:27:27,Interbank,Oct 7,"Recuerda 👀 durante este feriado no habrá atención en nuestras Tiendas Financieras. 
Todas tus operaciones podrás hacerlas desde nuestra Banca por Internet y desde tu #InterbankApp 📱",66,1,25,2,98.0K
2025-07-11 03:27:27,Interbank,Aug 29,"Este feriado, sigue gestionando tus operaciones de manera rápida y segura desde tu Interbank APP o a través de nuestra Banca por Internet. 📲💻

✨ ¡Te esperamos de vuelta el 31 de agosto! ✨",59,0,9,0,37.0K
2025-07-11 03:27:27,Interbank,Aug 5,"Este 06 de agosto, realiza todas tus operaciones de manera fácil y segura desde tu #Interbank APP o desde nuestra Banca por Internet. 📲🧑‍💻",21,0,3,0,30.0K
2025-07-11 03:27:27,Interbank,Jul 27,"Este 29 de julio, realiza todas tus operaciones de manera fácil y segura desde tu #InterbankApp📱o desde nuestra Banca por Internet.  💻

✨ Retomaremos nuestra atención regular, el martes 30 de julio. 💚",30,1,9,0,26.0K
2025-07-11 03:27:27,Interbank,Jul 22,"📢 Este martes 23 de julio, realiza todas tus operaciones de manera fácil y segura desde tu #InterbankAPP o nuestra Banca por Internet. 💻📱",8,0,5,1,21.0K
2025-07-11 03:27:27,Interbank,"Jun 6, 2024","👀Este feriado, puedes realizar tus operaciones desde casa en nuestros canales digitales 📲Nos reencontramos el sábado en nuestro horario regular.",96,1,7,1,17.0K
2025-07-11 03:27:27,Interbank,"May 4, 2024","👉 Encuentra aquí todo lo que necesitas saber sobre el retiro de la AFP. Si has decidido retirar, recuerda que el 20 de mayo empieza el registro de solicitudes según el último dígito de tu DNI.

Para saber más entra aquí: bit.ly/3WJL79h 🔗",123,2,14,4,22.0K
2025-07-11 03:27:27,Interbank,"Mar 27, 2024","Este feriado largo tu #InterbankApp estará disponible 24/7 para todas tus operaciones, al igual que nuestra Banca por Internet. El sábado 30 atenderemos en horario regular. ✨",46,1,9,0,16.0K
2025-07-11 03:27:27,Interbank,"Mar 26, 2024","#OrgulloInterbank  
¡Somos top #2 de “Los Mejores Lugares para Trabajar para las Mujeres en Perú” por @GPTWPeru 💪 
¡El cambio es colectivo! 💚 Seguiremos impulsándolo a través de nuestros programas e iniciativas para promover un entorno equitativo, diverso e inclusivo.",7,2,9,0,10.0K
2025-07-11 03:27:27,Interbank,"Mar 21, 2024","#OrgulloInterbank compartir el reconocimiento como Líderes Empresariales por el Cambio (LEC) a tres de nuestros clientes de Banca Empresa 🇵🇪 que apostaron por la #innovación para el crecimiento de sus negocios. 
#PremiosLEC",2,0,8,0,5.0K
2025-07-11 03:27:27,Interbank,"Mar 13, 2024","Otorgamos una línea de #FinanciamientoVerde por US$6 millones a HVC Exportaciones, destinada a la compra de café con certificación sostenible, lo que garantiza un ecosistema de prácticas eco amigables. 💪🌎

Conoce más👉interbank.pe/financiamiento…
#Sostenibilidad #NegocioResponsable",20,1,6,0,6.0K
2025-07-11 03:27:27,Interbank,"Mar 8, 2024","#EsCompromisoDeTodosyTodas ¡Este #8M sigamos! Por más acciones que nos permitan construir igualdad de oportunidades. Conoce algunas de nuestras iniciativas para impulsar la equidad en 👉 interbank.pe/equidad
#8deMarzo #DíaInternacionalDeLaMujer #EsTiempoDeEquidad",14,3,7,0,5.0K
2025-07-11 06:30:39,Interbank,Apr 16,¡Este feriado largo sigamos conectados! 💚 Este 17 y 18 de abril realiza tus operaciones de forma digital a través de tu #InterbankAPP 📲,84,0,7,3,12.0K
2025-07-11 06:30:39,Interbank,Oct 7,"Recuerda 👀 durante este feriado no habrá atención en nuestras Tiendas Financieras. 
Todas tus operaciones podrás hacerlas desde nuestra Banca por Internet y desde tu #InterbankApp 📱",66,1,25,2,98.0K
2025-07-11 06:30:39,Interbank,Aug 29,"Este feriado, sigue gestionando tus operaciones de manera rápida y segura desde tu Interbank APP o a través de nuestra Banca por Internet. 📲💻

✨ ¡Te esperamos de vuelta el 31 de agosto! ✨",59,0,9,0,37.0K
2025-07-11 06:30:39,Interbank,Aug 5,"Este 06 de agosto, realiza todas tus operaciones de manera fácil y segura desde tu #Interbank APP o desde nuestra Banca por Internet. 📲🧑‍💻",21,0,3,0,30.0K
2025-07-11 06:30:39,Interbank,Jul 27,"Este 29 de julio, realiza todas tus operaciones de manera fácil y segura desde tu #InterbankApp📱o desde nuestra Banca por Internet.  💻

✨ Retomaremos nuestra atención regular, el martes 30 de julio. 💚",30,1,9,0,26.0K
2025-07-11 06:30:39,Interbank,Jul 22,"📢 Este martes 23 de julio, realiza todas tus operaciones de manera fácil y segura desde tu #InterbankAPP o nuestra Banca por Internet. 💻📱",8,0,5,1,21.0K
2025-07-11 06:30:39,Interbank,"Jun 6, 2024","👀Este feriado, puedes realizar tus operaciones desde casa en nuestros canales digitales 📲Nos reencontramos el sábado en nuestro horario regular.",96,1,7,1,17.0K
2025-07-11 06:30:39,Interbank,"May 4, 2024","👉 Encuentra aquí todo lo que necesitas saber sobre el retiro de la AFP. Si has decidido retirar, recuerda que el 20 de mayo empieza el registro de solicitudes según el último dígito de tu DNI.

Para saber más entra aquí: bit.ly/3WJL79h 🔗",123,2,14,4,22.0K
2025-07-11 06:30:39,Interbank,"Mar 27, 2024","Este feriado largo tu #InterbankApp estará disponible 24/7 para todas tus operaciones, al igual que nuestra Banca por Internet. El sábado 30 atenderemos en horario regular. ✨",46,1,9,0,16.0K
2025-07-11 06:30:39,Interbank,"Mar 26, 2024","#OrgulloInterbank  
¡Somos top #2 de “Los Mejores Lugares para Trabajar para las Mujeres en Perú” por @GPTWPeru 💪 
¡El cambio es colectivo! 💚 Seguiremos impulsándolo a través de nuestros programas e iniciativas para promover un entorno equitativo, diverso e inclusivo.",7,2,9,0,10.0K
2025-07-11 06:30:39,Interbank,"Mar 21, 2024","#OrgulloInterbank compartir el reconocimiento como Líderes Empresariales por el Cambio (LEC) a tres de nuestros clientes de Banca Empresa 🇵🇪 que apostaron por la #innovación para el crecimiento de sus negocios. 
#PremiosLEC",2,0,8,0,5.0K
2025-07-11 06:30:39,Interbank,"Mar 13, 2024","Otorgamos una línea de #FinanciamientoVerde por US$6 millones a HVC Exportaciones, destinada a la compra de café con certificación sostenible, lo que garantiza un ecosistema de prácticas eco amigables. 💪🌎

Conoce más👉interbank.pe/financiamiento…
#Sostenibilidad #NegocioResponsable",20,1,6,0,6.0K
2025-07-11 06:30:39,Interbank,"Mar 8, 2024","#EsCompromisoDeTodosyTodas ¡Este #8M sigamos! Por más acciones que nos permitan construir igualdad de oportunidades. Conoce algunas de nuestras iniciativas para impulsar la equidad en 👉 interbank.pe/equidad
#8deMarzo #DíaInternacionalDeLaMujer #EsTiempoDeEquidad",14,3,7,0,5.0K
2025-07-11 07:20:45,Interbank,Apr 16,¡Este feriado largo sigamos conectados! 💚 Este 17 y 18 de abril realiza tus operaciones de forma digital a través de tu #InterbankAPP 📲,84,0,7,3,12.0K
2025-07-11 07:20:45,Interbank,Oct 7,"Recuerda 👀 durante este feriado no habrá atención en nuestras Tiendas Financieras. 
Todas tus operaciones podrás hacerlas desde nuestra Banca por Internet y desde tu #InterbankApp 📱",66,1,25,2,98.0K
2025-07-11 07:20:45,Interbank,Aug 29,"Este feriado, sigue gestionando tus operaciones de manera rápida y segura desde tu Interbank APP o a través de nuestra Banca por Internet. 📲💻

✨ ¡Te esperamos de vuelta el 31 de agosto! ✨",59,0,9,0,37.0K
2025-07-11 07:20:45,Interbank,Aug 5,"Este 06 de agosto, realiza todas tus operaciones de manera fácil y segura desde tu #Interbank APP o desde nuestra Banca por Internet. 📲🧑‍💻",21,0,3,0,30.0K
2025-07-11 07:20:45,Interbank,Jul 27,"Este 29 de julio, realiza todas tus operaciones de manera fácil y segura desde tu #InterbankApp📱o desde nuestra Banca por Internet.  💻

✨ Retomaremos nuestra atención regular, el martes 30 de julio. 💚",30,1,9,0,26.0K
2025-07-11 07:20:45,Interbank,Jul 22,"📢 Este martes 23 de julio, realiza todas tus operaciones de manera fácil y segura desde tu #InterbankAPP o nuestra Banca por Internet. 💻📱",8,0,5,1,21.0K
2025-07-11 07:20:45,Interbank,"Jun 6, 2024","👀Este feriado, puedes realizar tus operaciones desde casa en nuestros canales digitales 📲Nos reencontramos el sábado en nuestro horario regular.",96,1,7,1,17.0K
2025-07-11 07:20:45,Interbank,"May 4, 2024","👉 Encuentra aquí todo lo que necesitas saber sobre el retiro de la AFP. Si has decidido retirar, recuerda que el 20 de mayo empieza el registro de solicitudes según el último dígito de tu DNI.

Para saber más entra aquí: bit.ly/3WJL79h 🔗",123,2,14,4,22.0K
2025-07-11 07:20:45,Interbank,"Mar 27, 2024","Este feriado largo tu #InterbankApp estará disponible 24/7 para todas tus operaciones, al igual que nuestra Banca por Internet. El sábado 30 atenderemos en horario regular. ✨",46,1,9,0,16.0K
2025-07-11 07:20:45,Interbank,"Mar 26, 2024","#OrgulloInterbank  
¡Somos top #2 de “Los Mejores Lugares para Trabajar para las Mujeres en Perú” por @GPTWPeru 💪 
¡El cambio es colectivo! 💚 Seguiremos impulsándolo a través de nuestros programas e iniciativas para promover un entorno equitativo, diverso e inclusivo.",7,2,9,0,10.0K
2025-07-11 07:20:45,Interbank,"Mar 21, 2024","#OrgulloInterbank compartir el reconocimiento como Líderes Empresariales por el Cambio (LEC) a tres de nuestros clientes de Banca Empresa 🇵🇪 que apostaron por la #innovación para el crecimiento de sus negocios. 
#PremiosLEC",2,0,8,0,5.0K
2025-07-11 07:20:45,Interbank,"Mar 13, 2024","Otorgamos una línea de #FinanciamientoVerde por US$6 millones a HVC Exportaciones, destinada a la compra de café con certificación sostenible, lo que garantiza un ecosistema de prácticas eco amigables. 💪🌎

Conoce más👉interbank.pe/financiamiento…
#Sostenibilidad #NegocioResponsable",20,1,6,0,6.0K
2025-07-11 07:20:45,Interbank,"Mar 8, 2024","#EsCompromisoDeTodosyTodas ¡Este #8M sigamos! Por más acciones que nos permitan construir igualdad de oportunidades. Conoce algunas de nuestras iniciativas para impulsar la equidad en 👉 interbank.pe/equidad
#8deMarzo #DíaInternacionalDeLaMujer #EsTiempoDeEquidad",14,3,7,0,5.0K
2025-07-11 08:27:27,Interbank,Apr 16,¡Este feriado largo sigamos conectados! 💚 Este 17 y 18 de abril realiza tus operaciones de forma digital a través de tu #InterbankAPP 📲,84,0,7,3,12.0K
2025-07-11 08:27:27,Interbank,Oct 7,"Recuerda 👀 durante este feriado no habrá atención en nuestras Tiendas Financieras. 
Todas tus operaciones podrás hacerlas desde nuestra Banca por Internet y desde tu #InterbankApp 📱",66,1,24,2,98.0K
2025-07-11 08:27:27,Interbank,Aug 29,"Este feriado, sigue gestionando tus operaciones de manera rápida y segura desde tu Interbank APP o a través de nuestra Banca por Internet. 📲💻

✨ ¡Te esperamos de vuelta el 31 de agosto! ✨",59,0,9,0,37.0K
2025-07-11 08:27:27,Interbank,Aug 5,"Este 06 de agosto, realiza todas tus operaciones de manera fácil y segura desde tu #Interbank APP o desde nuestra Banca por Internet. 📲🧑‍💻",21,0,3,0,30.0K
2025-07-11 08:27:27,Interbank,Jul 27,"Este 29 de julio, realiza todas tus operaciones de manera fácil y segura desde tu #InterbankApp📱o desde nuestra Banca por Internet.  💻

✨ Retomaremos nuestra atención regular, el martes 30 de julio. 💚",30,1,9,0,26.0K
2025-07-11 08:27:27,Interbank,Jul 22,"📢 Este martes 23 de julio, realiza todas tus operaciones de manera fácil y segura desde tu #InterbankAPP o nuestra Banca por Internet. 💻📱",8,0,5,1,21.0K
2025-07-11 08:27:27,Interbank,"Jun 6, 2024","👀Este feriado, puedes realizar tus operaciones desde casa en nuestros canales digitales 📲Nos reencontramos el sábado en nuestro horario regular.",96,1,7,1,17.0K
2025-07-11 08:27:27,Interbank,"May 4, 2024","👉 Encuentra aquí todo lo que necesitas saber sobre el retiro de la AFP. Si has decidido retirar, recuerda que el 20 de mayo empieza el registro de solicitudes según el último dígito de tu DNI.

Para saber más entra aquí: bit.ly/3WJL79h 🔗",123,2,14,4,22.0K
2025-07-11 08:27:27,Interbank,"Mar 27, 2024","Este feriado largo tu #InterbankApp estará disponible 24/7 para todas tus operaciones, al igual que nuestra Banca por Internet. El sábado 30 atenderemos en horario regular. ✨",46,1,9,0,16.0K
2025-07-11 08:27:27,Interbank,"Mar 26, 2024","#OrgulloInterbank  
¡Somos top #2 de “Los Mejores Lugares para Trabajar para las Mujeres en Perú” por @GPTWPeru 💪 
¡El cambio es colectivo! 💚 Seguiremos impulsándolo a través de nuestros programas e iniciativas para promover un entorno equitativo, diverso e inclusivo.",7,2,9,0,10.0K
2025-07-11 08:27:27,Interbank,"Mar 21, 2024","#OrgulloInterbank compartir el reconocimiento como Líderes Empresariales por el Cambio (LEC) a tres de nuestros clientes de Banca Empresa 🇵🇪 que apostaron por la #innovación para el crecimiento de sus negocios. 
#PremiosLEC",2,0,8,0,5.0K
2025-07-11 08:27:27,Interbank,"Mar 13, 2024","Otorgamos una línea de #FinanciamientoVerde por US$6 millones a HVC Exportaciones, destinada a la compra de café con certificación sostenible, lo que garantiza un ecosistema de prácticas eco amigables. 💪🌎

Conoce más👉interbank.pe/financiamiento…
#Sostenibilidad #NegocioResponsable",20,1,6,0,6.0K
2025-07-11 08:27:27,Interbank,"Mar 8, 2024","#EsCompromisoDeTodosyTodas ¡Este #8M sigamos! Por más acciones que nos permitan construir igualdad de oportunidades. Conoce algunas de nuestras iniciativas para impulsar la equidad en 👉 interbank.pe/equidad
#8deMarzo #DíaInternacionalDeLaMujer #EsTiempoDeEquidad",14,3,7,0,5.0K
2025-07-11 09:22:12,Interbank,Apr 16,¡Este feriado largo sigamos conectados! 💚 Este 17 y 18 de abril realiza tus operaciones de forma digital a través de tu #InterbankAPP 📲,84,0,7,3,12.0K
2025-07-11 09:22:12,Interbank,Oct 7,"Recuerda 👀 durante este feriado no habrá atención en nuestras Tiendas Financieras. 
Todas tus operaciones podrás hacerlas desde nuestra Banca por Internet y desde tu #InterbankApp 📱",66,1,24,2,98.0K
2025-07-11 09:22:12,Interbank,Aug 29,"Este feriado, sigue gestionando tus operaciones de manera rápida y segura desde tu Interbank APP o a través de nuestra Banca por Internet. 📲💻

✨ ¡Te esperamos de vuelta el 31 de agosto! ✨",59,0,9,0,37.0K
2025-07-11 09:22:12,Interbank,Aug 5,"Este 06 de agosto, realiza todas tus operaciones de manera fácil y segura desde tu #Interbank APP o desde nuestra Banca por Internet. 📲🧑‍💻",21,0,3,0,30.0K
2025-07-11 09:22:12,Interbank,Jul 27,"Este 29 de julio, realiza todas tus operaciones de manera fácil y segura desde tu #InterbankApp📱o desde nuestra Banca por Internet.  💻

✨ Retomaremos nuestra atención regular, el martes 30 de julio. 💚",30,1,9,0,26.0K
2025-07-11 09:22:12,Interbank,Jul 22,"📢 Este martes 23 de julio, realiza todas tus operaciones de manera fácil y segura desde tu #InterbankAPP o nuestra Banca por Internet. 💻📱",8,0,5,1,21.0K
2025-07-11 09:22:12,Interbank,"Jun 6, 2024","👀Este feriado, puedes realizar tus operaciones desde casa en nuestros canales digitales 📲Nos reencontramos el sábado en nuestro horario regular.",96,1,7,1,17.0K
2025-07-11 09:22:12,Interbank,"May 4, 2024","👉 Encuentra aquí todo lo que necesitas saber sobre el retiro de la AFP. Si has decidido retirar, recuerda que el 20 de mayo empieza el registro de solicitudes según el último dígito de tu DNI.

Para saber más entra aquí: bit.ly/3WJL79h 🔗",123,2,14,4,22.0K
2025-07-11 09:22:12,Interbank,"Mar 27, 2024","Este feriado largo tu #InterbankApp estará disponible 24/7 para todas tus operaciones, al igual que nuestra Banca por Internet. El sábado 30 atenderemos en horario regular. ✨",46,1,9,0,16.0K
2025-07-11 09:22:12,Interbank,"Mar 26, 2024","#OrgulloInterbank  
¡Somos top #2 de “Los Mejores Lugares para Trabajar para las Mujeres en Perú” por @GPTWPeru 💪 
¡El cambio es colectivo! 💚 Seguiremos impulsándolo a través de nuestros programas e iniciativas para promover un entorno equitativo, diverso e inclusivo.",7,2,9,0,10.0K
2025-07-11 09:22:12,Interbank,"Mar 21, 2024","#OrgulloInterbank compartir el reconocimiento como Líderes Empresariales por el Cambio (LEC) a tres de nuestros clientes de Banca Empresa 🇵🇪 que apostaron por la #innovación para el crecimiento de sus negocios. 
#PremiosLEC",2,0,8,0,5.0K
2025-07-11 09:22:12,Interbank,"Mar 13, 2024","Otorgamos una línea de #FinanciamientoVerde por US$6 millones a HVC Exportaciones, destinada a la compra de café con certificación sostenible, lo que garantiza un ecosistema de prácticas eco amigables. 💪🌎

Conoce más👉interbank.pe/financiamiento…
#Sostenibilidad #NegocioResponsable",20,1,6,0,6.0K
2025-07-11 09:22:12,Interbank,"Mar 8, 2024","#EsCompromisoDeTodosyTodas ¡Este #8M sigamos! Por más acciones que nos permitan construir igualdad de oportunidades. Conoce algunas de nuestras iniciativas para impulsar la equidad en 👉 interbank.pe/equidad
#8deMarzo #DíaInternacionalDeLaMujer #EsTiempoDeEquidad",14,3,7,0,5.0K
2025-07-11 10:21:24,Interbank,Apr 16,¡Este feriado largo sigamos conectados! 💚 Este 17 y 18 de abril realiza tus operaciones de forma digital a través de tu #InterbankAPP 📲,84,0,7,3,12.0K
2025-07-11 10:21:24,Interbank,Oct 7,"Recuerda 👀 durante este feriado no habrá atención en nuestras Tiendas Financieras. 
Todas tus operaciones podrás hacerlas desde nuestra Banca por Internet y desde tu #InterbankApp 📱",66,1,24,2,98.0K
2025-07-11 10:21:24,Interbank,Aug 29,"Este feriado, sigue gestionando tus operaciones de manera rápida y segura desde tu Interbank APP o a través de nuestra Banca por Internet. 📲💻

✨ ¡Te esperamos de vuelta el 31 de agosto! ✨",59,0,9,0,37.0K
2025-07-11 10:21:24,Interbank,Aug 5,"Este 06 de agosto, realiza todas tus operaciones de manera fácil y segura desde tu #Interbank APP o desde nuestra Banca por Internet. 📲🧑‍💻",21,0,3,0,30.0K
2025-07-11 10:21:24,Interbank,Jul 27,"Este 29 de julio, realiza todas tus operaciones de manera fácil y segura desde tu #InterbankApp📱o desde nuestra Banca por Internet.  💻

✨ Retomaremos nuestra atención regular, el martes 30 de julio. 💚",30,1,9,0,26.0K
2025-07-11 10:21:24,Interbank,Jul 22,"📢 Este martes 23 de julio, realiza todas tus operaciones de manera fácil y segura desde tu #InterbankAPP o nuestra Banca por Internet. 💻📱",8,0,5,1,21.0K
2025-07-11 10:21:24,Interbank,"Jun 6, 2024","👀Este feriado, puedes realizar tus operaciones desde casa en nuestros canales digitales 📲Nos reencontramos el sábado en nuestro horario regular.",96,1,7,1,17.0K
2025-07-11 10:21:24,Interbank,"May 4, 2024","👉 Encuentra aquí todo lo que necesitas saber sobre el retiro de la AFP. Si has decidido retirar, recuerda que el 20 de mayo empieza el registro de solicitudes según el último dígito de tu DNI.

Para saber más entra aquí: bit.ly/3WJL79h 🔗",123,2,14,4,22.0K
2025-07-11 10:21:24,Interbank,"Mar 27, 2024","Este feriado largo tu #InterbankApp estará disponible 24/7 para todas tus operaciones, al igual que nuestra Banca por Internet. El sábado 30 atenderemos en horario regular. ✨",46,1,9,0,16.0K
2025-07-11 10:21:24,Interbank,"Mar 26, 2024","#OrgulloInterbank  
¡Somos top #2 de “Los Mejores Lugares para Trabajar para las Mujeres en Perú” por @GPTWPeru 💪 
¡El cambio es colectivo! 💚 Seguiremos impulsándolo a través de nuestros programas e iniciativas para promover un entorno equitativo, diverso e inclusivo.",7,2,9,0,10.0K
2025-07-11 10:21:24,Interbank,"Mar 21, 2024","#OrgulloInterbank compartir el reconocimiento como Líderes Empresariales por el Cambio (LEC) a tres de nuestros clientes de Banca Empresa 🇵🇪 que apostaron por la #innovación para el crecimiento de sus negocios. 
#PremiosLEC",2,0,8,0,5.0K
2025-07-11 10:21:24,Interbank,"Mar 13, 2024","Otorgamos una línea de #FinanciamientoVerde por US$6 millones a HVC Exportaciones, destinada a la compra de café con certificación sostenible, lo que garantiza un ecosistema de prácticas eco amigables. 💪🌎

Conoce más👉interbank.pe/financiamiento…
#Sostenibilidad #NegocioResponsable",20,1,6,0,6.0K
2025-07-11 10:21:24,Interbank,"Mar 8, 2024","#EsCompromisoDeTodosyTodas ¡Este #8M sigamos! Por más acciones que nos permitan construir igualdad de oportunidades. Conoce algunas de nuestras iniciativas para impulsar la equidad en 👉 interbank.pe/equidad
#8deMarzo #DíaInternacionalDeLaMujer #EsTiempoDeEquidad",14,3,7,0,5.0K
2025-07-11 12:40:21,Interbank,Apr 16,¡Este feriado largo sigamos conectados! 💚 Este 17 y 18 de abril realiza tus operaciones de forma digital a través de tu #InterbankAPP 📲,84,0,7,3,12.0K
2025-07-11 12:40:21,Interbank,Oct 7,"Recuerda 👀 durante este feriado no habrá atención en nuestras Tiendas Financieras. 
Todas tus operaciones podrás hacerlas desde nuestra Banca por Internet y desde tu #InterbankApp 📱",66,1,24,2,98.0K
2025-07-11 12:40:21,Interbank,Aug 29,"Este feriado, sigue gestionando tus operaciones de manera rápida y segura desde tu Interbank APP o a través de nuestra Banca por Internet. 📲💻

✨ ¡Te esperamos de vuelta el 31 de agosto! ✨",59,0,9,0,37.0K
2025-07-11 12:40:21,Interbank,Aug 5,"Este 06 de agosto, realiza todas tus operaciones de manera fácil y segura desde tu #Interbank APP o desde nuestra Banca por Internet. 📲🧑‍💻",21,0,3,0,30.0K
2025-07-11 12:40:21,Interbank,Jul 27,"Este 29 de julio, realiza todas tus operaciones de manera fácil y segura desde tu #InterbankApp📱o desde nuestra Banca por Internet.  💻

✨ Retomaremos nuestra atención regular, el martes 30 de julio. 💚",30,1,9,0,26.0K
2025-07-11 12:40:21,Interbank,Jul 22,"📢 Este martes 23 de julio, realiza todas tus operaciones de manera fácil y segura desde tu #InterbankAPP o nuestra Banca por Internet. 💻📱",8,0,5,1,21.0K
2025-07-11 12:40:21,Interbank,"Jun 6, 2024","👀Este feriado, puedes realizar tus operaciones desde casa en nuestros canales digitales 📲Nos reencontramos el sábado en nuestro horario regular.",96,1,7,1,17.0K
2025-07-11 12:40:21,Interbank,"May 4, 2024","👉 Encuentra aquí todo lo que necesitas saber sobre el retiro de la AFP. Si has decidido retirar, recuerda que el 20 de mayo empieza el registro de solicitudes según el último dígito de tu DNI.

Para saber más entra aquí: bit.ly/3WJL79h 🔗",123,2,14,4,22.0K
2025-07-11 12:40:21,Interbank,"Mar 27, 2024","Este feriado largo tu #InterbankApp estará disponible 24/7 para todas tus operaciones, al igual que nuestra Banca por Internet. El sábado 30 atenderemos en horario regular. ✨",46,1,9,0,16.0K
2025-07-11 12:40:21,Interbank,"Mar 26, 2024","#OrgulloInterbank  
¡Somos top #2 de “Los Mejores Lugares para Trabajar para las Mujeres en Perú” por @GPTWPeru 💪 
¡El cambio es colectivo! 💚 Seguiremos impulsándolo a través de nuestros programas e iniciativas para promover un entorno equitativo, diverso e inclusivo.",7,2,9,0,10.0K
2025-07-11 12:40:21,Interbank,"Mar 21, 2024","#OrgulloInterbank compartir el reconocimiento como Líderes Empresariales por el Cambio (LEC) a tres de nuestros clientes de Banca Empresa 🇵🇪 que apostaron por la #innovación para el crecimiento de sus negocios. 
#PremiosLEC",2,0,8,0,5.0K
2025-07-11 12:40:21,Interbank,"Mar 13, 2024","Otorgamos una línea de #FinanciamientoVerde por US$6 millones a HVC Exportaciones, destinada a la compra de café con certificación sostenible, lo que garantiza un ecosistema de prácticas eco amigables. 💪🌎

Conoce más👉interbank.pe/financiamiento…
#Sostenibilidad #NegocioResponsable",20,1,6,0,6.0K
2025-07-11 12:40:21,Interbank,"Mar 8, 2024","#EsCompromisoDeTodosyTodas ¡Este #8M sigamos! Por más acciones que nos permitan construir igualdad de oportunidades. Conoce algunas de nuestras iniciativas para impulsar la equidad en 👉 interbank.pe/equidad
#8deMarzo #DíaInternacionalDeLaMujer #EsTiempoDeEquidad",14,3,7,0,5.0K
2025-07-11 13:32:44,Interbank,Apr 16,¡Este feriado largo sigamos conectados! 💚 Este 17 y 18 de abril realiza tus operaciones de forma digital a través de tu #InterbankAPP 📲,84,0,7,3,12.0K
2025-07-11 13:32:44,Interbank,Oct 7,"Recuerda 👀 durante este feriado no habrá atención en nuestras Tiendas Financieras. 
Todas tus operaciones podrás hacerlas desde nuestra Banca por Internet y desde tu #InterbankApp 📱",66,1,24,2,98.0K
2025-07-11 13:32:44,Interbank,Aug 29,"Este feriado, sigue gestionando tus operaciones de manera rápida y segura desde tu Interbank APP o a través de nuestra Banca por Internet. 📲💻

✨ ¡Te esperamos de vuelta el 31 de agosto! ✨",59,0,9,0,37.0K
2025-07-11 13:32:44,Interbank,Aug 5,"Este 06 de agosto, realiza todas tus operaciones de manera fácil y segura desde tu #Interbank APP o desde nuestra Banca por Internet. 📲🧑‍💻",21,0,3,0,30.0K
2025-07-11 13:32:44,Interbank,Jul 27,"Este 29 de julio, realiza todas tus operaciones de manera fácil y segura desde tu #InterbankApp📱o desde nuestra Banca por Internet.  💻

✨ Retomaremos nuestra atención regular, el martes 30 de julio. 💚",30,1,9,0,26.0K
2025-07-11 13:32:44,Interbank,Jul 22,"📢 Este martes 23 de julio, realiza todas tus operaciones de manera fácil y segura desde tu #InterbankAPP o nuestra Banca por Internet. 💻📱",8,0,5,1,21.0K
2025-07-11 13:32:44,Interbank,"Jun 6, 2024","👀Este feriado, puedes realizar tus operaciones desde casa en nuestros canales digitales 📲Nos reencontramos el sábado en nuestro horario regular.",96,1,7,1,17.0K
2025-07-11 13:32:44,Interbank,"May 4, 2024","👉 Encuentra aquí todo lo que necesitas saber sobre el retiro de la AFP. Si has decidido retirar, recuerda que el 20 de mayo empieza el registro de solicitudes según el último dígito de tu DNI.

Para saber más entra aquí: bit.ly/3WJL79h 🔗",123,2,14,4,22.0K
2025-07-11 13:32:44,Interbank,"Mar 27, 2024","Este feriado largo tu #InterbankApp estará disponible 24/7 para todas tus operaciones, al igual que nuestra Banca por Internet. El sábado 30 atenderemos en horario regular. ✨",46,1,9,0,16.0K
2025-07-11 13:32:44,Interbank,"Mar 26, 2024","#OrgulloInterbank  
¡Somos top #2 de “Los Mejores Lugares para Trabajar para las Mujeres en Perú” por @GPTWPeru 💪 
¡El cambio es colectivo! 💚 Seguiremos impulsándolo a través de nuestros programas e iniciativas para promover un entorno equitativo, diverso e inclusivo.",7,2,9,0,10.0K
2025-07-11 13:32:44,Interbank,"Mar 21, 2024","#OrgulloInterbank compartir el reconocimiento como Líderes Empresariales por el Cambio (LEC) a tres de nuestros clientes de Banca Empresa 🇵🇪 que apostaron por la #innovación para el crecimiento de sus negocios. 
#PremiosLEC",2,0,8,0,5.0K
2025-07-11 13:32:44,Interbank,"Mar 13, 2024","Otorgamos una línea de #FinanciamientoVerde por US$6 millones a HVC Exportaciones, destinada a la compra de café con certificación sostenible, lo que garantiza un ecosistema de prácticas eco amigables. 💪🌎

Conoce más👉interbank.pe/financiamiento…
#Sostenibilidad #NegocioResponsable",20,1,6,0,6.0K
2025-07-11 13:32:44,Interbank,"Mar 8, 2024","#EsCompromisoDeTodosyTodas ¡Este #8M sigamos! Por más acciones que nos permitan construir igualdad de oportunidades. Conoce algunas de nuestras iniciativas para impulsar la equidad en 👉 interbank.pe/equidad
#8deMarzo #DíaInternacionalDeLaMujer #EsTiempoDeEquidad",14,3,7,0,5.0K
2025-07-11 14:19:58,Interbank,Apr 16,¡Este feriado largo sigamos conectados! 💚 Este 17 y 18 de abril realiza tus operaciones de forma digital a través de tu #InterbankAPP 📲,84,0,7,3,12.0K
2025-07-11 14:19:58,Interbank,Oct 7,"Recuerda 👀 durante este feriado no habrá atención en nuestras Tiendas Financieras. 
Todas tus operaciones podrás hacerlas desde nuestra Banca por Internet y desde tu #InterbankApp 📱",66,1,25,2,98.0K
2025-07-11 14:19:58,Interbank,Aug 29,"Este feriado, sigue gestionando tus operaciones de manera rápida y segura desde tu Interbank APP o a través de nuestra Banca por Internet. 📲💻

✨ ¡Te esperamos de vuelta el 31 de agosto! ✨",59,0,9,0,37.0K
2025-07-11 14:19:58,Interbank,Aug 5,"Este 06 de agosto, realiza todas tus operaciones de manera fácil y segura desde tu #Interbank APP o desde nuestra Banca por Internet. 📲🧑‍💻",21,0,3,0,30.0K
2025-07-11 14:19:58,Interbank,Jul 27,"Este 29 de julio, realiza todas tus operaciones de manera fácil y segura desde tu #InterbankApp📱o desde nuestra Banca por Internet.  💻

✨ Retomaremos nuestra atención regular, el martes 30 de julio. 💚",30,1,9,0,26.0K
2025-07-11 14:19:58,Interbank,Jul 22,"📢 Este martes 23 de julio, realiza todas tus operaciones de manera fácil y segura desde tu #InterbankAPP o nuestra Banca por Internet. 💻📱",8,0,5,1,21.0K
2025-07-11 14:19:58,Interbank,"Jun 6, 2024","👀Este feriado, puedes realizar tus operaciones desde casa en nuestros canales digitales 📲Nos reencontramos el sábado en nuestro horario regular.",96,1,7,1,17.0K
2025-07-11 14:19:58,Interbank,"May 4, 2024","👉 Encuentra aquí todo lo que necesitas saber sobre el retiro de la AFP. Si has decidido retirar, recuerda que el 20 de mayo empieza el registro de solicitudes según el último dígito de tu DNI.

Para saber más entra aquí: bit.ly/3WJL79h 🔗",123,2,14,4,22.0K
2025-07-11 14:19:58,Interbank,"Mar 27, 2024","Este feriado largo tu #InterbankApp estará disponible 24/7 para todas tus operaciones, al igual que nuestra Banca por Internet. El sábado 30 atenderemos en horario regular. ✨",46,1,9,0,16.0K
2025-07-11 14:19:58,Interbank,"Mar 26, 2024","#OrgulloInterbank  
¡Somos top #2 de “Los Mejores Lugares para Trabajar para las Mujeres en Perú” por @GPTWPeru 💪 
¡El cambio es colectivo! 💚 Seguiremos impulsándolo a través de nuestros programas e iniciativas para promover un entorno equitativo, diverso e inclusivo.",7,2,9,0,10.0K
2025-07-11 14:19:58,Interbank,"Mar 21, 2024","#OrgulloInterbank compartir el reconocimiento como Líderes Empresariales por el Cambio (LEC) a tres de nuestros clientes de Banca Empresa 🇵🇪 que apostaron por la #innovación para el crecimiento de sus negocios. 
#PremiosLEC",2,0,8,0,5.0K
2025-07-11 14:19:58,Interbank,"Mar 13, 2024","Otorgamos una línea de #FinanciamientoVerde por US$6 millones a HVC Exportaciones, destinada a la compra de café con certificación sostenible, lo que garantiza un ecosistema de prácticas eco amigables. 💪🌎

Conoce más👉interbank.pe/financiamiento…
#Sostenibilidad #NegocioResponsable",20,1,6,0,6.0K
2025-07-11 14:19:58,Interbank,"Mar 8, 2024","#EsCompromisoDeTodosyTodas ¡Este #8M sigamos! Por más acciones que nos permitan construir igualdad de oportunidades. Conoce algunas de nuestras iniciativas para impulsar la equidad en 👉 interbank.pe/equidad
#8deMarzo #DíaInternacionalDeLaMujer #EsTiempoDeEquidad",14,3,7,0,5.0K
2025-07-11 15:21:25,Interbank,Apr 16,¡Este feriado largo sigamos conectados! 💚 Este 17 y 18 de abril realiza tus operaciones de forma digital a través de tu #InterbankAPP 📲,84,0,7,3,12.0K
2025-07-11 15:21:25,Interbank,Oct 7,"Recuerda 👀 durante este feriado no habrá atención en nuestras Tiendas Financieras. 
Todas tus operaciones podrás hacerlas desde nuestra Banca por Internet y desde tu #InterbankApp 📱",66,1,25,2,98.0K
2025-07-11 15:21:25,Interbank,Aug 29,"Este feriado, sigue gestionando tus operaciones de manera rápida y segura desde tu Interbank APP o a través de nuestra Banca por Internet. 📲💻

✨ ¡Te esperamos de vuelta el 31 de agosto! ✨",59,0,9,0,37.0K
2025-07-11 15:21:25,Interbank,Aug 5,"Este 06 de agosto, realiza todas tus operaciones de manera fácil y segura desde tu #Interbank APP o desde nuestra Banca por Internet. 📲🧑‍💻",21,0,3,0,30.0K
2025-07-11 15:21:25,Interbank,Jul 27,"Este 29 de julio, realiza todas tus operaciones de manera fácil y segura desde tu #InterbankApp📱o desde nuestra Banca por Internet.  💻

✨ Retomaremos nuestra atención regular, el martes 30 de julio. 💚",30,1,9,0,26.0K
2025-07-11 15:21:25,Interbank,Jul 22,"📢 Este martes 23 de julio, realiza todas tus operaciones de manera fácil y segura desde tu #InterbankAPP o nuestra Banca por Internet. 💻📱",8,0,5,1,21.0K
2025-07-11 15:21:25,Interbank,"Jun 6, 2024","👀Este feriado, puedes realizar tus operaciones desde casa en nuestros canales digitales 📲Nos reencontramos el sábado en nuestro horario regular.",96,1,7,1,17.0K
2025-07-11 15:21:25,Interbank,"May 4, 2024","👉 Encuentra aquí todo lo que necesitas saber sobre el retiro de la AFP. Si has decidido retirar, recuerda que el 20 de mayo empieza el registro de solicitudes según el último dígito de tu DNI.

Para saber más entra aquí: bit.ly/3WJL79h 🔗",123,2,14,4,22.0K
2025-07-11 15:21:25,Interbank,"Mar 27, 2024","Este feriado largo tu #InterbankApp estará disponible 24/7 para todas tus operaciones, al igual que nuestra Banca por Internet. El sábado 30 atenderemos en horario regular. ✨",46,1,9,0,16.0K
2025-07-11 15:21:25,Interbank,"Mar 26, 2024","#OrgulloInterbank  
¡Somos top #2 de “Los Mejores Lugares para Trabajar para las Mujeres en Perú” por @GPTWPeru 💪 
¡El cambio es colectivo! 💚 Seguiremos impulsándolo a través de nuestros programas e iniciativas para promover un entorno equitativo, diverso e inclusivo.",7,2,9,0,10.0K
2025-07-11 15:21:25,Interbank,"Mar 21, 2024","#OrgulloInterbank compartir el reconocimiento como Líderes Empresariales por el Cambio (LEC) a tres de nuestros clientes de Banca Empresa 🇵🇪 que apostaron por la #innovación para el crecimiento de sus negocios. 
#PremiosLEC",2,0,8,0,5.0K
2025-07-11 15:21:25,Interbank,"Mar 13, 2024","Otorgamos una línea de #FinanciamientoVerde por US$6 millones a HVC Exportaciones, destinada a la compra de café con certificación sostenible, lo que garantiza un ecosistema de prácticas eco amigables. 💪🌎

Conoce más👉interbank.pe/financiamiento…
#Sostenibilidad #NegocioResponsable",20,1,6,0,6.0K
2025-07-11 15:21:25,Interbank,"Mar 8, 2024","#EsCompromisoDeTodosyTodas ¡Este #8M sigamos! Por más acciones que nos permitan construir igualdad de oportunidades. Conoce algunas de nuestras iniciativas para impulsar la equidad en 👉 interbank.pe/equidad
#8deMarzo #DíaInternacionalDeLaMujer #EsTiempoDeEquidad",14,3,7,0,5.0K
2025-07-11 16:25:38,Interbank,Apr 16,¡Este feriado largo sigamos conectados! 💚 Este 17 y 18 de abril realiza tus operaciones de forma digital a través de tu #InterbankAPP 📲,84,0,7,3,12.0K
2025-07-11 16:25:38,Interbank,Oct 7,"Recuerda 👀 durante este feriado no habrá atención en nuestras Tiendas Financieras. 
Todas tus operaciones podrás hacerlas desde nuestra Banca por Internet y desde tu #InterbankApp 📱",66,1,25,2,98.0K
2025-07-11 16:25:38,Interbank,Aug 29,"Este feriado, sigue gestionando tus operaciones de manera rápida y segura desde tu Interbank APP o a través de nuestra Banca por Internet. 📲💻

✨ ¡Te esperamos de vuelta el 31 de agosto! ✨",59,0,9,0,37.0K
2025-07-11 16:25:38,Interbank,Aug 5,"Este 06 de agosto, realiza todas tus operaciones de manera fácil y segura desde tu #Interbank APP o desde nuestra Banca por Internet. 📲🧑‍💻",21,0,3,0,30.0K
2025-07-11 16:25:38,Interbank,Jul 27,"Este 29 de julio, realiza todas tus operaciones de manera fácil y segura desde tu #InterbankApp📱o desde nuestra Banca por Internet.  💻

✨ Retomaremos nuestra atención regular, el martes 30 de julio. 💚",30,1,9,0,26.0K
2025-07-11 16:25:38,Interbank,Jul 22,"📢 Este martes 23 de julio, realiza todas tus operaciones de manera fácil y segura desde tu #InterbankAPP o nuestra Banca por Internet. 💻📱",8,0,5,1,21.0K
2025-07-11 16:25:38,Interbank,"Jun 6, 2024","👀Este feriado, puedes realizar tus operaciones desde casa en nuestros canales digitales 📲Nos reencontramos el sábado en nuestro horario regular.",96,1,7,1,17.0K
2025-07-11 16:25:38,Interbank,"May 4, 2024","👉 Encuentra aquí todo lo que necesitas saber sobre el retiro de la AFP. Si has decidido retirar, recuerda que el 20 de mayo empieza el registro de solicitudes según el último dígito de tu DNI.

Para saber más entra aquí: bit.ly/3WJL79h 🔗",123,2,14,4,22.0K
2025-07-11 16:25:38,Interbank,"Mar 27, 2024","Este feriado largo tu #InterbankApp estará disponible 24/7 para todas tus operaciones, al igual que nuestra Banca por Internet. El sábado 30 atenderemos en horario regular. ✨",46,1,9,0,16.0K
2025-07-11 16:25:38,Interbank,"Mar 26, 2024","#OrgulloInterbank  
¡Somos top #2 de “Los Mejores Lugares para Trabajar para las Mujeres en Perú” por @GPTWPeru 💪 
¡El cambio es colectivo! 💚 Seguiremos impulsándolo a través de nuestros programas e iniciativas para promover un entorno equitativo, diverso e inclusivo.",7,2,9,0,10.0K
2025-07-11 16:25:38,Interbank,"Mar 21, 2024","#OrgulloInterbank compartir el reconocimiento como Líderes Empresariales por el Cambio (LEC) a tres de nuestros clientes de Banca Empresa 🇵🇪 que apostaron por la #innovación para el crecimiento de sus negocios. 
#PremiosLEC",2,0,8,0,5.0K
2025-07-11 16:25:38,Interbank,"Mar 13, 2024","Otorgamos una línea de #FinanciamientoVerde por US$6 millones a HVC Exportaciones, destinada a la compra de café con certificación sostenible, lo que garantiza un ecosistema de prácticas eco amigables. 💪🌎

Conoce más👉interbank.pe/financiamiento…
#Sostenibilidad #NegocioResponsable",20,1,6,0,6.0K
2025-07-11 16:25:38,Interbank,"Mar 8, 2024","#EsCompromisoDeTodosyTodas ¡Este #8M sigamos! Por más acciones que nos permitan construir igualdad de oportunidades. Conoce algunas de nuestras iniciativas para impulsar la equidad en 👉 interbank.pe/equidad
#8deMarzo #DíaInternacionalDeLaMujer #EsTiempoDeEquidad",14,3,7,0,5.0K
2025-07-11 17:18:32,Interbank,Apr 16,¡Este feriado largo sigamos conectados! 💚 Este 17 y 18 de abril realiza tus operaciones de forma digital a través de tu #InterbankAPP 📲,84,0,7,3,12.0K
2025-07-11 17:18:32,Interbank,Oct 7,"Recuerda 👀 durante este feriado no habrá atención en nuestras Tiendas Financieras. 
Todas tus operaciones podrás hacerlas desde nuestra Banca por Internet y desde tu #InterbankApp 📱",66,1,25,2,98.0K
2025-07-11 17:18:32,Interbank,Aug 29,"Este feriado, sigue gestionando tus operaciones de manera rápida y segura desde tu Interbank APP o a través de nuestra Banca por Internet. 📲💻

✨ ¡Te esperamos de vuelta el 31 de agosto! ✨",59,0,9,0,37.0K
2025-07-11 17:18:32,Interbank,Aug 5,"Este 06 de agosto, realiza todas tus operaciones de manera fácil y segura desde tu #Interbank APP o desde nuestra Banca por Internet. 📲🧑‍💻",21,0,3,0,30.0K
2025-07-11 17:18:32,Interbank,Jul 27,"Este 29 de julio, realiza todas tus operaciones de manera fácil y segura desde tu #InterbankApp📱o desde nuestra Banca por Internet.  💻

✨ Retomaremos nuestra atención regular, el martes 30 de julio. 💚",30,1,9,0,26.0K
2025-07-11 17:18:32,Interbank,Jul 22,"📢 Este martes 23 de julio, realiza todas tus operaciones de manera fácil y segura desde tu #InterbankAPP o nuestra Banca por Internet. 💻📱",8,0,5,1,21.0K
2025-07-11 17:18:32,Interbank,"Jun 6, 2024","👀Este feriado, puedes realizar tus operaciones desde casa en nuestros canales digitales 📲Nos reencontramos el sábado en nuestro horario regular.",96,1,7,1,17.0K
2025-07-11 17:18:32,Interbank,"May 4, 2024","👉 Encuentra aquí todo lo que necesitas saber sobre el retiro de la AFP. Si has decidido retirar, recuerda que el 20 de mayo empieza el registro de solicitudes según el último dígito de tu DNI.

Para saber más entra aquí: bit.ly/3WJL79h 🔗",123,2,14,4,22.0K
2025-07-11 17:18:32,Interbank,"Mar 27, 2024","Este feriado largo tu #InterbankApp estará disponible 24/7 para todas tus operaciones, al igual que nuestra Banca por Internet. El sábado 30 atenderemos en horario regular. ✨",46,1,9,0,16.0K
2025-07-11 17:18:32,Interbank,"Mar 26, 2024","#OrgulloInterbank  
¡Somos top #2 de “Los Mejores Lugares para Trabajar para las Mujeres en Perú” por @GPTWPeru 💪 
¡El cambio es colectivo! 💚 Seguiremos impulsándolo a través de nuestros programas e iniciativas para promover un entorno equitativo, diverso e inclusivo.",7,2,9,0,10.0K
2025-07-11 17:18:32,Interbank,"Mar 21, 2024","#OrgulloInterbank compartir el reconocimiento como Líderes Empresariales por el Cambio (LEC) a tres de nuestros clientes de Banca Empresa 🇵🇪 que apostaron por la #innovación para el crecimiento de sus negocios. 
#PremiosLEC",2,0,8,0,5.0K
2025-07-11 17:18:32,Interbank,"Mar 13, 2024","Otorgamos una línea de #FinanciamientoVerde por US$6 millones a HVC Exportaciones, destinada a la compra de café con certificación sostenible, lo que garantiza un ecosistema de prácticas eco amigables. 💪🌎

Conoce más👉interbank.pe/financiamiento…
#Sostenibilidad #NegocioResponsable",20,1,6,0,6.0K
2025-07-11 17:18:32,Interbank,"Mar 8, 2024","#EsCompromisoDeTodosyTodas ¡Este #8M sigamos! Por más acciones que nos permitan construir igualdad de oportunidades. Conoce algunas de nuestras iniciativas para impulsar la equidad en 👉 interbank.pe/equidad
#8deMarzo #DíaInternacionalDeLaMujer #EsTiempoDeEquidad",14,3,7,0,5.0K
2025-07-11 18:28:16,Interbank,Apr 16,¡Este feriado largo sigamos conectados! 💚 Este 17 y 18 de abril realiza tus operaciones de forma digital a través de tu #InterbankAPP 📲,84,0,7,3,12.0K
2025-07-11 18:28:16,Interbank,Oct 7,"Recuerda 👀 durante este feriado no habrá atención en nuestras Tiendas Financieras. 
Todas tus operaciones podrás hacerlas desde nuestra Banca por Internet y desde tu #InterbankApp 📱",66,1,25,2,98.0K
2025-07-11 18:28:16,Interbank,Aug 29,"Este feriado, sigue gestionando tus operaciones de manera rápida y segura desde tu Interbank APP o a través de nuestra Banca por Internet. 📲💻

✨ ¡Te esperamos de vuelta el 31 de agosto! ✨",59,0,9,0,37.0K
2025-07-11 18:28:16,Interbank,Aug 5,"Este 06 de agosto, realiza todas tus operaciones de manera fácil y segura desde tu #Interbank APP o desde nuestra Banca por Internet. 📲🧑‍💻",21,0,3,0,30.0K
2025-07-11 18:28:16,Interbank,Jul 27,"Este 29 de julio, realiza todas tus operaciones de manera fácil y segura desde tu #InterbankApp📱o desde nuestra Banca por Internet.  💻

✨ Retomaremos nuestra atención regular, el martes 30 de julio. 💚",30,1,9,0,26.0K
2025-07-11 18:28:16,Interbank,Jul 22,"📢 Este martes 23 de julio, realiza todas tus operaciones de manera fácil y segura desde tu #InterbankAPP o nuestra Banca por Internet. 💻📱",8,0,5,1,21.0K
2025-07-11 18:28:16,Interbank,"Jun 6, 2024","👀Este feriado, puedes realizar tus operaciones desde casa en nuestros canales digitales 📲Nos reencontramos el sábado en nuestro horario regular.",96,1,7,1,17.0K
2025-07-11 18:28:16,Interbank,"May 4, 2024","👉 Encuentra aquí todo lo que necesitas saber sobre el retiro de la AFP. Si has decidido retirar, recuerda que el 20 de mayo empieza el registro de solicitudes según el último dígito de tu DNI.

Para saber más entra aquí: bit.ly/3WJL79h 🔗",123,2,14,4,22.0K
2025-07-11 18:28:16,Interbank,"Mar 27, 2024","Este feriado largo tu #InterbankApp estará disponible 24/7 para todas tus operaciones, al igual que nuestra Banca por Internet. El sábado 30 atenderemos en horario regular. ✨",46,1,9,0,16.0K
2025-07-11 18:28:16,Interbank,"Mar 26, 2024","#OrgulloInterbank  
¡Somos top #2 de “Los Mejores Lugares para Trabajar para las Mujeres en Perú” por @GPTWPeru 💪 
¡El cambio es colectivo! 💚 Seguiremos impulsándolo a través de nuestros programas e iniciativas para promover un entorno equitativo, diverso e inclusivo.",7,2,9,0,10.0K
2025-07-11 18:28:16,Interbank,"Mar 21, 2024","#OrgulloInterbank compartir el reconocimiento como Líderes Empresariales por el Cambio (LEC) a tres de nuestros clientes de Banca Empresa 🇵🇪 que apostaron por la #innovación para el crecimiento de sus negocios. 
#PremiosLEC",2,0,8,0,5.0K
2025-07-11 18:28:16,Interbank,"Mar 13, 2024","Otorgamos una línea de #FinanciamientoVerde por US$6 millones a HVC Exportaciones, destinada a la compra de café con certificación sostenible, lo que garantiza un ecosistema de prácticas eco amigables. 💪🌎

Conoce más👉interbank.pe/financiamiento…
#Sostenibilidad #NegocioResponsable",20,1,6,0,6.0K
2025-07-11 18:28:16,Interbank,"Mar 8, 2024","#EsCompromisoDeTodosyTodas ¡Este #8M sigamos! Por más acciones que nos permitan construir igualdad de oportunidades. Conoce algunas de nuestras iniciativas para impulsar la equidad en 👉 interbank.pe/equidad
#8deMarzo #DíaInternacionalDeLaMujer #EsTiempoDeEquidad",14,3,7,0,5.0K
2025-07-11 19:16:06,Interbank,Apr 16,¡Este feriado largo sigamos conectados! 💚 Este 17 y 18 de abril realiza tus operaciones de forma digital a través de tu #InterbankAPP 📲,84,0,7,3,12.0K
2025-07-11 19:16:06,Interbank,Oct 7,"Recuerda 👀 durante este feriado no habrá atención en nuestras Tiendas Financieras. 
Todas tus operaciones podrás hacerlas desde nuestra Banca por Internet y desde tu #InterbankApp 📱",66,1,25,2,98.0K
2025-07-11 19:16:06,Interbank,Aug 29,"Este feriado, sigue gestionando tus operaciones de manera rápida y segura desde tu Interbank APP o a través de nuestra Banca por Internet. 📲💻

✨ ¡Te esperamos de vuelta el 31 de agosto! ✨",59,0,9,0,37.0K
2025-07-11 19:16:06,Interbank,Aug 5,"Este 06 de agosto, realiza todas tus operaciones de manera fácil y segura desde tu #Interbank APP o desde nuestra Banca por Internet. 📲🧑‍💻",21,0,3,0,30.0K
2025-07-11 19:16:06,Interbank,Jul 27,"Este 29 de julio, realiza todas tus operaciones de manera fácil y segura desde tu #InterbankApp📱o desde nuestra Banca por Internet.  💻

✨ Retomaremos nuestra atención regular, el martes 30 de julio. 💚",30,1,9,0,26.0K
2025-07-11 19:16:06,Interbank,Jul 22,"📢 Este martes 23 de julio, realiza todas tus operaciones de manera fácil y segura desde tu #InterbankAPP o nuestra Banca por Internet. 💻📱",8,0,5,1,21.0K
2025-07-11 19:16:06,Interbank,"Jun 6, 2024","👀Este feriado, puedes realizar tus operaciones desde casa en nuestros canales digitales 📲Nos reencontramos el sábado en nuestro horario regular.",96,1,7,1,17.0K
2025-07-11 19:16:06,Interbank,"May 4, 2024","👉 Encuentra aquí todo lo que necesitas saber sobre el retiro de la AFP. Si has decidido retirar, recuerda que el 20 de mayo empieza el registro de solicitudes según el último dígito de tu DNI.

Para saber más entra aquí: bit.ly/3WJL79h 🔗",123,2,14,4,22.0K
2025-07-11 19:16:06,Interbank,"Mar 27, 2024","Este feriado largo tu #InterbankApp estará disponible 24/7 para todas tus operaciones, al igual que nuestra Banca por Internet. El sábado 30 atenderemos en horario regular. ✨",46,1,9,0,16.0K
2025-07-11 19:16:06,Interbank,"Mar 26, 2024","#OrgulloInterbank  
¡Somos top #2 de “Los Mejores Lugares para Trabajar para las Mujeres en Perú” por @GPTWPeru 💪 
¡El cambio es colectivo! 💚 Seguiremos impulsándolo a través de nuestros programas e iniciativas para promover un entorno equitativo, diverso e inclusivo.",7,2,9,0,10.0K
2025-07-11 19:16:06,Interbank,"Mar 21, 2024","#OrgulloInterbank compartir el reconocimiento como Líderes Empresariales por el Cambio (LEC) a tres de nuestros clientes de Banca Empresa 🇵🇪 que apostaron por la #innovación para el crecimiento de sus negocios. 
#PremiosLEC",2,0,8,0,5.0K
2025-07-11 19:16:06,Interbank,"Mar 13, 2024","Otorgamos una línea de #FinanciamientoVerde por US$6 millones a HVC Exportaciones, destinada a la compra de café con certificación sostenible, lo que garantiza un ecosistema de prácticas eco amigables. 💪🌎

Conoce más👉interbank.pe/financiamiento…
#Sostenibilidad #NegocioResponsable",20,1,6,0,6.0K
2025-07-11 19:16:06,Interbank,"Mar 8, 2024","#EsCompromisoDeTodosyTodas ¡Este #8M sigamos! Por más acciones que nos permitan construir igualdad de oportunidades. Conoce algunas de nuestras iniciativas para impulsar la equidad en 👉 interbank.pe/equidad
#8deMarzo #DíaInternacionalDeLaMujer #EsTiempoDeEquidad",14,3,7,0,5.0K
2025-07-11 20:22:06,Interbank,Apr 16,¡Este feriado largo sigamos conectados! 💚 Este 17 y 18 de abril realiza tus operaciones de forma digital a través de tu #InterbankAPP 📲,84,0,7,3,12.0K
2025-07-11 20:22:06,Interbank,Oct 7,"Recuerda 👀 durante este feriado no habrá atención en nuestras Tiendas Financieras. 
Todas tus operaciones podrás hacerlas desde nuestra Banca por Internet y desde tu #InterbankApp 📱",66,1,25,2,98.0K
2025-07-11 20:22:06,Interbank,Aug 29,"Este feriado, sigue gestionando tus operaciones de manera rápida y segura desde tu Interbank APP o a través de nuestra Banca por Internet. 📲💻

✨ ¡Te esperamos de vuelta el 31 de agosto! ✨",59,0,9,0,37.0K
2025-07-11 20:22:06,Interbank,Aug 5,"Este 06 de agosto, realiza todas tus operaciones de manera fácil y segura desde tu #Interbank APP o desde nuestra Banca por Internet. 📲🧑‍💻",21,0,3,0,30.0K
2025-07-11 20:22:06,Interbank,Jul 27,"Este 29 de julio, realiza todas tus operaciones de manera fácil y segura desde tu #InterbankApp📱o desde nuestra Banca por Internet.  💻

✨ Retomaremos nuestra atención regular, el martes 30 de julio. 💚",30,1,9,0,26.0K
2025-07-11 20:22:06,Interbank,Jul 22,"📢 Este martes 23 de julio, realiza todas tus operaciones de manera fácil y segura desde tu #InterbankAPP o nuestra Banca por Internet. 💻📱",8,0,5,1,21.0K
2025-07-11 20:22:06,Interbank,"Jun 6, 2024","👀Este feriado, puedes realizar tus operaciones desde casa en nuestros canales digitales 📲Nos reencontramos el sábado en nuestro horario regular.",96,1,7,1,17.0K
2025-07-11 20:22:06,Interbank,"May 4, 2024","👉 Encuentra aquí todo lo que necesitas saber sobre el retiro de la AFP. Si has decidido retirar, recuerda que el 20 de mayo empieza el registro de solicitudes según el último dígito de tu DNI.

Para saber más entra aquí: bit.ly/3WJL79h 🔗",123,2,14,4,22.0K
2025-07-11 20:22:06,Interbank,"Mar 27, 2024","Este feriado largo tu #InterbankApp estará disponible 24/7 para todas tus operaciones, al igual que nuestra Banca por Internet. El sábado 30 atenderemos en horario regular. ✨",46,1,9,0,16.0K
2025-07-11 20:22:06,Interbank,"Mar 26, 2024","#OrgulloInterbank  
¡Somos top #2 de “Los Mejores Lugares para Trabajar para las Mujeres en Perú” por @GPTWPeru 💪 
¡El cambio es colectivo! 💚 Seguiremos impulsándolo a través de nuestros programas e iniciativas para promover un entorno equitativo, diverso e inclusivo.",7,2,9,0,10.0K
2025-07-11 20:22:06,Interbank,"Mar 21, 2024","#OrgulloInterbank compartir el reconocimiento como Líderes Empresariales por el Cambio (LEC) a tres de nuestros clientes de Banca Empresa 🇵🇪 que apostaron por la #innovación para el crecimiento de sus negocios. 
#PremiosLEC",2,0,8,0,5.0K
2025-07-11 20:22:06,Interbank,"Mar 13, 2024","Otorgamos una línea de #FinanciamientoVerde por US$6 millones a HVC Exportaciones, destinada a la compra de café con certificación sostenible, lo que garantiza un ecosistema de prácticas eco amigables. 💪🌎

Conoce más👉interbank.pe/financiamiento…
#Sostenibilidad #NegocioResponsable",20,1,6,0,6.0K
2025-07-11 20:22:06,Interbank,"Mar 8, 2024","#EsCompromisoDeTodosyTodas ¡Este #8M sigamos! Por más acciones que nos permitan construir igualdad de oportunidades. Conoce algunas de nuestras iniciativas para impulsar la equidad en 👉 interbank.pe/equidad
#8deMarzo #DíaInternacionalDeLaMujer #EsTiempoDeEquidad",14,3,7,0,5.0K
2025-07-11 21:19:11,Interbank,Apr 16,¡Este feriado largo sigamos conectados! 💚 Este 17 y 18 de abril realiza tus operaciones de forma digital a través de tu #InterbankAPP 📲,84,0,7,3,12.0K
2025-07-11 21:19:11,Interbank,Oct 7,"Recuerda 👀 durante este feriado no habrá atención en nuestras Tiendas Financieras. 
Todas tus operaciones podrás hacerlas desde nuestra Banca por Internet y desde tu #InterbankApp 📱",66,1,25,2,98.0K
2025-07-11 21:19:11,Interbank,Aug 29,"Este feriado, sigue gestionando tus operaciones de manera rápida y segura desde tu Interbank APP o a través de nuestra Banca por Internet. 📲💻

✨ ¡Te esperamos de vuelta el 31 de agosto! ✨",59,0,9,0,37.0K
2025-07-11 21:19:11,Interbank,Aug 5,"Este 06 de agosto, realiza todas tus operaciones de manera fácil y segura desde tu #Interbank APP o desde nuestra Banca por Internet. 📲🧑‍💻",21,0,3,0,30.0K
2025-07-11 21:19:11,Interbank,Jul 27,"Este 29 de julio, realiza todas tus operaciones de manera fácil y segura desde tu #InterbankApp📱o desde nuestra Banca por Internet.  💻

✨ Retomaremos nuestra atención regular, el martes 30 de julio. 💚",30,1,9,0,26.0K
2025-07-11 21:19:11,Interbank,Jul 22,"📢 Este martes 23 de julio, realiza todas tus operaciones de manera fácil y segura desde tu #InterbankAPP o nuestra Banca por Internet. 💻📱",8,0,5,1,21.0K
2025-07-11 21:19:11,Interbank,"Jun 6, 2024","👀Este feriado, puedes realizar tus operaciones desde casa en nuestros canales digitales 📲Nos reencontramos el sábado en nuestro horario regular.",96,1,7,1,17.0K
2025-07-11 21:19:11,Interbank,"May 4, 2024","👉 Encuentra aquí todo lo que necesitas saber sobre el retiro de la AFP. Si has decidido retirar, recuerda que el 20 de mayo empieza el registro de solicitudes según el último dígito de tu DNI.

Para saber más entra aquí: bit.ly/3WJL79h 🔗",123,2,14,4,22.0K
2025-07-11 21:19:11,Interbank,"Mar 27, 2024","Este feriado largo tu #InterbankApp estará disponible 24/7 para todas tus operaciones, al igual que nuestra Banca por Internet. El sábado 30 atenderemos en horario regular. ✨",46,1,9,0,16.0K
2025-07-11 21:19:11,Interbank,"Mar 26, 2024","#OrgulloInterbank  
¡Somos top #2 de “Los Mejores Lugares para Trabajar para las Mujeres en Perú” por @GPTWPeru 💪 
¡El cambio es colectivo! 💚 Seguiremos impulsándolo a través de nuestros programas e iniciativas para promover un entorno equitativo, diverso e inclusivo.",7,2,9,0,10.0K
2025-07-11 21:19:11,Interbank,"Mar 21, 2024","#OrgulloInterbank compartir el reconocimiento como Líderes Empresariales por el Cambio (LEC) a tres de nuestros clientes de Banca Empresa 🇵🇪 que apostaron por la #innovación para el crecimiento de sus negocios. 
#PremiosLEC",2,0,8,0,5.0K
2025-07-11 21:19:11,Interbank,"Mar 13, 2024","Otorgamos una línea de #FinanciamientoVerde por US$6 millones a HVC Exportaciones, destinada a la compra de café con certificación sostenible, lo que garantiza un ecosistema de prácticas eco amigables. 💪🌎

Conoce más👉interbank.pe/financiamiento…
#Sostenibilidad #NegocioResponsable",20,1,6,0,6.0K
2025-07-11 21:19:11,Interbank,"Mar 8, 2024","#EsCompromisoDeTodosyTodas ¡Este #8M sigamos! Por más acciones que nos permitan construir igualdad de oportunidades. Conoce algunas de nuestras iniciativas para impulsar la equidad en 👉 interbank.pe/equidad
#8deMarzo #DíaInternacionalDeLaMujer #EsTiempoDeEquidad",14,3,7,0,5.0K
2025-07-11 22:19:12,Interbank,Apr 16,¡Este feriado largo sigamos conectados! 💚 Este 17 y 18 de abril realiza tus operaciones de forma digital a través de tu #InterbankAPP 📲,84,0,7,3,12.0K
2025-07-11 22:19:12,Interbank,Oct 7,"Recuerda 👀 durante este feriado no habrá atención en nuestras Tiendas Financieras. 
Todas tus operaciones podrás hacerlas desde nuestra Banca por Internet y desde tu #InterbankApp 📱",66,1,25,2,98.0K
2025-07-11 22:19:12,Interbank,Aug 29,"Este feriado, sigue gestionando tus operaciones de manera rápida y segura desde tu Interbank APP o a través de nuestra Banca por Internet. 📲💻

✨ ¡Te esperamos de vuelta el 31 de agosto! ✨",59,0,9,0,37.0K
2025-07-11 22:19:12,Interbank,Aug 5,"Este 06 de agosto, realiza todas tus operaciones de manera fácil y segura desde tu #Interbank APP o desde nuestra Banca por Internet. 📲🧑‍💻",21,0,3,0,30.0K
2025-07-11 22:19:12,Interbank,Jul 27,"Este 29 de julio, realiza todas tus operaciones de manera fácil y segura desde tu #InterbankApp📱o desde nuestra Banca por Internet.  💻

✨ Retomaremos nuestra atención regular, el martes 30 de julio. 💚",30,1,9,0,26.0K
2025-07-11 22:19:12,Interbank,Jul 22,"📢 Este martes 23 de julio, realiza todas tus operaciones de manera fácil y segura desde tu #InterbankAPP o nuestra Banca por Internet. 💻📱",8,0,5,1,21.0K
2025-07-11 22:19:12,Interbank,"Jun 6, 2024","👀Este feriado, puedes realizar tus operaciones desde casa en nuestros canales digitales 📲Nos reencontramos el sábado en nuestro horario regular.",96,1,7,1,17.0K
2025-07-11 22:19:12,Interbank,"May 4, 2024","👉 Encuentra aquí todo lo que necesitas saber sobre el retiro de la AFP. Si has decidido retirar, recuerda que el 20 de mayo empieza el registro de solicitudes según el último dígito de tu DNI.

Para saber más entra aquí: bit.ly/3WJL79h 🔗",123,2,14,4,22.0K
2025-07-11 22:19:12,Interbank,"Mar 27, 2024","Este feriado largo tu #InterbankApp estará disponible 24/7 para todas tus operaciones, al igual que nuestra Banca por Internet. El sábado 30 atenderemos en horario regular. ✨",46,1,9,0,16.0K
2025-07-11 22:19:12,Interbank,"Mar 26, 2024","#OrgulloInterbank  
¡Somos top #2 de “Los Mejores Lugares para Trabajar para las Mujeres en Perú” por @GPTWPeru 💪 
¡El cambio es colectivo! 💚 Seguiremos impulsándolo a través de nuestros programas e iniciativas para promover un entorno equitativo, diverso e inclusivo.",7,2,9,0,10.0K
2025-07-11 22:19:12,Interbank,"Mar 21, 2024","#OrgulloInterbank compartir el reconocimiento como Líderes Empresariales por el Cambio (LEC) a tres de nuestros clientes de Banca Empresa 🇵🇪 que apostaron por la #innovación para el crecimiento de sus negocios. 
#PremiosLEC",2,0,8,0,5.0K
2025-07-11 22:19:12,Interbank,"Mar 13, 2024","Otorgamos una línea de #FinanciamientoVerde por US$6 millones a HVC Exportaciones, destinada a la compra de café con certificación sostenible, lo que garantiza un ecosistema de prácticas eco amigables. 💪🌎

Conoce más👉interbank.pe/financiamiento…
#Sostenibilidad #NegocioResponsable",20,1,6,0,6.0K
2025-07-11 22:19:12,Interbank,"Mar 8, 2024","#EsCompromisoDeTodosyTodas ¡Este #8M sigamos! Por más acciones que nos permitan construir igualdad de oportunidades. Conoce algunas de nuestras iniciativas para impulsar la equidad en 👉 interbank.pe/equidad
#8deMarzo #DíaInternacionalDeLaMujer #EsTiempoDeEquidad",14,3,7,0,5.0K
2025-07-11 23:19:14,Interbank,Apr 16,¡Este feriado largo sigamos conectados! 💚 Este 17 y 18 de abril realiza tus operaciones de forma digital a través de tu #InterbankAPP 📲,84,0,7,3,12.0K
2025-07-11 23:19:14,Interbank,Oct 7,"Recuerda 👀 durante este feriado no habrá atención en nuestras Tiendas Financieras. 
Todas tus operaciones podrás hacerlas desde nuestra Banca por Internet y desde tu #InterbankApp 📱",66,1,25,2,98.0K
2025-07-11 23:19:14,Interbank,Aug 29,"Este feriado, sigue gestionando tus operaciones de manera rápida y segura desde tu Interbank APP o a través de nuestra Banca por Internet. 📲💻

✨ ¡Te esperamos de vuelta el 31 de agosto! ✨",59,0,9,0,37.0K
2025-07-11 23:19:14,Interbank,Aug 5,"Este 06 de agosto, realiza todas tus operaciones de manera fácil y segura desde tu #Interbank APP o desde nuestra Banca por Internet. 📲🧑‍💻",21,0,3,0,30.0K
2025-07-11 23:19:14,Interbank,Jul 27,"Este 29 de julio, realiza todas tus operaciones de manera fácil y segura desde tu #InterbankApp📱o desde nuestra Banca por Internet.  💻

✨ Retomaremos nuestra atención regular, el martes 30 de julio. 💚",30,1,9,0,26.0K
2025-07-11 23:19:14,Interbank,Jul 22,"📢 Este martes 23 de julio, realiza todas tus operaciones de manera fácil y segura desde tu #InterbankAPP o nuestra Banca por Internet. 💻📱",8,0,5,1,21.0K
2025-07-11 23:19:14,Interbank,"Jun 6, 2024","👀Este feriado, puedes realizar tus operaciones desde casa en nuestros canales digitales 📲Nos reencontramos el sábado en nuestro horario regular.",96,1,7,1,17.0K
2025-07-11 23:19:14,Interbank,"May 4, 2024","👉 Encuentra aquí todo lo que necesitas saber sobre el retiro de la AFP. Si has decidido retirar, recuerda que el 20 de mayo empieza el registro de solicitudes según el último dígito de tu DNI.

Para saber más entra aquí: bit.ly/3WJL79h 🔗",123,2,14,4,22.0K
2025-07-11 23:19:14,Interbank,"Mar 27, 2024","Este feriado largo tu #InterbankApp estará disponible 24/7 para todas tus operaciones, al igual que nuestra Banca por Internet. El sábado 30 atenderemos en horario regular. ✨",46,1,9,0,16.0K
2025-07-11 23:19:14,Interbank,"Mar 26, 2024","#OrgulloInterbank  
¡Somos top #2 de “Los Mejores Lugares para Trabajar para las Mujeres en Perú” por @GPTWPeru 💪 
¡El cambio es colectivo! 💚 Seguiremos impulsándolo a través de nuestros programas e iniciativas para promover un entorno equitativo, diverso e inclusivo.",7,2,9,0,10.0K
2025-07-11 23:19:14,Interbank,"Mar 21, 2024","#OrgulloInterbank compartir el reconocimiento como Líderes Empresariales por el Cambio (LEC) a tres de nuestros clientes de Banca Empresa 🇵🇪 que apostaron por la #innovación para el crecimiento de sus negocios. 
#PremiosLEC",2,0,8,0,5.0K
2025-07-11 23:19:14,Interbank,"Mar 13, 2024","Otorgamos una línea de #FinanciamientoVerde por US$6 millones a HVC Exportaciones, destinada a la compra de café con certificación sostenible, lo que garantiza un ecosistema de prácticas eco amigables. 💪🌎

Conoce más👉interbank.pe/financiamiento…
#Sostenibilidad #NegocioResponsable",20,1,6,0,6.0K
2025-07-11 23:19:14,Interbank,"Mar 8, 2024","#EsCompromisoDeTodosyTodas ¡Este #8M sigamos! Por más acciones que nos permitan construir igualdad de oportunidades. Conoce algunas de nuestras iniciativas para impulsar la equidad en 👉 interbank.pe/equidad
#8deMarzo #DíaInternacionalDeLaMujer #EsTiempoDeEquidad",14,3,7,0,5.0K
2025-07-12 01:45:16,Interbank,Apr 16,¡Este feriado largo sigamos conectados! 💚 Este 17 y 18 de abril realiza tus operaciones de forma digital a través de tu #InterbankAPP 📲,84,0,7,3,12.0K
2025-07-12 01:45:16,Interbank,Oct 7,"Recuerda 👀 durante este feriado no habrá atención en nuestras Tiendas Financieras. 
Todas tus operaciones podrás hacerlas desde nuestra Banca por Internet y desde tu #InterbankApp 📱",66,1,25,2,98.0K
2025-07-12 01:45:16,Interbank,Aug 29,"Este feriado, sigue gestionando tus operaciones de manera rápida y segura desde tu Interbank APP o a través de nuestra Banca por Internet. 📲💻

✨ ¡Te esperamos de vuelta el 31 de agosto! ✨",59,0,9,0,37.0K
2025-07-12 01:45:16,Interbank,Aug 5,"Este 06 de agosto, realiza todas tus operaciones de manera fácil y segura desde tu #Interbank APP o desde nuestra Banca por Internet. 📲🧑‍💻",21,0,3,0,30.0K
2025-07-12 01:45:16,Interbank,Jul 27,"Este 29 de julio, realiza todas tus operaciones de manera fácil y segura desde tu #InterbankApp📱o desde nuestra Banca por Internet.  💻

✨ Retomaremos nuestra atención regular, el martes 30 de julio. 💚",30,1,9,0,26.0K
2025-07-12 01:45:16,Interbank,Jul 22,"📢 Este martes 23 de julio, realiza todas tus operaciones de manera fácil y segura desde tu #InterbankAPP o nuestra Banca por Internet. 💻📱",8,0,5,1,21.0K
2025-07-12 01:45:16,Interbank,"Jun 6, 2024","👀Este feriado, puedes realizar tus operaciones desde casa en nuestros canales digitales 📲Nos reencontramos el sábado en nuestro horario regular.",96,1,7,1,17.0K
2025-07-12 01:45:16,Interbank,"May 4, 2024","👉 Encuentra aquí todo lo que necesitas saber sobre el retiro de la AFP. Si has decidido retirar, recuerda que el 20 de mayo empieza el registro de solicitudes según el último dígito de tu DNI.

Para saber más entra aquí: bit.ly/3WJL79h 🔗",123,2,14,4,22.0K
2025-07-12 01:45:16,Interbank,"Mar 27, 2024","Este feriado largo tu #InterbankApp estará disponible 24/7 para todas tus operaciones, al igual que nuestra Banca por Internet. El sábado 30 atenderemos en horario regular. ✨",46,1,9,0,16.0K
2025-07-12 01:45:16,Interbank,"Mar 26, 2024","#OrgulloInterbank  
¡Somos top #2 de “Los Mejores Lugares para Trabajar para las Mujeres en Perú” por @GPTWPeru 💪 
¡El cambio es colectivo! 💚 Seguiremos impulsándolo a través de nuestros programas e iniciativas para promover un entorno equitativo, diverso e inclusivo.",7,2,9,0,10.0K
2025-07-12 01:45:16,Interbank,"Mar 21, 2024","#OrgulloInterbank compartir el reconocimiento como Líderes Empresariales por el Cambio (LEC) a tres de nuestros clientes de Banca Empresa 🇵🇪 que apostaron por la #innovación para el crecimiento de sus negocios. 
#PremiosLEC",2,0,8,0,5.0K
2025-07-12 01:45:16,Interbank,"Mar 13, 2024","Otorgamos una línea de #FinanciamientoVerde por US$6 millones a HVC Exportaciones, destinada a la compra de café con certificación sostenible, lo que garantiza un ecosistema de prácticas eco amigables. 💪🌎

Conoce más👉interbank.pe/financiamiento…
#Sostenibilidad #NegocioResponsable",20,1,6,0,6.0K
2025-07-12 01:45:16,Interbank,"Mar 8, 2024","#EsCompromisoDeTodosyTodas ¡Este #8M sigamos! Por más acciones que nos permitan construir igualdad de oportunidades. Conoce algunas de nuestras iniciativas para impulsar la equidad en 👉 interbank.pe/equidad
#8deMarzo #DíaInternacionalDeLaMujer #EsTiempoDeEquidad",14,3,7,0,5.0K
2025-07-12 03:25:43,Interbank,Apr 16,¡Este feriado largo sigamos conectados! 💚 Este 17 y 18 de abril realiza tus operaciones de forma digital a través de tu #InterbankAPP 📲,84,0,7,3,12.0K
2025-07-12 03:25:43,Interbank,Oct 7,"Recuerda 👀 durante este feriado no habrá atención en nuestras Tiendas Financieras. 
Todas tus operaciones podrás hacerlas desde nuestra Banca por Internet y desde tu #InterbankApp 📱",66,1,25,2,98.0K
2025-07-12 03:25:43,Interbank,Aug 29,"Este feriado, sigue gestionando tus operaciones de manera rápida y segura desde tu Interbank APP o a través de nuestra Banca por Internet. 📲💻

✨ ¡Te esperamos de vuelta el 31 de agosto! ✨",59,0,9,0,37.0K
2025-07-12 03:25:43,Interbank,Aug 5,"Este 06 de agosto, realiza todas tus operaciones de manera fácil y segura desde tu #Interbank APP o desde nuestra Banca por Internet. 📲🧑‍💻",21,0,3,0,30.0K
2025-07-12 03:25:43,Interbank,Jul 27,"Este 29 de julio, realiza todas tus operaciones de manera fácil y segura desde tu #InterbankApp📱o desde nuestra Banca por Internet.  💻

✨ Retomaremos nuestra atención regular, el martes 30 de julio. 💚",30,1,9,0,26.0K
2025-07-12 03:25:43,Interbank,Jul 22,"📢 Este martes 23 de julio, realiza todas tus operaciones de manera fácil y segura desde tu #InterbankAPP o nuestra Banca por Internet. 💻📱",8,0,5,1,21.0K
2025-07-12 03:25:43,Interbank,"Jun 6, 2024","👀Este feriado, puedes realizar tus operaciones desde casa en nuestros canales digitales 📲Nos reencontramos el sábado en nuestro horario regular.",96,1,7,1,17.0K
2025-07-12 03:25:43,Interbank,"May 4, 2024","👉 Encuentra aquí todo lo que necesitas saber sobre el retiro de la AFP. Si has decidido retirar, recuerda que el 20 de mayo empieza el registro de solicitudes según el último dígito de tu DNI.

Para saber más entra aquí: bit.ly/3WJL79h 🔗",123,2,14,4,22.0K
2025-07-12 03:25:43,Interbank,"Mar 27, 2024","Este feriado largo tu #InterbankApp estará disponible 24/7 para todas tus operaciones, al igual que nuestra Banca por Internet. El sábado 30 atenderemos en horario regular. ✨",46,1,9,0,16.0K
2025-07-12 03:25:43,Interbank,"Mar 26, 2024","#OrgulloInterbank  
¡Somos top #2 de “Los Mejores Lugares para Trabajar para las Mujeres en Perú” por @GPTWPeru 💪 
¡El cambio es colectivo! 💚 Seguiremos impulsándolo a través de nuestros programas e iniciativas para promover un entorno equitativo, diverso e inclusivo.",7,2,9,0,10.0K
2025-07-12 03:25:43,Interbank,"Mar 21, 2024","#OrgulloInterbank compartir el reconocimiento como Líderes Empresariales por el Cambio (LEC) a tres de nuestros clientes de Banca Empresa 🇵🇪 que apostaron por la #innovación para el crecimiento de sus negocios. 
#PremiosLEC",2,0,8,0,5.0K
2025-07-12 03:25:43,Interbank,"Mar 13, 2024","Otorgamos una línea de #FinanciamientoVerde por US$6 millones a HVC Exportaciones, destinada a la compra de café con certificación sostenible, lo que garantiza un ecosistema de prácticas eco amigables. 💪🌎

Conoce más👉interbank.pe/financiamiento…
#Sostenibilidad #NegocioResponsable",20,1,6,0,6.0K
2025-07-12 03:25:43,Interbank,"Mar 8, 2024","#EsCompromisoDeTodosyTodas ¡Este #8M sigamos! Por más acciones que nos permitan construir igualdad de oportunidades. Conoce algunas de nuestras iniciativas para impulsar la equidad en 👉 interbank.pe/equidad
#8deMarzo #DíaInternacionalDeLaMujer #EsTiempoDeEquidad",14,3,7,0,5.0K
2025-07-12 04:30:55,Interbank,Apr 16,¡Este feriado largo sigamos conectados! 💚 Este 17 y 18 de abril realiza tus operaciones de forma digital a través de tu #InterbankAPP 📲,84,0,7,3,12.0K
2025-07-12 04:30:55,Interbank,Oct 7,"Recuerda 👀 durante este feriado no habrá atención en nuestras Tiendas Financieras. 
Todas tus operaciones podrás hacerlas desde nuestra Banca por Internet y desde tu #InterbankApp 📱",66,1,25,2,98.0K
2025-07-12 04:30:55,Interbank,Aug 29,"Este feriado, sigue gestionando tus operaciones de manera rápida y segura desde tu Interbank APP o a través de nuestra Banca por Internet. 📲💻

✨ ¡Te esperamos de vuelta el 31 de agosto! ✨",59,0,9,0,37.0K
2025-07-12 04:30:55,Interbank,Aug 5,"Este 06 de agosto, realiza todas tus operaciones de manera fácil y segura desde tu #Interbank APP o desde nuestra Banca por Internet. 📲🧑‍💻",21,0,3,0,30.0K
2025-07-12 04:30:55,Interbank,Jul 27,"Este 29 de julio, realiza todas tus operaciones de manera fácil y segura desde tu #InterbankApp📱o desde nuestra Banca por Internet.  💻

✨ Retomaremos nuestra atención regular, el martes 30 de julio. 💚",30,1,9,0,26.0K
2025-07-12 04:30:55,Interbank,Jul 22,"📢 Este martes 23 de julio, realiza todas tus operaciones de manera fácil y segura desde tu #InterbankAPP o nuestra Banca por Internet. 💻📱",8,0,5,1,21.0K
2025-07-12 04:30:55,Interbank,"Jun 6, 2024","👀Este feriado, puedes realizar tus operaciones desde casa en nuestros canales digitales 📲Nos reencontramos el sábado en nuestro horario regular.",96,1,7,1,17.0K
2025-07-12 04:30:55,Interbank,"May 4, 2024","👉 Encuentra aquí todo lo que necesitas saber sobre el retiro de la AFP. Si has decidido retirar, recuerda que el 20 de mayo empieza el registro de solicitudes según el último dígito de tu DNI.

Para saber más entra aquí: bit.ly/3WJL79h 🔗",123,2,14,4,22.0K
2025-07-12 04:30:55,Interbank,"Mar 27, 2024","Este feriado largo tu #InterbankApp estará disponible 24/7 para todas tus operaciones, al igual que nuestra Banca por Internet. El sábado 30 atenderemos en horario regular. ✨",46,1,9,0,16.0K
2025-07-12 04:30:55,Interbank,"Mar 26, 2024","#OrgulloInterbank  
¡Somos top #2 de “Los Mejores Lugares para Trabajar para las Mujeres en Perú” por @GPTWPeru 💪 
¡El cambio es colectivo! 💚 Seguiremos impulsándolo a través de nuestros programas e iniciativas para promover un entorno equitativo, diverso e inclusivo.",7,2,9,0,10.0K
2025-07-12 04:30:55,Interbank,"Mar 21, 2024","#OrgulloInterbank compartir el reconocimiento como Líderes Empresariales por el Cambio (LEC) a tres de nuestros clientes de Banca Empresa 🇵🇪 que apostaron por la #innovación para el crecimiento de sus negocios. 
#PremiosLEC",2,0,8,0,5.0K
2025-07-12 04:30:55,Interbank,"Mar 13, 2024","Otorgamos una línea de #FinanciamientoVerde por US$6 millones a HVC Exportaciones, destinada a la compra de café con certificación sostenible, lo que garantiza un ecosistema de prácticas eco amigables. 💪🌎

Conoce más👉interbank.pe/financiamiento…
#Sostenibilidad #NegocioResponsable",20,1,6,0,6.0K
2025-07-12 04:30:55,Interbank,"Mar 8, 2024","#EsCompromisoDeTodosyTodas ¡Este #8M sigamos! Por más acciones que nos permitan construir igualdad de oportunidades. Conoce algunas de nuestras iniciativas para impulsar la equidad en 👉 interbank.pe/equidad
#8deMarzo #DíaInternacionalDeLaMujer #EsTiempoDeEquidad",14,3,7,0,5.0K
2025-07-12 05:20:08,Interbank,Apr 16,¡Este feriado largo sigamos conectados! 💚 Este 17 y 18 de abril realiza tus operaciones de forma digital a través de tu #InterbankAPP 📲,84,0,7,3,12.0K
2025-07-12 05:20:08,Interbank,Oct 7,"Recuerda 👀 durante este feriado no habrá atención en nuestras Tiendas Financieras. 
Todas tus operaciones podrás hacerlas desde nuestra Banca por Internet y desde tu #InterbankApp 📱",66,1,25,2,98.0K
2025-07-12 05:20:08,Interbank,Aug 29,"Este feriado, sigue gestionando tus operaciones de manera rápida y segura desde tu Interbank APP o a través de nuestra Banca por Internet. 📲💻

✨ ¡Te esperamos de vuelta el 31 de agosto! ✨",59,0,9,0,37.0K
2025-07-12 05:20:08,Interbank,Aug 5,"Este 06 de agosto, realiza todas tus operaciones de manera fácil y segura desde tu #Interbank APP o desde nuestra Banca por Internet. 📲🧑‍💻",21,0,3,0,30.0K
2025-07-12 05:20:08,Interbank,Jul 27,"Este 29 de julio, realiza todas tus operaciones de manera fácil y segura desde tu #InterbankApp📱o desde nuestra Banca por Internet.  💻

✨ Retomaremos nuestra atención regular, el martes 30 de julio. 💚",30,1,9,0,26.0K
2025-07-12 05:20:08,Interbank,Jul 22,"📢 Este martes 23 de julio, realiza todas tus operaciones de manera fácil y segura desde tu #InterbankAPP o nuestra Banca por Internet. 💻📱",8,0,5,1,21.0K
2025-07-12 05:20:08,Interbank,"Jun 6, 2024","👀Este feriado, puedes realizar tus operaciones desde casa en nuestros canales digitales 📲Nos reencontramos el sábado en nuestro horario regular.",96,1,7,1,17.0K
2025-07-12 05:20:08,Interbank,"May 4, 2024","👉 Encuentra aquí todo lo que necesitas saber sobre el retiro de la AFP. Si has decidido retirar, recuerda que el 20 de mayo empieza el registro de solicitudes según el último dígito de tu DNI.

Para saber más entra aquí: bit.ly/3WJL79h 🔗",123,2,14,4,22.0K
2025-07-12 05:20:08,Interbank,"Mar 27, 2024","Este feriado largo tu #InterbankApp estará disponible 24/7 para todas tus operaciones, al igual que nuestra Banca por Internet. El sábado 30 atenderemos en horario regular. ✨",46,1,9,0,16.0K
2025-07-12 05:20:08,Interbank,"Mar 26, 2024","#OrgulloInterbank  
¡Somos top #2 de “Los Mejores Lugares para Trabajar para las Mujeres en Perú” por @GPTWPeru 💪 
¡El cambio es colectivo! 💚 Seguiremos impulsándolo a través de nuestros programas e iniciativas para promover un entorno equitativo, diverso e inclusivo.",7,2,9,0,10.0K
2025-07-12 05:20:08,Interbank,"Mar 21, 2024","#OrgulloInterbank compartir el reconocimiento como Líderes Empresariales por el Cambio (LEC) a tres de nuestros clientes de Banca Empresa 🇵🇪 que apostaron por la #innovación para el crecimiento de sus negocios. 
#PremiosLEC",2,0,8,0,5.0K
2025-07-12 05:20:08,Interbank,"Mar 13, 2024","Otorgamos una línea de #FinanciamientoVerde por US$6 millones a HVC Exportaciones, destinada a la compra de café con certificación sostenible, lo que garantiza un ecosistema de prácticas eco amigables. 💪🌎

Conoce más👉interbank.pe/financiamiento…
#Sostenibilidad #NegocioResponsable",20,1,6,0,6.0K
2025-07-12 05:20:08,Interbank,"Mar 8, 2024","#EsCompromisoDeTodosyTodas ¡Este #8M sigamos! Por más acciones que nos permitan construir igualdad de oportunidades. Conoce algunas de nuestras iniciativas para impulsar la equidad en 👉 interbank.pe/equidad
#8deMarzo #DíaInternacionalDeLaMujer #EsTiempoDeEquidad",14,3,7,0,5.0K
2025-07-12 06:27:57,Interbank,Apr 16,¡Este feriado largo sigamos conectados! 💚 Este 17 y 18 de abril realiza tus operaciones de forma digital a través de tu #InterbankAPP 📲,84,0,7,3,13.0K
2025-07-12 06:27:57,Interbank,Oct 7,"Recuerda 👀 durante este feriado no habrá atención en nuestras Tiendas Financieras. 
Todas tus operaciones podrás hacerlas desde nuestra Banca por Internet y desde tu #InterbankApp 📱",66,1,25,2,98.0K
2025-07-12 06:27:57,Interbank,Aug 29,"Este feriado, sigue gestionando tus operaciones de manera rápida y segura desde tu Interbank APP o a través de nuestra Banca por Internet. 📲💻

✨ ¡Te esperamos de vuelta el 31 de agosto! ✨",59,0,9,0,37.0K
2025-07-12 06:27:57,Interbank,Aug 5,"Este 06 de agosto, realiza todas tus operaciones de manera fácil y segura desde tu #Interbank APP o desde nuestra Banca por Internet. 📲🧑‍💻",21,0,3,0,30.0K
2025-07-12 06:27:57,Interbank,Jul 27,"Este 29 de julio, realiza todas tus operaciones de manera fácil y segura desde tu #InterbankApp📱o desde nuestra Banca por Internet.  💻

✨ Retomaremos nuestra atención regular, el martes 30 de julio. 💚",30,1,9,0,26.0K
2025-07-12 06:27:57,Interbank,Jul 22,"📢 Este martes 23 de julio, realiza todas tus operaciones de manera fácil y segura desde tu #InterbankAPP o nuestra Banca por Internet. 💻📱",8,0,5,1,21.0K
2025-07-12 06:27:57,Interbank,"Jun 6, 2024","👀Este feriado, puedes realizar tus operaciones desde casa en nuestros canales digitales 📲Nos reencontramos el sábado en nuestro horario regular.",96,1,7,1,17.0K
2025-07-12 06:27:57,Interbank,"May 4, 2024","👉 Encuentra aquí todo lo que necesitas saber sobre el retiro de la AFP. Si has decidido retirar, recuerda que el 20 de mayo empieza el registro de solicitudes según el último dígito de tu DNI.

Para saber más entra aquí: bit.ly/3WJL79h 🔗",123,2,14,4,22.0K
2025-07-12 06:27:57,Interbank,"Mar 27, 2024","Este feriado largo tu #InterbankApp estará disponible 24/7 para todas tus operaciones, al igual que nuestra Banca por Internet. El sábado 30 atenderemos en horario regular. ✨",46,1,9,0,16.0K
2025-07-12 06:27:57,Interbank,"Mar 26, 2024","#OrgulloInterbank  
¡Somos top #2 de “Los Mejores Lugares para Trabajar para las Mujeres en Perú” por @GPTWPeru 💪 
¡El cambio es colectivo! 💚 Seguiremos impulsándolo a través de nuestros programas e iniciativas para promover un entorno equitativo, diverso e inclusivo.",7,2,9,0,10.0K
2025-07-12 06:27:57,Interbank,"Mar 21, 2024","#OrgulloInterbank compartir el reconocimiento como Líderes Empresariales por el Cambio (LEC) a tres de nuestros clientes de Banca Empresa 🇵🇪 que apostaron por la #innovación para el crecimiento de sus negocios. 
#PremiosLEC",2,0,8,0,5.0K
2025-07-12 06:27:57,Interbank,"Mar 13, 2024","Otorgamos una línea de #FinanciamientoVerde por US$6 millones a HVC Exportaciones, destinada a la compra de café con certificación sostenible, lo que garantiza un ecosistema de prácticas eco amigables. 💪🌎

Conoce más👉interbank.pe/financiamiento…
#Sostenibilidad #NegocioResponsable",20,1,6,0,6.0K
2025-07-12 06:27:57,Interbank,"Mar 8, 2024","#EsCompromisoDeTodosyTodas ¡Este #8M sigamos! Por más acciones que nos permitan construir igualdad de oportunidades. Conoce algunas de nuestras iniciativas para impulsar la equidad en 👉 interbank.pe/equidad
#8deMarzo #DíaInternacionalDeLaMujer #EsTiempoDeEquidad",14,3,7,0,5.0K
2025-07-12 07:18:52,Interbank,Apr 16,¡Este feriado largo sigamos conectados! 💚 Este 17 y 18 de abril realiza tus operaciones de forma digital a través de tu #InterbankAPP 📲,84,0,7,3,13.0K
2025-07-12 07:18:52,Interbank,Oct 7,"Recuerda 👀 durante este feriado no habrá atención en nuestras Tiendas Financieras. 
Todas tus operaciones podrás hacerlas desde nuestra Banca por Internet y desde tu #InterbankApp 📱",66,1,25,2,98.0K
2025-07-12 07:18:52,Interbank,Aug 29,"Este feriado, sigue gestionando tus operaciones de manera rápida y segura desde tu Interbank APP o a través de nuestra Banca por Internet. 📲💻

✨ ¡Te esperamos de vuelta el 31 de agosto! ✨",59,0,9,0,37.0K
2025-07-12 07:18:52,Interbank,Aug 5,"Este 06 de agosto, realiza todas tus operaciones de manera fácil y segura desde tu #Interbank APP o desde nuestra Banca por Internet. 📲🧑‍💻",21,0,3,0,30.0K
2025-07-12 07:18:52,Interbank,Jul 27,"Este 29 de julio, realiza todas tus operaciones de manera fácil y segura desde tu #InterbankApp📱o desde nuestra Banca por Internet.  💻

✨ Retomaremos nuestra atención regular, el martes 30 de julio. 💚",30,1,9,0,26.0K
2025-07-12 07:18:52,Interbank,Jul 22,"📢 Este martes 23 de julio, realiza todas tus operaciones de manera fácil y segura desde tu #InterbankAPP o nuestra Banca por Internet. 💻📱",8,0,5,1,21.0K
2025-07-12 07:18:52,Interbank,"Jun 6, 2024","👀Este feriado, puedes realizar tus operaciones desde casa en nuestros canales digitales 📲Nos reencontramos el sábado en nuestro horario regular.",96,1,7,1,17.0K
2025-07-12 07:18:52,Interbank,"May 4, 2024","👉 Encuentra aquí todo lo que necesitas saber sobre el retiro de la AFP. Si has decidido retirar, recuerda que el 20 de mayo empieza el registro de solicitudes según el último dígito de tu DNI.

Para saber más entra aquí: bit.ly/3WJL79h 🔗",123,2,14,4,22.0K
2025-07-12 07:18:52,Interbank,"Mar 27, 2024","Este feriado largo tu #InterbankApp estará disponible 24/7 para todas tus operaciones, al igual que nuestra Banca por Internet. El sábado 30 atenderemos en horario regular. ✨",46,1,9,0,16.0K
2025-07-12 07:18:52,Interbank,"Mar 26, 2024","#OrgulloInterbank  
¡Somos top #2 de “Los Mejores Lugares para Trabajar para las Mujeres en Perú” por @GPTWPeru 💪 
¡El cambio es colectivo! 💚 Seguiremos impulsándolo a través de nuestros programas e iniciativas para promover un entorno equitativo, diverso e inclusivo.",7,2,9,0,10.0K
2025-07-12 07:18:52,Interbank,"Mar 21, 2024","#OrgulloInterbank compartir el reconocimiento como Líderes Empresariales por el Cambio (LEC) a tres de nuestros clientes de Banca Empresa 🇵🇪 que apostaron por la #innovación para el crecimiento de sus negocios. 
#PremiosLEC",2,0,8,0,5.0K
2025-07-12 07:18:52,Interbank,"Mar 13, 2024","Otorgamos una línea de #FinanciamientoVerde por US$6 millones a HVC Exportaciones, destinada a la compra de café con certificación sostenible, lo que garantiza un ecosistema de prácticas eco amigables. 💪🌎

Conoce más👉interbank.pe/financiamiento…
#Sostenibilidad #NegocioResponsable",20,1,6,0,6.0K
2025-07-12 07:18:52,Interbank,"Mar 8, 2024","#EsCompromisoDeTodosyTodas ¡Este #8M sigamos! Por más acciones que nos permitan construir igualdad de oportunidades. Conoce algunas de nuestras iniciativas para impulsar la equidad en 👉 interbank.pe/equidad
#8deMarzo #DíaInternacionalDeLaMujer #EsTiempoDeEquidad",14,3,7,0,5.0K
2025-07-12 08:24:11,Interbank,Apr 16,¡Este feriado largo sigamos conectados! 💚 Este 17 y 18 de abril realiza tus operaciones de forma digital a través de tu #InterbankAPP 📲,84,0,7,3,13.0K
2025-07-12 08:24:11,Interbank,Oct 7,"Recuerda 👀 durante este feriado no habrá atención en nuestras Tiendas Financieras. 
Todas tus operaciones podrás hacerlas desde nuestra Banca por Internet y desde tu #InterbankApp 📱",66,1,25,2,98.0K
2025-07-12 08:24:11,Interbank,Aug 29,"Este feriado, sigue gestionando tus operaciones de manera rápida y segura desde tu Interbank APP o a través de nuestra Banca por Internet. 📲💻

✨ ¡Te esperamos de vuelta el 31 de agosto! ✨",59,0,9,0,37.0K
2025-07-12 08:24:11,Interbank,Aug 5,"Este 06 de agosto, realiza todas tus operaciones de manera fácil y segura desde tu #Interbank APP o desde nuestra Banca por Internet. 📲🧑‍💻",21,0,3,0,30.0K
2025-07-12 08:24:11,Interbank,Jul 27,"Este 29 de julio, realiza todas tus operaciones de manera fácil y segura desde tu #InterbankApp📱o desde nuestra Banca por Internet.  💻

✨ Retomaremos nuestra atención regular, el martes 30 de julio. 💚",30,1,9,0,26.0K
2025-07-12 08:24:11,Interbank,Jul 22,"📢 Este martes 23 de julio, realiza todas tus operaciones de manera fácil y segura desde tu #InterbankAPP o nuestra Banca por Internet. 💻📱",8,0,5,1,21.0K
2025-07-12 08:24:11,Interbank,"Jun 6, 2024","👀Este feriado, puedes realizar tus operaciones desde casa en nuestros canales digitales 📲Nos reencontramos el sábado en nuestro horario regular.",96,1,7,1,17.0K
2025-07-12 08:24:11,Interbank,"May 4, 2024","👉 Encuentra aquí todo lo que necesitas saber sobre el retiro de la AFP. Si has decidido retirar, recuerda que el 20 de mayo empieza el registro de solicitudes según el último dígito de tu DNI.

Para saber más entra aquí: bit.ly/3WJL79h 🔗",123,2,14,4,22.0K
2025-07-12 08:24:11,Interbank,"Mar 27, 2024","Este feriado largo tu #InterbankApp estará disponible 24/7 para todas tus operaciones, al igual que nuestra Banca por Internet. El sábado 30 atenderemos en horario regular. ✨",46,1,9,0,16.0K
2025-07-12 08:24:11,Interbank,"Mar 26, 2024","#OrgulloInterbank  
¡Somos top #2 de “Los Mejores Lugares para Trabajar para las Mujeres en Perú” por @GPTWPeru 💪 
¡El cambio es colectivo! 💚 Seguiremos impulsándolo a través de nuestros programas e iniciativas para promover un entorno equitativo, diverso e inclusivo.",7,2,9,0,10.0K
2025-07-12 08:24:11,Interbank,"Mar 21, 2024","#OrgulloInterbank compartir el reconocimiento como Líderes Empresariales por el Cambio (LEC) a tres de nuestros clientes de Banca Empresa 🇵🇪 que apostaron por la #innovación para el crecimiento de sus negocios. 
#PremiosLEC",2,0,8,0,5.0K
2025-07-12 08:24:11,Interbank,"Mar 13, 2024","Otorgamos una línea de #FinanciamientoVerde por US$6 millones a HVC Exportaciones, destinada a la compra de café con certificación sostenible, lo que garantiza un ecosistema de prácticas eco amigables. 💪🌎

Conoce más👉interbank.pe/financiamiento…
#Sostenibilidad #NegocioResponsable",20,1,6,0,6.0K
2025-07-12 08:24:11,Interbank,"Mar 8, 2024","#EsCompromisoDeTodosyTodas ¡Este #8M sigamos! Por más acciones que nos permitan construir igualdad de oportunidades. Conoce algunas de nuestras iniciativas para impulsar la equidad en 👉 interbank.pe/equidad
#8deMarzo #DíaInternacionalDeLaMujer #EsTiempoDeEquidad",14,3,7,0,5.0K
2025-07-12 09:19:37,Interbank,Apr 16,¡Este feriado largo sigamos conectados! 💚 Este 17 y 18 de abril realiza tus operaciones de forma digital a través de tu #InterbankAPP 📲,84,0,7,3,13.0K
2025-07-12 09:19:37,Interbank,Oct 7,"Recuerda 👀 durante este feriado no habrá atención en nuestras Tiendas Financieras. 
Todas tus operaciones podrás hacerlas desde nuestra Banca por Internet y desde tu #InterbankApp 📱",66,1,25,2,98.0K
2025-07-12 09:19:37,Interbank,Aug 29,"Este feriado, sigue gestionando tus operaciones de manera rápida y segura desde tu Interbank APP o a través de nuestra Banca por Internet. 📲💻

✨ ¡Te esperamos de vuelta el 31 de agosto! ✨",59,0,9,0,37.0K
2025-07-12 09:19:37,Interbank,Aug 5,"Este 06 de agosto, realiza todas tus operaciones de manera fácil y segura desde tu #Interbank APP o desde nuestra Banca por Internet. 📲🧑‍💻",21,0,3,0,30.0K
2025-07-12 09:19:37,Interbank,Jul 27,"Este 29 de julio, realiza todas tus operaciones de manera fácil y segura desde tu #InterbankApp📱o desde nuestra Banca por Internet.  💻

✨ Retomaremos nuestra atención regular, el martes 30 de julio. 💚",30,1,9,0,26.0K
2025-07-12 09:19:37,Interbank,Jul 22,"📢 Este martes 23 de julio, realiza todas tus operaciones de manera fácil y segura desde tu #InterbankAPP o nuestra Banca por Internet. 💻📱",8,0,5,1,21.0K
2025-07-12 09:19:37,Interbank,"Jun 6, 2024","👀Este feriado, puedes realizar tus operaciones desde casa en nuestros canales digitales 📲Nos reencontramos el sábado en nuestro horario regular.",96,1,7,1,17.0K
2025-07-12 09:19:37,Interbank,"May 4, 2024","👉 Encuentra aquí todo lo que necesitas saber sobre el retiro de la AFP. Si has decidido retirar, recuerda que el 20 de mayo empieza el registro de solicitudes según el último dígito de tu DNI.

Para saber más entra aquí: bit.ly/3WJL79h 🔗",123,2,14,4,22.0K
2025-07-12 09:19:37,Interbank,"Mar 27, 2024","Este feriado largo tu #InterbankApp estará disponible 24/7 para todas tus operaciones, al igual que nuestra Banca por Internet. El sábado 30 atenderemos en horario regular. ✨",46,1,9,0,16.0K
2025-07-12 09:19:37,Interbank,"Mar 26, 2024","#OrgulloInterbank  
¡Somos top #2 de “Los Mejores Lugares para Trabajar para las Mujeres en Perú” por @GPTWPeru 💪 
¡El cambio es colectivo! 💚 Seguiremos impulsándolo a través de nuestros programas e iniciativas para promover un entorno equitativo, diverso e inclusivo.",7,2,9,0,10.0K
2025-07-12 09:19:37,Interbank,"Mar 21, 2024","#OrgulloInterbank compartir el reconocimiento como Líderes Empresariales por el Cambio (LEC) a tres de nuestros clientes de Banca Empresa 🇵🇪 que apostaron por la #innovación para el crecimiento de sus negocios. 
#PremiosLEC",2,0,8,0,5.0K
2025-07-12 09:19:37,Interbank,"Mar 13, 2024","Otorgamos una línea de #FinanciamientoVerde por US$6 millones a HVC Exportaciones, destinada a la compra de café con certificación sostenible, lo que garantiza un ecosistema de prácticas eco amigables. 💪🌎

Conoce más👉interbank.pe/financiamiento…
#Sostenibilidad #NegocioResponsable",20,1,6,0,6.0K
2025-07-12 09:19:37,Interbank,"Mar 8, 2024","#EsCompromisoDeTodosyTodas ¡Este #8M sigamos! Por más acciones que nos permitan construir igualdad de oportunidades. Conoce algunas de nuestras iniciativas para impulsar la equidad en 👉 interbank.pe/equidad
#8deMarzo #DíaInternacionalDeLaMujer #EsTiempoDeEquidad",14,3,7,0,5.0K
2025-07-12 10:19:37,Interbank,Apr 16,¡Este feriado largo sigamos conectados! 💚 Este 17 y 18 de abril realiza tus operaciones de forma digital a través de tu #InterbankAPP 📲,84,0,7,3,13.0K
2025-07-12 10:19:37,Interbank,Oct 7,"Recuerda 👀 durante este feriado no habrá atención en nuestras Tiendas Financieras. 
Todas tus operaciones podrás hacerlas desde nuestra Banca por Internet y desde tu #InterbankApp 📱",66,1,25,2,98.0K
2025-07-12 10:19:37,Interbank,Aug 29,"Este feriado, sigue gestionando tus operaciones de manera rápida y segura desde tu Interbank APP o a través de nuestra Banca por Internet. 📲💻

✨ ¡Te esperamos de vuelta el 31 de agosto! ✨",59,0,9,0,37.0K
2025-07-12 10:19:37,Interbank,Aug 5,"Este 06 de agosto, realiza todas tus operaciones de manera fácil y segura desde tu #Interbank APP o desde nuestra Banca por Internet. 📲🧑‍💻",21,0,3,0,30.0K
2025-07-12 10:19:37,Interbank,Jul 27,"Este 29 de julio, realiza todas tus operaciones de manera fácil y segura desde tu #InterbankApp📱o desde nuestra Banca por Internet.  💻

✨ Retomaremos nuestra atención regular, el martes 30 de julio. 💚",30,1,9,0,26.0K
2025-07-12 10:19:37,Interbank,Jul 22,"📢 Este martes 23 de julio, realiza todas tus operaciones de manera fácil y segura desde tu #InterbankAPP o nuestra Banca por Internet. 💻📱",8,0,5,1,21.0K
2025-07-12 10:19:37,Interbank,"Jun 6, 2024","👀Este feriado, puedes realizar tus operaciones desde casa en nuestros canales digitales 📲Nos reencontramos el sábado en nuestro horario regular.",96,1,7,1,17.0K
2025-07-12 10:19:37,Interbank,"May 4, 2024","👉 Encuentra aquí todo lo que necesitas saber sobre el retiro de la AFP. Si has decidido retirar, recuerda que el 20 de mayo empieza el registro de solicitudes según el último dígito de tu DNI.

Para saber más entra aquí: bit.ly/3WJL79h 🔗",123,2,14,4,22.0K
2025-07-12 10:19:37,Interbank,"Mar 27, 2024","Este feriado largo tu #InterbankApp estará disponible 24/7 para todas tus operaciones, al igual que nuestra Banca por Internet. El sábado 30 atenderemos en horario regular. ✨",46,1,9,0,16.0K
2025-07-12 10:19:37,Interbank,"Mar 26, 2024","#OrgulloInterbank  
¡Somos top #2 de “Los Mejores Lugares para Trabajar para las Mujeres en Perú” por @GPTWPeru 💪 
¡El cambio es colectivo! 💚 Seguiremos impulsándolo a través de nuestros programas e iniciativas para promover un entorno equitativo, diverso e inclusivo.",7,2,9,0,10.0K
2025-07-12 10:19:37,Interbank,"Mar 21, 2024","#OrgulloInterbank compartir el reconocimiento como Líderes Empresariales por el Cambio (LEC) a tres de nuestros clientes de Banca Empresa 🇵🇪 que apostaron por la #innovación para el crecimiento de sus negocios. 
#PremiosLEC",2,0,8,0,5.0K
2025-07-12 10:19:37,Interbank,"Mar 13, 2024","Otorgamos una línea de #FinanciamientoVerde por US$6 millones a HVC Exportaciones, destinada a la compra de café con certificación sostenible, lo que garantiza un ecosistema de prácticas eco amigables. 💪🌎

Conoce más👉interbank.pe/financiamiento…
#Sostenibilidad #NegocioResponsable",20,1,6,0,6.0K
2025-07-12 10:19:37,Interbank,"Mar 8, 2024","#EsCompromisoDeTodosyTodas ¡Este #8M sigamos! Por más acciones que nos permitan construir igualdad de oportunidades. Conoce algunas de nuestras iniciativas para impulsar la equidad en 👉 interbank.pe/equidad
#8deMarzo #DíaInternacionalDeLaMujer #EsTiempoDeEquidad",14,3,7,0,5.0K
2025-07-12 11:16:50,Interbank,Apr 16,¡Este feriado largo sigamos conectados! 💚 Este 17 y 18 de abril realiza tus operaciones de forma digital a través de tu #InterbankAPP 📲,84,0,7,3,13.0K
2025-07-12 11:16:50,Interbank,Oct 7,"Recuerda 👀 durante este feriado no habrá atención en nuestras Tiendas Financieras. 
Todas tus operaciones podrás hacerlas desde nuestra Banca por Internet y desde tu #InterbankApp 📱",66,1,25,2,98.0K
2025-07-12 11:16:50,Interbank,Aug 29,"Este feriado, sigue gestionando tus operaciones de manera rápida y segura desde tu Interbank APP o a través de nuestra Banca por Internet. 📲💻

✨ ¡Te esperamos de vuelta el 31 de agosto! ✨",59,0,9,0,37.0K
2025-07-12 11:16:50,Interbank,Aug 5,"Este 06 de agosto, realiza todas tus operaciones de manera fácil y segura desde tu #Interbank APP o desde nuestra Banca por Internet. 📲🧑‍💻",21,0,3,0,30.0K
2025-07-12 11:16:50,Interbank,Jul 27,"Este 29 de julio, realiza todas tus operaciones de manera fácil y segura desde tu #InterbankApp📱o desde nuestra Banca por Internet.  💻

✨ Retomaremos nuestra atención regular, el martes 30 de julio. 💚",30,1,9,0,26.0K
2025-07-12 11:16:50,Interbank,Jul 22,"📢 Este martes 23 de julio, realiza todas tus operaciones de manera fácil y segura desde tu #InterbankAPP o nuestra Banca por Internet. 💻📱",8,0,5,1,21.0K
2025-07-12 11:16:50,Interbank,"Jun 6, 2024","👀Este feriado, puedes realizar tus operaciones desde casa en nuestros canales digitales 📲Nos reencontramos el sábado en nuestro horario regular.",96,1,7,1,17.0K
2025-07-12 11:16:50,Interbank,"May 4, 2024","👉 Encuentra aquí todo lo que necesitas saber sobre el retiro de la AFP. Si has decidido retirar, recuerda que el 20 de mayo empieza el registro de solicitudes según el último dígito de tu DNI.

Para saber más entra aquí: bit.ly/3WJL79h 🔗",123,2,14,4,22.0K
2025-07-12 11:16:50,Interbank,"Mar 27, 2024","Este feriado largo tu #InterbankApp estará disponible 24/7 para todas tus operaciones, al igual que nuestra Banca por Internet. El sábado 30 atenderemos en horario regular. ✨",46,1,9,0,16.0K
2025-07-12 11:16:50,Interbank,"Mar 26, 2024","#OrgulloInterbank  
¡Somos top #2 de “Los Mejores Lugares para Trabajar para las Mujeres en Perú” por @GPTWPeru 💪 
¡El cambio es colectivo! 💚 Seguiremos impulsándolo a través de nuestros programas e iniciativas para promover un entorno equitativo, diverso e inclusivo.",7,2,9,0,10.0K
2025-07-12 11:16:50,Interbank,"Mar 21, 2024","#OrgulloInterbank compartir el reconocimiento como Líderes Empresariales por el Cambio (LEC) a tres de nuestros clientes de Banca Empresa 🇵🇪 que apostaron por la #innovación para el crecimiento de sus negocios. 
#PremiosLEC",2,0,8,0,5.0K
2025-07-12 11:16:50,Interbank,"Mar 13, 2024","Otorgamos una línea de #FinanciamientoVerde por US$6 millones a HVC Exportaciones, destinada a la compra de café con certificación sostenible, lo que garantiza un ecosistema de prácticas eco amigables. 💪🌎

Conoce más👉interbank.pe/financiamiento…
#Sostenibilidad #NegocioResponsable",20,1,6,0,6.0K
2025-07-12 11:16:50,Interbank,"Mar 8, 2024","#EsCompromisoDeTodosyTodas ¡Este #8M sigamos! Por más acciones que nos permitan construir igualdad de oportunidades. Conoce algunas de nuestras iniciativas para impulsar la equidad en 👉 interbank.pe/equidad
#8deMarzo #DíaInternacionalDeLaMujer #EsTiempoDeEquidad",14,3,7,0,5.0K
2025-07-12 12:37:37,Interbank,Apr 16,¡Este feriado largo sigamos conectados! 💚 Este 17 y 18 de abril realiza tus operaciones de forma digital a través de tu #InterbankAPP 📲,84,0,7,3,13.0K
2025-07-12 12:37:37,Interbank,Oct 7,"Recuerda 👀 durante este feriado no habrá atención en nuestras Tiendas Financieras. 
Todas tus operaciones podrás hacerlas desde nuestra Banca por Internet y desde tu #InterbankApp 📱",66,1,25,2,98.0K
2025-07-12 12:37:37,Interbank,Aug 29,"Este feriado, sigue gestionando tus operaciones de manera rápida y segura desde tu Interbank APP o a través de nuestra Banca por Internet. 📲💻

✨ ¡Te esperamos de vuelta el 31 de agosto! ✨",59,0,9,0,37.0K
2025-07-12 12:37:37,Interbank,Aug 5,"Este 06 de agosto, realiza todas tus operaciones de manera fácil y segura desde tu #Interbank APP o desde nuestra Banca por Internet. 📲🧑‍💻",21,0,3,0,30.0K
2025-07-12 12:37:37,Interbank,Jul 27,"Este 29 de julio, realiza todas tus operaciones de manera fácil y segura desde tu #InterbankApp📱o desde nuestra Banca por Internet.  💻

✨ Retomaremos nuestra atención regular, el martes 30 de julio. 💚",30,1,9,0,26.0K
2025-07-12 12:37:37,Interbank,Jul 22,"📢 Este martes 23 de julio, realiza todas tus operaciones de manera fácil y segura desde tu #InterbankAPP o nuestra Banca por Internet. 💻📱",8,0,5,1,21.0K
2025-07-12 12:37:37,Interbank,"Jun 6, 2024","👀Este feriado, puedes realizar tus operaciones desde casa en nuestros canales digitales 📲Nos reencontramos el sábado en nuestro horario regular.",96,1,7,1,17.0K
2025-07-12 12:37:37,Interbank,"May 4, 2024","👉 Encuentra aquí todo lo que necesitas saber sobre el retiro de la AFP. Si has decidido retirar, recuerda que el 20 de mayo empieza el registro de solicitudes según el último dígito de tu DNI.

Para saber más entra aquí: bit.ly/3WJL79h 🔗",123,2,14,4,22.0K
2025-07-12 12:37:37,Interbank,"Mar 27, 2024","Este feriado largo tu #InterbankApp estará disponible 24/7 para todas tus operaciones, al igual que nuestra Banca por Internet. El sábado 30 atenderemos en horario regular. ✨",46,1,9,0,16.0K
2025-07-12 12:37:37,Interbank,"Mar 26, 2024","#OrgulloInterbank  
¡Somos top #2 de “Los Mejores Lugares para Trabajar para las Mujeres en Perú” por @GPTWPeru 💪 
¡El cambio es colectivo! 💚 Seguiremos impulsándolo a través de nuestros programas e iniciativas para promover un entorno equitativo, diverso e inclusivo.",7,2,9,0,10.0K
2025-07-12 12:37:37,Interbank,"Mar 21, 2024","#OrgulloInterbank compartir el reconocimiento como Líderes Empresariales por el Cambio (LEC) a tres de nuestros clientes de Banca Empresa 🇵🇪 que apostaron por la #innovación para el crecimiento de sus negocios. 
#PremiosLEC",2,0,8,0,5.0K
2025-07-12 12:37:37,Interbank,"Mar 13, 2024","Otorgamos una línea de #FinanciamientoVerde por US$6 millones a HVC Exportaciones, destinada a la compra de café con certificación sostenible, lo que garantiza un ecosistema de prácticas eco amigables. 💪🌎

Conoce más👉interbank.pe/financiamiento…
#Sostenibilidad #NegocioResponsable",20,1,6,0,6.0K
2025-07-12 12:37:37,Interbank,"Mar 8, 2024","#EsCompromisoDeTodosyTodas ¡Este #8M sigamos! Por más acciones que nos permitan construir igualdad de oportunidades. Conoce algunas de nuestras iniciativas para impulsar la equidad en 👉 interbank.pe/equidad
#8deMarzo #DíaInternacionalDeLaMujer #EsTiempoDeEquidad",14,3,7,0,5.0K
2025-07-12 13:28:27,Interbank,Apr 16,¡Este feriado largo sigamos conectados! 💚 Este 17 y 18 de abril realiza tus operaciones de forma digital a través de tu #InterbankAPP 📲,84,0,7,3,13.0K
2025-07-12 13:28:27,Interbank,Oct 7,"Recuerda 👀 durante este feriado no habrá atención en nuestras Tiendas Financieras. 
Todas tus operaciones podrás hacerlas desde nuestra Banca por Internet y desde tu #InterbankApp 📱",66,1,25,2,98.0K
2025-07-12 13:28:27,Interbank,Aug 29,"Este feriado, sigue gestionando tus operaciones de manera rápida y segura desde tu Interbank APP o a través de nuestra Banca por Internet. 📲💻

✨ ¡Te esperamos de vuelta el 31 de agosto! ✨",59,0,9,0,37.0K
2025-07-12 13:28:27,Interbank,Aug 5,"Este 06 de agosto, realiza todas tus operaciones de manera fácil y segura desde tu #Interbank APP o desde nuestra Banca por Internet. 📲🧑‍💻",21,0,3,0,30.0K
2025-07-12 13:28:27,Interbank,Jul 27,"Este 29 de julio, realiza todas tus operaciones de manera fácil y segura desde tu #InterbankApp📱o desde nuestra Banca por Internet.  💻

✨ Retomaremos nuestra atención regular, el martes 30 de julio. 💚",30,1,9,0,26.0K
2025-07-12 13:28:27,Interbank,Jul 22,"📢 Este martes 23 de julio, realiza todas tus operaciones de manera fácil y segura desde tu #InterbankAPP o nuestra Banca por Internet. 💻📱",8,0,5,1,21.0K
2025-07-12 13:28:27,Interbank,"Jun 6, 2024","👀Este feriado, puedes realizar tus operaciones desde casa en nuestros canales digitales 📲Nos reencontramos el sábado en nuestro horario regular.",96,1,7,1,17.0K
2025-07-12 13:28:27,Interbank,"May 4, 2024","👉 Encuentra aquí todo lo que necesitas saber sobre el retiro de la AFP. Si has decidido retirar, recuerda que el 20 de mayo empieza el registro de solicitudes según el último dígito de tu DNI.

Para saber más entra aquí: bit.ly/3WJL79h 🔗",123,2,14,4,22.0K
2025-07-12 13:28:27,Interbank,"Mar 27, 2024","Este feriado largo tu #InterbankApp estará disponible 24/7 para todas tus operaciones, al igual que nuestra Banca por Internet. El sábado 30 atenderemos en horario regular. ✨",46,1,9,0,16.0K
2025-07-12 13:28:27,Interbank,"Mar 26, 2024","#OrgulloInterbank  
¡Somos top #2 de “Los Mejores Lugares para Trabajar para las Mujeres en Perú” por @GPTWPeru 💪 
¡El cambio es colectivo! 💚 Seguiremos impulsándolo a través de nuestros programas e iniciativas para promover un entorno equitativo, diverso e inclusivo.",7,2,9,0,10.0K
2025-07-12 13:28:27,Interbank,"Mar 21, 2024","#OrgulloInterbank compartir el reconocimiento como Líderes Empresariales por el Cambio (LEC) a tres de nuestros clientes de Banca Empresa 🇵🇪 que apostaron por la #innovación para el crecimiento de sus negocios. 
#PremiosLEC",2,0,8,0,5.0K
2025-07-12 13:28:27,Interbank,"Mar 13, 2024","Otorgamos una línea de #FinanciamientoVerde por US$6 millones a HVC Exportaciones, destinada a la compra de café con certificación sostenible, lo que garantiza un ecosistema de prácticas eco amigables. 💪🌎

Conoce más👉interbank.pe/financiamiento…
#Sostenibilidad #NegocioResponsable",20,1,6,0,6.0K
2025-07-12 13:28:27,Interbank,"Mar 8, 2024","#EsCompromisoDeTodosyTodas ¡Este #8M sigamos! Por más acciones que nos permitan construir igualdad de oportunidades. Conoce algunas de nuestras iniciativas para impulsar la equidad en 👉 interbank.pe/equidad
#8deMarzo #DíaInternacionalDeLaMujer #EsTiempoDeEquidad",14,3,7,0,5.0K
2025-07-12 14:17:34,Interbank,Apr 16,¡Este feriado largo sigamos conectados! 💚 Este 17 y 18 de abril realiza tus operaciones de forma digital a través de tu #InterbankAPP 📲,84,0,7,3,13.0K
2025-07-12 14:17:34,Interbank,Oct 7,"Recuerda 👀 durante este feriado no habrá atención en nuestras Tiendas Financieras. 
Todas tus operaciones podrás hacerlas desde nuestra Banca por Internet y desde tu #InterbankApp 📱",66,1,25,2,98.0K
2025-07-12 14:17:34,Interbank,Aug 29,"Este feriado, sigue gestionando tus operaciones de manera rápida y segura desde tu Interbank APP o a través de nuestra Banca por Internet. 📲💻

✨ ¡Te esperamos de vuelta el 31 de agosto! ✨",59,0,9,0,37.0K
2025-07-12 14:17:34,Interbank,Aug 5,"Este 06 de agosto, realiza todas tus operaciones de manera fácil y segura desde tu #Interbank APP o desde nuestra Banca por Internet. 📲🧑‍💻",21,0,3,0,30.0K
2025-07-12 14:17:34,Interbank,Jul 27,"Este 29 de julio, realiza todas tus operaciones de manera fácil y segura desde tu #InterbankApp📱o desde nuestra Banca por Internet.  💻

✨ Retomaremos nuestra atención regular, el martes 30 de julio. 💚",30,1,9,0,26.0K
2025-07-12 14:17:34,Interbank,Jul 22,"📢 Este martes 23 de julio, realiza todas tus operaciones de manera fácil y segura desde tu #InterbankAPP o nuestra Banca por Internet. 💻📱",8,0,5,1,21.0K
2025-07-12 14:17:34,Interbank,"Jun 6, 2024","👀Este feriado, puedes realizar tus operaciones desde casa en nuestros canales digitales 📲Nos reencontramos el sábado en nuestro horario regular.",96,1,7,1,17.0K
2025-07-12 14:17:34,Interbank,"May 4, 2024","👉 Encuentra aquí todo lo que necesitas saber sobre el retiro de la AFP. Si has decidido retirar, recuerda que el 20 de mayo empieza el registro de solicitudes según el último dígito de tu DNI.

Para saber más entra aquí: bit.ly/3WJL79h 🔗",123,2,14,4,22.0K
2025-07-12 14:17:34,Interbank,"Mar 27, 2024","Este feriado largo tu #InterbankApp estará disponible 24/7 para todas tus operaciones, al igual que nuestra Banca por Internet. El sábado 30 atenderemos en horario regular. ✨",46,1,9,0,16.0K
2025-07-12 14:17:34,Interbank,"Mar 26, 2024","#OrgulloInterbank  
¡Somos top #2 de “Los Mejores Lugares para Trabajar para las Mujeres en Perú” por @GPTWPeru 💪 
¡El cambio es colectivo! 💚 Seguiremos impulsándolo a través de nuestros programas e iniciativas para promover un entorno equitativo, diverso e inclusivo.",7,2,9,0,10.0K
2025-07-12 14:17:34,Interbank,"Mar 21, 2024","#OrgulloInterbank compartir el reconocimiento como Líderes Empresariales por el Cambio (LEC) a tres de nuestros clientes de Banca Empresa 🇵🇪 que apostaron por la #innovación para el crecimiento de sus negocios. 
#PremiosLEC",2,0,8,0,5.0K
2025-07-12 14:17:34,Interbank,"Mar 13, 2024","Otorgamos una línea de #FinanciamientoVerde por US$6 millones a HVC Exportaciones, destinada a la compra de café con certificación sostenible, lo que garantiza un ecosistema de prácticas eco amigables. 💪🌎

Conoce más👉interbank.pe/financiamiento…
#Sostenibilidad #NegocioResponsable",20,1,6,0,6.0K
2025-07-12 14:17:34,Interbank,"Mar 8, 2024","#EsCompromisoDeTodosyTodas ¡Este #8M sigamos! Por más acciones que nos permitan construir igualdad de oportunidades. Conoce algunas de nuestras iniciativas para impulsar la equidad en 👉 interbank.pe/equidad
#8deMarzo #DíaInternacionalDeLaMujer #EsTiempoDeEquidad",14,3,7,0,5.0K
2025-07-12 15:19:23,Interbank,Apr 16,¡Este feriado largo sigamos conectados! 💚 Este 17 y 18 de abril realiza tus operaciones de forma digital a través de tu #InterbankAPP 📲,84,0,7,3,13.0K
2025-07-12 15:19:23,Interbank,Oct 7,"Recuerda 👀 durante este feriado no habrá atención en nuestras Tiendas Financieras. 
Todas tus operaciones podrás hacerlas desde nuestra Banca por Internet y desde tu #InterbankApp 📱",66,1,25,2,98.0K
2025-07-12 15:19:23,Interbank,Aug 29,"Este feriado, sigue gestionando tus operaciones de manera rápida y segura desde tu Interbank APP o a través de nuestra Banca por Internet. 📲💻

✨ ¡Te esperamos de vuelta el 31 de agosto! ✨",59,0,9,0,37.0K
2025-07-12 15:19:23,Interbank,Aug 5,"Este 06 de agosto, realiza todas tus operaciones de manera fácil y segura desde tu #Interbank APP o desde nuestra Banca por Internet. 📲🧑‍💻",21,0,3,0,30.0K
2025-07-12 15:19:23,Interbank,Jul 27,"Este 29 de julio, realiza todas tus operaciones de manera fácil y segura desde tu #InterbankApp📱o desde nuestra Banca por Internet.  💻

✨ Retomaremos nuestra atención regular, el martes 30 de julio. 💚",30,1,9,0,26.0K
2025-07-12 15:19:23,Interbank,Jul 22,"📢 Este martes 23 de julio, realiza todas tus operaciones de manera fácil y segura desde tu #InterbankAPP o nuestra Banca por Internet. 💻📱",8,0,5,1,21.0K
2025-07-12 15:19:23,Interbank,"Jun 6, 2024","👀Este feriado, puedes realizar tus operaciones desde casa en nuestros canales digitales 📲Nos reencontramos el sábado en nuestro horario regular.",96,1,7,1,17.0K
2025-07-12 15:19:23,Interbank,"May 4, 2024","👉 Encuentra aquí todo lo que necesitas saber sobre el retiro de la AFP. Si has decidido retirar, recuerda que el 20 de mayo empieza el registro de solicitudes según el último dígito de tu DNI.

Para saber más entra aquí: bit.ly/3WJL79h 🔗",123,2,14,4,22.0K
2025-07-12 15:19:23,Interbank,"Mar 27, 2024","Este feriado largo tu #InterbankApp estará disponible 24/7 para todas tus operaciones, al igual que nuestra Banca por Internet. El sábado 30 atenderemos en horario regular. ✨",46,1,9,0,16.0K
2025-07-12 15:19:23,Interbank,"Mar 26, 2024","#OrgulloInterbank  
¡Somos top #2 de “Los Mejores Lugares para Trabajar para las Mujeres en Perú” por @GPTWPeru 💪 
¡El cambio es colectivo! 💚 Seguiremos impulsándolo a través de nuestros programas e iniciativas para promover un entorno equitativo, diverso e inclusivo.",7,2,9,0,10.0K
2025-07-12 15:19:23,Interbank,"Mar 21, 2024","#OrgulloInterbank compartir el reconocimiento como Líderes Empresariales por el Cambio (LEC) a tres de nuestros clientes de Banca Empresa 🇵🇪 que apostaron por la #innovación para el crecimiento de sus negocios. 
#PremiosLEC",2,0,8,0,5.0K
2025-07-12 15:19:23,Interbank,"Mar 13, 2024","Otorgamos una línea de #FinanciamientoVerde por US$6 millones a HVC Exportaciones, destinada a la compra de café con certificación sostenible, lo que garantiza un ecosistema de prácticas eco amigables. 💪🌎

Conoce más👉interbank.pe/financiamiento…
#Sostenibilidad #NegocioResponsable",20,1,6,0,6.0K
2025-07-12 15:19:23,Interbank,"Mar 8, 2024","#EsCompromisoDeTodosyTodas ¡Este #8M sigamos! Por más acciones que nos permitan construir igualdad de oportunidades. Conoce algunas de nuestras iniciativas para impulsar la equidad en 👉 interbank.pe/equidad
#8deMarzo #DíaInternacionalDeLaMujer #EsTiempoDeEquidad",14,3,7,0,5.0K
2025-07-12 16:23:02,Interbank,Apr 16,¡Este feriado largo sigamos conectados! 💚 Este 17 y 18 de abril realiza tus operaciones de forma digital a través de tu #InterbankAPP 📲,84,0,7,3,13.0K
2025-07-12 16:23:02,Interbank,Oct 7,"Recuerda 👀 durante este feriado no habrá atención en nuestras Tiendas Financieras. 
Todas tus operaciones podrás hacerlas desde nuestra Banca por Internet y desde tu #InterbankApp 📱",66,1,25,2,98.0K
2025-07-12 16:23:02,Interbank,Aug 29,"Este feriado, sigue gestionando tus operaciones de manera rápida y segura desde tu Interbank APP o a través de nuestra Banca por Internet. 📲💻

✨ ¡Te esperamos de vuelta el 31 de agosto! ✨",59,0,9,0,37.0K
2025-07-12 16:23:02,Interbank,Aug 5,"Este 06 de agosto, realiza todas tus operaciones de manera fácil y segura desde tu #Interbank APP o desde nuestra Banca por Internet. 📲🧑‍💻",21,0,3,0,30.0K
2025-07-12 16:23:02,Interbank,Jul 27,"Este 29 de julio, realiza todas tus operaciones de manera fácil y segura desde tu #InterbankApp📱o desde nuestra Banca por Internet.  💻

✨ Retomaremos nuestra atención regular, el martes 30 de julio. 💚",30,1,9,0,26.0K
2025-07-12 16:23:02,Interbank,Jul 22,"📢 Este martes 23 de julio, realiza todas tus operaciones de manera fácil y segura desde tu #InterbankAPP o nuestra Banca por Internet. 💻📱",8,0,5,1,21.0K
2025-07-12 16:23:02,Interbank,"Jun 6, 2024","👀Este feriado, puedes realizar tus operaciones desde casa en nuestros canales digitales 📲Nos reencontramos el sábado en nuestro horario regular.",96,1,7,1,17.0K
2025-07-12 16:23:02,Interbank,"May 4, 2024","👉 Encuentra aquí todo lo que necesitas saber sobre el retiro de la AFP. Si has decidido retirar, recuerda que el 20 de mayo empieza el registro de solicitudes según el último dígito de tu DNI.

Para saber más entra aquí: bit.ly/3WJL79h 🔗",123,2,14,4,22.0K
2025-07-12 16:23:02,Interbank,"Mar 27, 2024","Este feriado largo tu #InterbankApp estará disponible 24/7 para todas tus operaciones, al igual que nuestra Banca por Internet. El sábado 30 atenderemos en horario regular. ✨",46,1,9,0,16.0K
2025-07-12 16:23:02,Interbank,"Mar 26, 2024","#OrgulloInterbank  
¡Somos top #2 de “Los Mejores Lugares para Trabajar para las Mujeres en Perú” por @GPTWPeru 💪 
¡El cambio es colectivo! 💚 Seguiremos impulsándolo a través de nuestros programas e iniciativas para promover un entorno equitativo, diverso e inclusivo.",7,2,9,0,10.0K
2025-07-12 16:23:02,Interbank,"Mar 21, 2024","#OrgulloInterbank compartir el reconocimiento como Líderes Empresariales por el Cambio (LEC) a tres de nuestros clientes de Banca Empresa 🇵🇪 que apostaron por la #innovación para el crecimiento de sus negocios. 
#PremiosLEC",2,0,8,0,5.0K
2025-07-12 16:23:02,Interbank,"Mar 13, 2024","Otorgamos una línea de #FinanciamientoVerde por US$6 millones a HVC Exportaciones, destinada a la compra de café con certificación sostenible, lo que garantiza un ecosistema de prácticas eco amigables. 💪🌎

Conoce más👉interbank.pe/financiamiento…
#Sostenibilidad #NegocioResponsable",20,1,6,0,6.0K
2025-07-12 16:23:02,Interbank,"Mar 8, 2024","#EsCompromisoDeTodosyTodas ¡Este #8M sigamos! Por más acciones que nos permitan construir igualdad de oportunidades. Conoce algunas de nuestras iniciativas para impulsar la equidad en 👉 interbank.pe/equidad
#8deMarzo #DíaInternacionalDeLaMujer #EsTiempoDeEquidad",14,3,7,0,5.0K
2025-07-12 17:16:35,Interbank,Apr 16,¡Este feriado largo sigamos conectados! 💚 Este 17 y 18 de abril realiza tus operaciones de forma digital a través de tu #InterbankAPP 📲,84,0,7,3,13.0K
2025-07-12 17:16:35,Interbank,Oct 7,"Recuerda 👀 durante este feriado no habrá atención en nuestras Tiendas Financieras. 
Todas tus operaciones podrás hacerlas desde nuestra Banca por Internet y desde tu #InterbankApp 📱",66,1,25,2,98.0K
2025-07-12 17:16:35,Interbank,Aug 29,"Este feriado, sigue gestionando tus operaciones de manera rápida y segura desde tu Interbank APP o a través de nuestra Banca por Internet. 📲💻

✨ ¡Te esperamos de vuelta el 31 de agosto! ✨",59,0,9,0,37.0K
2025-07-12 17:16:35,Interbank,Aug 5,"Este 06 de agosto, realiza todas tus operaciones de manera fácil y segura desde tu #Interbank APP o desde nuestra Banca por Internet. 📲🧑‍💻",21,0,3,0,30.0K
2025-07-12 17:16:35,Interbank,Jul 27,"Este 29 de julio, realiza todas tus operaciones de manera fácil y segura desde tu #InterbankApp📱o desde nuestra Banca por Internet.  💻

✨ Retomaremos nuestra atención regular, el martes 30 de julio. 💚",30,1,9,0,26.0K
2025-07-12 17:16:35,Interbank,Jul 22,"📢 Este martes 23 de julio, realiza todas tus operaciones de manera fácil y segura desde tu #InterbankAPP o nuestra Banca por Internet. 💻📱",8,0,5,1,21.0K
2025-07-12 17:16:35,Interbank,"Jun 6, 2024","👀Este feriado, puedes realizar tus operaciones desde casa en nuestros canales digitales 📲Nos reencontramos el sábado en nuestro horario regular.",96,1,7,1,17.0K
2025-07-12 17:16:35,Interbank,"May 4, 2024","👉 Encuentra aquí todo lo que necesitas saber sobre el retiro de la AFP. Si has decidido retirar, recuerda que el 20 de mayo empieza el registro de solicitudes según el último dígito de tu DNI.

Para saber más entra aquí: bit.ly/3WJL79h 🔗",123,2,14,4,22.0K
2025-07-12 17:16:35,Interbank,"Mar 27, 2024","Este feriado largo tu #InterbankApp estará disponible 24/7 para todas tus operaciones, al igual que nuestra Banca por Internet. El sábado 30 atenderemos en horario regular. ✨",46,1,9,0,16.0K
2025-07-12 17:16:35,Interbank,"Mar 26, 2024","#OrgulloInterbank  
¡Somos top #2 de “Los Mejores Lugares para Trabajar para las Mujeres en Perú” por @GPTWPeru 💪 
¡El cambio es colectivo! 💚 Seguiremos impulsándolo a través de nuestros programas e iniciativas para promover un entorno equitativo, diverso e inclusivo.",7,2,9,0,10.0K
2025-07-12 17:16:35,Interbank,"Mar 21, 2024","#OrgulloInterbank compartir el reconocimiento como Líderes Empresariales por el Cambio (LEC) a tres de nuestros clientes de Banca Empresa 🇵🇪 que apostaron por la #innovación para el crecimiento de sus negocios. 
#PremiosLEC",2,0,8,0,5.0K
2025-07-12 17:16:35,Interbank,"Mar 13, 2024","Otorgamos una línea de #FinanciamientoVerde por US$6 millones a HVC Exportaciones, destinada a la compra de café con certificación sostenible, lo que garantiza un ecosistema de prácticas eco amigables. 💪🌎

Conoce más👉interbank.pe/financiamiento…
#Sostenibilidad #NegocioResponsable",20,1,6,0,6.0K
2025-07-12 17:16:35,Interbank,"Mar 8, 2024","#EsCompromisoDeTodosyTodas ¡Este #8M sigamos! Por más acciones que nos permitan construir igualdad de oportunidades. Conoce algunas de nuestras iniciativas para impulsar la equidad en 👉 interbank.pe/equidad
#8deMarzo #DíaInternacionalDeLaMujer #EsTiempoDeEquidad",14,3,7,0,5.0K
2025-07-12 18:26:41,Interbank,Apr 16,¡Este feriado largo sigamos conectados! 💚 Este 17 y 18 de abril realiza tus operaciones de forma digital a través de tu #InterbankAPP 📲,84,0,7,3,13.0K
2025-07-12 18:26:41,Interbank,Oct 7,"Recuerda 👀 durante este feriado no habrá atención en nuestras Tiendas Financieras. 
Todas tus operaciones podrás hacerlas desde nuestra Banca por Internet y desde tu #InterbankApp 📱",66,1,25,2,98.0K
2025-07-12 18:26:41,Interbank,Aug 29,"Este feriado, sigue gestionando tus operaciones de manera rápida y segura desde tu Interbank APP o a través de nuestra Banca por Internet. 📲💻

✨ ¡Te esperamos de vuelta el 31 de agosto! ✨",59,0,9,0,37.0K
2025-07-12 18:26:41,Interbank,Aug 5,"Este 06 de agosto, realiza todas tus operaciones de manera fácil y segura desde tu #Interbank APP o desde nuestra Banca por Internet. 📲🧑‍💻",21,0,3,0,30.0K
2025-07-12 18:26:41,Interbank,Jul 27,"Este 29 de julio, realiza todas tus operaciones de manera fácil y segura desde tu #InterbankApp📱o desde nuestra Banca por Internet.  💻

✨ Retomaremos nuestra atención regular, el martes 30 de julio. 💚",30,1,9,0,26.0K
2025-07-12 18:26:41,Interbank,Jul 22,"📢 Este martes 23 de julio, realiza todas tus operaciones de manera fácil y segura desde tu #InterbankAPP o nuestra Banca por Internet. 💻📱",8,0,5,1,21.0K
2025-07-12 18:26:41,Interbank,"Jun 6, 2024","👀Este feriado, puedes realizar tus operaciones desde casa en nuestros canales digitales 📲Nos reencontramos el sábado en nuestro horario regular.",96,1,7,1,17.0K
2025-07-12 18:26:41,Interbank,"May 4, 2024","👉 Encuentra aquí todo lo que necesitas saber sobre el retiro de la AFP. Si has decidido retirar, recuerda que el 20 de mayo empieza el registro de solicitudes según el último dígito de tu DNI.

Para saber más entra aquí: bit.ly/3WJL79h 🔗",123,2,14,4,22.0K
2025-07-12 18:26:41,Interbank,"Mar 27, 2024","Este feriado largo tu #InterbankApp estará disponible 24/7 para todas tus operaciones, al igual que nuestra Banca por Internet. El sábado 30 atenderemos en horario regular. ✨",46,1,9,0,16.0K
2025-07-12 18:26:41,Interbank,"Mar 26, 2024","#OrgulloInterbank  
¡Somos top #2 de “Los Mejores Lugares para Trabajar para las Mujeres en Perú” por @GPTWPeru 💪 
¡El cambio es colectivo! 💚 Seguiremos impulsándolo a través de nuestros programas e iniciativas para promover un entorno equitativo, diverso e inclusivo.",7,2,9,0,10.0K
2025-07-12 18:26:41,Interbank,"Mar 21, 2024","#OrgulloInterbank compartir el reconocimiento como Líderes Empresariales por el Cambio (LEC) a tres de nuestros clientes de Banca Empresa 🇵🇪 que apostaron por la #innovación para el crecimiento de sus negocios. 
#PremiosLEC",2,0,8,0,5.0K
2025-07-12 18:26:41,Interbank,"Mar 13, 2024","Otorgamos una línea de #FinanciamientoVerde por US$6 millones a HVC Exportaciones, destinada a la compra de café con certificación sostenible, lo que garantiza un ecosistema de prácticas eco amigables. 💪🌎

Conoce más👉interbank.pe/financiamiento…
#Sostenibilidad #NegocioResponsable",20,1,6,0,6.0K
2025-07-12 18:26:41,Interbank,"Mar 8, 2024","#EsCompromisoDeTodosyTodas ¡Este #8M sigamos! Por más acciones que nos permitan construir igualdad de oportunidades. Conoce algunas de nuestras iniciativas para impulsar la equidad en 👉 interbank.pe/equidad
#8deMarzo #DíaInternacionalDeLaMujer #EsTiempoDeEquidad",14,3,7,0,5.0K
2025-07-12 19:15:09,Interbank,Apr 16,¡Este feriado largo sigamos conectados! 💚 Este 17 y 18 de abril realiza tus operaciones de forma digital a través de tu #InterbankAPP 📲,84,0,7,3,13.0K
2025-07-12 19:15:09,Interbank,Oct 7,"Recuerda 👀 durante este feriado no habrá atención en nuestras Tiendas Financieras. 
Todas tus operaciones podrás hacerlas desde nuestra Banca por Internet y desde tu #InterbankApp 📱",66,1,25,2,98.0K
2025-07-12 19:15:09,Interbank,Aug 29,"Este feriado, sigue gestionando tus operaciones de manera rápida y segura desde tu Interbank APP o a través de nuestra Banca por Internet. 📲💻

✨ ¡Te esperamos de vuelta el 31 de agosto! ✨",59,0,9,0,37.0K
2025-07-12 19:15:09,Interbank,Aug 5,"Este 06 de agosto, realiza todas tus operaciones de manera fácil y segura desde tu #Interbank APP o desde nuestra Banca por Internet. 📲🧑‍💻",21,0,3,0,30.0K
2025-07-12 19:15:09,Interbank,Jul 27,"Este 29 de julio, realiza todas tus operaciones de manera fácil y segura desde tu #InterbankApp📱o desde nuestra Banca por Internet.  💻

✨ Retomaremos nuestra atención regular, el martes 30 de julio. 💚",30,1,9,0,26.0K
2025-07-12 19:15:09,Interbank,Jul 22,"📢 Este martes 23 de julio, realiza todas tus operaciones de manera fácil y segura desde tu #InterbankAPP o nuestra Banca por Internet. 💻📱",8,0,5,1,21.0K
2025-07-12 19:15:09,Interbank,"Jun 6, 2024","👀Este feriado, puedes realizar tus operaciones desde casa en nuestros canales digitales 📲Nos reencontramos el sábado en nuestro horario regular.",96,1,7,1,17.0K
2025-07-12 19:15:09,Interbank,"May 4, 2024","👉 Encuentra aquí todo lo que necesitas saber sobre el retiro de la AFP. Si has decidido retirar, recuerda que el 20 de mayo empieza el registro de solicitudes según el último dígito de tu DNI.

Para saber más entra aquí: bit.ly/3WJL79h 🔗",123,2,14,4,22.0K
2025-07-12 19:15:09,Interbank,"Mar 27, 2024","Este feriado largo tu #InterbankApp estará disponible 24/7 para todas tus operaciones, al igual que nuestra Banca por Internet. El sábado 30 atenderemos en horario regular. ✨",46,1,9,0,16.0K
2025-07-12 19:15:09,Interbank,"Mar 26, 2024","#OrgulloInterbank  
¡Somos top #2 de “Los Mejores Lugares para Trabajar para las Mujeres en Perú” por @GPTWPeru 💪 
¡El cambio es colectivo! 💚 Seguiremos impulsándolo a través de nuestros programas e iniciativas para promover un entorno equitativo, diverso e inclusivo.",7,2,9,0,10.0K
2025-07-12 19:15:09,Interbank,"Mar 21, 2024","#OrgulloInterbank compartir el reconocimiento como Líderes Empresariales por el Cambio (LEC) a tres de nuestros clientes de Banca Empresa 🇵🇪 que apostaron por la #innovación para el crecimiento de sus negocios. 
#PremiosLEC",2,0,8,0,5.0K
2025-07-12 19:15:09,Interbank,"Mar 13, 2024","Otorgamos una línea de #FinanciamientoVerde por US$6 millones a HVC Exportaciones, destinada a la compra de café con certificación sostenible, lo que garantiza un ecosistema de prácticas eco amigables. 💪🌎

Conoce más👉interbank.pe/financiamiento…
#Sostenibilidad #NegocioResponsable",20,1,6,0,6.0K
2025-07-12 19:15:09,Interbank,"Mar 8, 2024","#EsCompromisoDeTodosyTodas ¡Este #8M sigamos! Por más acciones que nos permitan construir igualdad de oportunidades. Conoce algunas de nuestras iniciativas para impulsar la equidad en 👉 interbank.pe/equidad
#8deMarzo #DíaInternacionalDeLaMujer #EsTiempoDeEquidad",14,3,7,0,5.0K
2025-07-12 20:20:37,Interbank,Apr 16,¡Este feriado largo sigamos conectados! 💚 Este 17 y 18 de abril realiza tus operaciones de forma digital a través de tu #InterbankAPP 📲,84,0,7,3,13.0K
2025-07-12 20:20:37,Interbank,Oct 7,"Recuerda 👀 durante este feriado no habrá atención en nuestras Tiendas Financieras. 
Todas tus operaciones podrás hacerlas desde nuestra Banca por Internet y desde tu #InterbankApp 📱",66,1,25,2,98.0K
2025-07-12 20:20:37,Interbank,Aug 29,"Este feriado, sigue gestionando tus operaciones de manera rápida y segura desde tu Interbank APP o a través de nuestra Banca por Internet. 📲💻

✨ ¡Te esperamos de vuelta el 31 de agosto! ✨",59,0,9,0,37.0K
2025-07-12 20:20:37,Interbank,Aug 5,"Este 06 de agosto, realiza todas tus operaciones de manera fácil y segura desde tu #Interbank APP o desde nuestra Banca por Internet. 📲🧑‍💻",21,0,3,0,30.0K
2025-07-12 20:20:37,Interbank,Jul 27,"Este 29 de julio, realiza todas tus operaciones de manera fácil y segura desde tu #InterbankApp📱o desde nuestra Banca por Internet.  💻

✨ Retomaremos nuestra atención regular, el martes 30 de julio. 💚",30,1,9,0,26.0K
2025-07-12 20:20:37,Interbank,Jul 22,"📢 Este martes 23 de julio, realiza todas tus operaciones de manera fácil y segura desde tu #InterbankAPP o nuestra Banca por Internet. 💻📱",8,0,5,1,21.0K
2025-07-12 20:20:37,Interbank,"Jun 6, 2024","👀Este feriado, puedes realizar tus operaciones desde casa en nuestros canales digitales 📲Nos reencontramos el sábado en nuestro horario regular.",96,1,7,1,17.0K
2025-07-12 20:20:37,Interbank,"May 4, 2024","👉 Encuentra aquí todo lo que necesitas saber sobre el retiro de la AFP. Si has decidido retirar, recuerda que el 20 de mayo empieza el registro de solicitudes según el último dígito de tu DNI.

Para saber más entra aquí: bit.ly/3WJL79h 🔗",123,2,14,4,22.0K
2025-07-12 20:20:37,Interbank,"Mar 27, 2024","Este feriado largo tu #InterbankApp estará disponible 24/7 para todas tus operaciones, al igual que nuestra Banca por Internet. El sábado 30 atenderemos en horario regular. ✨",46,1,9,0,16.0K
2025-07-12 20:20:37,Interbank,"Mar 26, 2024","#OrgulloInterbank  
¡Somos top #2 de “Los Mejores Lugares para Trabajar para las Mujeres en Perú” por @GPTWPeru 💪 
¡El cambio es colectivo! 💚 Seguiremos impulsándolo a través de nuestros programas e iniciativas para promover un entorno equitativo, diverso e inclusivo.",7,2,9,0,10.0K
2025-07-12 20:20:37,Interbank,"Mar 21, 2024","#OrgulloInterbank compartir el reconocimiento como Líderes Empresariales por el Cambio (LEC) a tres de nuestros clientes de Banca Empresa 🇵🇪 que apostaron por la #innovación para el crecimiento de sus negocios. 
#PremiosLEC",2,0,8,0,5.0K
2025-07-12 20:20:37,Interbank,"Mar 13, 2024","Otorgamos una línea de #FinanciamientoVerde por US$6 millones a HVC Exportaciones, destinada a la compra de café con certificación sostenible, lo que garantiza un ecosistema de prácticas eco amigables. 💪🌎

Conoce más👉interbank.pe/financiamiento…
#Sostenibilidad #NegocioResponsable",20,1,6,0,6.0K
2025-07-12 20:20:37,Interbank,"Mar 8, 2024","#EsCompromisoDeTodosyTodas ¡Este #8M sigamos! Por más acciones que nos permitan construir igualdad de oportunidades. Conoce algunas de nuestras iniciativas para impulsar la equidad en 👉 interbank.pe/equidad
#8deMarzo #DíaInternacionalDeLaMujer #EsTiempoDeEquidad",14,3,7,0,5.0K
2025-07-12 22:18:38,Interbank,Apr 16,¡Este feriado largo sigamos conectados! 💚 Este 17 y 18 de abril realiza tus operaciones de forma digital a través de tu #InterbankAPP 📲,84,0,7,3,13.0K
2025-07-12 22:18:38,Interbank,Oct 7,"Recuerda 👀 durante este feriado no habrá atención en nuestras Tiendas Financieras. 
Todas tus operaciones podrás hacerlas desde nuestra Banca por Internet y desde tu #InterbankApp 📱",66,1,25,2,98.0K
2025-07-12 22:18:38,Interbank,Aug 29,"Este feriado, sigue gestionando tus operaciones de manera rápida y segura desde tu Interbank APP o a través de nuestra Banca por Internet. 📲💻

✨ ¡Te esperamos de vuelta el 31 de agosto! ✨",59,0,9,0,37.0K
2025-07-12 22:18:38,Interbank,Aug 5,"Este 06 de agosto, realiza todas tus operaciones de manera fácil y segura desde tu #Interbank APP o desde nuestra Banca por Internet. 📲🧑‍💻",21,0,3,0,30.0K
2025-07-12 22:18:38,Interbank,Jul 27,"Este 29 de julio, realiza todas tus operaciones de manera fácil y segura desde tu #InterbankApp📱o desde nuestra Banca por Internet.  💻

✨ Retomaremos nuestra atención regular, el martes 30 de julio. 💚",30,1,9,0,26.0K
2025-07-12 22:18:38,Interbank,Jul 22,"📢 Este martes 23 de julio, realiza todas tus operaciones de manera fácil y segura desde tu #InterbankAPP o nuestra Banca por Internet. 💻📱",8,0,5,1,21.0K
2025-07-12 22:18:38,Interbank,"Jun 6, 2024","👀Este feriado, puedes realizar tus operaciones desde casa en nuestros canales digitales 📲Nos reencontramos el sábado en nuestro horario regular.",96,1,7,1,17.0K
2025-07-12 22:18:38,Interbank,"May 4, 2024","👉 Encuentra aquí todo lo que necesitas saber sobre el retiro de la AFP. Si has decidido retirar, recuerda que el 20 de mayo empieza el registro de solicitudes según el último dígito de tu DNI.

Para saber más entra aquí: bit.ly/3WJL79h 🔗",123,2,14,4,22.0K
2025-07-12 22:18:38,Interbank,"Mar 27, 2024","Este feriado largo tu #InterbankApp estará disponible 24/7 para todas tus operaciones, al igual que nuestra Banca por Internet. El sábado 30 atenderemos en horario regular. ✨",46,1,9,0,16.0K
2025-07-12 22:18:38,Interbank,"Mar 26, 2024","#OrgulloInterbank  
¡Somos top #2 de “Los Mejores Lugares para Trabajar para las Mujeres en Perú” por @GPTWPeru 💪 
¡El cambio es colectivo! 💚 Seguiremos impulsándolo a través de nuestros programas e iniciativas para promover un entorno equitativo, diverso e inclusivo.",7,2,9,0,10.0K
2025-07-12 22:18:38,Interbank,"Mar 21, 2024","#OrgulloInterbank compartir el reconocimiento como Líderes Empresariales por el Cambio (LEC) a tres de nuestros clientes de Banca Empresa 🇵🇪 que apostaron por la #innovación para el crecimiento de sus negocios. 
#PremiosLEC",2,0,8,0,5.0K
2025-07-12 22:18:38,Interbank,"Mar 13, 2024","Otorgamos una línea de #FinanciamientoVerde por US$6 millones a HVC Exportaciones, destinada a la compra de café con certificación sostenible, lo que garantiza un ecosistema de prácticas eco amigables. 💪🌎

Conoce más👉interbank.pe/financiamiento…
#Sostenibilidad #NegocioResponsable",20,1,6,0,6.0K
2025-07-12 22:18:38,Interbank,"Mar 8, 2024","#EsCompromisoDeTodosyTodas ¡Este #8M sigamos! Por más acciones que nos permitan construir igualdad de oportunidades. Conoce algunas de nuestras iniciativas para impulsar la equidad en 👉 interbank.pe/equidad
#8deMarzo #DíaInternacionalDeLaMujer #EsTiempoDeEquidad",14,3,7,0,5.0K
2025-07-12 23:19:40,Interbank,Apr 16,¡Este feriado largo sigamos conectados! 💚 Este 17 y 18 de abril realiza tus operaciones de forma digital a través de tu #InterbankAPP 📲,84,0,7,3,13.0K
2025-07-12 23:19:40,Interbank,Oct 7,"Recuerda 👀 durante este feriado no habrá atención en nuestras Tiendas Financieras. 
Todas tus operaciones podrás hacerlas desde nuestra Banca por Internet y desde tu #InterbankApp 📱",66,1,25,2,98.0K
2025-07-12 23:19:40,Interbank,Aug 29,"Este feriado, sigue gestionando tus operaciones de manera rápida y segura desde tu Interbank APP o a través de nuestra Banca por Internet. 📲💻

✨ ¡Te esperamos de vuelta el 31 de agosto! ✨",59,0,9,0,37.0K
2025-07-12 23:19:40,Interbank,Aug 5,"Este 06 de agosto, realiza todas tus operaciones de manera fácil y segura desde tu #Interbank APP o desde nuestra Banca por Internet. 📲🧑‍💻",21,0,3,0,30.0K
2025-07-12 23:19:40,Interbank,Jul 27,"Este 29 de julio, realiza todas tus operaciones de manera fácil y segura desde tu #InterbankApp📱o desde nuestra Banca por Internet.  💻

✨ Retomaremos nuestra atención regular, el martes 30 de julio. 💚",30,1,9,0,26.0K
2025-07-12 23:19:40,Interbank,Jul 22,"📢 Este martes 23 de julio, realiza todas tus operaciones de manera fácil y segura desde tu #InterbankAPP o nuestra Banca por Internet. 💻📱",8,0,5,1,21.0K
2025-07-12 23:19:40,Interbank,"Jun 6, 2024","👀Este feriado, puedes realizar tus operaciones desde casa en nuestros canales digitales 📲Nos reencontramos el sábado en nuestro horario regular.",96,1,7,1,17.0K
2025-07-12 23:19:40,Interbank,"May 4, 2024","👉 Encuentra aquí todo lo que necesitas saber sobre el retiro de la AFP. Si has decidido retirar, recuerda que el 20 de mayo empieza el registro de solicitudes según el último dígito de tu DNI.

Para saber más entra aquí: bit.ly/3WJL79h 🔗",123,2,14,4,22.0K
2025-07-12 23:19:40,Interbank,"Mar 27, 2024","Este feriado largo tu #InterbankApp estará disponible 24/7 para todas tus operaciones, al igual que nuestra Banca por Internet. El sábado 30 atenderemos en horario regular. ✨",46,1,9,0,16.0K
2025-07-12 23:19:40,Interbank,"Mar 26, 2024","#OrgulloInterbank  
¡Somos top #2 de “Los Mejores Lugares para Trabajar para las Mujeres en Perú” por @GPTWPeru 💪 
¡El cambio es colectivo! 💚 Seguiremos impulsándolo a través de nuestros programas e iniciativas para promover un entorno equitativo, diverso e inclusivo.",7,2,9,0,10.0K
2025-07-12 23:19:40,Interbank,"Mar 21, 2024","#OrgulloInterbank compartir el reconocimiento como Líderes Empresariales por el Cambio (LEC) a tres de nuestros clientes de Banca Empresa 🇵🇪 que apostaron por la #innovación para el crecimiento de sus negocios. 
#PremiosLEC",2,0,8,0,5.0K
2025-07-12 23:19:40,Interbank,"Mar 13, 2024","Otorgamos una línea de #FinanciamientoVerde por US$6 millones a HVC Exportaciones, destinada a la compra de café con certificación sostenible, lo que garantiza un ecosistema de prácticas eco amigables. 💪🌎

Conoce más👉interbank.pe/financiamiento…
#Sostenibilidad #NegocioResponsable",20,1,6,0,6.0K
2025-07-12 23:19:40,Interbank,"Mar 8, 2024","#EsCompromisoDeTodosyTodas ¡Este #8M sigamos! Por más acciones que nos permitan construir igualdad de oportunidades. Conoce algunas de nuestras iniciativas para impulsar la equidad en 👉 interbank.pe/equidad
#8deMarzo #DíaInternacionalDeLaMujer #EsTiempoDeEquidad",14,3,7,0,5.0K
2025-07-13 01:52:31,Interbank,Apr 16,¡Este feriado largo sigamos conectados! 💚 Este 17 y 18 de abril realiza tus operaciones de forma digital a través de tu #InterbankAPP 📲,85,0,7,3,13.0K
2025-07-13 01:52:31,Interbank,Oct 7,"Recuerda 👀 durante este feriado no habrá atención en nuestras Tiendas Financieras. 
Todas tus operaciones podrás hacerlas desde nuestra Banca por Internet y desde tu #InterbankApp 📱",66,1,25,2,98.0K
2025-07-13 01:52:31,Interbank,Aug 29,"Este feriado, sigue gestionando tus operaciones de manera rápida y segura desde tu Interbank APP o a través de nuestra Banca por Internet. 📲💻

✨ ¡Te esperamos de vuelta el 31 de agosto! ✨",59,0,9,0,37.0K
2025-07-13 01:52:31,Interbank,Aug 5,"Este 06 de agosto, realiza todas tus operaciones de manera fácil y segura desde tu #Interbank APP o desde nuestra Banca por Internet. 📲🧑‍💻",21,0,3,0,30.0K
2025-07-13 01:52:31,Interbank,Jul 27,"Este 29 de julio, realiza todas tus operaciones de manera fácil y segura desde tu #InterbankApp📱o desde nuestra Banca por Internet.  💻

✨ Retomaremos nuestra atención regular, el martes 30 de julio. 💚",30,1,9,0,26.0K
2025-07-13 01:52:31,Interbank,Jul 22,"📢 Este martes 23 de julio, realiza todas tus operaciones de manera fácil y segura desde tu #InterbankAPP o nuestra Banca por Internet. 💻📱",8,0,5,1,21.0K
2025-07-13 01:52:31,Interbank,"Jun 6, 2024","👀Este feriado, puedes realizar tus operaciones desde casa en nuestros canales digitales 📲Nos reencontramos el sábado en nuestro horario regular.",96,1,7,1,17.0K
2025-07-13 01:52:31,Interbank,"May 4, 2024","👉 Encuentra aquí todo lo que necesitas saber sobre el retiro de la AFP. Si has decidido retirar, recuerda que el 20 de mayo empieza el registro de solicitudes según el último dígito de tu DNI.

Para saber más entra aquí: bit.ly/3WJL79h 🔗",123,2,14,4,22.0K
2025-07-13 01:52:31,Interbank,"Mar 27, 2024","Este feriado largo tu #InterbankApp estará disponible 24/7 para todas tus operaciones, al igual que nuestra Banca por Internet. El sábado 30 atenderemos en horario regular. ✨",46,1,9,0,16.0K
2025-07-13 01:52:31,Interbank,"Mar 26, 2024","#OrgulloInterbank  
¡Somos top #2 de “Los Mejores Lugares para Trabajar para las Mujeres en Perú” por @GPTWPeru 💪 
¡El cambio es colectivo! 💚 Seguiremos impulsándolo a través de nuestros programas e iniciativas para promover un entorno equitativo, diverso e inclusivo.",7,2,9,0,10.0K
2025-07-13 01:52:31,Interbank,"Mar 21, 2024","#OrgulloInterbank compartir el reconocimiento como Líderes Empresariales por el Cambio (LEC) a tres de nuestros clientes de Banca Empresa 🇵🇪 que apostaron por la #innovación para el crecimiento de sus negocios. 
#PremiosLEC",2,0,8,0,5.0K
2025-07-13 01:52:31,Interbank,"Mar 13, 2024","Otorgamos una línea de #FinanciamientoVerde por US$6 millones a HVC Exportaciones, destinada a la compra de café con certificación sostenible, lo que garantiza un ecosistema de prácticas eco amigables. 💪🌎

Conoce más👉interbank.pe/financiamiento…
#Sostenibilidad #NegocioResponsable",20,1,6,0,6.0K
2025-07-13 01:52:31,Interbank,"Mar 8, 2024","#EsCompromisoDeTodosyTodas ¡Este #8M sigamos! Por más acciones que nos permitan construir igualdad de oportunidades. Conoce algunas de nuestras iniciativas para impulsar la equidad en 👉 interbank.pe/equidad
#8deMarzo #DíaInternacionalDeLaMujer #EsTiempoDeEquidad",14,3,7,0,5.0K
2025-07-13 03:40:32,Interbank,Apr 16,¡Este feriado largo sigamos conectados! 💚 Este 17 y 18 de abril realiza tus operaciones de forma digital a través de tu #InterbankAPP 📲,85,0,7,3,13.0K
2025-07-13 03:40:32,Interbank,Oct 7,"Recuerda 👀 durante este feriado no habrá atención en nuestras Tiendas Financieras. 
Todas tus operaciones podrás hacerlas desde nuestra Banca por Internet y desde tu #InterbankApp 📱",66,1,25,2,98.0K
2025-07-13 03:40:32,Interbank,Aug 29,"Este feriado, sigue gestionando tus operaciones de manera rápida y segura desde tu Interbank APP o a través de nuestra Banca por Internet. 📲💻

✨ ¡Te esperamos de vuelta el 31 de agosto! ✨",59,0,9,0,37.0K
2025-07-13 03:40:32,Interbank,Aug 5,"Este 06 de agosto, realiza todas tus operaciones de manera fácil y segura desde tu #Interbank APP o desde nuestra Banca por Internet. 📲🧑‍💻",21,0,3,0,30.0K
2025-07-13 03:40:32,Interbank,Jul 27,"Este 29 de julio, realiza todas tus operaciones de manera fácil y segura desde tu #InterbankApp📱o desde nuestra Banca por Internet.  💻

✨ Retomaremos nuestra atención regular, el martes 30 de julio. 💚",30,1,9,0,26.0K
2025-07-13 03:40:32,Interbank,Jul 22,"📢 Este martes 23 de julio, realiza todas tus operaciones de manera fácil y segura desde tu #InterbankAPP o nuestra Banca por Internet. 💻📱",8,0,5,1,21.0K
2025-07-13 03:40:32,Interbank,"Jun 6, 2024","👀Este feriado, puedes realizar tus operaciones desde casa en nuestros canales digitales 📲Nos reencontramos el sábado en nuestro horario regular.",96,1,7,1,17.0K
2025-07-13 03:40:32,Interbank,"May 4, 2024","👉 Encuentra aquí todo lo que necesitas saber sobre el retiro de la AFP. Si has decidido retirar, recuerda que el 20 de mayo empieza el registro de solicitudes según el último dígito de tu DNI.

Para saber más entra aquí: bit.ly/3WJL79h 🔗",123,2,14,4,22.0K
2025-07-13 03:40:32,Interbank,"Mar 27, 2024","Este feriado largo tu #InterbankApp estará disponible 24/7 para todas tus operaciones, al igual que nuestra Banca por Internet. El sábado 30 atenderemos en horario regular. ✨",46,1,9,0,16.0K
2025-07-13 03:40:32,Interbank,"Mar 26, 2024","#OrgulloInterbank  
¡Somos top #2 de “Los Mejores Lugares para Trabajar para las Mujeres en Perú” por @GPTWPeru 💪 
¡El cambio es colectivo! 💚 Seguiremos impulsándolo a través de nuestros programas e iniciativas para promover un entorno equitativo, diverso e inclusivo.",7,2,9,0,10.0K
2025-07-13 03:40:32,Interbank,"Mar 21, 2024","#OrgulloInterbank compartir el reconocimiento como Líderes Empresariales por el Cambio (LEC) a tres de nuestros clientes de Banca Empresa 🇵🇪 que apostaron por la #innovación para el crecimiento de sus negocios. 
#PremiosLEC",2,0,8,0,5.0K
2025-07-13 03:40:32,Interbank,"Mar 13, 2024","Otorgamos una línea de #FinanciamientoVerde por US$6 millones a HVC Exportaciones, destinada a la compra de café con certificación sostenible, lo que garantiza un ecosistema de prácticas eco amigables. 💪🌎

Conoce más👉interbank.pe/financiamiento…
#Sostenibilidad #NegocioResponsable",20,1,6,0,6.0K
2025-07-13 03:40:32,Interbank,"Mar 8, 2024","#EsCompromisoDeTodosyTodas ¡Este #8M sigamos! Por más acciones que nos permitan construir igualdad de oportunidades. Conoce algunas de nuestras iniciativas para impulsar la equidad en 👉 interbank.pe/equidad
#8deMarzo #DíaInternacionalDeLaMujer #EsTiempoDeEquidad",14,3,7,0,5.0K
2025-07-13 04:36:53,Interbank,Apr 16,¡Este feriado largo sigamos conectados! 💚 Este 17 y 18 de abril realiza tus operaciones de forma digital a través de tu #InterbankAPP 📲,85,0,7,3,13.0K
2025-07-13 04:36:53,Interbank,Oct 7,"Recuerda 👀 durante este feriado no habrá atención en nuestras Tiendas Financieras. 
Todas tus operaciones podrás hacerlas desde nuestra Banca por Internet y desde tu #InterbankApp 📱",66,1,25,2,98.0K
2025-07-13 04:36:53,Interbank,Aug 29,"Este feriado, sigue gestionando tus operaciones de manera rápida y segura desde tu Interbank APP o a través de nuestra Banca por Internet. 📲💻

✨ ¡Te esperamos de vuelta el 31 de agosto! ✨",59,0,9,0,37.0K
2025-07-13 04:36:53,Interbank,Aug 5,"Este 06 de agosto, realiza todas tus operaciones de manera fácil y segura desde tu #Interbank APP o desde nuestra Banca por Internet. 📲🧑‍💻",21,0,3,0,30.0K
2025-07-13 04:36:53,Interbank,Jul 27,"Este 29 de julio, realiza todas tus operaciones de manera fácil y segura desde tu #InterbankApp📱o desde nuestra Banca por Internet.  💻

✨ Retomaremos nuestra atención regular, el martes 30 de julio. 💚",30,1,9,0,26.0K
2025-07-13 04:36:53,Interbank,Jul 22,"📢 Este martes 23 de julio, realiza todas tus operaciones de manera fácil y segura desde tu #InterbankAPP o nuestra Banca por Internet. 💻📱",8,0,5,1,21.0K
2025-07-13 04:36:53,Interbank,"Jun 6, 2024","👀Este feriado, puedes realizar tus operaciones desde casa en nuestros canales digitales 📲Nos reencontramos el sábado en nuestro horario regular.",96,1,7,1,17.0K
2025-07-13 04:36:53,Interbank,"May 4, 2024","👉 Encuentra aquí todo lo que necesitas saber sobre el retiro de la AFP. Si has decidido retirar, recuerda que el 20 de mayo empieza el registro de solicitudes según el último dígito de tu DNI.

Para saber más entra aquí: bit.ly/3WJL79h 🔗",123,2,14,4,22.0K
2025-07-13 04:36:53,Interbank,"Mar 27, 2024","Este feriado largo tu #InterbankApp estará disponible 24/7 para todas tus operaciones, al igual que nuestra Banca por Internet. El sábado 30 atenderemos en horario regular. ✨",46,1,9,0,16.0K
2025-07-13 04:36:53,Interbank,"Mar 26, 2024","#OrgulloInterbank  
¡Somos top #2 de “Los Mejores Lugares para Trabajar para las Mujeres en Perú” por @GPTWPeru 💪 
¡El cambio es colectivo! 💚 Seguiremos impulsándolo a través de nuestros programas e iniciativas para promover un entorno equitativo, diverso e inclusivo.",7,2,9,0,10.0K
2025-07-13 04:36:53,Interbank,"Mar 21, 2024","#OrgulloInterbank compartir el reconocimiento como Líderes Empresariales por el Cambio (LEC) a tres de nuestros clientes de Banca Empresa 🇵🇪 que apostaron por la #innovación para el crecimiento de sus negocios. 
#PremiosLEC",2,0,8,0,5.0K
2025-07-13 04:36:53,Interbank,"Mar 13, 2024","Otorgamos una línea de #FinanciamientoVerde por US$6 millones a HVC Exportaciones, destinada a la compra de café con certificación sostenible, lo que garantiza un ecosistema de prácticas eco amigables. 💪🌎

Conoce más👉interbank.pe/financiamiento…
#Sostenibilidad #NegocioResponsable",20,1,6,0,6.0K
2025-07-13 04:36:53,Interbank,"Mar 8, 2024","#EsCompromisoDeTodosyTodas ¡Este #8M sigamos! Por más acciones que nos permitan construir igualdad de oportunidades. Conoce algunas de nuestras iniciativas para impulsar la equidad en 👉 interbank.pe/equidad
#8deMarzo #DíaInternacionalDeLaMujer #EsTiempoDeEquidad",14,3,7,0,5.0K
2025-07-13 05:21:14,Interbank,Apr 16,¡Este feriado largo sigamos conectados! 💚 Este 17 y 18 de abril realiza tus operaciones de forma digital a través de tu #InterbankAPP 📲,85,0,7,3,13.0K
2025-07-13 05:21:14,Interbank,Oct 7,"Recuerda 👀 durante este feriado no habrá atención en nuestras Tiendas Financieras. 
Todas tus operaciones podrás hacerlas desde nuestra Banca por Internet y desde tu #InterbankApp 📱",66,1,25,2,98.0K
2025-07-13 05:21:14,Interbank,Aug 29,"Este feriado, sigue gestionando tus operaciones de manera rápida y segura desde tu Interbank APP o a través de nuestra Banca por Internet. 📲💻

✨ ¡Te esperamos de vuelta el 31 de agosto! ✨",59,0,9,0,37.0K
2025-07-13 05:21:14,Interbank,Aug 5,"Este 06 de agosto, realiza todas tus operaciones de manera fácil y segura desde tu #Interbank APP o desde nuestra Banca por Internet. 📲🧑‍💻",21,0,3,0,30.0K
2025-07-13 05:21:14,Interbank,Jul 27,"Este 29 de julio, realiza todas tus operaciones de manera fácil y segura desde tu #InterbankApp📱o desde nuestra Banca por Internet.  💻

✨ Retomaremos nuestra atención regular, el martes 30 de julio. 💚",30,1,9,0,26.0K
2025-07-13 05:21:14,Interbank,Jul 22,"📢 Este martes 23 de julio, realiza todas tus operaciones de manera fácil y segura desde tu #InterbankAPP o nuestra Banca por Internet. 💻📱",8,0,5,1,21.0K
2025-07-13 05:21:14,Interbank,"Jun 6, 2024","👀Este feriado, puedes realizar tus operaciones desde casa en nuestros canales digitales 📲Nos reencontramos el sábado en nuestro horario regular.",96,1,7,1,17.0K
2025-07-13 05:21:14,Interbank,"May 4, 2024","👉 Encuentra aquí todo lo que necesitas saber sobre el retiro de la AFP. Si has decidido retirar, recuerda que el 20 de mayo empieza el registro de solicitudes según el último dígito de tu DNI.

Para saber más entra aquí: bit.ly/3WJL79h 🔗",123,2,14,4,22.0K
2025-07-13 05:21:14,Interbank,"Mar 27, 2024","Este feriado largo tu #InterbankApp estará disponible 24/7 para todas tus operaciones, al igual que nuestra Banca por Internet. El sábado 30 atenderemos en horario regular. ✨",46,1,9,0,16.0K
2025-07-13 05:21:14,Interbank,"Mar 26, 2024","#OrgulloInterbank  
¡Somos top #2 de “Los Mejores Lugares para Trabajar para las Mujeres en Perú” por @GPTWPeru 💪 
¡El cambio es colectivo! 💚 Seguiremos impulsándolo a través de nuestros programas e iniciativas para promover un entorno equitativo, diverso e inclusivo.",7,2,9,0,10.0K
2025-07-13 05:21:14,Interbank,"Mar 21, 2024","#OrgulloInterbank compartir el reconocimiento como Líderes Empresariales por el Cambio (LEC) a tres de nuestros clientes de Banca Empresa 🇵🇪 que apostaron por la #innovación para el crecimiento de sus negocios. 
#PremiosLEC",2,0,8,0,5.0K
2025-07-13 05:21:14,Interbank,"Mar 13, 2024","Otorgamos una línea de #FinanciamientoVerde por US$6 millones a HVC Exportaciones, destinada a la compra de café con certificación sostenible, lo que garantiza un ecosistema de prácticas eco amigables. 💪🌎

Conoce más👉interbank.pe/financiamiento…
#Sostenibilidad #NegocioResponsable",20,1,6,0,6.0K
2025-07-13 05:21:14,Interbank,"Mar 8, 2024","#EsCompromisoDeTodosyTodas ¡Este #8M sigamos! Por más acciones que nos permitan construir igualdad de oportunidades. Conoce algunas de nuestras iniciativas para impulsar la equidad en 👉 interbank.pe/equidad
#8deMarzo #DíaInternacionalDeLaMujer #EsTiempoDeEquidad",14,3,7,0,5.0K
2025-07-13 06:28:58,Interbank,Apr 16,¡Este feriado largo sigamos conectados! 💚 Este 17 y 18 de abril realiza tus operaciones de forma digital a través de tu #InterbankAPP 📲,85,0,7,3,13.0K
2025-07-13 06:28:58,Interbank,Oct 7,"Recuerda 👀 durante este feriado no habrá atención en nuestras Tiendas Financieras. 
Todas tus operaciones podrás hacerlas desde nuestra Banca por Internet y desde tu #InterbankApp 📱",66,1,25,2,98.0K
2025-07-13 06:28:58,Interbank,Aug 29,"Este feriado, sigue gestionando tus operaciones de manera rápida y segura desde tu Interbank APP o a través de nuestra Banca por Internet. 📲💻

✨ ¡Te esperamos de vuelta el 31 de agosto! ✨",59,0,9,0,37.0K
2025-07-13 06:28:58,Interbank,Aug 5,"Este 06 de agosto, realiza todas tus operaciones de manera fácil y segura desde tu #Interbank APP o desde nuestra Banca por Internet. 📲🧑‍💻",21,0,3,0,30.0K
2025-07-13 06:28:58,Interbank,Jul 27,"Este 29 de julio, realiza todas tus operaciones de manera fácil y segura desde tu #InterbankApp📱o desde nuestra Banca por Internet.  💻

✨ Retomaremos nuestra atención regular, el martes 30 de julio. 💚",30,1,9,0,26.0K
2025-07-13 06:28:58,Interbank,Jul 22,"📢 Este martes 23 de julio, realiza todas tus operaciones de manera fácil y segura desde tu #InterbankAPP o nuestra Banca por Internet. 💻📱",8,0,5,1,21.0K
2025-07-13 06:28:58,Interbank,"Jun 6, 2024","👀Este feriado, puedes realizar tus operaciones desde casa en nuestros canales digitales 📲Nos reencontramos el sábado en nuestro horario regular.",96,1,7,1,17.0K
2025-07-13 06:28:58,Interbank,"May 4, 2024","👉 Encuentra aquí todo lo que necesitas saber sobre el retiro de la AFP. Si has decidido retirar, recuerda que el 20 de mayo empieza el registro de solicitudes según el último dígito de tu DNI.

Para saber más entra aquí: bit.ly/3WJL79h 🔗",123,2,14,4,22.0K
2025-07-13 06:28:58,Interbank,"Mar 27, 2024","Este feriado largo tu #InterbankApp estará disponible 24/7 para todas tus operaciones, al igual que nuestra Banca por Internet. El sábado 30 atenderemos en horario regular. ✨",46,1,9,0,16.0K
2025-07-13 06:28:58,Interbank,"Mar 26, 2024","#OrgulloInterbank  
¡Somos top #2 de “Los Mejores Lugares para Trabajar para las Mujeres en Perú” por @GPTWPeru 💪 
¡El cambio es colectivo! 💚 Seguiremos impulsándolo a través de nuestros programas e iniciativas para promover un entorno equitativo, diverso e inclusivo.",7,2,9,0,10.0K
2025-07-13 06:28:58,Interbank,"Mar 21, 2024","#OrgulloInterbank compartir el reconocimiento como Líderes Empresariales por el Cambio (LEC) a tres de nuestros clientes de Banca Empresa 🇵🇪 que apostaron por la #innovación para el crecimiento de sus negocios. 
#PremiosLEC",2,0,8,0,5.0K
2025-07-13 06:28:58,Interbank,"Mar 13, 2024","Otorgamos una línea de #FinanciamientoVerde por US$6 millones a HVC Exportaciones, destinada a la compra de café con certificación sostenible, lo que garantiza un ecosistema de prácticas eco amigables. 💪🌎

Conoce más👉interbank.pe/financiamiento…
#Sostenibilidad #NegocioResponsable",20,1,6,0,6.0K
2025-07-13 06:28:58,Interbank,"Mar 8, 2024","#EsCompromisoDeTodosyTodas ¡Este #8M sigamos! Por más acciones que nos permitan construir igualdad de oportunidades. Conoce algunas de nuestras iniciativas para impulsar la equidad en 👉 interbank.pe/equidad
#8deMarzo #DíaInternacionalDeLaMujer #EsTiempoDeEquidad",14,3,7,0,5.0K
2025-07-13 07:19:59,Interbank,Apr 16,¡Este feriado largo sigamos conectados! 💚 Este 17 y 18 de abril realiza tus operaciones de forma digital a través de tu #InterbankAPP 📲,85,0,7,3,13.0K
2025-07-13 07:19:59,Interbank,Oct 7,"Recuerda 👀 durante este feriado no habrá atención en nuestras Tiendas Financieras. 
Todas tus operaciones podrás hacerlas desde nuestra Banca por Internet y desde tu #InterbankApp 📱",66,1,25,2,98.0K
2025-07-13 07:19:59,Interbank,Aug 29,"Este feriado, sigue gestionando tus operaciones de manera rápida y segura desde tu Interbank APP o a través de nuestra Banca por Internet. 📲💻

✨ ¡Te esperamos de vuelta el 31 de agosto! ✨",59,0,9,0,37.0K
2025-07-13 07:19:59,Interbank,Aug 5,"Este 06 de agosto, realiza todas tus operaciones de manera fácil y segura desde tu #Interbank APP o desde nuestra Banca por Internet. 📲🧑‍💻",21,0,3,0,30.0K
2025-07-13 07:19:59,Interbank,Jul 27,"Este 29 de julio, realiza todas tus operaciones de manera fácil y segura desde tu #InterbankApp📱o desde nuestra Banca por Internet.  💻

✨ Retomaremos nuestra atención regular, el martes 30 de julio. 💚",30,1,9,0,26.0K
2025-07-13 07:19:59,Interbank,Jul 22,"📢 Este martes 23 de julio, realiza todas tus operaciones de manera fácil y segura desde tu #InterbankAPP o nuestra Banca por Internet. 💻📱",8,0,5,1,21.0K
2025-07-13 07:19:59,Interbank,"Jun 6, 2024","👀Este feriado, puedes realizar tus operaciones desde casa en nuestros canales digitales 📲Nos reencontramos el sábado en nuestro horario regular.",96,1,7,1,17.0K
2025-07-13 07:19:59,Interbank,"May 4, 2024","👉 Encuentra aquí todo lo que necesitas saber sobre el retiro de la AFP. Si has decidido retirar, recuerda que el 20 de mayo empieza el registro de solicitudes según el último dígito de tu DNI.

Para saber más entra aquí: bit.ly/3WJL79h 🔗",123,2,14,4,22.0K
2025-07-13 07:19:59,Interbank,"Mar 27, 2024","Este feriado largo tu #InterbankApp estará disponible 24/7 para todas tus operaciones, al igual que nuestra Banca por Internet. El sábado 30 atenderemos en horario regular. ✨",46,1,9,0,16.0K
2025-07-13 07:19:59,Interbank,"Mar 26, 2024","#OrgulloInterbank  
¡Somos top #2 de “Los Mejores Lugares para Trabajar para las Mujeres en Perú” por @GPTWPeru 💪 
¡El cambio es colectivo! 💚 Seguiremos impulsándolo a través de nuestros programas e iniciativas para promover un entorno equitativo, diverso e inclusivo.",7,2,9,0,10.0K
2025-07-13 07:19:59,Interbank,"Mar 21, 2024","#OrgulloInterbank compartir el reconocimiento como Líderes Empresariales por el Cambio (LEC) a tres de nuestros clientes de Banca Empresa 🇵🇪 que apostaron por la #innovación para el crecimiento de sus negocios. 
#PremiosLEC",2,0,8,0,5.0K
2025-07-13 07:19:59,Interbank,"Mar 13, 2024","Otorgamos una línea de #FinanciamientoVerde por US$6 millones a HVC Exportaciones, destinada a la compra de café con certificación sostenible, lo que garantiza un ecosistema de prácticas eco amigables. 💪🌎

Conoce más👉interbank.pe/financiamiento…
#Sostenibilidad #NegocioResponsable",20,1,6,0,6.0K
2025-07-13 07:19:59,Interbank,"Mar 8, 2024","#EsCompromisoDeTodosyTodas ¡Este #8M sigamos! Por más acciones que nos permitan construir igualdad de oportunidades. Conoce algunas de nuestras iniciativas para impulsar la equidad en 👉 interbank.pe/equidad
#8deMarzo #DíaInternacionalDeLaMujer #EsTiempoDeEquidad",14,3,7,0,5.0K
2025-07-13 08:23:58,Interbank,Apr 16,¡Este feriado largo sigamos conectados! 💚 Este 17 y 18 de abril realiza tus operaciones de forma digital a través de tu #InterbankAPP 📲,85,0,7,3,13.0K
2025-07-13 08:23:58,Interbank,Oct 7,"Recuerda 👀 durante este feriado no habrá atención en nuestras Tiendas Financieras. 
Todas tus operaciones podrás hacerlas desde nuestra Banca por Internet y desde tu #InterbankApp 📱",66,1,25,2,98.0K
2025-07-13 08:23:58,Interbank,Aug 29,"Este feriado, sigue gestionando tus operaciones de manera rápida y segura desde tu Interbank APP o a través de nuestra Banca por Internet. 📲💻

✨ ¡Te esperamos de vuelta el 31 de agosto! ✨",59,0,9,0,37.0K
2025-07-13 08:23:58,Interbank,Aug 5,"Este 06 de agosto, realiza todas tus operaciones de manera fácil y segura desde tu #Interbank APP o desde nuestra Banca por Internet. 📲🧑‍💻",21,0,3,0,30.0K
2025-07-13 08:23:58,Interbank,Jul 27,"Este 29 de julio, realiza todas tus operaciones de manera fácil y segura desde tu #InterbankApp📱o desde nuestra Banca por Internet.  💻

✨ Retomaremos nuestra atención regular, el martes 30 de julio. 💚",30,1,9,0,26.0K
2025-07-13 08:23:58,Interbank,Jul 22,"📢 Este martes 23 de julio, realiza todas tus operaciones de manera fácil y segura desde tu #InterbankAPP o nuestra Banca por Internet. 💻📱",8,0,5,1,21.0K
2025-07-13 08:23:58,Interbank,"Jun 6, 2024","👀Este feriado, puedes realizar tus operaciones desde casa en nuestros canales digitales 📲Nos reencontramos el sábado en nuestro horario regular.",96,1,7,1,17.0K
2025-07-13 08:23:58,Interbank,"May 4, 2024","👉 Encuentra aquí todo lo que necesitas saber sobre el retiro de la AFP. Si has decidido retirar, recuerda que el 20 de mayo empieza el registro de solicitudes según el último dígito de tu DNI.

Para saber más entra aquí: bit.ly/3WJL79h 🔗",123,2,14,4,22.0K
2025-07-13 08:23:58,Interbank,"Mar 27, 2024","Este feriado largo tu #InterbankApp estará disponible 24/7 para todas tus operaciones, al igual que nuestra Banca por Internet. El sábado 30 atenderemos en horario regular. ✨",46,1,9,0,16.0K
2025-07-13 08:23:58,Interbank,"Mar 26, 2024","#OrgulloInterbank  
¡Somos top #2 de “Los Mejores Lugares para Trabajar para las Mujeres en Perú” por @GPTWPeru 💪 
¡El cambio es colectivo! 💚 Seguiremos impulsándolo a través de nuestros programas e iniciativas para promover un entorno equitativo, diverso e inclusivo.",7,2,9,0,10.0K
2025-07-13 08:23:58,Interbank,"Mar 21, 2024","#OrgulloInterbank compartir el reconocimiento como Líderes Empresariales por el Cambio (LEC) a tres de nuestros clientes de Banca Empresa 🇵🇪 que apostaron por la #innovación para el crecimiento de sus negocios. 
#PremiosLEC",2,0,8,0,5.0K
2025-07-13 08:23:58,Interbank,"Mar 13, 2024","Otorgamos una línea de #FinanciamientoVerde por US$6 millones a HVC Exportaciones, destinada a la compra de café con certificación sostenible, lo que garantiza un ecosistema de prácticas eco amigables. 💪🌎

Conoce más👉interbank.pe/financiamiento…
#Sostenibilidad #NegocioResponsable",20,1,6,0,6.0K
2025-07-13 08:23:58,Interbank,"Mar 8, 2024","#EsCompromisoDeTodosyTodas ¡Este #8M sigamos! Por más acciones que nos permitan construir igualdad de oportunidades. Conoce algunas de nuestras iniciativas para impulsar la equidad en 👉 interbank.pe/equidad
#8deMarzo #DíaInternacionalDeLaMujer #EsTiempoDeEquidad",14,3,7,0,5.0K
2025-07-13 09:21:25,Interbank,Apr 16,¡Este feriado largo sigamos conectados! 💚 Este 17 y 18 de abril realiza tus operaciones de forma digital a través de tu #InterbankAPP 📲,85,0,7,3,13.0K
2025-07-13 09:21:25,Interbank,Oct 7,"Recuerda 👀 durante este feriado no habrá atención en nuestras Tiendas Financieras. 
Todas tus operaciones podrás hacerlas desde nuestra Banca por Internet y desde tu #InterbankApp 📱",66,1,25,2,98.0K
2025-07-13 09:21:25,Interbank,Aug 29,"Este feriado, sigue gestionando tus operaciones de manera rápida y segura desde tu Interbank APP o a través de nuestra Banca por Internet. 📲💻

✨ ¡Te esperamos de vuelta el 31 de agosto! ✨",59,0,9,0,37.0K
2025-07-13 09:21:25,Interbank,Aug 5,"Este 06 de agosto, realiza todas tus operaciones de manera fácil y segura desde tu #Interbank APP o desde nuestra Banca por Internet. 📲🧑‍💻",21,0,3,0,30.0K
2025-07-13 09:21:25,Interbank,Jul 27,"Este 29 de julio, realiza todas tus operaciones de manera fácil y segura desde tu #InterbankApp📱o desde nuestra Banca por Internet.  💻

✨ Retomaremos nuestra atención regular, el martes 30 de julio. 💚",30,1,9,0,26.0K
2025-07-13 09:21:25,Interbank,Jul 22,"📢 Este martes 23 de julio, realiza todas tus operaciones de manera fácil y segura desde tu #InterbankAPP o nuestra Banca por Internet. 💻📱",8,0,5,1,21.0K
2025-07-13 09:21:25,Interbank,"Jun 6, 2024","👀Este feriado, puedes realizar tus operaciones desde casa en nuestros canales digitales 📲Nos reencontramos el sábado en nuestro horario regular.",96,1,7,1,17.0K
2025-07-13 09:21:25,Interbank,"May 4, 2024","👉 Encuentra aquí todo lo que necesitas saber sobre el retiro de la AFP. Si has decidido retirar, recuerda que el 20 de mayo empieza el registro de solicitudes según el último dígito de tu DNI.

Para saber más entra aquí: bit.ly/3WJL79h 🔗",123,2,14,4,22.0K
2025-07-13 09:21:25,Interbank,"Mar 27, 2024","Este feriado largo tu #InterbankApp estará disponible 24/7 para todas tus operaciones, al igual que nuestra Banca por Internet. El sábado 30 atenderemos en horario regular. ✨",46,1,9,0,16.0K
2025-07-13 09:21:25,Interbank,"Mar 26, 2024","#OrgulloInterbank  
¡Somos top #2 de “Los Mejores Lugares para Trabajar para las Mujeres en Perú” por @GPTWPeru 💪 
¡El cambio es colectivo! 💚 Seguiremos impulsándolo a través de nuestros programas e iniciativas para promover un entorno equitativo, diverso e inclusivo.",7,2,9,0,10.0K
2025-07-13 09:21:25,Interbank,"Mar 21, 2024","#OrgulloInterbank compartir el reconocimiento como Líderes Empresariales por el Cambio (LEC) a tres de nuestros clientes de Banca Empresa 🇵🇪 que apostaron por la #innovación para el crecimiento de sus negocios. 
#PremiosLEC",2,0,8,0,5.0K
2025-07-13 09:21:25,Interbank,"Mar 13, 2024","Otorgamos una línea de #FinanciamientoVerde por US$6 millones a HVC Exportaciones, destinada a la compra de café con certificación sostenible, lo que garantiza un ecosistema de prácticas eco amigables. 💪🌎

Conoce más👉interbank.pe/financiamiento…
#Sostenibilidad #NegocioResponsable",20,1,6,0,6.0K
2025-07-13 09:21:25,Interbank,"Mar 8, 2024","#EsCompromisoDeTodosyTodas ¡Este #8M sigamos! Por más acciones que nos permitan construir igualdad de oportunidades. Conoce algunas de nuestras iniciativas para impulsar la equidad en 👉 interbank.pe/equidad
#8deMarzo #DíaInternacionalDeLaMujer #EsTiempoDeEquidad",14,3,7,0,5.0K
2025-07-13 10:21:22,Interbank,Apr 16,¡Este feriado largo sigamos conectados! 💚 Este 17 y 18 de abril realiza tus operaciones de forma digital a través de tu #InterbankAPP 📲,85,0,7,3,13.0K
2025-07-13 10:21:22,Interbank,Oct 7,"Recuerda 👀 durante este feriado no habrá atención en nuestras Tiendas Financieras. 
Todas tus operaciones podrás hacerlas desde nuestra Banca por Internet y desde tu #InterbankApp 📱",66,1,25,2,98.0K
2025-07-13 10:21:22,Interbank,Aug 29,"Este feriado, sigue gestionando tus operaciones de manera rápida y segura desde tu Interbank APP o a través de nuestra Banca por Internet. 📲💻

✨ ¡Te esperamos de vuelta el 31 de agosto! ✨",59,0,9,0,37.0K
2025-07-13 10:21:22,Interbank,Aug 5,"Este 06 de agosto, realiza todas tus operaciones de manera fácil y segura desde tu #Interbank APP o desde nuestra Banca por Internet. 📲🧑‍💻",21,0,3,0,30.0K
2025-07-13 10:21:22,Interbank,Jul 27,"Este 29 de julio, realiza todas tus operaciones de manera fácil y segura desde tu #InterbankApp📱o desde nuestra Banca por Internet.  💻

✨ Retomaremos nuestra atención regular, el martes 30 de julio. 💚",30,1,9,0,26.0K
2025-07-13 10:21:22,Interbank,Jul 22,"📢 Este martes 23 de julio, realiza todas tus operaciones de manera fácil y segura desde tu #InterbankAPP o nuestra Banca por Internet. 💻📱",8,0,5,1,21.0K
2025-07-13 10:21:22,Interbank,"Jun 6, 2024","👀Este feriado, puedes realizar tus operaciones desde casa en nuestros canales digitales 📲Nos reencontramos el sábado en nuestro horario regular.",96,1,7,1,17.0K
2025-07-13 10:21:22,Interbank,"May 4, 2024","👉 Encuentra aquí todo lo que necesitas saber sobre el retiro de la AFP. Si has decidido retirar, recuerda que el 20 de mayo empieza el registro de solicitudes según el último dígito de tu DNI.

Para saber más entra aquí: bit.ly/3WJL79h 🔗",123,2,14,4,22.0K
2025-07-13 10:21:22,Interbank,"Mar 27, 2024","Este feriado largo tu #InterbankApp estará disponible 24/7 para todas tus operaciones, al igual que nuestra Banca por Internet. El sábado 30 atenderemos en horario regular. ✨",46,1,9,0,16.0K
2025-07-13 10:21:22,Interbank,"Mar 26, 2024","#OrgulloInterbank  
¡Somos top #2 de “Los Mejores Lugares para Trabajar para las Mujeres en Perú” por @GPTWPeru 💪 
¡El cambio es colectivo! 💚 Seguiremos impulsándolo a través de nuestros programas e iniciativas para promover un entorno equitativo, diverso e inclusivo.",7,2,9,0,10.0K
2025-07-13 10:21:22,Interbank,"Mar 21, 2024","#OrgulloInterbank compartir el reconocimiento como Líderes Empresariales por el Cambio (LEC) a tres de nuestros clientes de Banca Empresa 🇵🇪 que apostaron por la #innovación para el crecimiento de sus negocios. 
#PremiosLEC",2,0,8,0,5.0K
2025-07-13 10:21:22,Interbank,"Mar 13, 2024","Otorgamos una línea de #FinanciamientoVerde por US$6 millones a HVC Exportaciones, destinada a la compra de café con certificación sostenible, lo que garantiza un ecosistema de prácticas eco amigables. 💪🌎

Conoce más👉interbank.pe/financiamiento…
#Sostenibilidad #NegocioResponsable",20,1,6,0,6.0K
2025-07-13 10:21:22,Interbank,"Mar 8, 2024","#EsCompromisoDeTodosyTodas ¡Este #8M sigamos! Por más acciones que nos permitan construir igualdad de oportunidades. Conoce algunas de nuestras iniciativas para impulsar la equidad en 👉 interbank.pe/equidad
#8deMarzo #DíaInternacionalDeLaMujer #EsTiempoDeEquidad",14,3,7,0,5.0K
2025-07-13 11:15:41,Interbank,Apr 16,¡Este feriado largo sigamos conectados! 💚 Este 17 y 18 de abril realiza tus operaciones de forma digital a través de tu #InterbankAPP 📲,85,0,7,3,13.0K
2025-07-13 11:15:41,Interbank,Oct 7,"Recuerda 👀 durante este feriado no habrá atención en nuestras Tiendas Financieras. 
Todas tus operaciones podrás hacerlas desde nuestra Banca por Internet y desde tu #InterbankApp 📱",66,1,25,2,98.0K
2025-07-13 11:15:41,Interbank,Aug 29,"Este feriado, sigue gestionando tus operaciones de manera rápida y segura desde tu Interbank APP o a través de nuestra Banca por Internet. 📲💻

✨ ¡Te esperamos de vuelta el 31 de agosto! ✨",59,0,9,0,37.0K
2025-07-13 11:15:41,Interbank,Aug 5,"Este 06 de agosto, realiza todas tus operaciones de manera fácil y segura desde tu #Interbank APP o desde nuestra Banca por Internet. 📲🧑‍💻",21,0,3,0,30.0K
2025-07-13 11:15:41,Interbank,Jul 27,"Este 29 de julio, realiza todas tus operaciones de manera fácil y segura desde tu #InterbankApp📱o desde nuestra Banca por Internet.  💻

✨ Retomaremos nuestra atención regular, el martes 30 de julio. 💚",30,1,9,0,26.0K
2025-07-13 11:15:41,Interbank,Jul 22,"📢 Este martes 23 de julio, realiza todas tus operaciones de manera fácil y segura desde tu #InterbankAPP o nuestra Banca por Internet. 💻📱",8,0,5,1,21.0K
2025-07-13 11:15:41,Interbank,"Jun 6, 2024","👀Este feriado, puedes realizar tus operaciones desde casa en nuestros canales digitales 📲Nos reencontramos el sábado en nuestro horario regular.",96,1,7,1,17.0K
2025-07-13 11:15:41,Interbank,"May 4, 2024","👉 Encuentra aquí todo lo que necesitas saber sobre el retiro de la AFP. Si has decidido retirar, recuerda que el 20 de mayo empieza el registro de solicitudes según el último dígito de tu DNI.

Para saber más entra aquí: bit.ly/3WJL79h 🔗",123,2,14,4,22.0K
2025-07-13 11:15:41,Interbank,"Mar 27, 2024","Este feriado largo tu #InterbankApp estará disponible 24/7 para todas tus operaciones, al igual que nuestra Banca por Internet. El sábado 30 atenderemos en horario regular. ✨",46,1,9,0,16.0K
2025-07-13 11:15:41,Interbank,"Mar 26, 2024","#OrgulloInterbank  
¡Somos top #2 de “Los Mejores Lugares para Trabajar para las Mujeres en Perú” por @GPTWPeru 💪 
¡El cambio es colectivo! 💚 Seguiremos impulsándolo a través de nuestros programas e iniciativas para promover un entorno equitativo, diverso e inclusivo.",7,2,9,0,10.0K
2025-07-13 11:15:41,Interbank,"Mar 21, 2024","#OrgulloInterbank compartir el reconocimiento como Líderes Empresariales por el Cambio (LEC) a tres de nuestros clientes de Banca Empresa 🇵🇪 que apostaron por la #innovación para el crecimiento de sus negocios. 
#PremiosLEC",2,0,8,0,5.0K
2025-07-13 11:15:41,Interbank,"Mar 13, 2024","Otorgamos una línea de #FinanciamientoVerde por US$6 millones a HVC Exportaciones, destinada a la compra de café con certificación sostenible, lo que garantiza un ecosistema de prácticas eco amigables. 💪🌎

Conoce más👉interbank.pe/financiamiento…
#Sostenibilidad #NegocioResponsable",20,1,6,0,6.0K
2025-07-13 11:15:41,Interbank,"Mar 8, 2024","#EsCompromisoDeTodosyTodas ¡Este #8M sigamos! Por más acciones que nos permitan construir igualdad de oportunidades. Conoce algunas de nuestras iniciativas para impulsar la equidad en 👉 interbank.pe/equidad
#8deMarzo #DíaInternacionalDeLaMujer #EsTiempoDeEquidad",14,3,7,0,5.0K
2025-07-13 12:37:48,Interbank,Apr 16,¡Este feriado largo sigamos conectados! 💚 Este 17 y 18 de abril realiza tus operaciones de forma digital a través de tu #InterbankAPP 📲,85,0,7,3,13.0K
2025-07-13 12:37:48,Interbank,Oct 7,"Recuerda 👀 durante este feriado no habrá atención en nuestras Tiendas Financieras. 
Todas tus operaciones podrás hacerlas desde nuestra Banca por Internet y desde tu #InterbankApp 📱",66,1,25,2,98.0K
2025-07-13 12:37:48,Interbank,Aug 29,"Este feriado, sigue gestionando tus operaciones de manera rápida y segura desde tu Interbank APP o a través de nuestra Banca por Internet. 📲💻

✨ ¡Te esperamos de vuelta el 31 de agosto! ✨",59,0,9,0,37.0K
2025-07-13 12:37:48,Interbank,Aug 5,"Este 06 de agosto, realiza todas tus operaciones de manera fácil y segura desde tu #Interbank APP o desde nuestra Banca por Internet. 📲🧑‍💻",21,0,3,0,30.0K
2025-07-13 12:37:48,Interbank,Jul 27,"Este 29 de julio, realiza todas tus operaciones de manera fácil y segura desde tu #InterbankApp📱o desde nuestra Banca por Internet.  💻

✨ Retomaremos nuestra atención regular, el martes 30 de julio. 💚",30,1,9,0,26.0K
2025-07-13 12:37:48,Interbank,Jul 22,"📢 Este martes 23 de julio, realiza todas tus operaciones de manera fácil y segura desde tu #InterbankAPP o nuestra Banca por Internet. 💻📱",8,0,5,1,21.0K
2025-07-13 12:37:48,Interbank,"Jun 6, 2024","👀Este feriado, puedes realizar tus operaciones desde casa en nuestros canales digitales 📲Nos reencontramos el sábado en nuestro horario regular.",96,1,7,1,17.0K
2025-07-13 12:37:48,Interbank,"May 4, 2024","👉 Encuentra aquí todo lo que necesitas saber sobre el retiro de la AFP. Si has decidido retirar, recuerda que el 20 de mayo empieza el registro de solicitudes según el último dígito de tu DNI.

Para saber más entra aquí: bit.ly/3WJL79h 🔗",123,2,14,4,22.0K
2025-07-13 12:37:48,Interbank,"Mar 27, 2024","Este feriado largo tu #InterbankApp estará disponible 24/7 para todas tus operaciones, al igual que nuestra Banca por Internet. El sábado 30 atenderemos en horario regular. ✨",46,1,9,0,16.0K
2025-07-13 12:37:48,Interbank,"Mar 26, 2024","#OrgulloInterbank  
¡Somos top #2 de “Los Mejores Lugares para Trabajar para las Mujeres en Perú” por @GPTWPeru 💪 
¡El cambio es colectivo! 💚 Seguiremos impulsándolo a través de nuestros programas e iniciativas para promover un entorno equitativo, diverso e inclusivo.",7,2,9,0,10.0K
2025-07-13 12:37:48,Interbank,"Mar 21, 2024","#OrgulloInterbank compartir el reconocimiento como Líderes Empresariales por el Cambio (LEC) a tres de nuestros clientes de Banca Empresa 🇵🇪 que apostaron por la #innovación para el crecimiento de sus negocios. 
#PremiosLEC",2,0,8,0,5.0K
2025-07-13 12:37:48,Interbank,"Mar 13, 2024","Otorgamos una línea de #FinanciamientoVerde por US$6 millones a HVC Exportaciones, destinada a la compra de café con certificación sostenible, lo que garantiza un ecosistema de prácticas eco amigables. 💪🌎

Conoce más👉interbank.pe/financiamiento…
#Sostenibilidad #NegocioResponsable",20,1,6,0,6.0K
2025-07-13 12:37:48,Interbank,"Mar 8, 2024","#EsCompromisoDeTodosyTodas ¡Este #8M sigamos! Por más acciones que nos permitan construir igualdad de oportunidades. Conoce algunas de nuestras iniciativas para impulsar la equidad en 👉 interbank.pe/equidad
#8deMarzo #DíaInternacionalDeLaMujer #EsTiempoDeEquidad",14,3,7,0,5.0K
2025-07-13 13:28:59,Interbank,Apr 16,¡Este feriado largo sigamos conectados! 💚 Este 17 y 18 de abril realiza tus operaciones de forma digital a través de tu #InterbankAPP 📲,85,0,7,3,13.0K
2025-07-13 13:28:59,Interbank,Oct 7,"Recuerda 👀 durante este feriado no habrá atención en nuestras Tiendas Financieras. 
Todas tus operaciones podrás hacerlas desde nuestra Banca por Internet y desde tu #InterbankApp 📱",66,1,25,2,98.0K
2025-07-13 13:28:59,Interbank,Aug 29,"Este feriado, sigue gestionando tus operaciones de manera rápida y segura desde tu Interbank APP o a través de nuestra Banca por Internet. 📲💻

✨ ¡Te esperamos de vuelta el 31 de agosto! ✨",59,0,9,0,37.0K
2025-07-13 13:28:59,Interbank,Aug 5,"Este 06 de agosto, realiza todas tus operaciones de manera fácil y segura desde tu #Interbank APP o desde nuestra Banca por Internet. 📲🧑‍💻",21,0,3,0,30.0K
2025-07-13 13:28:59,Interbank,Jul 27,"Este 29 de julio, realiza todas tus operaciones de manera fácil y segura desde tu #InterbankApp📱o desde nuestra Banca por Internet.  💻

✨ Retomaremos nuestra atención regular, el martes 30 de julio. 💚",30,1,9,0,26.0K
2025-07-13 13:28:59,Interbank,Jul 22,"📢 Este martes 23 de julio, realiza todas tus operaciones de manera fácil y segura desde tu #InterbankAPP o nuestra Banca por Internet. 💻📱",8,0,5,1,21.0K
2025-07-13 13:28:59,Interbank,"Jun 6, 2024","👀Este feriado, puedes realizar tus operaciones desde casa en nuestros canales digitales 📲Nos reencontramos el sábado en nuestro horario regular.",96,1,7,1,17.0K
2025-07-13 13:28:59,Interbank,"May 4, 2024","👉 Encuentra aquí todo lo que necesitas saber sobre el retiro de la AFP. Si has decidido retirar, recuerda que el 20 de mayo empieza el registro de solicitudes según el último dígito de tu DNI.

Para saber más entra aquí: bit.ly/3WJL79h 🔗",123,2,14,4,22.0K
2025-07-13 13:28:59,Interbank,"Mar 27, 2024","Este feriado largo tu #InterbankApp estará disponible 24/7 para todas tus operaciones, al igual que nuestra Banca por Internet. El sábado 30 atenderemos en horario regular. ✨",46,1,9,0,16.0K
2025-07-13 13:28:59,Interbank,"Mar 26, 2024","#OrgulloInterbank  
¡Somos top #2 de “Los Mejores Lugares para Trabajar para las Mujeres en Perú” por @GPTWPeru 💪 
¡El cambio es colectivo! 💚 Seguiremos impulsándolo a través de nuestros programas e iniciativas para promover un entorno equitativo, diverso e inclusivo.",7,2,9,0,10.0K
2025-07-13 13:28:59,Interbank,"Mar 21, 2024","#OrgulloInterbank compartir el reconocimiento como Líderes Empresariales por el Cambio (LEC) a tres de nuestros clientes de Banca Empresa 🇵🇪 que apostaron por la #innovación para el crecimiento de sus negocios. 
#PremiosLEC",2,0,8,0,5.0K
2025-07-13 13:28:59,Interbank,"Mar 13, 2024","Otorgamos una línea de #FinanciamientoVerde por US$6 millones a HVC Exportaciones, destinada a la compra de café con certificación sostenible, lo que garantiza un ecosistema de prácticas eco amigables. 💪🌎

Conoce más👉interbank.pe/financiamiento…
#Sostenibilidad #NegocioResponsable",20,1,6,0,6.0K
2025-07-13 13:28:59,Interbank,"Mar 8, 2024","#EsCompromisoDeTodosyTodas ¡Este #8M sigamos! Por más acciones que nos permitan construir igualdad de oportunidades. Conoce algunas de nuestras iniciativas para impulsar la equidad en 👉 interbank.pe/equidad
#8deMarzo #DíaInternacionalDeLaMujer #EsTiempoDeEquidad",14,3,7,0,5.0K
2025-07-13 14:17:20,Interbank,Apr 16,¡Este feriado largo sigamos conectados! 💚 Este 17 y 18 de abril realiza tus operaciones de forma digital a través de tu #InterbankAPP 📲,85,0,7,3,13.0K
2025-07-13 14:17:20,Interbank,Oct 7,"Recuerda 👀 durante este feriado no habrá atención en nuestras Tiendas Financieras. 
Todas tus operaciones podrás hacerlas desde nuestra Banca por Internet y desde tu #InterbankApp 📱",66,1,25,2,98.0K
2025-07-13 14:17:20,Interbank,Aug 29,"Este feriado, sigue gestionando tus operaciones de manera rápida y segura desde tu Interbank APP o a través de nuestra Banca por Internet. 📲💻

✨ ¡Te esperamos de vuelta el 31 de agosto! ✨",59,0,9,0,37.0K
2025-07-13 14:17:20,Interbank,Aug 5,"Este 06 de agosto, realiza todas tus operaciones de manera fácil y segura desde tu #Interbank APP o desde nuestra Banca por Internet. 📲🧑‍💻",21,0,3,0,30.0K
2025-07-13 14:17:20,Interbank,Jul 27,"Este 29 de julio, realiza todas tus operaciones de manera fácil y segura desde tu #InterbankApp📱o desde nuestra Banca por Internet.  💻

✨ Retomaremos nuestra atención regular, el martes 30 de julio. 💚",30,1,9,0,26.0K
2025-07-13 14:17:20,Interbank,Jul 22,"📢 Este martes 23 de julio, realiza todas tus operaciones de manera fácil y segura desde tu #InterbankAPP o nuestra Banca por Internet. 💻📱",8,0,5,1,21.0K
2025-07-13 14:17:20,Interbank,"Jun 6, 2024","👀Este feriado, puedes realizar tus operaciones desde casa en nuestros canales digitales 📲Nos reencontramos el sábado en nuestro horario regular.",96,1,7,1,17.0K
2025-07-13 14:17:20,Interbank,"May 4, 2024","👉 Encuentra aquí todo lo que necesitas saber sobre el retiro de la AFP. Si has decidido retirar, recuerda que el 20 de mayo empieza el registro de solicitudes según el último dígito de tu DNI.

Para saber más entra aquí: bit.ly/3WJL79h 🔗",123,2,14,4,22.0K
2025-07-13 14:17:20,Interbank,"Mar 27, 2024","Este feriado largo tu #InterbankApp estará disponible 24/7 para todas tus operaciones, al igual que nuestra Banca por Internet. El sábado 30 atenderemos en horario regular. ✨",46,1,9,0,16.0K
2025-07-13 14:17:20,Interbank,"Mar 26, 2024","#OrgulloInterbank  
¡Somos top #2 de “Los Mejores Lugares para Trabajar para las Mujeres en Perú” por @GPTWPeru 💪 
¡El cambio es colectivo! 💚 Seguiremos impulsándolo a través de nuestros programas e iniciativas para promover un entorno equitativo, diverso e inclusivo.",7,2,9,0,10.0K
2025-07-13 14:17:20,Interbank,"Mar 21, 2024","#OrgulloInterbank compartir el reconocimiento como Líderes Empresariales por el Cambio (LEC) a tres de nuestros clientes de Banca Empresa 🇵🇪 que apostaron por la #innovación para el crecimiento de sus negocios. 
#PremiosLEC",2,0,8,0,5.0K
2025-07-13 14:17:20,Interbank,"Mar 13, 2024","Otorgamos una línea de #FinanciamientoVerde por US$6 millones a HVC Exportaciones, destinada a la compra de café con certificación sostenible, lo que garantiza un ecosistema de prácticas eco amigables. 💪🌎

Conoce más👉interbank.pe/financiamiento…
#Sostenibilidad #NegocioResponsable",20,1,6,0,6.0K
2025-07-13 14:17:20,Interbank,"Mar 8, 2024","#EsCompromisoDeTodosyTodas ¡Este #8M sigamos! Por más acciones que nos permitan construir igualdad de oportunidades. Conoce algunas de nuestras iniciativas para impulsar la equidad en 👉 interbank.pe/equidad
#8deMarzo #DíaInternacionalDeLaMujer #EsTiempoDeEquidad",14,3,7,0,5.0K
2025-07-13 15:18:58,Interbank,Apr 16,¡Este feriado largo sigamos conectados! 💚 Este 17 y 18 de abril realiza tus operaciones de forma digital a través de tu #InterbankAPP 📲,85,0,7,3,13.0K
2025-07-13 15:18:58,Interbank,Oct 7,"Recuerda 👀 durante este feriado no habrá atención en nuestras Tiendas Financieras. 
Todas tus operaciones podrás hacerlas desde nuestra Banca por Internet y desde tu #InterbankApp 📱",66,1,25,2,98.0K
2025-07-13 15:18:58,Interbank,Aug 29,"Este feriado, sigue gestionando tus operaciones de manera rápida y segura desde tu Interbank APP o a través de nuestra Banca por Internet. 📲💻

✨ ¡Te esperamos de vuelta el 31 de agosto! ✨",59,0,9,0,37.0K
2025-07-13 15:18:58,Interbank,Aug 5,"Este 06 de agosto, realiza todas tus operaciones de manera fácil y segura desde tu #Interbank APP o desde nuestra Banca por Internet. 📲🧑‍💻",21,0,3,0,30.0K
2025-07-13 15:18:58,Interbank,Jul 27,"Este 29 de julio, realiza todas tus operaciones de manera fácil y segura desde tu #InterbankApp📱o desde nuestra Banca por Internet.  💻

✨ Retomaremos nuestra atención regular, el martes 30 de julio. 💚",30,1,9,0,26.0K
2025-07-13 15:18:58,Interbank,Jul 22,"📢 Este martes 23 de julio, realiza todas tus operaciones de manera fácil y segura desde tu #InterbankAPP o nuestra Banca por Internet. 💻📱",8,0,5,1,21.0K
2025-07-13 15:18:58,Interbank,"Jun 6, 2024","👀Este feriado, puedes realizar tus operaciones desde casa en nuestros canales digitales 📲Nos reencontramos el sábado en nuestro horario regular.",96,1,7,1,17.0K
2025-07-13 15:18:58,Interbank,"May 4, 2024","👉 Encuentra aquí todo lo que necesitas saber sobre el retiro de la AFP. Si has decidido retirar, recuerda que el 20 de mayo empieza el registro de solicitudes según el último dígito de tu DNI.

Para saber más entra aquí: bit.ly/3WJL79h 🔗",123,2,14,4,22.0K
2025-07-13 15:18:58,Interbank,"Mar 27, 2024","Este feriado largo tu #InterbankApp estará disponible 24/7 para todas tus operaciones, al igual que nuestra Banca por Internet. El sábado 30 atenderemos en horario regular. ✨",46,1,9,0,16.0K
2025-07-13 15:18:58,Interbank,"Mar 26, 2024","#OrgulloInterbank  
¡Somos top #2 de “Los Mejores Lugares para Trabajar para las Mujeres en Perú” por @GPTWPeru 💪 
¡El cambio es colectivo! 💚 Seguiremos impulsándolo a través de nuestros programas e iniciativas para promover un entorno equitativo, diverso e inclusivo.",7,2,9,0,10.0K
2025-07-13 15:18:58,Interbank,"Mar 21, 2024","#OrgulloInterbank compartir el reconocimiento como Líderes Empresariales por el Cambio (LEC) a tres de nuestros clientes de Banca Empresa 🇵🇪 que apostaron por la #innovación para el crecimiento de sus negocios. 
#PremiosLEC",2,0,8,0,5.0K
2025-07-13 15:18:58,Interbank,"Mar 13, 2024","Otorgamos una línea de #FinanciamientoVerde por US$6 millones a HVC Exportaciones, destinada a la compra de café con certificación sostenible, lo que garantiza un ecosistema de prácticas eco amigables. 💪🌎

Conoce más👉interbank.pe/financiamiento…
#Sostenibilidad #NegocioResponsable",20,1,6,0,6.0K
2025-07-13 15:18:58,Interbank,"Mar 8, 2024","#EsCompromisoDeTodosyTodas ¡Este #8M sigamos! Por más acciones que nos permitan construir igualdad de oportunidades. Conoce algunas de nuestras iniciativas para impulsar la equidad en 👉 interbank.pe/equidad
#8deMarzo #DíaInternacionalDeLaMujer #EsTiempoDeEquidad",14,3,7,0,5.0K
2025-07-13 16:23:11,Interbank,Apr 16,¡Este feriado largo sigamos conectados! 💚 Este 17 y 18 de abril realiza tus operaciones de forma digital a través de tu #InterbankAPP 📲,85,0,7,3,13.0K
2025-07-13 16:23:11,Interbank,Oct 7,"Recuerda 👀 durante este feriado no habrá atención en nuestras Tiendas Financieras. 
Todas tus operaciones podrás hacerlas desde nuestra Banca por Internet y desde tu #InterbankApp 📱",66,1,25,2,98.0K
2025-07-13 16:23:11,Interbank,Aug 29,"Este feriado, sigue gestionando tus operaciones de manera rápida y segura desde tu Interbank APP o a través de nuestra Banca por Internet. 📲💻

✨ ¡Te esperamos de vuelta el 31 de agosto! ✨",59,0,9,0,37.0K
2025-07-13 16:23:11,Interbank,Aug 5,"Este 06 de agosto, realiza todas tus operaciones de manera fácil y segura desde tu #Interbank APP o desde nuestra Banca por Internet. 📲🧑‍💻",21,0,3,0,30.0K
2025-07-13 16:23:11,Interbank,Jul 27,"Este 29 de julio, realiza todas tus operaciones de manera fácil y segura desde tu #InterbankApp📱o desde nuestra Banca por Internet.  💻

✨ Retomaremos nuestra atención regular, el martes 30 de julio. 💚",30,1,9,0,26.0K
2025-07-13 16:23:11,Interbank,Jul 22,"📢 Este martes 23 de julio, realiza todas tus operaciones de manera fácil y segura desde tu #InterbankAPP o nuestra Banca por Internet. 💻📱",8,0,5,1,21.0K
2025-07-13 16:23:11,Interbank,"Jun 6, 2024","👀Este feriado, puedes realizar tus operaciones desde casa en nuestros canales digitales 📲Nos reencontramos el sábado en nuestro horario regular.",96,1,7,1,17.0K
2025-07-13 16:23:11,Interbank,"May 4, 2024","👉 Encuentra aquí todo lo que necesitas saber sobre el retiro de la AFP. Si has decidido retirar, recuerda que el 20 de mayo empieza el registro de solicitudes según el último dígito de tu DNI.

Para saber más entra aquí: bit.ly/3WJL79h 🔗",123,2,14,4,22.0K
2025-07-13 16:23:11,Interbank,"Mar 27, 2024","Este feriado largo tu #InterbankApp estará disponible 24/7 para todas tus operaciones, al igual que nuestra Banca por Internet. El sábado 30 atenderemos en horario regular. ✨",46,1,9,0,16.0K
2025-07-13 16:23:11,Interbank,"Mar 26, 2024","#OrgulloInterbank  
¡Somos top #2 de “Los Mejores Lugares para Trabajar para las Mujeres en Perú” por @GPTWPeru 💪 
¡El cambio es colectivo! 💚 Seguiremos impulsándolo a través de nuestros programas e iniciativas para promover un entorno equitativo, diverso e inclusivo.",7,2,9,0,10.0K
2025-07-13 16:23:11,Interbank,"Mar 21, 2024","#OrgulloInterbank compartir el reconocimiento como Líderes Empresariales por el Cambio (LEC) a tres de nuestros clientes de Banca Empresa 🇵🇪 que apostaron por la #innovación para el crecimiento de sus negocios. 
#PremiosLEC",2,0,8,0,5.0K
2025-07-13 16:23:11,Interbank,"Mar 13, 2024","Otorgamos una línea de #FinanciamientoVerde por US$6 millones a HVC Exportaciones, destinada a la compra de café con certificación sostenible, lo que garantiza un ecosistema de prácticas eco amigables. 💪🌎

Conoce más👉interbank.pe/financiamiento…
#Sostenibilidad #NegocioResponsable",20,1,6,0,6.0K
2025-07-13 16:23:11,Interbank,"Mar 8, 2024","#EsCompromisoDeTodosyTodas ¡Este #8M sigamos! Por más acciones que nos permitan construir igualdad de oportunidades. Conoce algunas de nuestras iniciativas para impulsar la equidad en 👉 interbank.pe/equidad
#8deMarzo #DíaInternacionalDeLaMujer #EsTiempoDeEquidad",14,3,7,0,5.0K
2025-07-13 17:16:27,Interbank,Apr 16,¡Este feriado largo sigamos conectados! 💚 Este 17 y 18 de abril realiza tus operaciones de forma digital a través de tu #InterbankAPP 📲,85,0,7,3,13.0K
2025-07-13 17:16:27,Interbank,Oct 7,"Recuerda 👀 durante este feriado no habrá atención en nuestras Tiendas Financieras. 
Todas tus operaciones podrás hacerlas desde nuestra Banca por Internet y desde tu #InterbankApp 📱",66,1,25,2,98.0K
2025-07-13 17:16:27,Interbank,Aug 29,"Este feriado, sigue gestionando tus operaciones de manera rápida y segura desde tu Interbank APP o a través de nuestra Banca por Internet. 📲💻

✨ ¡Te esperamos de vuelta el 31 de agosto! ✨",59,0,9,0,37.0K
2025-07-13 17:16:27,Interbank,Aug 5,"Este 06 de agosto, realiza todas tus operaciones de manera fácil y segura desde tu #Interbank APP o desde nuestra Banca por Internet. 📲🧑‍💻",21,0,3,0,30.0K
2025-07-13 17:16:27,Interbank,Jul 27,"Este 29 de julio, realiza todas tus operaciones de manera fácil y segura desde tu #InterbankApp📱o desde nuestra Banca por Internet.  💻

✨ Retomaremos nuestra atención regular, el martes 30 de julio. 💚",30,1,9,0,26.0K
2025-07-13 17:16:27,Interbank,Jul 22,"📢 Este martes 23 de julio, realiza todas tus operaciones de manera fácil y segura desde tu #InterbankAPP o nuestra Banca por Internet. 💻📱",8,0,5,1,21.0K
2025-07-13 17:16:27,Interbank,"Jun 6, 2024","👀Este feriado, puedes realizar tus operaciones desde casa en nuestros canales digitales 📲Nos reencontramos el sábado en nuestro horario regular.",96,1,7,1,17.0K
2025-07-13 17:16:27,Interbank,"May 4, 2024","👉 Encuentra aquí todo lo que necesitas saber sobre el retiro de la AFP. Si has decidido retirar, recuerda que el 20 de mayo empieza el registro de solicitudes según el último dígito de tu DNI.

Para saber más entra aquí: bit.ly/3WJL79h 🔗",123,2,14,4,22.0K
2025-07-13 17:16:27,Interbank,"Mar 27, 2024","Este feriado largo tu #InterbankApp estará disponible 24/7 para todas tus operaciones, al igual que nuestra Banca por Internet. El sábado 30 atenderemos en horario regular. ✨",46,1,9,0,16.0K
2025-07-13 17:16:27,Interbank,"Mar 26, 2024","#OrgulloInterbank  
¡Somos top #2 de “Los Mejores Lugares para Trabajar para las Mujeres en Perú” por @GPTWPeru 💪 
¡El cambio es colectivo! 💚 Seguiremos impulsándolo a través de nuestros programas e iniciativas para promover un entorno equitativo, diverso e inclusivo.",7,2,9,0,10.0K
2025-07-13 17:16:27,Interbank,"Mar 21, 2024","#OrgulloInterbank compartir el reconocimiento como Líderes Empresariales por el Cambio (LEC) a tres de nuestros clientes de Banca Empresa 🇵🇪 que apostaron por la #innovación para el crecimiento de sus negocios. 
#PremiosLEC",2,0,8,0,5.0K
2025-07-13 17:16:27,Interbank,"Mar 13, 2024","Otorgamos una línea de #FinanciamientoVerde por US$6 millones a HVC Exportaciones, destinada a la compra de café con certificación sostenible, lo que garantiza un ecosistema de prácticas eco amigables. 💪🌎

Conoce más👉interbank.pe/financiamiento…
#Sostenibilidad #NegocioResponsable",20,1,6,0,6.0K
2025-07-13 17:16:27,Interbank,"Mar 8, 2024","#EsCompromisoDeTodosyTodas ¡Este #8M sigamos! Por más acciones que nos permitan construir igualdad de oportunidades. Conoce algunas de nuestras iniciativas para impulsar la equidad en 👉 interbank.pe/equidad
#8deMarzo #DíaInternacionalDeLaMujer #EsTiempoDeEquidad",14,3,7,0,5.0K
2025-07-13 18:26:37,Interbank,Apr 16,¡Este feriado largo sigamos conectados! 💚 Este 17 y 18 de abril realiza tus operaciones de forma digital a través de tu #InterbankAPP 📲,85,0,7,3,13.0K
2025-07-13 18:26:37,Interbank,Oct 7,"Recuerda 👀 durante este feriado no habrá atención en nuestras Tiendas Financieras. 
Todas tus operaciones podrás hacerlas desde nuestra Banca por Internet y desde tu #InterbankApp 📱",66,1,25,2,98.0K
2025-07-13 18:26:37,Interbank,Aug 29,"Este feriado, sigue gestionando tus operaciones de manera rápida y segura desde tu Interbank APP o a través de nuestra Banca por Internet. 📲💻

✨ ¡Te esperamos de vuelta el 31 de agosto! ✨",59,0,9,0,37.0K
2025-07-13 18:26:37,Interbank,Aug 5,"Este 06 de agosto, realiza todas tus operaciones de manera fácil y segura desde tu #Interbank APP o desde nuestra Banca por Internet. 📲🧑‍💻",21,0,3,0,30.0K
2025-07-13 18:26:37,Interbank,Jul 27,"Este 29 de julio, realiza todas tus operaciones de manera fácil y segura desde tu #InterbankApp📱o desde nuestra Banca por Internet.  💻

✨ Retomaremos nuestra atención regular, el martes 30 de julio. 💚",30,1,9,0,26.0K
2025-07-13 18:26:37,Interbank,Jul 22,"📢 Este martes 23 de julio, realiza todas tus operaciones de manera fácil y segura desde tu #InterbankAPP o nuestra Banca por Internet. 💻📱",8,0,5,1,21.0K
2025-07-13 18:26:37,Interbank,"Jun 6, 2024","👀Este feriado, puedes realizar tus operaciones desde casa en nuestros canales digitales 📲Nos reencontramos el sábado en nuestro horario regular.",96,1,7,1,17.0K
2025-07-13 18:26:37,Interbank,"May 4, 2024","👉 Encuentra aquí todo lo que necesitas saber sobre el retiro de la AFP. Si has decidido retirar, recuerda que el 20 de mayo empieza el registro de solicitudes según el último dígito de tu DNI.

Para saber más entra aquí: bit.ly/3WJL79h 🔗",123,2,14,4,22.0K
2025-07-13 18:26:37,Interbank,"Mar 27, 2024","Este feriado largo tu #InterbankApp estará disponible 24/7 para todas tus operaciones, al igual que nuestra Banca por Internet. El sábado 30 atenderemos en horario regular. ✨",46,1,9,0,16.0K
2025-07-13 18:26:37,Interbank,"Mar 26, 2024","#OrgulloInterbank  
¡Somos top #2 de “Los Mejores Lugares para Trabajar para las Mujeres en Perú” por @GPTWPeru 💪 
¡El cambio es colectivo! 💚 Seguiremos impulsándolo a través de nuestros programas e iniciativas para promover un entorno equitativo, diverso e inclusivo.",7,2,9,0,10.0K
2025-07-13 18:26:37,Interbank,"Mar 21, 2024","#OrgulloInterbank compartir el reconocimiento como Líderes Empresariales por el Cambio (LEC) a tres de nuestros clientes de Banca Empresa 🇵🇪 que apostaron por la #innovación para el crecimiento de sus negocios. 
#PremiosLEC",2,0,8,0,5.0K
2025-07-13 18:26:37,Interbank,"Mar 13, 2024","Otorgamos una línea de #FinanciamientoVerde por US$6 millones a HVC Exportaciones, destinada a la compra de café con certificación sostenible, lo que garantiza un ecosistema de prácticas eco amigables. 💪🌎

Conoce más👉interbank.pe/financiamiento…
#Sostenibilidad #NegocioResponsable",20,1,6,0,6.0K
2025-07-13 18:26:37,Interbank,"Mar 8, 2024","#EsCompromisoDeTodosyTodas ¡Este #8M sigamos! Por más acciones que nos permitan construir igualdad de oportunidades. Conoce algunas de nuestras iniciativas para impulsar la equidad en 👉 interbank.pe/equidad
#8deMarzo #DíaInternacionalDeLaMujer #EsTiempoDeEquidad",14,3,7,0,5.0K
2025-07-13 19:15:29,Interbank,Apr 16,¡Este feriado largo sigamos conectados! 💚 Este 17 y 18 de abril realiza tus operaciones de forma digital a través de tu #InterbankAPP 📲,85,0,7,3,13.0K
2025-07-13 19:15:29,Interbank,Oct 7,"Recuerda 👀 durante este feriado no habrá atención en nuestras Tiendas Financieras. 
Todas tus operaciones podrás hacerlas desde nuestra Banca por Internet y desde tu #InterbankApp 📱",66,1,25,2,98.0K
2025-07-13 19:15:29,Interbank,Aug 29,"Este feriado, sigue gestionando tus operaciones de manera rápida y segura desde tu Interbank APP o a través de nuestra Banca por Internet. 📲💻

✨ ¡Te esperamos de vuelta el 31 de agosto! ✨",59,0,9,0,37.0K
2025-07-13 19:15:29,Interbank,Aug 5,"Este 06 de agosto, realiza todas tus operaciones de manera fácil y segura desde tu #Interbank APP o desde nuestra Banca por Internet. 📲🧑‍💻",21,0,3,0,30.0K
2025-07-13 19:15:29,Interbank,Jul 27,"Este 29 de julio, realiza todas tus operaciones de manera fácil y segura desde tu #InterbankApp📱o desde nuestra Banca por Internet.  💻

✨ Retomaremos nuestra atención regular, el martes 30 de julio. 💚",30,1,9,0,26.0K
2025-07-13 19:15:29,Interbank,Jul 22,"📢 Este martes 23 de julio, realiza todas tus operaciones de manera fácil y segura desde tu #InterbankAPP o nuestra Banca por Internet. 💻📱",8,0,5,1,21.0K
2025-07-13 19:15:29,Interbank,"Jun 6, 2024","👀Este feriado, puedes realizar tus operaciones desde casa en nuestros canales digitales 📲Nos reencontramos el sábado en nuestro horario regular.",96,1,7,1,17.0K
2025-07-13 19:15:29,Interbank,"May 4, 2024","👉 Encuentra aquí todo lo que necesitas saber sobre el retiro de la AFP. Si has decidido retirar, recuerda que el 20 de mayo empieza el registro de solicitudes según el último dígito de tu DNI.

Para saber más entra aquí: bit.ly/3WJL79h 🔗",123,2,14,4,22.0K
2025-07-13 19:15:29,Interbank,"Mar 27, 2024","Este feriado largo tu #InterbankApp estará disponible 24/7 para todas tus operaciones, al igual que nuestra Banca por Internet. El sábado 30 atenderemos en horario regular. ✨",46,1,9,0,16.0K
2025-07-13 19:15:29,Interbank,"Mar 26, 2024","#OrgulloInterbank  
¡Somos top #2 de “Los Mejores Lugares para Trabajar para las Mujeres en Perú” por @GPTWPeru 💪 
¡El cambio es colectivo! 💚 Seguiremos impulsándolo a través de nuestros programas e iniciativas para promover un entorno equitativo, diverso e inclusivo.",7,2,9,0,10.0K
2025-07-13 19:15:29,Interbank,"Mar 21, 2024","#OrgulloInterbank compartir el reconocimiento como Líderes Empresariales por el Cambio (LEC) a tres de nuestros clientes de Banca Empresa 🇵🇪 que apostaron por la #innovación para el crecimiento de sus negocios. 
#PremiosLEC",2,0,8,0,5.0K
2025-07-13 19:15:29,Interbank,"Mar 13, 2024","Otorgamos una línea de #FinanciamientoVerde por US$6 millones a HVC Exportaciones, destinada a la compra de café con certificación sostenible, lo que garantiza un ecosistema de prácticas eco amigables. 💪🌎

Conoce más👉interbank.pe/financiamiento…
#Sostenibilidad #NegocioResponsable",20,1,6,0,6.0K
2025-07-13 19:15:29,Interbank,"Mar 8, 2024","#EsCompromisoDeTodosyTodas ¡Este #8M sigamos! Por más acciones que nos permitan construir igualdad de oportunidades. Conoce algunas de nuestras iniciativas para impulsar la equidad en 👉 interbank.pe/equidad
#8deMarzo #DíaInternacionalDeLaMujer #EsTiempoDeEquidad",14,3,7,0,5.0K
2025-07-13 20:20:24,Interbank,Apr 16,¡Este feriado largo sigamos conectados! 💚 Este 17 y 18 de abril realiza tus operaciones de forma digital a través de tu #InterbankAPP 📲,85,0,7,3,13.0K
2025-07-13 20:20:24,Interbank,Oct 7,"Recuerda 👀 durante este feriado no habrá atención en nuestras Tiendas Financieras. 
Todas tus operaciones podrás hacerlas desde nuestra Banca por Internet y desde tu #InterbankApp 📱",66,1,25,2,98.0K
2025-07-13 20:20:24,Interbank,Aug 29,"Este feriado, sigue gestionando tus operaciones de manera rápida y segura desde tu Interbank APP o a través de nuestra Banca por Internet. 📲💻

✨ ¡Te esperamos de vuelta el 31 de agosto! ✨",59,0,9,0,37.0K
2025-07-13 20:20:24,Interbank,Aug 5,"Este 06 de agosto, realiza todas tus operaciones de manera fácil y segura desde tu #Interbank APP o desde nuestra Banca por Internet. 📲🧑‍💻",21,0,3,0,30.0K
2025-07-13 20:20:24,Interbank,Jul 27,"Este 29 de julio, realiza todas tus operaciones de manera fácil y segura desde tu #InterbankApp📱o desde nuestra Banca por Internet.  💻

✨ Retomaremos nuestra atención regular, el martes 30 de julio. 💚",30,1,9,0,26.0K
2025-07-13 20:20:24,Interbank,Jul 22,"📢 Este martes 23 de julio, realiza todas tus operaciones de manera fácil y segura desde tu #InterbankAPP o nuestra Banca por Internet. 💻📱",8,0,5,1,21.0K
2025-07-13 20:20:24,Interbank,"Jun 6, 2024","👀Este feriado, puedes realizar tus operaciones desde casa en nuestros canales digitales 📲Nos reencontramos el sábado en nuestro horario regular.",96,1,7,1,17.0K
2025-07-13 20:20:24,Interbank,"May 4, 2024","👉 Encuentra aquí todo lo que necesitas saber sobre el retiro de la AFP. Si has decidido retirar, recuerda que el 20 de mayo empieza el registro de solicitudes según el último dígito de tu DNI.

Para saber más entra aquí: bit.ly/3WJL79h 🔗",123,2,14,4,22.0K
2025-07-13 20:20:24,Interbank,"Mar 27, 2024","Este feriado largo tu #InterbankApp estará disponible 24/7 para todas tus operaciones, al igual que nuestra Banca por Internet. El sábado 30 atenderemos en horario regular. ✨",46,1,9,0,16.0K
2025-07-13 20:20:24,Interbank,"Mar 26, 2024","#OrgulloInterbank  
¡Somos top #2 de “Los Mejores Lugares para Trabajar para las Mujeres en Perú” por @GPTWPeru 💪 
¡El cambio es colectivo! 💚 Seguiremos impulsándolo a través de nuestros programas e iniciativas para promover un entorno equitativo, diverso e inclusivo.",7,2,9,0,10.0K
2025-07-13 20:20:24,Interbank,"Mar 21, 2024","#OrgulloInterbank compartir el reconocimiento como Líderes Empresariales por el Cambio (LEC) a tres de nuestros clientes de Banca Empresa 🇵🇪 que apostaron por la #innovación para el crecimiento de sus negocios. 
#PremiosLEC",2,0,8,0,5.0K
2025-07-13 20:20:24,Interbank,"Mar 13, 2024","Otorgamos una línea de #FinanciamientoVerde por US$6 millones a HVC Exportaciones, destinada a la compra de café con certificación sostenible, lo que garantiza un ecosistema de prácticas eco amigables. 💪🌎

Conoce más👉interbank.pe/financiamiento…
#Sostenibilidad #NegocioResponsable",20,1,6,0,6.0K
2025-07-13 20:20:24,Interbank,"Mar 8, 2024","#EsCompromisoDeTodosyTodas ¡Este #8M sigamos! Por más acciones que nos permitan construir igualdad de oportunidades. Conoce algunas de nuestras iniciativas para impulsar la equidad en 👉 interbank.pe/equidad
#8deMarzo #DíaInternacionalDeLaMujer #EsTiempoDeEquidad",14,3,7,0,5.0K
2025-07-13 21:17:56,Interbank,Apr 16,¡Este feriado largo sigamos conectados! 💚 Este 17 y 18 de abril realiza tus operaciones de forma digital a través de tu #InterbankAPP 📲,85,0,7,3,13.0K
2025-07-13 21:17:56,Interbank,Oct 7,"Recuerda 👀 durante este feriado no habrá atención en nuestras Tiendas Financieras. 
Todas tus operaciones podrás hacerlas desde nuestra Banca por Internet y desde tu #InterbankApp 📱",66,1,25,2,98.0K
2025-07-13 21:17:56,Interbank,Aug 29,"Este feriado, sigue gestionando tus operaciones de manera rápida y segura desde tu Interbank APP o a través de nuestra Banca por Internet. 📲💻

✨ ¡Te esperamos de vuelta el 31 de agosto! ✨",59,0,9,0,37.0K
2025-07-13 21:17:56,Interbank,Aug 5,"Este 06 de agosto, realiza todas tus operaciones de manera fácil y segura desde tu #Interbank APP o desde nuestra Banca por Internet. 📲🧑‍💻",21,0,3,0,30.0K
2025-07-13 21:17:56,Interbank,Jul 27,"Este 29 de julio, realiza todas tus operaciones de manera fácil y segura desde tu #InterbankApp📱o desde nuestra Banca por Internet.  💻

✨ Retomaremos nuestra atención regular, el martes 30 de julio. 💚",30,1,9,0,26.0K
2025-07-13 21:17:56,Interbank,Jul 22,"📢 Este martes 23 de julio, realiza todas tus operaciones de manera fácil y segura desde tu #InterbankAPP o nuestra Banca por Internet. 💻📱",8,0,5,1,21.0K
2025-07-13 21:17:56,Interbank,"Jun 6, 2024","👀Este feriado, puedes realizar tus operaciones desde casa en nuestros canales digitales 📲Nos reencontramos el sábado en nuestro horario regular.",96,1,7,1,17.0K
2025-07-13 21:17:56,Interbank,"May 4, 2024","👉 Encuentra aquí todo lo que necesitas saber sobre el retiro de la AFP. Si has decidido retirar, recuerda que el 20 de mayo empieza el registro de solicitudes según el último dígito de tu DNI.

Para saber más entra aquí: bit.ly/3WJL79h 🔗",123,2,14,4,22.0K
2025-07-13 21:17:56,Interbank,"Mar 27, 2024","Este feriado largo tu #InterbankApp estará disponible 24/7 para todas tus operaciones, al igual que nuestra Banca por Internet. El sábado 30 atenderemos en horario regular. ✨",46,1,9,0,16.0K
2025-07-13 21:17:56,Interbank,"Mar 26, 2024","#OrgulloInterbank  
¡Somos top #2 de “Los Mejores Lugares para Trabajar para las Mujeres en Perú” por @GPTWPeru 💪 
¡El cambio es colectivo! 💚 Seguiremos impulsándolo a través de nuestros programas e iniciativas para promover un entorno equitativo, diverso e inclusivo.",7,2,9,0,10.0K
2025-07-13 21:17:56,Interbank,"Mar 21, 2024","#OrgulloInterbank compartir el reconocimiento como Líderes Empresariales por el Cambio (LEC) a tres de nuestros clientes de Banca Empresa 🇵🇪 que apostaron por la #innovación para el crecimiento de sus negocios. 
#PremiosLEC",2,0,8,0,5.0K
2025-07-13 21:17:56,Interbank,"Mar 13, 2024","Otorgamos una línea de #FinanciamientoVerde por US$6 millones a HVC Exportaciones, destinada a la compra de café con certificación sostenible, lo que garantiza un ecosistema de prácticas eco amigables. 💪🌎

Conoce más👉interbank.pe/financiamiento…
#Sostenibilidad #NegocioResponsable",20,1,6,0,6.0K
2025-07-13 21:17:56,Interbank,"Mar 8, 2024","#EsCompromisoDeTodosyTodas ¡Este #8M sigamos! Por más acciones que nos permitan construir igualdad de oportunidades. Conoce algunas de nuestras iniciativas para impulsar la equidad en 👉 interbank.pe/equidad
#8deMarzo #DíaInternacionalDeLaMujer #EsTiempoDeEquidad",14,3,7,0,5.0K
2025-07-13 22:18:27,Interbank,Apr 16,¡Este feriado largo sigamos conectados! 💚 Este 17 y 18 de abril realiza tus operaciones de forma digital a través de tu #InterbankAPP 📲,85,0,7,3,13.0K
2025-07-13 22:18:27,Interbank,Oct 7,"Recuerda 👀 durante este feriado no habrá atención en nuestras Tiendas Financieras. 
Todas tus operaciones podrás hacerlas desde nuestra Banca por Internet y desde tu #InterbankApp 📱",66,1,25,2,98.0K
2025-07-13 22:18:27,Interbank,Aug 29,"Este feriado, sigue gestionando tus operaciones de manera rápida y segura desde tu Interbank APP o a través de nuestra Banca por Internet. 📲💻

✨ ¡Te esperamos de vuelta el 31 de agosto! ✨",59,0,9,0,37.0K
2025-07-13 22:18:27,Interbank,Aug 5,"Este 06 de agosto, realiza todas tus operaciones de manera fácil y segura desde tu #Interbank APP o desde nuestra Banca por Internet. 📲🧑‍💻",21,0,3,0,30.0K
2025-07-13 22:18:27,Interbank,Jul 27,"Este 29 de julio, realiza todas tus operaciones de manera fácil y segura desde tu #InterbankApp📱o desde nuestra Banca por Internet.  💻

✨ Retomaremos nuestra atención regular, el martes 30 de julio. 💚",30,1,9,0,26.0K
2025-07-13 22:18:27,Interbank,Jul 22,"📢 Este martes 23 de julio, realiza todas tus operaciones de manera fácil y segura desde tu #InterbankAPP o nuestra Banca por Internet. 💻📱",8,0,5,1,21.0K
2025-07-13 22:18:27,Interbank,"Jun 6, 2024","👀Este feriado, puedes realizar tus operaciones desde casa en nuestros canales digitales 📲Nos reencontramos el sábado en nuestro horario regular.",96,1,7,1,17.0K
2025-07-13 22:18:27,Interbank,"May 4, 2024","👉 Encuentra aquí todo lo que necesitas saber sobre el retiro de la AFP. Si has decidido retirar, recuerda que el 20 de mayo empieza el registro de solicitudes según el último dígito de tu DNI.

Para saber más entra aquí: bit.ly/3WJL79h 🔗",123,2,14,4,22.0K
2025-07-13 22:18:27,Interbank,"Mar 27, 2024","Este feriado largo tu #InterbankApp estará disponible 24/7 para todas tus operaciones, al igual que nuestra Banca por Internet. El sábado 30 atenderemos en horario regular. ✨",46,1,9,0,16.0K
2025-07-13 22:18:27,Interbank,"Mar 26, 2024","#OrgulloInterbank  
¡Somos top #2 de “Los Mejores Lugares para Trabajar para las Mujeres en Perú” por @GPTWPeru 💪 
¡El cambio es colectivo! 💚 Seguiremos impulsándolo a través de nuestros programas e iniciativas para promover un entorno equitativo, diverso e inclusivo.",7,2,9,0,10.0K
2025-07-13 22:18:27,Interbank,"Mar 21, 2024","#OrgulloInterbank compartir el reconocimiento como Líderes Empresariales por el Cambio (LEC) a tres de nuestros clientes de Banca Empresa 🇵🇪 que apostaron por la #innovación para el crecimiento de sus negocios. 
#PremiosLEC",2,0,8,0,5.0K
2025-07-13 22:18:27,Interbank,"Mar 13, 2024","Otorgamos una línea de #FinanciamientoVerde por US$6 millones a HVC Exportaciones, destinada a la compra de café con certificación sostenible, lo que garantiza un ecosistema de prácticas eco amigables. 💪🌎

Conoce más👉interbank.pe/financiamiento…
#Sostenibilidad #NegocioResponsable",20,1,6,0,6.0K
2025-07-13 22:18:27,Interbank,"Mar 8, 2024","#EsCompromisoDeTodosyTodas ¡Este #8M sigamos! Por más acciones que nos permitan construir igualdad de oportunidades. Conoce algunas de nuestras iniciativas para impulsar la equidad en 👉 interbank.pe/equidad
#8deMarzo #DíaInternacionalDeLaMujer #EsTiempoDeEquidad",14,3,7,0,5.0K
2025-07-13 23:20:13,Interbank,Apr 16,¡Este feriado largo sigamos conectados! 💚 Este 17 y 18 de abril realiza tus operaciones de forma digital a través de tu #InterbankAPP 📲,85,0,7,3,13.0K
2025-07-13 23:20:13,Interbank,Oct 7,"Recuerda 👀 durante este feriado no habrá atención en nuestras Tiendas Financieras. 
Todas tus operaciones podrás hacerlas desde nuestra Banca por Internet y desde tu #InterbankApp 📱",66,1,25,2,98.0K
2025-07-13 23:20:13,Interbank,Aug 29,"Este feriado, sigue gestionando tus operaciones de manera rápida y segura desde tu Interbank APP o a través de nuestra Banca por Internet. 📲💻

✨ ¡Te esperamos de vuelta el 31 de agosto! ✨",59,0,9,0,37.0K
2025-07-13 23:20:13,Interbank,Aug 5,"Este 06 de agosto, realiza todas tus operaciones de manera fácil y segura desde tu #Interbank APP o desde nuestra Banca por Internet. 📲🧑‍💻",21,0,3,0,30.0K
2025-07-13 23:20:13,Interbank,Jul 27,"Este 29 de julio, realiza todas tus operaciones de manera fácil y segura desde tu #InterbankApp📱o desde nuestra Banca por Internet.  💻

✨ Retomaremos nuestra atención regular, el martes 30 de julio. 💚",30,1,9,0,26.0K
2025-07-13 23:20:13,Interbank,Jul 22,"📢 Este martes 23 de julio, realiza todas tus operaciones de manera fácil y segura desde tu #InterbankAPP o nuestra Banca por Internet. 💻📱",8,0,5,1,21.0K
2025-07-13 23:20:13,Interbank,"Jun 6, 2024","👀Este feriado, puedes realizar tus operaciones desde casa en nuestros canales digitales 📲Nos reencontramos el sábado en nuestro horario regular.",96,1,7,1,17.0K
2025-07-13 23:20:13,Interbank,"May 4, 2024","👉 Encuentra aquí todo lo que necesitas saber sobre el retiro de la AFP. Si has decidido retirar, recuerda que el 20 de mayo empieza el registro de solicitudes según el último dígito de tu DNI.

Para saber más entra aquí: bit.ly/3WJL79h 🔗",123,2,14,4,22.0K
2025-07-13 23:20:13,Interbank,"Mar 27, 2024","Este feriado largo tu #InterbankApp estará disponible 24/7 para todas tus operaciones, al igual que nuestra Banca por Internet. El sábado 30 atenderemos en horario regular. ✨",46,1,9,0,16.0K
2025-07-13 23:20:13,Interbank,"Mar 26, 2024","#OrgulloInterbank  
¡Somos top #2 de “Los Mejores Lugares para Trabajar para las Mujeres en Perú” por @GPTWPeru 💪 
¡El cambio es colectivo! 💚 Seguiremos impulsándolo a través de nuestros programas e iniciativas para promover un entorno equitativo, diverso e inclusivo.",7,2,9,0,10.0K
2025-07-13 23:20:13,Interbank,"Mar 21, 2024","#OrgulloInterbank compartir el reconocimiento como Líderes Empresariales por el Cambio (LEC) a tres de nuestros clientes de Banca Empresa 🇵🇪 que apostaron por la #innovación para el crecimiento de sus negocios. 
#PremiosLEC",2,0,8,0,5.0K
2025-07-13 23:20:13,Interbank,"Mar 13, 2024","Otorgamos una línea de #FinanciamientoVerde por US$6 millones a HVC Exportaciones, destinada a la compra de café con certificación sostenible, lo que garantiza un ecosistema de prácticas eco amigables. 💪🌎

Conoce más👉interbank.pe/financiamiento…
#Sostenibilidad #NegocioResponsable",20,1,6,0,6.0K
2025-07-13 23:20:13,Interbank,"Mar 8, 2024","#EsCompromisoDeTodosyTodas ¡Este #8M sigamos! Por más acciones que nos permitan construir igualdad de oportunidades. Conoce algunas de nuestras iniciativas para impulsar la equidad en 👉 interbank.pe/equidad
#8deMarzo #DíaInternacionalDeLaMujer #EsTiempoDeEquidad",14,3,7,0,5.0K
2025-07-14 01:48:28,Interbank,Apr 16,¡Este feriado largo sigamos conectados! 💚 Este 17 y 18 de abril realiza tus operaciones de forma digital a través de tu #InterbankAPP 📲,85,0,7,3,13.0K
2025-07-14 01:48:28,Interbank,Oct 7,"Recuerda 👀 durante este feriado no habrá atención en nuestras Tiendas Financieras. 
Todas tus operaciones podrás hacerlas desde nuestra Banca por Internet y desde tu #InterbankApp 📱",66,1,25,2,98.0K
2025-07-14 01:48:28,Interbank,Aug 29,"Este feriado, sigue gestionando tus operaciones de manera rápida y segura desde tu Interbank APP o a través de nuestra Banca por Internet. 📲💻

✨ ¡Te esperamos de vuelta el 31 de agosto! ✨",59,0,9,0,37.0K
2025-07-14 01:48:28,Interbank,Aug 5,"Este 06 de agosto, realiza todas tus operaciones de manera fácil y segura desde tu #Interbank APP o desde nuestra Banca por Internet. 📲🧑‍💻",21,0,3,0,30.0K
2025-07-14 01:48:28,Interbank,Jul 27,"Este 29 de julio, realiza todas tus operaciones de manera fácil y segura desde tu #InterbankApp📱o desde nuestra Banca por Internet.  💻

✨ Retomaremos nuestra atención regular, el martes 30 de julio. 💚",30,1,9,0,26.0K
2025-07-14 01:48:28,Interbank,Jul 22,"📢 Este martes 23 de julio, realiza todas tus operaciones de manera fácil y segura desde tu #InterbankAPP o nuestra Banca por Internet. 💻📱",8,0,5,1,21.0K
2025-07-14 01:48:28,Interbank,"Jun 6, 2024","👀Este feriado, puedes realizar tus operaciones desde casa en nuestros canales digitales 📲Nos reencontramos el sábado en nuestro horario regular.",96,1,7,1,17.0K
2025-07-14 01:48:28,Interbank,"May 4, 2024","👉 Encuentra aquí todo lo que necesitas saber sobre el retiro de la AFP. Si has decidido retirar, recuerda que el 20 de mayo empieza el registro de solicitudes según el último dígito de tu DNI.

Para saber más entra aquí: bit.ly/3WJL79h 🔗",123,2,14,4,22.0K
2025-07-14 01:48:28,Interbank,"Mar 27, 2024","Este feriado largo tu #InterbankApp estará disponible 24/7 para todas tus operaciones, al igual que nuestra Banca por Internet. El sábado 30 atenderemos en horario regular. ✨",46,1,9,0,16.0K
2025-07-14 01:48:28,Interbank,"Mar 26, 2024","#OrgulloInterbank  
¡Somos top #2 de “Los Mejores Lugares para Trabajar para las Mujeres en Perú” por @GPTWPeru 💪 
¡El cambio es colectivo! 💚 Seguiremos impulsándolo a través de nuestros programas e iniciativas para promover un entorno equitativo, diverso e inclusivo.",7,2,9,0,10.0K
2025-07-14 01:48:28,Interbank,"Mar 21, 2024","#OrgulloInterbank compartir el reconocimiento como Líderes Empresariales por el Cambio (LEC) a tres de nuestros clientes de Banca Empresa 🇵🇪 que apostaron por la #innovación para el crecimiento de sus negocios. 
#PremiosLEC",2,0,8,0,5.0K
2025-07-14 01:48:28,Interbank,"Mar 13, 2024","Otorgamos una línea de #FinanciamientoVerde por US$6 millones a HVC Exportaciones, destinada a la compra de café con certificación sostenible, lo que garantiza un ecosistema de prácticas eco amigables. 💪🌎

Conoce más👉interbank.pe/financiamiento…
#Sostenibilidad #NegocioResponsable",20,1,6,0,6.0K
2025-07-14 01:48:28,Interbank,"Mar 8, 2024","#EsCompromisoDeTodosyTodas ¡Este #8M sigamos! Por más acciones que nos permitan construir igualdad de oportunidades. Conoce algunas de nuestras iniciativas para impulsar la equidad en 👉 interbank.pe/equidad
#8deMarzo #DíaInternacionalDeLaMujer #EsTiempoDeEquidad",14,3,7,0,5.0K
2025-07-14 03:41:07,Interbank,Apr 16,¡Este feriado largo sigamos conectados! 💚 Este 17 y 18 de abril realiza tus operaciones de forma digital a través de tu #InterbankAPP 📲,85,0,7,3,13.0K
2025-07-14 03:41:07,Interbank,Oct 7,"Recuerda 👀 durante este feriado no habrá atención en nuestras Tiendas Financieras. 
Todas tus operaciones podrás hacerlas desde nuestra Banca por Internet y desde tu #InterbankApp 📱",66,1,25,2,98.0K
2025-07-14 03:41:07,Interbank,Aug 29,"Este feriado, sigue gestionando tus operaciones de manera rápida y segura desde tu Interbank APP o a través de nuestra Banca por Internet. 📲💻

✨ ¡Te esperamos de vuelta el 31 de agosto! ✨",59,0,9,0,37.0K
2025-07-14 03:41:07,Interbank,Aug 5,"Este 06 de agosto, realiza todas tus operaciones de manera fácil y segura desde tu #Interbank APP o desde nuestra Banca por Internet. 📲🧑‍💻",21,0,3,0,30.0K
2025-07-14 03:41:07,Interbank,Jul 27,"Este 29 de julio, realiza todas tus operaciones de manera fácil y segura desde tu #InterbankApp📱o desde nuestra Banca por Internet.  💻

✨ Retomaremos nuestra atención regular, el martes 30 de julio. 💚",30,1,9,0,26.0K
2025-07-14 03:41:07,Interbank,Jul 22,"📢 Este martes 23 de julio, realiza todas tus operaciones de manera fácil y segura desde tu #InterbankAPP o nuestra Banca por Internet. 💻📱",8,0,5,1,21.0K
2025-07-14 03:41:07,Interbank,"Jun 6, 2024","👀Este feriado, puedes realizar tus operaciones desde casa en nuestros canales digitales 📲Nos reencontramos el sábado en nuestro horario regular.",96,1,7,1,17.0K
2025-07-14 03:41:07,Interbank,"May 4, 2024","👉 Encuentra aquí todo lo que necesitas saber sobre el retiro de la AFP. Si has decidido retirar, recuerda que el 20 de mayo empieza el registro de solicitudes según el último dígito de tu DNI.

Para saber más entra aquí: bit.ly/3WJL79h 🔗",123,2,14,4,22.0K
2025-07-14 03:41:07,Interbank,"Mar 27, 2024","Este feriado largo tu #InterbankApp estará disponible 24/7 para todas tus operaciones, al igual que nuestra Banca por Internet. El sábado 30 atenderemos en horario regular. ✨",46,1,9,0,16.0K
2025-07-14 03:41:07,Interbank,"Mar 26, 2024","#OrgulloInterbank  
¡Somos top #2 de “Los Mejores Lugares para Trabajar para las Mujeres en Perú” por @GPTWPeru 💪 
¡El cambio es colectivo! 💚 Seguiremos impulsándolo a través de nuestros programas e iniciativas para promover un entorno equitativo, diverso e inclusivo.",7,2,9,0,10.0K
2025-07-14 03:41:07,Interbank,"Mar 21, 2024","#OrgulloInterbank compartir el reconocimiento como Líderes Empresariales por el Cambio (LEC) a tres de nuestros clientes de Banca Empresa 🇵🇪 que apostaron por la #innovación para el crecimiento de sus negocios. 
#PremiosLEC",2,0,8,0,5.0K
2025-07-14 03:41:07,Interbank,"Mar 13, 2024","Otorgamos una línea de #FinanciamientoVerde por US$6 millones a HVC Exportaciones, destinada a la compra de café con certificación sostenible, lo que garantiza un ecosistema de prácticas eco amigables. 💪🌎

Conoce más👉interbank.pe/financiamiento…
#Sostenibilidad #NegocioResponsable",20,1,6,0,6.0K
2025-07-14 03:41:07,Interbank,"Mar 8, 2024","#EsCompromisoDeTodosyTodas ¡Este #8M sigamos! Por más acciones que nos permitan construir igualdad de oportunidades. Conoce algunas de nuestras iniciativas para impulsar la equidad en 👉 interbank.pe/equidad
#8deMarzo #DíaInternacionalDeLaMujer #EsTiempoDeEquidad",14,3,7,0,5.0K
2025-07-14 04:41:20,Interbank,Apr 16,¡Este feriado largo sigamos conectados! 💚 Este 17 y 18 de abril realiza tus operaciones de forma digital a través de tu #InterbankAPP 📲,85,0,7,3,13.0K
2025-07-14 04:41:20,Interbank,Oct 7,"Recuerda 👀 durante este feriado no habrá atención en nuestras Tiendas Financieras. 
Todas tus operaciones podrás hacerlas desde nuestra Banca por Internet y desde tu #InterbankApp 📱",66,1,25,2,98.0K
2025-07-14 04:41:20,Interbank,Aug 29,"Este feriado, sigue gestionando tus operaciones de manera rápida y segura desde tu Interbank APP o a través de nuestra Banca por Internet. 📲💻

✨ ¡Te esperamos de vuelta el 31 de agosto! ✨",59,0,9,0,37.0K
2025-07-14 04:41:20,Interbank,Aug 5,"Este 06 de agosto, realiza todas tus operaciones de manera fácil y segura desde tu #Interbank APP o desde nuestra Banca por Internet. 📲🧑‍💻",21,0,3,0,30.0K
2025-07-14 04:41:20,Interbank,Jul 27,"Este 29 de julio, realiza todas tus operaciones de manera fácil y segura desde tu #InterbankApp📱o desde nuestra Banca por Internet.  💻

✨ Retomaremos nuestra atención regular, el martes 30 de julio. 💚",30,1,9,0,26.0K
2025-07-14 04:41:20,Interbank,Jul 22,"📢 Este martes 23 de julio, realiza todas tus operaciones de manera fácil y segura desde tu #InterbankAPP o nuestra Banca por Internet. 💻📱",8,0,5,1,21.0K
2025-07-14 04:41:20,Interbank,"Jun 6, 2024","👀Este feriado, puedes realizar tus operaciones desde casa en nuestros canales digitales 📲Nos reencontramos el sábado en nuestro horario regular.",96,1,7,1,17.0K
2025-07-14 04:41:20,Interbank,"May 4, 2024","👉 Encuentra aquí todo lo que necesitas saber sobre el retiro de la AFP. Si has decidido retirar, recuerda que el 20 de mayo empieza el registro de solicitudes según el último dígito de tu DNI.

Para saber más entra aquí: bit.ly/3WJL79h 🔗",123,2,14,4,22.0K
2025-07-14 04:41:20,Interbank,"Mar 27, 2024","Este feriado largo tu #InterbankApp estará disponible 24/7 para todas tus operaciones, al igual que nuestra Banca por Internet. El sábado 30 atenderemos en horario regular. ✨",46,1,9,0,16.0K
2025-07-14 04:41:20,Interbank,"Mar 26, 2024","#OrgulloInterbank  
¡Somos top #2 de “Los Mejores Lugares para Trabajar para las Mujeres en Perú” por @GPTWPeru 💪 
¡El cambio es colectivo! 💚 Seguiremos impulsándolo a través de nuestros programas e iniciativas para promover un entorno equitativo, diverso e inclusivo.",7,2,9,0,10.0K
2025-07-14 04:41:20,Interbank,"Mar 21, 2024","#OrgulloInterbank compartir el reconocimiento como Líderes Empresariales por el Cambio (LEC) a tres de nuestros clientes de Banca Empresa 🇵🇪 que apostaron por la #innovación para el crecimiento de sus negocios. 
#PremiosLEC",2,0,8,0,5.0K
2025-07-14 04:41:20,Interbank,"Mar 13, 2024","Otorgamos una línea de #FinanciamientoVerde por US$6 millones a HVC Exportaciones, destinada a la compra de café con certificación sostenible, lo que garantiza un ecosistema de prácticas eco amigables. 💪🌎

Conoce más👉interbank.pe/financiamiento…
#Sostenibilidad #NegocioResponsable",20,1,6,0,6.0K
2025-07-14 04:41:20,Interbank,"Mar 8, 2024","#EsCompromisoDeTodosyTodas ¡Este #8M sigamos! Por más acciones que nos permitan construir igualdad de oportunidades. Conoce algunas de nuestras iniciativas para impulsar la equidad en 👉 interbank.pe/equidad
#8deMarzo #DíaInternacionalDeLaMujer #EsTiempoDeEquidad",14,3,7,0,5.0K
2025-07-14 05:25:05,Interbank,Apr 16,¡Este feriado largo sigamos conectados! 💚 Este 17 y 18 de abril realiza tus operaciones de forma digital a través de tu #InterbankAPP 📲,85,0,7,3,13.0K
2025-07-14 05:25:05,Interbank,Oct 7,"Recuerda 👀 durante este feriado no habrá atención en nuestras Tiendas Financieras. 
Todas tus operaciones podrás hacerlas desde nuestra Banca por Internet y desde tu #InterbankApp 📱",66,1,25,2,98.0K
2025-07-14 05:25:05,Interbank,Aug 29,"Este feriado, sigue gestionando tus operaciones de manera rápida y segura desde tu Interbank APP o a través de nuestra Banca por Internet. 📲💻

✨ ¡Te esperamos de vuelta el 31 de agosto! ✨",59,0,9,0,37.0K
2025-07-14 05:25:05,Interbank,Aug 5,"Este 06 de agosto, realiza todas tus operaciones de manera fácil y segura desde tu #Interbank APP o desde nuestra Banca por Internet. 📲🧑‍💻",21,0,3,0,30.0K
2025-07-14 05:25:05,Interbank,Jul 27,"Este 29 de julio, realiza todas tus operaciones de manera fácil y segura desde tu #InterbankApp📱o desde nuestra Banca por Internet.  💻

✨ Retomaremos nuestra atención regular, el martes 30 de julio. 💚",30,1,9,0,26.0K
2025-07-14 05:25:05,Interbank,Jul 22,"📢 Este martes 23 de julio, realiza todas tus operaciones de manera fácil y segura desde tu #InterbankAPP o nuestra Banca por Internet. 💻📱",8,0,5,1,21.0K
2025-07-14 05:25:05,Interbank,"Jun 6, 2024","👀Este feriado, puedes realizar tus operaciones desde casa en nuestros canales digitales 📲Nos reencontramos el sábado en nuestro horario regular.",96,1,7,1,17.0K
2025-07-14 05:25:05,Interbank,"May 4, 2024","👉 Encuentra aquí todo lo que necesitas saber sobre el retiro de la AFP. Si has decidido retirar, recuerda que el 20 de mayo empieza el registro de solicitudes según el último dígito de tu DNI.

Para saber más entra aquí: bit.ly/3WJL79h 🔗",123,2,14,4,22.0K
2025-07-14 05:25:05,Interbank,"Mar 27, 2024","Este feriado largo tu #InterbankApp estará disponible 24/7 para todas tus operaciones, al igual que nuestra Banca por Internet. El sábado 30 atenderemos en horario regular. ✨",46,1,9,0,16.0K
2025-07-14 05:25:05,Interbank,"Mar 26, 2024","#OrgulloInterbank  
¡Somos top #2 de “Los Mejores Lugares para Trabajar para las Mujeres en Perú” por @GPTWPeru 💪 
¡El cambio es colectivo! 💚 Seguiremos impulsándolo a través de nuestros programas e iniciativas para promover un entorno equitativo, diverso e inclusivo.",7,2,9,0,10.0K
2025-07-14 05:25:05,Interbank,"Mar 21, 2024","#OrgulloInterbank compartir el reconocimiento como Líderes Empresariales por el Cambio (LEC) a tres de nuestros clientes de Banca Empresa 🇵🇪 que apostaron por la #innovación para el crecimiento de sus negocios. 
#PremiosLEC",2,0,8,0,5.0K
2025-07-14 05:25:05,Interbank,"Mar 13, 2024","Otorgamos una línea de #FinanciamientoVerde por US$6 millones a HVC Exportaciones, destinada a la compra de café con certificación sostenible, lo que garantiza un ecosistema de prácticas eco amigables. 💪🌎

Conoce más👉interbank.pe/financiamiento…
#Sostenibilidad #NegocioResponsable",20,1,6,0,6.0K
2025-07-14 05:25:05,Interbank,"Mar 8, 2024","#EsCompromisoDeTodosyTodas ¡Este #8M sigamos! Por más acciones que nos permitan construir igualdad de oportunidades. Conoce algunas de nuestras iniciativas para impulsar la equidad en 👉 interbank.pe/equidad
#8deMarzo #DíaInternacionalDeLaMujer #EsTiempoDeEquidad",14,3,7,0,5.0K
2025-07-14 06:32:39,Interbank,Apr 16,¡Este feriado largo sigamos conectados! 💚 Este 17 y 18 de abril realiza tus operaciones de forma digital a través de tu #InterbankAPP 📲,85,0,7,3,13.0K
2025-07-14 06:32:39,Interbank,Oct 7,"Recuerda 👀 durante este feriado no habrá atención en nuestras Tiendas Financieras. 
Todas tus operaciones podrás hacerlas desde nuestra Banca por Internet y desde tu #InterbankApp 📱",66,1,25,2,98.0K
2025-07-14 06:32:39,Interbank,Aug 29,"Este feriado, sigue gestionando tus operaciones de manera rápida y segura desde tu Interbank APP o a través de nuestra Banca por Internet. 📲💻

✨ ¡Te esperamos de vuelta el 31 de agosto! ✨",59,0,9,0,37.0K
2025-07-14 06:32:39,Interbank,Aug 5,"Este 06 de agosto, realiza todas tus operaciones de manera fácil y segura desde tu #Interbank APP o desde nuestra Banca por Internet. 📲🧑‍💻",21,0,3,0,30.0K
2025-07-14 06:32:39,Interbank,Jul 27,"Este 29 de julio, realiza todas tus operaciones de manera fácil y segura desde tu #InterbankApp📱o desde nuestra Banca por Internet.  💻

✨ Retomaremos nuestra atención regular, el martes 30 de julio. 💚",30,1,9,0,26.0K
2025-07-14 06:32:39,Interbank,Jul 22,"📢 Este martes 23 de julio, realiza todas tus operaciones de manera fácil y segura desde tu #InterbankAPP o nuestra Banca por Internet. 💻📱",8,0,5,1,21.0K
2025-07-14 06:32:39,Interbank,"Jun 6, 2024","👀Este feriado, puedes realizar tus operaciones desde casa en nuestros canales digitales 📲Nos reencontramos el sábado en nuestro horario regular.",96,1,7,1,17.0K
2025-07-14 06:32:39,Interbank,"May 4, 2024","👉 Encuentra aquí todo lo que necesitas saber sobre el retiro de la AFP. Si has decidido retirar, recuerda que el 20 de mayo empieza el registro de solicitudes según el último dígito de tu DNI.

Para saber más entra aquí: bit.ly/3WJL79h 🔗",123,2,14,4,22.0K
2025-07-14 06:32:39,Interbank,"Mar 27, 2024","Este feriado largo tu #InterbankApp estará disponible 24/7 para todas tus operaciones, al igual que nuestra Banca por Internet. El sábado 30 atenderemos en horario regular. ✨",46,1,9,0,16.0K
2025-07-14 06:32:39,Interbank,"Mar 26, 2024","#OrgulloInterbank  
¡Somos top #2 de “Los Mejores Lugares para Trabajar para las Mujeres en Perú” por @GPTWPeru 💪 
¡El cambio es colectivo! 💚 Seguiremos impulsándolo a través de nuestros programas e iniciativas para promover un entorno equitativo, diverso e inclusivo.",7,2,9,0,10.0K
2025-07-14 06:32:39,Interbank,"Mar 21, 2024","#OrgulloInterbank compartir el reconocimiento como Líderes Empresariales por el Cambio (LEC) a tres de nuestros clientes de Banca Empresa 🇵🇪 que apostaron por la #innovación para el crecimiento de sus negocios. 
#PremiosLEC",2,0,8,0,5.0K
2025-07-14 06:32:39,Interbank,"Mar 13, 2024","Otorgamos una línea de #FinanciamientoVerde por US$6 millones a HVC Exportaciones, destinada a la compra de café con certificación sostenible, lo que garantiza un ecosistema de prácticas eco amigables. 💪🌎

Conoce más👉interbank.pe/financiamiento…
#Sostenibilidad #NegocioResponsable",20,1,6,0,6.0K
2025-07-14 06:32:39,Interbank,"Mar 8, 2024","#EsCompromisoDeTodosyTodas ¡Este #8M sigamos! Por más acciones que nos permitan construir igualdad de oportunidades. Conoce algunas de nuestras iniciativas para impulsar la equidad en 👉 interbank.pe/equidad
#8deMarzo #DíaInternacionalDeLaMujer #EsTiempoDeEquidad",14,3,7,0,5.0K
2025-07-14 07:23:45,Interbank,Apr 16,¡Este feriado largo sigamos conectados! 💚 Este 17 y 18 de abril realiza tus operaciones de forma digital a través de tu #InterbankAPP 📲,85,0,7,3,13.0K
2025-07-14 07:23:45,Interbank,Oct 7,"Recuerda 👀 durante este feriado no habrá atención en nuestras Tiendas Financieras. 
Todas tus operaciones podrás hacerlas desde nuestra Banca por Internet y desde tu #InterbankApp 📱",66,1,25,2,98.0K
2025-07-14 07:23:45,Interbank,Aug 29,"Este feriado, sigue gestionando tus operaciones de manera rápida y segura desde tu Interbank APP o a través de nuestra Banca por Internet. 📲💻

✨ ¡Te esperamos de vuelta el 31 de agosto! ✨",59,0,9,0,37.0K
2025-07-14 07:23:45,Interbank,Aug 5,"Este 06 de agosto, realiza todas tus operaciones de manera fácil y segura desde tu #Interbank APP o desde nuestra Banca por Internet. 📲🧑‍💻",21,0,3,0,30.0K
2025-07-14 07:23:45,Interbank,Jul 27,"Este 29 de julio, realiza todas tus operaciones de manera fácil y segura desde tu #InterbankApp📱o desde nuestra Banca por Internet.  💻

✨ Retomaremos nuestra atención regular, el martes 30 de julio. 💚",30,1,9,0,26.0K
2025-07-14 07:23:45,Interbank,Jul 22,"📢 Este martes 23 de julio, realiza todas tus operaciones de manera fácil y segura desde tu #InterbankAPP o nuestra Banca por Internet. 💻📱",8,0,5,1,21.0K
2025-07-14 07:23:45,Interbank,"Jun 6, 2024","👀Este feriado, puedes realizar tus operaciones desde casa en nuestros canales digitales 📲Nos reencontramos el sábado en nuestro horario regular.",96,1,7,1,17.0K
2025-07-14 07:23:45,Interbank,"May 4, 2024","👉 Encuentra aquí todo lo que necesitas saber sobre el retiro de la AFP. Si has decidido retirar, recuerda que el 20 de mayo empieza el registro de solicitudes según el último dígito de tu DNI.

Para saber más entra aquí: bit.ly/3WJL79h 🔗",123,2,14,4,22.0K
2025-07-14 07:23:45,Interbank,"Mar 27, 2024","Este feriado largo tu #InterbankApp estará disponible 24/7 para todas tus operaciones, al igual que nuestra Banca por Internet. El sábado 30 atenderemos en horario regular. ✨",46,1,9,0,16.0K
2025-07-14 07:23:45,Interbank,"Mar 26, 2024","#OrgulloInterbank  
¡Somos top #2 de “Los Mejores Lugares para Trabajar para las Mujeres en Perú” por @GPTWPeru 💪 
¡El cambio es colectivo! 💚 Seguiremos impulsándolo a través de nuestros programas e iniciativas para promover un entorno equitativo, diverso e inclusivo.",7,2,9,0,10.0K
2025-07-14 07:23:45,Interbank,"Mar 21, 2024","#OrgulloInterbank compartir el reconocimiento como Líderes Empresariales por el Cambio (LEC) a tres de nuestros clientes de Banca Empresa 🇵🇪 que apostaron por la #innovación para el crecimiento de sus negocios. 
#PremiosLEC",2,0,8,0,5.0K
2025-07-14 07:23:45,Interbank,"Mar 13, 2024","Otorgamos una línea de #FinanciamientoVerde por US$6 millones a HVC Exportaciones, destinada a la compra de café con certificación sostenible, lo que garantiza un ecosistema de prácticas eco amigables. 💪🌎

Conoce más👉interbank.pe/financiamiento…
#Sostenibilidad #NegocioResponsable",20,1,6,0,6.0K
2025-07-14 07:23:45,Interbank,"Mar 8, 2024","#EsCompromisoDeTodosyTodas ¡Este #8M sigamos! Por más acciones que nos permitan construir igualdad de oportunidades. Conoce algunas de nuestras iniciativas para impulsar la equidad en 👉 interbank.pe/equidad
#8deMarzo #DíaInternacionalDeLaMujer #EsTiempoDeEquidad",14,3,7,0,5.0K
2025-07-14 08:30:14,Interbank,Apr 16,¡Este feriado largo sigamos conectados! 💚 Este 17 y 18 de abril realiza tus operaciones de forma digital a través de tu #InterbankAPP 📲,85,0,7,3,13.0K
2025-07-14 08:30:14,Interbank,Oct 7,"Recuerda 👀 durante este feriado no habrá atención en nuestras Tiendas Financieras. 
Todas tus operaciones podrás hacerlas desde nuestra Banca por Internet y desde tu #InterbankApp 📱",66,1,25,2,98.0K
2025-07-14 08:30:14,Interbank,Aug 29,"Este feriado, sigue gestionando tus operaciones de manera rápida y segura desde tu Interbank APP o a través de nuestra Banca por Internet. 📲💻

✨ ¡Te esperamos de vuelta el 31 de agosto! ✨",59,0,9,0,37.0K
2025-07-14 08:30:14,Interbank,Aug 5,"Este 06 de agosto, realiza todas tus operaciones de manera fácil y segura desde tu #Interbank APP o desde nuestra Banca por Internet. 📲🧑‍💻",21,0,3,0,30.0K
2025-07-14 08:30:14,Interbank,Jul 27,"Este 29 de julio, realiza todas tus operaciones de manera fácil y segura desde tu #InterbankApp📱o desde nuestra Banca por Internet.  💻

✨ Retomaremos nuestra atención regular, el martes 30 de julio. 💚",30,1,9,0,26.0K
2025-07-14 08:30:14,Interbank,Jul 22,"📢 Este martes 23 de julio, realiza todas tus operaciones de manera fácil y segura desde tu #InterbankAPP o nuestra Banca por Internet. 💻📱",8,0,5,1,21.0K
2025-07-14 08:30:14,Interbank,"Jun 6, 2024","👀Este feriado, puedes realizar tus operaciones desde casa en nuestros canales digitales 📲Nos reencontramos el sábado en nuestro horario regular.",96,1,7,1,17.0K
2025-07-14 08:30:14,Interbank,"May 4, 2024","👉 Encuentra aquí todo lo que necesitas saber sobre el retiro de la AFP. Si has decidido retirar, recuerda que el 20 de mayo empieza el registro de solicitudes según el último dígito de tu DNI.

Para saber más entra aquí: bit.ly/3WJL79h 🔗",123,2,14,4,22.0K
2025-07-14 08:30:14,Interbank,"Mar 27, 2024","Este feriado largo tu #InterbankApp estará disponible 24/7 para todas tus operaciones, al igual que nuestra Banca por Internet. El sábado 30 atenderemos en horario regular. ✨",46,1,9,0,16.0K
2025-07-14 08:30:14,Interbank,"Mar 26, 2024","#OrgulloInterbank  
¡Somos top #2 de “Los Mejores Lugares para Trabajar para las Mujeres en Perú” por @GPTWPeru 💪 
¡El cambio es colectivo! 💚 Seguiremos impulsándolo a través de nuestros programas e iniciativas para promover un entorno equitativo, diverso e inclusivo.",7,2,9,0,10.0K
2025-07-14 08:30:14,Interbank,"Mar 21, 2024","#OrgulloInterbank compartir el reconocimiento como Líderes Empresariales por el Cambio (LEC) a tres de nuestros clientes de Banca Empresa 🇵🇪 que apostaron por la #innovación para el crecimiento de sus negocios. 
#PremiosLEC",2,0,8,0,5.0K
2025-07-14 08:30:14,Interbank,"Mar 13, 2024","Otorgamos una línea de #FinanciamientoVerde por US$6 millones a HVC Exportaciones, destinada a la compra de café con certificación sostenible, lo que garantiza un ecosistema de prácticas eco amigables. 💪🌎

Conoce más👉interbank.pe/financiamiento…
#Sostenibilidad #NegocioResponsable",20,1,6,0,6.0K
2025-07-14 08:30:14,Interbank,"Mar 8, 2024","#EsCompromisoDeTodosyTodas ¡Este #8M sigamos! Por más acciones que nos permitan construir igualdad de oportunidades. Conoce algunas de nuestras iniciativas para impulsar la equidad en 👉 interbank.pe/equidad
#8deMarzo #DíaInternacionalDeLaMujer #EsTiempoDeEquidad",14,3,7,0,5.0K
2025-07-14 09:27:48,Interbank,Apr 16,¡Este feriado largo sigamos conectados! 💚 Este 17 y 18 de abril realiza tus operaciones de forma digital a través de tu #InterbankAPP 📲,85,0,7,3,13.0K
2025-07-14 09:27:48,Interbank,Oct 7,"Recuerda 👀 durante este feriado no habrá atención en nuestras Tiendas Financieras. 
Todas tus operaciones podrás hacerlas desde nuestra Banca por Internet y desde tu #InterbankApp 📱",66,1,25,2,98.0K
2025-07-14 09:27:48,Interbank,Aug 29,"Este feriado, sigue gestionando tus operaciones de manera rápida y segura desde tu Interbank APP o a través de nuestra Banca por Internet. 📲💻

✨ ¡Te esperamos de vuelta el 31 de agosto! ✨",59,0,9,0,37.0K
2025-07-14 09:27:48,Interbank,Aug 5,"Este 06 de agosto, realiza todas tus operaciones de manera fácil y segura desde tu #Interbank APP o desde nuestra Banca por Internet. 📲🧑‍💻",21,0,3,0,30.0K
2025-07-14 09:27:48,Interbank,Jul 27,"Este 29 de julio, realiza todas tus operaciones de manera fácil y segura desde tu #InterbankApp📱o desde nuestra Banca por Internet.  💻

✨ Retomaremos nuestra atención regular, el martes 30 de julio. 💚",30,1,9,0,26.0K
2025-07-14 09:27:48,Interbank,Jul 22,"📢 Este martes 23 de julio, realiza todas tus operaciones de manera fácil y segura desde tu #InterbankAPP o nuestra Banca por Internet. 💻📱",8,0,5,1,21.0K
2025-07-14 09:27:48,Interbank,"Jun 6, 2024","👀Este feriado, puedes realizar tus operaciones desde casa en nuestros canales digitales 📲Nos reencontramos el sábado en nuestro horario regular.",96,1,7,1,17.0K
2025-07-14 09:27:48,Interbank,"May 4, 2024","👉 Encuentra aquí todo lo que necesitas saber sobre el retiro de la AFP. Si has decidido retirar, recuerda que el 20 de mayo empieza el registro de solicitudes según el último dígito de tu DNI.

Para saber más entra aquí: bit.ly/3WJL79h 🔗",123,2,14,4,22.0K
2025-07-14 09:27:48,Interbank,"Mar 27, 2024","Este feriado largo tu #InterbankApp estará disponible 24/7 para todas tus operaciones, al igual que nuestra Banca por Internet. El sábado 30 atenderemos en horario regular. ✨",46,1,9,0,16.0K
2025-07-14 09:27:48,Interbank,"Mar 26, 2024","#OrgulloInterbank  
¡Somos top #2 de “Los Mejores Lugares para Trabajar para las Mujeres en Perú” por @GPTWPeru 💪 
¡El cambio es colectivo! 💚 Seguiremos impulsándolo a través de nuestros programas e iniciativas para promover un entorno equitativo, diverso e inclusivo.",7,2,9,0,10.0K
2025-07-14 09:27:48,Interbank,"Mar 21, 2024","#OrgulloInterbank compartir el reconocimiento como Líderes Empresariales por el Cambio (LEC) a tres de nuestros clientes de Banca Empresa 🇵🇪 que apostaron por la #innovación para el crecimiento de sus negocios. 
#PremiosLEC",2,0,8,0,5.0K
2025-07-14 09:27:48,Interbank,"Mar 13, 2024","Otorgamos una línea de #FinanciamientoVerde por US$6 millones a HVC Exportaciones, destinada a la compra de café con certificación sostenible, lo que garantiza un ecosistema de prácticas eco amigables. 💪🌎

Conoce más👉interbank.pe/financiamiento…
#Sostenibilidad #NegocioResponsable",20,1,6,0,6.0K
2025-07-14 09:27:48,Interbank,"Mar 8, 2024","#EsCompromisoDeTodosyTodas ¡Este #8M sigamos! Por más acciones que nos permitan construir igualdad de oportunidades. Conoce algunas de nuestras iniciativas para impulsar la equidad en 👉 interbank.pe/equidad
#8deMarzo #DíaInternacionalDeLaMujer #EsTiempoDeEquidad",14,3,7,0,5.0K
2025-07-14 10:22:45,Interbank,Apr 16,¡Este feriado largo sigamos conectados! 💚 Este 17 y 18 de abril realiza tus operaciones de forma digital a través de tu #InterbankAPP 📲,85,0,7,3,13.0K
2025-07-14 10:22:45,Interbank,Oct 7,"Recuerda 👀 durante este feriado no habrá atención en nuestras Tiendas Financieras. 
Todas tus operaciones podrás hacerlas desde nuestra Banca por Internet y desde tu #InterbankApp 📱",66,1,25,2,98.0K
2025-07-14 10:22:45,Interbank,Aug 29,"Este feriado, sigue gestionando tus operaciones de manera rápida y segura desde tu Interbank APP o a través de nuestra Banca por Internet. 📲💻

✨ ¡Te esperamos de vuelta el 31 de agosto! ✨",59,0,9,0,37.0K
2025-07-14 10:22:45,Interbank,Aug 5,"Este 06 de agosto, realiza todas tus operaciones de manera fácil y segura desde tu #Interbank APP o desde nuestra Banca por Internet. 📲🧑‍💻",21,0,3,0,30.0K
2025-07-14 10:22:45,Interbank,Jul 27,"Este 29 de julio, realiza todas tus operaciones de manera fácil y segura desde tu #InterbankApp📱o desde nuestra Banca por Internet.  💻

✨ Retomaremos nuestra atención regular, el martes 30 de julio. 💚",30,1,9,0,26.0K
2025-07-14 10:22:45,Interbank,Jul 22,"📢 Este martes 23 de julio, realiza todas tus operaciones de manera fácil y segura desde tu #InterbankAPP o nuestra Banca por Internet. 💻📱",8,0,5,1,21.0K
2025-07-14 10:22:45,Interbank,"Jun 6, 2024","👀Este feriado, puedes realizar tus operaciones desde casa en nuestros canales digitales 📲Nos reencontramos el sábado en nuestro horario regular.",96,1,7,1,17.0K
2025-07-14 10:22:45,Interbank,"May 4, 2024","👉 Encuentra aquí todo lo que necesitas saber sobre el retiro de la AFP. Si has decidido retirar, recuerda que el 20 de mayo empieza el registro de solicitudes según el último dígito de tu DNI.

Para saber más entra aquí: bit.ly/3WJL79h 🔗",123,2,14,4,22.0K
2025-07-14 10:22:45,Interbank,"Mar 27, 2024","Este feriado largo tu #InterbankApp estará disponible 24/7 para todas tus operaciones, al igual que nuestra Banca por Internet. El sábado 30 atenderemos en horario regular. ✨",46,1,9,0,16.0K
2025-07-14 10:22:45,Interbank,"Mar 26, 2024","#OrgulloInterbank  
¡Somos top #2 de “Los Mejores Lugares para Trabajar para las Mujeres en Perú” por @GPTWPeru 💪 
¡El cambio es colectivo! 💚 Seguiremos impulsándolo a través de nuestros programas e iniciativas para promover un entorno equitativo, diverso e inclusivo.",7,2,9,0,10.0K
2025-07-14 10:22:45,Interbank,"Mar 21, 2024","#OrgulloInterbank compartir el reconocimiento como Líderes Empresariales por el Cambio (LEC) a tres de nuestros clientes de Banca Empresa 🇵🇪 que apostaron por la #innovación para el crecimiento de sus negocios. 
#PremiosLEC",2,0,8,0,5.0K
2025-07-14 10:22:45,Interbank,"Mar 13, 2024","Otorgamos una línea de #FinanciamientoVerde por US$6 millones a HVC Exportaciones, destinada a la compra de café con certificación sostenible, lo que garantiza un ecosistema de prácticas eco amigables. 💪🌎

Conoce más👉interbank.pe/financiamiento…
#Sostenibilidad #NegocioResponsable",20,1,6,0,6.0K
2025-07-14 10:22:45,Interbank,"Mar 8, 2024","#EsCompromisoDeTodosyTodas ¡Este #8M sigamos! Por más acciones que nos permitan construir igualdad de oportunidades. Conoce algunas de nuestras iniciativas para impulsar la equidad en 👉 interbank.pe/equidad
#8deMarzo #DíaInternacionalDeLaMujer #EsTiempoDeEquidad",14,3,7,0,5.0K
2025-07-14 11:18:04,Interbank,Apr 16,¡Este feriado largo sigamos conectados! 💚 Este 17 y 18 de abril realiza tus operaciones de forma digital a través de tu #InterbankAPP 📲,85,0,7,3,13.0K
2025-07-14 11:18:04,Interbank,Oct 7,"Recuerda 👀 durante este feriado no habrá atención en nuestras Tiendas Financieras. 
Todas tus operaciones podrás hacerlas desde nuestra Banca por Internet y desde tu #InterbankApp 📱",66,1,25,2,98.0K
2025-07-14 11:18:04,Interbank,Aug 29,"Este feriado, sigue gestionando tus operaciones de manera rápida y segura desde tu Interbank APP o a través de nuestra Banca por Internet. 📲💻

✨ ¡Te esperamos de vuelta el 31 de agosto! ✨",59,0,9,0,37.0K
2025-07-14 11:18:04,Interbank,Aug 5,"Este 06 de agosto, realiza todas tus operaciones de manera fácil y segura desde tu #Interbank APP o desde nuestra Banca por Internet. 📲🧑‍💻",21,0,3,0,30.0K
2025-07-14 11:18:04,Interbank,Jul 27,"Este 29 de julio, realiza todas tus operaciones de manera fácil y segura desde tu #InterbankApp📱o desde nuestra Banca por Internet.  💻

✨ Retomaremos nuestra atención regular, el martes 30 de julio. 💚",30,1,9,0,26.0K
2025-07-14 11:18:04,Interbank,Jul 22,"📢 Este martes 23 de julio, realiza todas tus operaciones de manera fácil y segura desde tu #InterbankAPP o nuestra Banca por Internet. 💻📱",8,0,5,1,21.0K
2025-07-14 11:18:04,Interbank,"Jun 6, 2024","👀Este feriado, puedes realizar tus operaciones desde casa en nuestros canales digitales 📲Nos reencontramos el sábado en nuestro horario regular.",96,1,7,1,17.0K
2025-07-14 11:18:04,Interbank,"May 4, 2024","👉 Encuentra aquí todo lo que necesitas saber sobre el retiro de la AFP. Si has decidido retirar, recuerda que el 20 de mayo empieza el registro de solicitudes según el último dígito de tu DNI.

Para saber más entra aquí: bit.ly/3WJL79h 🔗",123,2,14,4,22.0K
2025-07-14 11:18:04,Interbank,"Mar 27, 2024","Este feriado largo tu #InterbankApp estará disponible 24/7 para todas tus operaciones, al igual que nuestra Banca por Internet. El sábado 30 atenderemos en horario regular. ✨",46,1,9,0,16.0K
2025-07-14 11:18:04,Interbank,"Mar 26, 2024","#OrgulloInterbank  
¡Somos top #2 de “Los Mejores Lugares para Trabajar para las Mujeres en Perú” por @GPTWPeru 💪 
¡El cambio es colectivo! 💚 Seguiremos impulsándolo a través de nuestros programas e iniciativas para promover un entorno equitativo, diverso e inclusivo.",7,2,9,0,10.0K
2025-07-14 11:18:04,Interbank,"Mar 21, 2024","#OrgulloInterbank compartir el reconocimiento como Líderes Empresariales por el Cambio (LEC) a tres de nuestros clientes de Banca Empresa 🇵🇪 que apostaron por la #innovación para el crecimiento de sus negocios. 
#PremiosLEC",2,0,8,0,5.0K
2025-07-14 11:18:04,Interbank,"Mar 13, 2024","Otorgamos una línea de #FinanciamientoVerde por US$6 millones a HVC Exportaciones, destinada a la compra de café con certificación sostenible, lo que garantiza un ecosistema de prácticas eco amigables. 💪🌎

Conoce más👉interbank.pe/financiamiento…
#Sostenibilidad #NegocioResponsable",20,1,6,0,6.0K
2025-07-14 11:18:04,Interbank,"Mar 8, 2024","#EsCompromisoDeTodosyTodas ¡Este #8M sigamos! Por más acciones que nos permitan construir igualdad de oportunidades. Conoce algunas de nuestras iniciativas para impulsar la equidad en 👉 interbank.pe/equidad
#8deMarzo #DíaInternacionalDeLaMujer #EsTiempoDeEquidad",14,3,7,0,5.0K
2025-07-14 12:42:17,Interbank,Apr 16,¡Este feriado largo sigamos conectados! 💚 Este 17 y 18 de abril realiza tus operaciones de forma digital a través de tu #InterbankAPP 📲,85,0,7,3,13.0K
2025-07-14 12:42:17,Interbank,Oct 7,"Recuerda 👀 durante este feriado no habrá atención en nuestras Tiendas Financieras. 
Todas tus operaciones podrás hacerlas desde nuestra Banca por Internet y desde tu #InterbankApp 📱",66,1,25,2,98.0K
2025-07-14 12:42:17,Interbank,Aug 29,"Este feriado, sigue gestionando tus operaciones de manera rápida y segura desde tu Interbank APP o a través de nuestra Banca por Internet. 📲💻

✨ ¡Te esperamos de vuelta el 31 de agosto! ✨",59,0,9,0,37.0K
2025-07-14 12:42:17,Interbank,Aug 5,"Este 06 de agosto, realiza todas tus operaciones de manera fácil y segura desde tu #Interbank APP o desde nuestra Banca por Internet. 📲🧑‍💻",21,0,3,0,30.0K
2025-07-14 12:42:17,Interbank,Jul 27,"Este 29 de julio, realiza todas tus operaciones de manera fácil y segura desde tu #InterbankApp📱o desde nuestra Banca por Internet.  💻

✨ Retomaremos nuestra atención regular, el martes 30 de julio. 💚",30,1,9,0,26.0K
2025-07-14 12:42:17,Interbank,Jul 22,"📢 Este martes 23 de julio, realiza todas tus operaciones de manera fácil y segura desde tu #InterbankAPP o nuestra Banca por Internet. 💻📱",8,0,5,1,21.0K
2025-07-14 12:42:17,Interbank,"Jun 6, 2024","👀Este feriado, puedes realizar tus operaciones desde casa en nuestros canales digitales 📲Nos reencontramos el sábado en nuestro horario regular.",96,1,7,1,17.0K
2025-07-14 12:42:17,Interbank,"May 4, 2024","👉 Encuentra aquí todo lo que necesitas saber sobre el retiro de la AFP. Si has decidido retirar, recuerda que el 20 de mayo empieza el registro de solicitudes según el último dígito de tu DNI.

Para saber más entra aquí: bit.ly/3WJL79h 🔗",123,2,14,4,22.0K
2025-07-14 12:42:17,Interbank,"Mar 27, 2024","Este feriado largo tu #InterbankApp estará disponible 24/7 para todas tus operaciones, al igual que nuestra Banca por Internet. El sábado 30 atenderemos en horario regular. ✨",46,1,9,0,16.0K
2025-07-14 12:42:17,Interbank,"Mar 26, 2024","#OrgulloInterbank  
¡Somos top #2 de “Los Mejores Lugares para Trabajar para las Mujeres en Perú” por @GPTWPeru 💪 
¡El cambio es colectivo! 💚 Seguiremos impulsándolo a través de nuestros programas e iniciativas para promover un entorno equitativo, diverso e inclusivo.",7,2,9,0,10.0K
2025-07-14 12:42:17,Interbank,"Mar 21, 2024","#OrgulloInterbank compartir el reconocimiento como Líderes Empresariales por el Cambio (LEC) a tres de nuestros clientes de Banca Empresa 🇵🇪 que apostaron por la #innovación para el crecimiento de sus negocios. 
#PremiosLEC",2,0,8,0,5.0K
2025-07-14 12:42:17,Interbank,"Mar 13, 2024","Otorgamos una línea de #FinanciamientoVerde por US$6 millones a HVC Exportaciones, destinada a la compra de café con certificación sostenible, lo que garantiza un ecosistema de prácticas eco amigables. 💪🌎

Conoce más👉interbank.pe/financiamiento…
#Sostenibilidad #NegocioResponsable",20,1,6,0,6.0K
2025-07-14 12:42:17,Interbank,"Mar 8, 2024","#EsCompromisoDeTodosyTodas ¡Este #8M sigamos! Por más acciones que nos permitan construir igualdad de oportunidades. Conoce algunas de nuestras iniciativas para impulsar la equidad en 👉 interbank.pe/equidad
#8deMarzo #DíaInternacionalDeLaMujer #EsTiempoDeEquidad",14,3,7,0,5.0K
2025-07-14 13:36:03,Interbank,Apr 16,¡Este feriado largo sigamos conectados! 💚 Este 17 y 18 de abril realiza tus operaciones de forma digital a través de tu #InterbankAPP 📲,85,0,7,3,13.0K
2025-07-14 13:36:03,Interbank,Oct 7,"Recuerda 👀 durante este feriado no habrá atención en nuestras Tiendas Financieras. 
Todas tus operaciones podrás hacerlas desde nuestra Banca por Internet y desde tu #InterbankApp 📱",66,1,25,2,98.0K
2025-07-14 13:36:03,Interbank,Aug 29,"Este feriado, sigue gestionando tus operaciones de manera rápida y segura desde tu Interbank APP o a través de nuestra Banca por Internet. 📲💻

✨ ¡Te esperamos de vuelta el 31 de agosto! ✨",59,0,9,0,37.0K
2025-07-14 13:36:03,Interbank,Aug 5,"Este 06 de agosto, realiza todas tus operaciones de manera fácil y segura desde tu #Interbank APP o desde nuestra Banca por Internet. 📲🧑‍💻",21,0,3,0,30.0K
2025-07-14 13:36:03,Interbank,Jul 27,"Este 29 de julio, realiza todas tus operaciones de manera fácil y segura desde tu #InterbankApp📱o desde nuestra Banca por Internet.  💻

✨ Retomaremos nuestra atención regular, el martes 30 de julio. 💚",30,1,9,0,26.0K
2025-07-14 13:36:03,Interbank,Jul 22,"📢 Este martes 23 de julio, realiza todas tus operaciones de manera fácil y segura desde tu #InterbankAPP o nuestra Banca por Internet. 💻📱",8,0,5,1,21.0K
2025-07-14 13:36:03,Interbank,"Jun 6, 2024","👀Este feriado, puedes realizar tus operaciones desde casa en nuestros canales digitales 📲Nos reencontramos el sábado en nuestro horario regular.",96,1,7,1,17.0K
2025-07-14 13:36:03,Interbank,"May 4, 2024","👉 Encuentra aquí todo lo que necesitas saber sobre el retiro de la AFP. Si has decidido retirar, recuerda que el 20 de mayo empieza el registro de solicitudes según el último dígito de tu DNI.

Para saber más entra aquí: bit.ly/3WJL79h 🔗",123,2,14,4,22.0K
2025-07-14 13:36:03,Interbank,"Mar 27, 2024","Este feriado largo tu #InterbankApp estará disponible 24/7 para todas tus operaciones, al igual que nuestra Banca por Internet. El sábado 30 atenderemos en horario regular. ✨",46,1,9,0,16.0K
2025-07-14 13:36:03,Interbank,"Mar 26, 2024","#OrgulloInterbank  
¡Somos top #2 de “Los Mejores Lugares para Trabajar para las Mujeres en Perú” por @GPTWPeru 💪 
¡El cambio es colectivo! 💚 Seguiremos impulsándolo a través de nuestros programas e iniciativas para promover un entorno equitativo, diverso e inclusivo.",7,2,9,0,10.0K
2025-07-14 13:36:03,Interbank,"Mar 21, 2024","#OrgulloInterbank compartir el reconocimiento como Líderes Empresariales por el Cambio (LEC) a tres de nuestros clientes de Banca Empresa 🇵🇪 que apostaron por la #innovación para el crecimiento de sus negocios. 
#PremiosLEC",2,0,8,0,5.0K
2025-07-14 13:36:03,Interbank,"Mar 13, 2024","Otorgamos una línea de #FinanciamientoVerde por US$6 millones a HVC Exportaciones, destinada a la compra de café con certificación sostenible, lo que garantiza un ecosistema de prácticas eco amigables. 💪🌎

Conoce más👉interbank.pe/financiamiento…
#Sostenibilidad #NegocioResponsable",20,1,6,0,6.0K
2025-07-14 13:36:03,Interbank,"Mar 8, 2024","#EsCompromisoDeTodosyTodas ¡Este #8M sigamos! Por más acciones que nos permitan construir igualdad de oportunidades. Conoce algunas de nuestras iniciativas para impulsar la equidad en 👉 interbank.pe/equidad
#8deMarzo #DíaInternacionalDeLaMujer #EsTiempoDeEquidad",14,3,7,0,5.0K
2025-07-14 14:21:11,Interbank,Apr 16,¡Este feriado largo sigamos conectados! 💚 Este 17 y 18 de abril realiza tus operaciones de forma digital a través de tu #InterbankAPP 📲,85,0,7,3,13.0K
2025-07-14 14:21:11,Interbank,Oct 7,"Recuerda 👀 durante este feriado no habrá atención en nuestras Tiendas Financieras. 
Todas tus operaciones podrás hacerlas desde nuestra Banca por Internet y desde tu #InterbankApp 📱",66,1,25,2,98.0K
2025-07-14 14:21:11,Interbank,Aug 29,"Este feriado, sigue gestionando tus operaciones de manera rápida y segura desde tu Interbank APP o a través de nuestra Banca por Internet. 📲💻

✨ ¡Te esperamos de vuelta el 31 de agosto! ✨",59,0,9,0,37.0K
2025-07-14 14:21:11,Interbank,Aug 5,"Este 06 de agosto, realiza todas tus operaciones de manera fácil y segura desde tu #Interbank APP o desde nuestra Banca por Internet. 📲🧑‍💻",21,0,3,0,30.0K
2025-07-14 14:21:11,Interbank,Jul 27,"Este 29 de julio, realiza todas tus operaciones de manera fácil y segura desde tu #InterbankApp📱o desde nuestra Banca por Internet.  💻

✨ Retomaremos nuestra atención regular, el martes 30 de julio. 💚",30,1,9,0,26.0K
2025-07-14 14:21:11,Interbank,Jul 22,"📢 Este martes 23 de julio, realiza todas tus operaciones de manera fácil y segura desde tu #InterbankAPP o nuestra Banca por Internet. 💻📱",8,0,5,1,21.0K
2025-07-14 14:21:11,Interbank,"Jun 6, 2024","👀Este feriado, puedes realizar tus operaciones desde casa en nuestros canales digitales 📲Nos reencontramos el sábado en nuestro horario regular.",96,1,7,1,17.0K
2025-07-14 14:21:11,Interbank,"May 4, 2024","👉 Encuentra aquí todo lo que necesitas saber sobre el retiro de la AFP. Si has decidido retirar, recuerda que el 20 de mayo empieza el registro de solicitudes según el último dígito de tu DNI.

Para saber más entra aquí: bit.ly/3WJL79h 🔗",123,2,14,4,22.0K
2025-07-14 14:21:11,Interbank,"Mar 27, 2024","Este feriado largo tu #InterbankApp estará disponible 24/7 para todas tus operaciones, al igual que nuestra Banca por Internet. El sábado 30 atenderemos en horario regular. ✨",46,1,9,0,16.0K
2025-07-14 14:21:11,Interbank,"Mar 26, 2024","#OrgulloInterbank  
¡Somos top #2 de “Los Mejores Lugares para Trabajar para las Mujeres en Perú” por @GPTWPeru 💪 
¡El cambio es colectivo! 💚 Seguiremos impulsándolo a través de nuestros programas e iniciativas para promover un entorno equitativo, diverso e inclusivo.",7,2,9,0,10.0K
2025-07-14 14:21:11,Interbank,"Mar 21, 2024","#OrgulloInterbank compartir el reconocimiento como Líderes Empresariales por el Cambio (LEC) a tres de nuestros clientes de Banca Empresa 🇵🇪 que apostaron por la #innovación para el crecimiento de sus negocios. 
#PremiosLEC",2,0,8,0,5.0K
2025-07-14 14:21:11,Interbank,"Mar 13, 2024","Otorgamos una línea de #FinanciamientoVerde por US$6 millones a HVC Exportaciones, destinada a la compra de café con certificación sostenible, lo que garantiza un ecosistema de prácticas eco amigables. 💪🌎

Conoce más👉interbank.pe/financiamiento…
#Sostenibilidad #NegocioResponsable",20,1,6,0,6.0K
2025-07-14 14:21:11,Interbank,"Mar 8, 2024","#EsCompromisoDeTodosyTodas ¡Este #8M sigamos! Por más acciones que nos permitan construir igualdad de oportunidades. Conoce algunas de nuestras iniciativas para impulsar la equidad en 👉 interbank.pe/equidad
#8deMarzo #DíaInternacionalDeLaMujer #EsTiempoDeEquidad",14,3,7,0,5.0K
2025-07-14 15:22:29,Interbank,Apr 16,¡Este feriado largo sigamos conectados! 💚 Este 17 y 18 de abril realiza tus operaciones de forma digital a través de tu #InterbankAPP 📲,85,0,7,3,13.0K
2025-07-14 15:22:29,Interbank,Oct 7,"Recuerda 👀 durante este feriado no habrá atención en nuestras Tiendas Financieras. 
Todas tus operaciones podrás hacerlas desde nuestra Banca por Internet y desde tu #InterbankApp 📱",66,1,25,2,98.0K
2025-07-14 15:22:29,Interbank,Aug 29,"Este feriado, sigue gestionando tus operaciones de manera rápida y segura desde tu Interbank APP o a través de nuestra Banca por Internet. 📲💻

✨ ¡Te esperamos de vuelta el 31 de agosto! ✨",59,0,9,0,37.0K
2025-07-14 15:22:29,Interbank,Aug 5,"Este 06 de agosto, realiza todas tus operaciones de manera fácil y segura desde tu #Interbank APP o desde nuestra Banca por Internet. 📲🧑‍💻",21,0,3,0,30.0K
2025-07-14 15:22:29,Interbank,Jul 27,"Este 29 de julio, realiza todas tus operaciones de manera fácil y segura desde tu #InterbankApp📱o desde nuestra Banca por Internet.  💻

✨ Retomaremos nuestra atención regular, el martes 30 de julio. 💚",30,1,9,0,26.0K
2025-07-14 15:22:29,Interbank,Jul 22,"📢 Este martes 23 de julio, realiza todas tus operaciones de manera fácil y segura desde tu #InterbankAPP o nuestra Banca por Internet. 💻📱",8,0,5,1,21.0K
2025-07-14 15:22:29,Interbank,"Jun 6, 2024","👀Este feriado, puedes realizar tus operaciones desde casa en nuestros canales digitales 📲Nos reencontramos el sábado en nuestro horario regular.",96,1,7,1,17.0K
2025-07-14 15:22:29,Interbank,"May 4, 2024","👉 Encuentra aquí todo lo que necesitas saber sobre el retiro de la AFP. Si has decidido retirar, recuerda que el 20 de mayo empieza el registro de solicitudes según el último dígito de tu DNI.

Para saber más entra aquí: bit.ly/3WJL79h 🔗",123,2,14,4,22.0K
2025-07-14 15:22:29,Interbank,"Mar 27, 2024","Este feriado largo tu #InterbankApp estará disponible 24/7 para todas tus operaciones, al igual que nuestra Banca por Internet. El sábado 30 atenderemos en horario regular. ✨",46,1,9,0,16.0K
2025-07-14 15:22:29,Interbank,"Mar 26, 2024","#OrgulloInterbank  
¡Somos top #2 de “Los Mejores Lugares para Trabajar para las Mujeres en Perú” por @GPTWPeru 💪 
¡El cambio es colectivo! 💚 Seguiremos impulsándolo a través de nuestros programas e iniciativas para promover un entorno equitativo, diverso e inclusivo.",7,2,9,0,10.0K
2025-07-14 15:22:29,Interbank,"Mar 21, 2024","#OrgulloInterbank compartir el reconocimiento como Líderes Empresariales por el Cambio (LEC) a tres de nuestros clientes de Banca Empresa 🇵🇪 que apostaron por la #innovación para el crecimiento de sus negocios. 
#PremiosLEC",2,0,8,0,5.0K
2025-07-14 15:22:29,Interbank,"Mar 13, 2024","Otorgamos una línea de #FinanciamientoVerde por US$6 millones a HVC Exportaciones, destinada a la compra de café con certificación sostenible, lo que garantiza un ecosistema de prácticas eco amigables. 💪🌎

Conoce más👉interbank.pe/financiamiento…
#Sostenibilidad #NegocioResponsable",20,1,6,0,6.0K
2025-07-14 15:22:29,Interbank,"Mar 8, 2024","#EsCompromisoDeTodosyTodas ¡Este #8M sigamos! Por más acciones que nos permitan construir igualdad de oportunidades. Conoce algunas de nuestras iniciativas para impulsar la equidad en 👉 interbank.pe/equidad
#8deMarzo #DíaInternacionalDeLaMujer #EsTiempoDeEquidad",14,3,7,0,5.0K
2025-07-14 16:26:49,Interbank,Apr 16,¡Este feriado largo sigamos conectados! 💚 Este 17 y 18 de abril realiza tus operaciones de forma digital a través de tu #InterbankAPP 📲,85,0,7,3,13.0K
2025-07-14 16:26:49,Interbank,Oct 7,"Recuerda 👀 durante este feriado no habrá atención en nuestras Tiendas Financieras. 
Todas tus operaciones podrás hacerlas desde nuestra Banca por Internet y desde tu #InterbankApp 📱",66,1,25,2,98.0K
2025-07-14 16:26:49,Interbank,Aug 29,"Este feriado, sigue gestionando tus operaciones de manera rápida y segura desde tu Interbank APP o a través de nuestra Banca por Internet. 📲💻

✨ ¡Te esperamos de vuelta el 31 de agosto! ✨",59,0,9,0,37.0K
2025-07-14 16:26:49,Interbank,Aug 5,"Este 06 de agosto, realiza todas tus operaciones de manera fácil y segura desde tu #Interbank APP o desde nuestra Banca por Internet. 📲🧑‍💻",21,0,3,0,30.0K
2025-07-14 16:26:49,Interbank,Jul 27,"Este 29 de julio, realiza todas tus operaciones de manera fácil y segura desde tu #InterbankApp📱o desde nuestra Banca por Internet.  💻

✨ Retomaremos nuestra atención regular, el martes 30 de julio. 💚",30,1,9,0,26.0K
2025-07-14 16:26:49,Interbank,Jul 22,"📢 Este martes 23 de julio, realiza todas tus operaciones de manera fácil y segura desde tu #InterbankAPP o nuestra Banca por Internet. 💻📱",8,0,5,1,21.0K
2025-07-14 16:26:49,Interbank,"Jun 6, 2024","👀Este feriado, puedes realizar tus operaciones desde casa en nuestros canales digitales 📲Nos reencontramos el sábado en nuestro horario regular.",96,1,7,1,17.0K
2025-07-14 16:26:49,Interbank,"May 4, 2024","👉 Encuentra aquí todo lo que necesitas saber sobre el retiro de la AFP. Si has decidido retirar, recuerda que el 20 de mayo empieza el registro de solicitudes según el último dígito de tu DNI.

Para saber más entra aquí: bit.ly/3WJL79h 🔗",123,2,14,4,22.0K
2025-07-14 16:26:49,Interbank,"Mar 27, 2024","Este feriado largo tu #InterbankApp estará disponible 24/7 para todas tus operaciones, al igual que nuestra Banca por Internet. El sábado 30 atenderemos en horario regular. ✨",46,1,9,0,16.0K
2025-07-14 16:26:49,Interbank,"Mar 26, 2024","#OrgulloInterbank  
¡Somos top #2 de “Los Mejores Lugares para Trabajar para las Mujeres en Perú” por @GPTWPeru 💪 
¡El cambio es colectivo! 💚 Seguiremos impulsándolo a través de nuestros programas e iniciativas para promover un entorno equitativo, diverso e inclusivo.",7,2,9,0,10.0K
2025-07-14 16:26:49,Interbank,"Mar 21, 2024","#OrgulloInterbank compartir el reconocimiento como Líderes Empresariales por el Cambio (LEC) a tres de nuestros clientes de Banca Empresa 🇵🇪 que apostaron por la #innovación para el crecimiento de sus negocios. 
#PremiosLEC",2,0,8,0,5.0K
2025-07-14 16:26:49,Interbank,"Mar 13, 2024","Otorgamos una línea de #FinanciamientoVerde por US$6 millones a HVC Exportaciones, destinada a la compra de café con certificación sostenible, lo que garantiza un ecosistema de prácticas eco amigables. 💪🌎

Conoce más👉interbank.pe/financiamiento…
#Sostenibilidad #NegocioResponsable",20,1,6,0,6.0K
2025-07-14 16:26:49,Interbank,"Mar 8, 2024","#EsCompromisoDeTodosyTodas ¡Este #8M sigamos! Por más acciones que nos permitan construir igualdad de oportunidades. Conoce algunas de nuestras iniciativas para impulsar la equidad en 👉 interbank.pe/equidad
#8deMarzo #DíaInternacionalDeLaMujer #EsTiempoDeEquidad",14,3,7,0,5.0K
2025-07-14 17:19:20,Interbank,Apr 16,¡Este feriado largo sigamos conectados! 💚 Este 17 y 18 de abril realiza tus operaciones de forma digital a través de tu #InterbankAPP 📲,85,0,7,3,13.0K
2025-07-14 17:19:20,Interbank,Oct 7,"Recuerda 👀 durante este feriado no habrá atención en nuestras Tiendas Financieras. 
Todas tus operaciones podrás hacerlas desde nuestra Banca por Internet y desde tu #InterbankApp 📱",66,1,25,2,98.0K
2025-07-14 17:19:20,Interbank,Aug 29,"Este feriado, sigue gestionando tus operaciones de manera rápida y segura desde tu Interbank APP o a través de nuestra Banca por Internet. 📲💻

✨ ¡Te esperamos de vuelta el 31 de agosto! ✨",59,0,9,0,37.0K
2025-07-14 17:19:20,Interbank,Aug 5,"Este 06 de agosto, realiza todas tus operaciones de manera fácil y segura desde tu #Interbank APP o desde nuestra Banca por Internet. 📲🧑‍💻",21,0,3,0,30.0K
2025-07-14 17:19:20,Interbank,Jul 27,"Este 29 de julio, realiza todas tus operaciones de manera fácil y segura desde tu #InterbankApp📱o desde nuestra Banca por Internet.  💻

✨ Retomaremos nuestra atención regular, el martes 30 de julio. 💚",30,1,9,0,26.0K
2025-07-14 17:19:20,Interbank,Jul 22,"📢 Este martes 23 de julio, realiza todas tus operaciones de manera fácil y segura desde tu #InterbankAPP o nuestra Banca por Internet. 💻📱",8,0,5,1,21.0K
2025-07-14 17:19:20,Interbank,"Jun 6, 2024","👀Este feriado, puedes realizar tus operaciones desde casa en nuestros canales digitales 📲Nos reencontramos el sábado en nuestro horario regular.",96,1,7,1,17.0K
2025-07-14 17:19:20,Interbank,"May 4, 2024","👉 Encuentra aquí todo lo que necesitas saber sobre el retiro de la AFP. Si has decidido retirar, recuerda que el 20 de mayo empieza el registro de solicitudes según el último dígito de tu DNI.

Para saber más entra aquí: bit.ly/3WJL79h 🔗",123,2,14,4,22.0K
2025-07-14 17:19:20,Interbank,"Mar 27, 2024","Este feriado largo tu #InterbankApp estará disponible 24/7 para todas tus operaciones, al igual que nuestra Banca por Internet. El sábado 30 atenderemos en horario regular. ✨",46,1,9,0,16.0K
2025-07-14 17:19:20,Interbank,"Mar 26, 2024","#OrgulloInterbank  
¡Somos top #2 de “Los Mejores Lugares para Trabajar para las Mujeres en Perú” por @GPTWPeru 💪 
¡El cambio es colectivo! 💚 Seguiremos impulsándolo a través de nuestros programas e iniciativas para promover un entorno equitativo, diverso e inclusivo.",7,2,9,0,10.0K
2025-07-14 17:19:20,Interbank,"Mar 21, 2024","#OrgulloInterbank compartir el reconocimiento como Líderes Empresariales por el Cambio (LEC) a tres de nuestros clientes de Banca Empresa 🇵🇪 que apostaron por la #innovación para el crecimiento de sus negocios. 
#PremiosLEC",2,0,8,0,5.0K
2025-07-14 17:19:20,Interbank,"Mar 13, 2024","Otorgamos una línea de #FinanciamientoVerde por US$6 millones a HVC Exportaciones, destinada a la compra de café con certificación sostenible, lo que garantiza un ecosistema de prácticas eco amigables. 💪🌎

Conoce más👉interbank.pe/financiamiento…
#Sostenibilidad #NegocioResponsable",20,1,6,0,6.0K
2025-07-14 17:19:20,Interbank,"Mar 8, 2024","#EsCompromisoDeTodosyTodas ¡Este #8M sigamos! Por más acciones que nos permitan construir igualdad de oportunidades. Conoce algunas de nuestras iniciativas para impulsar la equidad en 👉 interbank.pe/equidad
#8deMarzo #DíaInternacionalDeLaMujer #EsTiempoDeEquidad",14,3,7,0,5.0K
2025-07-14 18:31:11,Interbank,Apr 16,¡Este feriado largo sigamos conectados! 💚 Este 17 y 18 de abril realiza tus operaciones de forma digital a través de tu #InterbankAPP 📲,86,0,7,3,13.0K
2025-07-14 18:31:11,Interbank,Oct 7,"Recuerda 👀 durante este feriado no habrá atención en nuestras Tiendas Financieras. 
Todas tus operaciones podrás hacerlas desde nuestra Banca por Internet y desde tu #InterbankApp 📱",66,1,25,2,98.0K
2025-07-14 18:31:11,Interbank,Aug 29,"Este feriado, sigue gestionando tus operaciones de manera rápida y segura desde tu Interbank APP o a través de nuestra Banca por Internet. 📲💻

✨ ¡Te esperamos de vuelta el 31 de agosto! ✨",59,0,9,0,37.0K
2025-07-14 18:31:11,Interbank,Aug 5,"Este 06 de agosto, realiza todas tus operaciones de manera fácil y segura desde tu #Interbank APP o desde nuestra Banca por Internet. 📲🧑‍💻",21,0,3,0,30.0K
2025-07-14 18:31:11,Interbank,Jul 27,"Este 29 de julio, realiza todas tus operaciones de manera fácil y segura desde tu #InterbankApp📱o desde nuestra Banca por Internet.  💻

✨ Retomaremos nuestra atención regular, el martes 30 de julio. 💚",30,1,9,0,26.0K
2025-07-14 18:31:11,Interbank,Jul 22,"📢 Este martes 23 de julio, realiza todas tus operaciones de manera fácil y segura desde tu #InterbankAPP o nuestra Banca por Internet. 💻📱",8,0,5,1,21.0K
2025-07-14 18:31:11,Interbank,"Jun 6, 2024","👀Este feriado, puedes realizar tus operaciones desde casa en nuestros canales digitales 📲Nos reencontramos el sábado en nuestro horario regular.",96,1,7,1,17.0K
2025-07-14 18:31:11,Interbank,"May 4, 2024","👉 Encuentra aquí todo lo que necesitas saber sobre el retiro de la AFP. Si has decidido retirar, recuerda que el 20 de mayo empieza el registro de solicitudes según el último dígito de tu DNI.

Para saber más entra aquí: bit.ly/3WJL79h 🔗",123,2,14,4,22.0K
2025-07-14 18:31:11,Interbank,"Mar 27, 2024","Este feriado largo tu #InterbankApp estará disponible 24/7 para todas tus operaciones, al igual que nuestra Banca por Internet. El sábado 30 atenderemos en horario regular. ✨",46,1,9,0,16.0K
2025-07-14 18:31:11,Interbank,"Mar 26, 2024","#OrgulloInterbank  
¡Somos top #2 de “Los Mejores Lugares para Trabajar para las Mujeres en Perú” por @GPTWPeru 💪 
¡El cambio es colectivo! 💚 Seguiremos impulsándolo a través de nuestros programas e iniciativas para promover un entorno equitativo, diverso e inclusivo.",7,2,9,0,10.0K
2025-07-14 18:31:11,Interbank,"Mar 21, 2024","#OrgulloInterbank compartir el reconocimiento como Líderes Empresariales por el Cambio (LEC) a tres de nuestros clientes de Banca Empresa 🇵🇪 que apostaron por la #innovación para el crecimiento de sus negocios. 
#PremiosLEC",2,0,8,0,5.0K
2025-07-14 18:31:11,Interbank,"Mar 13, 2024","Otorgamos una línea de #FinanciamientoVerde por US$6 millones a HVC Exportaciones, destinada a la compra de café con certificación sostenible, lo que garantiza un ecosistema de prácticas eco amigables. 💪🌎

Conoce más👉interbank.pe/financiamiento…
#Sostenibilidad #NegocioResponsable",20,1,6,0,6.0K
2025-07-14 18:31:11,Interbank,"Mar 8, 2024","#EsCompromisoDeTodosyTodas ¡Este #8M sigamos! Por más acciones que nos permitan construir igualdad de oportunidades. Conoce algunas de nuestras iniciativas para impulsar la equidad en 👉 interbank.pe/equidad
#8deMarzo #DíaInternacionalDeLaMujer #EsTiempoDeEquidad",14,3,7,0,5.0K
2025-07-14 19:15:45,Interbank,Apr 16,¡Este feriado largo sigamos conectados! 💚 Este 17 y 18 de abril realiza tus operaciones de forma digital a través de tu #InterbankAPP 📲,86,0,7,3,13.0K
2025-07-14 19:15:45,Interbank,Oct 7,"Recuerda 👀 durante este feriado no habrá atención en nuestras Tiendas Financieras. 
Todas tus operaciones podrás hacerlas desde nuestra Banca por Internet y desde tu #InterbankApp 📱",66,1,25,2,98.0K
2025-07-14 19:15:45,Interbank,Aug 29,"Este feriado, sigue gestionando tus operaciones de manera rápida y segura desde tu Interbank APP o a través de nuestra Banca por Internet. 📲💻

✨ ¡Te esperamos de vuelta el 31 de agosto! ✨",59,0,9,0,37.0K
2025-07-14 19:15:45,Interbank,Aug 5,"Este 06 de agosto, realiza todas tus operaciones de manera fácil y segura desde tu #Interbank APP o desde nuestra Banca por Internet. 📲🧑‍💻",21,0,3,0,30.0K
2025-07-14 19:15:45,Interbank,Jul 27,"Este 29 de julio, realiza todas tus operaciones de manera fácil y segura desde tu #InterbankApp📱o desde nuestra Banca por Internet.  💻

✨ Retomaremos nuestra atención regular, el martes 30 de julio. 💚",30,1,9,0,26.0K
2025-07-14 19:15:45,Interbank,Jul 22,"📢 Este martes 23 de julio, realiza todas tus operaciones de manera fácil y segura desde tu #InterbankAPP o nuestra Banca por Internet. 💻📱",8,0,5,1,21.0K
2025-07-14 19:15:45,Interbank,"Jun 6, 2024","👀Este feriado, puedes realizar tus operaciones desde casa en nuestros canales digitales 📲Nos reencontramos el sábado en nuestro horario regular.",96,1,7,1,17.0K
2025-07-14 19:15:45,Interbank,"May 4, 2024","👉 Encuentra aquí todo lo que necesitas saber sobre el retiro de la AFP. Si has decidido retirar, recuerda que el 20 de mayo empieza el registro de solicitudes según el último dígito de tu DNI.

Para saber más entra aquí: bit.ly/3WJL79h 🔗",123,2,14,4,22.0K
2025-07-14 19:15:45,Interbank,"Mar 27, 2024","Este feriado largo tu #InterbankApp estará disponible 24/7 para todas tus operaciones, al igual que nuestra Banca por Internet. El sábado 30 atenderemos en horario regular. ✨",46,1,9,0,16.0K
2025-07-14 19:15:45,Interbank,"Mar 26, 2024","#OrgulloInterbank  
¡Somos top #2 de “Los Mejores Lugares para Trabajar para las Mujeres en Perú” por @GPTWPeru 💪 
¡El cambio es colectivo! 💚 Seguiremos impulsándolo a través de nuestros programas e iniciativas para promover un entorno equitativo, diverso e inclusivo.",7,2,9,0,10.0K
2025-07-14 19:15:45,Interbank,"Mar 21, 2024","#OrgulloInterbank compartir el reconocimiento como Líderes Empresariales por el Cambio (LEC) a tres de nuestros clientes de Banca Empresa 🇵🇪 que apostaron por la #innovación para el crecimiento de sus negocios. 
#PremiosLEC",2,0,8,0,5.0K
2025-07-14 19:15:45,Interbank,"Mar 13, 2024","Otorgamos una línea de #FinanciamientoVerde por US$6 millones a HVC Exportaciones, destinada a la compra de café con certificación sostenible, lo que garantiza un ecosistema de prácticas eco amigables. 💪🌎

Conoce más👉interbank.pe/financiamiento…
#Sostenibilidad #NegocioResponsable",20,1,6,0,6.0K
2025-07-14 19:15:45,Interbank,"Mar 8, 2024","#EsCompromisoDeTodosyTodas ¡Este #8M sigamos! Por más acciones que nos permitan construir igualdad de oportunidades. Conoce algunas de nuestras iniciativas para impulsar la equidad en 👉 interbank.pe/equidad
#8deMarzo #DíaInternacionalDeLaMujer #EsTiempoDeEquidad",14,3,7,0,5.0K
2025-07-14 20:23:01,Interbank,Apr 16,¡Este feriado largo sigamos conectados! 💚 Este 17 y 18 de abril realiza tus operaciones de forma digital a través de tu #InterbankAPP 📲,86,0,7,3,13.0K
2025-07-14 20:23:01,Interbank,Oct 7,"Recuerda 👀 durante este feriado no habrá atención en nuestras Tiendas Financieras. 
Todas tus operaciones podrás hacerlas desde nuestra Banca por Internet y desde tu #InterbankApp 📱",66,1,25,2,98.0K
2025-07-14 20:23:01,Interbank,Aug 29,"Este feriado, sigue gestionando tus operaciones de manera rápida y segura desde tu Interbank APP o a través de nuestra Banca por Internet. 📲💻

✨ ¡Te esperamos de vuelta el 31 de agosto! ✨",59,0,9,0,37.0K
2025-07-14 20:23:01,Interbank,Aug 5,"Este 06 de agosto, realiza todas tus operaciones de manera fácil y segura desde tu #Interbank APP o desde nuestra Banca por Internet. 📲🧑‍💻",21,0,3,0,30.0K
2025-07-14 20:23:01,Interbank,Jul 27,"Este 29 de julio, realiza todas tus operaciones de manera fácil y segura desde tu #InterbankApp📱o desde nuestra Banca por Internet.  💻

✨ Retomaremos nuestra atención regular, el martes 30 de julio. 💚",30,1,9,0,26.0K
2025-07-14 20:23:01,Interbank,Jul 22,"📢 Este martes 23 de julio, realiza todas tus operaciones de manera fácil y segura desde tu #InterbankAPP o nuestra Banca por Internet. 💻📱",8,0,5,1,21.0K
2025-07-14 20:23:01,Interbank,"Jun 6, 2024","👀Este feriado, puedes realizar tus operaciones desde casa en nuestros canales digitales 📲Nos reencontramos el sábado en nuestro horario regular.",96,1,7,1,17.0K
2025-07-14 20:23:01,Interbank,"May 4, 2024","👉 Encuentra aquí todo lo que necesitas saber sobre el retiro de la AFP. Si has decidido retirar, recuerda que el 20 de mayo empieza el registro de solicitudes según el último dígito de tu DNI.

Para saber más entra aquí: bit.ly/3WJL79h 🔗",123,2,14,4,22.0K
2025-07-14 20:23:01,Interbank,"Mar 27, 2024","Este feriado largo tu #InterbankApp estará disponible 24/7 para todas tus operaciones, al igual que nuestra Banca por Internet. El sábado 30 atenderemos en horario regular. ✨",46,1,9,0,16.0K
2025-07-14 20:23:01,Interbank,"Mar 26, 2024","#OrgulloInterbank  
¡Somos top #2 de “Los Mejores Lugares para Trabajar para las Mujeres en Perú” por @GPTWPeru 💪 
¡El cambio es colectivo! 💚 Seguiremos impulsándolo a través de nuestros programas e iniciativas para promover un entorno equitativo, diverso e inclusivo.",7,2,9,0,10.0K
2025-07-14 20:23:01,Interbank,"Mar 21, 2024","#OrgulloInterbank compartir el reconocimiento como Líderes Empresariales por el Cambio (LEC) a tres de nuestros clientes de Banca Empresa 🇵🇪 que apostaron por la #innovación para el crecimiento de sus negocios. 
#PremiosLEC",2,0,8,0,5.0K
2025-07-14 20:23:01,Interbank,"Mar 13, 2024","Otorgamos una línea de #FinanciamientoVerde por US$6 millones a HVC Exportaciones, destinada a la compra de café con certificación sostenible, lo que garantiza un ecosistema de prácticas eco amigables. 💪🌎

Conoce más👉interbank.pe/financiamiento…
#Sostenibilidad #NegocioResponsable",20,1,6,0,6.0K
2025-07-14 20:23:01,Interbank,"Mar 8, 2024","#EsCompromisoDeTodosyTodas ¡Este #8M sigamos! Por más acciones que nos permitan construir igualdad de oportunidades. Conoce algunas de nuestras iniciativas para impulsar la equidad en 👉 interbank.pe/equidad
#8deMarzo #DíaInternacionalDeLaMujer #EsTiempoDeEquidad",14,3,7,0,5.0K
2025-07-14 21:19:49,Interbank,Apr 16,¡Este feriado largo sigamos conectados! 💚 Este 17 y 18 de abril realiza tus operaciones de forma digital a través de tu #InterbankAPP 📲,86,0,7,3,13.0K
2025-07-14 21:19:49,Interbank,Oct 7,"Recuerda 👀 durante este feriado no habrá atención en nuestras Tiendas Financieras. 
Todas tus operaciones podrás hacerlas desde nuestra Banca por Internet y desde tu #InterbankApp 📱",66,1,25,2,98.0K
2025-07-14 21:19:49,Interbank,Aug 29,"Este feriado, sigue gestionando tus operaciones de manera rápida y segura desde tu Interbank APP o a través de nuestra Banca por Internet. 📲💻

✨ ¡Te esperamos de vuelta el 31 de agosto! ✨",59,0,9,0,37.0K
2025-07-14 21:19:49,Interbank,Aug 5,"Este 06 de agosto, realiza todas tus operaciones de manera fácil y segura desde tu #Interbank APP o desde nuestra Banca por Internet. 📲🧑‍💻",21,0,3,0,30.0K
2025-07-14 21:19:49,Interbank,Jul 27,"Este 29 de julio, realiza todas tus operaciones de manera fácil y segura desde tu #InterbankApp📱o desde nuestra Banca por Internet.  💻

✨ Retomaremos nuestra atención regular, el martes 30 de julio. 💚",30,1,9,0,26.0K
2025-07-14 21:19:49,Interbank,Jul 22,"📢 Este martes 23 de julio, realiza todas tus operaciones de manera fácil y segura desde tu #InterbankAPP o nuestra Banca por Internet. 💻📱",8,0,5,1,21.0K
2025-07-14 21:19:49,Interbank,"Jun 6, 2024","👀Este feriado, puedes realizar tus operaciones desde casa en nuestros canales digitales 📲Nos reencontramos el sábado en nuestro horario regular.",96,1,7,1,17.0K
2025-07-14 21:19:49,Interbank,"May 4, 2024","👉 Encuentra aquí todo lo que necesitas saber sobre el retiro de la AFP. Si has decidido retirar, recuerda que el 20 de mayo empieza el registro de solicitudes según el último dígito de tu DNI.

Para saber más entra aquí: bit.ly/3WJL79h 🔗",123,2,14,4,22.0K
2025-07-14 21:19:49,Interbank,"Mar 27, 2024","Este feriado largo tu #InterbankApp estará disponible 24/7 para todas tus operaciones, al igual que nuestra Banca por Internet. El sábado 30 atenderemos en horario regular. ✨",46,1,9,0,16.0K
2025-07-14 21:19:49,Interbank,"Mar 26, 2024","#OrgulloInterbank  
¡Somos top #2 de “Los Mejores Lugares para Trabajar para las Mujeres en Perú” por @GPTWPeru 💪 
¡El cambio es colectivo! 💚 Seguiremos impulsándolo a través de nuestros programas e iniciativas para promover un entorno equitativo, diverso e inclusivo.",7,2,9,0,10.0K
2025-07-14 21:19:49,Interbank,"Mar 21, 2024","#OrgulloInterbank compartir el reconocimiento como Líderes Empresariales por el Cambio (LEC) a tres de nuestros clientes de Banca Empresa 🇵🇪 que apostaron por la #innovación para el crecimiento de sus negocios. 
#PremiosLEC",2,0,8,0,5.0K
2025-07-14 21:19:49,Interbank,"Mar 13, 2024","Otorgamos una línea de #FinanciamientoVerde por US$6 millones a HVC Exportaciones, destinada a la compra de café con certificación sostenible, lo que garantiza un ecosistema de prácticas eco amigables. 💪🌎

Conoce más👉interbank.pe/financiamiento…
#Sostenibilidad #NegocioResponsable",20,1,6,0,6.0K
2025-07-14 21:19:49,Interbank,"Mar 8, 2024","#EsCompromisoDeTodosyTodas ¡Este #8M sigamos! Por más acciones que nos permitan construir igualdad de oportunidades. Conoce algunas de nuestras iniciativas para impulsar la equidad en 👉 interbank.pe/equidad
#8deMarzo #DíaInternacionalDeLaMujer #EsTiempoDeEquidad",14,3,7,0,5.0K
2025-07-14 22:19:39,Interbank,Apr 16,¡Este feriado largo sigamos conectados! 💚 Este 17 y 18 de abril realiza tus operaciones de forma digital a través de tu #InterbankAPP 📲,86,0,7,3,13.0K
2025-07-14 22:19:39,Interbank,Oct 7,"Recuerda 👀 durante este feriado no habrá atención en nuestras Tiendas Financieras. 
Todas tus operaciones podrás hacerlas desde nuestra Banca por Internet y desde tu #InterbankApp 📱",66,1,25,2,98.0K
2025-07-14 22:19:39,Interbank,Aug 29,"Este feriado, sigue gestionando tus operaciones de manera rápida y segura desde tu Interbank APP o a través de nuestra Banca por Internet. 📲💻

✨ ¡Te esperamos de vuelta el 31 de agosto! ✨",59,0,9,0,37.0K
2025-07-14 22:19:39,Interbank,Aug 5,"Este 06 de agosto, realiza todas tus operaciones de manera fácil y segura desde tu #Interbank APP o desde nuestra Banca por Internet. 📲🧑‍💻",21,0,3,0,30.0K
2025-07-14 22:19:39,Interbank,Jul 27,"Este 29 de julio, realiza todas tus operaciones de manera fácil y segura desde tu #InterbankApp📱o desde nuestra Banca por Internet.  💻

✨ Retomaremos nuestra atención regular, el martes 30 de julio. 💚",30,1,9,0,26.0K
2025-07-14 22:19:39,Interbank,Jul 22,"📢 Este martes 23 de julio, realiza todas tus operaciones de manera fácil y segura desde tu #InterbankAPP o nuestra Banca por Internet. 💻📱",8,0,5,1,21.0K
2025-07-14 22:19:39,Interbank,"Jun 6, 2024","👀Este feriado, puedes realizar tus operaciones desde casa en nuestros canales digitales 📲Nos reencontramos el sábado en nuestro horario regular.",96,1,7,1,17.0K
2025-07-14 22:19:39,Interbank,"May 4, 2024","👉 Encuentra aquí todo lo que necesitas saber sobre el retiro de la AFP. Si has decidido retirar, recuerda que el 20 de mayo empieza el registro de solicitudes según el último dígito de tu DNI.

Para saber más entra aquí: bit.ly/3WJL79h 🔗",123,2,14,4,22.0K
2025-07-14 22:19:39,Interbank,"Mar 27, 2024","Este feriado largo tu #InterbankApp estará disponible 24/7 para todas tus operaciones, al igual que nuestra Banca por Internet. El sábado 30 atenderemos en horario regular. ✨",46,1,9,0,16.0K
2025-07-14 22:19:39,Interbank,"Mar 26, 2024","#OrgulloInterbank  
¡Somos top #2 de “Los Mejores Lugares para Trabajar para las Mujeres en Perú” por @GPTWPeru 💪 
¡El cambio es colectivo! 💚 Seguiremos impulsándolo a través de nuestros programas e iniciativas para promover un entorno equitativo, diverso e inclusivo.",7,2,9,0,10.0K
2025-07-14 22:19:39,Interbank,"Mar 21, 2024","#OrgulloInterbank compartir el reconocimiento como Líderes Empresariales por el Cambio (LEC) a tres de nuestros clientes de Banca Empresa 🇵🇪 que apostaron por la #innovación para el crecimiento de sus negocios. 
#PremiosLEC",2,0,8,0,5.0K
2025-07-14 22:19:39,Interbank,"Mar 13, 2024","Otorgamos una línea de #FinanciamientoVerde por US$6 millones a HVC Exportaciones, destinada a la compra de café con certificación sostenible, lo que garantiza un ecosistema de prácticas eco amigables. 💪🌎

Conoce más👉interbank.pe/financiamiento…
#Sostenibilidad #NegocioResponsable",20,1,6,0,6.0K
2025-07-14 22:19:39,Interbank,"Mar 8, 2024","#EsCompromisoDeTodosyTodas ¡Este #8M sigamos! Por más acciones que nos permitan construir igualdad de oportunidades. Conoce algunas de nuestras iniciativas para impulsar la equidad en 👉 interbank.pe/equidad
#8deMarzo #DíaInternacionalDeLaMujer #EsTiempoDeEquidad",14,3,7,0,5.0K
2025-07-14 23:19:39,Interbank,Apr 16,¡Este feriado largo sigamos conectados! 💚 Este 17 y 18 de abril realiza tus operaciones de forma digital a través de tu #InterbankAPP 📲,86,0,7,3,13.0K
2025-07-14 23:19:39,Interbank,Oct 7,"Recuerda 👀 durante este feriado no habrá atención en nuestras Tiendas Financieras. 
Todas tus operaciones podrás hacerlas desde nuestra Banca por Internet y desde tu #InterbankApp 📱",66,1,25,2,98.0K
2025-07-14 23:19:39,Interbank,Aug 29,"Este feriado, sigue gestionando tus operaciones de manera rápida y segura desde tu Interbank APP o a través de nuestra Banca por Internet. 📲💻

✨ ¡Te esperamos de vuelta el 31 de agosto! ✨",59,0,9,0,37.0K
2025-07-14 23:19:39,Interbank,Aug 5,"Este 06 de agosto, realiza todas tus operaciones de manera fácil y segura desde tu #Interbank APP o desde nuestra Banca por Internet. 📲🧑‍💻",21,0,3,0,30.0K
2025-07-14 23:19:39,Interbank,Jul 27,"Este 29 de julio, realiza todas tus operaciones de manera fácil y segura desde tu #InterbankApp📱o desde nuestra Banca por Internet.  💻

✨ Retomaremos nuestra atención regular, el martes 30 de julio. 💚",30,1,9,0,26.0K
2025-07-14 23:19:39,Interbank,Jul 22,"📢 Este martes 23 de julio, realiza todas tus operaciones de manera fácil y segura desde tu #InterbankAPP o nuestra Banca por Internet. 💻📱",8,0,5,1,21.0K
2025-07-14 23:19:39,Interbank,"Jun 6, 2024","👀Este feriado, puedes realizar tus operaciones desde casa en nuestros canales digitales 📲Nos reencontramos el sábado en nuestro horario regular.",96,1,7,1,17.0K
2025-07-14 23:19:39,Interbank,"May 4, 2024","👉 Encuentra aquí todo lo que necesitas saber sobre el retiro de la AFP. Si has decidido retirar, recuerda que el 20 de mayo empieza el registro de solicitudes según el último dígito de tu DNI.

Para saber más entra aquí: bit.ly/3WJL79h 🔗",123,2,14,4,22.0K
2025-07-14 23:19:39,Interbank,"Mar 27, 2024","Este feriado largo tu #InterbankApp estará disponible 24/7 para todas tus operaciones, al igual que nuestra Banca por Internet. El sábado 30 atenderemos en horario regular. ✨",46,1,9,0,16.0K
2025-07-14 23:19:39,Interbank,"Mar 26, 2024","#OrgulloInterbank  
¡Somos top #2 de “Los Mejores Lugares para Trabajar para las Mujeres en Perú” por @GPTWPeru 💪 
¡El cambio es colectivo! 💚 Seguiremos impulsándolo a través de nuestros programas e iniciativas para promover un entorno equitativo, diverso e inclusivo.",7,2,9,0,10.0K
2025-07-14 23:19:39,Interbank,"Mar 21, 2024","#OrgulloInterbank compartir el reconocimiento como Líderes Empresariales por el Cambio (LEC) a tres de nuestros clientes de Banca Empresa 🇵🇪 que apostaron por la #innovación para el crecimiento de sus negocios. 
#PremiosLEC",2,0,8,0,5.0K
2025-07-14 23:19:39,Interbank,"Mar 13, 2024","Otorgamos una línea de #FinanciamientoVerde por US$6 millones a HVC Exportaciones, destinada a la compra de café con certificación sostenible, lo que garantiza un ecosistema de prácticas eco amigables. 💪🌎

Conoce más👉interbank.pe/financiamiento…
#Sostenibilidad #NegocioResponsable",20,1,6,0,6.0K
2025-07-14 23:19:39,Interbank,"Mar 8, 2024","#EsCompromisoDeTodosyTodas ¡Este #8M sigamos! Por más acciones que nos permitan construir igualdad de oportunidades. Conoce algunas de nuestras iniciativas para impulsar la equidad en 👉 interbank.pe/equidad
#8deMarzo #DíaInternacionalDeLaMujer #EsTiempoDeEquidad",14,3,7,0,5.0K
2025-07-15 01:48:47,Interbank,Apr 16,¡Este feriado largo sigamos conectados! 💚 Este 17 y 18 de abril realiza tus operaciones de forma digital a través de tu #InterbankAPP 📲,86,0,7,3,13.0K
2025-07-15 01:48:47,Interbank,Oct 7,"Recuerda 👀 durante este feriado no habrá atención en nuestras Tiendas Financieras. 
Todas tus operaciones podrás hacerlas desde nuestra Banca por Internet y desde tu #InterbankApp 📱",66,1,25,2,98.0K
2025-07-15 01:48:47,Interbank,Aug 29,"Este feriado, sigue gestionando tus operaciones de manera rápida y segura desde tu Interbank APP o a través de nuestra Banca por Internet. 📲💻

✨ ¡Te esperamos de vuelta el 31 de agosto! ✨",59,0,9,0,37.0K
2025-07-15 01:48:47,Interbank,Aug 5,"Este 06 de agosto, realiza todas tus operaciones de manera fácil y segura desde tu #Interbank APP o desde nuestra Banca por Internet. 📲🧑‍💻",21,0,3,0,30.0K
2025-07-15 01:48:47,Interbank,Jul 27,"Este 29 de julio, realiza todas tus operaciones de manera fácil y segura desde tu #InterbankApp📱o desde nuestra Banca por Internet.  💻

✨ Retomaremos nuestra atención regular, el martes 30 de julio. 💚",30,1,9,0,26.0K
2025-07-15 01:48:47,Interbank,Jul 22,"📢 Este martes 23 de julio, realiza todas tus operaciones de manera fácil y segura desde tu #InterbankAPP o nuestra Banca por Internet. 💻📱",8,0,5,1,21.0K
2025-07-15 01:48:47,Interbank,"Jun 6, 2024","👀Este feriado, puedes realizar tus operaciones desde casa en nuestros canales digitales 📲Nos reencontramos el sábado en nuestro horario regular.",96,1,7,1,17.0K
2025-07-15 01:48:47,Interbank,"May 4, 2024","👉 Encuentra aquí todo lo que necesitas saber sobre el retiro de la AFP. Si has decidido retirar, recuerda que el 20 de mayo empieza el registro de solicitudes según el último dígito de tu DNI.

Para saber más entra aquí: bit.ly/3WJL79h 🔗",123,2,14,4,22.0K
2025-07-15 01:48:47,Interbank,"Mar 27, 2024","Este feriado largo tu #InterbankApp estará disponible 24/7 para todas tus operaciones, al igual que nuestra Banca por Internet. El sábado 30 atenderemos en horario regular. ✨",46,1,9,0,16.0K
2025-07-15 01:48:47,Interbank,"Mar 26, 2024","#OrgulloInterbank  
¡Somos top #2 de “Los Mejores Lugares para Trabajar para las Mujeres en Perú” por @GPTWPeru 💪 
¡El cambio es colectivo! 💚 Seguiremos impulsándolo a través de nuestros programas e iniciativas para promover un entorno equitativo, diverso e inclusivo.",7,2,9,0,10.0K
2025-07-15 01:48:47,Interbank,"Mar 21, 2024","#OrgulloInterbank compartir el reconocimiento como Líderes Empresariales por el Cambio (LEC) a tres de nuestros clientes de Banca Empresa 🇵🇪 que apostaron por la #innovación para el crecimiento de sus negocios. 
#PremiosLEC",2,0,8,0,5.0K
2025-07-15 01:48:47,Interbank,"Mar 13, 2024","Otorgamos una línea de #FinanciamientoVerde por US$6 millones a HVC Exportaciones, destinada a la compra de café con certificación sostenible, lo que garantiza un ecosistema de prácticas eco amigables. 💪🌎

Conoce más👉interbank.pe/financiamiento…
#Sostenibilidad #NegocioResponsable",20,1,6,0,6.0K
2025-07-15 01:48:47,Interbank,"Mar 8, 2024","#EsCompromisoDeTodosyTodas ¡Este #8M sigamos! Por más acciones que nos permitan construir igualdad de oportunidades. Conoce algunas de nuestras iniciativas para impulsar la equidad en 👉 interbank.pe/equidad
#8deMarzo #DíaInternacionalDeLaMujer #EsTiempoDeEquidad",14,3,7,0,5.0K
2025-07-15 03:38:15,Interbank,Apr 16,¡Este feriado largo sigamos conectados! 💚 Este 17 y 18 de abril realiza tus operaciones de forma digital a través de tu #InterbankAPP 📲,86,0,7,3,13.0K
2025-07-15 03:38:15,Interbank,Oct 7,"Recuerda 👀 durante este feriado no habrá atención en nuestras Tiendas Financieras. 
Todas tus operaciones podrás hacerlas desde nuestra Banca por Internet y desde tu #InterbankApp 📱",66,1,25,2,98.0K
2025-07-15 03:38:15,Interbank,Aug 29,"Este feriado, sigue gestionando tus operaciones de manera rápida y segura desde tu Interbank APP o a través de nuestra Banca por Internet. 📲💻

✨ ¡Te esperamos de vuelta el 31 de agosto! ✨",59,0,9,0,37.0K
2025-07-15 03:38:15,Interbank,Aug 5,"Este 06 de agosto, realiza todas tus operaciones de manera fácil y segura desde tu #Interbank APP o desde nuestra Banca por Internet. 📲🧑‍💻",21,0,3,0,30.0K
2025-07-15 03:38:15,Interbank,Jul 27,"Este 29 de julio, realiza todas tus operaciones de manera fácil y segura desde tu #InterbankApp📱o desde nuestra Banca por Internet.  💻

✨ Retomaremos nuestra atención regular, el martes 30 de julio. 💚",30,1,9,0,26.0K
2025-07-15 03:38:15,Interbank,Jul 22,"📢 Este martes 23 de julio, realiza todas tus operaciones de manera fácil y segura desde tu #InterbankAPP o nuestra Banca por Internet. 💻📱",8,0,5,1,21.0K
2025-07-15 03:38:15,Interbank,"Jun 6, 2024","👀Este feriado, puedes realizar tus operaciones desde casa en nuestros canales digitales 📲Nos reencontramos el sábado en nuestro horario regular.",96,1,7,1,17.0K
2025-07-15 03:38:15,Interbank,"May 4, 2024","👉 Encuentra aquí todo lo que necesitas saber sobre el retiro de la AFP. Si has decidido retirar, recuerda que el 20 de mayo empieza el registro de solicitudes según el último dígito de tu DNI.

Para saber más entra aquí: bit.ly/3WJL79h 🔗",123,2,14,4,22.0K
2025-07-15 03:38:15,Interbank,"Mar 27, 2024","Este feriado largo tu #InterbankApp estará disponible 24/7 para todas tus operaciones, al igual que nuestra Banca por Internet. El sábado 30 atenderemos en horario regular. ✨",46,1,9,0,16.0K
2025-07-15 03:38:15,Interbank,"Mar 26, 2024","#OrgulloInterbank  
¡Somos top #2 de “Los Mejores Lugares para Trabajar para las Mujeres en Perú” por @GPTWPeru 💪 
¡El cambio es colectivo! 💚 Seguiremos impulsándolo a través de nuestros programas e iniciativas para promover un entorno equitativo, diverso e inclusivo.",7,2,9,0,10.0K
2025-07-15 03:38:15,Interbank,"Mar 21, 2024","#OrgulloInterbank compartir el reconocimiento como Líderes Empresariales por el Cambio (LEC) a tres de nuestros clientes de Banca Empresa 🇵🇪 que apostaron por la #innovación para el crecimiento de sus negocios. 
#PremiosLEC",2,0,8,0,5.0K
2025-07-15 03:38:15,Interbank,"Mar 13, 2024","Otorgamos una línea de #FinanciamientoVerde por US$6 millones a HVC Exportaciones, destinada a la compra de café con certificación sostenible, lo que garantiza un ecosistema de prácticas eco amigables. 💪🌎

Conoce más👉interbank.pe/financiamiento…
#Sostenibilidad #NegocioResponsable",20,1,6,0,6.0K
2025-07-15 03:38:15,Interbank,"Mar 8, 2024","#EsCompromisoDeTodosyTodas ¡Este #8M sigamos! Por más acciones que nos permitan construir igualdad de oportunidades. Conoce algunas de nuestras iniciativas para impulsar la equidad en 👉 interbank.pe/equidad
#8deMarzo #DíaInternacionalDeLaMujer #EsTiempoDeEquidad",14,3,7,0,5.0K
2025-07-15 04:38:47,Interbank,Apr 16,¡Este feriado largo sigamos conectados! 💚 Este 17 y 18 de abril realiza tus operaciones de forma digital a través de tu #InterbankAPP 📲,86,0,7,3,13.0K
2025-07-15 04:38:47,Interbank,Oct 7,"Recuerda 👀 durante este feriado no habrá atención en nuestras Tiendas Financieras. 
Todas tus operaciones podrás hacerlas desde nuestra Banca por Internet y desde tu #InterbankApp 📱",66,1,25,2,98.0K
2025-07-15 04:38:47,Interbank,Aug 29,"Este feriado, sigue gestionando tus operaciones de manera rápida y segura desde tu Interbank APP o a través de nuestra Banca por Internet. 📲💻

✨ ¡Te esperamos de vuelta el 31 de agosto! ✨",59,0,9,0,37.0K
2025-07-15 04:38:47,Interbank,Aug 5,"Este 06 de agosto, realiza todas tus operaciones de manera fácil y segura desde tu #Interbank APP o desde nuestra Banca por Internet. 📲🧑‍💻",21,0,3,0,30.0K
2025-07-15 04:38:47,Interbank,Jul 27,"Este 29 de julio, realiza todas tus operaciones de manera fácil y segura desde tu #InterbankApp📱o desde nuestra Banca por Internet.  💻

✨ Retomaremos nuestra atención regular, el martes 30 de julio. 💚",30,1,9,0,26.0K
2025-07-15 04:38:47,Interbank,Jul 22,"📢 Este martes 23 de julio, realiza todas tus operaciones de manera fácil y segura desde tu #InterbankAPP o nuestra Banca por Internet. 💻📱",8,0,5,1,21.0K
2025-07-15 04:38:47,Interbank,"Jun 6, 2024","👀Este feriado, puedes realizar tus operaciones desde casa en nuestros canales digitales 📲Nos reencontramos el sábado en nuestro horario regular.",96,1,7,1,17.0K
2025-07-15 04:38:47,Interbank,"May 4, 2024","👉 Encuentra aquí todo lo que necesitas saber sobre el retiro de la AFP. Si has decidido retirar, recuerda que el 20 de mayo empieza el registro de solicitudes según el último dígito de tu DNI.

Para saber más entra aquí: bit.ly/3WJL79h 🔗",123,2,14,4,22.0K
2025-07-15 04:38:47,Interbank,"Mar 27, 2024","Este feriado largo tu #InterbankApp estará disponible 24/7 para todas tus operaciones, al igual que nuestra Banca por Internet. El sábado 30 atenderemos en horario regular. ✨",46,1,9,0,16.0K
2025-07-15 04:38:47,Interbank,"Mar 26, 2024","#OrgulloInterbank  
¡Somos top #2 de “Los Mejores Lugares para Trabajar para las Mujeres en Perú” por @GPTWPeru 💪 
¡El cambio es colectivo! 💚 Seguiremos impulsándolo a través de nuestros programas e iniciativas para promover un entorno equitativo, diverso e inclusivo.",7,2,9,0,10.0K
2025-07-15 04:38:47,Interbank,"Mar 21, 2024","#OrgulloInterbank compartir el reconocimiento como Líderes Empresariales por el Cambio (LEC) a tres de nuestros clientes de Banca Empresa 🇵🇪 que apostaron por la #innovación para el crecimiento de sus negocios. 
#PremiosLEC",2,0,8,0,5.0K
2025-07-15 04:38:47,Interbank,"Mar 13, 2024","Otorgamos una línea de #FinanciamientoVerde por US$6 millones a HVC Exportaciones, destinada a la compra de café con certificación sostenible, lo que garantiza un ecosistema de prácticas eco amigables. 💪🌎

Conoce más👉interbank.pe/financiamiento…
#Sostenibilidad #NegocioResponsable",20,1,6,0,6.0K
2025-07-15 04:38:47,Interbank,"Mar 8, 2024","#EsCompromisoDeTodosyTodas ¡Este #8M sigamos! Por más acciones que nos permitan construir igualdad de oportunidades. Conoce algunas de nuestras iniciativas para impulsar la equidad en 👉 interbank.pe/equidad
#8deMarzo #DíaInternacionalDeLaMujer #EsTiempoDeEquidad",14,3,7,0,5.0K
2025-07-15 05:24:29,Interbank,Apr 16,¡Este feriado largo sigamos conectados! 💚 Este 17 y 18 de abril realiza tus operaciones de forma digital a través de tu #InterbankAPP 📲,86,0,7,3,13.0K
2025-07-15 05:24:29,Interbank,Oct 7,"Recuerda 👀 durante este feriado no habrá atención en nuestras Tiendas Financieras. 
Todas tus operaciones podrás hacerlas desde nuestra Banca por Internet y desde tu #InterbankApp 📱",66,1,25,2,98.0K
2025-07-15 05:24:29,Interbank,Aug 29,"Este feriado, sigue gestionando tus operaciones de manera rápida y segura desde tu Interbank APP o a través de nuestra Banca por Internet. 📲💻

✨ ¡Te esperamos de vuelta el 31 de agosto! ✨",59,0,9,0,37.0K
2025-07-15 05:24:29,Interbank,Aug 5,"Este 06 de agosto, realiza todas tus operaciones de manera fácil y segura desde tu #Interbank APP o desde nuestra Banca por Internet. 📲🧑‍💻",21,0,3,0,30.0K
2025-07-15 05:24:29,Interbank,Jul 27,"Este 29 de julio, realiza todas tus operaciones de manera fácil y segura desde tu #InterbankApp📱o desde nuestra Banca por Internet.  💻

✨ Retomaremos nuestra atención regular, el martes 30 de julio. 💚",30,1,9,0,26.0K
2025-07-15 05:24:29,Interbank,Jul 22,"📢 Este martes 23 de julio, realiza todas tus operaciones de manera fácil y segura desde tu #InterbankAPP o nuestra Banca por Internet. 💻📱",8,0,5,1,21.0K
2025-07-15 05:24:29,Interbank,"Jun 6, 2024","👀Este feriado, puedes realizar tus operaciones desde casa en nuestros canales digitales 📲Nos reencontramos el sábado en nuestro horario regular.",96,1,7,1,17.0K
2025-07-15 05:24:29,Interbank,"May 4, 2024","👉 Encuentra aquí todo lo que necesitas saber sobre el retiro de la AFP. Si has decidido retirar, recuerda que el 20 de mayo empieza el registro de solicitudes según el último dígito de tu DNI.

Para saber más entra aquí: bit.ly/3WJL79h 🔗",123,2,14,4,22.0K
2025-07-15 05:24:29,Interbank,"Mar 27, 2024","Este feriado largo tu #InterbankApp estará disponible 24/7 para todas tus operaciones, al igual que nuestra Banca por Internet. El sábado 30 atenderemos en horario regular. ✨",46,1,9,0,16.0K
2025-07-15 05:24:29,Interbank,"Mar 26, 2024","#OrgulloInterbank  
¡Somos top #2 de “Los Mejores Lugares para Trabajar para las Mujeres en Perú” por @GPTWPeru 💪 
¡El cambio es colectivo! 💚 Seguiremos impulsándolo a través de nuestros programas e iniciativas para promover un entorno equitativo, diverso e inclusivo.",7,2,9,0,10.0K
2025-07-15 05:24:29,Interbank,"Mar 21, 2024","#OrgulloInterbank compartir el reconocimiento como Líderes Empresariales por el Cambio (LEC) a tres de nuestros clientes de Banca Empresa 🇵🇪 que apostaron por la #innovación para el crecimiento de sus negocios. 
#PremiosLEC",2,0,8,0,5.0K
2025-07-15 05:24:29,Interbank,"Mar 13, 2024","Otorgamos una línea de #FinanciamientoVerde por US$6 millones a HVC Exportaciones, destinada a la compra de café con certificación sostenible, lo que garantiza un ecosistema de prácticas eco amigables. 💪🌎

Conoce más👉interbank.pe/financiamiento…
#Sostenibilidad #NegocioResponsable",20,1,6,0,6.0K
2025-07-15 05:24:29,Interbank,"Mar 8, 2024","#EsCompromisoDeTodosyTodas ¡Este #8M sigamos! Por más acciones que nos permitan construir igualdad de oportunidades. Conoce algunas de nuestras iniciativas para impulsar la equidad en 👉 interbank.pe/equidad
#8deMarzo #DíaInternacionalDeLaMujer #EsTiempoDeEquidad",14,3,7,0,5.0K
2025-07-15 06:31:55,Interbank,Apr 16,¡Este feriado largo sigamos conectados! 💚 Este 17 y 18 de abril realiza tus operaciones de forma digital a través de tu #InterbankAPP 📲,86,0,7,3,13.0K
2025-07-15 06:31:55,Interbank,Oct 7,"Recuerda 👀 durante este feriado no habrá atención en nuestras Tiendas Financieras. 
Todas tus operaciones podrás hacerlas desde nuestra Banca por Internet y desde tu #InterbankApp 📱",66,1,25,2,98.0K
2025-07-15 06:31:55,Interbank,Aug 29,"Este feriado, sigue gestionando tus operaciones de manera rápida y segura desde tu Interbank APP o a través de nuestra Banca por Internet. 📲💻

✨ ¡Te esperamos de vuelta el 31 de agosto! ✨",59,0,9,0,37.0K
2025-07-15 06:31:55,Interbank,Aug 5,"Este 06 de agosto, realiza todas tus operaciones de manera fácil y segura desde tu #Interbank APP o desde nuestra Banca por Internet. 📲🧑‍💻",21,0,3,0,30.0K
2025-07-15 06:31:55,Interbank,Jul 27,"Este 29 de julio, realiza todas tus operaciones de manera fácil y segura desde tu #InterbankApp📱o desde nuestra Banca por Internet.  💻

✨ Retomaremos nuestra atención regular, el martes 30 de julio. 💚",30,1,9,0,26.0K
2025-07-15 06:31:55,Interbank,Jul 22,"📢 Este martes 23 de julio, realiza todas tus operaciones de manera fácil y segura desde tu #InterbankAPP o nuestra Banca por Internet. 💻📱",8,0,5,1,21.0K
2025-07-15 06:31:55,Interbank,"Jun 6, 2024","👀Este feriado, puedes realizar tus operaciones desde casa en nuestros canales digitales 📲Nos reencontramos el sábado en nuestro horario regular.",96,1,7,1,17.0K
2025-07-15 06:31:55,Interbank,"May 4, 2024","👉 Encuentra aquí todo lo que necesitas saber sobre el retiro de la AFP. Si has decidido retirar, recuerda que el 20 de mayo empieza el registro de solicitudes según el último dígito de tu DNI.

Para saber más entra aquí: bit.ly/3WJL79h 🔗",123,2,14,4,22.0K
2025-07-15 06:31:55,Interbank,"Mar 27, 2024","Este feriado largo tu #InterbankApp estará disponible 24/7 para todas tus operaciones, al igual que nuestra Banca por Internet. El sábado 30 atenderemos en horario regular. ✨",46,1,9,0,16.0K
2025-07-15 06:31:55,Interbank,"Mar 26, 2024","#OrgulloInterbank  
¡Somos top #2 de “Los Mejores Lugares para Trabajar para las Mujeres en Perú” por @GPTWPeru 💪 
¡El cambio es colectivo! 💚 Seguiremos impulsándolo a través de nuestros programas e iniciativas para promover un entorno equitativo, diverso e inclusivo.",7,2,9,0,10.0K
2025-07-15 06:31:55,Interbank,"Mar 21, 2024","#OrgulloInterbank compartir el reconocimiento como Líderes Empresariales por el Cambio (LEC) a tres de nuestros clientes de Banca Empresa 🇵🇪 que apostaron por la #innovación para el crecimiento de sus negocios. 
#PremiosLEC",2,0,8,0,5.0K
2025-07-15 06:31:55,Interbank,"Mar 13, 2024","Otorgamos una línea de #FinanciamientoVerde por US$6 millones a HVC Exportaciones, destinada a la compra de café con certificación sostenible, lo que garantiza un ecosistema de prácticas eco amigables. 💪🌎

Conoce más👉interbank.pe/financiamiento…
#Sostenibilidad #NegocioResponsable",20,1,6,0,6.0K
2025-07-15 06:31:55,Interbank,"Mar 8, 2024","#EsCompromisoDeTodosyTodas ¡Este #8M sigamos! Por más acciones que nos permitan construir igualdad de oportunidades. Conoce algunas de nuestras iniciativas para impulsar la equidad en 👉 interbank.pe/equidad
#8deMarzo #DíaInternacionalDeLaMujer #EsTiempoDeEquidad",14,3,7,0,5.0K
2025-07-15 07:21:54,Interbank,Apr 16,¡Este feriado largo sigamos conectados! 💚 Este 17 y 18 de abril realiza tus operaciones de forma digital a través de tu #InterbankAPP 📲,86,0,7,3,13.0K
2025-07-15 07:21:54,Interbank,Oct 7,"Recuerda 👀 durante este feriado no habrá atención en nuestras Tiendas Financieras. 
Todas tus operaciones podrás hacerlas desde nuestra Banca por Internet y desde tu #InterbankApp 📱",66,1,25,2,98.0K
2025-07-15 07:21:54,Interbank,Aug 29,"Este feriado, sigue gestionando tus operaciones de manera rápida y segura desde tu Interbank APP o a través de nuestra Banca por Internet. 📲💻

✨ ¡Te esperamos de vuelta el 31 de agosto! ✨",59,0,9,0,37.0K
2025-07-15 07:21:54,Interbank,Aug 5,"Este 06 de agosto, realiza todas tus operaciones de manera fácil y segura desde tu #Interbank APP o desde nuestra Banca por Internet. 📲🧑‍💻",21,0,3,0,30.0K
2025-07-15 07:21:54,Interbank,Jul 27,"Este 29 de julio, realiza todas tus operaciones de manera fácil y segura desde tu #InterbankApp📱o desde nuestra Banca por Internet.  💻

✨ Retomaremos nuestra atención regular, el martes 30 de julio. 💚",30,1,9,0,26.0K
2025-07-15 07:21:54,Interbank,Jul 22,"📢 Este martes 23 de julio, realiza todas tus operaciones de manera fácil y segura desde tu #InterbankAPP o nuestra Banca por Internet. 💻📱",8,0,5,1,21.0K
2025-07-15 07:21:54,Interbank,"Jun 6, 2024","👀Este feriado, puedes realizar tus operaciones desde casa en nuestros canales digitales 📲Nos reencontramos el sábado en nuestro horario regular.",96,1,7,1,17.0K
2025-07-15 07:21:54,Interbank,"May 4, 2024","👉 Encuentra aquí todo lo que necesitas saber sobre el retiro de la AFP. Si has decidido retirar, recuerda que el 20 de mayo empieza el registro de solicitudes según el último dígito de tu DNI.

Para saber más entra aquí: bit.ly/3WJL79h 🔗",123,2,14,4,22.0K
2025-07-15 07:21:54,Interbank,"Mar 27, 2024","Este feriado largo tu #InterbankApp estará disponible 24/7 para todas tus operaciones, al igual que nuestra Banca por Internet. El sábado 30 atenderemos en horario regular. ✨",46,1,9,0,16.0K
2025-07-15 07:21:54,Interbank,"Mar 26, 2024","#OrgulloInterbank  
¡Somos top #2 de “Los Mejores Lugares para Trabajar para las Mujeres en Perú” por @GPTWPeru 💪 
¡El cambio es colectivo! 💚 Seguiremos impulsándolo a través de nuestros programas e iniciativas para promover un entorno equitativo, diverso e inclusivo.",7,2,9,0,10.0K
2025-07-15 07:21:54,Interbank,"Mar 21, 2024","#OrgulloInterbank compartir el reconocimiento como Líderes Empresariales por el Cambio (LEC) a tres de nuestros clientes de Banca Empresa 🇵🇪 que apostaron por la #innovación para el crecimiento de sus negocios. 
#PremiosLEC",2,0,8,0,5.0K
2025-07-15 07:21:54,Interbank,"Mar 13, 2024","Otorgamos una línea de #FinanciamientoVerde por US$6 millones a HVC Exportaciones, destinada a la compra de café con certificación sostenible, lo que garantiza un ecosistema de prácticas eco amigables. 💪🌎

Conoce más👉interbank.pe/financiamiento…
#Sostenibilidad #NegocioResponsable",20,1,6,0,6.0K
2025-07-15 07:21:54,Interbank,"Mar 8, 2024","#EsCompromisoDeTodosyTodas ¡Este #8M sigamos! Por más acciones que nos permitan construir igualdad de oportunidades. Conoce algunas de nuestras iniciativas para impulsar la equidad en 👉 interbank.pe/equidad
#8deMarzo #DíaInternacionalDeLaMujer #EsTiempoDeEquidad",14,3,7,0,5.0K
2025-07-15 08:28:19,Interbank,Apr 16,¡Este feriado largo sigamos conectados! 💚 Este 17 y 18 de abril realiza tus operaciones de forma digital a través de tu #InterbankAPP 📲,86,0,7,3,13.0K
2025-07-15 08:28:19,Interbank,Oct 7,"Recuerda 👀 durante este feriado no habrá atención en nuestras Tiendas Financieras. 
Todas tus operaciones podrás hacerlas desde nuestra Banca por Internet y desde tu #InterbankApp 📱",66,1,25,2,98.0K
2025-07-15 08:28:19,Interbank,Aug 29,"Este feriado, sigue gestionando tus operaciones de manera rápida y segura desde tu Interbank APP o a través de nuestra Banca por Internet. 📲💻

✨ ¡Te esperamos de vuelta el 31 de agosto! ✨",59,0,9,0,37.0K
2025-07-15 08:28:19,Interbank,Aug 5,"Este 06 de agosto, realiza todas tus operaciones de manera fácil y segura desde tu #Interbank APP o desde nuestra Banca por Internet. 📲🧑‍💻",21,0,3,0,30.0K
2025-07-15 08:28:19,Interbank,Jul 27,"Este 29 de julio, realiza todas tus operaciones de manera fácil y segura desde tu #InterbankApp📱o desde nuestra Banca por Internet.  💻

✨ Retomaremos nuestra atención regular, el martes 30 de julio. 💚",30,1,9,0,26.0K
2025-07-15 08:28:19,Interbank,Jul 22,"📢 Este martes 23 de julio, realiza todas tus operaciones de manera fácil y segura desde tu #InterbankAPP o nuestra Banca por Internet. 💻📱",8,0,5,1,21.0K
2025-07-15 08:28:19,Interbank,"Jun 6, 2024","👀Este feriado, puedes realizar tus operaciones desde casa en nuestros canales digitales 📲Nos reencontramos el sábado en nuestro horario regular.",96,1,7,1,17.0K
2025-07-15 08:28:19,Interbank,"May 4, 2024","👉 Encuentra aquí todo lo que necesitas saber sobre el retiro de la AFP. Si has decidido retirar, recuerda que el 20 de mayo empieza el registro de solicitudes según el último dígito de tu DNI.

Para saber más entra aquí: bit.ly/3WJL79h 🔗",123,2,14,4,22.0K
2025-07-15 08:28:19,Interbank,"Mar 27, 2024","Este feriado largo tu #InterbankApp estará disponible 24/7 para todas tus operaciones, al igual que nuestra Banca por Internet. El sábado 30 atenderemos en horario regular. ✨",46,1,9,0,16.0K
2025-07-15 08:28:19,Interbank,"Mar 26, 2024","#OrgulloInterbank  
¡Somos top #2 de “Los Mejores Lugares para Trabajar para las Mujeres en Perú” por @GPTWPeru 💪 
¡El cambio es colectivo! 💚 Seguiremos impulsándolo a través de nuestros programas e iniciativas para promover un entorno equitativo, diverso e inclusivo.",7,2,9,0,10.0K
2025-07-15 08:28:19,Interbank,"Mar 21, 2024","#OrgulloInterbank compartir el reconocimiento como Líderes Empresariales por el Cambio (LEC) a tres de nuestros clientes de Banca Empresa 🇵🇪 que apostaron por la #innovación para el crecimiento de sus negocios. 
#PremiosLEC",2,0,8,0,5.0K
2025-07-15 08:28:19,Interbank,"Mar 13, 2024","Otorgamos una línea de #FinanciamientoVerde por US$6 millones a HVC Exportaciones, destinada a la compra de café con certificación sostenible, lo que garantiza un ecosistema de prácticas eco amigables. 💪🌎

Conoce más👉interbank.pe/financiamiento…
#Sostenibilidad #NegocioResponsable",20,1,6,0,6.0K
2025-07-15 08:28:19,Interbank,"Mar 8, 2024","#EsCompromisoDeTodosyTodas ¡Este #8M sigamos! Por más acciones que nos permitan construir igualdad de oportunidades. Conoce algunas de nuestras iniciativas para impulsar la equidad en 👉 interbank.pe/equidad
#8deMarzo #DíaInternacionalDeLaMujer #EsTiempoDeEquidad",14,3,7,0,5.0K
2025-07-15 09:29:08,Interbank,Apr 16,¡Este feriado largo sigamos conectados! 💚 Este 17 y 18 de abril realiza tus operaciones de forma digital a través de tu #InterbankAPP 📲,86,0,7,3,13.0K
2025-07-15 09:29:08,Interbank,Oct 7,"Recuerda 👀 durante este feriado no habrá atención en nuestras Tiendas Financieras. 
Todas tus operaciones podrás hacerlas desde nuestra Banca por Internet y desde tu #InterbankApp 📱",66,1,25,2,98.0K
2025-07-15 09:29:08,Interbank,Aug 29,"Este feriado, sigue gestionando tus operaciones de manera rápida y segura desde tu Interbank APP o a través de nuestra Banca por Internet. 📲💻

✨ ¡Te esperamos de vuelta el 31 de agosto! ✨",59,0,9,0,37.0K
2025-07-15 09:29:08,Interbank,Aug 5,"Este 06 de agosto, realiza todas tus operaciones de manera fácil y segura desde tu #Interbank APP o desde nuestra Banca por Internet. 📲🧑‍💻",21,0,3,0,30.0K
2025-07-15 09:29:08,Interbank,Jul 27,"Este 29 de julio, realiza todas tus operaciones de manera fácil y segura desde tu #InterbankApp📱o desde nuestra Banca por Internet.  💻

✨ Retomaremos nuestra atención regular, el martes 30 de julio. 💚",30,1,9,0,26.0K
2025-07-15 09:29:08,Interbank,Jul 22,"📢 Este martes 23 de julio, realiza todas tus operaciones de manera fácil y segura desde tu #InterbankAPP o nuestra Banca por Internet. 💻📱",8,0,5,1,21.0K
2025-07-15 09:29:08,Interbank,"Jun 6, 2024","👀Este feriado, puedes realizar tus operaciones desde casa en nuestros canales digitales 📲Nos reencontramos el sábado en nuestro horario regular.",96,1,7,1,17.0K
2025-07-15 09:29:08,Interbank,"May 4, 2024","👉 Encuentra aquí todo lo que necesitas saber sobre el retiro de la AFP. Si has decidido retirar, recuerda que el 20 de mayo empieza el registro de solicitudes según el último dígito de tu DNI.

Para saber más entra aquí: bit.ly/3WJL79h 🔗",123,2,14,4,22.0K
2025-07-15 09:29:08,Interbank,"Mar 27, 2024","Este feriado largo tu #InterbankApp estará disponible 24/7 para todas tus operaciones, al igual que nuestra Banca por Internet. El sábado 30 atenderemos en horario regular. ✨",46,1,9,0,16.0K
2025-07-15 09:29:08,Interbank,"Mar 26, 2024","#OrgulloInterbank  
¡Somos top #2 de “Los Mejores Lugares para Trabajar para las Mujeres en Perú” por @GPTWPeru 💪 
¡El cambio es colectivo! 💚 Seguiremos impulsándolo a través de nuestros programas e iniciativas para promover un entorno equitativo, diverso e inclusivo.",7,2,9,0,10.0K
2025-07-15 09:29:08,Interbank,"Mar 21, 2024","#OrgulloInterbank compartir el reconocimiento como Líderes Empresariales por el Cambio (LEC) a tres de nuestros clientes de Banca Empresa 🇵🇪 que apostaron por la #innovación para el crecimiento de sus negocios. 
#PremiosLEC",2,0,8,0,5.0K
2025-07-15 09:29:08,Interbank,"Mar 13, 2024","Otorgamos una línea de #FinanciamientoVerde por US$6 millones a HVC Exportaciones, destinada a la compra de café con certificación sostenible, lo que garantiza un ecosistema de prácticas eco amigables. 💪🌎

Conoce más👉interbank.pe/financiamiento…
#Sostenibilidad #NegocioResponsable",20,1,6,0,6.0K
2025-07-15 09:29:08,Interbank,"Mar 8, 2024","#EsCompromisoDeTodosyTodas ¡Este #8M sigamos! Por más acciones que nos permitan construir igualdad de oportunidades. Conoce algunas de nuestras iniciativas para impulsar la equidad en 👉 interbank.pe/equidad
#8deMarzo #DíaInternacionalDeLaMujer #EsTiempoDeEquidad",14,3,7,0,5.0K
2025-07-15 10:21:58,Interbank,Apr 16,¡Este feriado largo sigamos conectados! 💚 Este 17 y 18 de abril realiza tus operaciones de forma digital a través de tu #InterbankAPP 📲,86,0,7,3,13.0K
2025-07-15 10:21:58,Interbank,Oct 7,"Recuerda 👀 durante este feriado no habrá atención en nuestras Tiendas Financieras. 
Todas tus operaciones podrás hacerlas desde nuestra Banca por Internet y desde tu #InterbankApp 📱",66,1,25,2,98.0K
2025-07-15 10:21:58,Interbank,Aug 29,"Este feriado, sigue gestionando tus operaciones de manera rápida y segura desde tu Interbank APP o a través de nuestra Banca por Internet. 📲💻

✨ ¡Te esperamos de vuelta el 31 de agosto! ✨",59,0,9,0,37.0K
2025-07-15 10:21:58,Interbank,Aug 5,"Este 06 de agosto, realiza todas tus operaciones de manera fácil y segura desde tu #Interbank APP o desde nuestra Banca por Internet. 📲🧑‍💻",21,0,3,0,30.0K
2025-07-15 10:21:58,Interbank,Jul 27,"Este 29 de julio, realiza todas tus operaciones de manera fácil y segura desde tu #InterbankApp📱o desde nuestra Banca por Internet.  💻

✨ Retomaremos nuestra atención regular, el martes 30 de julio. 💚",30,1,9,0,26.0K
2025-07-15 10:21:58,Interbank,Jul 22,"📢 Este martes 23 de julio, realiza todas tus operaciones de manera fácil y segura desde tu #InterbankAPP o nuestra Banca por Internet. 💻📱",8,0,5,1,21.0K
2025-07-15 10:21:58,Interbank,"Jun 6, 2024","👀Este feriado, puedes realizar tus operaciones desde casa en nuestros canales digitales 📲Nos reencontramos el sábado en nuestro horario regular.",96,1,7,1,17.0K
2025-07-15 10:21:58,Interbank,"May 4, 2024","👉 Encuentra aquí todo lo que necesitas saber sobre el retiro de la AFP. Si has decidido retirar, recuerda que el 20 de mayo empieza el registro de solicitudes según el último dígito de tu DNI.

Para saber más entra aquí: bit.ly/3WJL79h 🔗",123,2,14,4,22.0K
2025-07-15 10:21:58,Interbank,"Mar 27, 2024","Este feriado largo tu #InterbankApp estará disponible 24/7 para todas tus operaciones, al igual que nuestra Banca por Internet. El sábado 30 atenderemos en horario regular. ✨",46,1,9,0,16.0K
2025-07-15 10:21:58,Interbank,"Mar 26, 2024","#OrgulloInterbank  
¡Somos top #2 de “Los Mejores Lugares para Trabajar para las Mujeres en Perú” por @GPTWPeru 💪 
¡El cambio es colectivo! 💚 Seguiremos impulsándolo a través de nuestros programas e iniciativas para promover un entorno equitativo, diverso e inclusivo.",7,2,9,0,10.0K
2025-07-15 10:21:58,Interbank,"Mar 21, 2024","#OrgulloInterbank compartir el reconocimiento como Líderes Empresariales por el Cambio (LEC) a tres de nuestros clientes de Banca Empresa 🇵🇪 que apostaron por la #innovación para el crecimiento de sus negocios. 
#PremiosLEC",2,0,8,0,5.0K
2025-07-15 10:21:58,Interbank,"Mar 13, 2024","Otorgamos una línea de #FinanciamientoVerde por US$6 millones a HVC Exportaciones, destinada a la compra de café con certificación sostenible, lo que garantiza un ecosistema de prácticas eco amigables. 💪🌎

Conoce más👉interbank.pe/financiamiento…
#Sostenibilidad #NegocioResponsable",20,1,6,0,6.0K
2025-07-15 10:21:58,Interbank,"Mar 8, 2024","#EsCompromisoDeTodosyTodas ¡Este #8M sigamos! Por más acciones que nos permitan construir igualdad de oportunidades. Conoce algunas de nuestras iniciativas para impulsar la equidad en 👉 interbank.pe/equidad
#8deMarzo #DíaInternacionalDeLaMujer #EsTiempoDeEquidad",14,3,7,0,5.0K
2025-07-15 11:18:26,Interbank,Apr 16,¡Este feriado largo sigamos conectados! 💚 Este 17 y 18 de abril realiza tus operaciones de forma digital a través de tu #InterbankAPP 📲,86,0,7,3,13.0K
2025-07-15 11:18:26,Interbank,Oct 7,"Recuerda 👀 durante este feriado no habrá atención en nuestras Tiendas Financieras. 
Todas tus operaciones podrás hacerlas desde nuestra Banca por Internet y desde tu #InterbankApp 📱",66,1,25,2,98.0K
2025-07-15 11:18:26,Interbank,Aug 29,"Este feriado, sigue gestionando tus operaciones de manera rápida y segura desde tu Interbank APP o a través de nuestra Banca por Internet. 📲💻

✨ ¡Te esperamos de vuelta el 31 de agosto! ✨",59,0,9,0,37.0K
2025-07-15 11:18:26,Interbank,Aug 5,"Este 06 de agosto, realiza todas tus operaciones de manera fácil y segura desde tu #Interbank APP o desde nuestra Banca por Internet. 📲🧑‍💻",21,0,3,0,30.0K
2025-07-15 11:18:26,Interbank,Jul 27,"Este 29 de julio, realiza todas tus operaciones de manera fácil y segura desde tu #InterbankApp📱o desde nuestra Banca por Internet.  💻

✨ Retomaremos nuestra atención regular, el martes 30 de julio. 💚",30,1,9,0,26.0K
2025-07-15 11:18:26,Interbank,Jul 22,"📢 Este martes 23 de julio, realiza todas tus operaciones de manera fácil y segura desde tu #InterbankAPP o nuestra Banca por Internet. 💻📱",8,0,5,1,21.0K
2025-07-15 11:18:26,Interbank,"Jun 6, 2024","👀Este feriado, puedes realizar tus operaciones desde casa en nuestros canales digitales 📲Nos reencontramos el sábado en nuestro horario regular.",96,1,7,1,17.0K
2025-07-15 11:18:26,Interbank,"May 4, 2024","👉 Encuentra aquí todo lo que necesitas saber sobre el retiro de la AFP. Si has decidido retirar, recuerda que el 20 de mayo empieza el registro de solicitudes según el último dígito de tu DNI.

Para saber más entra aquí: bit.ly/3WJL79h 🔗",123,2,14,4,22.0K
2025-07-15 11:18:26,Interbank,"Mar 27, 2024","Este feriado largo tu #InterbankApp estará disponible 24/7 para todas tus operaciones, al igual que nuestra Banca por Internet. El sábado 30 atenderemos en horario regular. ✨",46,1,9,0,16.0K
2025-07-15 11:18:26,Interbank,"Mar 26, 2024","#OrgulloInterbank  
¡Somos top #2 de “Los Mejores Lugares para Trabajar para las Mujeres en Perú” por @GPTWPeru 💪 
¡El cambio es colectivo! 💚 Seguiremos impulsándolo a través de nuestros programas e iniciativas para promover un entorno equitativo, diverso e inclusivo.",7,2,9,0,10.0K
2025-07-15 11:18:26,Interbank,"Mar 21, 2024","#OrgulloInterbank compartir el reconocimiento como Líderes Empresariales por el Cambio (LEC) a tres de nuestros clientes de Banca Empresa 🇵🇪 que apostaron por la #innovación para el crecimiento de sus negocios. 
#PremiosLEC",2,0,8,0,5.0K
2025-07-15 11:18:26,Interbank,"Mar 13, 2024","Otorgamos una línea de #FinanciamientoVerde por US$6 millones a HVC Exportaciones, destinada a la compra de café con certificación sostenible, lo que garantiza un ecosistema de prácticas eco amigables. 💪🌎

Conoce más👉interbank.pe/financiamiento…
#Sostenibilidad #NegocioResponsable",20,1,6,0,6.0K
2025-07-15 11:18:26,Interbank,"Mar 8, 2024","#EsCompromisoDeTodosyTodas ¡Este #8M sigamos! Por más acciones que nos permitan construir igualdad de oportunidades. Conoce algunas de nuestras iniciativas para impulsar la equidad en 👉 interbank.pe/equidad
#8deMarzo #DíaInternacionalDeLaMujer #EsTiempoDeEquidad",14,3,7,0,5.0K
2025-07-15 12:42:35,Interbank,Apr 16,¡Este feriado largo sigamos conectados! 💚 Este 17 y 18 de abril realiza tus operaciones de forma digital a través de tu #InterbankAPP 📲,86,0,7,3,13.0K
2025-07-15 12:42:35,Interbank,Oct 7,"Recuerda 👀 durante este feriado no habrá atención en nuestras Tiendas Financieras. 
Todas tus operaciones podrás hacerlas desde nuestra Banca por Internet y desde tu #InterbankApp 📱",66,1,25,2,98.0K
2025-07-15 12:42:35,Interbank,Aug 29,"Este feriado, sigue gestionando tus operaciones de manera rápida y segura desde tu Interbank APP o a través de nuestra Banca por Internet. 📲💻

✨ ¡Te esperamos de vuelta el 31 de agosto! ✨",59,0,9,0,37.0K
2025-07-15 12:42:35,Interbank,Aug 5,"Este 06 de agosto, realiza todas tus operaciones de manera fácil y segura desde tu #Interbank APP o desde nuestra Banca por Internet. 📲🧑‍💻",21,0,3,0,30.0K
2025-07-15 12:42:35,Interbank,Jul 27,"Este 29 de julio, realiza todas tus operaciones de manera fácil y segura desde tu #InterbankApp📱o desde nuestra Banca por Internet.  💻

✨ Retomaremos nuestra atención regular, el martes 30 de julio. 💚",30,1,9,0,26.0K
2025-07-15 12:42:35,Interbank,Jul 22,"📢 Este martes 23 de julio, realiza todas tus operaciones de manera fácil y segura desde tu #InterbankAPP o nuestra Banca por Internet. 💻📱",8,0,5,1,21.0K
2025-07-15 12:42:35,Interbank,"Jun 6, 2024","👀Este feriado, puedes realizar tus operaciones desde casa en nuestros canales digitales 📲Nos reencontramos el sábado en nuestro horario regular.",96,1,7,1,17.0K
2025-07-15 12:42:35,Interbank,"May 4, 2024","👉 Encuentra aquí todo lo que necesitas saber sobre el retiro de la AFP. Si has decidido retirar, recuerda que el 20 de mayo empieza el registro de solicitudes según el último dígito de tu DNI.

Para saber más entra aquí: bit.ly/3WJL79h 🔗",123,2,14,4,22.0K
2025-07-15 12:42:35,Interbank,"Mar 27, 2024","Este feriado largo tu #InterbankApp estará disponible 24/7 para todas tus operaciones, al igual que nuestra Banca por Internet. El sábado 30 atenderemos en horario regular. ✨",46,1,9,0,16.0K
2025-07-15 12:42:35,Interbank,"Mar 26, 2024","#OrgulloInterbank  
¡Somos top #2 de “Los Mejores Lugares para Trabajar para las Mujeres en Perú” por @GPTWPeru 💪 
¡El cambio es colectivo! 💚 Seguiremos impulsándolo a través de nuestros programas e iniciativas para promover un entorno equitativo, diverso e inclusivo.",7,2,9,0,10.0K
2025-07-15 12:42:35,Interbank,"Mar 21, 2024","#OrgulloInterbank compartir el reconocimiento como Líderes Empresariales por el Cambio (LEC) a tres de nuestros clientes de Banca Empresa 🇵🇪 que apostaron por la #innovación para el crecimiento de sus negocios. 
#PremiosLEC",2,0,8,0,5.0K
2025-07-15 12:42:35,Interbank,"Mar 13, 2024","Otorgamos una línea de #FinanciamientoVerde por US$6 millones a HVC Exportaciones, destinada a la compra de café con certificación sostenible, lo que garantiza un ecosistema de prácticas eco amigables. 💪🌎

Conoce más👉interbank.pe/financiamiento…
#Sostenibilidad #NegocioResponsable",20,1,6,0,6.0K
2025-07-15 12:42:35,Interbank,"Mar 8, 2024","#EsCompromisoDeTodosyTodas ¡Este #8M sigamos! Por más acciones que nos permitan construir igualdad de oportunidades. Conoce algunas de nuestras iniciativas para impulsar la equidad en 👉 interbank.pe/equidad
#8deMarzo #DíaInternacionalDeLaMujer #EsTiempoDeEquidad",14,3,7,0,5.0K
2025-07-15 13:36:31,Interbank,Apr 16,¡Este feriado largo sigamos conectados! 💚 Este 17 y 18 de abril realiza tus operaciones de forma digital a través de tu #InterbankAPP 📲,86,0,7,3,13.0K
2025-07-15 13:36:31,Interbank,Oct 7,"Recuerda 👀 durante este feriado no habrá atención en nuestras Tiendas Financieras. 
Todas tus operaciones podrás hacerlas desde nuestra Banca por Internet y desde tu #InterbankApp 📱",66,1,25,2,98.0K
2025-07-15 13:36:31,Interbank,Aug 29,"Este feriado, sigue gestionando tus operaciones de manera rápida y segura desde tu Interbank APP o a través de nuestra Banca por Internet. 📲💻

✨ ¡Te esperamos de vuelta el 31 de agosto! ✨",59,0,9,0,37.0K
2025-07-15 13:36:31,Interbank,Aug 5,"Este 06 de agosto, realiza todas tus operaciones de manera fácil y segura desde tu #Interbank APP o desde nuestra Banca por Internet. 📲🧑‍💻",21,0,3,0,30.0K
2025-07-15 13:36:31,Interbank,Jul 27,"Este 29 de julio, realiza todas tus operaciones de manera fácil y segura desde tu #InterbankApp📱o desde nuestra Banca por Internet.  💻

✨ Retomaremos nuestra atención regular, el martes 30 de julio. 💚",30,1,9,0,26.0K
2025-07-15 13:36:31,Interbank,Jul 22,"📢 Este martes 23 de julio, realiza todas tus operaciones de manera fácil y segura desde tu #InterbankAPP o nuestra Banca por Internet. 💻📱",8,0,5,1,21.0K
2025-07-15 13:36:31,Interbank,"Jun 6, 2024","👀Este feriado, puedes realizar tus operaciones desde casa en nuestros canales digitales 📲Nos reencontramos el sábado en nuestro horario regular.",96,1,7,1,17.0K
2025-07-15 13:36:31,Interbank,"May 4, 2024","👉 Encuentra aquí todo lo que necesitas saber sobre el retiro de la AFP. Si has decidido retirar, recuerda que el 20 de mayo empieza el registro de solicitudes según el último dígito de tu DNI.

Para saber más entra aquí: bit.ly/3WJL79h 🔗",123,2,14,4,22.0K
2025-07-15 13:36:31,Interbank,"Mar 27, 2024","Este feriado largo tu #InterbankApp estará disponible 24/7 para todas tus operaciones, al igual que nuestra Banca por Internet. El sábado 30 atenderemos en horario regular. ✨",46,1,9,0,16.0K
2025-07-15 13:36:31,Interbank,"Mar 26, 2024","#OrgulloInterbank  
¡Somos top #2 de “Los Mejores Lugares para Trabajar para las Mujeres en Perú” por @GPTWPeru 💪 
¡El cambio es colectivo! 💚 Seguiremos impulsándolo a través de nuestros programas e iniciativas para promover un entorno equitativo, diverso e inclusivo.",7,2,9,0,10.0K
2025-07-15 13:36:31,Interbank,"Mar 21, 2024","#OrgulloInterbank compartir el reconocimiento como Líderes Empresariales por el Cambio (LEC) a tres de nuestros clientes de Banca Empresa 🇵🇪 que apostaron por la #innovación para el crecimiento de sus negocios. 
#PremiosLEC",2,0,8,0,5.0K
2025-07-15 13:36:31,Interbank,"Mar 13, 2024","Otorgamos una línea de #FinanciamientoVerde por US$6 millones a HVC Exportaciones, destinada a la compra de café con certificación sostenible, lo que garantiza un ecosistema de prácticas eco amigables. 💪🌎

Conoce más👉interbank.pe/financiamiento…
#Sostenibilidad #NegocioResponsable",20,1,6,0,6.0K
2025-07-15 13:36:31,Interbank,"Mar 8, 2024","#EsCompromisoDeTodosyTodas ¡Este #8M sigamos! Por más acciones que nos permitan construir igualdad de oportunidades. Conoce algunas de nuestras iniciativas para impulsar la equidad en 👉 interbank.pe/equidad
#8deMarzo #DíaInternacionalDeLaMujer #EsTiempoDeEquidad",14,3,7,0,5.0K
2025-07-15 14:19:27,Interbank,Apr 16,¡Este feriado largo sigamos conectados! 💚 Este 17 y 18 de abril realiza tus operaciones de forma digital a través de tu #InterbankAPP 📲,86,0,7,3,13.0K
2025-07-15 14:19:27,Interbank,Oct 7,"Recuerda 👀 durante este feriado no habrá atención en nuestras Tiendas Financieras. 
Todas tus operaciones podrás hacerlas desde nuestra Banca por Internet y desde tu #InterbankApp 📱",66,1,25,2,98.0K
2025-07-15 14:19:27,Interbank,Aug 29,"Este feriado, sigue gestionando tus operaciones de manera rápida y segura desde tu Interbank APP o a través de nuestra Banca por Internet. 📲💻

✨ ¡Te esperamos de vuelta el 31 de agosto! ✨",59,0,9,0,37.0K
2025-07-15 14:19:27,Interbank,Aug 5,"Este 06 de agosto, realiza todas tus operaciones de manera fácil y segura desde tu #Interbank APP o desde nuestra Banca por Internet. 📲🧑‍💻",21,0,3,0,30.0K
2025-07-15 14:19:27,Interbank,Jul 27,"Este 29 de julio, realiza todas tus operaciones de manera fácil y segura desde tu #InterbankApp📱o desde nuestra Banca por Internet.  💻

✨ Retomaremos nuestra atención regular, el martes 30 de julio. 💚",30,1,9,0,26.0K
2025-07-15 14:19:27,Interbank,Jul 22,"📢 Este martes 23 de julio, realiza todas tus operaciones de manera fácil y segura desde tu #InterbankAPP o nuestra Banca por Internet. 💻📱",8,0,5,1,21.0K
2025-07-15 14:19:27,Interbank,"Jun 6, 2024","👀Este feriado, puedes realizar tus operaciones desde casa en nuestros canales digitales 📲Nos reencontramos el sábado en nuestro horario regular.",96,1,7,1,17.0K
2025-07-15 14:19:27,Interbank,"May 4, 2024","👉 Encuentra aquí todo lo que necesitas saber sobre el retiro de la AFP. Si has decidido retirar, recuerda que el 20 de mayo empieza el registro de solicitudes según el último dígito de tu DNI.

Para saber más entra aquí: bit.ly/3WJL79h 🔗",123,2,14,4,22.0K
2025-07-15 14:19:27,Interbank,"Mar 27, 2024","Este feriado largo tu #InterbankApp estará disponible 24/7 para todas tus operaciones, al igual que nuestra Banca por Internet. El sábado 30 atenderemos en horario regular. ✨",46,1,9,0,16.0K
2025-07-15 14:19:27,Interbank,"Mar 26, 2024","#OrgulloInterbank  
¡Somos top #2 de “Los Mejores Lugares para Trabajar para las Mujeres en Perú” por @GPTWPeru 💪 
¡El cambio es colectivo! 💚 Seguiremos impulsándolo a través de nuestros programas e iniciativas para promover un entorno equitativo, diverso e inclusivo.",7,2,9,0,10.0K
2025-07-15 14:19:27,Interbank,"Mar 21, 2024","#OrgulloInterbank compartir el reconocimiento como Líderes Empresariales por el Cambio (LEC) a tres de nuestros clientes de Banca Empresa 🇵🇪 que apostaron por la #innovación para el crecimiento de sus negocios. 
#PremiosLEC",2,0,8,0,5.0K
2025-07-15 14:19:27,Interbank,"Mar 13, 2024","Otorgamos una línea de #FinanciamientoVerde por US$6 millones a HVC Exportaciones, destinada a la compra de café con certificación sostenible, lo que garantiza un ecosistema de prácticas eco amigables. 💪🌎

Conoce más👉interbank.pe/financiamiento…
#Sostenibilidad #NegocioResponsable",20,1,6,0,6.0K
2025-07-15 14:19:27,Interbank,"Mar 8, 2024","#EsCompromisoDeTodosyTodas ¡Este #8M sigamos! Por más acciones que nos permitan construir igualdad de oportunidades. Conoce algunas de nuestras iniciativas para impulsar la equidad en 👉 interbank.pe/equidad
#8deMarzo #DíaInternacionalDeLaMujer #EsTiempoDeEquidad",14,3,7,0,5.0K
2025-07-15 15:20:35,Interbank,Apr 16,¡Este feriado largo sigamos conectados! 💚 Este 17 y 18 de abril realiza tus operaciones de forma digital a través de tu #InterbankAPP 📲,86,0,7,3,13.0K
2025-07-15 15:20:35,Interbank,Oct 7,"Recuerda 👀 durante este feriado no habrá atención en nuestras Tiendas Financieras. 
Todas tus operaciones podrás hacerlas desde nuestra Banca por Internet y desde tu #InterbankApp 📱",66,1,25,2,98.0K
2025-07-15 15:20:35,Interbank,Aug 29,"Este feriado, sigue gestionando tus operaciones de manera rápida y segura desde tu Interbank APP o a través de nuestra Banca por Internet. 📲💻

✨ ¡Te esperamos de vuelta el 31 de agosto! ✨",59,0,9,0,37.0K
2025-07-15 15:20:35,Interbank,Aug 5,"Este 06 de agosto, realiza todas tus operaciones de manera fácil y segura desde tu #Interbank APP o desde nuestra Banca por Internet. 📲🧑‍💻",21,0,3,0,30.0K
2025-07-15 15:20:35,Interbank,Jul 27,"Este 29 de julio, realiza todas tus operaciones de manera fácil y segura desde tu #InterbankApp📱o desde nuestra Banca por Internet.  💻

✨ Retomaremos nuestra atención regular, el martes 30 de julio. 💚",30,1,9,0,26.0K
2025-07-15 15:20:35,Interbank,Jul 22,"📢 Este martes 23 de julio, realiza todas tus operaciones de manera fácil y segura desde tu #InterbankAPP o nuestra Banca por Internet. 💻📱",8,0,5,1,21.0K
2025-07-15 15:20:35,Interbank,"Jun 6, 2024","👀Este feriado, puedes realizar tus operaciones desde casa en nuestros canales digitales 📲Nos reencontramos el sábado en nuestro horario regular.",96,1,7,1,17.0K
2025-07-15 15:20:35,Interbank,"May 4, 2024","👉 Encuentra aquí todo lo que necesitas saber sobre el retiro de la AFP. Si has decidido retirar, recuerda que el 20 de mayo empieza el registro de solicitudes según el último dígito de tu DNI.

Para saber más entra aquí: bit.ly/3WJL79h 🔗",123,2,14,4,22.0K
2025-07-15 15:20:35,Interbank,"Mar 27, 2024","Este feriado largo tu #InterbankApp estará disponible 24/7 para todas tus operaciones, al igual que nuestra Banca por Internet. El sábado 30 atenderemos en horario regular. ✨",46,1,9,0,16.0K
2025-07-15 15:20:35,Interbank,"Mar 26, 2024","#OrgulloInterbank  
¡Somos top #2 de “Los Mejores Lugares para Trabajar para las Mujeres en Perú” por @GPTWPeru 💪 
¡El cambio es colectivo! 💚 Seguiremos impulsándolo a través de nuestros programas e iniciativas para promover un entorno equitativo, diverso e inclusivo.",7,2,9,0,10.0K
2025-07-15 15:20:35,Interbank,"Mar 21, 2024","#OrgulloInterbank compartir el reconocimiento como Líderes Empresariales por el Cambio (LEC) a tres de nuestros clientes de Banca Empresa 🇵🇪 que apostaron por la #innovación para el crecimiento de sus negocios. 
#PremiosLEC",2,0,8,0,5.0K
2025-07-15 15:20:35,Interbank,"Mar 13, 2024","Otorgamos una línea de #FinanciamientoVerde por US$6 millones a HVC Exportaciones, destinada a la compra de café con certificación sostenible, lo que garantiza un ecosistema de prácticas eco amigables. 💪🌎

Conoce más👉interbank.pe/financiamiento…
#Sostenibilidad #NegocioResponsable",20,1,6,0,6.0K
2025-07-15 15:20:35,Interbank,"Mar 8, 2024","#EsCompromisoDeTodosyTodas ¡Este #8M sigamos! Por más acciones que nos permitan construir igualdad de oportunidades. Conoce algunas de nuestras iniciativas para impulsar la equidad en 👉 interbank.pe/equidad
#8deMarzo #DíaInternacionalDeLaMujer #EsTiempoDeEquidad",14,3,7,0,5.0K
2025-07-15 16:27:06,Interbank,Apr 16,¡Este feriado largo sigamos conectados! 💚 Este 17 y 18 de abril realiza tus operaciones de forma digital a través de tu #InterbankAPP 📲,86,0,7,3,13.0K
2025-07-15 16:27:06,Interbank,Oct 7,"Recuerda 👀 durante este feriado no habrá atención en nuestras Tiendas Financieras. 
Todas tus operaciones podrás hacerlas desde nuestra Banca por Internet y desde tu #InterbankApp 📱",66,1,25,2,98.0K
2025-07-15 16:27:06,Interbank,Aug 29,"Este feriado, sigue gestionando tus operaciones de manera rápida y segura desde tu Interbank APP o a través de nuestra Banca por Internet. 📲💻

✨ ¡Te esperamos de vuelta el 31 de agosto! ✨",59,0,9,0,37.0K
2025-07-15 16:27:06,Interbank,Aug 5,"Este 06 de agosto, realiza todas tus operaciones de manera fácil y segura desde tu #Interbank APP o desde nuestra Banca por Internet. 📲🧑‍💻",21,0,3,0,30.0K
2025-07-15 16:27:06,Interbank,Jul 27,"Este 29 de julio, realiza todas tus operaciones de manera fácil y segura desde tu #InterbankApp📱o desde nuestra Banca por Internet.  💻

✨ Retomaremos nuestra atención regular, el martes 30 de julio. 💚",30,1,9,0,26.0K
2025-07-15 16:27:06,Interbank,Jul 22,"📢 Este martes 23 de julio, realiza todas tus operaciones de manera fácil y segura desde tu #InterbankAPP o nuestra Banca por Internet. 💻📱",8,0,5,1,21.0K
2025-07-15 16:27:06,Interbank,"Jun 6, 2024","👀Este feriado, puedes realizar tus operaciones desde casa en nuestros canales digitales 📲Nos reencontramos el sábado en nuestro horario regular.",96,1,7,1,17.0K
2025-07-15 16:27:06,Interbank,"May 4, 2024","👉 Encuentra aquí todo lo que necesitas saber sobre el retiro de la AFP. Si has decidido retirar, recuerda que el 20 de mayo empieza el registro de solicitudes según el último dígito de tu DNI.

Para saber más entra aquí: bit.ly/3WJL79h 🔗",123,2,14,4,22.0K
2025-07-15 16:27:06,Interbank,"Mar 27, 2024","Este feriado largo tu #InterbankApp estará disponible 24/7 para todas tus operaciones, al igual que nuestra Banca por Internet. El sábado 30 atenderemos en horario regular. ✨",46,1,9,0,16.0K
2025-07-15 16:27:06,Interbank,"Mar 26, 2024","#OrgulloInterbank  
¡Somos top #2 de “Los Mejores Lugares para Trabajar para las Mujeres en Perú” por @GPTWPeru 💪 
¡El cambio es colectivo! 💚 Seguiremos impulsándolo a través de nuestros programas e iniciativas para promover un entorno equitativo, diverso e inclusivo.",7,2,9,0,10.0K
2025-07-15 16:27:06,Interbank,"Mar 21, 2024","#OrgulloInterbank compartir el reconocimiento como Líderes Empresariales por el Cambio (LEC) a tres de nuestros clientes de Banca Empresa 🇵🇪 que apostaron por la #innovación para el crecimiento de sus negocios. 
#PremiosLEC",2,0,8,0,5.0K
2025-07-15 16:27:06,Interbank,"Mar 13, 2024","Otorgamos una línea de #FinanciamientoVerde por US$6 millones a HVC Exportaciones, destinada a la compra de café con certificación sostenible, lo que garantiza un ecosistema de prácticas eco amigables. 💪🌎

Conoce más👉interbank.pe/financiamiento…
#Sostenibilidad #NegocioResponsable",20,1,6,0,6.0K
2025-07-15 16:27:06,Interbank,"Mar 8, 2024","#EsCompromisoDeTodosyTodas ¡Este #8M sigamos! Por más acciones que nos permitan construir igualdad de oportunidades. Conoce algunas de nuestras iniciativas para impulsar la equidad en 👉 interbank.pe/equidad
#8deMarzo #DíaInternacionalDeLaMujer #EsTiempoDeEquidad",14,3,7,0,5.0K
2025-07-15 17:18:42,Interbank,Apr 16,¡Este feriado largo sigamos conectados! 💚 Este 17 y 18 de abril realiza tus operaciones de forma digital a través de tu #InterbankAPP 📲,86,0,7,3,13.0K
2025-07-15 17:18:42,Interbank,Oct 7,"Recuerda 👀 durante este feriado no habrá atención en nuestras Tiendas Financieras. 
Todas tus operaciones podrás hacerlas desde nuestra Banca por Internet y desde tu #InterbankApp 📱",66,1,25,2,98.0K
2025-07-15 17:18:42,Interbank,Aug 29,"Este feriado, sigue gestionando tus operaciones de manera rápida y segura desde tu Interbank APP o a través de nuestra Banca por Internet. 📲💻

✨ ¡Te esperamos de vuelta el 31 de agosto! ✨",59,0,9,0,37.0K
2025-07-15 17:18:42,Interbank,Aug 5,"Este 06 de agosto, realiza todas tus operaciones de manera fácil y segura desde tu #Interbank APP o desde nuestra Banca por Internet. 📲🧑‍💻",21,0,3,0,30.0K
2025-07-15 17:18:42,Interbank,Jul 27,"Este 29 de julio, realiza todas tus operaciones de manera fácil y segura desde tu #InterbankApp📱o desde nuestra Banca por Internet.  💻

✨ Retomaremos nuestra atención regular, el martes 30 de julio. 💚",30,1,9,0,26.0K
2025-07-15 17:18:42,Interbank,Jul 22,"📢 Este martes 23 de julio, realiza todas tus operaciones de manera fácil y segura desde tu #InterbankAPP o nuestra Banca por Internet. 💻📱",8,0,5,1,21.0K
2025-07-15 17:18:42,Interbank,"Jun 6, 2024","👀Este feriado, puedes realizar tus operaciones desde casa en nuestros canales digitales 📲Nos reencontramos el sábado en nuestro horario regular.",96,1,7,1,17.0K
2025-07-15 17:18:42,Interbank,"May 4, 2024","👉 Encuentra aquí todo lo que necesitas saber sobre el retiro de la AFP. Si has decidido retirar, recuerda que el 20 de mayo empieza el registro de solicitudes según el último dígito de tu DNI.

Para saber más entra aquí: bit.ly/3WJL79h 🔗",123,2,14,4,22.0K
2025-07-15 17:18:42,Interbank,"Mar 27, 2024","Este feriado largo tu #InterbankApp estará disponible 24/7 para todas tus operaciones, al igual que nuestra Banca por Internet. El sábado 30 atenderemos en horario regular. ✨",46,1,9,0,16.0K
2025-07-15 17:18:42,Interbank,"Mar 26, 2024","#OrgulloInterbank  
¡Somos top #2 de “Los Mejores Lugares para Trabajar para las Mujeres en Perú” por @GPTWPeru 💪 
¡El cambio es colectivo! 💚 Seguiremos impulsándolo a través de nuestros programas e iniciativas para promover un entorno equitativo, diverso e inclusivo.",7,2,9,0,10.0K
2025-07-15 17:18:42,Interbank,"Mar 21, 2024","#OrgulloInterbank compartir el reconocimiento como Líderes Empresariales por el Cambio (LEC) a tres de nuestros clientes de Banca Empresa 🇵🇪 que apostaron por la #innovación para el crecimiento de sus negocios. 
#PremiosLEC",2,0,8,0,5.0K
2025-07-15 17:18:42,Interbank,"Mar 13, 2024","Otorgamos una línea de #FinanciamientoVerde por US$6 millones a HVC Exportaciones, destinada a la compra de café con certificación sostenible, lo que garantiza un ecosistema de prácticas eco amigables. 💪🌎

Conoce más👉interbank.pe/financiamiento…
#Sostenibilidad #NegocioResponsable",20,1,6,0,6.0K
2025-07-15 17:18:42,Interbank,"Mar 8, 2024","#EsCompromisoDeTodosyTodas ¡Este #8M sigamos! Por más acciones que nos permitan construir igualdad de oportunidades. Conoce algunas de nuestras iniciativas para impulsar la equidad en 👉 interbank.pe/equidad
#8deMarzo #DíaInternacionalDeLaMujer #EsTiempoDeEquidad",14,3,7,0,5.0K
2025-07-15 18:31:07,Interbank,Apr 16,¡Este feriado largo sigamos conectados! 💚 Este 17 y 18 de abril realiza tus operaciones de forma digital a través de tu #InterbankAPP 📲,86,0,7,3,13.0K
2025-07-15 18:31:07,Interbank,Oct 7,"Recuerda 👀 durante este feriado no habrá atención en nuestras Tiendas Financieras. 
Todas tus operaciones podrás hacerlas desde nuestra Banca por Internet y desde tu #InterbankApp 📱",66,1,25,2,98.0K
2025-07-15 18:31:07,Interbank,Aug 29,"Este feriado, sigue gestionando tus operaciones de manera rápida y segura desde tu Interbank APP o a través de nuestra Banca por Internet. 📲💻

✨ ¡Te esperamos de vuelta el 31 de agosto! ✨",59,0,9,0,37.0K
2025-07-15 18:31:07,Interbank,Aug 5,"Este 06 de agosto, realiza todas tus operaciones de manera fácil y segura desde tu #Interbank APP o desde nuestra Banca por Internet. 📲🧑‍💻",21,0,3,0,30.0K
2025-07-15 18:31:07,Interbank,Jul 27,"Este 29 de julio, realiza todas tus operaciones de manera fácil y segura desde tu #InterbankApp📱o desde nuestra Banca por Internet.  💻

✨ Retomaremos nuestra atención regular, el martes 30 de julio. 💚",30,1,9,0,26.0K
2025-07-15 18:31:07,Interbank,Jul 22,"📢 Este martes 23 de julio, realiza todas tus operaciones de manera fácil y segura desde tu #InterbankAPP o nuestra Banca por Internet. 💻📱",8,0,5,1,21.0K
2025-07-15 18:31:07,Interbank,"Jun 6, 2024","👀Este feriado, puedes realizar tus operaciones desde casa en nuestros canales digitales 📲Nos reencontramos el sábado en nuestro horario regular.",96,1,7,1,17.0K
2025-07-15 18:31:07,Interbank,"May 4, 2024","👉 Encuentra aquí todo lo que necesitas saber sobre el retiro de la AFP. Si has decidido retirar, recuerda que el 20 de mayo empieza el registro de solicitudes según el último dígito de tu DNI.

Para saber más entra aquí: bit.ly/3WJL79h 🔗",123,2,14,4,22.0K
2025-07-15 18:31:07,Interbank,"Mar 27, 2024","Este feriado largo tu #InterbankApp estará disponible 24/7 para todas tus operaciones, al igual que nuestra Banca por Internet. El sábado 30 atenderemos en horario regular. ✨",46,1,9,0,16.0K
2025-07-15 18:31:07,Interbank,"Mar 26, 2024","#OrgulloInterbank  
¡Somos top #2 de “Los Mejores Lugares para Trabajar para las Mujeres en Perú” por @GPTWPeru 💪 
¡El cambio es colectivo! 💚 Seguiremos impulsándolo a través de nuestros programas e iniciativas para promover un entorno equitativo, diverso e inclusivo.",7,2,9,0,10.0K
2025-07-15 18:31:07,Interbank,"Mar 21, 2024","#OrgulloInterbank compartir el reconocimiento como Líderes Empresariales por el Cambio (LEC) a tres de nuestros clientes de Banca Empresa 🇵🇪 que apostaron por la #innovación para el crecimiento de sus negocios. 
#PremiosLEC",2,0,8,0,5.0K
2025-07-15 18:31:07,Interbank,"Mar 13, 2024","Otorgamos una línea de #FinanciamientoVerde por US$6 millones a HVC Exportaciones, destinada a la compra de café con certificación sostenible, lo que garantiza un ecosistema de prácticas eco amigables. 💪🌎

Conoce más👉interbank.pe/financiamiento…
#Sostenibilidad #NegocioResponsable",20,1,6,0,6.0K
2025-07-15 18:31:07,Interbank,"Mar 8, 2024","#EsCompromisoDeTodosyTodas ¡Este #8M sigamos! Por más acciones que nos permitan construir igualdad de oportunidades. Conoce algunas de nuestras iniciativas para impulsar la equidad en 👉 interbank.pe/equidad
#8deMarzo #DíaInternacionalDeLaMujer #EsTiempoDeEquidad",14,3,7,0,5.0K
2025-07-15 19:17:40,Interbank,Apr 16,¡Este feriado largo sigamos conectados! 💚 Este 17 y 18 de abril realiza tus operaciones de forma digital a través de tu #InterbankAPP 📲,86,0,7,3,13.0K
2025-07-15 19:17:40,Interbank,Oct 7,"Recuerda 👀 durante este feriado no habrá atención en nuestras Tiendas Financieras. 
Todas tus operaciones podrás hacerlas desde nuestra Banca por Internet y desde tu #InterbankApp 📱",66,1,25,2,98.0K
2025-07-15 19:17:40,Interbank,Aug 29,"Este feriado, sigue gestionando tus operaciones de manera rápida y segura desde tu Interbank APP o a través de nuestra Banca por Internet. 📲💻

✨ ¡Te esperamos de vuelta el 31 de agosto! ✨",59,0,9,0,37.0K
2025-07-15 19:17:40,Interbank,Aug 5,"Este 06 de agosto, realiza todas tus operaciones de manera fácil y segura desde tu #Interbank APP o desde nuestra Banca por Internet. 📲🧑‍💻",21,0,3,0,30.0K
2025-07-15 19:17:40,Interbank,Jul 27,"Este 29 de julio, realiza todas tus operaciones de manera fácil y segura desde tu #InterbankApp📱o desde nuestra Banca por Internet.  💻

✨ Retomaremos nuestra atención regular, el martes 30 de julio. 💚",30,1,9,0,26.0K
2025-07-15 19:17:40,Interbank,Jul 22,"📢 Este martes 23 de julio, realiza todas tus operaciones de manera fácil y segura desde tu #InterbankAPP o nuestra Banca por Internet. 💻📱",8,0,5,1,21.0K
2025-07-15 19:17:40,Interbank,"Jun 6, 2024","👀Este feriado, puedes realizar tus operaciones desde casa en nuestros canales digitales 📲Nos reencontramos el sábado en nuestro horario regular.",96,1,7,1,17.0K
2025-07-15 19:17:40,Interbank,"May 4, 2024","👉 Encuentra aquí todo lo que necesitas saber sobre el retiro de la AFP. Si has decidido retirar, recuerda que el 20 de mayo empieza el registro de solicitudes según el último dígito de tu DNI.

Para saber más entra aquí: bit.ly/3WJL79h 🔗",123,2,14,4,22.0K
2025-07-15 19:17:40,Interbank,"Mar 27, 2024","Este feriado largo tu #InterbankApp estará disponible 24/7 para todas tus operaciones, al igual que nuestra Banca por Internet. El sábado 30 atenderemos en horario regular. ✨",46,1,9,0,16.0K
2025-07-15 19:17:40,Interbank,"Mar 26, 2024","#OrgulloInterbank  
¡Somos top #2 de “Los Mejores Lugares para Trabajar para las Mujeres en Perú” por @GPTWPeru 💪 
¡El cambio es colectivo! 💚 Seguiremos impulsándolo a través de nuestros programas e iniciativas para promover un entorno equitativo, diverso e inclusivo.",7,2,9,0,10.0K
2025-07-15 19:17:40,Interbank,"Mar 21, 2024","#OrgulloInterbank compartir el reconocimiento como Líderes Empresariales por el Cambio (LEC) a tres de nuestros clientes de Banca Empresa 🇵🇪 que apostaron por la #innovación para el crecimiento de sus negocios. 
#PremiosLEC",2,0,8,0,5.0K
2025-07-15 19:17:40,Interbank,"Mar 13, 2024","Otorgamos una línea de #FinanciamientoVerde por US$6 millones a HVC Exportaciones, destinada a la compra de café con certificación sostenible, lo que garantiza un ecosistema de prácticas eco amigables. 💪🌎

Conoce más👉interbank.pe/financiamiento…
#Sostenibilidad #NegocioResponsable",20,1,6,0,6.0K
2025-07-15 19:17:40,Interbank,"Mar 8, 2024","#EsCompromisoDeTodosyTodas ¡Este #8M sigamos! Por más acciones que nos permitan construir igualdad de oportunidades. Conoce algunas de nuestras iniciativas para impulsar la equidad en 👉 interbank.pe/equidad
#8deMarzo #DíaInternacionalDeLaMujer #EsTiempoDeEquidad",14,3,7,0,5.0K
