timestamp,usuario,fecha_publicacion,contenido,respuestas,retweets,likes,guardados,vistas
2025-07-09 07:11:06,ScotiabankPE,Jun 27,,3,1,1,0,781
2025-07-09 07:11:06,ScotiabankPE,Jun 24,,0,1,0,0,792
2025-07-09 07:11:06,ScotiabankPE,Jun 20,,0,1,1,0,382
2025-07-09 07:11:06,ScotiabankPE,Jun 6,,1,1,2,0,928
2025-07-09 07:11:06,ScotiabankPE,May 26,,1,1,2,1,1.0K
2025-07-09 07:11:06,ScotiabankPE,May 22,,1,1,3,0,1.0K
2025-07-09 07:11:06,ScotiabankPE,Apr 28,,1,2,5,1,1.0K
2025-07-09 07:11:06,ScotiabankPE,Mar 26,,8,1,0,0,2.0K
2025-07-09 07:11:06,ScotiabankPE,Mar 12,,4,2,0,0,2.0K
2025-07-09 07:11:06,ScotiabankPE,Mar 7,,6,1,1,0,1.0K
2025-07-09 07:11:06,ScotiabankPE,Mar 7,En Scotiabank te reconocemos tus logros y nos comprometemos a seguir trabajando por la equidad todos los días del año. #8MTodosLosDías. 💜 #8MTODOSLOSDÍAS,14,1,6,0,2.0K
2025-07-09 07:11:06,ScotiabankPE,Oct 16,,19,2,11,1,7.0K
2025-07-09 07:11:06,ScotiabankPE,Sep 10,,2,4,26,1,6.0K
2025-07-09 07:11:06,ScotiabankPE,Aug 29,,0,4,23,0,5.0K
2025-07-09 07:11:06,ScotiabankPE,Aug 8,,6,1,2,0,4.0K
2025-07-09 07:11:06,ScotiabankPE,"Jun 18, 2024",,5,1,3,0,5.0K
2025-07-09 07:11:06,ScotiabankPE,"Jun 13, 2024",,2,6,9,0,4.0K
2025-07-09 07:11:06,ScotiabankPE,"Jun 14, 2024","Somos y seremos sus más grandes hinchas. ⚽️Etiquétalo y dile por qué lo eres. ❤️

#ScotiabankPerú #HablemosEnSerio #DíaDelPadre",18,0,4,0,4.0K
2025-07-09 07:11:06,ScotiabankPE,"May 10, 2024","El mejor regalo para mamá es reconocerla. 🤗  Etiquétala y coméntale por qué lo está haciendo bien.
#HablemosEnSerio #ScotiabankPerú #FelizDíaMamá",14,0,3,0,4.0K
2025-07-09 07:11:06,ScotiabankPE,"Apr 12, 2024","Estos pequeños campeones conquistaron la Copa Continental Scotiabank y ganaron un viaje a Barcelona. 🏆 ⚽️

Comenta aquí dejándoles tus mejores deseos.

#CampeonesEnBarcelona #TodosALaCancha #HablemosEnSerio #ScotiabankPerú",8,0,2,0,4.0K
2025-07-09 07:18:55,ScotiabankPE,Jun 27,,3,1,1,0,781
2025-07-09 07:18:55,ScotiabankPE,Jun 24,,0,1,0,0,792
2025-07-09 07:18:55,ScotiabankPE,Jun 20,,0,1,1,0,382
2025-07-09 07:18:55,ScotiabankPE,Jun 6,,1,1,2,0,928
2025-07-09 07:18:55,ScotiabankPE,May 26,,1,1,2,1,1.0K
2025-07-09 07:18:55,ScotiabankPE,May 22,,1,1,3,0,1.0K
2025-07-09 07:18:55,ScotiabankPE,Apr 28,,1,2,5,1,1.0K
2025-07-09 07:18:55,ScotiabankPE,Mar 26,,8,1,0,0,2.0K
2025-07-09 07:18:55,ScotiabankPE,Mar 12,,4,2,0,0,2.0K
2025-07-09 07:18:55,ScotiabankPE,Mar 7,,6,1,1,0,1.0K
2025-07-09 07:18:55,ScotiabankPE,Mar 7,En Scotiabank te reconocemos tus logros y nos comprometemos a seguir trabajando por la equidad todos los días del año. #8MTodosLosDías. 💜 #8MTODOSLOSDÍAS,14,1,6,0,2.0K
2025-07-09 07:18:55,ScotiabankPE,Oct 16,,19,2,11,1,7.0K
2025-07-09 07:18:55,ScotiabankPE,Sep 10,,2,4,26,1,6.0K
2025-07-09 07:18:55,ScotiabankPE,Aug 29,,0,4,23,0,5.0K
2025-07-09 07:18:55,ScotiabankPE,Aug 8,,6,1,2,0,4.0K
2025-07-09 07:18:55,ScotiabankPE,"Jun 18, 2024",,5,1,3,0,5.0K
2025-07-09 07:18:55,ScotiabankPE,"Jun 13, 2024",,2,6,9,0,4.0K
2025-07-09 07:18:55,ScotiabankPE,"Jun 14, 2024","Somos y seremos sus más grandes hinchas. ⚽️Etiquétalo y dile por qué lo eres. ❤️

#ScotiabankPerú #HablemosEnSerio #DíaDelPadre",18,0,4,0,4.0K
2025-07-09 07:18:55,ScotiabankPE,"May 10, 2024","El mejor regalo para mamá es reconocerla. 🤗  Etiquétala y coméntale por qué lo está haciendo bien.
#HablemosEnSerio #ScotiabankPerú #FelizDíaMamá",14,0,3,0,4.0K
2025-07-09 07:18:55,ScotiabankPE,"Apr 12, 2024","Estos pequeños campeones conquistaron la Copa Continental Scotiabank y ganaron un viaje a Barcelona. 🏆 ⚽️

Comenta aquí dejándoles tus mejores deseos.

#CampeonesEnBarcelona #TodosALaCancha #HablemosEnSerio #ScotiabankPerú",8,0,2,0,4.0K
2025-07-09 08:28:15,ScotiabankPE,Jun 27,,3,1,1,0,782
2025-07-09 08:28:15,ScotiabankPE,Jun 24,,0,1,0,0,793
2025-07-09 08:28:15,ScotiabankPE,Jun 20,,0,1,1,0,382
2025-07-09 08:28:15,ScotiabankPE,Jun 6,,1,1,2,0,928
2025-07-09 08:28:15,ScotiabankPE,May 26,,1,1,2,1,1.0K
2025-07-09 08:28:15,ScotiabankPE,May 22,,1,1,3,0,1.0K
2025-07-09 08:28:15,ScotiabankPE,Apr 28,,1,2,5,1,1.0K
2025-07-09 08:28:15,ScotiabankPE,Mar 26,,8,1,0,0,2.0K
2025-07-09 08:28:15,ScotiabankPE,Mar 12,,4,2,0,0,2.0K
2025-07-09 08:28:15,ScotiabankPE,Mar 7,,6,1,1,0,1.0K
2025-07-09 08:28:15,ScotiabankPE,Mar 7,En Scotiabank te reconocemos tus logros y nos comprometemos a seguir trabajando por la equidad todos los días del año. #8MTodosLosDías. 💜 #8MTODOSLOSDÍAS,14,1,6,0,2.0K
2025-07-09 08:28:15,ScotiabankPE,Oct 16,,19,2,11,1,7.0K
2025-07-09 08:28:15,ScotiabankPE,Sep 10,,2,4,26,1,6.0K
2025-07-09 08:28:15,ScotiabankPE,Aug 29,,0,4,23,0,5.0K
2025-07-09 08:28:15,ScotiabankPE,Aug 8,,6,1,2,0,4.0K
2025-07-09 08:28:15,ScotiabankPE,"Jun 18, 2024",,5,1,3,0,5.0K
2025-07-09 08:28:15,ScotiabankPE,"Jun 13, 2024",,2,6,9,0,4.0K
2025-07-09 08:28:15,ScotiabankPE,"Jun 14, 2024","Somos y seremos sus más grandes hinchas. ⚽️Etiquétalo y dile por qué lo eres. ❤️

#ScotiabankPerú #HablemosEnSerio #DíaDelPadre",18,0,4,0,4.0K
2025-07-09 08:28:15,ScotiabankPE,"May 10, 2024","El mejor regalo para mamá es reconocerla. 🤗  Etiquétala y coméntale por qué lo está haciendo bien.
#HablemosEnSerio #ScotiabankPerú #FelizDíaMamá",14,0,3,0,4.0K
2025-07-09 08:28:15,ScotiabankPE,"Apr 12, 2024","Estos pequeños campeones conquistaron la Copa Continental Scotiabank y ganaron un viaje a Barcelona. 🏆 ⚽️

Comenta aquí dejándoles tus mejores deseos.

#CampeonesEnBarcelona #TodosALaCancha #HablemosEnSerio #ScotiabankPerú",8,0,2,0,4.0K
2025-07-09 09:23:52,ScotiabankPE,Jun 27,,3,1,1,0,782
2025-07-09 09:23:52,ScotiabankPE,Jun 24,,0,1,0,0,793
2025-07-09 09:23:52,ScotiabankPE,Jun 20,,0,1,1,0,382
2025-07-09 09:23:52,ScotiabankPE,Jun 6,,1,1,2,0,928
2025-07-09 09:23:52,ScotiabankPE,May 26,,1,1,2,1,1.0K
2025-07-09 09:23:52,ScotiabankPE,May 22,,1,1,3,0,1.0K
2025-07-09 09:23:52,ScotiabankPE,Apr 28,,1,2,5,1,1.0K
2025-07-09 09:23:52,ScotiabankPE,Mar 26,,8,1,0,0,2.0K
2025-07-09 09:23:52,ScotiabankPE,Mar 12,,4,2,0,0,2.0K
2025-07-09 09:23:52,ScotiabankPE,Mar 7,,6,1,1,0,1.0K
2025-07-09 09:23:52,ScotiabankPE,Mar 7,En Scotiabank te reconocemos tus logros y nos comprometemos a seguir trabajando por la equidad todos los días del año. #8MTodosLosDías. 💜 #8MTODOSLOSDÍAS,14,1,6,0,2.0K
2025-07-09 09:23:52,ScotiabankPE,Oct 16,,19,2,11,1,7.0K
2025-07-09 09:23:52,ScotiabankPE,Sep 10,,2,4,26,1,6.0K
2025-07-09 09:23:52,ScotiabankPE,Aug 29,,0,4,23,0,5.0K
2025-07-09 09:23:52,ScotiabankPE,Aug 8,,6,1,2,0,4.0K
2025-07-09 09:23:52,ScotiabankPE,"Jun 18, 2024",,5,1,3,0,5.0K
2025-07-09 09:23:52,ScotiabankPE,"Jun 13, 2024",,2,6,9,0,4.0K
2025-07-09 09:23:52,ScotiabankPE,"Jun 14, 2024","Somos y seremos sus más grandes hinchas. ⚽️Etiquétalo y dile por qué lo eres. ❤️

#ScotiabankPerú #HablemosEnSerio #DíaDelPadre",18,0,4,0,4.0K
2025-07-09 09:23:52,ScotiabankPE,"May 10, 2024","El mejor regalo para mamá es reconocerla. 🤗  Etiquétala y coméntale por qué lo está haciendo bien.
#HablemosEnSerio #ScotiabankPerú #FelizDíaMamá",14,0,3,0,4.0K
2025-07-09 09:23:52,ScotiabankPE,"Apr 12, 2024","Estos pequeños campeones conquistaron la Copa Continental Scotiabank y ganaron un viaje a Barcelona. 🏆 ⚽️

Comenta aquí dejándoles tus mejores deseos.

#CampeonesEnBarcelona #TodosALaCancha #HablemosEnSerio #ScotiabankPerú",8,0,2,0,4.0K
2025-07-09 10:22:48,ScotiabankPE,Jun 27,,3,1,1,0,782
2025-07-09 10:22:48,ScotiabankPE,Jun 24,,0,1,0,0,793
2025-07-09 10:22:48,ScotiabankPE,Jun 20,,0,1,1,0,382
2025-07-09 10:22:48,ScotiabankPE,Jun 6,,1,1,2,0,928
2025-07-09 10:22:48,ScotiabankPE,May 26,,1,1,2,1,1.0K
2025-07-09 10:22:48,ScotiabankPE,May 22,,1,1,3,0,1.0K
2025-07-09 10:22:48,ScotiabankPE,Apr 28,,1,2,5,1,1.0K
2025-07-09 10:22:48,ScotiabankPE,Mar 26,,8,1,0,0,2.0K
2025-07-09 10:22:48,ScotiabankPE,Mar 12,,4,2,0,0,2.0K
2025-07-09 10:22:48,ScotiabankPE,Mar 7,,6,1,1,0,1.0K
2025-07-09 10:22:48,ScotiabankPE,Mar 7,En Scotiabank te reconocemos tus logros y nos comprometemos a seguir trabajando por la equidad todos los días del año. #8MTodosLosDías. 💜 #8MTODOSLOSDÍAS,14,1,6,0,2.0K
2025-07-09 10:22:48,ScotiabankPE,Oct 16,,19,2,11,1,7.0K
2025-07-09 10:22:48,ScotiabankPE,Sep 10,,2,4,26,1,6.0K
2025-07-09 10:22:48,ScotiabankPE,Aug 29,,0,4,23,0,5.0K
2025-07-09 10:22:48,ScotiabankPE,Aug 8,,6,1,2,0,4.0K
2025-07-09 10:22:48,ScotiabankPE,"Jun 18, 2024",,5,1,3,0,5.0K
2025-07-09 10:22:48,ScotiabankPE,"Jun 13, 2024",,2,6,9,0,4.0K
2025-07-09 10:22:48,ScotiabankPE,"Jun 14, 2024","Somos y seremos sus más grandes hinchas. ⚽️Etiquétalo y dile por qué lo eres. ❤️

#ScotiabankPerú #HablemosEnSerio #DíaDelPadre",18,0,4,0,4.0K
2025-07-09 10:22:48,ScotiabankPE,"May 10, 2024","El mejor regalo para mamá es reconocerla. 🤗  Etiquétala y coméntale por qué lo está haciendo bien.
#HablemosEnSerio #ScotiabankPerú #FelizDíaMamá",14,0,3,0,4.0K
2025-07-09 10:22:48,ScotiabankPE,"Apr 12, 2024","Estos pequeños campeones conquistaron la Copa Continental Scotiabank y ganaron un viaje a Barcelona. 🏆 ⚽️

Comenta aquí dejándoles tus mejores deseos.

#CampeonesEnBarcelona #TodosALaCancha #HablemosEnSerio #ScotiabankPerú",8,0,2,0,4.0K
2025-07-09 11:18:12,ScotiabankPE,Jun 27,,3,1,1,0,782
2025-07-09 11:18:12,ScotiabankPE,Jun 24,,0,1,0,0,793
2025-07-09 11:18:12,ScotiabankPE,Jun 20,,0,1,1,0,382
2025-07-09 11:18:12,ScotiabankPE,Jun 6,,1,1,2,0,928
2025-07-09 11:18:12,ScotiabankPE,May 26,,1,1,2,1,1.0K
2025-07-09 11:18:12,ScotiabankPE,May 22,,1,1,3,0,1.0K
2025-07-09 11:18:12,ScotiabankPE,Apr 28,,1,2,5,1,1.0K
2025-07-09 11:18:12,ScotiabankPE,Mar 26,,8,1,0,0,2.0K
2025-07-09 11:18:12,ScotiabankPE,Mar 12,,4,2,0,0,2.0K
2025-07-09 11:18:12,ScotiabankPE,Mar 7,,6,1,1,0,1.0K
2025-07-09 11:18:12,ScotiabankPE,Mar 7,En Scotiabank te reconocemos tus logros y nos comprometemos a seguir trabajando por la equidad todos los días del año. #8MTodosLosDías. 💜 #8MTODOSLOSDÍAS,14,1,6,0,2.0K
2025-07-09 11:18:12,ScotiabankPE,Oct 16,,19,2,11,1,7.0K
2025-07-09 11:18:12,ScotiabankPE,Sep 10,,2,4,26,1,6.0K
2025-07-09 11:18:12,ScotiabankPE,Aug 29,,0,4,23,0,5.0K
2025-07-09 11:18:12,ScotiabankPE,Aug 8,,6,1,2,0,4.0K
2025-07-09 11:18:12,ScotiabankPE,"Jun 18, 2024",,5,1,3,0,5.0K
2025-07-09 11:18:12,ScotiabankPE,"Jun 13, 2024",,2,6,9,0,4.0K
2025-07-09 11:18:12,ScotiabankPE,"Jun 14, 2024","Somos y seremos sus más grandes hinchas. ⚽️Etiquétalo y dile por qué lo eres. ❤️

#ScotiabankPerú #HablemosEnSerio #DíaDelPadre",18,0,4,0,4.0K
2025-07-09 11:18:12,ScotiabankPE,"May 10, 2024","El mejor regalo para mamá es reconocerla. 🤗  Etiquétala y coméntale por qué lo está haciendo bien.
#HablemosEnSerio #ScotiabankPerú #FelizDíaMamá",14,0,3,0,4.0K
2025-07-09 11:18:12,ScotiabankPE,"Apr 12, 2024","Estos pequeños campeones conquistaron la Copa Continental Scotiabank y ganaron un viaje a Barcelona. 🏆 ⚽️

Comenta aquí dejándoles tus mejores deseos.

#CampeonesEnBarcelona #TodosALaCancha #HablemosEnSerio #ScotiabankPerú",8,0,2,0,4.0K
2025-07-09 12:41:35,ScotiabankPE,Jun 27,,3,1,1,0,782
2025-07-09 12:41:35,ScotiabankPE,Jun 24,,0,1,0,0,793
2025-07-09 12:41:35,ScotiabankPE,Jun 20,,0,1,1,0,382
2025-07-09 12:41:35,ScotiabankPE,Jun 6,,1,1,2,0,928
2025-07-09 12:41:35,ScotiabankPE,May 26,,1,1,2,1,1.0K
2025-07-09 12:41:35,ScotiabankPE,May 22,,1,1,3,0,1.0K
2025-07-09 12:41:35,ScotiabankPE,Apr 28,,1,2,5,1,1.0K
2025-07-09 12:41:35,ScotiabankPE,Mar 26,,8,1,0,0,2.0K
2025-07-09 12:41:35,ScotiabankPE,Mar 12,,4,2,0,0,2.0K
2025-07-09 12:41:35,ScotiabankPE,Mar 7,,6,1,1,0,1.0K
2025-07-09 12:41:35,ScotiabankPE,Mar 7,En Scotiabank te reconocemos tus logros y nos comprometemos a seguir trabajando por la equidad todos los días del año. #8MTodosLosDías. 💜 #8MTODOSLOSDÍAS,14,1,6,0,2.0K
2025-07-09 12:41:35,ScotiabankPE,Oct 16,,19,2,11,1,7.0K
2025-07-09 12:41:35,ScotiabankPE,Sep 10,,2,4,26,1,6.0K
2025-07-09 12:41:35,ScotiabankPE,Aug 29,,0,4,23,0,5.0K
2025-07-09 12:41:35,ScotiabankPE,Aug 8,,6,1,2,0,4.0K
2025-07-09 12:41:35,ScotiabankPE,"Jun 18, 2024",,5,1,3,0,5.0K
2025-07-09 12:41:35,ScotiabankPE,"Jun 13, 2024",,2,6,9,0,4.0K
2025-07-09 12:41:35,ScotiabankPE,"Jun 14, 2024","Somos y seremos sus más grandes hinchas. ⚽️Etiquétalo y dile por qué lo eres. ❤️

#ScotiabankPerú #HablemosEnSerio #DíaDelPadre",18,0,4,0,4.0K
2025-07-09 12:41:35,ScotiabankPE,"May 10, 2024","El mejor regalo para mamá es reconocerla. 🤗  Etiquétala y coméntale por qué lo está haciendo bien.
#HablemosEnSerio #ScotiabankPerú #FelizDíaMamá",14,0,3,0,4.0K
2025-07-09 12:41:35,ScotiabankPE,"Apr 12, 2024","Estos pequeños campeones conquistaron la Copa Continental Scotiabank y ganaron un viaje a Barcelona. 🏆 ⚽️

Comenta aquí dejándoles tus mejores deseos.

#CampeonesEnBarcelona #TodosALaCancha #HablemosEnSerio #ScotiabankPerú",8,0,2,0,4.0K
2025-07-09 15:22:16,ScotiabankPE,Jun 27,".@ScotiabankPE captó US$400 millones en emisión internacional de bonos subordinados. 

semanaeconomica.com/que-esta-pasan…",3,1,1,0,784
2025-07-09 15:22:16,ScotiabankPE,Jun 24,".@ScotiabankPE lanza roadshow internacional previo a nueva emisión de bonos por US$1,000 millones. Scotiabank contrató a @GoldmanSachs y Scotia Capital para presentar la operación ante inversionistas institucionales.
semanaeconomica.com/que-esta-pasan…",0,1,0,0,794
2025-07-09 15:22:16,ScotiabankPE,Jun 20,"Agradecemos a nuestro auspiciador PLATA 🎊 @ScotiabankPE, quién se une a la 30° edición de #CADEUniversitario, el encuentro de jóvenes líderes más importante del país, y se suma a nuestro compromiso de construir un Perú más desarrollado.

Conoce más aquí 👉…",0,1,1,0,384
2025-07-09 15:22:16,ScotiabankPE,Jun 6,"#BrandedContent.  La alta dirección de @ScotiabankPE, liderada por su CEO global, llegó a Perú y sostuvo reuniones con clientes estratégicos y reafirmó la importancia del mercado peruano en su operación internacional.
semanaeconomica.com/economia-finan…",1,1,2,0,929
2025-07-09 15:22:16,ScotiabankPE,May 26,"#BrandedContent.  La alta dirección de @ScotiabankPE, liderada por su CEO global, llegó a Perú y sostuvo reuniones con clientes estratégicos y reafirmó la importancia del mercado peruano en su operación internacional.
semanaeconomica.com/economia-finan…",1,1,2,1,1.0K
2025-07-09 15:22:16,ScotiabankPE,May 22,"#BrandedContent.  La alta dirección de @ScotiabankPE, liderada por su CEO global, llegó a Perú y sostuvo reuniones con clientes estratégicos y reafirmó la importancia del mercado peruano en su operación internacional. 

Conoce más: acortar.link/oCt094",1,1,3,0,1.0K
2025-07-09 15:22:16,ScotiabankPE,Apr 28,"#NotaInformativa | Buscando fortalecer la inversión privada y dinamizar el crecimiento económico, 📈 el ministro @Jose_SalardiR, junto con el director de Sistema Financiero y Mercado de Capitales de la Dirección General de Mercados Financieros y Previsional Privado, Óscar Orcón,…",1,2,5,1,1.0K
2025-07-09 15:22:16,ScotiabankPE,Mar 26,"#BrandedContent. @ScotiabankPE ha sido reconocido por segundo año consecutivo como líder de Banca Privada en Perú por Global Finance.
semanaeconomica.com/economia-finan…",8,1,0,0,2.0K
2025-07-09 15:22:16,ScotiabankPE,Mar 12,"#BrandedContent. @ScotiabankPE ha sido reconocido por segundo año consecutivo como líder de Banca Privada en Perú por Global Finance.

semanaeconomica.com/economia-finan…",4,2,0,0,2.0K
2025-07-09 15:22:16,ScotiabankPE,Mar 7,"#BrandedContent. @ScotiabankPE ha sido reconocido por segundo año consecutivo como líder de Banca Privada en Perú por Global Finance. Tras el reconocimiento, Patricia Martinez, Head de banca privada en Scotiabank, explica las acciones realizadas para lograr el reconocimiento, así…",6,1,1,0,1.0K
2025-07-09 15:22:16,ScotiabankPE,Mar 7,En Scotiabank te reconocemos tus logros y nos comprometemos a seguir trabajando por la equidad todos los días del año. #8MTodosLosDías. 💜 #8MTODOSLOSDÍAS,14,1,6,0,2.0K
2025-07-09 15:22:16,ScotiabankPE,Oct 16,"#BrandedContent. @ScotiabankPE presentó oficialmente a Sebastián Arcuri como su nuevo CEO, y junto a su CEO Global y Head of International Banking, reforzó su compromiso con sus clientes y el desarrollo del país.

Conoce más: acortar.link/Cg9UF1",19,2,11,1,7.0K
2025-07-09 15:22:16,ScotiabankPE,Sep 10,"Conoce nuestro proyecto en Punchan, Iquitos, Perú🇵🇪, con @scotiabankPE y @WorldVisionPeru, enfocado en mejorar la educación infantil con tecnología, fortalecer el rol familiar con ternura y el apoyo de proyectos juveniles.",2,4,26,1,6.0K
2025-07-09 15:22:16,ScotiabankPE,Aug 29,"Conoce nuestro proyecto en Punchana, Iquitos, Perú🇵🇪, con @ScotiabankPE y @WorldVisionPeru, enfocado en mejorar la educación infantil con tecnología, fortalecer el rol familiar con ternura y el apoyo de proyectos juveniles.",0,4,23,0,5.0K
2025-07-09 15:22:16,ScotiabankPE,Aug 8,Scotiabank lanza Fondo de Impacto Social ScotiaRISE en Perú ⏩n9.cl/bsrmz,6,1,2,0,4.0K
2025-07-09 15:22:16,ScotiabankPE,"Jun 18, 2024","Desde el 2022, hemos implementado el proyecto ""Inclusión Educativa para la Vida"" en Loreto, uno de los departamentos con mayor pobreza monetaria. Esta iniciativa, en alianza con @ScotiabankPE y @FundacioFCB, tiene como objetivo mejorar la calidad educativa de las niñas y niños.",5,1,3,0,5.0K
2025-07-09 15:22:16,ScotiabankPE,"Jun 13, 2024","En nuestro compromiso con el bienestar de la niñez, desde el 2022 implementamos el proyecto ""Inclusión Educativa para la Vida"" con el apoyo de @ScotiabankPE y la @FCBarcelona, para brindar acceso a una educación de calidad a las niñas y niños. 

#Scotiabank #FundacionBarcelona",2,6,9,0,4.0K
2025-07-09 15:22:16,ScotiabankPE,"Jun 14, 2024","Somos y seremos sus más grandes hinchas. ⚽️Etiquétalo y dile por qué lo eres. ❤️

#ScotiabankPerú #HablemosEnSerio #DíaDelPadre",18,0,4,0,4.0K
2025-07-09 15:22:16,ScotiabankPE,"May 10, 2024","El mejor regalo para mamá es reconocerla. 🤗  Etiquétala y coméntale por qué lo está haciendo bien.
#HablemosEnSerio #ScotiabankPerú #FelizDíaMamá",14,0,3,0,4.0K
2025-07-09 15:22:16,ScotiabankPE,"Apr 12, 2024","Estos pequeños campeones conquistaron la Copa Continental Scotiabank y ganaron un viaje a Barcelona. 🏆 ⚽️

Comenta aquí dejándoles tus mejores deseos.

#CampeonesEnBarcelona #TodosALaCancha #HablemosEnSerio #ScotiabankPerú",8,0,2,0,4.0K
2025-07-09 16:24:43,ScotiabankPE,Jun 27,".@ScotiabankPE captó US$400 millones en emisión internacional de bonos subordinados. 

semanaeconomica.com/que-esta-pasan…",3,1,1,0,785
2025-07-09 16:24:43,ScotiabankPE,Jun 24,".@ScotiabankPE lanza roadshow internacional previo a nueva emisión de bonos por US$1,000 millones. Scotiabank contrató a @GoldmanSachs y Scotia Capital para presentar la operación ante inversionistas institucionales.
semanaeconomica.com/que-esta-pasan…",0,1,0,0,795
2025-07-09 16:24:43,ScotiabankPE,Jun 20,"Agradecemos a nuestro auspiciador PLATA 🎊 @ScotiabankPE, quién se une a la 30° edición de #CADEUniversitario, el encuentro de jóvenes líderes más importante del país, y se suma a nuestro compromiso de construir un Perú más desarrollado.

Conoce más aquí 👉…",0,1,1,0,384
2025-07-09 16:24:43,ScotiabankPE,Jun 6,"#BrandedContent.  La alta dirección de @ScotiabankPE, liderada por su CEO global, llegó a Perú y sostuvo reuniones con clientes estratégicos y reafirmó la importancia del mercado peruano en su operación internacional.
semanaeconomica.com/economia-finan…",1,1,2,0,929
2025-07-09 16:24:43,ScotiabankPE,May 26,"#BrandedContent.  La alta dirección de @ScotiabankPE, liderada por su CEO global, llegó a Perú y sostuvo reuniones con clientes estratégicos y reafirmó la importancia del mercado peruano en su operación internacional.
semanaeconomica.com/economia-finan…",1,1,2,1,1.0K
2025-07-09 16:24:43,ScotiabankPE,May 22,"#BrandedContent.  La alta dirección de @ScotiabankPE, liderada por su CEO global, llegó a Perú y sostuvo reuniones con clientes estratégicos y reafirmó la importancia del mercado peruano en su operación internacional. 

Conoce más: acortar.link/oCt094",1,1,3,0,1.0K
2025-07-09 16:24:43,ScotiabankPE,Apr 28,"#NotaInformativa | Buscando fortalecer la inversión privada y dinamizar el crecimiento económico, 📈 el ministro @Jose_SalardiR, junto con el director de Sistema Financiero y Mercado de Capitales de la Dirección General de Mercados Financieros y Previsional Privado, Óscar Orcón,…",1,2,5,1,1.0K
2025-07-09 16:24:43,ScotiabankPE,Mar 26,"#BrandedContent. @ScotiabankPE ha sido reconocido por segundo año consecutivo como líder de Banca Privada en Perú por Global Finance.
semanaeconomica.com/economia-finan…",8,1,0,0,2.0K
2025-07-09 16:24:43,ScotiabankPE,Mar 12,"#BrandedContent. @ScotiabankPE ha sido reconocido por segundo año consecutivo como líder de Banca Privada en Perú por Global Finance.

semanaeconomica.com/economia-finan…",4,2,0,0,2.0K
2025-07-09 16:24:43,ScotiabankPE,Mar 7,"#BrandedContent. @ScotiabankPE ha sido reconocido por segundo año consecutivo como líder de Banca Privada en Perú por Global Finance. Tras el reconocimiento, Patricia Martinez, Head de banca privada en Scotiabank, explica las acciones realizadas para lograr el reconocimiento, así…",6,1,1,0,1.0K
2025-07-09 16:24:43,ScotiabankPE,Mar 7,En Scotiabank te reconocemos tus logros y nos comprometemos a seguir trabajando por la equidad todos los días del año. #8MTodosLosDías. 💜 #8MTODOSLOSDÍAS,14,1,6,0,2.0K
2025-07-09 16:24:43,ScotiabankPE,Oct 16,"#BrandedContent. @ScotiabankPE presentó oficialmente a Sebastián Arcuri como su nuevo CEO, y junto a su CEO Global y Head of International Banking, reforzó su compromiso con sus clientes y el desarrollo del país.

Conoce más: acortar.link/Cg9UF1",19,2,11,1,7.0K
2025-07-09 16:24:43,ScotiabankPE,Sep 10,"Conoce nuestro proyecto en Punchan, Iquitos, Perú🇵🇪, con @scotiabankPE y @WorldVisionPeru, enfocado en mejorar la educación infantil con tecnología, fortalecer el rol familiar con ternura y el apoyo de proyectos juveniles.",2,4,26,1,6.0K
2025-07-09 16:24:43,ScotiabankPE,Aug 29,"Conoce nuestro proyecto en Punchana, Iquitos, Perú🇵🇪, con @ScotiabankPE y @WorldVisionPeru, enfocado en mejorar la educación infantil con tecnología, fortalecer el rol familiar con ternura y el apoyo de proyectos juveniles.",0,4,23,0,5.0K
2025-07-09 16:24:43,ScotiabankPE,Aug 8,Scotiabank lanza Fondo de Impacto Social ScotiaRISE en Perú ⏩n9.cl/bsrmz,6,1,2,0,4.0K
2025-07-09 16:24:43,ScotiabankPE,"Jun 18, 2024","Desde el 2022, hemos implementado el proyecto ""Inclusión Educativa para la Vida"" en Loreto, uno de los departamentos con mayor pobreza monetaria. Esta iniciativa, en alianza con @ScotiabankPE y @FundacioFCB, tiene como objetivo mejorar la calidad educativa de las niñas y niños.",5,1,3,0,5.0K
2025-07-09 16:24:43,ScotiabankPE,"Jun 13, 2024","En nuestro compromiso con el bienestar de la niñez, desde el 2022 implementamos el proyecto ""Inclusión Educativa para la Vida"" con el apoyo de @ScotiabankPE y la @FCBarcelona, para brindar acceso a una educación de calidad a las niñas y niños. 

#Scotiabank #FundacionBarcelona",2,6,9,0,4.0K
2025-07-09 16:24:43,ScotiabankPE,"Jun 14, 2024","Somos y seremos sus más grandes hinchas. ⚽️Etiquétalo y dile por qué lo eres. ❤️

#ScotiabankPerú #HablemosEnSerio #DíaDelPadre",18,0,4,0,4.0K
2025-07-09 16:24:43,ScotiabankPE,"May 10, 2024","El mejor regalo para mamá es reconocerla. 🤗  Etiquétala y coméntale por qué lo está haciendo bien.
#HablemosEnSerio #ScotiabankPerú #FelizDíaMamá",14,0,3,0,4.0K
2025-07-09 16:24:43,ScotiabankPE,"Apr 12, 2024","Estos pequeños campeones conquistaron la Copa Continental Scotiabank y ganaron un viaje a Barcelona. 🏆 ⚽️

Comenta aquí dejándoles tus mejores deseos.

#CampeonesEnBarcelona #TodosALaCancha #HablemosEnSerio #ScotiabankPerú",8,0,2,0,4.0K
2025-07-09 17:20:05,ScotiabankPE,Jun 27,".@ScotiabankPE captó US$400 millones en emisión internacional de bonos subordinados. 

semanaeconomica.com/que-esta-pasan…",3,1,1,0,785
2025-07-09 17:20:05,ScotiabankPE,Jun 24,".@ScotiabankPE lanza roadshow internacional previo a nueva emisión de bonos por US$1,000 millones. Scotiabank contrató a @GoldmanSachs y Scotia Capital para presentar la operación ante inversionistas institucionales.
semanaeconomica.com/que-esta-pasan…",0,1,0,0,795
2025-07-09 17:20:05,ScotiabankPE,Jun 20,"Agradecemos a nuestro auspiciador PLATA 🎊 @ScotiabankPE, quién se une a la 30° edición de #CADEUniversitario, el encuentro de jóvenes líderes más importante del país, y se suma a nuestro compromiso de construir un Perú más desarrollado.

Conoce más aquí 👉…",0,1,1,0,384
2025-07-09 17:20:05,ScotiabankPE,Jun 6,"#BrandedContent.  La alta dirección de @ScotiabankPE, liderada por su CEO global, llegó a Perú y sostuvo reuniones con clientes estratégicos y reafirmó la importancia del mercado peruano en su operación internacional.
semanaeconomica.com/economia-finan…",1,1,2,0,929
2025-07-09 17:20:05,ScotiabankPE,May 26,"#BrandedContent.  La alta dirección de @ScotiabankPE, liderada por su CEO global, llegó a Perú y sostuvo reuniones con clientes estratégicos y reafirmó la importancia del mercado peruano en su operación internacional.
semanaeconomica.com/economia-finan…",1,1,2,1,1.0K
2025-07-09 17:20:05,ScotiabankPE,May 22,"#BrandedContent.  La alta dirección de @ScotiabankPE, liderada por su CEO global, llegó a Perú y sostuvo reuniones con clientes estratégicos y reafirmó la importancia del mercado peruano en su operación internacional. 

Conoce más: acortar.link/oCt094",1,1,3,0,1.0K
2025-07-09 17:20:05,ScotiabankPE,Apr 28,"#NotaInformativa | Buscando fortalecer la inversión privada y dinamizar el crecimiento económico, 📈 el ministro @Jose_SalardiR, junto con el director de Sistema Financiero y Mercado de Capitales de la Dirección General de Mercados Financieros y Previsional Privado, Óscar Orcón,…",1,2,5,1,1.0K
2025-07-09 17:20:05,ScotiabankPE,Mar 26,"#BrandedContent. @ScotiabankPE ha sido reconocido por segundo año consecutivo como líder de Banca Privada en Perú por Global Finance.
semanaeconomica.com/economia-finan…",8,1,0,0,2.0K
2025-07-09 17:20:05,ScotiabankPE,Mar 12,"#BrandedContent. @ScotiabankPE ha sido reconocido por segundo año consecutivo como líder de Banca Privada en Perú por Global Finance.

semanaeconomica.com/economia-finan…",4,2,0,0,2.0K
2025-07-09 17:20:05,ScotiabankPE,Mar 7,"#BrandedContent. @ScotiabankPE ha sido reconocido por segundo año consecutivo como líder de Banca Privada en Perú por Global Finance. Tras el reconocimiento, Patricia Martinez, Head de banca privada en Scotiabank, explica las acciones realizadas para lograr el reconocimiento, así…",6,1,1,0,1.0K
2025-07-09 17:20:05,ScotiabankPE,Mar 7,En Scotiabank te reconocemos tus logros y nos comprometemos a seguir trabajando por la equidad todos los días del año. #8MTodosLosDías. 💜 #8MTODOSLOSDÍAS,14,1,6,0,2.0K
2025-07-09 17:20:05,ScotiabankPE,Oct 16,"#BrandedContent. @ScotiabankPE presentó oficialmente a Sebastián Arcuri como su nuevo CEO, y junto a su CEO Global y Head of International Banking, reforzó su compromiso con sus clientes y el desarrollo del país.

Conoce más: acortar.link/Cg9UF1",19,2,11,1,7.0K
2025-07-09 17:20:05,ScotiabankPE,Sep 10,"Conoce nuestro proyecto en Punchan, Iquitos, Perú🇵🇪, con @scotiabankPE y @WorldVisionPeru, enfocado en mejorar la educación infantil con tecnología, fortalecer el rol familiar con ternura y el apoyo de proyectos juveniles.",2,4,26,1,6.0K
2025-07-09 17:20:05,ScotiabankPE,Aug 29,"Conoce nuestro proyecto en Punchana, Iquitos, Perú🇵🇪, con @ScotiabankPE y @WorldVisionPeru, enfocado en mejorar la educación infantil con tecnología, fortalecer el rol familiar con ternura y el apoyo de proyectos juveniles.",0,4,23,0,5.0K
2025-07-09 17:20:05,ScotiabankPE,Aug 8,Scotiabank lanza Fondo de Impacto Social ScotiaRISE en Perú ⏩n9.cl/bsrmz,6,1,2,0,4.0K
2025-07-09 17:20:05,ScotiabankPE,"Jun 18, 2024","Desde el 2022, hemos implementado el proyecto ""Inclusión Educativa para la Vida"" en Loreto, uno de los departamentos con mayor pobreza monetaria. Esta iniciativa, en alianza con @ScotiabankPE y @FundacioFCB, tiene como objetivo mejorar la calidad educativa de las niñas y niños.",5,1,3,0,5.0K
2025-07-09 17:20:05,ScotiabankPE,"Jun 13, 2024","En nuestro compromiso con el bienestar de la niñez, desde el 2022 implementamos el proyecto ""Inclusión Educativa para la Vida"" con el apoyo de @ScotiabankPE y la @FCBarcelona, para brindar acceso a una educación de calidad a las niñas y niños. 

#Scotiabank #FundacionBarcelona",2,6,9,0,4.0K
2025-07-09 17:20:05,ScotiabankPE,"Jun 14, 2024","Somos y seremos sus más grandes hinchas. ⚽️Etiquétalo y dile por qué lo eres. ❤️

#ScotiabankPerú #HablemosEnSerio #DíaDelPadre",18,0,4,0,4.0K
2025-07-09 17:20:05,ScotiabankPE,"May 10, 2024","El mejor regalo para mamá es reconocerla. 🤗  Etiquétala y coméntale por qué lo está haciendo bien.
#HablemosEnSerio #ScotiabankPerú #FelizDíaMamá",14,0,3,0,4.0K
2025-07-09 17:20:05,ScotiabankPE,"Apr 12, 2024","Estos pequeños campeones conquistaron la Copa Continental Scotiabank y ganaron un viaje a Barcelona. 🏆 ⚽️

Comenta aquí dejándoles tus mejores deseos.

#CampeonesEnBarcelona #TodosALaCancha #HablemosEnSerio #ScotiabankPerú",8,0,2,0,4.0K
2025-07-09 18:29:37,ScotiabankPE,Jun 27,".@ScotiabankPE captó US$400 millones en emisión internacional de bonos subordinados. 

semanaeconomica.com/que-esta-pasan…",3,1,1,0,786
2025-07-09 18:29:37,ScotiabankPE,Jun 24,".@ScotiabankPE lanza roadshow internacional previo a nueva emisión de bonos por US$1,000 millones. Scotiabank contrató a @GoldmanSachs y Scotia Capital para presentar la operación ante inversionistas institucionales.
semanaeconomica.com/que-esta-pasan…",0,1,0,0,796
2025-07-09 18:29:37,ScotiabankPE,Jun 20,"Agradecemos a nuestro auspiciador PLATA 🎊 @ScotiabankPE, quién se une a la 30° edición de #CADEUniversitario, el encuentro de jóvenes líderes más importante del país, y se suma a nuestro compromiso de construir un Perú más desarrollado.

Conoce más aquí 👉…",0,1,1,0,385
2025-07-09 18:29:37,ScotiabankPE,Jun 6,"#BrandedContent.  La alta dirección de @ScotiabankPE, liderada por su CEO global, llegó a Perú y sostuvo reuniones con clientes estratégicos y reafirmó la importancia del mercado peruano en su operación internacional.
semanaeconomica.com/economia-finan…",1,1,2,0,930
2025-07-09 18:29:37,ScotiabankPE,May 26,"#BrandedContent.  La alta dirección de @ScotiabankPE, liderada por su CEO global, llegó a Perú y sostuvo reuniones con clientes estratégicos y reafirmó la importancia del mercado peruano en su operación internacional.
semanaeconomica.com/economia-finan…",1,1,2,1,1.0K
2025-07-09 18:29:37,ScotiabankPE,May 22,"#BrandedContent.  La alta dirección de @ScotiabankPE, liderada por su CEO global, llegó a Perú y sostuvo reuniones con clientes estratégicos y reafirmó la importancia del mercado peruano en su operación internacional. 

Conoce más: acortar.link/oCt094",1,1,3,0,1.0K
2025-07-09 18:29:37,ScotiabankPE,Apr 28,"#NotaInformativa | Buscando fortalecer la inversión privada y dinamizar el crecimiento económico, 📈 el ministro @Jose_SalardiR, junto con el director de Sistema Financiero y Mercado de Capitales de la Dirección General de Mercados Financieros y Previsional Privado, Óscar Orcón,…",1,2,5,1,1.0K
2025-07-09 18:29:37,ScotiabankPE,Mar 26,"#BrandedContent. @ScotiabankPE ha sido reconocido por segundo año consecutivo como líder de Banca Privada en Perú por Global Finance.
semanaeconomica.com/economia-finan…",8,1,0,0,2.0K
2025-07-09 18:29:37,ScotiabankPE,Mar 12,"#BrandedContent. @ScotiabankPE ha sido reconocido por segundo año consecutivo como líder de Banca Privada en Perú por Global Finance.

semanaeconomica.com/economia-finan…",4,2,0,0,2.0K
2025-07-09 18:29:37,ScotiabankPE,Mar 7,"#BrandedContent. @ScotiabankPE ha sido reconocido por segundo año consecutivo como líder de Banca Privada en Perú por Global Finance. Tras el reconocimiento, Patricia Martinez, Head de banca privada en Scotiabank, explica las acciones realizadas para lograr el reconocimiento, así…",6,1,1,0,1.0K
2025-07-09 18:29:37,ScotiabankPE,Mar 7,En Scotiabank te reconocemos tus logros y nos comprometemos a seguir trabajando por la equidad todos los días del año. #8MTodosLosDías. 💜 #8MTODOSLOSDÍAS,14,1,6,0,2.0K
2025-07-09 18:29:37,ScotiabankPE,Oct 16,"#BrandedContent. @ScotiabankPE presentó oficialmente a Sebastián Arcuri como su nuevo CEO, y junto a su CEO Global y Head of International Banking, reforzó su compromiso con sus clientes y el desarrollo del país.

Conoce más: acortar.link/Cg9UF1",19,2,11,1,7.0K
2025-07-09 18:29:37,ScotiabankPE,Sep 10,"Conoce nuestro proyecto en Punchan, Iquitos, Perú🇵🇪, con @scotiabankPE y @WorldVisionPeru, enfocado en mejorar la educación infantil con tecnología, fortalecer el rol familiar con ternura y el apoyo de proyectos juveniles.",2,4,26,1,6.0K
2025-07-09 18:29:37,ScotiabankPE,Aug 29,"Conoce nuestro proyecto en Punchana, Iquitos, Perú🇵🇪, con @ScotiabankPE y @WorldVisionPeru, enfocado en mejorar la educación infantil con tecnología, fortalecer el rol familiar con ternura y el apoyo de proyectos juveniles.",0,4,23,0,5.0K
2025-07-09 18:29:37,ScotiabankPE,Aug 8,Scotiabank lanza Fondo de Impacto Social ScotiaRISE en Perú ⏩n9.cl/bsrmz,6,1,2,0,4.0K
2025-07-09 18:29:37,ScotiabankPE,"Jun 18, 2024","Desde el 2022, hemos implementado el proyecto ""Inclusión Educativa para la Vida"" en Loreto, uno de los departamentos con mayor pobreza monetaria. Esta iniciativa, en alianza con @ScotiabankPE y @FundacioFCB, tiene como objetivo mejorar la calidad educativa de las niñas y niños.",5,1,3,0,5.0K
2025-07-09 18:29:37,ScotiabankPE,"Jun 13, 2024","En nuestro compromiso con el bienestar de la niñez, desde el 2022 implementamos el proyecto ""Inclusión Educativa para la Vida"" con el apoyo de @ScotiabankPE y la @FCBarcelona, para brindar acceso a una educación de calidad a las niñas y niños. 

#Scotiabank #FundacionBarcelona",2,6,9,0,4.0K
2025-07-09 18:29:37,ScotiabankPE,"Jun 14, 2024","Somos y seremos sus más grandes hinchas. ⚽️Etiquétalo y dile por qué lo eres. ❤️

#ScotiabankPerú #HablemosEnSerio #DíaDelPadre",18,0,4,0,4.0K
2025-07-09 18:29:37,ScotiabankPE,"May 10, 2024","El mejor regalo para mamá es reconocerla. 🤗  Etiquétala y coméntale por qué lo está haciendo bien.
#HablemosEnSerio #ScotiabankPerú #FelizDíaMamá",14,0,3,0,4.0K
2025-07-09 18:29:37,ScotiabankPE,"Apr 12, 2024","Estos pequeños campeones conquistaron la Copa Continental Scotiabank y ganaron un viaje a Barcelona. 🏆 ⚽️

Comenta aquí dejándoles tus mejores deseos.

#CampeonesEnBarcelona #TodosALaCancha #HablemosEnSerio #ScotiabankPerú",8,0,2,0,4.0K
2025-07-10 20:22:33,ScotiabankPE,Jun 27,".@ScotiabankPE captó US$400 millones en emisión internacional de bonos subordinados. 

semanaeconomica.com/que-esta-pasan…",3,1,1,0,802
2025-07-10 20:22:33,ScotiabankPE,Jun 24,".@ScotiabankPE lanza roadshow internacional previo a nueva emisión de bonos por US$1,000 millones. Scotiabank contrató a @GoldmanSachs y Scotia Capital para presentar la operación ante inversionistas institucionales.
semanaeconomica.com/que-esta-pasan…",0,1,0,0,810
2025-07-10 20:22:33,ScotiabankPE,Jun 20,"Agradecemos a nuestro auspiciador PLATA 🎊 @ScotiabankPE, quién se une a la 30° edición de #CADEUniversitario, el encuentro de jóvenes líderes más importante del país, y se suma a nuestro compromiso de construir un Perú más desarrollado.

Conoce más aquí 👉…",0,1,1,0,395
2025-07-10 20:22:33,ScotiabankPE,Jun 6,"#BrandedContent.  La alta dirección de @ScotiabankPE, liderada por su CEO global, llegó a Perú y sostuvo reuniones con clientes estratégicos y reafirmó la importancia del mercado peruano en su operación internacional.
semanaeconomica.com/economia-finan…",1,1,2,0,938
2025-07-10 20:22:33,ScotiabankPE,May 26,"#BrandedContent.  La alta dirección de @ScotiabankPE, liderada por su CEO global, llegó a Perú y sostuvo reuniones con clientes estratégicos y reafirmó la importancia del mercado peruano en su operación internacional.
semanaeconomica.com/economia-finan…",1,1,2,1,1.0K
2025-07-10 20:22:33,ScotiabankPE,May 22,"#BrandedContent.  La alta dirección de @ScotiabankPE, liderada por su CEO global, llegó a Perú y sostuvo reuniones con clientes estratégicos y reafirmó la importancia del mercado peruano en su operación internacional. 

Conoce más: acortar.link/oCt094",1,1,3,0,1.0K
2025-07-10 20:22:33,ScotiabankPE,Apr 28,"#NotaInformativa | Buscando fortalecer la inversión privada y dinamizar el crecimiento económico, 📈 el ministro @Jose_SalardiR, junto con el director de Sistema Financiero y Mercado de Capitales de la Dirección General de Mercados Financieros y Previsional Privado, Óscar Orcón,…",1,2,5,1,1.0K
2025-07-10 20:22:33,ScotiabankPE,Mar 26,"#BrandedContent. @ScotiabankPE ha sido reconocido por segundo año consecutivo como líder de Banca Privada en Perú por Global Finance.
semanaeconomica.com/economia-finan…",8,1,0,0,2.0K
2025-07-10 20:22:33,ScotiabankPE,Mar 12,"#BrandedContent. @ScotiabankPE ha sido reconocido por segundo año consecutivo como líder de Banca Privada en Perú por Global Finance.

semanaeconomica.com/economia-finan…",4,2,0,0,2.0K
2025-07-10 20:22:33,ScotiabankPE,Mar 7,"#BrandedContent. @ScotiabankPE ha sido reconocido por segundo año consecutivo como líder de Banca Privada en Perú por Global Finance. Tras el reconocimiento, Patricia Martinez, Head de banca privada en Scotiabank, explica las acciones realizadas para lograr el reconocimiento, así…",6,1,1,0,1.0K
2025-07-10 20:22:33,ScotiabankPE,Mar 7,En Scotiabank te reconocemos tus logros y nos comprometemos a seguir trabajando por la equidad todos los días del año. #8MTodosLosDías. 💜 #8MTODOSLOSDÍAS,14,1,6,0,2.0K
2025-07-10 20:22:33,ScotiabankPE,Oct 16,"#BrandedContent. @ScotiabankPE presentó oficialmente a Sebastián Arcuri como su nuevo CEO, y junto a su CEO Global y Head of International Banking, reforzó su compromiso con sus clientes y el desarrollo del país.

Conoce más: acortar.link/Cg9UF1",19,2,11,1,7.0K
2025-07-10 20:22:33,ScotiabankPE,Sep 10,"Conoce nuestro proyecto en Punchan, Iquitos, Perú🇵🇪, con @scotiabankPE y @WorldVisionPeru, enfocado en mejorar la educación infantil con tecnología, fortalecer el rol familiar con ternura y el apoyo de proyectos juveniles.",2,4,26,1,6.0K
2025-07-10 20:22:33,ScotiabankPE,Aug 29,"Conoce nuestro proyecto en Punchana, Iquitos, Perú🇵🇪, con @ScotiabankPE y @WorldVisionPeru, enfocado en mejorar la educación infantil con tecnología, fortalecer el rol familiar con ternura y el apoyo de proyectos juveniles.",0,4,23,0,5.0K
2025-07-10 20:22:33,ScotiabankPE,Aug 8,Scotiabank lanza Fondo de Impacto Social ScotiaRISE en Perú ⏩n9.cl/bsrmz,6,1,2,0,4.0K
2025-07-10 20:22:33,ScotiabankPE,"Jun 18, 2024","Desde el 2022, hemos implementado el proyecto ""Inclusión Educativa para la Vida"" en Loreto, uno de los departamentos con mayor pobreza monetaria. Esta iniciativa, en alianza con @ScotiabankPE y @FundacioFCB, tiene como objetivo mejorar la calidad educativa de las niñas y niños.",5,1,3,0,5.0K
2025-07-10 20:22:33,ScotiabankPE,"Jun 13, 2024","En nuestro compromiso con el bienestar de la niñez, desde el 2022 implementamos el proyecto ""Inclusión Educativa para la Vida"" con el apoyo de @ScotiabankPE y la @FCBarcelona, para brindar acceso a una educación de calidad a las niñas y niños. 

#Scotiabank #FundacionBarcelona",2,6,9,0,4.0K
2025-07-10 20:22:33,ScotiabankPE,"Jun 14, 2024","Somos y seremos sus más grandes hinchas. ⚽️Etiquétalo y dile por qué lo eres. ❤️

#ScotiabankPerú #HablemosEnSerio #DíaDelPadre",18,0,4,0,4.0K
2025-07-10 20:22:33,ScotiabankPE,"May 10, 2024","El mejor regalo para mamá es reconocerla. 🤗  Etiquétala y coméntale por qué lo está haciendo bien.
#HablemosEnSerio #ScotiabankPerú #FelizDíaMamá",14,0,3,0,4.0K
2025-07-10 20:22:33,ScotiabankPE,"Apr 12, 2024","Estos pequeños campeones conquistaron la Copa Continental Scotiabank y ganaron un viaje a Barcelona. 🏆 ⚽️

Comenta aquí dejándoles tus mejores deseos.

#CampeonesEnBarcelona #TodosALaCancha #HablemosEnSerio #ScotiabankPerú",8,0,2,0,4.0K
2025-07-10 21:20:48,ScotiabankPE,Jun 27,".@ScotiabankPE captó US$400 millones en emisión internacional de bonos subordinados. 

semanaeconomica.com/que-esta-pasan…",3,1,1,0,806
2025-07-10 21:20:48,ScotiabankPE,Jun 24,".@ScotiabankPE lanza roadshow internacional previo a nueva emisión de bonos por US$1,000 millones. Scotiabank contrató a @GoldmanSachs y Scotia Capital para presentar la operación ante inversionistas institucionales.
semanaeconomica.com/que-esta-pasan…",0,1,0,0,814
2025-07-10 21:20:48,ScotiabankPE,Jun 20,"Agradecemos a nuestro auspiciador PLATA 🎊 @ScotiabankPE, quién se une a la 30° edición de #CADEUniversitario, el encuentro de jóvenes líderes más importante del país, y se suma a nuestro compromiso de construir un Perú más desarrollado.

Conoce más aquí 👉…",0,1,1,0,399
2025-07-10 21:20:48,ScotiabankPE,Jun 6,"#BrandedContent.  La alta dirección de @ScotiabankPE, liderada por su CEO global, llegó a Perú y sostuvo reuniones con clientes estratégicos y reafirmó la importancia del mercado peruano en su operación internacional.
semanaeconomica.com/economia-finan…",1,1,2,0,938
2025-07-10 21:20:48,ScotiabankPE,May 26,"#BrandedContent.  La alta dirección de @ScotiabankPE, liderada por su CEO global, llegó a Perú y sostuvo reuniones con clientes estratégicos y reafirmó la importancia del mercado peruano en su operación internacional.
semanaeconomica.com/economia-finan…",1,1,2,1,1.0K
2025-07-10 21:20:48,ScotiabankPE,May 22,"#BrandedContent.  La alta dirección de @ScotiabankPE, liderada por su CEO global, llegó a Perú y sostuvo reuniones con clientes estratégicos y reafirmó la importancia del mercado peruano en su operación internacional. 

Conoce más: acortar.link/oCt094",1,1,3,0,1.0K
2025-07-10 21:20:48,ScotiabankPE,Apr 28,"#NotaInformativa | Buscando fortalecer la inversión privada y dinamizar el crecimiento económico, 📈 el ministro @Jose_SalardiR, junto con el director de Sistema Financiero y Mercado de Capitales de la Dirección General de Mercados Financieros y Previsional Privado, Óscar Orcón,…",1,2,5,1,1.0K
2025-07-10 21:20:48,ScotiabankPE,Mar 26,"#BrandedContent. @ScotiabankPE ha sido reconocido por segundo año consecutivo como líder de Banca Privada en Perú por Global Finance.
semanaeconomica.com/economia-finan…",8,1,0,0,2.0K
2025-07-10 21:20:48,ScotiabankPE,Mar 12,"#BrandedContent. @ScotiabankPE ha sido reconocido por segundo año consecutivo como líder de Banca Privada en Perú por Global Finance.

semanaeconomica.com/economia-finan…",4,2,0,0,2.0K
2025-07-10 21:20:48,ScotiabankPE,Mar 7,"#BrandedContent. @ScotiabankPE ha sido reconocido por segundo año consecutivo como líder de Banca Privada en Perú por Global Finance. Tras el reconocimiento, Patricia Martinez, Head de banca privada en Scotiabank, explica las acciones realizadas para lograr el reconocimiento, así…",6,1,1,0,1.0K
2025-07-10 21:20:48,ScotiabankPE,Mar 7,En Scotiabank te reconocemos tus logros y nos comprometemos a seguir trabajando por la equidad todos los días del año. #8MTodosLosDías. 💜 #8MTODOSLOSDÍAS,14,1,6,0,2.0K
2025-07-10 21:20:48,ScotiabankPE,Oct 16,"#BrandedContent. @ScotiabankPE presentó oficialmente a Sebastián Arcuri como su nuevo CEO, y junto a su CEO Global y Head of International Banking, reforzó su compromiso con sus clientes y el desarrollo del país.

Conoce más: acortar.link/Cg9UF1",19,2,11,1,7.0K
2025-07-10 21:20:48,ScotiabankPE,Sep 10,"Conoce nuestro proyecto en Punchan, Iquitos, Perú🇵🇪, con @scotiabankPE y @WorldVisionPeru, enfocado en mejorar la educación infantil con tecnología, fortalecer el rol familiar con ternura y el apoyo de proyectos juveniles.",2,4,26,1,6.0K
2025-07-10 21:20:48,ScotiabankPE,Aug 29,"Conoce nuestro proyecto en Punchana, Iquitos, Perú🇵🇪, con @ScotiabankPE y @WorldVisionPeru, enfocado en mejorar la educación infantil con tecnología, fortalecer el rol familiar con ternura y el apoyo de proyectos juveniles.",0,4,23,0,5.0K
2025-07-10 21:20:48,ScotiabankPE,Aug 8,Scotiabank lanza Fondo de Impacto Social ScotiaRISE en Perú ⏩n9.cl/bsrmz,6,1,2,0,4.0K
2025-07-10 21:20:48,ScotiabankPE,"Jun 18, 2024","Desde el 2022, hemos implementado el proyecto ""Inclusión Educativa para la Vida"" en Loreto, uno de los departamentos con mayor pobreza monetaria. Esta iniciativa, en alianza con @ScotiabankPE y @FundacioFCB, tiene como objetivo mejorar la calidad educativa de las niñas y niños.",5,1,3,0,5.0K
2025-07-10 21:20:48,ScotiabankPE,"Jun 13, 2024","En nuestro compromiso con el bienestar de la niñez, desde el 2022 implementamos el proyecto ""Inclusión Educativa para la Vida"" con el apoyo de @ScotiabankPE y la @FCBarcelona, para brindar acceso a una educación de calidad a las niñas y niños. 

#Scotiabank #FundacionBarcelona",2,6,9,0,4.0K
2025-07-10 21:20:48,ScotiabankPE,"Jun 14, 2024","Somos y seremos sus más grandes hinchas. ⚽️Etiquétalo y dile por qué lo eres. ❤️

#ScotiabankPerú #HablemosEnSerio #DíaDelPadre",18,0,4,0,4.0K
2025-07-10 21:20:48,ScotiabankPE,"May 10, 2024","El mejor regalo para mamá es reconocerla. 🤗  Etiquétala y coméntale por qué lo está haciendo bien.
#HablemosEnSerio #ScotiabankPerú #FelizDíaMamá",14,0,3,0,4.0K
2025-07-10 21:20:48,ScotiabankPE,"Apr 12, 2024","Estos pequeños campeones conquistaron la Copa Continental Scotiabank y ganaron un viaje a Barcelona. 🏆 ⚽️

Comenta aquí dejándoles tus mejores deseos.

#CampeonesEnBarcelona #TodosALaCancha #HablemosEnSerio #ScotiabankPerú",8,0,2,0,4.0K
2025-07-10 22:19:30,ScotiabankPE,5 h,"#EntrevistaSE. El CFO de @ScotiabankPE, Marcelo Rodríguez, cuenta que la reciente emisión por US$400 millones busca transmitir un mensaje de permanencia de largo plazo en el Perú.

Por @cabecitaterri.
semanaeconomica.com/economia-finan…",0,0,2,0,353
2025-07-10 22:19:30,ScotiabankPE,Jun 27,".@ScotiabankPE captó US$400 millones en emisión internacional de bonos subordinados. 

semanaeconomica.com/que-esta-pasan…",3,1,1,0,808
2025-07-10 22:19:30,ScotiabankPE,Jun 24,".@ScotiabankPE lanza roadshow internacional previo a nueva emisión de bonos por US$1,000 millones. Scotiabank contrató a @GoldmanSachs y Scotia Capital para presentar la operación ante inversionistas institucionales.
semanaeconomica.com/que-esta-pasan…",0,1,0,0,815
2025-07-10 22:19:30,ScotiabankPE,Jun 20,"Agradecemos a nuestro auspiciador PLATA 🎊 @ScotiabankPE, quién se une a la 30° edición de #CADEUniversitario, el encuentro de jóvenes líderes más importante del país, y se suma a nuestro compromiso de construir un Perú más desarrollado.

Conoce más aquí 👉…",0,1,1,0,399
2025-07-10 22:19:30,ScotiabankPE,Jun 6,"#BrandedContent.  La alta dirección de @ScotiabankPE, liderada por su CEO global, llegó a Perú y sostuvo reuniones con clientes estratégicos y reafirmó la importancia del mercado peruano en su operación internacional.
semanaeconomica.com/economia-finan…",1,1,2,0,939
2025-07-10 22:19:30,ScotiabankPE,May 26,"#BrandedContent.  La alta dirección de @ScotiabankPE, liderada por su CEO global, llegó a Perú y sostuvo reuniones con clientes estratégicos y reafirmó la importancia del mercado peruano en su operación internacional.
semanaeconomica.com/economia-finan…",1,1,2,1,1.0K
2025-07-10 22:19:30,ScotiabankPE,May 22,"#BrandedContent.  La alta dirección de @ScotiabankPE, liderada por su CEO global, llegó a Perú y sostuvo reuniones con clientes estratégicos y reafirmó la importancia del mercado peruano en su operación internacional. 

Conoce más: acortar.link/oCt094",1,1,3,0,1.0K
2025-07-10 22:19:30,ScotiabankPE,Apr 28,"#NotaInformativa | Buscando fortalecer la inversión privada y dinamizar el crecimiento económico, 📈 el ministro @Jose_SalardiR, junto con el director de Sistema Financiero y Mercado de Capitales de la Dirección General de Mercados Financieros y Previsional Privado, Óscar Orcón,…",1,2,5,1,1.0K
2025-07-10 22:19:30,ScotiabankPE,Mar 26,"#BrandedContent. @ScotiabankPE ha sido reconocido por segundo año consecutivo como líder de Banca Privada en Perú por Global Finance.
semanaeconomica.com/economia-finan…",8,1,0,0,2.0K
2025-07-10 22:19:30,ScotiabankPE,Mar 12,"#BrandedContent. @ScotiabankPE ha sido reconocido por segundo año consecutivo como líder de Banca Privada en Perú por Global Finance.

semanaeconomica.com/economia-finan…",4,2,0,0,2.0K
2025-07-10 22:19:30,ScotiabankPE,Mar 7,"#BrandedContent. @ScotiabankPE ha sido reconocido por segundo año consecutivo como líder de Banca Privada en Perú por Global Finance. Tras el reconocimiento, Patricia Martinez, Head de banca privada en Scotiabank, explica las acciones realizadas para lograr el reconocimiento, así…",6,1,1,0,1.0K
2025-07-10 22:19:30,ScotiabankPE,Mar 7,En Scotiabank te reconocemos tus logros y nos comprometemos a seguir trabajando por la equidad todos los días del año. #8MTodosLosDías. 💜 #8MTODOSLOSDÍAS,14,1,6,0,2.0K
2025-07-10 22:19:30,ScotiabankPE,Oct 16,"#BrandedContent. @ScotiabankPE presentó oficialmente a Sebastián Arcuri como su nuevo CEO, y junto a su CEO Global y Head of International Banking, reforzó su compromiso con sus clientes y el desarrollo del país.

Conoce más: acortar.link/Cg9UF1",19,2,11,1,7.0K
2025-07-10 22:19:30,ScotiabankPE,Sep 10,"Conoce nuestro proyecto en Punchan, Iquitos, Perú🇵🇪, con @scotiabankPE y @WorldVisionPeru, enfocado en mejorar la educación infantil con tecnología, fortalecer el rol familiar con ternura y el apoyo de proyectos juveniles.",2,4,26,1,6.0K
2025-07-10 22:19:30,ScotiabankPE,Aug 29,"Conoce nuestro proyecto en Punchana, Iquitos, Perú🇵🇪, con @ScotiabankPE y @WorldVisionPeru, enfocado en mejorar la educación infantil con tecnología, fortalecer el rol familiar con ternura y el apoyo de proyectos juveniles.",0,4,23,0,5.0K
2025-07-10 22:19:30,ScotiabankPE,Aug 8,Scotiabank lanza Fondo de Impacto Social ScotiaRISE en Perú ⏩n9.cl/bsrmz,6,1,2,0,4.0K
2025-07-10 22:19:30,ScotiabankPE,"Jun 18, 2024","Desde el 2022, hemos implementado el proyecto ""Inclusión Educativa para la Vida"" en Loreto, uno de los departamentos con mayor pobreza monetaria. Esta iniciativa, en alianza con @ScotiabankPE y @FundacioFCB, tiene como objetivo mejorar la calidad educativa de las niñas y niños.",5,1,3,0,5.0K
2025-07-10 22:19:30,ScotiabankPE,"Jun 13, 2024","En nuestro compromiso con el bienestar de la niñez, desde el 2022 implementamos el proyecto ""Inclusión Educativa para la Vida"" con el apoyo de @ScotiabankPE y la @FCBarcelona, para brindar acceso a una educación de calidad a las niñas y niños. 

#Scotiabank #FundacionBarcelona",2,6,9,0,4.0K
2025-07-10 22:19:30,ScotiabankPE,"Jun 14, 2024","Somos y seremos sus más grandes hinchas. ⚽️Etiquétalo y dile por qué lo eres. ❤️

#ScotiabankPerú #HablemosEnSerio #DíaDelPadre",18,0,4,0,4.0K
2025-07-10 22:19:30,ScotiabankPE,"May 10, 2024","El mejor regalo para mamá es reconocerla. 🤗  Etiquétala y coméntale por qué lo está haciendo bien.
#HablemosEnSerio #ScotiabankPerú #FelizDíaMamá",14,0,3,0,4.0K
2025-07-10 23:19:55,ScotiabankPE,6 h,"#EntrevistaSE. El CFO de @ScotiabankPE, Marcelo Rodríguez, cuenta que la reciente emisión por US$400 millones busca transmitir un mensaje de permanencia de largo plazo en el Perú.

Por @cabecitaterri.
semanaeconomica.com/economia-finan…",0,1,2,0,386
2025-07-10 23:19:55,ScotiabankPE,Jun 27,".@ScotiabankPE captó US$400 millones en emisión internacional de bonos subordinados. 

semanaeconomica.com/que-esta-pasan…",3,1,1,0,808
2025-07-10 23:19:55,ScotiabankPE,Jun 24,".@ScotiabankPE lanza roadshow internacional previo a nueva emisión de bonos por US$1,000 millones. Scotiabank contrató a @GoldmanSachs y Scotia Capital para presentar la operación ante inversionistas institucionales.
semanaeconomica.com/que-esta-pasan…",0,1,0,0,815
2025-07-10 23:19:55,ScotiabankPE,Jun 20,"Agradecemos a nuestro auspiciador PLATA 🎊 @ScotiabankPE, quién se une a la 30° edición de #CADEUniversitario, el encuentro de jóvenes líderes más importante del país, y se suma a nuestro compromiso de construir un Perú más desarrollado.

Conoce más aquí 👉…",0,1,1,0,399
2025-07-10 23:19:55,ScotiabankPE,Jun 6,"#BrandedContent.  La alta dirección de @ScotiabankPE, liderada por su CEO global, llegó a Perú y sostuvo reuniones con clientes estratégicos y reafirmó la importancia del mercado peruano en su operación internacional.
semanaeconomica.com/economia-finan…",1,1,2,0,939
2025-07-10 23:19:55,ScotiabankPE,May 26,"#BrandedContent.  La alta dirección de @ScotiabankPE, liderada por su CEO global, llegó a Perú y sostuvo reuniones con clientes estratégicos y reafirmó la importancia del mercado peruano en su operación internacional.
semanaeconomica.com/economia-finan…",1,1,2,1,1.0K
2025-07-10 23:19:55,ScotiabankPE,May 22,"#BrandedContent.  La alta dirección de @ScotiabankPE, liderada por su CEO global, llegó a Perú y sostuvo reuniones con clientes estratégicos y reafirmó la importancia del mercado peruano en su operación internacional. 

Conoce más: acortar.link/oCt094",1,1,3,0,1.0K
2025-07-10 23:19:55,ScotiabankPE,Apr 28,"#NotaInformativa | Buscando fortalecer la inversión privada y dinamizar el crecimiento económico, 📈 el ministro @Jose_SalardiR, junto con el director de Sistema Financiero y Mercado de Capitales de la Dirección General de Mercados Financieros y Previsional Privado, Óscar Orcón,…",1,2,5,1,1.0K
2025-07-10 23:19:55,ScotiabankPE,Mar 26,"#BrandedContent. @ScotiabankPE ha sido reconocido por segundo año consecutivo como líder de Banca Privada en Perú por Global Finance.
semanaeconomica.com/economia-finan…",8,1,0,0,2.0K
2025-07-10 23:19:55,ScotiabankPE,Mar 12,"#BrandedContent. @ScotiabankPE ha sido reconocido por segundo año consecutivo como líder de Banca Privada en Perú por Global Finance.

semanaeconomica.com/economia-finan…",4,2,0,0,2.0K
2025-07-10 23:19:55,ScotiabankPE,Mar 7,"#BrandedContent. @ScotiabankPE ha sido reconocido por segundo año consecutivo como líder de Banca Privada en Perú por Global Finance. Tras el reconocimiento, Patricia Martinez, Head de banca privada en Scotiabank, explica las acciones realizadas para lograr el reconocimiento, así…",6,1,1,0,1.0K
2025-07-10 23:19:55,ScotiabankPE,Mar 7,En Scotiabank te reconocemos tus logros y nos comprometemos a seguir trabajando por la equidad todos los días del año. #8MTodosLosDías. 💜 #8MTODOSLOSDÍAS,14,1,6,0,2.0K
2025-07-10 23:19:55,ScotiabankPE,Oct 16,"#BrandedContent. @ScotiabankPE presentó oficialmente a Sebastián Arcuri como su nuevo CEO, y junto a su CEO Global y Head of International Banking, reforzó su compromiso con sus clientes y el desarrollo del país.

Conoce más: acortar.link/Cg9UF1",19,2,11,1,7.0K
2025-07-10 23:19:55,ScotiabankPE,Sep 10,"Conoce nuestro proyecto en Punchan, Iquitos, Perú🇵🇪, con @scotiabankPE y @WorldVisionPeru, enfocado en mejorar la educación infantil con tecnología, fortalecer el rol familiar con ternura y el apoyo de proyectos juveniles.",2,4,26,1,6.0K
2025-07-10 23:19:55,ScotiabankPE,Aug 29,"Conoce nuestro proyecto en Punchana, Iquitos, Perú🇵🇪, con @ScotiabankPE y @WorldVisionPeru, enfocado en mejorar la educación infantil con tecnología, fortalecer el rol familiar con ternura y el apoyo de proyectos juveniles.",0,4,23,0,5.0K
2025-07-10 23:19:55,ScotiabankPE,Aug 8,Scotiabank lanza Fondo de Impacto Social ScotiaRISE en Perú ⏩n9.cl/bsrmz,6,1,2,0,4.0K
2025-07-10 23:19:55,ScotiabankPE,"Jun 18, 2024","Desde el 2022, hemos implementado el proyecto ""Inclusión Educativa para la Vida"" en Loreto, uno de los departamentos con mayor pobreza monetaria. Esta iniciativa, en alianza con @ScotiabankPE y @FundacioFCB, tiene como objetivo mejorar la calidad educativa de las niñas y niños.",5,1,3,0,5.0K
2025-07-10 23:19:55,ScotiabankPE,"Jun 13, 2024","En nuestro compromiso con el bienestar de la niñez, desde el 2022 implementamos el proyecto ""Inclusión Educativa para la Vida"" con el apoyo de @ScotiabankPE y la @FCBarcelona, para brindar acceso a una educación de calidad a las niñas y niños. 

#Scotiabank #FundacionBarcelona",2,6,9,0,4.0K
2025-07-10 23:19:55,ScotiabankPE,"Jun 14, 2024","Somos y seremos sus más grandes hinchas. ⚽️Etiquétalo y dile por qué lo eres. ❤️

#ScotiabankPerú #HablemosEnSerio #DíaDelPadre",18,0,4,0,4.0K
2025-07-10 23:19:55,ScotiabankPE,"May 10, 2024","El mejor regalo para mamá es reconocerla. 🤗  Etiquétala y coméntale por qué lo está haciendo bien.
#HablemosEnSerio #ScotiabankPerú #FelizDíaMamá",14,0,3,0,4.0K
2025-07-11 01:44:11,ScotiabankPE,8 h,"#EntrevistaSE. El CFO de @ScotiabankPE, Marcelo Rodríguez, cuenta que la reciente emisión por US$400 millones busca transmitir un mensaje de permanencia de largo plazo en el Perú.

Por @cabecitaterri.
semanaeconomica.com/economia-finan…",0,2,2,0,407
2025-07-11 01:44:11,ScotiabankPE,Jun 27,".@ScotiabankPE captó US$400 millones en emisión internacional de bonos subordinados. 

semanaeconomica.com/que-esta-pasan…",3,1,1,0,809
2025-07-11 01:44:11,ScotiabankPE,Jun 24,".@ScotiabankPE lanza roadshow internacional previo a nueva emisión de bonos por US$1,000 millones. Scotiabank contrató a @GoldmanSachs y Scotia Capital para presentar la operación ante inversionistas institucionales.
semanaeconomica.com/que-esta-pasan…",0,1,0,0,816
2025-07-11 01:44:11,ScotiabankPE,Jun 20,"Agradecemos a nuestro auspiciador PLATA 🎊 @ScotiabankPE, quién se une a la 30° edición de #CADEUniversitario, el encuentro de jóvenes líderes más importante del país, y se suma a nuestro compromiso de construir un Perú más desarrollado.

Conoce más aquí 👉…",0,1,1,0,400
2025-07-11 01:44:11,ScotiabankPE,Jun 6,"#BrandedContent.  La alta dirección de @ScotiabankPE, liderada por su CEO global, llegó a Perú y sostuvo reuniones con clientes estratégicos y reafirmó la importancia del mercado peruano en su operación internacional.
semanaeconomica.com/economia-finan…",1,1,2,0,939
2025-07-11 01:44:11,ScotiabankPE,May 26,"#BrandedContent.  La alta dirección de @ScotiabankPE, liderada por su CEO global, llegó a Perú y sostuvo reuniones con clientes estratégicos y reafirmó la importancia del mercado peruano en su operación internacional.
semanaeconomica.com/economia-finan…",1,1,2,1,1.0K
2025-07-11 01:44:11,ScotiabankPE,May 22,"#BrandedContent.  La alta dirección de @ScotiabankPE, liderada por su CEO global, llegó a Perú y sostuvo reuniones con clientes estratégicos y reafirmó la importancia del mercado peruano en su operación internacional. 

Conoce más: acortar.link/oCt094",1,1,3,0,1.0K
2025-07-11 01:44:11,ScotiabankPE,Apr 28,"#NotaInformativa | Buscando fortalecer la inversión privada y dinamizar el crecimiento económico, 📈 el ministro @Jose_SalardiR, junto con el director de Sistema Financiero y Mercado de Capitales de la Dirección General de Mercados Financieros y Previsional Privado, Óscar Orcón,…",1,2,5,1,1.0K
2025-07-11 01:44:11,ScotiabankPE,Mar 26,"#BrandedContent. @ScotiabankPE ha sido reconocido por segundo año consecutivo como líder de Banca Privada en Perú por Global Finance.
semanaeconomica.com/economia-finan…",8,1,0,0,2.0K
2025-07-11 01:44:11,ScotiabankPE,Mar 12,"#BrandedContent. @ScotiabankPE ha sido reconocido por segundo año consecutivo como líder de Banca Privada en Perú por Global Finance.

semanaeconomica.com/economia-finan…",4,2,0,0,2.0K
2025-07-11 01:44:11,ScotiabankPE,Mar 7,"#BrandedContent. @ScotiabankPE ha sido reconocido por segundo año consecutivo como líder de Banca Privada en Perú por Global Finance. Tras el reconocimiento, Patricia Martinez, Head de banca privada en Scotiabank, explica las acciones realizadas para lograr el reconocimiento, así…",6,1,1,0,1.0K
2025-07-11 01:44:11,ScotiabankPE,Mar 7,En Scotiabank te reconocemos tus logros y nos comprometemos a seguir trabajando por la equidad todos los días del año. #8MTodosLosDías. 💜 #8MTODOSLOSDÍAS,14,1,6,0,2.0K
2025-07-11 01:44:11,ScotiabankPE,Oct 16,"#BrandedContent. @ScotiabankPE presentó oficialmente a Sebastián Arcuri como su nuevo CEO, y junto a su CEO Global y Head of International Banking, reforzó su compromiso con sus clientes y el desarrollo del país.

Conoce más: acortar.link/Cg9UF1",19,2,11,1,7.0K
2025-07-11 01:44:11,ScotiabankPE,Sep 10,"Conoce nuestro proyecto en Punchan, Iquitos, Perú🇵🇪, con @scotiabankPE y @WorldVisionPeru, enfocado en mejorar la educación infantil con tecnología, fortalecer el rol familiar con ternura y el apoyo de proyectos juveniles.",2,4,26,1,6.0K
2025-07-11 01:44:11,ScotiabankPE,Aug 29,"Conoce nuestro proyecto en Punchana, Iquitos, Perú🇵🇪, con @ScotiabankPE y @WorldVisionPeru, enfocado en mejorar la educación infantil con tecnología, fortalecer el rol familiar con ternura y el apoyo de proyectos juveniles.",0,4,23,0,5.0K
2025-07-11 01:44:11,ScotiabankPE,Aug 8,Scotiabank lanza Fondo de Impacto Social ScotiaRISE en Perú ⏩n9.cl/bsrmz,6,1,2,0,4.0K
2025-07-11 01:44:11,ScotiabankPE,"Jun 18, 2024","Desde el 2022, hemos implementado el proyecto ""Inclusión Educativa para la Vida"" en Loreto, uno de los departamentos con mayor pobreza monetaria. Esta iniciativa, en alianza con @ScotiabankPE y @FundacioFCB, tiene como objetivo mejorar la calidad educativa de las niñas y niños.",5,1,3,0,5.0K
2025-07-11 01:44:11,ScotiabankPE,"Jun 13, 2024","En nuestro compromiso con el bienestar de la niñez, desde el 2022 implementamos el proyecto ""Inclusión Educativa para la Vida"" con el apoyo de @ScotiabankPE y la @FCBarcelona, para brindar acceso a una educación de calidad a las niñas y niños. 

#Scotiabank #FundacionBarcelona",2,6,9,0,4.0K
2025-07-11 01:44:11,ScotiabankPE,"Jun 14, 2024","Somos y seremos sus más grandes hinchas. ⚽️Etiquétalo y dile por qué lo eres. ❤️

#ScotiabankPerú #HablemosEnSerio #DíaDelPadre",18,0,4,0,4.0K
2025-07-11 01:44:11,ScotiabankPE,"May 10, 2024","El mejor regalo para mamá es reconocerla. 🤗  Etiquétala y coméntale por qué lo está haciendo bien.
#HablemosEnSerio #ScotiabankPerú #FelizDíaMamá",14,0,3,0,4.0K
2025-07-11 03:28:03,ScotiabankPE,10 h,"#EntrevistaSE. El CFO de @ScotiabankPE, Marcelo Rodríguez, cuenta que la reciente emisión por US$400 millones busca transmitir un mensaje de permanencia de largo plazo en el Perú.

Por @cabecitaterri.
semanaeconomica.com/economia-finan…",0,2,2,0,420
2025-07-11 03:28:03,ScotiabankPE,Jun 27,".@ScotiabankPE captó US$400 millones en emisión internacional de bonos subordinados. 

semanaeconomica.com/que-esta-pasan…",3,1,1,0,811
2025-07-11 03:28:03,ScotiabankPE,Jun 24,".@ScotiabankPE lanza roadshow internacional previo a nueva emisión de bonos por US$1,000 millones. Scotiabank contrató a @GoldmanSachs y Scotia Capital para presentar la operación ante inversionistas institucionales.
semanaeconomica.com/que-esta-pasan…",0,1,0,0,818
2025-07-11 03:28:03,ScotiabankPE,Jun 20,"Agradecemos a nuestro auspiciador PLATA 🎊 @ScotiabankPE, quién se une a la 30° edición de #CADEUniversitario, el encuentro de jóvenes líderes más importante del país, y se suma a nuestro compromiso de construir un Perú más desarrollado.

Conoce más aquí 👉…",0,1,1,0,400
2025-07-11 03:28:03,ScotiabankPE,Jun 6,"#BrandedContent.  La alta dirección de @ScotiabankPE, liderada por su CEO global, llegó a Perú y sostuvo reuniones con clientes estratégicos y reafirmó la importancia del mercado peruano en su operación internacional.
semanaeconomica.com/economia-finan…",1,1,2,0,939
2025-07-11 03:28:03,ScotiabankPE,May 26,"#BrandedContent.  La alta dirección de @ScotiabankPE, liderada por su CEO global, llegó a Perú y sostuvo reuniones con clientes estratégicos y reafirmó la importancia del mercado peruano en su operación internacional.
semanaeconomica.com/economia-finan…",1,1,2,1,1.0K
2025-07-11 03:28:03,ScotiabankPE,May 22,"#BrandedContent.  La alta dirección de @ScotiabankPE, liderada por su CEO global, llegó a Perú y sostuvo reuniones con clientes estratégicos y reafirmó la importancia del mercado peruano en su operación internacional. 

Conoce más: acortar.link/oCt094",1,1,3,0,1.0K
2025-07-11 03:28:03,ScotiabankPE,Apr 28,"#NotaInformativa | Buscando fortalecer la inversión privada y dinamizar el crecimiento económico, 📈 el ministro @Jose_SalardiR, junto con el director de Sistema Financiero y Mercado de Capitales de la Dirección General de Mercados Financieros y Previsional Privado, Óscar Orcón,…",1,2,5,1,1.0K
2025-07-11 03:28:03,ScotiabankPE,Mar 26,"#BrandedContent. @ScotiabankPE ha sido reconocido por segundo año consecutivo como líder de Banca Privada en Perú por Global Finance.
semanaeconomica.com/economia-finan…",8,1,0,0,2.0K
2025-07-11 03:28:03,ScotiabankPE,Mar 12,"#BrandedContent. @ScotiabankPE ha sido reconocido por segundo año consecutivo como líder de Banca Privada en Perú por Global Finance.

semanaeconomica.com/economia-finan…",4,2,0,0,2.0K
2025-07-11 03:28:03,ScotiabankPE,Mar 7,"#BrandedContent. @ScotiabankPE ha sido reconocido por segundo año consecutivo como líder de Banca Privada en Perú por Global Finance. Tras el reconocimiento, Patricia Martinez, Head de banca privada en Scotiabank, explica las acciones realizadas para lograr el reconocimiento, así…",6,1,1,0,1.0K
2025-07-11 03:28:03,ScotiabankPE,Mar 7,En Scotiabank te reconocemos tus logros y nos comprometemos a seguir trabajando por la equidad todos los días del año. #8MTodosLosDías. 💜 #8MTODOSLOSDÍAS,14,1,6,0,2.0K
2025-07-11 03:28:03,ScotiabankPE,Oct 16,"#BrandedContent. @ScotiabankPE presentó oficialmente a Sebastián Arcuri como su nuevo CEO, y junto a su CEO Global y Head of International Banking, reforzó su compromiso con sus clientes y el desarrollo del país.

Conoce más: acortar.link/Cg9UF1",19,2,11,1,7.0K
2025-07-11 03:28:03,ScotiabankPE,Sep 10,"Conoce nuestro proyecto en Punchan, Iquitos, Perú🇵🇪, con @scotiabankPE y @WorldVisionPeru, enfocado en mejorar la educación infantil con tecnología, fortalecer el rol familiar con ternura y el apoyo de proyectos juveniles.",2,4,26,1,6.0K
2025-07-11 03:28:03,ScotiabankPE,Aug 29,"Conoce nuestro proyecto en Punchana, Iquitos, Perú🇵🇪, con @ScotiabankPE y @WorldVisionPeru, enfocado en mejorar la educación infantil con tecnología, fortalecer el rol familiar con ternura y el apoyo de proyectos juveniles.",0,4,23,0,5.0K
2025-07-11 03:28:03,ScotiabankPE,Aug 8,Scotiabank lanza Fondo de Impacto Social ScotiaRISE en Perú ⏩n9.cl/bsrmz,6,1,2,0,4.0K
2025-07-11 03:28:03,ScotiabankPE,"Jun 18, 2024","Desde el 2022, hemos implementado el proyecto ""Inclusión Educativa para la Vida"" en Loreto, uno de los departamentos con mayor pobreza monetaria. Esta iniciativa, en alianza con @ScotiabankPE y @FundacioFCB, tiene como objetivo mejorar la calidad educativa de las niñas y niños.",5,1,3,0,5.0K
2025-07-11 03:28:03,ScotiabankPE,"Jun 13, 2024","En nuestro compromiso con el bienestar de la niñez, desde el 2022 implementamos el proyecto ""Inclusión Educativa para la Vida"" con el apoyo de @ScotiabankPE y la @FCBarcelona, para brindar acceso a una educación de calidad a las niñas y niños. 

#Scotiabank #FundacionBarcelona",2,6,9,0,4.0K
2025-07-11 03:28:03,ScotiabankPE,"Jun 14, 2024","Somos y seremos sus más grandes hinchas. ⚽️Etiquétalo y dile por qué lo eres. ❤️

#ScotiabankPerú #HablemosEnSerio #DíaDelPadre",18,0,4,0,4.0K
2025-07-11 03:28:03,ScotiabankPE,"May 10, 2024","El mejor regalo para mamá es reconocerla. 🤗  Etiquétala y coméntale por qué lo está haciendo bien.
#HablemosEnSerio #ScotiabankPerú #FelizDíaMamá",14,0,3,0,4.0K
2025-07-11 06:31:13,ScotiabankPE,13 h,"#EntrevistaSE. El CFO de @ScotiabankPE, Marcelo Rodríguez, cuenta que la reciente emisión por US$400 millones busca transmitir un mensaje de permanencia de largo plazo en el Perú.

Por @cabecitaterri.
semanaeconomica.com/economia-finan…",0,2,2,0,436
2025-07-11 06:31:13,ScotiabankPE,Jun 27,".@ScotiabankPE captó US$400 millones en emisión internacional de bonos subordinados. 

semanaeconomica.com/que-esta-pasan…",3,1,1,0,816
2025-07-11 06:31:13,ScotiabankPE,Jun 24,".@ScotiabankPE lanza roadshow internacional previo a nueva emisión de bonos por US$1,000 millones. Scotiabank contrató a @GoldmanSachs y Scotia Capital para presentar la operación ante inversionistas institucionales.
semanaeconomica.com/que-esta-pasan…",0,1,0,0,823
2025-07-11 06:31:13,ScotiabankPE,Jun 20,"Agradecemos a nuestro auspiciador PLATA 🎊 @ScotiabankPE, quién se une a la 30° edición de #CADEUniversitario, el encuentro de jóvenes líderes más importante del país, y se suma a nuestro compromiso de construir un Perú más desarrollado.

Conoce más aquí 👉…",0,1,1,0,404
2025-07-11 06:31:13,ScotiabankPE,Jun 6,"#BrandedContent.  La alta dirección de @ScotiabankPE, liderada por su CEO global, llegó a Perú y sostuvo reuniones con clientes estratégicos y reafirmó la importancia del mercado peruano en su operación internacional.
semanaeconomica.com/economia-finan…",1,1,2,0,943
2025-07-11 06:31:13,ScotiabankPE,May 26,"#BrandedContent.  La alta dirección de @ScotiabankPE, liderada por su CEO global, llegó a Perú y sostuvo reuniones con clientes estratégicos y reafirmó la importancia del mercado peruano en su operación internacional.
semanaeconomica.com/economia-finan…",1,1,2,1,1.0K
2025-07-11 06:31:13,ScotiabankPE,May 22,"#BrandedContent.  La alta dirección de @ScotiabankPE, liderada por su CEO global, llegó a Perú y sostuvo reuniones con clientes estratégicos y reafirmó la importancia del mercado peruano en su operación internacional. 

Conoce más: acortar.link/oCt094",1,1,3,0,1.0K
2025-07-11 06:31:13,ScotiabankPE,Apr 28,"#NotaInformativa | Buscando fortalecer la inversión privada y dinamizar el crecimiento económico, 📈 el ministro @Jose_SalardiR, junto con el director de Sistema Financiero y Mercado de Capitales de la Dirección General de Mercados Financieros y Previsional Privado, Óscar Orcón,…",1,2,5,1,1.0K
2025-07-11 06:31:13,ScotiabankPE,Mar 26,"#BrandedContent. @ScotiabankPE ha sido reconocido por segundo año consecutivo como líder de Banca Privada en Perú por Global Finance.
semanaeconomica.com/economia-finan…",8,1,0,0,2.0K
2025-07-11 06:31:13,ScotiabankPE,Mar 12,"#BrandedContent. @ScotiabankPE ha sido reconocido por segundo año consecutivo como líder de Banca Privada en Perú por Global Finance.

semanaeconomica.com/economia-finan…",4,2,0,0,2.0K
2025-07-11 06:31:13,ScotiabankPE,Mar 7,"#BrandedContent. @ScotiabankPE ha sido reconocido por segundo año consecutivo como líder de Banca Privada en Perú por Global Finance. Tras el reconocimiento, Patricia Martinez, Head de banca privada en Scotiabank, explica las acciones realizadas para lograr el reconocimiento, así…",6,1,1,0,1.0K
2025-07-11 06:31:13,ScotiabankPE,Mar 7,En Scotiabank te reconocemos tus logros y nos comprometemos a seguir trabajando por la equidad todos los días del año. #8MTodosLosDías. 💜 #8MTODOSLOSDÍAS,14,1,6,0,2.0K
2025-07-11 06:31:13,ScotiabankPE,Oct 16,"#BrandedContent. @ScotiabankPE presentó oficialmente a Sebastián Arcuri como su nuevo CEO, y junto a su CEO Global y Head of International Banking, reforzó su compromiso con sus clientes y el desarrollo del país.

Conoce más: acortar.link/Cg9UF1",19,2,11,1,7.0K
2025-07-11 06:31:13,ScotiabankPE,Sep 10,"Conoce nuestro proyecto en Punchan, Iquitos, Perú🇵🇪, con @scotiabankPE y @WorldVisionPeru, enfocado en mejorar la educación infantil con tecnología, fortalecer el rol familiar con ternura y el apoyo de proyectos juveniles.",2,4,26,1,6.0K
2025-07-11 06:31:13,ScotiabankPE,Aug 29,"Conoce nuestro proyecto en Punchana, Iquitos, Perú🇵🇪, con @ScotiabankPE y @WorldVisionPeru, enfocado en mejorar la educación infantil con tecnología, fortalecer el rol familiar con ternura y el apoyo de proyectos juveniles.",0,4,23,0,5.0K
2025-07-11 06:31:13,ScotiabankPE,Aug 8,Scotiabank lanza Fondo de Impacto Social ScotiaRISE en Perú ⏩n9.cl/bsrmz,6,1,2,0,4.0K
2025-07-11 06:31:13,ScotiabankPE,"Jun 18, 2024","Desde el 2022, hemos implementado el proyecto ""Inclusión Educativa para la Vida"" en Loreto, uno de los departamentos con mayor pobreza monetaria. Esta iniciativa, en alianza con @ScotiabankPE y @FundacioFCB, tiene como objetivo mejorar la calidad educativa de las niñas y niños.",5,1,3,0,5.0K
2025-07-11 06:31:13,ScotiabankPE,"Jun 13, 2024","En nuestro compromiso con el bienestar de la niñez, desde el 2022 implementamos el proyecto ""Inclusión Educativa para la Vida"" con el apoyo de @ScotiabankPE y la @FCBarcelona, para brindar acceso a una educación de calidad a las niñas y niños. 

#Scotiabank #FundacionBarcelona",2,6,9,0,4.0K
2025-07-11 06:31:13,ScotiabankPE,"Jun 14, 2024","Somos y seremos sus más grandes hinchas. ⚽️Etiquétalo y dile por qué lo eres. ❤️

#ScotiabankPerú #HablemosEnSerio #DíaDelPadre",18,0,4,0,4.0K
2025-07-11 06:31:13,ScotiabankPE,"May 10, 2024","El mejor regalo para mamá es reconocerla. 🤗  Etiquétala y coméntale por qué lo está haciendo bien.
#HablemosEnSerio #ScotiabankPerú #FelizDíaMamá",14,0,3,0,4.0K
2025-07-11 07:21:18,ScotiabankPE,14 h,"#EntrevistaSE. El CFO de @ScotiabankPE, Marcelo Rodríguez, cuenta que la reciente emisión por US$400 millones busca transmitir un mensaje de permanencia de largo plazo en el Perú.

Por @cabecitaterri.
semanaeconomica.com/economia-finan…",0,2,2,0,438
2025-07-11 07:21:18,ScotiabankPE,Jun 27,".@ScotiabankPE captó US$400 millones en emisión internacional de bonos subordinados. 

semanaeconomica.com/que-esta-pasan…",3,1,1,0,817
2025-07-11 07:21:18,ScotiabankPE,Jun 24,".@ScotiabankPE lanza roadshow internacional previo a nueva emisión de bonos por US$1,000 millones. Scotiabank contrató a @GoldmanSachs y Scotia Capital para presentar la operación ante inversionistas institucionales.
semanaeconomica.com/que-esta-pasan…",0,1,0,0,824
2025-07-11 07:21:18,ScotiabankPE,Jun 20,"Agradecemos a nuestro auspiciador PLATA 🎊 @ScotiabankPE, quién se une a la 30° edición de #CADEUniversitario, el encuentro de jóvenes líderes más importante del país, y se suma a nuestro compromiso de construir un Perú más desarrollado.

Conoce más aquí 👉…",0,1,1,0,404
2025-07-11 07:21:18,ScotiabankPE,Jun 6,"#BrandedContent.  La alta dirección de @ScotiabankPE, liderada por su CEO global, llegó a Perú y sostuvo reuniones con clientes estratégicos y reafirmó la importancia del mercado peruano en su operación internacional.
semanaeconomica.com/economia-finan…",1,1,2,0,943
2025-07-11 07:21:18,ScotiabankPE,May 26,"#BrandedContent.  La alta dirección de @ScotiabankPE, liderada por su CEO global, llegó a Perú y sostuvo reuniones con clientes estratégicos y reafirmó la importancia del mercado peruano en su operación internacional.
semanaeconomica.com/economia-finan…",1,1,2,1,1.0K
2025-07-11 07:21:18,ScotiabankPE,May 22,"#BrandedContent.  La alta dirección de @ScotiabankPE, liderada por su CEO global, llegó a Perú y sostuvo reuniones con clientes estratégicos y reafirmó la importancia del mercado peruano en su operación internacional. 

Conoce más: acortar.link/oCt094",1,1,3,0,1.0K
2025-07-11 07:21:18,ScotiabankPE,Apr 28,"#NotaInformativa | Buscando fortalecer la inversión privada y dinamizar el crecimiento económico, 📈 el ministro @Jose_SalardiR, junto con el director de Sistema Financiero y Mercado de Capitales de la Dirección General de Mercados Financieros y Previsional Privado, Óscar Orcón,…",1,2,5,1,1.0K
2025-07-11 07:21:18,ScotiabankPE,Mar 26,"#BrandedContent. @ScotiabankPE ha sido reconocido por segundo año consecutivo como líder de Banca Privada en Perú por Global Finance.
semanaeconomica.com/economia-finan…",8,1,0,0,2.0K
2025-07-11 07:21:18,ScotiabankPE,Mar 12,"#BrandedContent. @ScotiabankPE ha sido reconocido por segundo año consecutivo como líder de Banca Privada en Perú por Global Finance.

semanaeconomica.com/economia-finan…",4,2,0,0,2.0K
2025-07-11 07:21:18,ScotiabankPE,Mar 7,"#BrandedContent. @ScotiabankPE ha sido reconocido por segundo año consecutivo como líder de Banca Privada en Perú por Global Finance. Tras el reconocimiento, Patricia Martinez, Head de banca privada en Scotiabank, explica las acciones realizadas para lograr el reconocimiento, así…",6,1,1,0,1.0K
2025-07-11 07:21:18,ScotiabankPE,Mar 7,En Scotiabank te reconocemos tus logros y nos comprometemos a seguir trabajando por la equidad todos los días del año. #8MTodosLosDías. 💜 #8MTODOSLOSDÍAS,14,1,6,0,2.0K
2025-07-11 07:21:18,ScotiabankPE,Oct 16,"#BrandedContent. @ScotiabankPE presentó oficialmente a Sebastián Arcuri como su nuevo CEO, y junto a su CEO Global y Head of International Banking, reforzó su compromiso con sus clientes y el desarrollo del país.

Conoce más: acortar.link/Cg9UF1",19,2,11,1,7.0K
2025-07-11 07:21:18,ScotiabankPE,Sep 10,"Conoce nuestro proyecto en Punchan, Iquitos, Perú🇵🇪, con @scotiabankPE y @WorldVisionPeru, enfocado en mejorar la educación infantil con tecnología, fortalecer el rol familiar con ternura y el apoyo de proyectos juveniles.",2,4,26,1,6.0K
2025-07-11 07:21:18,ScotiabankPE,Aug 29,"Conoce nuestro proyecto en Punchana, Iquitos, Perú🇵🇪, con @ScotiabankPE y @WorldVisionPeru, enfocado en mejorar la educación infantil con tecnología, fortalecer el rol familiar con ternura y el apoyo de proyectos juveniles.",0,4,23,0,5.0K
2025-07-11 07:21:18,ScotiabankPE,Aug 8,Scotiabank lanza Fondo de Impacto Social ScotiaRISE en Perú ⏩n9.cl/bsrmz,6,1,2,0,4.0K
2025-07-11 07:21:18,ScotiabankPE,"Jun 18, 2024","Desde el 2022, hemos implementado el proyecto ""Inclusión Educativa para la Vida"" en Loreto, uno de los departamentos con mayor pobreza monetaria. Esta iniciativa, en alianza con @ScotiabankPE y @FundacioFCB, tiene como objetivo mejorar la calidad educativa de las niñas y niños.",5,1,3,0,5.0K
2025-07-11 07:21:18,ScotiabankPE,"Jun 13, 2024","En nuestro compromiso con el bienestar de la niñez, desde el 2022 implementamos el proyecto ""Inclusión Educativa para la Vida"" con el apoyo de @ScotiabankPE y la @FCBarcelona, para brindar acceso a una educación de calidad a las niñas y niños. 

#Scotiabank #FundacionBarcelona",2,6,9,0,4.0K
2025-07-11 07:21:18,ScotiabankPE,"Jun 14, 2024","Somos y seremos sus más grandes hinchas. ⚽️Etiquétalo y dile por qué lo eres. ❤️

#ScotiabankPerú #HablemosEnSerio #DíaDelPadre",18,0,4,0,4.0K
2025-07-11 07:21:18,ScotiabankPE,"May 10, 2024","El mejor regalo para mamá es reconocerla. 🤗  Etiquétala y coméntale por qué lo está haciendo bien.
#HablemosEnSerio #ScotiabankPerú #FelizDíaMamá",14,0,3,0,4.0K
2025-07-11 08:28:05,ScotiabankPE,15 h,"#EntrevistaSE. El CFO de @ScotiabankPE, Marcelo Rodríguez, cuenta que la reciente emisión por US$400 millones busca transmitir un mensaje de permanencia de largo plazo en el Perú.

Por @cabecitaterri.
semanaeconomica.com/economia-finan…",0,2,2,0,439
2025-07-11 08:28:05,ScotiabankPE,Jun 27,".@ScotiabankPE captó US$400 millones en emisión internacional de bonos subordinados. 

semanaeconomica.com/que-esta-pasan…",3,1,1,0,817
2025-07-11 08:28:05,ScotiabankPE,Jun 24,".@ScotiabankPE lanza roadshow internacional previo a nueva emisión de bonos por US$1,000 millones. Scotiabank contrató a @GoldmanSachs y Scotia Capital para presentar la operación ante inversionistas institucionales.
semanaeconomica.com/que-esta-pasan…",0,1,0,0,824
2025-07-11 08:28:05,ScotiabankPE,Jun 20,"Agradecemos a nuestro auspiciador PLATA 🎊 @ScotiabankPE, quién se une a la 30° edición de #CADEUniversitario, el encuentro de jóvenes líderes más importante del país, y se suma a nuestro compromiso de construir un Perú más desarrollado.

Conoce más aquí 👉…",0,1,1,0,404
2025-07-11 08:28:05,ScotiabankPE,Jun 6,"#BrandedContent.  La alta dirección de @ScotiabankPE, liderada por su CEO global, llegó a Perú y sostuvo reuniones con clientes estratégicos y reafirmó la importancia del mercado peruano en su operación internacional.
semanaeconomica.com/economia-finan…",1,1,2,0,943
2025-07-11 08:28:05,ScotiabankPE,May 26,"#BrandedContent.  La alta dirección de @ScotiabankPE, liderada por su CEO global, llegó a Perú y sostuvo reuniones con clientes estratégicos y reafirmó la importancia del mercado peruano en su operación internacional.
semanaeconomica.com/economia-finan…",1,1,2,1,1.0K
2025-07-11 08:28:05,ScotiabankPE,May 22,"#BrandedContent.  La alta dirección de @ScotiabankPE, liderada por su CEO global, llegó a Perú y sostuvo reuniones con clientes estratégicos y reafirmó la importancia del mercado peruano en su operación internacional. 

Conoce más: acortar.link/oCt094",1,1,3,0,1.0K
2025-07-11 08:28:05,ScotiabankPE,Apr 28,"#NotaInformativa | Buscando fortalecer la inversión privada y dinamizar el crecimiento económico, 📈 el ministro @Jose_SalardiR, junto con el director de Sistema Financiero y Mercado de Capitales de la Dirección General de Mercados Financieros y Previsional Privado, Óscar Orcón,…",1,2,5,1,1.0K
2025-07-11 08:28:05,ScotiabankPE,Mar 26,"#BrandedContent. @ScotiabankPE ha sido reconocido por segundo año consecutivo como líder de Banca Privada en Perú por Global Finance.
semanaeconomica.com/economia-finan…",8,1,0,0,2.0K
2025-07-11 08:28:05,ScotiabankPE,Mar 12,"#BrandedContent. @ScotiabankPE ha sido reconocido por segundo año consecutivo como líder de Banca Privada en Perú por Global Finance.

semanaeconomica.com/economia-finan…",4,2,0,0,2.0K
2025-07-11 08:28:05,ScotiabankPE,Mar 7,"#BrandedContent. @ScotiabankPE ha sido reconocido por segundo año consecutivo como líder de Banca Privada en Perú por Global Finance. Tras el reconocimiento, Patricia Martinez, Head de banca privada en Scotiabank, explica las acciones realizadas para lograr el reconocimiento, así…",6,1,1,0,1.0K
2025-07-11 08:28:05,ScotiabankPE,Mar 7,En Scotiabank te reconocemos tus logros y nos comprometemos a seguir trabajando por la equidad todos los días del año. #8MTodosLosDías. 💜 #8MTODOSLOSDÍAS,14,1,6,0,2.0K
2025-07-11 08:28:05,ScotiabankPE,Oct 16,"#BrandedContent. @ScotiabankPE presentó oficialmente a Sebastián Arcuri como su nuevo CEO, y junto a su CEO Global y Head of International Banking, reforzó su compromiso con sus clientes y el desarrollo del país.

Conoce más: acortar.link/Cg9UF1",19,2,11,1,7.0K
2025-07-11 08:28:05,ScotiabankPE,Sep 10,"Conoce nuestro proyecto en Punchan, Iquitos, Perú🇵🇪, con @scotiabankPE y @WorldVisionPeru, enfocado en mejorar la educación infantil con tecnología, fortalecer el rol familiar con ternura y el apoyo de proyectos juveniles.",2,4,26,1,6.0K
2025-07-11 08:28:05,ScotiabankPE,Aug 29,"Conoce nuestro proyecto en Punchana, Iquitos, Perú🇵🇪, con @ScotiabankPE y @WorldVisionPeru, enfocado en mejorar la educación infantil con tecnología, fortalecer el rol familiar con ternura y el apoyo de proyectos juveniles.",0,4,23,0,5.0K
2025-07-11 08:28:05,ScotiabankPE,Aug 8,Scotiabank lanza Fondo de Impacto Social ScotiaRISE en Perú ⏩n9.cl/bsrmz,6,1,2,0,4.0K
2025-07-11 08:28:05,ScotiabankPE,"Jun 18, 2024","Desde el 2022, hemos implementado el proyecto ""Inclusión Educativa para la Vida"" en Loreto, uno de los departamentos con mayor pobreza monetaria. Esta iniciativa, en alianza con @ScotiabankPE y @FundacioFCB, tiene como objetivo mejorar la calidad educativa de las niñas y niños.",5,1,3,0,5.0K
2025-07-11 08:28:05,ScotiabankPE,"Jun 13, 2024","En nuestro compromiso con el bienestar de la niñez, desde el 2022 implementamos el proyecto ""Inclusión Educativa para la Vida"" con el apoyo de @ScotiabankPE y la @FCBarcelona, para brindar acceso a una educación de calidad a las niñas y niños. 

#Scotiabank #FundacionBarcelona",2,6,9,0,4.0K
2025-07-11 08:28:05,ScotiabankPE,"Jun 14, 2024","Somos y seremos sus más grandes hinchas. ⚽️Etiquétalo y dile por qué lo eres. ❤️

#ScotiabankPerú #HablemosEnSerio #DíaDelPadre",18,0,4,0,4.0K
2025-07-11 08:28:05,ScotiabankPE,"May 10, 2024","El mejor regalo para mamá es reconocerla. 🤗  Etiquétala y coméntale por qué lo está haciendo bien.
#HablemosEnSerio #ScotiabankPerú #FelizDíaMamá",14,0,3,0,4.0K
2025-07-11 09:22:48,ScotiabankPE,16 h,"#EntrevistaSE. El CFO de @ScotiabankPE, Marcelo Rodríguez, cuenta que la reciente emisión por US$400 millones busca transmitir un mensaje de permanencia de largo plazo en el Perú.

Por @cabecitaterri.
semanaeconomica.com/economia-finan…",0,2,2,0,441
2025-07-11 09:22:48,ScotiabankPE,Jun 27,".@ScotiabankPE captó US$400 millones en emisión internacional de bonos subordinados. 

semanaeconomica.com/que-esta-pasan…",3,1,1,0,818
2025-07-11 09:22:48,ScotiabankPE,Jun 24,".@ScotiabankPE lanza roadshow internacional previo a nueva emisión de bonos por US$1,000 millones. Scotiabank contrató a @GoldmanSachs y Scotia Capital para presentar la operación ante inversionistas institucionales.
semanaeconomica.com/que-esta-pasan…",0,1,0,0,824
2025-07-11 09:22:48,ScotiabankPE,Jun 20,"Agradecemos a nuestro auspiciador PLATA 🎊 @ScotiabankPE, quién se une a la 30° edición de #CADEUniversitario, el encuentro de jóvenes líderes más importante del país, y se suma a nuestro compromiso de construir un Perú más desarrollado.

Conoce más aquí 👉…",0,1,1,0,404
2025-07-11 09:22:48,ScotiabankPE,Jun 6,"#BrandedContent.  La alta dirección de @ScotiabankPE, liderada por su CEO global, llegó a Perú y sostuvo reuniones con clientes estratégicos y reafirmó la importancia del mercado peruano en su operación internacional.
semanaeconomica.com/economia-finan…",1,1,2,0,943
2025-07-11 09:22:48,ScotiabankPE,May 26,"#BrandedContent.  La alta dirección de @ScotiabankPE, liderada por su CEO global, llegó a Perú y sostuvo reuniones con clientes estratégicos y reafirmó la importancia del mercado peruano en su operación internacional.
semanaeconomica.com/economia-finan…",1,1,2,1,1.0K
2025-07-11 09:22:48,ScotiabankPE,May 22,"#BrandedContent.  La alta dirección de @ScotiabankPE, liderada por su CEO global, llegó a Perú y sostuvo reuniones con clientes estratégicos y reafirmó la importancia del mercado peruano en su operación internacional. 

Conoce más: acortar.link/oCt094",1,1,3,0,1.0K
2025-07-11 09:22:48,ScotiabankPE,Apr 28,"#NotaInformativa | Buscando fortalecer la inversión privada y dinamizar el crecimiento económico, 📈 el ministro @Jose_SalardiR, junto con el director de Sistema Financiero y Mercado de Capitales de la Dirección General de Mercados Financieros y Previsional Privado, Óscar Orcón,…",1,2,5,1,1.0K
2025-07-11 09:22:48,ScotiabankPE,Mar 26,"#BrandedContent. @ScotiabankPE ha sido reconocido por segundo año consecutivo como líder de Banca Privada en Perú por Global Finance.
semanaeconomica.com/economia-finan…",8,1,0,0,2.0K
2025-07-11 09:22:48,ScotiabankPE,Mar 12,"#BrandedContent. @ScotiabankPE ha sido reconocido por segundo año consecutivo como líder de Banca Privada en Perú por Global Finance.

semanaeconomica.com/economia-finan…",4,2,0,0,2.0K
2025-07-11 09:22:48,ScotiabankPE,Mar 7,"#BrandedContent. @ScotiabankPE ha sido reconocido por segundo año consecutivo como líder de Banca Privada en Perú por Global Finance. Tras el reconocimiento, Patricia Martinez, Head de banca privada en Scotiabank, explica las acciones realizadas para lograr el reconocimiento, así…",6,1,1,0,1.0K
2025-07-11 09:22:48,ScotiabankPE,Mar 7,En Scotiabank te reconocemos tus logros y nos comprometemos a seguir trabajando por la equidad todos los días del año. #8MTodosLosDías. 💜 #8MTODOSLOSDÍAS,14,1,6,0,2.0K
2025-07-11 09:22:48,ScotiabankPE,Oct 16,"#BrandedContent. @ScotiabankPE presentó oficialmente a Sebastián Arcuri como su nuevo CEO, y junto a su CEO Global y Head of International Banking, reforzó su compromiso con sus clientes y el desarrollo del país.

Conoce más: acortar.link/Cg9UF1",19,2,11,1,7.0K
2025-07-11 09:22:48,ScotiabankPE,Sep 10,"Conoce nuestro proyecto en Punchan, Iquitos, Perú🇵🇪, con @scotiabankPE y @WorldVisionPeru, enfocado en mejorar la educación infantil con tecnología, fortalecer el rol familiar con ternura y el apoyo de proyectos juveniles.",2,4,26,1,6.0K
2025-07-11 09:22:48,ScotiabankPE,Aug 29,"Conoce nuestro proyecto en Punchana, Iquitos, Perú🇵🇪, con @ScotiabankPE y @WorldVisionPeru, enfocado en mejorar la educación infantil con tecnología, fortalecer el rol familiar con ternura y el apoyo de proyectos juveniles.",0,4,23,0,5.0K
2025-07-11 09:22:48,ScotiabankPE,Aug 8,Scotiabank lanza Fondo de Impacto Social ScotiaRISE en Perú ⏩n9.cl/bsrmz,6,1,2,0,4.0K
2025-07-11 09:22:48,ScotiabankPE,"Jun 18, 2024","Desde el 2022, hemos implementado el proyecto ""Inclusión Educativa para la Vida"" en Loreto, uno de los departamentos con mayor pobreza monetaria. Esta iniciativa, en alianza con @ScotiabankPE y @FundacioFCB, tiene como objetivo mejorar la calidad educativa de las niñas y niños.",5,1,3,0,5.0K
2025-07-11 09:22:48,ScotiabankPE,"Jun 13, 2024","En nuestro compromiso con el bienestar de la niñez, desde el 2022 implementamos el proyecto ""Inclusión Educativa para la Vida"" con el apoyo de @ScotiabankPE y la @FCBarcelona, para brindar acceso a una educación de calidad a las niñas y niños. 

#Scotiabank #FundacionBarcelona",2,6,9,0,4.0K
2025-07-11 09:22:48,ScotiabankPE,"Jun 14, 2024","Somos y seremos sus más grandes hinchas. ⚽️Etiquétalo y dile por qué lo eres. ❤️

#ScotiabankPerú #HablemosEnSerio #DíaDelPadre",18,0,4,0,4.0K
2025-07-11 09:22:48,ScotiabankPE,"May 10, 2024","El mejor regalo para mamá es reconocerla. 🤗  Etiquétala y coméntale por qué lo está haciendo bien.
#HablemosEnSerio #ScotiabankPerú #FelizDíaMamá",14,0,3,0,4.0K
2025-07-11 10:22:01,ScotiabankPE,17 h,"#EntrevistaSE. El CFO de @ScotiabankPE, Marcelo Rodríguez, cuenta que la reciente emisión por US$400 millones busca transmitir un mensaje de permanencia de largo plazo en el Perú.

Por @cabecitaterri.
semanaeconomica.com/economia-finan…",0,2,2,0,442
2025-07-11 10:22:01,ScotiabankPE,Jun 27,".@ScotiabankPE captó US$400 millones en emisión internacional de bonos subordinados. 

semanaeconomica.com/que-esta-pasan…",3,1,1,0,818
2025-07-11 10:22:01,ScotiabankPE,Jun 24,".@ScotiabankPE lanza roadshow internacional previo a nueva emisión de bonos por US$1,000 millones. Scotiabank contrató a @GoldmanSachs y Scotia Capital para presentar la operación ante inversionistas institucionales.
semanaeconomica.com/que-esta-pasan…",0,1,0,0,824
2025-07-11 10:22:01,ScotiabankPE,Jun 20,"Agradecemos a nuestro auspiciador PLATA 🎊 @ScotiabankPE, quién se une a la 30° edición de #CADEUniversitario, el encuentro de jóvenes líderes más importante del país, y se suma a nuestro compromiso de construir un Perú más desarrollado.

Conoce más aquí 👉…",0,1,1,0,404
2025-07-11 10:22:01,ScotiabankPE,Jun 6,"#BrandedContent.  La alta dirección de @ScotiabankPE, liderada por su CEO global, llegó a Perú y sostuvo reuniones con clientes estratégicos y reafirmó la importancia del mercado peruano en su operación internacional.
semanaeconomica.com/economia-finan…",1,1,2,0,943
2025-07-11 10:22:01,ScotiabankPE,May 26,"#BrandedContent.  La alta dirección de @ScotiabankPE, liderada por su CEO global, llegó a Perú y sostuvo reuniones con clientes estratégicos y reafirmó la importancia del mercado peruano en su operación internacional.
semanaeconomica.com/economia-finan…",1,1,2,1,1.0K
2025-07-11 10:22:01,ScotiabankPE,May 22,"#BrandedContent.  La alta dirección de @ScotiabankPE, liderada por su CEO global, llegó a Perú y sostuvo reuniones con clientes estratégicos y reafirmó la importancia del mercado peruano en su operación internacional. 

Conoce más: acortar.link/oCt094",1,1,3,0,1.0K
2025-07-11 10:22:01,ScotiabankPE,Apr 28,"#NotaInformativa | Buscando fortalecer la inversión privada y dinamizar el crecimiento económico, 📈 el ministro @Jose_SalardiR, junto con el director de Sistema Financiero y Mercado de Capitales de la Dirección General de Mercados Financieros y Previsional Privado, Óscar Orcón,…",1,2,5,1,1.0K
2025-07-11 10:22:01,ScotiabankPE,Mar 26,"#BrandedContent. @ScotiabankPE ha sido reconocido por segundo año consecutivo como líder de Banca Privada en Perú por Global Finance.
semanaeconomica.com/economia-finan…",8,1,0,0,2.0K
2025-07-11 10:22:01,ScotiabankPE,Mar 12,"#BrandedContent. @ScotiabankPE ha sido reconocido por segundo año consecutivo como líder de Banca Privada en Perú por Global Finance.

semanaeconomica.com/economia-finan…",4,2,0,0,2.0K
2025-07-11 10:22:01,ScotiabankPE,Mar 7,"#BrandedContent. @ScotiabankPE ha sido reconocido por segundo año consecutivo como líder de Banca Privada en Perú por Global Finance. Tras el reconocimiento, Patricia Martinez, Head de banca privada en Scotiabank, explica las acciones realizadas para lograr el reconocimiento, así…",6,1,1,0,1.0K
2025-07-11 10:22:01,ScotiabankPE,Mar 7,En Scotiabank te reconocemos tus logros y nos comprometemos a seguir trabajando por la equidad todos los días del año. #8MTodosLosDías. 💜 #8MTODOSLOSDÍAS,14,1,6,0,2.0K
2025-07-11 10:22:01,ScotiabankPE,Oct 16,"#BrandedContent. @ScotiabankPE presentó oficialmente a Sebastián Arcuri como su nuevo CEO, y junto a su CEO Global y Head of International Banking, reforzó su compromiso con sus clientes y el desarrollo del país.

Conoce más: acortar.link/Cg9UF1",19,2,11,1,7.0K
2025-07-11 10:22:01,ScotiabankPE,Sep 10,"Conoce nuestro proyecto en Punchan, Iquitos, Perú🇵🇪, con @scotiabankPE y @WorldVisionPeru, enfocado en mejorar la educación infantil con tecnología, fortalecer el rol familiar con ternura y el apoyo de proyectos juveniles.",2,4,26,1,6.0K
2025-07-11 10:22:01,ScotiabankPE,Aug 29,"Conoce nuestro proyecto en Punchana, Iquitos, Perú🇵🇪, con @ScotiabankPE y @WorldVisionPeru, enfocado en mejorar la educación infantil con tecnología, fortalecer el rol familiar con ternura y el apoyo de proyectos juveniles.",0,4,23,0,5.0K
2025-07-11 10:22:01,ScotiabankPE,Aug 8,Scotiabank lanza Fondo de Impacto Social ScotiaRISE en Perú ⏩n9.cl/bsrmz,6,1,2,0,4.0K
2025-07-11 10:22:01,ScotiabankPE,"Jun 18, 2024","Desde el 2022, hemos implementado el proyecto ""Inclusión Educativa para la Vida"" en Loreto, uno de los departamentos con mayor pobreza monetaria. Esta iniciativa, en alianza con @ScotiabankPE y @FundacioFCB, tiene como objetivo mejorar la calidad educativa de las niñas y niños.",5,1,3,0,5.0K
2025-07-11 10:22:01,ScotiabankPE,"Jun 13, 2024","En nuestro compromiso con el bienestar de la niñez, desde el 2022 implementamos el proyecto ""Inclusión Educativa para la Vida"" con el apoyo de @ScotiabankPE y la @FCBarcelona, para brindar acceso a una educación de calidad a las niñas y niños. 

#Scotiabank #FundacionBarcelona",2,6,9,0,4.0K
2025-07-11 10:22:01,ScotiabankPE,"Jun 14, 2024","Somos y seremos sus más grandes hinchas. ⚽️Etiquétalo y dile por qué lo eres. ❤️

#ScotiabankPerú #HablemosEnSerio #DíaDelPadre",18,0,4,0,4.0K
2025-07-11 10:22:01,ScotiabankPE,"May 10, 2024","El mejor regalo para mamá es reconocerla. 🤗  Etiquétala y coméntale por qué lo está haciendo bien.
#HablemosEnSerio #ScotiabankPerú #FelizDíaMamá",14,0,3,0,4.0K
2025-07-11 12:41:01,ScotiabankPE,19 h,"#EntrevistaSE. El CFO de @ScotiabankPE, Marcelo Rodríguez, cuenta que la reciente emisión por US$400 millones busca transmitir un mensaje de permanencia de largo plazo en el Perú.

Por @cabecitaterri.
semanaeconomica.com/economia-finan…",0,2,2,0,445
2025-07-11 12:41:01,ScotiabankPE,Jun 27,".@ScotiabankPE captó US$400 millones en emisión internacional de bonos subordinados. 

semanaeconomica.com/que-esta-pasan…",3,1,1,0,819
2025-07-11 12:41:01,ScotiabankPE,Jun 24,".@ScotiabankPE lanza roadshow internacional previo a nueva emisión de bonos por US$1,000 millones. Scotiabank contrató a @GoldmanSachs y Scotia Capital para presentar la operación ante inversionistas institucionales.
semanaeconomica.com/que-esta-pasan…",0,1,0,0,825
2025-07-11 12:41:01,ScotiabankPE,Jun 20,"Agradecemos a nuestro auspiciador PLATA 🎊 @ScotiabankPE, quién se une a la 30° edición de #CADEUniversitario, el encuentro de jóvenes líderes más importante del país, y se suma a nuestro compromiso de construir un Perú más desarrollado.

Conoce más aquí 👉…",0,1,1,0,404
2025-07-11 12:41:01,ScotiabankPE,Jun 6,"#BrandedContent.  La alta dirección de @ScotiabankPE, liderada por su CEO global, llegó a Perú y sostuvo reuniones con clientes estratégicos y reafirmó la importancia del mercado peruano en su operación internacional.
semanaeconomica.com/economia-finan…",1,1,2,0,943
2025-07-11 12:41:01,ScotiabankPE,May 26,"#BrandedContent.  La alta dirección de @ScotiabankPE, liderada por su CEO global, llegó a Perú y sostuvo reuniones con clientes estratégicos y reafirmó la importancia del mercado peruano en su operación internacional.
semanaeconomica.com/economia-finan…",1,1,2,1,1.0K
2025-07-11 12:41:01,ScotiabankPE,May 22,"#BrandedContent.  La alta dirección de @ScotiabankPE, liderada por su CEO global, llegó a Perú y sostuvo reuniones con clientes estratégicos y reafirmó la importancia del mercado peruano en su operación internacional. 

Conoce más: acortar.link/oCt094",1,1,3,0,1.0K
2025-07-11 12:41:01,ScotiabankPE,Apr 28,"#NotaInformativa | Buscando fortalecer la inversión privada y dinamizar el crecimiento económico, 📈 el ministro @Jose_SalardiR, junto con el director de Sistema Financiero y Mercado de Capitales de la Dirección General de Mercados Financieros y Previsional Privado, Óscar Orcón,…",1,2,5,1,1.0K
2025-07-11 12:41:01,ScotiabankPE,Mar 26,"#BrandedContent. @ScotiabankPE ha sido reconocido por segundo año consecutivo como líder de Banca Privada en Perú por Global Finance.
semanaeconomica.com/economia-finan…",8,1,0,0,2.0K
2025-07-11 12:41:01,ScotiabankPE,Mar 12,"#BrandedContent. @ScotiabankPE ha sido reconocido por segundo año consecutivo como líder de Banca Privada en Perú por Global Finance.

semanaeconomica.com/economia-finan…",4,2,0,0,2.0K
2025-07-11 12:41:01,ScotiabankPE,Mar 7,"#BrandedContent. @ScotiabankPE ha sido reconocido por segundo año consecutivo como líder de Banca Privada en Perú por Global Finance. Tras el reconocimiento, Patricia Martinez, Head de banca privada en Scotiabank, explica las acciones realizadas para lograr el reconocimiento, así…",6,1,1,0,1.0K
2025-07-11 12:41:01,ScotiabankPE,Mar 7,En Scotiabank te reconocemos tus logros y nos comprometemos a seguir trabajando por la equidad todos los días del año. #8MTodosLosDías. 💜 #8MTODOSLOSDÍAS,14,1,6,0,2.0K
2025-07-11 12:41:01,ScotiabankPE,Oct 16,"#BrandedContent. @ScotiabankPE presentó oficialmente a Sebastián Arcuri como su nuevo CEO, y junto a su CEO Global y Head of International Banking, reforzó su compromiso con sus clientes y el desarrollo del país.

Conoce más: acortar.link/Cg9UF1",19,2,11,1,7.0K
2025-07-11 12:41:01,ScotiabankPE,Sep 10,"Conoce nuestro proyecto en Punchan, Iquitos, Perú🇵🇪, con @scotiabankPE y @WorldVisionPeru, enfocado en mejorar la educación infantil con tecnología, fortalecer el rol familiar con ternura y el apoyo de proyectos juveniles.",2,4,26,1,6.0K
2025-07-11 12:41:01,ScotiabankPE,Aug 29,"Conoce nuestro proyecto en Punchana, Iquitos, Perú🇵🇪, con @ScotiabankPE y @WorldVisionPeru, enfocado en mejorar la educación infantil con tecnología, fortalecer el rol familiar con ternura y el apoyo de proyectos juveniles.",0,4,23,0,5.0K
2025-07-11 12:41:01,ScotiabankPE,Aug 8,Scotiabank lanza Fondo de Impacto Social ScotiaRISE en Perú ⏩n9.cl/bsrmz,6,1,2,0,4.0K
2025-07-11 12:41:01,ScotiabankPE,"Jun 18, 2024","Desde el 2022, hemos implementado el proyecto ""Inclusión Educativa para la Vida"" en Loreto, uno de los departamentos con mayor pobreza monetaria. Esta iniciativa, en alianza con @ScotiabankPE y @FundacioFCB, tiene como objetivo mejorar la calidad educativa de las niñas y niños.",5,1,3,0,5.0K
2025-07-11 12:41:01,ScotiabankPE,"Jun 13, 2024","En nuestro compromiso con el bienestar de la niñez, desde el 2022 implementamos el proyecto ""Inclusión Educativa para la Vida"" con el apoyo de @ScotiabankPE y la @FCBarcelona, para brindar acceso a una educación de calidad a las niñas y niños. 

#Scotiabank #FundacionBarcelona",2,6,9,0,4.0K
2025-07-11 12:41:01,ScotiabankPE,"Jun 14, 2024","Somos y seremos sus más grandes hinchas. ⚽️Etiquétalo y dile por qué lo eres. ❤️

#ScotiabankPerú #HablemosEnSerio #DíaDelPadre",18,0,4,0,4.0K
2025-07-11 12:41:01,ScotiabankPE,"May 10, 2024","El mejor regalo para mamá es reconocerla. 🤗  Etiquétala y coméntale por qué lo está haciendo bien.
#HablemosEnSerio #ScotiabankPerú #FelizDíaMamá",14,0,3,0,4.0K
2025-07-11 13:33:22,ScotiabankPE,20 h,"#EntrevistaSE. El CFO de @ScotiabankPE, Marcelo Rodríguez, cuenta que la reciente emisión por US$400 millones busca transmitir un mensaje de permanencia de largo plazo en el Perú.

Por @cabecitaterri.
semanaeconomica.com/economia-finan…",0,2,2,0,446
2025-07-11 13:33:22,ScotiabankPE,Jun 27,".@ScotiabankPE captó US$400 millones en emisión internacional de bonos subordinados. 

semanaeconomica.com/que-esta-pasan…",3,1,1,0,819
2025-07-11 13:33:22,ScotiabankPE,Jun 24,".@ScotiabankPE lanza roadshow internacional previo a nueva emisión de bonos por US$1,000 millones. Scotiabank contrató a @GoldmanSachs y Scotia Capital para presentar la operación ante inversionistas institucionales.
semanaeconomica.com/que-esta-pasan…",0,1,0,0,825
2025-07-11 13:33:22,ScotiabankPE,Jun 20,"Agradecemos a nuestro auspiciador PLATA 🎊 @ScotiabankPE, quién se une a la 30° edición de #CADEUniversitario, el encuentro de jóvenes líderes más importante del país, y se suma a nuestro compromiso de construir un Perú más desarrollado.

Conoce más aquí 👉…",0,1,1,0,404
2025-07-11 13:33:22,ScotiabankPE,Jun 6,"#BrandedContent.  La alta dirección de @ScotiabankPE, liderada por su CEO global, llegó a Perú y sostuvo reuniones con clientes estratégicos y reafirmó la importancia del mercado peruano en su operación internacional.
semanaeconomica.com/economia-finan…",1,1,2,0,943
2025-07-11 13:33:22,ScotiabankPE,May 26,"#BrandedContent.  La alta dirección de @ScotiabankPE, liderada por su CEO global, llegó a Perú y sostuvo reuniones con clientes estratégicos y reafirmó la importancia del mercado peruano en su operación internacional.
semanaeconomica.com/economia-finan…",1,1,2,1,1.0K
2025-07-11 13:33:22,ScotiabankPE,May 22,"#BrandedContent.  La alta dirección de @ScotiabankPE, liderada por su CEO global, llegó a Perú y sostuvo reuniones con clientes estratégicos y reafirmó la importancia del mercado peruano en su operación internacional. 

Conoce más: acortar.link/oCt094",1,1,3,0,1.0K
2025-07-11 13:33:22,ScotiabankPE,Apr 28,"#NotaInformativa | Buscando fortalecer la inversión privada y dinamizar el crecimiento económico, 📈 el ministro @Jose_SalardiR, junto con el director de Sistema Financiero y Mercado de Capitales de la Dirección General de Mercados Financieros y Previsional Privado, Óscar Orcón,…",1,2,5,1,1.0K
2025-07-11 13:33:22,ScotiabankPE,Mar 26,"#BrandedContent. @ScotiabankPE ha sido reconocido por segundo año consecutivo como líder de Banca Privada en Perú por Global Finance.
semanaeconomica.com/economia-finan…",8,1,0,0,2.0K
2025-07-11 13:33:22,ScotiabankPE,Mar 12,"#BrandedContent. @ScotiabankPE ha sido reconocido por segundo año consecutivo como líder de Banca Privada en Perú por Global Finance.

semanaeconomica.com/economia-finan…",4,2,0,0,2.0K
2025-07-11 13:33:22,ScotiabankPE,Mar 7,"#BrandedContent. @ScotiabankPE ha sido reconocido por segundo año consecutivo como líder de Banca Privada en Perú por Global Finance. Tras el reconocimiento, Patricia Martinez, Head de banca privada en Scotiabank, explica las acciones realizadas para lograr el reconocimiento, así…",6,1,1,0,1.0K
2025-07-11 13:33:22,ScotiabankPE,Mar 7,En Scotiabank te reconocemos tus logros y nos comprometemos a seguir trabajando por la equidad todos los días del año. #8MTodosLosDías. 💜 #8MTODOSLOSDÍAS,14,1,6,0,2.0K
2025-07-11 13:33:22,ScotiabankPE,Oct 16,"#BrandedContent. @ScotiabankPE presentó oficialmente a Sebastián Arcuri como su nuevo CEO, y junto a su CEO Global y Head of International Banking, reforzó su compromiso con sus clientes y el desarrollo del país.

Conoce más: acortar.link/Cg9UF1",19,2,11,1,7.0K
2025-07-11 13:33:22,ScotiabankPE,Sep 10,"Conoce nuestro proyecto en Punchan, Iquitos, Perú🇵🇪, con @scotiabankPE y @WorldVisionPeru, enfocado en mejorar la educación infantil con tecnología, fortalecer el rol familiar con ternura y el apoyo de proyectos juveniles.",2,4,26,1,6.0K
2025-07-11 13:33:22,ScotiabankPE,Aug 29,"Conoce nuestro proyecto en Punchana, Iquitos, Perú🇵🇪, con @ScotiabankPE y @WorldVisionPeru, enfocado en mejorar la educación infantil con tecnología, fortalecer el rol familiar con ternura y el apoyo de proyectos juveniles.",0,4,23,0,5.0K
2025-07-11 13:33:22,ScotiabankPE,Aug 8,Scotiabank lanza Fondo de Impacto Social ScotiaRISE en Perú ⏩n9.cl/bsrmz,6,1,2,0,4.0K
2025-07-11 13:33:22,ScotiabankPE,"Jun 18, 2024","Desde el 2022, hemos implementado el proyecto ""Inclusión Educativa para la Vida"" en Loreto, uno de los departamentos con mayor pobreza monetaria. Esta iniciativa, en alianza con @ScotiabankPE y @FundacioFCB, tiene como objetivo mejorar la calidad educativa de las niñas y niños.",5,1,3,0,5.0K
2025-07-11 13:33:22,ScotiabankPE,"Jun 13, 2024","En nuestro compromiso con el bienestar de la niñez, desde el 2022 implementamos el proyecto ""Inclusión Educativa para la Vida"" con el apoyo de @ScotiabankPE y la @FCBarcelona, para brindar acceso a una educación de calidad a las niñas y niños. 

#Scotiabank #FundacionBarcelona",2,6,9,0,4.0K
2025-07-11 13:33:22,ScotiabankPE,"Jun 14, 2024","Somos y seremos sus más grandes hinchas. ⚽️Etiquétalo y dile por qué lo eres. ❤️

#ScotiabankPerú #HablemosEnSerio #DíaDelPadre",18,0,4,0,4.0K
2025-07-11 13:33:22,ScotiabankPE,"May 10, 2024","El mejor regalo para mamá es reconocerla. 🤗  Etiquétala y coméntale por qué lo está haciendo bien.
#HablemosEnSerio #ScotiabankPerú #FelizDíaMamá",14,0,3,0,4.0K
2025-07-11 14:20:35,ScotiabankPE,21 h,"#EntrevistaSE. El CFO de @ScotiabankPE, Marcelo Rodríguez, cuenta que la reciente emisión por US$400 millones busca transmitir un mensaje de permanencia de largo plazo en el Perú.

Por @cabecitaterri.
semanaeconomica.com/economia-finan…",0,2,2,0,447
2025-07-11 14:20:35,ScotiabankPE,Jun 27,".@ScotiabankPE captó US$400 millones en emisión internacional de bonos subordinados. 

semanaeconomica.com/que-esta-pasan…",3,1,1,0,820
2025-07-11 14:20:35,ScotiabankPE,Jun 24,".@ScotiabankPE lanza roadshow internacional previo a nueva emisión de bonos por US$1,000 millones. Scotiabank contrató a @GoldmanSachs y Scotia Capital para presentar la operación ante inversionistas institucionales.
semanaeconomica.com/que-esta-pasan…",0,1,0,0,825
2025-07-11 14:20:35,ScotiabankPE,Jun 20,"Agradecemos a nuestro auspiciador PLATA 🎊 @ScotiabankPE, quién se une a la 30° edición de #CADEUniversitario, el encuentro de jóvenes líderes más importante del país, y se suma a nuestro compromiso de construir un Perú más desarrollado.

Conoce más aquí 👉…",0,1,1,0,404
2025-07-11 14:20:35,ScotiabankPE,Jun 6,"#BrandedContent.  La alta dirección de @ScotiabankPE, liderada por su CEO global, llegó a Perú y sostuvo reuniones con clientes estratégicos y reafirmó la importancia del mercado peruano en su operación internacional.
semanaeconomica.com/economia-finan…",1,1,2,0,943
2025-07-11 14:20:35,ScotiabankPE,May 26,"#BrandedContent.  La alta dirección de @ScotiabankPE, liderada por su CEO global, llegó a Perú y sostuvo reuniones con clientes estratégicos y reafirmó la importancia del mercado peruano en su operación internacional.
semanaeconomica.com/economia-finan…",1,1,2,1,1.0K
2025-07-11 14:20:35,ScotiabankPE,May 22,"#BrandedContent.  La alta dirección de @ScotiabankPE, liderada por su CEO global, llegó a Perú y sostuvo reuniones con clientes estratégicos y reafirmó la importancia del mercado peruano en su operación internacional. 

Conoce más: acortar.link/oCt094",1,1,3,0,1.0K
2025-07-11 14:20:35,ScotiabankPE,Apr 28,"#NotaInformativa | Buscando fortalecer la inversión privada y dinamizar el crecimiento económico, 📈 el ministro @Jose_SalardiR, junto con el director de Sistema Financiero y Mercado de Capitales de la Dirección General de Mercados Financieros y Previsional Privado, Óscar Orcón,…",1,2,5,1,1.0K
2025-07-11 14:20:35,ScotiabankPE,Mar 26,"#BrandedContent. @ScotiabankPE ha sido reconocido por segundo año consecutivo como líder de Banca Privada en Perú por Global Finance.
semanaeconomica.com/economia-finan…",8,1,0,0,2.0K
2025-07-11 14:20:35,ScotiabankPE,Mar 12,"#BrandedContent. @ScotiabankPE ha sido reconocido por segundo año consecutivo como líder de Banca Privada en Perú por Global Finance.

semanaeconomica.com/economia-finan…",4,2,0,0,2.0K
2025-07-11 14:20:35,ScotiabankPE,Mar 7,"#BrandedContent. @ScotiabankPE ha sido reconocido por segundo año consecutivo como líder de Banca Privada en Perú por Global Finance. Tras el reconocimiento, Patricia Martinez, Head de banca privada en Scotiabank, explica las acciones realizadas para lograr el reconocimiento, así…",6,1,1,0,1.0K
2025-07-11 14:20:35,ScotiabankPE,Mar 7,En Scotiabank te reconocemos tus logros y nos comprometemos a seguir trabajando por la equidad todos los días del año. #8MTodosLosDías. 💜 #8MTODOSLOSDÍAS,14,1,6,0,2.0K
2025-07-11 14:20:35,ScotiabankPE,Oct 16,"#BrandedContent. @ScotiabankPE presentó oficialmente a Sebastián Arcuri como su nuevo CEO, y junto a su CEO Global y Head of International Banking, reforzó su compromiso con sus clientes y el desarrollo del país.

Conoce más: acortar.link/Cg9UF1",19,2,11,1,7.0K
2025-07-11 14:20:35,ScotiabankPE,Sep 10,"Conoce nuestro proyecto en Punchan, Iquitos, Perú🇵🇪, con @scotiabankPE y @WorldVisionPeru, enfocado en mejorar la educación infantil con tecnología, fortalecer el rol familiar con ternura y el apoyo de proyectos juveniles.",2,4,26,1,6.0K
2025-07-11 14:20:35,ScotiabankPE,Aug 29,"Conoce nuestro proyecto en Punchana, Iquitos, Perú🇵🇪, con @ScotiabankPE y @WorldVisionPeru, enfocado en mejorar la educación infantil con tecnología, fortalecer el rol familiar con ternura y el apoyo de proyectos juveniles.",0,4,23,0,5.0K
2025-07-11 14:20:35,ScotiabankPE,Aug 8,Scotiabank lanza Fondo de Impacto Social ScotiaRISE en Perú ⏩n9.cl/bsrmz,6,1,2,0,4.0K
2025-07-11 14:20:35,ScotiabankPE,"Jun 18, 2024","Desde el 2022, hemos implementado el proyecto ""Inclusión Educativa para la Vida"" en Loreto, uno de los departamentos con mayor pobreza monetaria. Esta iniciativa, en alianza con @ScotiabankPE y @FundacioFCB, tiene como objetivo mejorar la calidad educativa de las niñas y niños.",5,1,3,0,5.0K
2025-07-11 14:20:35,ScotiabankPE,"Jun 13, 2024","En nuestro compromiso con el bienestar de la niñez, desde el 2022 implementamos el proyecto ""Inclusión Educativa para la Vida"" con el apoyo de @ScotiabankPE y la @FCBarcelona, para brindar acceso a una educación de calidad a las niñas y niños. 

#Scotiabank #FundacionBarcelona",2,6,9,0,4.0K
2025-07-11 14:20:35,ScotiabankPE,"Jun 14, 2024","Somos y seremos sus más grandes hinchas. ⚽️Etiquétalo y dile por qué lo eres. ❤️

#ScotiabankPerú #HablemosEnSerio #DíaDelPadre",18,0,4,0,4.0K
2025-07-11 14:20:35,ScotiabankPE,"May 10, 2024","El mejor regalo para mamá es reconocerla. 🤗  Etiquétala y coméntale por qué lo está haciendo bien.
#HablemosEnSerio #ScotiabankPerú #FelizDíaMamá",14,0,3,0,4.0K
2025-07-11 15:22:03,ScotiabankPE,22 h,"#EntrevistaSE. El CFO de @ScotiabankPE, Marcelo Rodríguez, cuenta que la reciente emisión por US$400 millones busca transmitir un mensaje de permanencia de largo plazo en el Perú.

Por @cabecitaterri.
semanaeconomica.com/economia-finan…",0,2,2,0,448
2025-07-11 15:22:03,ScotiabankPE,Jun 27,".@ScotiabankPE captó US$400 millones en emisión internacional de bonos subordinados. 

semanaeconomica.com/que-esta-pasan…",3,1,1,0,820
2025-07-11 15:22:03,ScotiabankPE,Jun 24,".@ScotiabankPE lanza roadshow internacional previo a nueva emisión de bonos por US$1,000 millones. Scotiabank contrató a @GoldmanSachs y Scotia Capital para presentar la operación ante inversionistas institucionales.
semanaeconomica.com/que-esta-pasan…",0,1,0,0,825
2025-07-11 15:22:03,ScotiabankPE,Jun 20,"Agradecemos a nuestro auspiciador PLATA 🎊 @ScotiabankPE, quién se une a la 30° edición de #CADEUniversitario, el encuentro de jóvenes líderes más importante del país, y se suma a nuestro compromiso de construir un Perú más desarrollado.

Conoce más aquí 👉…",0,1,1,0,404
2025-07-11 15:22:03,ScotiabankPE,Jun 6,"#BrandedContent.  La alta dirección de @ScotiabankPE, liderada por su CEO global, llegó a Perú y sostuvo reuniones con clientes estratégicos y reafirmó la importancia del mercado peruano en su operación internacional.
semanaeconomica.com/economia-finan…",1,1,2,0,943
2025-07-11 15:22:03,ScotiabankPE,May 26,"#BrandedContent.  La alta dirección de @ScotiabankPE, liderada por su CEO global, llegó a Perú y sostuvo reuniones con clientes estratégicos y reafirmó la importancia del mercado peruano en su operación internacional.
semanaeconomica.com/economia-finan…",1,1,2,1,1.0K
2025-07-11 15:22:03,ScotiabankPE,May 22,"#BrandedContent.  La alta dirección de @ScotiabankPE, liderada por su CEO global, llegó a Perú y sostuvo reuniones con clientes estratégicos y reafirmó la importancia del mercado peruano en su operación internacional. 

Conoce más: acortar.link/oCt094",1,1,3,0,1.0K
2025-07-11 15:22:03,ScotiabankPE,Apr 28,"#NotaInformativa | Buscando fortalecer la inversión privada y dinamizar el crecimiento económico, 📈 el ministro @Jose_SalardiR, junto con el director de Sistema Financiero y Mercado de Capitales de la Dirección General de Mercados Financieros y Previsional Privado, Óscar Orcón,…",1,2,5,1,1.0K
2025-07-11 15:22:03,ScotiabankPE,Mar 26,"#BrandedContent. @ScotiabankPE ha sido reconocido por segundo año consecutivo como líder de Banca Privada en Perú por Global Finance.
semanaeconomica.com/economia-finan…",8,1,0,0,2.0K
2025-07-11 15:22:03,ScotiabankPE,Mar 12,"#BrandedContent. @ScotiabankPE ha sido reconocido por segundo año consecutivo como líder de Banca Privada en Perú por Global Finance.

semanaeconomica.com/economia-finan…",4,2,0,0,2.0K
2025-07-11 15:22:03,ScotiabankPE,Mar 7,"#BrandedContent. @ScotiabankPE ha sido reconocido por segundo año consecutivo como líder de Banca Privada en Perú por Global Finance. Tras el reconocimiento, Patricia Martinez, Head de banca privada en Scotiabank, explica las acciones realizadas para lograr el reconocimiento, así…",6,1,1,0,1.0K
2025-07-11 15:22:03,ScotiabankPE,Mar 7,En Scotiabank te reconocemos tus logros y nos comprometemos a seguir trabajando por la equidad todos los días del año. #8MTodosLosDías. 💜 #8MTODOSLOSDÍAS,14,1,6,0,2.0K
2025-07-11 15:22:03,ScotiabankPE,Oct 16,"#BrandedContent. @ScotiabankPE presentó oficialmente a Sebastián Arcuri como su nuevo CEO, y junto a su CEO Global y Head of International Banking, reforzó su compromiso con sus clientes y el desarrollo del país.

Conoce más: acortar.link/Cg9UF1",19,2,11,1,7.0K
2025-07-11 15:22:03,ScotiabankPE,Sep 10,"Conoce nuestro proyecto en Punchan, Iquitos, Perú🇵🇪, con @scotiabankPE y @WorldVisionPeru, enfocado en mejorar la educación infantil con tecnología, fortalecer el rol familiar con ternura y el apoyo de proyectos juveniles.",2,4,26,1,6.0K
2025-07-11 15:22:03,ScotiabankPE,Aug 29,"Conoce nuestro proyecto en Punchana, Iquitos, Perú🇵🇪, con @ScotiabankPE y @WorldVisionPeru, enfocado en mejorar la educación infantil con tecnología, fortalecer el rol familiar con ternura y el apoyo de proyectos juveniles.",0,4,23,0,5.0K
2025-07-11 15:22:03,ScotiabankPE,Aug 8,Scotiabank lanza Fondo de Impacto Social ScotiaRISE en Perú ⏩n9.cl/bsrmz,6,1,2,0,4.0K
2025-07-11 15:22:03,ScotiabankPE,"Jun 18, 2024","Desde el 2022, hemos implementado el proyecto ""Inclusión Educativa para la Vida"" en Loreto, uno de los departamentos con mayor pobreza monetaria. Esta iniciativa, en alianza con @ScotiabankPE y @FundacioFCB, tiene como objetivo mejorar la calidad educativa de las niñas y niños.",5,1,3,0,5.0K
2025-07-11 15:22:03,ScotiabankPE,"Jun 13, 2024","En nuestro compromiso con el bienestar de la niñez, desde el 2022 implementamos el proyecto ""Inclusión Educativa para la Vida"" con el apoyo de @ScotiabankPE y la @FCBarcelona, para brindar acceso a una educación de calidad a las niñas y niños. 

#Scotiabank #FundacionBarcelona",2,6,9,0,4.0K
2025-07-11 15:22:03,ScotiabankPE,"Jun 14, 2024","Somos y seremos sus más grandes hinchas. ⚽️Etiquétalo y dile por qué lo eres. ❤️

#ScotiabankPerú #HablemosEnSerio #DíaDelPadre",18,0,4,0,4.0K
2025-07-11 15:22:03,ScotiabankPE,"May 10, 2024","El mejor regalo para mamá es reconocerla. 🤗  Etiquétala y coméntale por qué lo está haciendo bien.
#HablemosEnSerio #ScotiabankPerú #FelizDíaMamá",14,0,3,0,4.0K
2025-07-11 16:26:17,ScotiabankPE,23 h,"#EntrevistaSE. El CFO de @ScotiabankPE, Marcelo Rodríguez, cuenta que la reciente emisión por US$400 millones busca transmitir un mensaje de permanencia de largo plazo en el Perú.

Por @cabecitaterri.
semanaeconomica.com/economia-finan…",0,2,2,0,452
2025-07-11 16:26:17,ScotiabankPE,Jun 27,".@ScotiabankPE captó US$400 millones en emisión internacional de bonos subordinados. 

semanaeconomica.com/que-esta-pasan…",3,1,1,0,821
2025-07-11 16:26:17,ScotiabankPE,Jun 24,".@ScotiabankPE lanza roadshow internacional previo a nueva emisión de bonos por US$1,000 millones. Scotiabank contrató a @GoldmanSachs y Scotia Capital para presentar la operación ante inversionistas institucionales.
semanaeconomica.com/que-esta-pasan…",0,1,0,0,826
2025-07-11 16:26:17,ScotiabankPE,Jun 20,"Agradecemos a nuestro auspiciador PLATA 🎊 @ScotiabankPE, quién se une a la 30° edición de #CADEUniversitario, el encuentro de jóvenes líderes más importante del país, y se suma a nuestro compromiso de construir un Perú más desarrollado.

Conoce más aquí 👉…",0,1,1,0,405
2025-07-11 16:26:17,ScotiabankPE,Jun 6,"#BrandedContent.  La alta dirección de @ScotiabankPE, liderada por su CEO global, llegó a Perú y sostuvo reuniones con clientes estratégicos y reafirmó la importancia del mercado peruano en su operación internacional.
semanaeconomica.com/economia-finan…",1,1,2,0,943
2025-07-11 16:26:17,ScotiabankPE,May 26,"#BrandedContent.  La alta dirección de @ScotiabankPE, liderada por su CEO global, llegó a Perú y sostuvo reuniones con clientes estratégicos y reafirmó la importancia del mercado peruano en su operación internacional.
semanaeconomica.com/economia-finan…",1,1,2,1,1.0K
2025-07-11 16:26:17,ScotiabankPE,May 22,"#BrandedContent.  La alta dirección de @ScotiabankPE, liderada por su CEO global, llegó a Perú y sostuvo reuniones con clientes estratégicos y reafirmó la importancia del mercado peruano en su operación internacional. 

Conoce más: acortar.link/oCt094",1,1,3,0,1.0K
2025-07-11 16:26:17,ScotiabankPE,Apr 28,"#NotaInformativa | Buscando fortalecer la inversión privada y dinamizar el crecimiento económico, 📈 el ministro @Jose_SalardiR, junto con el director de Sistema Financiero y Mercado de Capitales de la Dirección General de Mercados Financieros y Previsional Privado, Óscar Orcón,…",1,2,5,1,1.0K
2025-07-11 16:26:17,ScotiabankPE,Mar 26,"#BrandedContent. @ScotiabankPE ha sido reconocido por segundo año consecutivo como líder de Banca Privada en Perú por Global Finance.
semanaeconomica.com/economia-finan…",8,1,0,0,2.0K
2025-07-11 16:26:17,ScotiabankPE,Mar 12,"#BrandedContent. @ScotiabankPE ha sido reconocido por segundo año consecutivo como líder de Banca Privada en Perú por Global Finance.

semanaeconomica.com/economia-finan…",4,2,0,0,2.0K
2025-07-11 16:26:17,ScotiabankPE,Mar 7,"#BrandedContent. @ScotiabankPE ha sido reconocido por segundo año consecutivo como líder de Banca Privada en Perú por Global Finance. Tras el reconocimiento, Patricia Martinez, Head de banca privada en Scotiabank, explica las acciones realizadas para lograr el reconocimiento, así…",6,1,1,0,1.0K
2025-07-11 16:26:17,ScotiabankPE,Mar 7,En Scotiabank te reconocemos tus logros y nos comprometemos a seguir trabajando por la equidad todos los días del año. #8MTodosLosDías. 💜 #8MTODOSLOSDÍAS,14,1,6,0,2.0K
2025-07-11 16:26:17,ScotiabankPE,Oct 16,"#BrandedContent. @ScotiabankPE presentó oficialmente a Sebastián Arcuri como su nuevo CEO, y junto a su CEO Global y Head of International Banking, reforzó su compromiso con sus clientes y el desarrollo del país.

Conoce más: acortar.link/Cg9UF1",19,2,11,1,7.0K
2025-07-11 16:26:17,ScotiabankPE,Sep 10,"Conoce nuestro proyecto en Punchan, Iquitos, Perú🇵🇪, con @scotiabankPE y @WorldVisionPeru, enfocado en mejorar la educación infantil con tecnología, fortalecer el rol familiar con ternura y el apoyo de proyectos juveniles.",2,4,26,1,6.0K
2025-07-11 16:26:17,ScotiabankPE,Aug 29,"Conoce nuestro proyecto en Punchana, Iquitos, Perú🇵🇪, con @ScotiabankPE y @WorldVisionPeru, enfocado en mejorar la educación infantil con tecnología, fortalecer el rol familiar con ternura y el apoyo de proyectos juveniles.",0,4,23,0,5.0K
2025-07-11 16:26:17,ScotiabankPE,Aug 8,Scotiabank lanza Fondo de Impacto Social ScotiaRISE en Perú ⏩n9.cl/bsrmz,6,1,2,0,4.0K
2025-07-11 16:26:17,ScotiabankPE,"Jun 18, 2024","Desde el 2022, hemos implementado el proyecto ""Inclusión Educativa para la Vida"" en Loreto, uno de los departamentos con mayor pobreza monetaria. Esta iniciativa, en alianza con @ScotiabankPE y @FundacioFCB, tiene como objetivo mejorar la calidad educativa de las niñas y niños.",5,1,3,0,5.0K
2025-07-11 16:26:17,ScotiabankPE,"Jun 13, 2024","En nuestro compromiso con el bienestar de la niñez, desde el 2022 implementamos el proyecto ""Inclusión Educativa para la Vida"" con el apoyo de @ScotiabankPE y la @FCBarcelona, para brindar acceso a una educación de calidad a las niñas y niños. 

#Scotiabank #FundacionBarcelona",2,6,9,0,4.0K
2025-07-11 16:26:17,ScotiabankPE,"Jun 14, 2024","Somos y seremos sus más grandes hinchas. ⚽️Etiquétalo y dile por qué lo eres. ❤️

#ScotiabankPerú #HablemosEnSerio #DíaDelPadre",18,0,4,0,4.0K
2025-07-11 16:26:17,ScotiabankPE,"May 10, 2024","El mejor regalo para mamá es reconocerla. 🤗  Etiquétala y coméntale por qué lo está haciendo bien.
#HablemosEnSerio #ScotiabankPerú #FelizDíaMamá",14,0,3,0,4.0K
2025-07-11 17:19:06,ScotiabankPE,24 h,"#EntrevistaSE. El CFO de @ScotiabankPE, Marcelo Rodríguez, cuenta que la reciente emisión por US$400 millones busca transmitir un mensaje de permanencia de largo plazo en el Perú.

Por @cabecitaterri.
semanaeconomica.com/economia-finan…",0,2,2,0,453
2025-07-11 17:19:06,ScotiabankPE,Jun 27,".@ScotiabankPE captó US$400 millones en emisión internacional de bonos subordinados. 

semanaeconomica.com/que-esta-pasan…",3,1,1,0,822
2025-07-11 17:19:06,ScotiabankPE,Jun 24,".@ScotiabankPE lanza roadshow internacional previo a nueva emisión de bonos por US$1,000 millones. Scotiabank contrató a @GoldmanSachs y Scotia Capital para presentar la operación ante inversionistas institucionales.
semanaeconomica.com/que-esta-pasan…",0,1,0,0,826
2025-07-11 17:19:06,ScotiabankPE,Jun 20,"Agradecemos a nuestro auspiciador PLATA 🎊 @ScotiabankPE, quién se une a la 30° edición de #CADEUniversitario, el encuentro de jóvenes líderes más importante del país, y se suma a nuestro compromiso de construir un Perú más desarrollado.

Conoce más aquí 👉…",0,1,1,0,405
2025-07-11 17:19:06,ScotiabankPE,Jun 6,"#BrandedContent.  La alta dirección de @ScotiabankPE, liderada por su CEO global, llegó a Perú y sostuvo reuniones con clientes estratégicos y reafirmó la importancia del mercado peruano en su operación internacional.
semanaeconomica.com/economia-finan…",1,1,2,0,943
2025-07-11 17:19:06,ScotiabankPE,May 26,"#BrandedContent.  La alta dirección de @ScotiabankPE, liderada por su CEO global, llegó a Perú y sostuvo reuniones con clientes estratégicos y reafirmó la importancia del mercado peruano en su operación internacional.
semanaeconomica.com/economia-finan…",1,1,2,1,1.0K
2025-07-11 17:19:06,ScotiabankPE,May 22,"#BrandedContent.  La alta dirección de @ScotiabankPE, liderada por su CEO global, llegó a Perú y sostuvo reuniones con clientes estratégicos y reafirmó la importancia del mercado peruano en su operación internacional. 

Conoce más: acortar.link/oCt094",1,1,3,0,1.0K
2025-07-11 17:19:06,ScotiabankPE,Apr 28,"#NotaInformativa | Buscando fortalecer la inversión privada y dinamizar el crecimiento económico, 📈 el ministro @Jose_SalardiR, junto con el director de Sistema Financiero y Mercado de Capitales de la Dirección General de Mercados Financieros y Previsional Privado, Óscar Orcón,…",1,2,5,1,1.0K
2025-07-11 17:19:06,ScotiabankPE,Mar 26,"#BrandedContent. @ScotiabankPE ha sido reconocido por segundo año consecutivo como líder de Banca Privada en Perú por Global Finance.
semanaeconomica.com/economia-finan…",8,1,0,0,2.0K
2025-07-11 17:19:06,ScotiabankPE,Mar 12,"#BrandedContent. @ScotiabankPE ha sido reconocido por segundo año consecutivo como líder de Banca Privada en Perú por Global Finance.

semanaeconomica.com/economia-finan…",4,2,0,0,2.0K
2025-07-11 17:19:06,ScotiabankPE,Mar 7,"#BrandedContent. @ScotiabankPE ha sido reconocido por segundo año consecutivo como líder de Banca Privada en Perú por Global Finance. Tras el reconocimiento, Patricia Martinez, Head de banca privada en Scotiabank, explica las acciones realizadas para lograr el reconocimiento, así…",6,1,1,0,1.0K
2025-07-11 17:19:06,ScotiabankPE,Mar 7,En Scotiabank te reconocemos tus logros y nos comprometemos a seguir trabajando por la equidad todos los días del año. #8MTodosLosDías. 💜 #8MTODOSLOSDÍAS,14,1,6,0,2.0K
2025-07-11 17:19:06,ScotiabankPE,Oct 16,"#BrandedContent. @ScotiabankPE presentó oficialmente a Sebastián Arcuri como su nuevo CEO, y junto a su CEO Global y Head of International Banking, reforzó su compromiso con sus clientes y el desarrollo del país.

Conoce más: acortar.link/Cg9UF1",19,2,11,1,7.0K
2025-07-11 17:19:06,ScotiabankPE,Sep 10,"Conoce nuestro proyecto en Punchan, Iquitos, Perú🇵🇪, con @scotiabankPE y @WorldVisionPeru, enfocado en mejorar la educación infantil con tecnología, fortalecer el rol familiar con ternura y el apoyo de proyectos juveniles.",2,4,26,1,6.0K
2025-07-11 17:19:06,ScotiabankPE,Aug 29,"Conoce nuestro proyecto en Punchana, Iquitos, Perú🇵🇪, con @ScotiabankPE y @WorldVisionPeru, enfocado en mejorar la educación infantil con tecnología, fortalecer el rol familiar con ternura y el apoyo de proyectos juveniles.",0,4,23,0,5.0K
2025-07-11 17:19:06,ScotiabankPE,Aug 8,Scotiabank lanza Fondo de Impacto Social ScotiaRISE en Perú ⏩n9.cl/bsrmz,6,1,2,0,4.0K
2025-07-11 17:19:06,ScotiabankPE,"Jun 18, 2024","Desde el 2022, hemos implementado el proyecto ""Inclusión Educativa para la Vida"" en Loreto, uno de los departamentos con mayor pobreza monetaria. Esta iniciativa, en alianza con @ScotiabankPE y @FundacioFCB, tiene como objetivo mejorar la calidad educativa de las niñas y niños.",5,1,3,0,5.0K
2025-07-11 17:19:06,ScotiabankPE,"Jun 13, 2024","En nuestro compromiso con el bienestar de la niñez, desde el 2022 implementamos el proyecto ""Inclusión Educativa para la Vida"" con el apoyo de @ScotiabankPE y la @FCBarcelona, para brindar acceso a una educación de calidad a las niñas y niños. 

#Scotiabank #FundacionBarcelona",2,6,9,0,4.0K
2025-07-11 17:19:06,ScotiabankPE,"Jun 14, 2024","Somos y seremos sus más grandes hinchas. ⚽️Etiquétalo y dile por qué lo eres. ❤️

#ScotiabankPerú #HablemosEnSerio #DíaDelPadre",18,0,4,0,4.0K
2025-07-11 17:19:06,ScotiabankPE,"May 10, 2024","El mejor regalo para mamá es reconocerla. 🤗  Etiquétala y coméntale por qué lo está haciendo bien.
#HablemosEnSerio #ScotiabankPerú #FelizDíaMamá",14,0,3,0,4.0K
2025-07-11 18:28:54,ScotiabankPE,Jul 10,"#EntrevistaSE. El CFO de @ScotiabankPE, Marcelo Rodríguez, cuenta que la reciente emisión por US$400 millones busca transmitir un mensaje de permanencia de largo plazo en el Perú.

Por @cabecitaterri.
semanaeconomica.com/economia-finan…",0,2,2,0,455
2025-07-11 18:28:54,ScotiabankPE,Jun 27,".@ScotiabankPE captó US$400 millones en emisión internacional de bonos subordinados. 

semanaeconomica.com/que-esta-pasan…",3,1,1,0,822
2025-07-11 18:28:54,ScotiabankPE,Jun 24,".@ScotiabankPE lanza roadshow internacional previo a nueva emisión de bonos por US$1,000 millones. Scotiabank contrató a @GoldmanSachs y Scotia Capital para presentar la operación ante inversionistas institucionales.
semanaeconomica.com/que-esta-pasan…",0,1,0,0,826
2025-07-11 18:28:54,ScotiabankPE,Jun 20,"Agradecemos a nuestro auspiciador PLATA 🎊 @ScotiabankPE, quién se une a la 30° edición de #CADEUniversitario, el encuentro de jóvenes líderes más importante del país, y se suma a nuestro compromiso de construir un Perú más desarrollado.

Conoce más aquí 👉…",0,1,1,0,405
2025-07-11 18:28:54,ScotiabankPE,Jun 6,"#BrandedContent.  La alta dirección de @ScotiabankPE, liderada por su CEO global, llegó a Perú y sostuvo reuniones con clientes estratégicos y reafirmó la importancia del mercado peruano en su operación internacional.
semanaeconomica.com/economia-finan…",1,1,2,0,943
2025-07-11 18:28:54,ScotiabankPE,May 26,"#BrandedContent.  La alta dirección de @ScotiabankPE, liderada por su CEO global, llegó a Perú y sostuvo reuniones con clientes estratégicos y reafirmó la importancia del mercado peruano en su operación internacional.
semanaeconomica.com/economia-finan…",1,1,2,1,1.0K
2025-07-11 18:28:54,ScotiabankPE,May 22,"#BrandedContent.  La alta dirección de @ScotiabankPE, liderada por su CEO global, llegó a Perú y sostuvo reuniones con clientes estratégicos y reafirmó la importancia del mercado peruano en su operación internacional. 

Conoce más: acortar.link/oCt094",1,1,3,0,1.0K
2025-07-11 18:28:54,ScotiabankPE,Apr 28,"#NotaInformativa | Buscando fortalecer la inversión privada y dinamizar el crecimiento económico, 📈 el ministro @Jose_SalardiR, junto con el director de Sistema Financiero y Mercado de Capitales de la Dirección General de Mercados Financieros y Previsional Privado, Óscar Orcón,…",1,2,5,1,1.0K
2025-07-11 18:28:54,ScotiabankPE,Mar 26,"#BrandedContent. @ScotiabankPE ha sido reconocido por segundo año consecutivo como líder de Banca Privada en Perú por Global Finance.
semanaeconomica.com/economia-finan…",8,1,0,0,2.0K
2025-07-11 18:28:54,ScotiabankPE,Mar 12,"#BrandedContent. @ScotiabankPE ha sido reconocido por segundo año consecutivo como líder de Banca Privada en Perú por Global Finance.

semanaeconomica.com/economia-finan…",4,2,0,0,2.0K
2025-07-11 18:28:54,ScotiabankPE,Mar 7,"#BrandedContent. @ScotiabankPE ha sido reconocido por segundo año consecutivo como líder de Banca Privada en Perú por Global Finance. Tras el reconocimiento, Patricia Martinez, Head de banca privada en Scotiabank, explica las acciones realizadas para lograr el reconocimiento, así…",6,1,1,0,1.0K
2025-07-11 18:28:54,ScotiabankPE,Mar 7,En Scotiabank te reconocemos tus logros y nos comprometemos a seguir trabajando por la equidad todos los días del año. #8MTodosLosDías. 💜 #8MTODOSLOSDÍAS,14,1,6,0,2.0K
2025-07-11 18:28:54,ScotiabankPE,Oct 16,"#BrandedContent. @ScotiabankPE presentó oficialmente a Sebastián Arcuri como su nuevo CEO, y junto a su CEO Global y Head of International Banking, reforzó su compromiso con sus clientes y el desarrollo del país.

Conoce más: acortar.link/Cg9UF1",19,2,11,1,7.0K
2025-07-11 18:28:54,ScotiabankPE,Sep 10,"Conoce nuestro proyecto en Punchan, Iquitos, Perú🇵🇪, con @scotiabankPE y @WorldVisionPeru, enfocado en mejorar la educación infantil con tecnología, fortalecer el rol familiar con ternura y el apoyo de proyectos juveniles.",2,4,26,1,6.0K
2025-07-11 18:28:54,ScotiabankPE,Aug 29,"Conoce nuestro proyecto en Punchana, Iquitos, Perú🇵🇪, con @ScotiabankPE y @WorldVisionPeru, enfocado en mejorar la educación infantil con tecnología, fortalecer el rol familiar con ternura y el apoyo de proyectos juveniles.",0,4,23,0,5.0K
2025-07-11 18:28:54,ScotiabankPE,Aug 8,Scotiabank lanza Fondo de Impacto Social ScotiaRISE en Perú ⏩n9.cl/bsrmz,6,1,2,0,4.0K
2025-07-11 18:28:54,ScotiabankPE,"Jun 18, 2024","Desde el 2022, hemos implementado el proyecto ""Inclusión Educativa para la Vida"" en Loreto, uno de los departamentos con mayor pobreza monetaria. Esta iniciativa, en alianza con @ScotiabankPE y @FundacioFCB, tiene como objetivo mejorar la calidad educativa de las niñas y niños.",5,1,3,0,5.0K
2025-07-11 18:28:54,ScotiabankPE,"Jun 13, 2024","En nuestro compromiso con el bienestar de la niñez, desde el 2022 implementamos el proyecto ""Inclusión Educativa para la Vida"" con el apoyo de @ScotiabankPE y la @FCBarcelona, para brindar acceso a una educación de calidad a las niñas y niños. 

#Scotiabank #FundacionBarcelona",2,6,9,0,4.0K
2025-07-11 18:28:54,ScotiabankPE,"Jun 14, 2024","Somos y seremos sus más grandes hinchas. ⚽️Etiquétalo y dile por qué lo eres. ❤️

#ScotiabankPerú #HablemosEnSerio #DíaDelPadre",18,0,4,0,4.0K
2025-07-11 18:28:54,ScotiabankPE,"May 10, 2024","El mejor regalo para mamá es reconocerla. 🤗  Etiquétala y coméntale por qué lo está haciendo bien.
#HablemosEnSerio #ScotiabankPerú #FelizDíaMamá",14,0,3,0,4.0K
2025-07-11 19:16:42,ScotiabankPE,Jul 10,"#EntrevistaSE. El CFO de @ScotiabankPE, Marcelo Rodríguez, cuenta que la reciente emisión por US$400 millones busca transmitir un mensaje de permanencia de largo plazo en el Perú.

Por @cabecitaterri.
semanaeconomica.com/economia-finan…",0,2,2,0,460
2025-07-11 19:16:42,ScotiabankPE,Jun 27,".@ScotiabankPE captó US$400 millones en emisión internacional de bonos subordinados. 

semanaeconomica.com/que-esta-pasan…",3,1,1,0,824
2025-07-11 19:16:42,ScotiabankPE,Jun 24,".@ScotiabankPE lanza roadshow internacional previo a nueva emisión de bonos por US$1,000 millones. Scotiabank contrató a @GoldmanSachs y Scotia Capital para presentar la operación ante inversionistas institucionales.
semanaeconomica.com/que-esta-pasan…",0,1,0,0,828
2025-07-11 19:16:42,ScotiabankPE,Jun 20,"Agradecemos a nuestro auspiciador PLATA 🎊 @ScotiabankPE, quién se une a la 30° edición de #CADEUniversitario, el encuentro de jóvenes líderes más importante del país, y se suma a nuestro compromiso de construir un Perú más desarrollado.

Conoce más aquí 👉…",0,1,1,0,405
2025-07-11 19:16:42,ScotiabankPE,Jun 6,"#BrandedContent.  La alta dirección de @ScotiabankPE, liderada por su CEO global, llegó a Perú y sostuvo reuniones con clientes estratégicos y reafirmó la importancia del mercado peruano en su operación internacional.
semanaeconomica.com/economia-finan…",1,1,2,0,943
2025-07-11 19:16:42,ScotiabankPE,May 26,"#BrandedContent.  La alta dirección de @ScotiabankPE, liderada por su CEO global, llegó a Perú y sostuvo reuniones con clientes estratégicos y reafirmó la importancia del mercado peruano en su operación internacional.
semanaeconomica.com/economia-finan…",1,1,2,1,1.0K
2025-07-11 19:16:42,ScotiabankPE,May 22,"#BrandedContent.  La alta dirección de @ScotiabankPE, liderada por su CEO global, llegó a Perú y sostuvo reuniones con clientes estratégicos y reafirmó la importancia del mercado peruano en su operación internacional. 

Conoce más: acortar.link/oCt094",1,1,3,0,1.0K
2025-07-11 19:16:42,ScotiabankPE,Apr 28,"#NotaInformativa | Buscando fortalecer la inversión privada y dinamizar el crecimiento económico, 📈 el ministro @Jose_SalardiR, junto con el director de Sistema Financiero y Mercado de Capitales de la Dirección General de Mercados Financieros y Previsional Privado, Óscar Orcón,…",1,2,5,1,1.0K
2025-07-11 19:16:42,ScotiabankPE,Mar 26,"#BrandedContent. @ScotiabankPE ha sido reconocido por segundo año consecutivo como líder de Banca Privada en Perú por Global Finance.
semanaeconomica.com/economia-finan…",8,1,0,0,2.0K
2025-07-11 19:16:42,ScotiabankPE,Mar 12,"#BrandedContent. @ScotiabankPE ha sido reconocido por segundo año consecutivo como líder de Banca Privada en Perú por Global Finance.

semanaeconomica.com/economia-finan…",4,2,0,0,2.0K
2025-07-11 19:16:42,ScotiabankPE,Mar 7,"#BrandedContent. @ScotiabankPE ha sido reconocido por segundo año consecutivo como líder de Banca Privada en Perú por Global Finance. Tras el reconocimiento, Patricia Martinez, Head de banca privada en Scotiabank, explica las acciones realizadas para lograr el reconocimiento, así…",6,1,1,0,1.0K
2025-07-11 19:16:42,ScotiabankPE,Mar 7,En Scotiabank te reconocemos tus logros y nos comprometemos a seguir trabajando por la equidad todos los días del año. #8MTodosLosDías. 💜 #8MTODOSLOSDÍAS,14,1,6,0,2.0K
2025-07-11 19:16:42,ScotiabankPE,Oct 16,"#BrandedContent. @ScotiabankPE presentó oficialmente a Sebastián Arcuri como su nuevo CEO, y junto a su CEO Global y Head of International Banking, reforzó su compromiso con sus clientes y el desarrollo del país.

Conoce más: acortar.link/Cg9UF1",19,2,11,1,7.0K
2025-07-11 19:16:42,ScotiabankPE,Sep 10,"Conoce nuestro proyecto en Punchan, Iquitos, Perú🇵🇪, con @scotiabankPE y @WorldVisionPeru, enfocado en mejorar la educación infantil con tecnología, fortalecer el rol familiar con ternura y el apoyo de proyectos juveniles.",2,4,26,1,6.0K
2025-07-11 19:16:42,ScotiabankPE,Aug 29,"Conoce nuestro proyecto en Punchana, Iquitos, Perú🇵🇪, con @ScotiabankPE y @WorldVisionPeru, enfocado en mejorar la educación infantil con tecnología, fortalecer el rol familiar con ternura y el apoyo de proyectos juveniles.",0,4,23,0,5.0K
2025-07-11 19:16:42,ScotiabankPE,Aug 8,Scotiabank lanza Fondo de Impacto Social ScotiaRISE en Perú ⏩n9.cl/bsrmz,6,1,2,0,4.0K
2025-07-11 19:16:42,ScotiabankPE,"Jun 18, 2024","Desde el 2022, hemos implementado el proyecto ""Inclusión Educativa para la Vida"" en Loreto, uno de los departamentos con mayor pobreza monetaria. Esta iniciativa, en alianza con @ScotiabankPE y @FundacioFCB, tiene como objetivo mejorar la calidad educativa de las niñas y niños.",5,1,3,0,5.0K
2025-07-11 19:16:42,ScotiabankPE,"Jun 13, 2024","En nuestro compromiso con el bienestar de la niñez, desde el 2022 implementamos el proyecto ""Inclusión Educativa para la Vida"" con el apoyo de @ScotiabankPE y la @FCBarcelona, para brindar acceso a una educación de calidad a las niñas y niños. 

#Scotiabank #FundacionBarcelona",2,6,9,0,4.0K
2025-07-11 19:16:42,ScotiabankPE,"Jun 14, 2024","Somos y seremos sus más grandes hinchas. ⚽️Etiquétalo y dile por qué lo eres. ❤️

#ScotiabankPerú #HablemosEnSerio #DíaDelPadre",18,0,4,0,4.0K
2025-07-11 19:16:42,ScotiabankPE,"May 10, 2024","El mejor regalo para mamá es reconocerla. 🤗  Etiquétala y coméntale por qué lo está haciendo bien.
#HablemosEnSerio #ScotiabankPerú #FelizDíaMamá",14,0,3,0,4.0K
2025-07-11 20:22:39,ScotiabankPE,Jul 10,"#EntrevistaSE. El CFO de @ScotiabankPE, Marcelo Rodríguez, cuenta que la reciente emisión por US$400 millones busca transmitir un mensaje de permanencia de largo plazo en el Perú.

Por @cabecitaterri.
semanaeconomica.com/economia-finan…",0,2,2,0,461
2025-07-11 20:22:39,ScotiabankPE,Jun 27,".@ScotiabankPE captó US$400 millones en emisión internacional de bonos subordinados. 

semanaeconomica.com/que-esta-pasan…",3,1,1,0,824
2025-07-11 20:22:39,ScotiabankPE,Jun 24,".@ScotiabankPE lanza roadshow internacional previo a nueva emisión de bonos por US$1,000 millones. Scotiabank contrató a @GoldmanSachs y Scotia Capital para presentar la operación ante inversionistas institucionales.
semanaeconomica.com/que-esta-pasan…",0,1,0,0,828
2025-07-11 20:22:39,ScotiabankPE,Jun 20,"Agradecemos a nuestro auspiciador PLATA 🎊 @ScotiabankPE, quién se une a la 30° edición de #CADEUniversitario, el encuentro de jóvenes líderes más importante del país, y se suma a nuestro compromiso de construir un Perú más desarrollado.

Conoce más aquí 👉…",0,1,1,0,405
2025-07-11 20:22:39,ScotiabankPE,Jun 6,"#BrandedContent.  La alta dirección de @ScotiabankPE, liderada por su CEO global, llegó a Perú y sostuvo reuniones con clientes estratégicos y reafirmó la importancia del mercado peruano en su operación internacional.
semanaeconomica.com/economia-finan…",1,1,2,0,943
2025-07-11 20:22:39,ScotiabankPE,May 26,"#BrandedContent.  La alta dirección de @ScotiabankPE, liderada por su CEO global, llegó a Perú y sostuvo reuniones con clientes estratégicos y reafirmó la importancia del mercado peruano en su operación internacional.
semanaeconomica.com/economia-finan…",1,1,2,1,1.0K
2025-07-11 20:22:39,ScotiabankPE,May 22,"#BrandedContent.  La alta dirección de @ScotiabankPE, liderada por su CEO global, llegó a Perú y sostuvo reuniones con clientes estratégicos y reafirmó la importancia del mercado peruano en su operación internacional. 

Conoce más: acortar.link/oCt094",1,1,3,0,1.0K
2025-07-11 20:22:39,ScotiabankPE,Apr 28,"#NotaInformativa | Buscando fortalecer la inversión privada y dinamizar el crecimiento económico, 📈 el ministro @Jose_SalardiR, junto con el director de Sistema Financiero y Mercado de Capitales de la Dirección General de Mercados Financieros y Previsional Privado, Óscar Orcón,…",1,2,5,1,1.0K
2025-07-11 20:22:39,ScotiabankPE,Mar 26,"#BrandedContent. @ScotiabankPE ha sido reconocido por segundo año consecutivo como líder de Banca Privada en Perú por Global Finance.
semanaeconomica.com/economia-finan…",8,1,0,0,2.0K
2025-07-11 20:22:39,ScotiabankPE,Mar 12,"#BrandedContent. @ScotiabankPE ha sido reconocido por segundo año consecutivo como líder de Banca Privada en Perú por Global Finance.

semanaeconomica.com/economia-finan…",4,2,0,0,2.0K
2025-07-11 20:22:39,ScotiabankPE,Mar 7,"#BrandedContent. @ScotiabankPE ha sido reconocido por segundo año consecutivo como líder de Banca Privada en Perú por Global Finance. Tras el reconocimiento, Patricia Martinez, Head de banca privada en Scotiabank, explica las acciones realizadas para lograr el reconocimiento, así…",6,1,1,0,1.0K
2025-07-11 20:22:39,ScotiabankPE,Mar 7,En Scotiabank te reconocemos tus logros y nos comprometemos a seguir trabajando por la equidad todos los días del año. #8MTodosLosDías. 💜 #8MTODOSLOSDÍAS,14,1,6,0,2.0K
2025-07-11 20:22:39,ScotiabankPE,Oct 16,"#BrandedContent. @ScotiabankPE presentó oficialmente a Sebastián Arcuri como su nuevo CEO, y junto a su CEO Global y Head of International Banking, reforzó su compromiso con sus clientes y el desarrollo del país.

Conoce más: acortar.link/Cg9UF1",19,2,11,1,7.0K
2025-07-11 20:22:39,ScotiabankPE,Sep 10,"Conoce nuestro proyecto en Punchan, Iquitos, Perú🇵🇪, con @scotiabankPE y @WorldVisionPeru, enfocado en mejorar la educación infantil con tecnología, fortalecer el rol familiar con ternura y el apoyo de proyectos juveniles.",2,4,26,1,6.0K
2025-07-11 20:22:39,ScotiabankPE,Aug 29,"Conoce nuestro proyecto en Punchana, Iquitos, Perú🇵🇪, con @ScotiabankPE y @WorldVisionPeru, enfocado en mejorar la educación infantil con tecnología, fortalecer el rol familiar con ternura y el apoyo de proyectos juveniles.",0,4,23,0,5.0K
2025-07-11 20:22:39,ScotiabankPE,Aug 8,Scotiabank lanza Fondo de Impacto Social ScotiaRISE en Perú ⏩n9.cl/bsrmz,6,1,2,0,4.0K
2025-07-11 20:22:39,ScotiabankPE,"Jun 18, 2024","Desde el 2022, hemos implementado el proyecto ""Inclusión Educativa para la Vida"" en Loreto, uno de los departamentos con mayor pobreza monetaria. Esta iniciativa, en alianza con @ScotiabankPE y @FundacioFCB, tiene como objetivo mejorar la calidad educativa de las niñas y niños.",5,1,3,0,5.0K
2025-07-11 20:22:39,ScotiabankPE,"Jun 13, 2024","En nuestro compromiso con el bienestar de la niñez, desde el 2022 implementamos el proyecto ""Inclusión Educativa para la Vida"" con el apoyo de @ScotiabankPE y la @FCBarcelona, para brindar acceso a una educación de calidad a las niñas y niños. 

#Scotiabank #FundacionBarcelona",2,6,9,0,4.0K
2025-07-11 20:22:39,ScotiabankPE,"Jun 14, 2024","Somos y seremos sus más grandes hinchas. ⚽️Etiquétalo y dile por qué lo eres. ❤️

#ScotiabankPerú #HablemosEnSerio #DíaDelPadre",18,0,4,0,4.0K
2025-07-11 20:22:39,ScotiabankPE,"May 10, 2024","El mejor regalo para mamá es reconocerla. 🤗  Etiquétala y coméntale por qué lo está haciendo bien.
#HablemosEnSerio #ScotiabankPerú #FelizDíaMamá",14,0,3,0,4.0K
2025-07-11 21:19:46,ScotiabankPE,Jul 10,"#EntrevistaSE. El CFO de @ScotiabankPE, Marcelo Rodríguez, cuenta que la reciente emisión por US$400 millones busca transmitir un mensaje de permanencia de largo plazo en el Perú.

Por @cabecitaterri.
semanaeconomica.com/economia-finan…",0,2,2,0,462
2025-07-11 21:19:46,ScotiabankPE,Jun 27,".@ScotiabankPE captó US$400 millones en emisión internacional de bonos subordinados. 

semanaeconomica.com/que-esta-pasan…",3,1,1,0,824
2025-07-11 21:19:46,ScotiabankPE,Jun 24,".@ScotiabankPE lanza roadshow internacional previo a nueva emisión de bonos por US$1,000 millones. Scotiabank contrató a @GoldmanSachs y Scotia Capital para presentar la operación ante inversionistas institucionales.
semanaeconomica.com/que-esta-pasan…",0,1,0,0,828
2025-07-11 21:19:46,ScotiabankPE,Jun 20,"Agradecemos a nuestro auspiciador PLATA 🎊 @ScotiabankPE, quién se une a la 30° edición de #CADEUniversitario, el encuentro de jóvenes líderes más importante del país, y se suma a nuestro compromiso de construir un Perú más desarrollado.

Conoce más aquí 👉…",0,1,1,0,405
2025-07-11 21:19:46,ScotiabankPE,Jun 6,"#BrandedContent.  La alta dirección de @ScotiabankPE, liderada por su CEO global, llegó a Perú y sostuvo reuniones con clientes estratégicos y reafirmó la importancia del mercado peruano en su operación internacional.
semanaeconomica.com/economia-finan…",1,1,2,0,943
2025-07-11 21:19:46,ScotiabankPE,May 26,"#BrandedContent.  La alta dirección de @ScotiabankPE, liderada por su CEO global, llegó a Perú y sostuvo reuniones con clientes estratégicos y reafirmó la importancia del mercado peruano en su operación internacional.
semanaeconomica.com/economia-finan…",1,1,2,1,1.0K
2025-07-11 21:19:46,ScotiabankPE,May 22,"#BrandedContent.  La alta dirección de @ScotiabankPE, liderada por su CEO global, llegó a Perú y sostuvo reuniones con clientes estratégicos y reafirmó la importancia del mercado peruano en su operación internacional. 

Conoce más: acortar.link/oCt094",1,1,3,0,1.0K
2025-07-11 21:19:46,ScotiabankPE,Apr 28,"#NotaInformativa | Buscando fortalecer la inversión privada y dinamizar el crecimiento económico, 📈 el ministro @Jose_SalardiR, junto con el director de Sistema Financiero y Mercado de Capitales de la Dirección General de Mercados Financieros y Previsional Privado, Óscar Orcón,…",1,2,5,1,1.0K
2025-07-11 21:19:46,ScotiabankPE,Mar 26,"#BrandedContent. @ScotiabankPE ha sido reconocido por segundo año consecutivo como líder de Banca Privada en Perú por Global Finance.
semanaeconomica.com/economia-finan…",8,1,0,0,2.0K
2025-07-11 21:19:46,ScotiabankPE,Mar 12,"#BrandedContent. @ScotiabankPE ha sido reconocido por segundo año consecutivo como líder de Banca Privada en Perú por Global Finance.

semanaeconomica.com/economia-finan…",4,2,0,0,2.0K
2025-07-11 21:19:46,ScotiabankPE,Mar 7,"#BrandedContent. @ScotiabankPE ha sido reconocido por segundo año consecutivo como líder de Banca Privada en Perú por Global Finance. Tras el reconocimiento, Patricia Martinez, Head de banca privada en Scotiabank, explica las acciones realizadas para lograr el reconocimiento, así…",6,1,1,0,1.0K
2025-07-11 21:19:46,ScotiabankPE,Mar 7,En Scotiabank te reconocemos tus logros y nos comprometemos a seguir trabajando por la equidad todos los días del año. #8MTodosLosDías. 💜 #8MTODOSLOSDÍAS,14,1,6,0,2.0K
2025-07-11 21:19:46,ScotiabankPE,Oct 16,"#BrandedContent. @ScotiabankPE presentó oficialmente a Sebastián Arcuri como su nuevo CEO, y junto a su CEO Global y Head of International Banking, reforzó su compromiso con sus clientes y el desarrollo del país.

Conoce más: acortar.link/Cg9UF1",19,2,11,1,7.0K
2025-07-11 21:19:46,ScotiabankPE,Sep 10,"Conoce nuestro proyecto en Punchan, Iquitos, Perú🇵🇪, con @scotiabankPE y @WorldVisionPeru, enfocado en mejorar la educación infantil con tecnología, fortalecer el rol familiar con ternura y el apoyo de proyectos juveniles.",2,4,26,1,6.0K
2025-07-11 21:19:46,ScotiabankPE,Aug 29,"Conoce nuestro proyecto en Punchana, Iquitos, Perú🇵🇪, con @ScotiabankPE y @WorldVisionPeru, enfocado en mejorar la educación infantil con tecnología, fortalecer el rol familiar con ternura y el apoyo de proyectos juveniles.",0,4,23,0,5.0K
2025-07-11 21:19:46,ScotiabankPE,Aug 8,Scotiabank lanza Fondo de Impacto Social ScotiaRISE en Perú ⏩n9.cl/bsrmz,6,1,2,0,4.0K
2025-07-11 21:19:46,ScotiabankPE,"Jun 18, 2024","Desde el 2022, hemos implementado el proyecto ""Inclusión Educativa para la Vida"" en Loreto, uno de los departamentos con mayor pobreza monetaria. Esta iniciativa, en alianza con @ScotiabankPE y @FundacioFCB, tiene como objetivo mejorar la calidad educativa de las niñas y niños.",5,1,3,0,5.0K
2025-07-11 21:19:46,ScotiabankPE,"Jun 13, 2024","En nuestro compromiso con el bienestar de la niñez, desde el 2022 implementamos el proyecto ""Inclusión Educativa para la Vida"" con el apoyo de @ScotiabankPE y la @FCBarcelona, para brindar acceso a una educación de calidad a las niñas y niños. 

#Scotiabank #FundacionBarcelona",2,6,9,0,4.0K
2025-07-11 21:19:46,ScotiabankPE,"Jun 14, 2024","Somos y seremos sus más grandes hinchas. ⚽️Etiquétalo y dile por qué lo eres. ❤️

#ScotiabankPerú #HablemosEnSerio #DíaDelPadre",18,0,4,0,4.0K
2025-07-11 21:19:46,ScotiabankPE,"May 10, 2024","El mejor regalo para mamá es reconocerla. 🤗  Etiquétala y coméntale por qué lo está haciendo bien.
#HablemosEnSerio #ScotiabankPerú #FelizDíaMamá",14,0,3,0,4.0K
2025-07-11 22:19:54,ScotiabankPE,Jul 10,"#EntrevistaSE. El CFO de @ScotiabankPE, Marcelo Rodríguez, cuenta que la reciente emisión por US$400 millones busca transmitir un mensaje de permanencia de largo plazo en el Perú.

Por @cabecitaterri.
semanaeconomica.com/economia-finan…",0,2,2,0,467
2025-07-11 22:19:54,ScotiabankPE,Jun 27,".@ScotiabankPE captó US$400 millones en emisión internacional de bonos subordinados. 

semanaeconomica.com/que-esta-pasan…",3,1,1,0,827
2025-07-11 22:19:54,ScotiabankPE,Jun 24,".@ScotiabankPE lanza roadshow internacional previo a nueva emisión de bonos por US$1,000 millones. Scotiabank contrató a @GoldmanSachs y Scotia Capital para presentar la operación ante inversionistas institucionales.
semanaeconomica.com/que-esta-pasan…",0,1,0,0,831
2025-07-11 22:19:54,ScotiabankPE,Jun 20,"Agradecemos a nuestro auspiciador PLATA 🎊 @ScotiabankPE, quién se une a la 30° edición de #CADEUniversitario, el encuentro de jóvenes líderes más importante del país, y se suma a nuestro compromiso de construir un Perú más desarrollado.

Conoce más aquí 👉…",0,1,1,0,408
2025-07-11 22:19:54,ScotiabankPE,Jun 6,"#BrandedContent.  La alta dirección de @ScotiabankPE, liderada por su CEO global, llegó a Perú y sostuvo reuniones con clientes estratégicos y reafirmó la importancia del mercado peruano en su operación internacional.
semanaeconomica.com/economia-finan…",1,1,2,0,944
2025-07-11 22:19:54,ScotiabankPE,May 26,"#BrandedContent.  La alta dirección de @ScotiabankPE, liderada por su CEO global, llegó a Perú y sostuvo reuniones con clientes estratégicos y reafirmó la importancia del mercado peruano en su operación internacional.
semanaeconomica.com/economia-finan…",1,1,2,1,1.0K
2025-07-11 22:19:54,ScotiabankPE,May 22,"#BrandedContent.  La alta dirección de @ScotiabankPE, liderada por su CEO global, llegó a Perú y sostuvo reuniones con clientes estratégicos y reafirmó la importancia del mercado peruano en su operación internacional. 

Conoce más: acortar.link/oCt094",1,1,3,0,1.0K
2025-07-11 22:19:54,ScotiabankPE,Apr 28,"#NotaInformativa | Buscando fortalecer la inversión privada y dinamizar el crecimiento económico, 📈 el ministro @Jose_SalardiR, junto con el director de Sistema Financiero y Mercado de Capitales de la Dirección General de Mercados Financieros y Previsional Privado, Óscar Orcón,…",1,2,5,1,1.0K
2025-07-11 22:19:54,ScotiabankPE,Mar 26,"#BrandedContent. @ScotiabankPE ha sido reconocido por segundo año consecutivo como líder de Banca Privada en Perú por Global Finance.
semanaeconomica.com/economia-finan…",8,1,0,0,2.0K
2025-07-11 22:19:54,ScotiabankPE,Mar 12,"#BrandedContent. @ScotiabankPE ha sido reconocido por segundo año consecutivo como líder de Banca Privada en Perú por Global Finance.

semanaeconomica.com/economia-finan…",4,2,0,0,2.0K
2025-07-11 22:19:54,ScotiabankPE,Mar 7,"#BrandedContent. @ScotiabankPE ha sido reconocido por segundo año consecutivo como líder de Banca Privada en Perú por Global Finance. Tras el reconocimiento, Patricia Martinez, Head de banca privada en Scotiabank, explica las acciones realizadas para lograr el reconocimiento, así…",6,1,1,0,1.0K
2025-07-11 22:19:54,ScotiabankPE,Mar 7,En Scotiabank te reconocemos tus logros y nos comprometemos a seguir trabajando por la equidad todos los días del año. #8MTodosLosDías. 💜 #8MTODOSLOSDÍAS,14,1,6,0,2.0K
2025-07-11 22:19:54,ScotiabankPE,Oct 16,"#BrandedContent. @ScotiabankPE presentó oficialmente a Sebastián Arcuri como su nuevo CEO, y junto a su CEO Global y Head of International Banking, reforzó su compromiso con sus clientes y el desarrollo del país.

Conoce más: acortar.link/Cg9UF1",19,2,11,1,7.0K
2025-07-11 22:19:54,ScotiabankPE,Sep 10,"Conoce nuestro proyecto en Punchan, Iquitos, Perú🇵🇪, con @scotiabankPE y @WorldVisionPeru, enfocado en mejorar la educación infantil con tecnología, fortalecer el rol familiar con ternura y el apoyo de proyectos juveniles.",2,4,26,1,6.0K
2025-07-11 22:19:54,ScotiabankPE,Aug 29,"Conoce nuestro proyecto en Punchana, Iquitos, Perú🇵🇪, con @ScotiabankPE y @WorldVisionPeru, enfocado en mejorar la educación infantil con tecnología, fortalecer el rol familiar con ternura y el apoyo de proyectos juveniles.",0,4,23,0,5.0K
2025-07-11 22:19:54,ScotiabankPE,Aug 8,Scotiabank lanza Fondo de Impacto Social ScotiaRISE en Perú ⏩n9.cl/bsrmz,6,1,2,0,4.0K
2025-07-11 22:19:54,ScotiabankPE,"Jun 18, 2024","Desde el 2022, hemos implementado el proyecto ""Inclusión Educativa para la Vida"" en Loreto, uno de los departamentos con mayor pobreza monetaria. Esta iniciativa, en alianza con @ScotiabankPE y @FundacioFCB, tiene como objetivo mejorar la calidad educativa de las niñas y niños.",5,1,3,0,5.0K
2025-07-11 22:19:54,ScotiabankPE,"Jun 13, 2024","En nuestro compromiso con el bienestar de la niñez, desde el 2022 implementamos el proyecto ""Inclusión Educativa para la Vida"" con el apoyo de @ScotiabankPE y la @FCBarcelona, para brindar acceso a una educación de calidad a las niñas y niños. 

#Scotiabank #FundacionBarcelona",2,6,9,0,4.0K
2025-07-11 22:19:54,ScotiabankPE,"Jun 14, 2024","Somos y seremos sus más grandes hinchas. ⚽️Etiquétalo y dile por qué lo eres. ❤️

#ScotiabankPerú #HablemosEnSerio #DíaDelPadre",18,0,4,0,4.0K
2025-07-11 22:19:54,ScotiabankPE,"May 10, 2024","El mejor regalo para mamá es reconocerla. 🤗  Etiquétala y coméntale por qué lo está haciendo bien.
#HablemosEnSerio #ScotiabankPerú #FelizDíaMamá",14,0,3,0,4.0K
2025-07-11 23:19:50,ScotiabankPE,Jul 10,"#EntrevistaSE. El CFO de @ScotiabankPE, Marcelo Rodríguez, cuenta que la reciente emisión por US$400 millones busca transmitir un mensaje de permanencia de largo plazo en el Perú.

Por @cabecitaterri.
semanaeconomica.com/economia-finan…",0,2,2,0,470
2025-07-11 23:19:50,ScotiabankPE,Jun 27,".@ScotiabankPE captó US$400 millones en emisión internacional de bonos subordinados. 

semanaeconomica.com/que-esta-pasan…",3,1,1,0,828
2025-07-11 23:19:50,ScotiabankPE,Jun 24,".@ScotiabankPE lanza roadshow internacional previo a nueva emisión de bonos por US$1,000 millones. Scotiabank contrató a @GoldmanSachs y Scotia Capital para presentar la operación ante inversionistas institucionales.
semanaeconomica.com/que-esta-pasan…",0,1,0,0,832
2025-07-11 23:19:50,ScotiabankPE,Jun 20,"Agradecemos a nuestro auspiciador PLATA 🎊 @ScotiabankPE, quién se une a la 30° edición de #CADEUniversitario, el encuentro de jóvenes líderes más importante del país, y se suma a nuestro compromiso de construir un Perú más desarrollado.

Conoce más aquí 👉…",0,1,1,0,409
2025-07-11 23:19:50,ScotiabankPE,Jun 6,"#BrandedContent.  La alta dirección de @ScotiabankPE, liderada por su CEO global, llegó a Perú y sostuvo reuniones con clientes estratégicos y reafirmó la importancia del mercado peruano en su operación internacional.
semanaeconomica.com/economia-finan…",1,1,2,0,945
2025-07-11 23:19:50,ScotiabankPE,May 26,"#BrandedContent.  La alta dirección de @ScotiabankPE, liderada por su CEO global, llegó a Perú y sostuvo reuniones con clientes estratégicos y reafirmó la importancia del mercado peruano en su operación internacional.
semanaeconomica.com/economia-finan…",1,1,2,1,1.0K
2025-07-11 23:19:50,ScotiabankPE,May 22,"#BrandedContent.  La alta dirección de @ScotiabankPE, liderada por su CEO global, llegó a Perú y sostuvo reuniones con clientes estratégicos y reafirmó la importancia del mercado peruano en su operación internacional. 

Conoce más: acortar.link/oCt094",1,1,3,0,1.0K
2025-07-11 23:19:50,ScotiabankPE,Apr 28,"#NotaInformativa | Buscando fortalecer la inversión privada y dinamizar el crecimiento económico, 📈 el ministro @Jose_SalardiR, junto con el director de Sistema Financiero y Mercado de Capitales de la Dirección General de Mercados Financieros y Previsional Privado, Óscar Orcón,…",1,2,5,1,1.0K
2025-07-11 23:19:50,ScotiabankPE,Mar 26,"#BrandedContent. @ScotiabankPE ha sido reconocido por segundo año consecutivo como líder de Banca Privada en Perú por Global Finance.
semanaeconomica.com/economia-finan…",8,1,0,0,2.0K
2025-07-11 23:19:50,ScotiabankPE,Mar 12,"#BrandedContent. @ScotiabankPE ha sido reconocido por segundo año consecutivo como líder de Banca Privada en Perú por Global Finance.

semanaeconomica.com/economia-finan…",4,2,0,0,2.0K
2025-07-11 23:19:50,ScotiabankPE,Mar 7,"#BrandedContent. @ScotiabankPE ha sido reconocido por segundo año consecutivo como líder de Banca Privada en Perú por Global Finance. Tras el reconocimiento, Patricia Martinez, Head de banca privada en Scotiabank, explica las acciones realizadas para lograr el reconocimiento, así…",6,1,1,0,1.0K
2025-07-11 23:19:50,ScotiabankPE,Mar 7,En Scotiabank te reconocemos tus logros y nos comprometemos a seguir trabajando por la equidad todos los días del año. #8MTodosLosDías. 💜 #8MTODOSLOSDÍAS,14,1,6,0,2.0K
2025-07-11 23:19:50,ScotiabankPE,Oct 16,"#BrandedContent. @ScotiabankPE presentó oficialmente a Sebastián Arcuri como su nuevo CEO, y junto a su CEO Global y Head of International Banking, reforzó su compromiso con sus clientes y el desarrollo del país.

Conoce más: acortar.link/Cg9UF1",19,2,11,1,7.0K
2025-07-11 23:19:50,ScotiabankPE,Sep 10,"Conoce nuestro proyecto en Punchan, Iquitos, Perú🇵🇪, con @scotiabankPE y @WorldVisionPeru, enfocado en mejorar la educación infantil con tecnología, fortalecer el rol familiar con ternura y el apoyo de proyectos juveniles.",2,4,26,1,6.0K
2025-07-11 23:19:50,ScotiabankPE,Aug 29,"Conoce nuestro proyecto en Punchana, Iquitos, Perú🇵🇪, con @ScotiabankPE y @WorldVisionPeru, enfocado en mejorar la educación infantil con tecnología, fortalecer el rol familiar con ternura y el apoyo de proyectos juveniles.",0,4,23,0,5.0K
2025-07-11 23:19:50,ScotiabankPE,Aug 8,Scotiabank lanza Fondo de Impacto Social ScotiaRISE en Perú ⏩n9.cl/bsrmz,6,1,2,0,4.0K
2025-07-11 23:19:50,ScotiabankPE,"Jun 18, 2024","Desde el 2022, hemos implementado el proyecto ""Inclusión Educativa para la Vida"" en Loreto, uno de los departamentos con mayor pobreza monetaria. Esta iniciativa, en alianza con @ScotiabankPE y @FundacioFCB, tiene como objetivo mejorar la calidad educativa de las niñas y niños.",5,1,3,0,5.0K
2025-07-11 23:19:50,ScotiabankPE,"Jun 13, 2024","En nuestro compromiso con el bienestar de la niñez, desde el 2022 implementamos el proyecto ""Inclusión Educativa para la Vida"" con el apoyo de @ScotiabankPE y la @FCBarcelona, para brindar acceso a una educación de calidad a las niñas y niños. 

#Scotiabank #FundacionBarcelona",2,6,9,0,4.0K
2025-07-11 23:19:50,ScotiabankPE,"Jun 14, 2024","Somos y seremos sus más grandes hinchas. ⚽️Etiquétalo y dile por qué lo eres. ❤️

#ScotiabankPerú #HablemosEnSerio #DíaDelPadre",18,0,4,0,4.0K
2025-07-11 23:19:50,ScotiabankPE,"May 10, 2024","El mejor regalo para mamá es reconocerla. 🤗  Etiquétala y coméntale por qué lo está haciendo bien.
#HablemosEnSerio #ScotiabankPerú #FelizDíaMamá",14,0,3,0,4.0K
2025-07-12 01:45:51,ScotiabankPE,Jul 10,"#EntrevistaSE. El CFO de @ScotiabankPE, Marcelo Rodríguez, cuenta que la reciente emisión por US$400 millones busca transmitir un mensaje de permanencia de largo plazo en el Perú.

Por @cabecitaterri.
semanaeconomica.com/economia-finan…",0,2,2,0,474
2025-07-12 01:45:51,ScotiabankPE,Jun 27,".@ScotiabankPE captó US$400 millones en emisión internacional de bonos subordinados. 

semanaeconomica.com/que-esta-pasan…",3,1,1,0,829
2025-07-12 01:45:51,ScotiabankPE,Jun 24,".@ScotiabankPE lanza roadshow internacional previo a nueva emisión de bonos por US$1,000 millones. Scotiabank contrató a @GoldmanSachs y Scotia Capital para presentar la operación ante inversionistas institucionales.
semanaeconomica.com/que-esta-pasan…",0,1,0,0,833
2025-07-12 01:45:51,ScotiabankPE,Jun 20,"Agradecemos a nuestro auspiciador PLATA 🎊 @ScotiabankPE, quién se une a la 30° edición de #CADEUniversitario, el encuentro de jóvenes líderes más importante del país, y se suma a nuestro compromiso de construir un Perú más desarrollado.

Conoce más aquí 👉…",0,1,1,0,410
2025-07-12 01:45:51,ScotiabankPE,Jun 6,"#BrandedContent.  La alta dirección de @ScotiabankPE, liderada por su CEO global, llegó a Perú y sostuvo reuniones con clientes estratégicos y reafirmó la importancia del mercado peruano en su operación internacional.
semanaeconomica.com/economia-finan…",1,1,2,0,946
2025-07-12 01:45:51,ScotiabankPE,May 26,"#BrandedContent.  La alta dirección de @ScotiabankPE, liderada por su CEO global, llegó a Perú y sostuvo reuniones con clientes estratégicos y reafirmó la importancia del mercado peruano en su operación internacional.
semanaeconomica.com/economia-finan…",1,1,2,1,1.0K
2025-07-12 01:45:51,ScotiabankPE,May 22,"#BrandedContent.  La alta dirección de @ScotiabankPE, liderada por su CEO global, llegó a Perú y sostuvo reuniones con clientes estratégicos y reafirmó la importancia del mercado peruano en su operación internacional. 

Conoce más: acortar.link/oCt094",1,1,3,0,1.0K
2025-07-12 01:45:51,ScotiabankPE,Apr 28,"#NotaInformativa | Buscando fortalecer la inversión privada y dinamizar el crecimiento económico, 📈 el ministro @Jose_SalardiR, junto con el director de Sistema Financiero y Mercado de Capitales de la Dirección General de Mercados Financieros y Previsional Privado, Óscar Orcón,…",1,2,5,1,1.0K
2025-07-12 01:45:51,ScotiabankPE,Mar 26,"#BrandedContent. @ScotiabankPE ha sido reconocido por segundo año consecutivo como líder de Banca Privada en Perú por Global Finance.
semanaeconomica.com/economia-finan…",8,1,0,0,2.0K
2025-07-12 01:45:51,ScotiabankPE,Mar 12,"#BrandedContent. @ScotiabankPE ha sido reconocido por segundo año consecutivo como líder de Banca Privada en Perú por Global Finance.

semanaeconomica.com/economia-finan…",4,2,0,0,2.0K
2025-07-12 01:45:51,ScotiabankPE,Mar 7,"#BrandedContent. @ScotiabankPE ha sido reconocido por segundo año consecutivo como líder de Banca Privada en Perú por Global Finance. Tras el reconocimiento, Patricia Martinez, Head de banca privada en Scotiabank, explica las acciones realizadas para lograr el reconocimiento, así…",6,1,1,0,1.0K
2025-07-12 01:45:51,ScotiabankPE,Mar 7,En Scotiabank te reconocemos tus logros y nos comprometemos a seguir trabajando por la equidad todos los días del año. #8MTodosLosDías. 💜 #8MTODOSLOSDÍAS,14,1,6,0,2.0K
2025-07-12 01:45:51,ScotiabankPE,Oct 16,"#BrandedContent. @ScotiabankPE presentó oficialmente a Sebastián Arcuri como su nuevo CEO, y junto a su CEO Global y Head of International Banking, reforzó su compromiso con sus clientes y el desarrollo del país.

Conoce más: acortar.link/Cg9UF1",19,2,11,1,7.0K
2025-07-12 01:45:51,ScotiabankPE,Sep 10,"Conoce nuestro proyecto en Punchan, Iquitos, Perú🇵🇪, con @scotiabankPE y @WorldVisionPeru, enfocado en mejorar la educación infantil con tecnología, fortalecer el rol familiar con ternura y el apoyo de proyectos juveniles.",2,4,26,1,6.0K
2025-07-12 01:45:51,ScotiabankPE,Aug 29,"Conoce nuestro proyecto en Punchana, Iquitos, Perú🇵🇪, con @ScotiabankPE y @WorldVisionPeru, enfocado en mejorar la educación infantil con tecnología, fortalecer el rol familiar con ternura y el apoyo de proyectos juveniles.",0,4,23,0,5.0K
2025-07-12 01:45:51,ScotiabankPE,Aug 8,Scotiabank lanza Fondo de Impacto Social ScotiaRISE en Perú ⏩n9.cl/bsrmz,6,1,2,0,4.0K
2025-07-12 01:45:51,ScotiabankPE,"Jun 18, 2024","Desde el 2022, hemos implementado el proyecto ""Inclusión Educativa para la Vida"" en Loreto, uno de los departamentos con mayor pobreza monetaria. Esta iniciativa, en alianza con @ScotiabankPE y @FundacioFCB, tiene como objetivo mejorar la calidad educativa de las niñas y niños.",5,1,3,0,5.0K
2025-07-12 01:45:51,ScotiabankPE,"Jun 13, 2024","En nuestro compromiso con el bienestar de la niñez, desde el 2022 implementamos el proyecto ""Inclusión Educativa para la Vida"" con el apoyo de @ScotiabankPE y la @FCBarcelona, para brindar acceso a una educación de calidad a las niñas y niños. 

#Scotiabank #FundacionBarcelona",2,6,9,0,4.0K
2025-07-12 01:45:51,ScotiabankPE,"Jun 14, 2024","Somos y seremos sus más grandes hinchas. ⚽️Etiquétalo y dile por qué lo eres. ❤️

#ScotiabankPerú #HablemosEnSerio #DíaDelPadre",18,0,4,0,4.0K
2025-07-12 01:45:51,ScotiabankPE,"May 10, 2024","El mejor regalo para mamá es reconocerla. 🤗  Etiquétala y coméntale por qué lo está haciendo bien.
#HablemosEnSerio #ScotiabankPerú #FelizDíaMamá",14,0,3,0,4.0K
2025-07-12 03:26:19,ScotiabankPE,Jul 10,"#EntrevistaSE. El CFO de @ScotiabankPE, Marcelo Rodríguez, cuenta que la reciente emisión por US$400 millones busca transmitir un mensaje de permanencia de largo plazo en el Perú.

Por @cabecitaterri.
semanaeconomica.com/economia-finan…",0,2,2,0,476
2025-07-12 03:26:19,ScotiabankPE,Jun 27,".@ScotiabankPE captó US$400 millones en emisión internacional de bonos subordinados. 

semanaeconomica.com/que-esta-pasan…",3,1,1,0,831
2025-07-12 03:26:19,ScotiabankPE,Jun 24,".@ScotiabankPE lanza roadshow internacional previo a nueva emisión de bonos por US$1,000 millones. Scotiabank contrató a @GoldmanSachs y Scotia Capital para presentar la operación ante inversionistas institucionales.
semanaeconomica.com/que-esta-pasan…",0,1,0,0,835
2025-07-12 03:26:19,ScotiabankPE,Jun 20,"Agradecemos a nuestro auspiciador PLATA 🎊 @ScotiabankPE, quién se une a la 30° edición de #CADEUniversitario, el encuentro de jóvenes líderes más importante del país, y se suma a nuestro compromiso de construir un Perú más desarrollado.

Conoce más aquí 👉…",0,1,1,0,411
2025-07-12 03:26:19,ScotiabankPE,Jun 6,"#BrandedContent.  La alta dirección de @ScotiabankPE, liderada por su CEO global, llegó a Perú y sostuvo reuniones con clientes estratégicos y reafirmó la importancia del mercado peruano en su operación internacional.
semanaeconomica.com/economia-finan…",1,1,2,0,947
2025-07-12 03:26:19,ScotiabankPE,May 26,"#BrandedContent.  La alta dirección de @ScotiabankPE, liderada por su CEO global, llegó a Perú y sostuvo reuniones con clientes estratégicos y reafirmó la importancia del mercado peruano en su operación internacional.
semanaeconomica.com/economia-finan…",1,1,2,1,1.0K
2025-07-12 03:26:19,ScotiabankPE,May 22,"#BrandedContent.  La alta dirección de @ScotiabankPE, liderada por su CEO global, llegó a Perú y sostuvo reuniones con clientes estratégicos y reafirmó la importancia del mercado peruano en su operación internacional. 

Conoce más: acortar.link/oCt094",1,1,3,0,1.0K
2025-07-12 03:26:19,ScotiabankPE,Apr 28,"#NotaInformativa | Buscando fortalecer la inversión privada y dinamizar el crecimiento económico, 📈 el ministro @Jose_SalardiR, junto con el director de Sistema Financiero y Mercado de Capitales de la Dirección General de Mercados Financieros y Previsional Privado, Óscar Orcón,…",1,2,5,1,1.0K
2025-07-12 03:26:19,ScotiabankPE,Mar 26,"#BrandedContent. @ScotiabankPE ha sido reconocido por segundo año consecutivo como líder de Banca Privada en Perú por Global Finance.
semanaeconomica.com/economia-finan…",8,1,0,0,2.0K
2025-07-12 03:26:19,ScotiabankPE,Mar 12,"#BrandedContent. @ScotiabankPE ha sido reconocido por segundo año consecutivo como líder de Banca Privada en Perú por Global Finance.

semanaeconomica.com/economia-finan…",4,2,0,0,2.0K
2025-07-12 03:26:19,ScotiabankPE,Mar 7,"#BrandedContent. @ScotiabankPE ha sido reconocido por segundo año consecutivo como líder de Banca Privada en Perú por Global Finance. Tras el reconocimiento, Patricia Martinez, Head de banca privada en Scotiabank, explica las acciones realizadas para lograr el reconocimiento, así…",6,1,1,0,1.0K
2025-07-12 03:26:19,ScotiabankPE,Mar 7,En Scotiabank te reconocemos tus logros y nos comprometemos a seguir trabajando por la equidad todos los días del año. #8MTodosLosDías. 💜 #8MTODOSLOSDÍAS,14,1,6,0,2.0K
2025-07-12 03:26:19,ScotiabankPE,Oct 16,"#BrandedContent. @ScotiabankPE presentó oficialmente a Sebastián Arcuri como su nuevo CEO, y junto a su CEO Global y Head of International Banking, reforzó su compromiso con sus clientes y el desarrollo del país.

Conoce más: acortar.link/Cg9UF1",19,2,11,1,7.0K
2025-07-12 03:26:19,ScotiabankPE,Sep 10,"Conoce nuestro proyecto en Punchan, Iquitos, Perú🇵🇪, con @scotiabankPE y @WorldVisionPeru, enfocado en mejorar la educación infantil con tecnología, fortalecer el rol familiar con ternura y el apoyo de proyectos juveniles.",2,4,26,1,6.0K
2025-07-12 03:26:19,ScotiabankPE,Aug 29,"Conoce nuestro proyecto en Punchana, Iquitos, Perú🇵🇪, con @ScotiabankPE y @WorldVisionPeru, enfocado en mejorar la educación infantil con tecnología, fortalecer el rol familiar con ternura y el apoyo de proyectos juveniles.",0,4,23,0,5.0K
2025-07-12 03:26:19,ScotiabankPE,Aug 8,Scotiabank lanza Fondo de Impacto Social ScotiaRISE en Perú ⏩n9.cl/bsrmz,6,1,2,0,4.0K
2025-07-12 03:26:19,ScotiabankPE,"Jun 18, 2024","Desde el 2022, hemos implementado el proyecto ""Inclusión Educativa para la Vida"" en Loreto, uno de los departamentos con mayor pobreza monetaria. Esta iniciativa, en alianza con @ScotiabankPE y @FundacioFCB, tiene como objetivo mejorar la calidad educativa de las niñas y niños.",5,1,3,0,5.0K
2025-07-12 03:26:19,ScotiabankPE,"Jun 13, 2024","En nuestro compromiso con el bienestar de la niñez, desde el 2022 implementamos el proyecto ""Inclusión Educativa para la Vida"" con el apoyo de @ScotiabankPE y la @FCBarcelona, para brindar acceso a una educación de calidad a las niñas y niños. 

#Scotiabank #FundacionBarcelona",2,6,9,0,4.0K
2025-07-12 03:26:19,ScotiabankPE,"Jun 14, 2024","Somos y seremos sus más grandes hinchas. ⚽️Etiquétalo y dile por qué lo eres. ❤️

#ScotiabankPerú #HablemosEnSerio #DíaDelPadre",18,0,4,0,4.0K
2025-07-12 03:26:19,ScotiabankPE,"May 10, 2024","El mejor regalo para mamá es reconocerla. 🤗  Etiquétala y coméntale por qué lo está haciendo bien.
#HablemosEnSerio #ScotiabankPerú #FelizDíaMamá",14,0,3,0,4.0K
2025-07-12 04:31:28,ScotiabankPE,Jul 10,"#EntrevistaSE. El CFO de @ScotiabankPE, Marcelo Rodríguez, cuenta que la reciente emisión por US$400 millones busca transmitir un mensaje de permanencia de largo plazo en el Perú.

Por @cabecitaterri.
semanaeconomica.com/economia-finan…",0,2,2,0,476
2025-07-12 04:31:28,ScotiabankPE,Jun 27,".@ScotiabankPE captó US$400 millones en emisión internacional de bonos subordinados. 

semanaeconomica.com/que-esta-pasan…",3,1,1,0,831
2025-07-12 04:31:28,ScotiabankPE,Jun 24,".@ScotiabankPE lanza roadshow internacional previo a nueva emisión de bonos por US$1,000 millones. Scotiabank contrató a @GoldmanSachs y Scotia Capital para presentar la operación ante inversionistas institucionales.
semanaeconomica.com/que-esta-pasan…",0,1,0,0,835
2025-07-12 04:31:28,ScotiabankPE,Jun 20,"Agradecemos a nuestro auspiciador PLATA 🎊 @ScotiabankPE, quién se une a la 30° edición de #CADEUniversitario, el encuentro de jóvenes líderes más importante del país, y se suma a nuestro compromiso de construir un Perú más desarrollado.

Conoce más aquí 👉…",0,1,1,0,411
2025-07-12 04:31:28,ScotiabankPE,Jun 6,"#BrandedContent.  La alta dirección de @ScotiabankPE, liderada por su CEO global, llegó a Perú y sostuvo reuniones con clientes estratégicos y reafirmó la importancia del mercado peruano en su operación internacional.
semanaeconomica.com/economia-finan…",1,1,2,0,947
2025-07-12 04:31:28,ScotiabankPE,May 26,"#BrandedContent.  La alta dirección de @ScotiabankPE, liderada por su CEO global, llegó a Perú y sostuvo reuniones con clientes estratégicos y reafirmó la importancia del mercado peruano en su operación internacional.
semanaeconomica.com/economia-finan…",1,1,2,1,1.0K
2025-07-12 04:31:28,ScotiabankPE,May 22,"#BrandedContent.  La alta dirección de @ScotiabankPE, liderada por su CEO global, llegó a Perú y sostuvo reuniones con clientes estratégicos y reafirmó la importancia del mercado peruano en su operación internacional. 

Conoce más: acortar.link/oCt094",1,1,3,0,1.0K
2025-07-12 04:31:28,ScotiabankPE,Apr 28,"#NotaInformativa | Buscando fortalecer la inversión privada y dinamizar el crecimiento económico, 📈 el ministro @Jose_SalardiR, junto con el director de Sistema Financiero y Mercado de Capitales de la Dirección General de Mercados Financieros y Previsional Privado, Óscar Orcón,…",1,2,5,1,1.0K
2025-07-12 04:31:28,ScotiabankPE,Mar 26,"#BrandedContent. @ScotiabankPE ha sido reconocido por segundo año consecutivo como líder de Banca Privada en Perú por Global Finance.
semanaeconomica.com/economia-finan…",8,1,0,0,2.0K
2025-07-12 04:31:28,ScotiabankPE,Mar 12,"#BrandedContent. @ScotiabankPE ha sido reconocido por segundo año consecutivo como líder de Banca Privada en Perú por Global Finance.

semanaeconomica.com/economia-finan…",4,2,0,0,2.0K
2025-07-12 04:31:28,ScotiabankPE,Mar 7,"#BrandedContent. @ScotiabankPE ha sido reconocido por segundo año consecutivo como líder de Banca Privada en Perú por Global Finance. Tras el reconocimiento, Patricia Martinez, Head de banca privada en Scotiabank, explica las acciones realizadas para lograr el reconocimiento, así…",6,1,1,0,1.0K
2025-07-12 04:31:28,ScotiabankPE,Mar 7,En Scotiabank te reconocemos tus logros y nos comprometemos a seguir trabajando por la equidad todos los días del año. #8MTodosLosDías. 💜 #8MTODOSLOSDÍAS,14,1,6,0,2.0K
2025-07-12 04:31:28,ScotiabankPE,Oct 16,"#BrandedContent. @ScotiabankPE presentó oficialmente a Sebastián Arcuri como su nuevo CEO, y junto a su CEO Global y Head of International Banking, reforzó su compromiso con sus clientes y el desarrollo del país.

Conoce más: acortar.link/Cg9UF1",19,2,11,1,7.0K
2025-07-12 04:31:28,ScotiabankPE,Sep 10,"Conoce nuestro proyecto en Punchan, Iquitos, Perú🇵🇪, con @scotiabankPE y @WorldVisionPeru, enfocado en mejorar la educación infantil con tecnología, fortalecer el rol familiar con ternura y el apoyo de proyectos juveniles.",2,4,26,1,6.0K
2025-07-12 04:31:28,ScotiabankPE,Aug 29,"Conoce nuestro proyecto en Punchana, Iquitos, Perú🇵🇪, con @ScotiabankPE y @WorldVisionPeru, enfocado en mejorar la educación infantil con tecnología, fortalecer el rol familiar con ternura y el apoyo de proyectos juveniles.",0,4,23,0,5.0K
2025-07-12 04:31:28,ScotiabankPE,Aug 8,Scotiabank lanza Fondo de Impacto Social ScotiaRISE en Perú ⏩n9.cl/bsrmz,6,1,2,0,4.0K
2025-07-12 04:31:28,ScotiabankPE,"Jun 18, 2024","Desde el 2022, hemos implementado el proyecto ""Inclusión Educativa para la Vida"" en Loreto, uno de los departamentos con mayor pobreza monetaria. Esta iniciativa, en alianza con @ScotiabankPE y @FundacioFCB, tiene como objetivo mejorar la calidad educativa de las niñas y niños.",5,1,3,0,5.0K
2025-07-12 04:31:28,ScotiabankPE,"Jun 13, 2024","En nuestro compromiso con el bienestar de la niñez, desde el 2022 implementamos el proyecto ""Inclusión Educativa para la Vida"" con el apoyo de @ScotiabankPE y la @FCBarcelona, para brindar acceso a una educación de calidad a las niñas y niños. 

#Scotiabank #FundacionBarcelona",2,6,9,0,4.0K
2025-07-12 04:31:28,ScotiabankPE,"Jun 14, 2024","Somos y seremos sus más grandes hinchas. ⚽️Etiquétalo y dile por qué lo eres. ❤️

#ScotiabankPerú #HablemosEnSerio #DíaDelPadre",18,0,4,0,4.0K
2025-07-12 04:31:28,ScotiabankPE,"May 10, 2024","El mejor regalo para mamá es reconocerla. 🤗  Etiquétala y coméntale por qué lo está haciendo bien.
#HablemosEnSerio #ScotiabankPerú #FelizDíaMamá",14,0,3,0,4.0K
2025-07-12 05:20:41,ScotiabankPE,Jul 10,"#EntrevistaSE. El CFO de @ScotiabankPE, Marcelo Rodríguez, cuenta que la reciente emisión por US$400 millones busca transmitir un mensaje de permanencia de largo plazo en el Perú.

Por @cabecitaterri.
semanaeconomica.com/economia-finan…",0,2,2,0,476
2025-07-12 05:20:41,ScotiabankPE,Jun 27,".@ScotiabankPE captó US$400 millones en emisión internacional de bonos subordinados. 

semanaeconomica.com/que-esta-pasan…",3,1,1,0,831
2025-07-12 05:20:41,ScotiabankPE,Jun 24,".@ScotiabankPE lanza roadshow internacional previo a nueva emisión de bonos por US$1,000 millones. Scotiabank contrató a @GoldmanSachs y Scotia Capital para presentar la operación ante inversionistas institucionales.
semanaeconomica.com/que-esta-pasan…",0,1,0,0,835
2025-07-12 05:20:41,ScotiabankPE,Jun 20,"Agradecemos a nuestro auspiciador PLATA 🎊 @ScotiabankPE, quién se une a la 30° edición de #CADEUniversitario, el encuentro de jóvenes líderes más importante del país, y se suma a nuestro compromiso de construir un Perú más desarrollado.

Conoce más aquí 👉…",0,1,1,0,411
2025-07-12 05:20:41,ScotiabankPE,Jun 6,"#BrandedContent.  La alta dirección de @ScotiabankPE, liderada por su CEO global, llegó a Perú y sostuvo reuniones con clientes estratégicos y reafirmó la importancia del mercado peruano en su operación internacional.
semanaeconomica.com/economia-finan…",1,1,2,0,947
2025-07-12 05:20:41,ScotiabankPE,May 26,"#BrandedContent.  La alta dirección de @ScotiabankPE, liderada por su CEO global, llegó a Perú y sostuvo reuniones con clientes estratégicos y reafirmó la importancia del mercado peruano en su operación internacional.
semanaeconomica.com/economia-finan…",1,1,2,1,1.0K
2025-07-12 05:20:41,ScotiabankPE,May 22,"#BrandedContent.  La alta dirección de @ScotiabankPE, liderada por su CEO global, llegó a Perú y sostuvo reuniones con clientes estratégicos y reafirmó la importancia del mercado peruano en su operación internacional. 

Conoce más: acortar.link/oCt094",1,1,3,0,1.0K
2025-07-12 05:20:41,ScotiabankPE,Apr 28,"#NotaInformativa | Buscando fortalecer la inversión privada y dinamizar el crecimiento económico, 📈 el ministro @Jose_SalardiR, junto con el director de Sistema Financiero y Mercado de Capitales de la Dirección General de Mercados Financieros y Previsional Privado, Óscar Orcón,…",1,2,5,1,1.0K
2025-07-12 05:20:41,ScotiabankPE,Mar 26,"#BrandedContent. @ScotiabankPE ha sido reconocido por segundo año consecutivo como líder de Banca Privada en Perú por Global Finance.
semanaeconomica.com/economia-finan…",8,1,0,0,2.0K
2025-07-12 05:20:41,ScotiabankPE,Mar 12,"#BrandedContent. @ScotiabankPE ha sido reconocido por segundo año consecutivo como líder de Banca Privada en Perú por Global Finance.

semanaeconomica.com/economia-finan…",4,2,0,0,2.0K
2025-07-12 05:20:41,ScotiabankPE,Mar 7,"#BrandedContent. @ScotiabankPE ha sido reconocido por segundo año consecutivo como líder de Banca Privada en Perú por Global Finance. Tras el reconocimiento, Patricia Martinez, Head de banca privada en Scotiabank, explica las acciones realizadas para lograr el reconocimiento, así…",6,1,1,0,1.0K
2025-07-12 05:20:41,ScotiabankPE,Mar 7,En Scotiabank te reconocemos tus logros y nos comprometemos a seguir trabajando por la equidad todos los días del año. #8MTodosLosDías. 💜 #8MTODOSLOSDÍAS,14,1,6,0,2.0K
2025-07-12 05:20:41,ScotiabankPE,Oct 16,"#BrandedContent. @ScotiabankPE presentó oficialmente a Sebastián Arcuri como su nuevo CEO, y junto a su CEO Global y Head of International Banking, reforzó su compromiso con sus clientes y el desarrollo del país.

Conoce más: acortar.link/Cg9UF1",19,2,11,1,7.0K
2025-07-12 05:20:41,ScotiabankPE,Sep 10,"Conoce nuestro proyecto en Punchan, Iquitos, Perú🇵🇪, con @scotiabankPE y @WorldVisionPeru, enfocado en mejorar la educación infantil con tecnología, fortalecer el rol familiar con ternura y el apoyo de proyectos juveniles.",2,4,26,1,6.0K
2025-07-12 05:20:41,ScotiabankPE,Aug 29,"Conoce nuestro proyecto en Punchana, Iquitos, Perú🇵🇪, con @ScotiabankPE y @WorldVisionPeru, enfocado en mejorar la educación infantil con tecnología, fortalecer el rol familiar con ternura y el apoyo de proyectos juveniles.",0,4,23,0,5.0K
2025-07-12 05:20:41,ScotiabankPE,Aug 8,Scotiabank lanza Fondo de Impacto Social ScotiaRISE en Perú ⏩n9.cl/bsrmz,6,1,2,0,4.0K
2025-07-12 05:20:41,ScotiabankPE,"Jun 18, 2024","Desde el 2022, hemos implementado el proyecto ""Inclusión Educativa para la Vida"" en Loreto, uno de los departamentos con mayor pobreza monetaria. Esta iniciativa, en alianza con @ScotiabankPE y @FundacioFCB, tiene como objetivo mejorar la calidad educativa de las niñas y niños.",5,1,3,0,5.0K
2025-07-12 05:20:41,ScotiabankPE,"Jun 13, 2024","En nuestro compromiso con el bienestar de la niñez, desde el 2022 implementamos el proyecto ""Inclusión Educativa para la Vida"" con el apoyo de @ScotiabankPE y la @FCBarcelona, para brindar acceso a una educación de calidad a las niñas y niños. 

#Scotiabank #FundacionBarcelona",2,6,9,0,4.0K
2025-07-12 05:20:41,ScotiabankPE,"Jun 14, 2024","Somos y seremos sus más grandes hinchas. ⚽️Etiquétalo y dile por qué lo eres. ❤️

#ScotiabankPerú #HablemosEnSerio #DíaDelPadre",18,0,4,0,4.0K
2025-07-12 05:20:41,ScotiabankPE,"May 10, 2024","El mejor regalo para mamá es reconocerla. 🤗  Etiquétala y coméntale por qué lo está haciendo bien.
#HablemosEnSerio #ScotiabankPerú #FelizDíaMamá",14,0,3,0,4.0K
2025-07-12 06:28:30,ScotiabankPE,Jul 10,"#EntrevistaSE. El CFO de @ScotiabankPE, Marcelo Rodríguez, cuenta que la reciente emisión por US$400 millones busca transmitir un mensaje de permanencia de largo plazo en el Perú.

Por @cabecitaterri.
semanaeconomica.com/economia-finan…",0,2,2,0,476
2025-07-12 06:28:30,ScotiabankPE,Jun 27,".@ScotiabankPE captó US$400 millones en emisión internacional de bonos subordinados. 

semanaeconomica.com/que-esta-pasan…",3,1,1,0,831
2025-07-12 06:28:30,ScotiabankPE,Jun 24,".@ScotiabankPE lanza roadshow internacional previo a nueva emisión de bonos por US$1,000 millones. Scotiabank contrató a @GoldmanSachs y Scotia Capital para presentar la operación ante inversionistas institucionales.
semanaeconomica.com/que-esta-pasan…",0,1,0,0,835
2025-07-12 06:28:30,ScotiabankPE,Jun 20,"Agradecemos a nuestro auspiciador PLATA 🎊 @ScotiabankPE, quién se une a la 30° edición de #CADEUniversitario, el encuentro de jóvenes líderes más importante del país, y se suma a nuestro compromiso de construir un Perú más desarrollado.

Conoce más aquí 👉…",0,1,1,0,411
2025-07-12 06:28:30,ScotiabankPE,Jun 6,"#BrandedContent.  La alta dirección de @ScotiabankPE, liderada por su CEO global, llegó a Perú y sostuvo reuniones con clientes estratégicos y reafirmó la importancia del mercado peruano en su operación internacional.
semanaeconomica.com/economia-finan…",1,1,2,0,947
2025-07-12 06:28:30,ScotiabankPE,May 26,"#BrandedContent.  La alta dirección de @ScotiabankPE, liderada por su CEO global, llegó a Perú y sostuvo reuniones con clientes estratégicos y reafirmó la importancia del mercado peruano en su operación internacional.
semanaeconomica.com/economia-finan…",1,1,2,1,1.0K
2025-07-12 06:28:30,ScotiabankPE,May 22,"#BrandedContent.  La alta dirección de @ScotiabankPE, liderada por su CEO global, llegó a Perú y sostuvo reuniones con clientes estratégicos y reafirmó la importancia del mercado peruano en su operación internacional. 

Conoce más: acortar.link/oCt094",1,1,3,0,1.0K
2025-07-12 06:28:30,ScotiabankPE,Apr 28,"#NotaInformativa | Buscando fortalecer la inversión privada y dinamizar el crecimiento económico, 📈 el ministro @Jose_SalardiR, junto con el director de Sistema Financiero y Mercado de Capitales de la Dirección General de Mercados Financieros y Previsional Privado, Óscar Orcón,…",1,2,5,1,1.0K
2025-07-12 06:28:30,ScotiabankPE,Mar 26,"#BrandedContent. @ScotiabankPE ha sido reconocido por segundo año consecutivo como líder de Banca Privada en Perú por Global Finance.
semanaeconomica.com/economia-finan…",8,1,0,0,2.0K
2025-07-12 06:28:30,ScotiabankPE,Mar 12,"#BrandedContent. @ScotiabankPE ha sido reconocido por segundo año consecutivo como líder de Banca Privada en Perú por Global Finance.

semanaeconomica.com/economia-finan…",4,2,0,0,2.0K
2025-07-12 06:28:30,ScotiabankPE,Mar 7,"#BrandedContent. @ScotiabankPE ha sido reconocido por segundo año consecutivo como líder de Banca Privada en Perú por Global Finance. Tras el reconocimiento, Patricia Martinez, Head de banca privada en Scotiabank, explica las acciones realizadas para lograr el reconocimiento, así…",6,1,1,0,1.0K
2025-07-12 06:28:30,ScotiabankPE,Mar 7,En Scotiabank te reconocemos tus logros y nos comprometemos a seguir trabajando por la equidad todos los días del año. #8MTodosLosDías. 💜 #8MTODOSLOSDÍAS,14,1,6,0,2.0K
2025-07-12 06:28:30,ScotiabankPE,Oct 16,"#BrandedContent. @ScotiabankPE presentó oficialmente a Sebastián Arcuri como su nuevo CEO, y junto a su CEO Global y Head of International Banking, reforzó su compromiso con sus clientes y el desarrollo del país.

Conoce más: acortar.link/Cg9UF1",19,2,11,1,7.0K
2025-07-12 06:28:30,ScotiabankPE,Sep 10,"Conoce nuestro proyecto en Punchan, Iquitos, Perú🇵🇪, con @scotiabankPE y @WorldVisionPeru, enfocado en mejorar la educación infantil con tecnología, fortalecer el rol familiar con ternura y el apoyo de proyectos juveniles.",2,4,26,1,6.0K
2025-07-12 06:28:30,ScotiabankPE,Aug 29,"Conoce nuestro proyecto en Punchana, Iquitos, Perú🇵🇪, con @ScotiabankPE y @WorldVisionPeru, enfocado en mejorar la educación infantil con tecnología, fortalecer el rol familiar con ternura y el apoyo de proyectos juveniles.",0,4,23,0,5.0K
2025-07-12 06:28:30,ScotiabankPE,Aug 8,Scotiabank lanza Fondo de Impacto Social ScotiaRISE en Perú ⏩n9.cl/bsrmz,6,1,2,0,4.0K
2025-07-12 06:28:30,ScotiabankPE,"Jun 18, 2024","Desde el 2022, hemos implementado el proyecto ""Inclusión Educativa para la Vida"" en Loreto, uno de los departamentos con mayor pobreza monetaria. Esta iniciativa, en alianza con @ScotiabankPE y @FundacioFCB, tiene como objetivo mejorar la calidad educativa de las niñas y niños.",5,1,3,0,5.0K
2025-07-12 06:28:30,ScotiabankPE,"Jun 13, 2024","En nuestro compromiso con el bienestar de la niñez, desde el 2022 implementamos el proyecto ""Inclusión Educativa para la Vida"" con el apoyo de @ScotiabankPE y la @FCBarcelona, para brindar acceso a una educación de calidad a las niñas y niños. 

#Scotiabank #FundacionBarcelona",2,6,9,0,4.0K
2025-07-12 06:28:30,ScotiabankPE,"Jun 14, 2024","Somos y seremos sus más grandes hinchas. ⚽️Etiquétalo y dile por qué lo eres. ❤️

#ScotiabankPerú #HablemosEnSerio #DíaDelPadre",18,0,4,0,4.0K
2025-07-12 06:28:30,ScotiabankPE,"May 10, 2024","El mejor regalo para mamá es reconocerla. 🤗  Etiquétala y coméntale por qué lo está haciendo bien.
#HablemosEnSerio #ScotiabankPerú #FelizDíaMamá",14,0,3,0,4.0K
2025-07-12 07:19:24,ScotiabankPE,Jul 10,"#EntrevistaSE. El CFO de @ScotiabankPE, Marcelo Rodríguez, cuenta que la reciente emisión por US$400 millones busca transmitir un mensaje de permanencia de largo plazo en el Perú.

Por @cabecitaterri.
semanaeconomica.com/economia-finan…",0,2,2,0,476
2025-07-12 07:19:24,ScotiabankPE,Jun 27,".@ScotiabankPE captó US$400 millones en emisión internacional de bonos subordinados. 

semanaeconomica.com/que-esta-pasan…",3,1,1,0,831
2025-07-12 07:19:24,ScotiabankPE,Jun 24,".@ScotiabankPE lanza roadshow internacional previo a nueva emisión de bonos por US$1,000 millones. Scotiabank contrató a @GoldmanSachs y Scotia Capital para presentar la operación ante inversionistas institucionales.
semanaeconomica.com/que-esta-pasan…",0,1,0,0,835
2025-07-12 07:19:24,ScotiabankPE,Jun 20,"Agradecemos a nuestro auspiciador PLATA 🎊 @ScotiabankPE, quién se une a la 30° edición de #CADEUniversitario, el encuentro de jóvenes líderes más importante del país, y se suma a nuestro compromiso de construir un Perú más desarrollado.

Conoce más aquí 👉…",0,1,1,0,411
2025-07-12 07:19:24,ScotiabankPE,Jun 6,"#BrandedContent.  La alta dirección de @ScotiabankPE, liderada por su CEO global, llegó a Perú y sostuvo reuniones con clientes estratégicos y reafirmó la importancia del mercado peruano en su operación internacional.
semanaeconomica.com/economia-finan…",1,1,2,0,947
2025-07-12 07:19:24,ScotiabankPE,May 26,"#BrandedContent.  La alta dirección de @ScotiabankPE, liderada por su CEO global, llegó a Perú y sostuvo reuniones con clientes estratégicos y reafirmó la importancia del mercado peruano en su operación internacional.
semanaeconomica.com/economia-finan…",1,1,2,1,1.0K
2025-07-12 07:19:24,ScotiabankPE,May 22,"#BrandedContent.  La alta dirección de @ScotiabankPE, liderada por su CEO global, llegó a Perú y sostuvo reuniones con clientes estratégicos y reafirmó la importancia del mercado peruano en su operación internacional. 

Conoce más: acortar.link/oCt094",1,1,3,0,1.0K
2025-07-12 07:19:24,ScotiabankPE,Apr 28,"#NotaInformativa | Buscando fortalecer la inversión privada y dinamizar el crecimiento económico, 📈 el ministro @Jose_SalardiR, junto con el director de Sistema Financiero y Mercado de Capitales de la Dirección General de Mercados Financieros y Previsional Privado, Óscar Orcón,…",1,2,5,1,1.0K
2025-07-12 07:19:24,ScotiabankPE,Mar 26,"#BrandedContent. @ScotiabankPE ha sido reconocido por segundo año consecutivo como líder de Banca Privada en Perú por Global Finance.
semanaeconomica.com/economia-finan…",8,1,0,0,2.0K
2025-07-12 07:19:24,ScotiabankPE,Mar 12,"#BrandedContent. @ScotiabankPE ha sido reconocido por segundo año consecutivo como líder de Banca Privada en Perú por Global Finance.

semanaeconomica.com/economia-finan…",4,2,0,0,2.0K
2025-07-12 07:19:24,ScotiabankPE,Mar 7,"#BrandedContent. @ScotiabankPE ha sido reconocido por segundo año consecutivo como líder de Banca Privada en Perú por Global Finance. Tras el reconocimiento, Patricia Martinez, Head de banca privada en Scotiabank, explica las acciones realizadas para lograr el reconocimiento, así…",6,1,1,0,1.0K
2025-07-12 07:19:24,ScotiabankPE,Mar 7,En Scotiabank te reconocemos tus logros y nos comprometemos a seguir trabajando por la equidad todos los días del año. #8MTodosLosDías. 💜 #8MTODOSLOSDÍAS,14,1,6,0,2.0K
2025-07-12 07:19:24,ScotiabankPE,Oct 16,"#BrandedContent. @ScotiabankPE presentó oficialmente a Sebastián Arcuri como su nuevo CEO, y junto a su CEO Global y Head of International Banking, reforzó su compromiso con sus clientes y el desarrollo del país.

Conoce más: acortar.link/Cg9UF1",19,2,11,1,7.0K
2025-07-12 07:19:24,ScotiabankPE,Sep 10,"Conoce nuestro proyecto en Punchan, Iquitos, Perú🇵🇪, con @scotiabankPE y @WorldVisionPeru, enfocado en mejorar la educación infantil con tecnología, fortalecer el rol familiar con ternura y el apoyo de proyectos juveniles.",2,4,26,1,6.0K
2025-07-12 07:19:24,ScotiabankPE,Aug 29,"Conoce nuestro proyecto en Punchana, Iquitos, Perú🇵🇪, con @ScotiabankPE y @WorldVisionPeru, enfocado en mejorar la educación infantil con tecnología, fortalecer el rol familiar con ternura y el apoyo de proyectos juveniles.",0,4,23,0,5.0K
2025-07-12 07:19:24,ScotiabankPE,Aug 8,Scotiabank lanza Fondo de Impacto Social ScotiaRISE en Perú ⏩n9.cl/bsrmz,6,1,2,0,4.0K
2025-07-12 07:19:24,ScotiabankPE,"Jun 18, 2024","Desde el 2022, hemos implementado el proyecto ""Inclusión Educativa para la Vida"" en Loreto, uno de los departamentos con mayor pobreza monetaria. Esta iniciativa, en alianza con @ScotiabankPE y @FundacioFCB, tiene como objetivo mejorar la calidad educativa de las niñas y niños.",5,1,3,0,5.0K
2025-07-12 07:19:24,ScotiabankPE,"Jun 13, 2024","En nuestro compromiso con el bienestar de la niñez, desde el 2022 implementamos el proyecto ""Inclusión Educativa para la Vida"" con el apoyo de @ScotiabankPE y la @FCBarcelona, para brindar acceso a una educación de calidad a las niñas y niños. 

#Scotiabank #FundacionBarcelona",2,6,9,0,4.0K
2025-07-12 07:19:24,ScotiabankPE,"Jun 14, 2024","Somos y seremos sus más grandes hinchas. ⚽️Etiquétalo y dile por qué lo eres. ❤️

#ScotiabankPerú #HablemosEnSerio #DíaDelPadre",18,0,4,0,4.0K
2025-07-12 07:19:24,ScotiabankPE,"May 10, 2024","El mejor regalo para mamá es reconocerla. 🤗  Etiquétala y coméntale por qué lo está haciendo bien.
#HablemosEnSerio #ScotiabankPerú #FelizDíaMamá",14,0,3,0,4.0K
2025-07-12 08:24:46,ScotiabankPE,Jul 10,"#EntrevistaSE. El CFO de @ScotiabankPE, Marcelo Rodríguez, cuenta que la reciente emisión por US$400 millones busca transmitir un mensaje de permanencia de largo plazo en el Perú.

Por @cabecitaterri.
semanaeconomica.com/economia-finan…",0,2,2,0,478
2025-07-12 08:24:46,ScotiabankPE,Jun 27,".@ScotiabankPE captó US$400 millones en emisión internacional de bonos subordinados. 

semanaeconomica.com/que-esta-pasan…",3,1,1,0,831
2025-07-12 08:24:46,ScotiabankPE,Jun 24,".@ScotiabankPE lanza roadshow internacional previo a nueva emisión de bonos por US$1,000 millones. Scotiabank contrató a @GoldmanSachs y Scotia Capital para presentar la operación ante inversionistas institucionales.
semanaeconomica.com/que-esta-pasan…",0,1,0,0,835
2025-07-12 08:24:46,ScotiabankPE,Jun 20,"Agradecemos a nuestro auspiciador PLATA 🎊 @ScotiabankPE, quién se une a la 30° edición de #CADEUniversitario, el encuentro de jóvenes líderes más importante del país, y se suma a nuestro compromiso de construir un Perú más desarrollado.

Conoce más aquí 👉…",0,1,1,0,411
2025-07-12 08:24:46,ScotiabankPE,Jun 6,"#BrandedContent.  La alta dirección de @ScotiabankPE, liderada por su CEO global, llegó a Perú y sostuvo reuniones con clientes estratégicos y reafirmó la importancia del mercado peruano en su operación internacional.
semanaeconomica.com/economia-finan…",1,1,2,0,947
2025-07-12 08:24:46,ScotiabankPE,May 26,"#BrandedContent.  La alta dirección de @ScotiabankPE, liderada por su CEO global, llegó a Perú y sostuvo reuniones con clientes estratégicos y reafirmó la importancia del mercado peruano en su operación internacional.
semanaeconomica.com/economia-finan…",1,1,2,1,1.0K
2025-07-12 08:24:46,ScotiabankPE,May 22,"#BrandedContent.  La alta dirección de @ScotiabankPE, liderada por su CEO global, llegó a Perú y sostuvo reuniones con clientes estratégicos y reafirmó la importancia del mercado peruano en su operación internacional. 

Conoce más: acortar.link/oCt094",1,1,3,0,1.0K
2025-07-12 08:24:46,ScotiabankPE,Apr 28,"#NotaInformativa | Buscando fortalecer la inversión privada y dinamizar el crecimiento económico, 📈 el ministro @Jose_SalardiR, junto con el director de Sistema Financiero y Mercado de Capitales de la Dirección General de Mercados Financieros y Previsional Privado, Óscar Orcón,…",1,2,5,1,1.0K
2025-07-12 08:24:46,ScotiabankPE,Mar 26,"#BrandedContent. @ScotiabankPE ha sido reconocido por segundo año consecutivo como líder de Banca Privada en Perú por Global Finance.
semanaeconomica.com/economia-finan…",8,1,0,0,2.0K
2025-07-12 08:24:46,ScotiabankPE,Mar 12,"#BrandedContent. @ScotiabankPE ha sido reconocido por segundo año consecutivo como líder de Banca Privada en Perú por Global Finance.

semanaeconomica.com/economia-finan…",4,2,0,0,2.0K
2025-07-12 08:24:46,ScotiabankPE,Mar 7,"#BrandedContent. @ScotiabankPE ha sido reconocido por segundo año consecutivo como líder de Banca Privada en Perú por Global Finance. Tras el reconocimiento, Patricia Martinez, Head de banca privada en Scotiabank, explica las acciones realizadas para lograr el reconocimiento, así…",6,1,1,0,1.0K
2025-07-12 08:24:46,ScotiabankPE,Mar 7,En Scotiabank te reconocemos tus logros y nos comprometemos a seguir trabajando por la equidad todos los días del año. #8MTodosLosDías. 💜 #8MTODOSLOSDÍAS,14,1,6,0,2.0K
2025-07-12 08:24:46,ScotiabankPE,Oct 16,"#BrandedContent. @ScotiabankPE presentó oficialmente a Sebastián Arcuri como su nuevo CEO, y junto a su CEO Global y Head of International Banking, reforzó su compromiso con sus clientes y el desarrollo del país.

Conoce más: acortar.link/Cg9UF1",19,2,11,1,7.0K
2025-07-12 08:24:46,ScotiabankPE,Sep 10,"Conoce nuestro proyecto en Punchan, Iquitos, Perú🇵🇪, con @scotiabankPE y @WorldVisionPeru, enfocado en mejorar la educación infantil con tecnología, fortalecer el rol familiar con ternura y el apoyo de proyectos juveniles.",2,4,26,1,6.0K
2025-07-12 08:24:46,ScotiabankPE,Aug 29,"Conoce nuestro proyecto en Punchana, Iquitos, Perú🇵🇪, con @ScotiabankPE y @WorldVisionPeru, enfocado en mejorar la educación infantil con tecnología, fortalecer el rol familiar con ternura y el apoyo de proyectos juveniles.",0,4,23,0,5.0K
2025-07-12 08:24:46,ScotiabankPE,Aug 8,Scotiabank lanza Fondo de Impacto Social ScotiaRISE en Perú ⏩n9.cl/bsrmz,6,1,2,0,4.0K
2025-07-12 08:24:46,ScotiabankPE,"Jun 18, 2024","Desde el 2022, hemos implementado el proyecto ""Inclusión Educativa para la Vida"" en Loreto, uno de los departamentos con mayor pobreza monetaria. Esta iniciativa, en alianza con @ScotiabankPE y @FundacioFCB, tiene como objetivo mejorar la calidad educativa de las niñas y niños.",5,1,3,0,5.0K
2025-07-12 08:24:46,ScotiabankPE,"Jun 13, 2024","En nuestro compromiso con el bienestar de la niñez, desde el 2022 implementamos el proyecto ""Inclusión Educativa para la Vida"" con el apoyo de @ScotiabankPE y la @FCBarcelona, para brindar acceso a una educación de calidad a las niñas y niños. 

#Scotiabank #FundacionBarcelona",2,6,9,0,4.0K
2025-07-12 08:24:46,ScotiabankPE,"Jun 14, 2024","Somos y seremos sus más grandes hinchas. ⚽️Etiquétalo y dile por qué lo eres. ❤️

#ScotiabankPerú #HablemosEnSerio #DíaDelPadre",18,0,4,0,4.0K
2025-07-12 08:24:46,ScotiabankPE,"May 10, 2024","El mejor regalo para mamá es reconocerla. 🤗  Etiquétala y coméntale por qué lo está haciendo bien.
#HablemosEnSerio #ScotiabankPerú #FelizDíaMamá",14,0,3,0,4.0K
2025-07-12 09:20:10,ScotiabankPE,Jul 10,"#EntrevistaSE. El CFO de @ScotiabankPE, Marcelo Rodríguez, cuenta que la reciente emisión por US$400 millones busca transmitir un mensaje de permanencia de largo plazo en el Perú.

Por @cabecitaterri.
semanaeconomica.com/economia-finan…",0,2,2,0,478
2025-07-12 09:20:10,ScotiabankPE,Jun 27,".@ScotiabankPE captó US$400 millones en emisión internacional de bonos subordinados. 

semanaeconomica.com/que-esta-pasan…",3,1,1,0,831
2025-07-12 09:20:10,ScotiabankPE,Jun 24,".@ScotiabankPE lanza roadshow internacional previo a nueva emisión de bonos por US$1,000 millones. Scotiabank contrató a @GoldmanSachs y Scotia Capital para presentar la operación ante inversionistas institucionales.
semanaeconomica.com/que-esta-pasan…",0,1,0,0,835
2025-07-12 09:20:10,ScotiabankPE,Jun 20,"Agradecemos a nuestro auspiciador PLATA 🎊 @ScotiabankPE, quién se une a la 30° edición de #CADEUniversitario, el encuentro de jóvenes líderes más importante del país, y se suma a nuestro compromiso de construir un Perú más desarrollado.

Conoce más aquí 👉…",0,1,1,0,411
2025-07-12 09:20:10,ScotiabankPE,Jun 6,"#BrandedContent.  La alta dirección de @ScotiabankPE, liderada por su CEO global, llegó a Perú y sostuvo reuniones con clientes estratégicos y reafirmó la importancia del mercado peruano en su operación internacional.
semanaeconomica.com/economia-finan…",1,1,2,0,947
2025-07-12 09:20:10,ScotiabankPE,May 26,"#BrandedContent.  La alta dirección de @ScotiabankPE, liderada por su CEO global, llegó a Perú y sostuvo reuniones con clientes estratégicos y reafirmó la importancia del mercado peruano en su operación internacional.
semanaeconomica.com/economia-finan…",1,1,2,1,1.0K
2025-07-12 09:20:10,ScotiabankPE,May 22,"#BrandedContent.  La alta dirección de @ScotiabankPE, liderada por su CEO global, llegó a Perú y sostuvo reuniones con clientes estratégicos y reafirmó la importancia del mercado peruano en su operación internacional. 

Conoce más: acortar.link/oCt094",1,1,3,0,1.0K
2025-07-12 09:20:10,ScotiabankPE,Apr 28,"#NotaInformativa | Buscando fortalecer la inversión privada y dinamizar el crecimiento económico, 📈 el ministro @Jose_SalardiR, junto con el director de Sistema Financiero y Mercado de Capitales de la Dirección General de Mercados Financieros y Previsional Privado, Óscar Orcón,…",1,2,5,1,1.0K
2025-07-12 09:20:10,ScotiabankPE,Mar 26,"#BrandedContent. @ScotiabankPE ha sido reconocido por segundo año consecutivo como líder de Banca Privada en Perú por Global Finance.
semanaeconomica.com/economia-finan…",8,1,0,0,2.0K
2025-07-12 09:20:10,ScotiabankPE,Mar 12,"#BrandedContent. @ScotiabankPE ha sido reconocido por segundo año consecutivo como líder de Banca Privada en Perú por Global Finance.

semanaeconomica.com/economia-finan…",4,2,0,0,2.0K
2025-07-12 09:20:10,ScotiabankPE,Mar 7,"#BrandedContent. @ScotiabankPE ha sido reconocido por segundo año consecutivo como líder de Banca Privada en Perú por Global Finance. Tras el reconocimiento, Patricia Martinez, Head de banca privada en Scotiabank, explica las acciones realizadas para lograr el reconocimiento, así…",6,1,1,0,1.0K
2025-07-12 09:20:10,ScotiabankPE,Mar 7,En Scotiabank te reconocemos tus logros y nos comprometemos a seguir trabajando por la equidad todos los días del año. #8MTodosLosDías. 💜 #8MTODOSLOSDÍAS,14,1,6,0,2.0K
2025-07-12 09:20:10,ScotiabankPE,Oct 16,"#BrandedContent. @ScotiabankPE presentó oficialmente a Sebastián Arcuri como su nuevo CEO, y junto a su CEO Global y Head of International Banking, reforzó su compromiso con sus clientes y el desarrollo del país.

Conoce más: acortar.link/Cg9UF1",19,2,11,1,7.0K
2025-07-12 09:20:10,ScotiabankPE,Sep 10,"Conoce nuestro proyecto en Punchan, Iquitos, Perú🇵🇪, con @scotiabankPE y @WorldVisionPeru, enfocado en mejorar la educación infantil con tecnología, fortalecer el rol familiar con ternura y el apoyo de proyectos juveniles.",2,4,26,1,6.0K
2025-07-12 09:20:10,ScotiabankPE,Aug 29,"Conoce nuestro proyecto en Punchana, Iquitos, Perú🇵🇪, con @ScotiabankPE y @WorldVisionPeru, enfocado en mejorar la educación infantil con tecnología, fortalecer el rol familiar con ternura y el apoyo de proyectos juveniles.",0,4,23,0,5.0K
2025-07-12 09:20:10,ScotiabankPE,Aug 8,Scotiabank lanza Fondo de Impacto Social ScotiaRISE en Perú ⏩n9.cl/bsrmz,6,1,2,0,4.0K
2025-07-12 09:20:10,ScotiabankPE,"Jun 18, 2024","Desde el 2022, hemos implementado el proyecto ""Inclusión Educativa para la Vida"" en Loreto, uno de los departamentos con mayor pobreza monetaria. Esta iniciativa, en alianza con @ScotiabankPE y @FundacioFCB, tiene como objetivo mejorar la calidad educativa de las niñas y niños.",5,1,3,0,5.0K
2025-07-12 09:20:10,ScotiabankPE,"Jun 13, 2024","En nuestro compromiso con el bienestar de la niñez, desde el 2022 implementamos el proyecto ""Inclusión Educativa para la Vida"" con el apoyo de @ScotiabankPE y la @FCBarcelona, para brindar acceso a una educación de calidad a las niñas y niños. 

#Scotiabank #FundacionBarcelona",2,6,9,0,4.0K
2025-07-12 09:20:10,ScotiabankPE,"Jun 14, 2024","Somos y seremos sus más grandes hinchas. ⚽️Etiquétalo y dile por qué lo eres. ❤️

#ScotiabankPerú #HablemosEnSerio #DíaDelPadre",18,0,4,0,4.0K
2025-07-12 09:20:10,ScotiabankPE,"May 10, 2024","El mejor regalo para mamá es reconocerla. 🤗  Etiquétala y coméntale por qué lo está haciendo bien.
#HablemosEnSerio #ScotiabankPerú #FelizDíaMamá",14,0,3,0,4.0K
2025-07-12 10:20:13,ScotiabankPE,Jul 10,"#EntrevistaSE. El CFO de @ScotiabankPE, Marcelo Rodríguez, cuenta que la reciente emisión por US$400 millones busca transmitir un mensaje de permanencia de largo plazo en el Perú.

Por @cabecitaterri.
semanaeconomica.com/economia-finan…",0,2,2,0,478
2025-07-12 10:20:13,ScotiabankPE,Jun 27,".@ScotiabankPE captó US$400 millones en emisión internacional de bonos subordinados. 

semanaeconomica.com/que-esta-pasan…",3,1,1,0,831
2025-07-12 10:20:13,ScotiabankPE,Jun 24,".@ScotiabankPE lanza roadshow internacional previo a nueva emisión de bonos por US$1,000 millones. Scotiabank contrató a @GoldmanSachs y Scotia Capital para presentar la operación ante inversionistas institucionales.
semanaeconomica.com/que-esta-pasan…",0,1,0,0,835
2025-07-12 10:20:13,ScotiabankPE,Jun 20,"Agradecemos a nuestro auspiciador PLATA 🎊 @ScotiabankPE, quién se une a la 30° edición de #CADEUniversitario, el encuentro de jóvenes líderes más importante del país, y se suma a nuestro compromiso de construir un Perú más desarrollado.

Conoce más aquí 👉…",0,1,1,0,411
2025-07-12 10:20:13,ScotiabankPE,Jun 6,"#BrandedContent.  La alta dirección de @ScotiabankPE, liderada por su CEO global, llegó a Perú y sostuvo reuniones con clientes estratégicos y reafirmó la importancia del mercado peruano en su operación internacional.
semanaeconomica.com/economia-finan…",1,1,2,0,947
2025-07-12 10:20:13,ScotiabankPE,May 26,"#BrandedContent.  La alta dirección de @ScotiabankPE, liderada por su CEO global, llegó a Perú y sostuvo reuniones con clientes estratégicos y reafirmó la importancia del mercado peruano en su operación internacional.
semanaeconomica.com/economia-finan…",1,1,2,1,1.0K
2025-07-12 10:20:13,ScotiabankPE,May 22,"#BrandedContent.  La alta dirección de @ScotiabankPE, liderada por su CEO global, llegó a Perú y sostuvo reuniones con clientes estratégicos y reafirmó la importancia del mercado peruano en su operación internacional. 

Conoce más: acortar.link/oCt094",1,1,3,0,1.0K
2025-07-12 10:20:13,ScotiabankPE,Apr 28,"#NotaInformativa | Buscando fortalecer la inversión privada y dinamizar el crecimiento económico, 📈 el ministro @Jose_SalardiR, junto con el director de Sistema Financiero y Mercado de Capitales de la Dirección General de Mercados Financieros y Previsional Privado, Óscar Orcón,…",1,2,5,1,1.0K
2025-07-12 10:20:13,ScotiabankPE,Mar 26,"#BrandedContent. @ScotiabankPE ha sido reconocido por segundo año consecutivo como líder de Banca Privada en Perú por Global Finance.
semanaeconomica.com/economia-finan…",8,1,0,0,2.0K
2025-07-12 10:20:13,ScotiabankPE,Mar 12,"#BrandedContent. @ScotiabankPE ha sido reconocido por segundo año consecutivo como líder de Banca Privada en Perú por Global Finance.

semanaeconomica.com/economia-finan…",4,2,0,0,2.0K
2025-07-12 10:20:13,ScotiabankPE,Mar 7,"#BrandedContent. @ScotiabankPE ha sido reconocido por segundo año consecutivo como líder de Banca Privada en Perú por Global Finance. Tras el reconocimiento, Patricia Martinez, Head de banca privada en Scotiabank, explica las acciones realizadas para lograr el reconocimiento, así…",6,1,1,0,1.0K
2025-07-12 10:20:13,ScotiabankPE,Mar 7,En Scotiabank te reconocemos tus logros y nos comprometemos a seguir trabajando por la equidad todos los días del año. #8MTodosLosDías. 💜 #8MTODOSLOSDÍAS,14,1,6,0,2.0K
2025-07-12 10:20:13,ScotiabankPE,Oct 16,"#BrandedContent. @ScotiabankPE presentó oficialmente a Sebastián Arcuri como su nuevo CEO, y junto a su CEO Global y Head of International Banking, reforzó su compromiso con sus clientes y el desarrollo del país.

Conoce más: acortar.link/Cg9UF1",19,2,11,1,7.0K
2025-07-12 10:20:13,ScotiabankPE,Sep 10,"Conoce nuestro proyecto en Punchan, Iquitos, Perú🇵🇪, con @scotiabankPE y @WorldVisionPeru, enfocado en mejorar la educación infantil con tecnología, fortalecer el rol familiar con ternura y el apoyo de proyectos juveniles.",2,4,26,1,6.0K
2025-07-12 10:20:13,ScotiabankPE,Aug 29,"Conoce nuestro proyecto en Punchana, Iquitos, Perú🇵🇪, con @ScotiabankPE y @WorldVisionPeru, enfocado en mejorar la educación infantil con tecnología, fortalecer el rol familiar con ternura y el apoyo de proyectos juveniles.",0,4,23,0,5.0K
2025-07-12 10:20:13,ScotiabankPE,Aug 8,Scotiabank lanza Fondo de Impacto Social ScotiaRISE en Perú ⏩n9.cl/bsrmz,6,1,2,0,4.0K
2025-07-12 10:20:13,ScotiabankPE,"Jun 18, 2024","Desde el 2022, hemos implementado el proyecto ""Inclusión Educativa para la Vida"" en Loreto, uno de los departamentos con mayor pobreza monetaria. Esta iniciativa, en alianza con @ScotiabankPE y @FundacioFCB, tiene como objetivo mejorar la calidad educativa de las niñas y niños.",5,1,3,0,5.0K
2025-07-12 10:20:13,ScotiabankPE,"Jun 13, 2024","En nuestro compromiso con el bienestar de la niñez, desde el 2022 implementamos el proyecto ""Inclusión Educativa para la Vida"" con el apoyo de @ScotiabankPE y la @FCBarcelona, para brindar acceso a una educación de calidad a las niñas y niños. 

#Scotiabank #FundacionBarcelona",2,6,9,0,4.0K
2025-07-12 10:20:13,ScotiabankPE,"Jun 14, 2024","Somos y seremos sus más grandes hinchas. ⚽️Etiquétalo y dile por qué lo eres. ❤️

#ScotiabankPerú #HablemosEnSerio #DíaDelPadre",18,0,4,0,4.0K
2025-07-12 10:20:13,ScotiabankPE,"May 10, 2024","El mejor regalo para mamá es reconocerla. 🤗  Etiquétala y coméntale por qué lo está haciendo bien.
#HablemosEnSerio #ScotiabankPerú #FelizDíaMamá",14,0,3,0,4.0K
2025-07-12 11:17:27,ScotiabankPE,Jul 10,"#EntrevistaSE. El CFO de @ScotiabankPE, Marcelo Rodríguez, cuenta que la reciente emisión por US$400 millones busca transmitir un mensaje de permanencia de largo plazo en el Perú.

Por @cabecitaterri.
semanaeconomica.com/economia-finan…",0,2,2,0,478
2025-07-12 11:17:27,ScotiabankPE,Jun 27,".@ScotiabankPE captó US$400 millones en emisión internacional de bonos subordinados. 

semanaeconomica.com/que-esta-pasan…",3,1,1,0,831
2025-07-12 11:17:27,ScotiabankPE,Jun 24,".@ScotiabankPE lanza roadshow internacional previo a nueva emisión de bonos por US$1,000 millones. Scotiabank contrató a @GoldmanSachs y Scotia Capital para presentar la operación ante inversionistas institucionales.
semanaeconomica.com/que-esta-pasan…",0,1,0,0,835
2025-07-12 11:17:27,ScotiabankPE,Jun 20,"Agradecemos a nuestro auspiciador PLATA 🎊 @ScotiabankPE, quién se une a la 30° edición de #CADEUniversitario, el encuentro de jóvenes líderes más importante del país, y se suma a nuestro compromiso de construir un Perú más desarrollado.

Conoce más aquí 👉…",0,1,1,0,411
2025-07-12 11:17:27,ScotiabankPE,Jun 6,"#BrandedContent.  La alta dirección de @ScotiabankPE, liderada por su CEO global, llegó a Perú y sostuvo reuniones con clientes estratégicos y reafirmó la importancia del mercado peruano en su operación internacional.
semanaeconomica.com/economia-finan…",1,1,2,0,947
2025-07-12 11:17:27,ScotiabankPE,May 26,"#BrandedContent.  La alta dirección de @ScotiabankPE, liderada por su CEO global, llegó a Perú y sostuvo reuniones con clientes estratégicos y reafirmó la importancia del mercado peruano en su operación internacional.
semanaeconomica.com/economia-finan…",1,1,2,1,1.0K
2025-07-12 11:17:27,ScotiabankPE,May 22,"#BrandedContent.  La alta dirección de @ScotiabankPE, liderada por su CEO global, llegó a Perú y sostuvo reuniones con clientes estratégicos y reafirmó la importancia del mercado peruano en su operación internacional. 

Conoce más: acortar.link/oCt094",1,1,3,0,1.0K
2025-07-12 11:17:27,ScotiabankPE,Apr 28,"#NotaInformativa | Buscando fortalecer la inversión privada y dinamizar el crecimiento económico, 📈 el ministro @Jose_SalardiR, junto con el director de Sistema Financiero y Mercado de Capitales de la Dirección General de Mercados Financieros y Previsional Privado, Óscar Orcón,…",1,2,5,1,1.0K
2025-07-12 11:17:27,ScotiabankPE,Mar 26,"#BrandedContent. @ScotiabankPE ha sido reconocido por segundo año consecutivo como líder de Banca Privada en Perú por Global Finance.
semanaeconomica.com/economia-finan…",8,1,0,0,2.0K
2025-07-12 11:17:27,ScotiabankPE,Mar 12,"#BrandedContent. @ScotiabankPE ha sido reconocido por segundo año consecutivo como líder de Banca Privada en Perú por Global Finance.

semanaeconomica.com/economia-finan…",4,2,0,0,2.0K
2025-07-12 11:17:27,ScotiabankPE,Mar 7,"#BrandedContent. @ScotiabankPE ha sido reconocido por segundo año consecutivo como líder de Banca Privada en Perú por Global Finance. Tras el reconocimiento, Patricia Martinez, Head de banca privada en Scotiabank, explica las acciones realizadas para lograr el reconocimiento, así…",6,1,1,0,1.0K
2025-07-12 11:17:27,ScotiabankPE,Mar 7,En Scotiabank te reconocemos tus logros y nos comprometemos a seguir trabajando por la equidad todos los días del año. #8MTodosLosDías. 💜 #8MTODOSLOSDÍAS,14,1,6,0,2.0K
2025-07-12 11:17:27,ScotiabankPE,Oct 16,"#BrandedContent. @ScotiabankPE presentó oficialmente a Sebastián Arcuri como su nuevo CEO, y junto a su CEO Global y Head of International Banking, reforzó su compromiso con sus clientes y el desarrollo del país.

Conoce más: acortar.link/Cg9UF1",19,2,11,1,7.0K
2025-07-12 11:17:27,ScotiabankPE,Sep 10,"Conoce nuestro proyecto en Punchan, Iquitos, Perú🇵🇪, con @scotiabankPE y @WorldVisionPeru, enfocado en mejorar la educación infantil con tecnología, fortalecer el rol familiar con ternura y el apoyo de proyectos juveniles.",2,4,26,1,6.0K
2025-07-12 11:17:27,ScotiabankPE,Aug 29,"Conoce nuestro proyecto en Punchana, Iquitos, Perú🇵🇪, con @ScotiabankPE y @WorldVisionPeru, enfocado en mejorar la educación infantil con tecnología, fortalecer el rol familiar con ternura y el apoyo de proyectos juveniles.",0,4,23,0,5.0K
2025-07-12 11:17:27,ScotiabankPE,Aug 8,Scotiabank lanza Fondo de Impacto Social ScotiaRISE en Perú ⏩n9.cl/bsrmz,6,1,2,0,4.0K
2025-07-12 11:17:27,ScotiabankPE,"Jun 18, 2024","Desde el 2022, hemos implementado el proyecto ""Inclusión Educativa para la Vida"" en Loreto, uno de los departamentos con mayor pobreza monetaria. Esta iniciativa, en alianza con @ScotiabankPE y @FundacioFCB, tiene como objetivo mejorar la calidad educativa de las niñas y niños.",5,1,3,0,5.0K
2025-07-12 11:17:27,ScotiabankPE,"Jun 13, 2024","En nuestro compromiso con el bienestar de la niñez, desde el 2022 implementamos el proyecto ""Inclusión Educativa para la Vida"" con el apoyo de @ScotiabankPE y la @FCBarcelona, para brindar acceso a una educación de calidad a las niñas y niños. 

#Scotiabank #FundacionBarcelona",2,6,9,0,4.0K
2025-07-12 11:17:27,ScotiabankPE,"Jun 14, 2024","Somos y seremos sus más grandes hinchas. ⚽️Etiquétalo y dile por qué lo eres. ❤️

#ScotiabankPerú #HablemosEnSerio #DíaDelPadre",18,0,4,0,4.0K
2025-07-12 11:17:27,ScotiabankPE,"May 10, 2024","El mejor regalo para mamá es reconocerla. 🤗  Etiquétala y coméntale por qué lo está haciendo bien.
#HablemosEnSerio #ScotiabankPerú #FelizDíaMamá",14,0,3,0,4.0K
2025-07-12 12:38:13,ScotiabankPE,Jul 10,"#EntrevistaSE. El CFO de @ScotiabankPE, Marcelo Rodríguez, cuenta que la reciente emisión por US$400 millones busca transmitir un mensaje de permanencia de largo plazo en el Perú.

Por @cabecitaterri.
semanaeconomica.com/economia-finan…",0,2,2,0,478
2025-07-12 12:38:13,ScotiabankPE,Jun 27,".@ScotiabankPE captó US$400 millones en emisión internacional de bonos subordinados. 

semanaeconomica.com/que-esta-pasan…",3,1,1,0,831
2025-07-12 12:38:13,ScotiabankPE,Jun 24,".@ScotiabankPE lanza roadshow internacional previo a nueva emisión de bonos por US$1,000 millones. Scotiabank contrató a @GoldmanSachs y Scotia Capital para presentar la operación ante inversionistas institucionales.
semanaeconomica.com/que-esta-pasan…",0,1,0,0,835
2025-07-12 12:38:13,ScotiabankPE,Jun 20,"Agradecemos a nuestro auspiciador PLATA 🎊 @ScotiabankPE, quién se une a la 30° edición de #CADEUniversitario, el encuentro de jóvenes líderes más importante del país, y se suma a nuestro compromiso de construir un Perú más desarrollado.

Conoce más aquí 👉…",0,1,1,0,411
2025-07-12 12:38:13,ScotiabankPE,Jun 6,"#BrandedContent.  La alta dirección de @ScotiabankPE, liderada por su CEO global, llegó a Perú y sostuvo reuniones con clientes estratégicos y reafirmó la importancia del mercado peruano en su operación internacional.
semanaeconomica.com/economia-finan…",1,1,2,0,947
2025-07-12 12:38:13,ScotiabankPE,May 26,"#BrandedContent.  La alta dirección de @ScotiabankPE, liderada por su CEO global, llegó a Perú y sostuvo reuniones con clientes estratégicos y reafirmó la importancia del mercado peruano en su operación internacional.
semanaeconomica.com/economia-finan…",1,1,2,1,1.0K
2025-07-12 12:38:13,ScotiabankPE,May 22,"#BrandedContent.  La alta dirección de @ScotiabankPE, liderada por su CEO global, llegó a Perú y sostuvo reuniones con clientes estratégicos y reafirmó la importancia del mercado peruano en su operación internacional. 

Conoce más: acortar.link/oCt094",1,1,3,0,1.0K
2025-07-12 12:38:13,ScotiabankPE,Apr 28,"#NotaInformativa | Buscando fortalecer la inversión privada y dinamizar el crecimiento económico, 📈 el ministro @Jose_SalardiR, junto con el director de Sistema Financiero y Mercado de Capitales de la Dirección General de Mercados Financieros y Previsional Privado, Óscar Orcón,…",1,2,5,1,1.0K
2025-07-12 12:38:13,ScotiabankPE,Mar 26,"#BrandedContent. @ScotiabankPE ha sido reconocido por segundo año consecutivo como líder de Banca Privada en Perú por Global Finance.
semanaeconomica.com/economia-finan…",8,1,0,0,2.0K
2025-07-12 12:38:13,ScotiabankPE,Mar 12,"#BrandedContent. @ScotiabankPE ha sido reconocido por segundo año consecutivo como líder de Banca Privada en Perú por Global Finance.

semanaeconomica.com/economia-finan…",4,2,0,0,2.0K
2025-07-12 12:38:13,ScotiabankPE,Mar 7,"#BrandedContent. @ScotiabankPE ha sido reconocido por segundo año consecutivo como líder de Banca Privada en Perú por Global Finance. Tras el reconocimiento, Patricia Martinez, Head de banca privada en Scotiabank, explica las acciones realizadas para lograr el reconocimiento, así…",6,1,1,0,1.0K
2025-07-12 12:38:13,ScotiabankPE,Mar 7,En Scotiabank te reconocemos tus logros y nos comprometemos a seguir trabajando por la equidad todos los días del año. #8MTodosLosDías. 💜 #8MTODOSLOSDÍAS,14,1,6,0,2.0K
2025-07-12 12:38:13,ScotiabankPE,Oct 16,"#BrandedContent. @ScotiabankPE presentó oficialmente a Sebastián Arcuri como su nuevo CEO, y junto a su CEO Global y Head of International Banking, reforzó su compromiso con sus clientes y el desarrollo del país.

Conoce más: acortar.link/Cg9UF1",19,2,11,1,7.0K
2025-07-12 12:38:13,ScotiabankPE,Sep 10,"Conoce nuestro proyecto en Punchan, Iquitos, Perú🇵🇪, con @scotiabankPE y @WorldVisionPeru, enfocado en mejorar la educación infantil con tecnología, fortalecer el rol familiar con ternura y el apoyo de proyectos juveniles.",2,4,26,1,6.0K
2025-07-12 12:38:13,ScotiabankPE,Aug 29,"Conoce nuestro proyecto en Punchana, Iquitos, Perú🇵🇪, con @ScotiabankPE y @WorldVisionPeru, enfocado en mejorar la educación infantil con tecnología, fortalecer el rol familiar con ternura y el apoyo de proyectos juveniles.",0,4,23,0,5.0K
2025-07-12 12:38:13,ScotiabankPE,Aug 8,Scotiabank lanza Fondo de Impacto Social ScotiaRISE en Perú ⏩n9.cl/bsrmz,6,1,2,0,4.0K
2025-07-12 12:38:13,ScotiabankPE,"Jun 18, 2024","Desde el 2022, hemos implementado el proyecto ""Inclusión Educativa para la Vida"" en Loreto, uno de los departamentos con mayor pobreza monetaria. Esta iniciativa, en alianza con @ScotiabankPE y @FundacioFCB, tiene como objetivo mejorar la calidad educativa de las niñas y niños.",5,1,3,0,5.0K
2025-07-12 12:38:13,ScotiabankPE,"Jun 13, 2024","En nuestro compromiso con el bienestar de la niñez, desde el 2022 implementamos el proyecto ""Inclusión Educativa para la Vida"" con el apoyo de @ScotiabankPE y la @FCBarcelona, para brindar acceso a una educación de calidad a las niñas y niños. 

#Scotiabank #FundacionBarcelona",2,6,9,0,4.0K
2025-07-12 12:38:13,ScotiabankPE,"Jun 14, 2024","Somos y seremos sus más grandes hinchas. ⚽️Etiquétalo y dile por qué lo eres. ❤️

#ScotiabankPerú #HablemosEnSerio #DíaDelPadre",18,0,4,0,4.0K
2025-07-12 12:38:13,ScotiabankPE,"May 10, 2024","El mejor regalo para mamá es reconocerla. 🤗  Etiquétala y coméntale por qué lo está haciendo bien.
#HablemosEnSerio #ScotiabankPerú #FelizDíaMamá",14,0,3,0,4.0K
2025-07-12 13:29:02,ScotiabankPE,Jul 10,"#EntrevistaSE. El CFO de @ScotiabankPE, Marcelo Rodríguez, cuenta que la reciente emisión por US$400 millones busca transmitir un mensaje de permanencia de largo plazo en el Perú.

Por @cabecitaterri.
semanaeconomica.com/economia-finan…",0,2,2,0,479
2025-07-12 13:29:02,ScotiabankPE,Jun 27,".@ScotiabankPE captó US$400 millones en emisión internacional de bonos subordinados. 

semanaeconomica.com/que-esta-pasan…",3,1,1,0,831
2025-07-12 13:29:02,ScotiabankPE,Jun 24,".@ScotiabankPE lanza roadshow internacional previo a nueva emisión de bonos por US$1,000 millones. Scotiabank contrató a @GoldmanSachs y Scotia Capital para presentar la operación ante inversionistas institucionales.
semanaeconomica.com/que-esta-pasan…",0,1,0,0,835
2025-07-12 13:29:02,ScotiabankPE,Jun 20,"Agradecemos a nuestro auspiciador PLATA 🎊 @ScotiabankPE, quién se une a la 30° edición de #CADEUniversitario, el encuentro de jóvenes líderes más importante del país, y se suma a nuestro compromiso de construir un Perú más desarrollado.

Conoce más aquí 👉…",0,1,1,0,411
2025-07-12 13:29:02,ScotiabankPE,Jun 6,"#BrandedContent.  La alta dirección de @ScotiabankPE, liderada por su CEO global, llegó a Perú y sostuvo reuniones con clientes estratégicos y reafirmó la importancia del mercado peruano en su operación internacional.
semanaeconomica.com/economia-finan…",1,1,2,0,947
2025-07-12 13:29:02,ScotiabankPE,May 26,"#BrandedContent.  La alta dirección de @ScotiabankPE, liderada por su CEO global, llegó a Perú y sostuvo reuniones con clientes estratégicos y reafirmó la importancia del mercado peruano en su operación internacional.
semanaeconomica.com/economia-finan…",1,1,2,1,1.0K
2025-07-12 13:29:02,ScotiabankPE,May 22,"#BrandedContent.  La alta dirección de @ScotiabankPE, liderada por su CEO global, llegó a Perú y sostuvo reuniones con clientes estratégicos y reafirmó la importancia del mercado peruano en su operación internacional. 

Conoce más: acortar.link/oCt094",1,1,3,0,1.0K
2025-07-12 13:29:02,ScotiabankPE,Apr 28,"#NotaInformativa | Buscando fortalecer la inversión privada y dinamizar el crecimiento económico, 📈 el ministro @Jose_SalardiR, junto con el director de Sistema Financiero y Mercado de Capitales de la Dirección General de Mercados Financieros y Previsional Privado, Óscar Orcón,…",1,2,5,1,1.0K
2025-07-12 13:29:02,ScotiabankPE,Mar 26,"#BrandedContent. @ScotiabankPE ha sido reconocido por segundo año consecutivo como líder de Banca Privada en Perú por Global Finance.
semanaeconomica.com/economia-finan…",8,1,0,0,2.0K
2025-07-12 13:29:02,ScotiabankPE,Mar 12,"#BrandedContent. @ScotiabankPE ha sido reconocido por segundo año consecutivo como líder de Banca Privada en Perú por Global Finance.

semanaeconomica.com/economia-finan…",4,2,0,0,2.0K
2025-07-12 13:29:02,ScotiabankPE,Mar 7,"#BrandedContent. @ScotiabankPE ha sido reconocido por segundo año consecutivo como líder de Banca Privada en Perú por Global Finance. Tras el reconocimiento, Patricia Martinez, Head de banca privada en Scotiabank, explica las acciones realizadas para lograr el reconocimiento, así…",6,1,1,0,1.0K
2025-07-12 13:29:02,ScotiabankPE,Mar 7,En Scotiabank te reconocemos tus logros y nos comprometemos a seguir trabajando por la equidad todos los días del año. #8MTodosLosDías. 💜 #8MTODOSLOSDÍAS,14,1,6,0,2.0K
2025-07-12 13:29:02,ScotiabankPE,Oct 16,"#BrandedContent. @ScotiabankPE presentó oficialmente a Sebastián Arcuri como su nuevo CEO, y junto a su CEO Global y Head of International Banking, reforzó su compromiso con sus clientes y el desarrollo del país.

Conoce más: acortar.link/Cg9UF1",19,2,11,1,7.0K
2025-07-12 13:29:02,ScotiabankPE,Sep 10,"Conoce nuestro proyecto en Punchan, Iquitos, Perú🇵🇪, con @scotiabankPE y @WorldVisionPeru, enfocado en mejorar la educación infantil con tecnología, fortalecer el rol familiar con ternura y el apoyo de proyectos juveniles.",2,4,26,1,6.0K
2025-07-12 13:29:02,ScotiabankPE,Aug 29,"Conoce nuestro proyecto en Punchana, Iquitos, Perú🇵🇪, con @ScotiabankPE y @WorldVisionPeru, enfocado en mejorar la educación infantil con tecnología, fortalecer el rol familiar con ternura y el apoyo de proyectos juveniles.",0,4,23,0,5.0K
2025-07-12 13:29:02,ScotiabankPE,Aug 8,Scotiabank lanza Fondo de Impacto Social ScotiaRISE en Perú ⏩n9.cl/bsrmz,6,1,2,0,4.0K
2025-07-12 13:29:02,ScotiabankPE,"Jun 18, 2024","Desde el 2022, hemos implementado el proyecto ""Inclusión Educativa para la Vida"" en Loreto, uno de los departamentos con mayor pobreza monetaria. Esta iniciativa, en alianza con @ScotiabankPE y @FundacioFCB, tiene como objetivo mejorar la calidad educativa de las niñas y niños.",5,1,3,0,5.0K
2025-07-12 13:29:02,ScotiabankPE,"Jun 13, 2024","En nuestro compromiso con el bienestar de la niñez, desde el 2022 implementamos el proyecto ""Inclusión Educativa para la Vida"" con el apoyo de @ScotiabankPE y la @FCBarcelona, para brindar acceso a una educación de calidad a las niñas y niños. 

#Scotiabank #FundacionBarcelona",2,6,9,0,4.0K
2025-07-12 13:29:02,ScotiabankPE,"Jun 14, 2024","Somos y seremos sus más grandes hinchas. ⚽️Etiquétalo y dile por qué lo eres. ❤️

#ScotiabankPerú #HablemosEnSerio #DíaDelPadre",18,0,4,0,4.0K
2025-07-12 13:29:02,ScotiabankPE,"May 10, 2024","El mejor regalo para mamá es reconocerla. 🤗  Etiquétala y coméntale por qué lo está haciendo bien.
#HablemosEnSerio #ScotiabankPerú #FelizDíaMamá",14,0,3,0,4.0K
2025-07-12 14:18:11,ScotiabankPE,Jul 10,"#EntrevistaSE. El CFO de @ScotiabankPE, Marcelo Rodríguez, cuenta que la reciente emisión por US$400 millones busca transmitir un mensaje de permanencia de largo plazo en el Perú.

Por @cabecitaterri.
semanaeconomica.com/economia-finan…",0,2,2,0,479
2025-07-12 14:18:11,ScotiabankPE,Jun 27,".@ScotiabankPE captó US$400 millones en emisión internacional de bonos subordinados. 

semanaeconomica.com/que-esta-pasan…",3,1,1,0,831
2025-07-12 14:18:11,ScotiabankPE,Jun 24,".@ScotiabankPE lanza roadshow internacional previo a nueva emisión de bonos por US$1,000 millones. Scotiabank contrató a @GoldmanSachs y Scotia Capital para presentar la operación ante inversionistas institucionales.
semanaeconomica.com/que-esta-pasan…",0,1,0,0,835
2025-07-12 14:18:11,ScotiabankPE,Jun 20,"Agradecemos a nuestro auspiciador PLATA 🎊 @ScotiabankPE, quién se une a la 30° edición de #CADEUniversitario, el encuentro de jóvenes líderes más importante del país, y se suma a nuestro compromiso de construir un Perú más desarrollado.

Conoce más aquí 👉…",0,1,1,0,411
2025-07-12 14:18:11,ScotiabankPE,Jun 6,"#BrandedContent.  La alta dirección de @ScotiabankPE, liderada por su CEO global, llegó a Perú y sostuvo reuniones con clientes estratégicos y reafirmó la importancia del mercado peruano en su operación internacional.
semanaeconomica.com/economia-finan…",1,1,2,0,947
2025-07-12 14:18:11,ScotiabankPE,May 26,"#BrandedContent.  La alta dirección de @ScotiabankPE, liderada por su CEO global, llegó a Perú y sostuvo reuniones con clientes estratégicos y reafirmó la importancia del mercado peruano en su operación internacional.
semanaeconomica.com/economia-finan…",1,1,2,1,1.0K
2025-07-12 14:18:11,ScotiabankPE,May 22,"#BrandedContent.  La alta dirección de @ScotiabankPE, liderada por su CEO global, llegó a Perú y sostuvo reuniones con clientes estratégicos y reafirmó la importancia del mercado peruano en su operación internacional. 

Conoce más: acortar.link/oCt094",1,1,3,0,1.0K
2025-07-12 14:18:11,ScotiabankPE,Apr 28,"#NotaInformativa | Buscando fortalecer la inversión privada y dinamizar el crecimiento económico, 📈 el ministro @Jose_SalardiR, junto con el director de Sistema Financiero y Mercado de Capitales de la Dirección General de Mercados Financieros y Previsional Privado, Óscar Orcón,…",1,2,5,1,1.0K
2025-07-12 14:18:11,ScotiabankPE,Mar 26,"#BrandedContent. @ScotiabankPE ha sido reconocido por segundo año consecutivo como líder de Banca Privada en Perú por Global Finance.
semanaeconomica.com/economia-finan…",8,1,0,0,2.0K
2025-07-12 14:18:11,ScotiabankPE,Mar 12,"#BrandedContent. @ScotiabankPE ha sido reconocido por segundo año consecutivo como líder de Banca Privada en Perú por Global Finance.

semanaeconomica.com/economia-finan…",4,2,0,0,2.0K
2025-07-12 14:18:11,ScotiabankPE,Mar 7,"#BrandedContent. @ScotiabankPE ha sido reconocido por segundo año consecutivo como líder de Banca Privada en Perú por Global Finance. Tras el reconocimiento, Patricia Martinez, Head de banca privada en Scotiabank, explica las acciones realizadas para lograr el reconocimiento, así…",6,1,1,0,1.0K
2025-07-12 14:18:11,ScotiabankPE,Mar 7,En Scotiabank te reconocemos tus logros y nos comprometemos a seguir trabajando por la equidad todos los días del año. #8MTodosLosDías. 💜 #8MTODOSLOSDÍAS,14,1,6,0,2.0K
2025-07-12 14:18:11,ScotiabankPE,Oct 16,"#BrandedContent. @ScotiabankPE presentó oficialmente a Sebastián Arcuri como su nuevo CEO, y junto a su CEO Global y Head of International Banking, reforzó su compromiso con sus clientes y el desarrollo del país.

Conoce más: acortar.link/Cg9UF1",19,2,11,1,7.0K
2025-07-12 14:18:11,ScotiabankPE,Sep 10,"Conoce nuestro proyecto en Punchan, Iquitos, Perú🇵🇪, con @scotiabankPE y @WorldVisionPeru, enfocado en mejorar la educación infantil con tecnología, fortalecer el rol familiar con ternura y el apoyo de proyectos juveniles.",2,4,26,1,6.0K
2025-07-12 14:18:11,ScotiabankPE,Aug 29,"Conoce nuestro proyecto en Punchana, Iquitos, Perú🇵🇪, con @ScotiabankPE y @WorldVisionPeru, enfocado en mejorar la educación infantil con tecnología, fortalecer el rol familiar con ternura y el apoyo de proyectos juveniles.",0,4,23,0,5.0K
2025-07-12 14:18:11,ScotiabankPE,Aug 8,Scotiabank lanza Fondo de Impacto Social ScotiaRISE en Perú ⏩n9.cl/bsrmz,6,1,2,0,4.0K
2025-07-12 14:18:11,ScotiabankPE,"Jun 18, 2024","Desde el 2022, hemos implementado el proyecto ""Inclusión Educativa para la Vida"" en Loreto, uno de los departamentos con mayor pobreza monetaria. Esta iniciativa, en alianza con @ScotiabankPE y @FundacioFCB, tiene como objetivo mejorar la calidad educativa de las niñas y niños.",5,1,3,0,5.0K
2025-07-12 14:18:11,ScotiabankPE,"Jun 13, 2024","En nuestro compromiso con el bienestar de la niñez, desde el 2022 implementamos el proyecto ""Inclusión Educativa para la Vida"" con el apoyo de @ScotiabankPE y la @FCBarcelona, para brindar acceso a una educación de calidad a las niñas y niños. 

#Scotiabank #FundacionBarcelona",2,6,9,0,4.0K
2025-07-12 14:18:11,ScotiabankPE,"Jun 14, 2024","Somos y seremos sus más grandes hinchas. ⚽️Etiquétalo y dile por qué lo eres. ❤️

#ScotiabankPerú #HablemosEnSerio #DíaDelPadre",18,0,4,0,4.0K
2025-07-12 14:18:11,ScotiabankPE,"May 10, 2024","El mejor regalo para mamá es reconocerla. 🤗  Etiquétala y coméntale por qué lo está haciendo bien.
#HablemosEnSerio #ScotiabankPerú #FelizDíaMamá",14,0,3,0,4.0K
2025-07-12 15:19:58,ScotiabankPE,Jul 10,"#EntrevistaSE. El CFO de @ScotiabankPE, Marcelo Rodríguez, cuenta que la reciente emisión por US$400 millones busca transmitir un mensaje de permanencia de largo plazo en el Perú.

Por @cabecitaterri.
semanaeconomica.com/economia-finan…",0,2,2,0,480
2025-07-12 15:19:58,ScotiabankPE,Jun 27,".@ScotiabankPE captó US$400 millones en emisión internacional de bonos subordinados. 

semanaeconomica.com/que-esta-pasan…",3,1,1,0,832
2025-07-12 15:19:58,ScotiabankPE,Jun 24,".@ScotiabankPE lanza roadshow internacional previo a nueva emisión de bonos por US$1,000 millones. Scotiabank contrató a @GoldmanSachs y Scotia Capital para presentar la operación ante inversionistas institucionales.
semanaeconomica.com/que-esta-pasan…",0,1,0,0,836
2025-07-12 15:19:58,ScotiabankPE,Jun 20,"Agradecemos a nuestro auspiciador PLATA 🎊 @ScotiabankPE, quién se une a la 30° edición de #CADEUniversitario, el encuentro de jóvenes líderes más importante del país, y se suma a nuestro compromiso de construir un Perú más desarrollado.

Conoce más aquí 👉…",0,1,1,0,412
2025-07-12 15:19:58,ScotiabankPE,Jun 6,"#BrandedContent.  La alta dirección de @ScotiabankPE, liderada por su CEO global, llegó a Perú y sostuvo reuniones con clientes estratégicos y reafirmó la importancia del mercado peruano en su operación internacional.
semanaeconomica.com/economia-finan…",1,1,2,0,948
2025-07-12 15:19:58,ScotiabankPE,May 26,"#BrandedContent.  La alta dirección de @ScotiabankPE, liderada por su CEO global, llegó a Perú y sostuvo reuniones con clientes estratégicos y reafirmó la importancia del mercado peruano en su operación internacional.
semanaeconomica.com/economia-finan…",1,1,2,1,1.0K
2025-07-12 15:19:58,ScotiabankPE,May 22,"#BrandedContent.  La alta dirección de @ScotiabankPE, liderada por su CEO global, llegó a Perú y sostuvo reuniones con clientes estratégicos y reafirmó la importancia del mercado peruano en su operación internacional. 

Conoce más: acortar.link/oCt094",1,1,3,0,1.0K
2025-07-12 15:19:58,ScotiabankPE,Apr 28,"#NotaInformativa | Buscando fortalecer la inversión privada y dinamizar el crecimiento económico, 📈 el ministro @Jose_SalardiR, junto con el director de Sistema Financiero y Mercado de Capitales de la Dirección General de Mercados Financieros y Previsional Privado, Óscar Orcón,…",1,2,5,1,1.0K
2025-07-12 15:19:58,ScotiabankPE,Mar 26,"#BrandedContent. @ScotiabankPE ha sido reconocido por segundo año consecutivo como líder de Banca Privada en Perú por Global Finance.
semanaeconomica.com/economia-finan…",8,1,0,0,2.0K
2025-07-12 15:19:58,ScotiabankPE,Mar 12,"#BrandedContent. @ScotiabankPE ha sido reconocido por segundo año consecutivo como líder de Banca Privada en Perú por Global Finance.

semanaeconomica.com/economia-finan…",4,2,0,0,2.0K
2025-07-12 15:19:58,ScotiabankPE,Mar 7,"#BrandedContent. @ScotiabankPE ha sido reconocido por segundo año consecutivo como líder de Banca Privada en Perú por Global Finance. Tras el reconocimiento, Patricia Martinez, Head de banca privada en Scotiabank, explica las acciones realizadas para lograr el reconocimiento, así…",6,1,1,0,1.0K
2025-07-12 15:19:58,ScotiabankPE,Mar 7,En Scotiabank te reconocemos tus logros y nos comprometemos a seguir trabajando por la equidad todos los días del año. #8MTodosLosDías. 💜 #8MTODOSLOSDÍAS,14,1,6,0,2.0K
2025-07-12 15:19:58,ScotiabankPE,Oct 16,"#BrandedContent. @ScotiabankPE presentó oficialmente a Sebastián Arcuri como su nuevo CEO, y junto a su CEO Global y Head of International Banking, reforzó su compromiso con sus clientes y el desarrollo del país.

Conoce más: acortar.link/Cg9UF1",19,2,11,1,7.0K
2025-07-12 15:19:58,ScotiabankPE,Sep 10,"Conoce nuestro proyecto en Punchan, Iquitos, Perú🇵🇪, con @scotiabankPE y @WorldVisionPeru, enfocado en mejorar la educación infantil con tecnología, fortalecer el rol familiar con ternura y el apoyo de proyectos juveniles.",2,4,26,1,6.0K
2025-07-12 15:19:58,ScotiabankPE,Aug 29,"Conoce nuestro proyecto en Punchana, Iquitos, Perú🇵🇪, con @ScotiabankPE y @WorldVisionPeru, enfocado en mejorar la educación infantil con tecnología, fortalecer el rol familiar con ternura y el apoyo de proyectos juveniles.",0,4,23,0,5.0K
2025-07-12 15:19:58,ScotiabankPE,Aug 8,Scotiabank lanza Fondo de Impacto Social ScotiaRISE en Perú ⏩n9.cl/bsrmz,6,1,2,0,4.0K
2025-07-12 15:19:58,ScotiabankPE,"Jun 18, 2024","Desde el 2022, hemos implementado el proyecto ""Inclusión Educativa para la Vida"" en Loreto, uno de los departamentos con mayor pobreza monetaria. Esta iniciativa, en alianza con @ScotiabankPE y @FundacioFCB, tiene como objetivo mejorar la calidad educativa de las niñas y niños.",5,1,3,0,5.0K
2025-07-12 15:19:58,ScotiabankPE,"Jun 13, 2024","En nuestro compromiso con el bienestar de la niñez, desde el 2022 implementamos el proyecto ""Inclusión Educativa para la Vida"" con el apoyo de @ScotiabankPE y la @FCBarcelona, para brindar acceso a una educación de calidad a las niñas y niños. 

#Scotiabank #FundacionBarcelona",2,6,9,0,4.0K
2025-07-12 15:19:58,ScotiabankPE,"Jun 14, 2024","Somos y seremos sus más grandes hinchas. ⚽️Etiquétalo y dile por qué lo eres. ❤️

#ScotiabankPerú #HablemosEnSerio #DíaDelPadre",18,0,4,0,4.0K
2025-07-12 15:19:58,ScotiabankPE,"May 10, 2024","El mejor regalo para mamá es reconocerla. 🤗  Etiquétala y coméntale por qué lo está haciendo bien.
#HablemosEnSerio #ScotiabankPerú #FelizDíaMamá",14,0,3,0,4.0K
2025-07-12 16:23:43,ScotiabankPE,Jul 10,"#EntrevistaSE. El CFO de @ScotiabankPE, Marcelo Rodríguez, cuenta que la reciente emisión por US$400 millones busca transmitir un mensaje de permanencia de largo plazo en el Perú.

Por @cabecitaterri.
semanaeconomica.com/economia-finan…",0,2,2,0,490
2025-07-12 16:23:43,ScotiabankPE,Jun 27,".@ScotiabankPE captó US$400 millones en emisión internacional de bonos subordinados. 

semanaeconomica.com/que-esta-pasan…",3,1,1,0,840
2025-07-12 16:23:43,ScotiabankPE,Jun 24,".@ScotiabankPE lanza roadshow internacional previo a nueva emisión de bonos por US$1,000 millones. Scotiabank contrató a @GoldmanSachs y Scotia Capital para presentar la operación ante inversionistas institucionales.
semanaeconomica.com/que-esta-pasan…",0,1,0,0,841
2025-07-12 16:23:43,ScotiabankPE,Jun 20,"Agradecemos a nuestro auspiciador PLATA 🎊 @ScotiabankPE, quién se une a la 30° edición de #CADEUniversitario, el encuentro de jóvenes líderes más importante del país, y se suma a nuestro compromiso de construir un Perú más desarrollado.

Conoce más aquí 👉…",0,1,1,0,415
2025-07-12 16:23:43,ScotiabankPE,Jun 6,"#BrandedContent.  La alta dirección de @ScotiabankPE, liderada por su CEO global, llegó a Perú y sostuvo reuniones con clientes estratégicos y reafirmó la importancia del mercado peruano en su operación internacional.
semanaeconomica.com/economia-finan…",1,1,2,0,950
2025-07-12 16:23:43,ScotiabankPE,May 26,"#BrandedContent.  La alta dirección de @ScotiabankPE, liderada por su CEO global, llegó a Perú y sostuvo reuniones con clientes estratégicos y reafirmó la importancia del mercado peruano en su operación internacional.
semanaeconomica.com/economia-finan…",1,1,2,1,1.0K
2025-07-12 16:23:43,ScotiabankPE,May 22,"#BrandedContent.  La alta dirección de @ScotiabankPE, liderada por su CEO global, llegó a Perú y sostuvo reuniones con clientes estratégicos y reafirmó la importancia del mercado peruano en su operación internacional. 

Conoce más: acortar.link/oCt094",1,1,3,0,1.0K
2025-07-12 16:23:43,ScotiabankPE,Apr 28,"#NotaInformativa | Buscando fortalecer la inversión privada y dinamizar el crecimiento económico, 📈 el ministro @Jose_SalardiR, junto con el director de Sistema Financiero y Mercado de Capitales de la Dirección General de Mercados Financieros y Previsional Privado, Óscar Orcón,…",1,2,5,1,1.0K
2025-07-12 16:23:43,ScotiabankPE,Mar 26,"#BrandedContent. @ScotiabankPE ha sido reconocido por segundo año consecutivo como líder de Banca Privada en Perú por Global Finance.
semanaeconomica.com/economia-finan…",8,1,0,0,2.0K
2025-07-12 16:23:43,ScotiabankPE,Mar 12,"#BrandedContent. @ScotiabankPE ha sido reconocido por segundo año consecutivo como líder de Banca Privada en Perú por Global Finance.

semanaeconomica.com/economia-finan…",4,2,0,0,2.0K
2025-07-12 16:23:43,ScotiabankPE,Mar 7,"#BrandedContent. @ScotiabankPE ha sido reconocido por segundo año consecutivo como líder de Banca Privada en Perú por Global Finance. Tras el reconocimiento, Patricia Martinez, Head de banca privada en Scotiabank, explica las acciones realizadas para lograr el reconocimiento, así…",6,1,1,0,1.0K
2025-07-12 16:23:43,ScotiabankPE,Mar 7,En Scotiabank te reconocemos tus logros y nos comprometemos a seguir trabajando por la equidad todos los días del año. #8MTodosLosDías. 💜 #8MTODOSLOSDÍAS,14,1,6,0,2.0K
2025-07-12 16:23:43,ScotiabankPE,Oct 16,"#BrandedContent. @ScotiabankPE presentó oficialmente a Sebastián Arcuri como su nuevo CEO, y junto a su CEO Global y Head of International Banking, reforzó su compromiso con sus clientes y el desarrollo del país.

Conoce más: acortar.link/Cg9UF1",19,2,11,1,7.0K
2025-07-12 16:23:43,ScotiabankPE,Sep 10,"Conoce nuestro proyecto en Punchan, Iquitos, Perú🇵🇪, con @scotiabankPE y @WorldVisionPeru, enfocado en mejorar la educación infantil con tecnología, fortalecer el rol familiar con ternura y el apoyo de proyectos juveniles.",2,4,26,1,6.0K
2025-07-12 16:23:43,ScotiabankPE,Aug 29,"Conoce nuestro proyecto en Punchana, Iquitos, Perú🇵🇪, con @ScotiabankPE y @WorldVisionPeru, enfocado en mejorar la educación infantil con tecnología, fortalecer el rol familiar con ternura y el apoyo de proyectos juveniles.",0,4,23,0,5.0K
2025-07-12 16:23:43,ScotiabankPE,Aug 8,Scotiabank lanza Fondo de Impacto Social ScotiaRISE en Perú ⏩n9.cl/bsrmz,6,1,2,0,4.0K
2025-07-12 16:23:43,ScotiabankPE,"Jun 18, 2024","Desde el 2022, hemos implementado el proyecto ""Inclusión Educativa para la Vida"" en Loreto, uno de los departamentos con mayor pobreza monetaria. Esta iniciativa, en alianza con @ScotiabankPE y @FundacioFCB, tiene como objetivo mejorar la calidad educativa de las niñas y niños.",5,1,3,0,5.0K
2025-07-12 16:23:43,ScotiabankPE,"Jun 13, 2024","En nuestro compromiso con el bienestar de la niñez, desde el 2022 implementamos el proyecto ""Inclusión Educativa para la Vida"" con el apoyo de @ScotiabankPE y la @FCBarcelona, para brindar acceso a una educación de calidad a las niñas y niños. 

#Scotiabank #FundacionBarcelona",2,6,9,0,4.0K
2025-07-12 16:23:43,ScotiabankPE,"Jun 14, 2024","Somos y seremos sus más grandes hinchas. ⚽️Etiquétalo y dile por qué lo eres. ❤️

#ScotiabankPerú #HablemosEnSerio #DíaDelPadre",18,0,4,0,4.0K
2025-07-12 16:23:43,ScotiabankPE,"May 10, 2024","El mejor regalo para mamá es reconocerla. 🤗  Etiquétala y coméntale por qué lo está haciendo bien.
#HablemosEnSerio #ScotiabankPerú #FelizDíaMamá",14,0,3,0,4.0K
2025-07-12 17:17:10,ScotiabankPE,Jul 10,"#EntrevistaSE. El CFO de @ScotiabankPE, Marcelo Rodríguez, cuenta que la reciente emisión por US$400 millones busca transmitir un mensaje de permanencia de largo plazo en el Perú.

Por @cabecitaterri.
semanaeconomica.com/economia-finan…",0,2,2,0,491
2025-07-12 17:17:10,ScotiabankPE,Jun 27,".@ScotiabankPE captó US$400 millones en emisión internacional de bonos subordinados. 

semanaeconomica.com/que-esta-pasan…",3,1,1,0,840
2025-07-12 17:17:10,ScotiabankPE,Jun 24,".@ScotiabankPE lanza roadshow internacional previo a nueva emisión de bonos por US$1,000 millones. Scotiabank contrató a @GoldmanSachs y Scotia Capital para presentar la operación ante inversionistas institucionales.
semanaeconomica.com/que-esta-pasan…",0,1,0,0,841
2025-07-12 17:17:10,ScotiabankPE,Jun 20,"Agradecemos a nuestro auspiciador PLATA 🎊 @ScotiabankPE, quién se une a la 30° edición de #CADEUniversitario, el encuentro de jóvenes líderes más importante del país, y se suma a nuestro compromiso de construir un Perú más desarrollado.

Conoce más aquí 👉…",0,1,1,0,415
2025-07-12 17:17:10,ScotiabankPE,Jun 6,"#BrandedContent.  La alta dirección de @ScotiabankPE, liderada por su CEO global, llegó a Perú y sostuvo reuniones con clientes estratégicos y reafirmó la importancia del mercado peruano en su operación internacional.
semanaeconomica.com/economia-finan…",1,1,2,0,950
2025-07-12 17:17:10,ScotiabankPE,May 26,"#BrandedContent.  La alta dirección de @ScotiabankPE, liderada por su CEO global, llegó a Perú y sostuvo reuniones con clientes estratégicos y reafirmó la importancia del mercado peruano en su operación internacional.
semanaeconomica.com/economia-finan…",1,1,2,1,1.0K
2025-07-12 17:17:10,ScotiabankPE,May 22,"#BrandedContent.  La alta dirección de @ScotiabankPE, liderada por su CEO global, llegó a Perú y sostuvo reuniones con clientes estratégicos y reafirmó la importancia del mercado peruano en su operación internacional. 

Conoce más: acortar.link/oCt094",1,1,3,0,1.0K
2025-07-12 17:17:10,ScotiabankPE,Apr 28,"#NotaInformativa | Buscando fortalecer la inversión privada y dinamizar el crecimiento económico, 📈 el ministro @Jose_SalardiR, junto con el director de Sistema Financiero y Mercado de Capitales de la Dirección General de Mercados Financieros y Previsional Privado, Óscar Orcón,…",1,2,5,1,1.0K
2025-07-12 17:17:10,ScotiabankPE,Mar 26,"#BrandedContent. @ScotiabankPE ha sido reconocido por segundo año consecutivo como líder de Banca Privada en Perú por Global Finance.
semanaeconomica.com/economia-finan…",8,1,0,0,2.0K
2025-07-12 17:17:10,ScotiabankPE,Mar 12,"#BrandedContent. @ScotiabankPE ha sido reconocido por segundo año consecutivo como líder de Banca Privada en Perú por Global Finance.

semanaeconomica.com/economia-finan…",4,2,0,0,2.0K
2025-07-12 17:17:10,ScotiabankPE,Mar 7,"#BrandedContent. @ScotiabankPE ha sido reconocido por segundo año consecutivo como líder de Banca Privada en Perú por Global Finance. Tras el reconocimiento, Patricia Martinez, Head de banca privada en Scotiabank, explica las acciones realizadas para lograr el reconocimiento, así…",6,1,1,0,1.0K
2025-07-12 17:17:10,ScotiabankPE,Mar 7,En Scotiabank te reconocemos tus logros y nos comprometemos a seguir trabajando por la equidad todos los días del año. #8MTodosLosDías. 💜 #8MTODOSLOSDÍAS,14,1,6,0,2.0K
2025-07-12 17:17:10,ScotiabankPE,Oct 16,"#BrandedContent. @ScotiabankPE presentó oficialmente a Sebastián Arcuri como su nuevo CEO, y junto a su CEO Global y Head of International Banking, reforzó su compromiso con sus clientes y el desarrollo del país.

Conoce más: acortar.link/Cg9UF1",19,2,11,1,7.0K
2025-07-12 17:17:10,ScotiabankPE,Sep 10,"Conoce nuestro proyecto en Punchan, Iquitos, Perú🇵🇪, con @scotiabankPE y @WorldVisionPeru, enfocado en mejorar la educación infantil con tecnología, fortalecer el rol familiar con ternura y el apoyo de proyectos juveniles.",2,4,26,1,6.0K
2025-07-12 17:17:10,ScotiabankPE,Aug 29,"Conoce nuestro proyecto en Punchana, Iquitos, Perú🇵🇪, con @ScotiabankPE y @WorldVisionPeru, enfocado en mejorar la educación infantil con tecnología, fortalecer el rol familiar con ternura y el apoyo de proyectos juveniles.",0,4,23,0,5.0K
2025-07-12 17:17:10,ScotiabankPE,Aug 8,Scotiabank lanza Fondo de Impacto Social ScotiaRISE en Perú ⏩n9.cl/bsrmz,6,1,2,0,4.0K
2025-07-12 17:17:10,ScotiabankPE,"Jun 18, 2024","Desde el 2022, hemos implementado el proyecto ""Inclusión Educativa para la Vida"" en Loreto, uno de los departamentos con mayor pobreza monetaria. Esta iniciativa, en alianza con @ScotiabankPE y @FundacioFCB, tiene como objetivo mejorar la calidad educativa de las niñas y niños.",5,1,3,0,5.0K
2025-07-12 17:17:10,ScotiabankPE,"Jun 13, 2024","En nuestro compromiso con el bienestar de la niñez, desde el 2022 implementamos el proyecto ""Inclusión Educativa para la Vida"" con el apoyo de @ScotiabankPE y la @FCBarcelona, para brindar acceso a una educación de calidad a las niñas y niños. 

#Scotiabank #FundacionBarcelona",2,6,9,0,4.0K
2025-07-12 17:17:10,ScotiabankPE,"Jun 14, 2024","Somos y seremos sus más grandes hinchas. ⚽️Etiquétalo y dile por qué lo eres. ❤️

#ScotiabankPerú #HablemosEnSerio #DíaDelPadre",18,0,4,0,4.0K
2025-07-12 17:17:10,ScotiabankPE,"May 10, 2024","El mejor regalo para mamá es reconocerla. 🤗  Etiquétala y coméntale por qué lo está haciendo bien.
#HablemosEnSerio #ScotiabankPerú #FelizDíaMamá",14,0,3,0,4.0K
2025-07-12 18:27:18,ScotiabankPE,Jul 10,"#EntrevistaSE. El CFO de @ScotiabankPE, Marcelo Rodríguez, cuenta que la reciente emisión por US$400 millones busca transmitir un mensaje de permanencia de largo plazo en el Perú.

Por @cabecitaterri.
semanaeconomica.com/economia-finan…",0,2,2,0,491
2025-07-12 18:27:18,ScotiabankPE,Jun 27,".@ScotiabankPE captó US$400 millones en emisión internacional de bonos subordinados. 

semanaeconomica.com/que-esta-pasan…",3,1,1,0,840
2025-07-12 18:27:18,ScotiabankPE,Jun 24,".@ScotiabankPE lanza roadshow internacional previo a nueva emisión de bonos por US$1,000 millones. Scotiabank contrató a @GoldmanSachs y Scotia Capital para presentar la operación ante inversionistas institucionales.
semanaeconomica.com/que-esta-pasan…",0,1,0,0,841
2025-07-12 18:27:18,ScotiabankPE,Jun 20,"Agradecemos a nuestro auspiciador PLATA 🎊 @ScotiabankPE, quién se une a la 30° edición de #CADEUniversitario, el encuentro de jóvenes líderes más importante del país, y se suma a nuestro compromiso de construir un Perú más desarrollado.

Conoce más aquí 👉…",0,1,1,0,415
2025-07-12 18:27:18,ScotiabankPE,Jun 6,"#BrandedContent.  La alta dirección de @ScotiabankPE, liderada por su CEO global, llegó a Perú y sostuvo reuniones con clientes estratégicos y reafirmó la importancia del mercado peruano en su operación internacional.
semanaeconomica.com/economia-finan…",1,1,2,0,950
2025-07-12 18:27:18,ScotiabankPE,May 26,"#BrandedContent.  La alta dirección de @ScotiabankPE, liderada por su CEO global, llegó a Perú y sostuvo reuniones con clientes estratégicos y reafirmó la importancia del mercado peruano en su operación internacional.
semanaeconomica.com/economia-finan…",1,1,2,1,1.0K
2025-07-12 18:27:18,ScotiabankPE,May 22,"#BrandedContent.  La alta dirección de @ScotiabankPE, liderada por su CEO global, llegó a Perú y sostuvo reuniones con clientes estratégicos y reafirmó la importancia del mercado peruano en su operación internacional. 

Conoce más: acortar.link/oCt094",1,1,3,0,1.0K
2025-07-12 18:27:18,ScotiabankPE,Apr 28,"#NotaInformativa | Buscando fortalecer la inversión privada y dinamizar el crecimiento económico, 📈 el ministro @Jose_SalardiR, junto con el director de Sistema Financiero y Mercado de Capitales de la Dirección General de Mercados Financieros y Previsional Privado, Óscar Orcón,…",1,2,5,1,1.0K
2025-07-12 18:27:18,ScotiabankPE,Mar 26,"#BrandedContent. @ScotiabankPE ha sido reconocido por segundo año consecutivo como líder de Banca Privada en Perú por Global Finance.
semanaeconomica.com/economia-finan…",8,1,0,0,2.0K
2025-07-12 18:27:18,ScotiabankPE,Mar 12,"#BrandedContent. @ScotiabankPE ha sido reconocido por segundo año consecutivo como líder de Banca Privada en Perú por Global Finance.

semanaeconomica.com/economia-finan…",4,2,0,0,2.0K
2025-07-12 18:27:18,ScotiabankPE,Mar 7,"#BrandedContent. @ScotiabankPE ha sido reconocido por segundo año consecutivo como líder de Banca Privada en Perú por Global Finance. Tras el reconocimiento, Patricia Martinez, Head de banca privada en Scotiabank, explica las acciones realizadas para lograr el reconocimiento, así…",6,1,1,0,1.0K
2025-07-12 18:27:18,ScotiabankPE,Mar 7,En Scotiabank te reconocemos tus logros y nos comprometemos a seguir trabajando por la equidad todos los días del año. #8MTodosLosDías. 💜 #8MTODOSLOSDÍAS,14,1,6,0,2.0K
2025-07-12 18:27:18,ScotiabankPE,Oct 16,"#BrandedContent. @ScotiabankPE presentó oficialmente a Sebastián Arcuri como su nuevo CEO, y junto a su CEO Global y Head of International Banking, reforzó su compromiso con sus clientes y el desarrollo del país.

Conoce más: acortar.link/Cg9UF1",19,2,11,1,7.0K
2025-07-12 18:27:18,ScotiabankPE,Sep 10,"Conoce nuestro proyecto en Punchan, Iquitos, Perú🇵🇪, con @scotiabankPE y @WorldVisionPeru, enfocado en mejorar la educación infantil con tecnología, fortalecer el rol familiar con ternura y el apoyo de proyectos juveniles.",2,4,26,1,6.0K
2025-07-12 18:27:18,ScotiabankPE,Aug 29,"Conoce nuestro proyecto en Punchana, Iquitos, Perú🇵🇪, con @ScotiabankPE y @WorldVisionPeru, enfocado en mejorar la educación infantil con tecnología, fortalecer el rol familiar con ternura y el apoyo de proyectos juveniles.",0,4,23,0,5.0K
2025-07-12 18:27:18,ScotiabankPE,Aug 8,Scotiabank lanza Fondo de Impacto Social ScotiaRISE en Perú ⏩n9.cl/bsrmz,6,1,2,0,4.0K
2025-07-12 18:27:18,ScotiabankPE,"Jun 18, 2024","Desde el 2022, hemos implementado el proyecto ""Inclusión Educativa para la Vida"" en Loreto, uno de los departamentos con mayor pobreza monetaria. Esta iniciativa, en alianza con @ScotiabankPE y @FundacioFCB, tiene como objetivo mejorar la calidad educativa de las niñas y niños.",5,1,3,0,5.0K
2025-07-12 18:27:18,ScotiabankPE,"Jun 13, 2024","En nuestro compromiso con el bienestar de la niñez, desde el 2022 implementamos el proyecto ""Inclusión Educativa para la Vida"" con el apoyo de @ScotiabankPE y la @FCBarcelona, para brindar acceso a una educación de calidad a las niñas y niños. 

#Scotiabank #FundacionBarcelona",2,6,9,0,4.0K
2025-07-12 18:27:18,ScotiabankPE,"Jun 14, 2024","Somos y seremos sus más grandes hinchas. ⚽️Etiquétalo y dile por qué lo eres. ❤️

#ScotiabankPerú #HablemosEnSerio #DíaDelPadre",18,0,4,0,4.0K
2025-07-12 18:27:18,ScotiabankPE,"May 10, 2024","El mejor regalo para mamá es reconocerla. 🤗  Etiquétala y coméntale por qué lo está haciendo bien.
#HablemosEnSerio #ScotiabankPerú #FelizDíaMamá",14,0,3,0,4.0K
2025-07-12 19:15:45,ScotiabankPE,Jul 10,"#EntrevistaSE. El CFO de @ScotiabankPE, Marcelo Rodríguez, cuenta que la reciente emisión por US$400 millones busca transmitir un mensaje de permanencia de largo plazo en el Perú.

Por @cabecitaterri.
semanaeconomica.com/economia-finan…",0,2,2,0,491
2025-07-12 19:15:45,ScotiabankPE,Jun 27,".@ScotiabankPE captó US$400 millones en emisión internacional de bonos subordinados. 

semanaeconomica.com/que-esta-pasan…",3,1,1,0,840
2025-07-12 19:15:45,ScotiabankPE,Jun 24,".@ScotiabankPE lanza roadshow internacional previo a nueva emisión de bonos por US$1,000 millones. Scotiabank contrató a @GoldmanSachs y Scotia Capital para presentar la operación ante inversionistas institucionales.
semanaeconomica.com/que-esta-pasan…",0,1,0,0,841
2025-07-12 19:15:45,ScotiabankPE,Jun 20,"Agradecemos a nuestro auspiciador PLATA 🎊 @ScotiabankPE, quién se une a la 30° edición de #CADEUniversitario, el encuentro de jóvenes líderes más importante del país, y se suma a nuestro compromiso de construir un Perú más desarrollado.

Conoce más aquí 👉…",0,1,1,0,415
2025-07-12 19:15:45,ScotiabankPE,Jun 6,"#BrandedContent.  La alta dirección de @ScotiabankPE, liderada por su CEO global, llegó a Perú y sostuvo reuniones con clientes estratégicos y reafirmó la importancia del mercado peruano en su operación internacional.
semanaeconomica.com/economia-finan…",1,1,2,0,950
2025-07-12 19:15:45,ScotiabankPE,May 26,"#BrandedContent.  La alta dirección de @ScotiabankPE, liderada por su CEO global, llegó a Perú y sostuvo reuniones con clientes estratégicos y reafirmó la importancia del mercado peruano en su operación internacional.
semanaeconomica.com/economia-finan…",1,1,2,1,1.0K
2025-07-12 19:15:45,ScotiabankPE,May 22,"#BrandedContent.  La alta dirección de @ScotiabankPE, liderada por su CEO global, llegó a Perú y sostuvo reuniones con clientes estratégicos y reafirmó la importancia del mercado peruano en su operación internacional. 

Conoce más: acortar.link/oCt094",1,1,3,0,1.0K
2025-07-12 19:15:45,ScotiabankPE,Apr 28,"#NotaInformativa | Buscando fortalecer la inversión privada y dinamizar el crecimiento económico, 📈 el ministro @Jose_SalardiR, junto con el director de Sistema Financiero y Mercado de Capitales de la Dirección General de Mercados Financieros y Previsional Privado, Óscar Orcón,…",1,2,5,1,1.0K
2025-07-12 19:15:45,ScotiabankPE,Mar 26,"#BrandedContent. @ScotiabankPE ha sido reconocido por segundo año consecutivo como líder de Banca Privada en Perú por Global Finance.
semanaeconomica.com/economia-finan…",8,1,0,0,2.0K
2025-07-12 19:15:45,ScotiabankPE,Mar 12,"#BrandedContent. @ScotiabankPE ha sido reconocido por segundo año consecutivo como líder de Banca Privada en Perú por Global Finance.

semanaeconomica.com/economia-finan…",4,2,0,0,2.0K
2025-07-12 19:15:45,ScotiabankPE,Mar 7,"#BrandedContent. @ScotiabankPE ha sido reconocido por segundo año consecutivo como líder de Banca Privada en Perú por Global Finance. Tras el reconocimiento, Patricia Martinez, Head de banca privada en Scotiabank, explica las acciones realizadas para lograr el reconocimiento, así…",6,1,1,0,1.0K
2025-07-12 19:15:45,ScotiabankPE,Mar 7,En Scotiabank te reconocemos tus logros y nos comprometemos a seguir trabajando por la equidad todos los días del año. #8MTodosLosDías. 💜 #8MTODOSLOSDÍAS,14,1,6,0,2.0K
2025-07-12 19:15:45,ScotiabankPE,Oct 16,"#BrandedContent. @ScotiabankPE presentó oficialmente a Sebastián Arcuri como su nuevo CEO, y junto a su CEO Global y Head of International Banking, reforzó su compromiso con sus clientes y el desarrollo del país.

Conoce más: acortar.link/Cg9UF1",19,2,11,1,7.0K
2025-07-12 19:15:45,ScotiabankPE,Sep 10,"Conoce nuestro proyecto en Punchan, Iquitos, Perú🇵🇪, con @scotiabankPE y @WorldVisionPeru, enfocado en mejorar la educación infantil con tecnología, fortalecer el rol familiar con ternura y el apoyo de proyectos juveniles.",2,4,26,1,6.0K
2025-07-12 19:15:45,ScotiabankPE,Aug 29,"Conoce nuestro proyecto en Punchana, Iquitos, Perú🇵🇪, con @ScotiabankPE y @WorldVisionPeru, enfocado en mejorar la educación infantil con tecnología, fortalecer el rol familiar con ternura y el apoyo de proyectos juveniles.",0,4,23,0,5.0K
2025-07-12 19:15:45,ScotiabankPE,Aug 8,Scotiabank lanza Fondo de Impacto Social ScotiaRISE en Perú ⏩n9.cl/bsrmz,6,1,2,0,4.0K
2025-07-12 19:15:45,ScotiabankPE,"Jun 18, 2024","Desde el 2022, hemos implementado el proyecto ""Inclusión Educativa para la Vida"" en Loreto, uno de los departamentos con mayor pobreza monetaria. Esta iniciativa, en alianza con @ScotiabankPE y @FundacioFCB, tiene como objetivo mejorar la calidad educativa de las niñas y niños.",5,1,3,0,5.0K
2025-07-12 19:15:45,ScotiabankPE,"Jun 13, 2024","En nuestro compromiso con el bienestar de la niñez, desde el 2022 implementamos el proyecto ""Inclusión Educativa para la Vida"" con el apoyo de @ScotiabankPE y la @FCBarcelona, para brindar acceso a una educación de calidad a las niñas y niños. 

#Scotiabank #FundacionBarcelona",2,6,9,0,4.0K
2025-07-12 19:15:45,ScotiabankPE,"Jun 14, 2024","Somos y seremos sus más grandes hinchas. ⚽️Etiquétalo y dile por qué lo eres. ❤️

#ScotiabankPerú #HablemosEnSerio #DíaDelPadre",18,0,4,0,4.0K
2025-07-12 19:15:45,ScotiabankPE,"May 10, 2024","El mejor regalo para mamá es reconocerla. 🤗  Etiquétala y coméntale por qué lo está haciendo bien.
#HablemosEnSerio #ScotiabankPerú #FelizDíaMamá",14,0,3,0,4.0K
2025-07-12 20:21:13,ScotiabankPE,Jul 10,"#EntrevistaSE. El CFO de @ScotiabankPE, Marcelo Rodríguez, cuenta que la reciente emisión por US$400 millones busca transmitir un mensaje de permanencia de largo plazo en el Perú.

Por @cabecitaterri.
semanaeconomica.com/economia-finan…",0,2,2,0,500
2025-07-12 20:21:13,ScotiabankPE,Jun 27,".@ScotiabankPE captó US$400 millones en emisión internacional de bonos subordinados. 

semanaeconomica.com/que-esta-pasan…",3,1,1,0,843
2025-07-12 20:21:13,ScotiabankPE,Jun 24,".@ScotiabankPE lanza roadshow internacional previo a nueva emisión de bonos por US$1,000 millones. Scotiabank contrató a @GoldmanSachs y Scotia Capital para presentar la operación ante inversionistas institucionales.
semanaeconomica.com/que-esta-pasan…",0,1,0,0,845
2025-07-12 20:21:13,ScotiabankPE,Jun 20,"Agradecemos a nuestro auspiciador PLATA 🎊 @ScotiabankPE, quién se une a la 30° edición de #CADEUniversitario, el encuentro de jóvenes líderes más importante del país, y se suma a nuestro compromiso de construir un Perú más desarrollado.

Conoce más aquí 👉…",0,1,1,0,418
2025-07-12 20:21:13,ScotiabankPE,Jun 6,"#BrandedContent.  La alta dirección de @ScotiabankPE, liderada por su CEO global, llegó a Perú y sostuvo reuniones con clientes estratégicos y reafirmó la importancia del mercado peruano en su operación internacional.
semanaeconomica.com/economia-finan…",1,1,2,0,951
2025-07-12 20:21:13,ScotiabankPE,May 26,"#BrandedContent.  La alta dirección de @ScotiabankPE, liderada por su CEO global, llegó a Perú y sostuvo reuniones con clientes estratégicos y reafirmó la importancia del mercado peruano en su operación internacional.
semanaeconomica.com/economia-finan…",1,1,2,1,1.0K
2025-07-12 20:21:13,ScotiabankPE,May 22,"#BrandedContent.  La alta dirección de @ScotiabankPE, liderada por su CEO global, llegó a Perú y sostuvo reuniones con clientes estratégicos y reafirmó la importancia del mercado peruano en su operación internacional. 

Conoce más: acortar.link/oCt094",1,1,3,0,1.0K
2025-07-12 20:21:13,ScotiabankPE,Apr 28,"#NotaInformativa | Buscando fortalecer la inversión privada y dinamizar el crecimiento económico, 📈 el ministro @Jose_SalardiR, junto con el director de Sistema Financiero y Mercado de Capitales de la Dirección General de Mercados Financieros y Previsional Privado, Óscar Orcón,…",1,2,5,1,1.0K
2025-07-12 20:21:13,ScotiabankPE,Mar 26,"#BrandedContent. @ScotiabankPE ha sido reconocido por segundo año consecutivo como líder de Banca Privada en Perú por Global Finance.
semanaeconomica.com/economia-finan…",8,1,0,0,2.0K
2025-07-12 20:21:13,ScotiabankPE,Mar 12,"#BrandedContent. @ScotiabankPE ha sido reconocido por segundo año consecutivo como líder de Banca Privada en Perú por Global Finance.

semanaeconomica.com/economia-finan…",4,2,0,0,2.0K
2025-07-12 20:21:13,ScotiabankPE,Mar 7,"#BrandedContent. @ScotiabankPE ha sido reconocido por segundo año consecutivo como líder de Banca Privada en Perú por Global Finance. Tras el reconocimiento, Patricia Martinez, Head de banca privada en Scotiabank, explica las acciones realizadas para lograr el reconocimiento, así…",6,1,1,0,1.0K
2025-07-12 20:21:13,ScotiabankPE,Mar 7,En Scotiabank te reconocemos tus logros y nos comprometemos a seguir trabajando por la equidad todos los días del año. #8MTodosLosDías. 💜 #8MTODOSLOSDÍAS,14,1,6,0,2.0K
2025-07-12 20:21:13,ScotiabankPE,Oct 16,"#BrandedContent. @ScotiabankPE presentó oficialmente a Sebastián Arcuri como su nuevo CEO, y junto a su CEO Global y Head of International Banking, reforzó su compromiso con sus clientes y el desarrollo del país.

Conoce más: acortar.link/Cg9UF1",19,2,11,1,7.0K
2025-07-12 20:21:13,ScotiabankPE,Sep 10,"Conoce nuestro proyecto en Punchan, Iquitos, Perú🇵🇪, con @scotiabankPE y @WorldVisionPeru, enfocado en mejorar la educación infantil con tecnología, fortalecer el rol familiar con ternura y el apoyo de proyectos juveniles.",2,4,26,1,6.0K
2025-07-12 20:21:13,ScotiabankPE,Aug 29,"Conoce nuestro proyecto en Punchana, Iquitos, Perú🇵🇪, con @ScotiabankPE y @WorldVisionPeru, enfocado en mejorar la educación infantil con tecnología, fortalecer el rol familiar con ternura y el apoyo de proyectos juveniles.",0,4,23,0,5.0K
2025-07-12 20:21:13,ScotiabankPE,Aug 8,Scotiabank lanza Fondo de Impacto Social ScotiaRISE en Perú ⏩n9.cl/bsrmz,6,1,2,0,4.0K
2025-07-12 20:21:13,ScotiabankPE,"Jun 18, 2024","Desde el 2022, hemos implementado el proyecto ""Inclusión Educativa para la Vida"" en Loreto, uno de los departamentos con mayor pobreza monetaria. Esta iniciativa, en alianza con @ScotiabankPE y @FundacioFCB, tiene como objetivo mejorar la calidad educativa de las niñas y niños.",5,1,3,0,5.0K
2025-07-12 20:21:13,ScotiabankPE,"Jun 13, 2024","En nuestro compromiso con el bienestar de la niñez, desde el 2022 implementamos el proyecto ""Inclusión Educativa para la Vida"" con el apoyo de @ScotiabankPE y la @FCBarcelona, para brindar acceso a una educación de calidad a las niñas y niños. 

#Scotiabank #FundacionBarcelona",2,6,9,0,4.0K
2025-07-12 20:21:13,ScotiabankPE,"Jun 14, 2024","Somos y seremos sus más grandes hinchas. ⚽️Etiquétalo y dile por qué lo eres. ❤️

#ScotiabankPerú #HablemosEnSerio #DíaDelPadre",18,0,4,0,4.0K
2025-07-12 20:21:13,ScotiabankPE,"May 10, 2024","El mejor regalo para mamá es reconocerla. 🤗  Etiquétala y coméntale por qué lo está haciendo bien.
#HablemosEnSerio #ScotiabankPerú #FelizDíaMamá",14,0,3,0,4.0K
2025-07-12 22:19:14,ScotiabankPE,Jul 10,"#EntrevistaSE. El CFO de @ScotiabankPE, Marcelo Rodríguez, cuenta que la reciente emisión por US$400 millones busca transmitir un mensaje de permanencia de largo plazo en el Perú.

Por @cabecitaterri.
semanaeconomica.com/economia-finan…",0,2,2,0,503
2025-07-12 22:19:14,ScotiabankPE,Jun 27,".@ScotiabankPE captó US$400 millones en emisión internacional de bonos subordinados. 

semanaeconomica.com/que-esta-pasan…",3,1,1,0,844
2025-07-12 22:19:14,ScotiabankPE,Jun 24,".@ScotiabankPE lanza roadshow internacional previo a nueva emisión de bonos por US$1,000 millones. Scotiabank contrató a @GoldmanSachs y Scotia Capital para presentar la operación ante inversionistas institucionales.
semanaeconomica.com/que-esta-pasan…",0,1,0,0,846
2025-07-12 22:19:14,ScotiabankPE,Jun 20,"Agradecemos a nuestro auspiciador PLATA 🎊 @ScotiabankPE, quién se une a la 30° edición de #CADEUniversitario, el encuentro de jóvenes líderes más importante del país, y se suma a nuestro compromiso de construir un Perú más desarrollado.

Conoce más aquí 👉…",0,1,1,0,419
2025-07-12 22:19:14,ScotiabankPE,Jun 6,"#BrandedContent.  La alta dirección de @ScotiabankPE, liderada por su CEO global, llegó a Perú y sostuvo reuniones con clientes estratégicos y reafirmó la importancia del mercado peruano en su operación internacional.
semanaeconomica.com/economia-finan…",1,1,2,0,951
2025-07-12 22:19:14,ScotiabankPE,May 26,"#BrandedContent.  La alta dirección de @ScotiabankPE, liderada por su CEO global, llegó a Perú y sostuvo reuniones con clientes estratégicos y reafirmó la importancia del mercado peruano en su operación internacional.
semanaeconomica.com/economia-finan…",1,1,2,1,1.0K
2025-07-12 22:19:14,ScotiabankPE,May 22,"#BrandedContent.  La alta dirección de @ScotiabankPE, liderada por su CEO global, llegó a Perú y sostuvo reuniones con clientes estratégicos y reafirmó la importancia del mercado peruano en su operación internacional. 

Conoce más: acortar.link/oCt094",1,1,3,0,1.0K
2025-07-12 22:19:14,ScotiabankPE,Apr 28,"#NotaInformativa | Buscando fortalecer la inversión privada y dinamizar el crecimiento económico, 📈 el ministro @Jose_SalardiR, junto con el director de Sistema Financiero y Mercado de Capitales de la Dirección General de Mercados Financieros y Previsional Privado, Óscar Orcón,…",1,2,5,1,1.0K
2025-07-12 22:19:14,ScotiabankPE,Mar 26,"#BrandedContent. @ScotiabankPE ha sido reconocido por segundo año consecutivo como líder de Banca Privada en Perú por Global Finance.
semanaeconomica.com/economia-finan…",8,1,0,0,2.0K
2025-07-12 22:19:14,ScotiabankPE,Mar 12,"#BrandedContent. @ScotiabankPE ha sido reconocido por segundo año consecutivo como líder de Banca Privada en Perú por Global Finance.

semanaeconomica.com/economia-finan…",4,2,0,0,2.0K
2025-07-12 22:19:14,ScotiabankPE,Mar 7,"#BrandedContent. @ScotiabankPE ha sido reconocido por segundo año consecutivo como líder de Banca Privada en Perú por Global Finance. Tras el reconocimiento, Patricia Martinez, Head de banca privada en Scotiabank, explica las acciones realizadas para lograr el reconocimiento, así…",6,1,1,0,1.0K
2025-07-12 22:19:14,ScotiabankPE,Mar 7,En Scotiabank te reconocemos tus logros y nos comprometemos a seguir trabajando por la equidad todos los días del año. #8MTodosLosDías. 💜 #8MTODOSLOSDÍAS,14,1,6,0,2.0K
2025-07-12 22:19:14,ScotiabankPE,Oct 16,"#BrandedContent. @ScotiabankPE presentó oficialmente a Sebastián Arcuri como su nuevo CEO, y junto a su CEO Global y Head of International Banking, reforzó su compromiso con sus clientes y el desarrollo del país.

Conoce más: acortar.link/Cg9UF1",19,2,11,1,7.0K
2025-07-12 22:19:14,ScotiabankPE,Sep 10,"Conoce nuestro proyecto en Punchan, Iquitos, Perú🇵🇪, con @scotiabankPE y @WorldVisionPeru, enfocado en mejorar la educación infantil con tecnología, fortalecer el rol familiar con ternura y el apoyo de proyectos juveniles.",2,4,26,1,6.0K
2025-07-12 22:19:14,ScotiabankPE,Aug 29,"Conoce nuestro proyecto en Punchana, Iquitos, Perú🇵🇪, con @ScotiabankPE y @WorldVisionPeru, enfocado en mejorar la educación infantil con tecnología, fortalecer el rol familiar con ternura y el apoyo de proyectos juveniles.",0,4,23,0,5.0K
2025-07-12 22:19:14,ScotiabankPE,Aug 8,Scotiabank lanza Fondo de Impacto Social ScotiaRISE en Perú ⏩n9.cl/bsrmz,6,1,2,0,4.0K
2025-07-12 22:19:14,ScotiabankPE,"Jun 18, 2024","Desde el 2022, hemos implementado el proyecto ""Inclusión Educativa para la Vida"" en Loreto, uno de los departamentos con mayor pobreza monetaria. Esta iniciativa, en alianza con @ScotiabankPE y @FundacioFCB, tiene como objetivo mejorar la calidad educativa de las niñas y niños.",5,1,3,0,5.0K
2025-07-12 22:19:14,ScotiabankPE,"Jun 13, 2024","En nuestro compromiso con el bienestar de la niñez, desde el 2022 implementamos el proyecto ""Inclusión Educativa para la Vida"" con el apoyo de @ScotiabankPE y la @FCBarcelona, para brindar acceso a una educación de calidad a las niñas y niños. 

#Scotiabank #FundacionBarcelona",2,6,9,0,4.0K
2025-07-12 22:19:14,ScotiabankPE,"Jun 14, 2024","Somos y seremos sus más grandes hinchas. ⚽️Etiquétalo y dile por qué lo eres. ❤️

#ScotiabankPerú #HablemosEnSerio #DíaDelPadre",18,0,4,0,4.0K
2025-07-12 22:19:14,ScotiabankPE,"May 10, 2024","El mejor regalo para mamá es reconocerla. 🤗  Etiquétala y coméntale por qué lo está haciendo bien.
#HablemosEnSerio #ScotiabankPerú #FelizDíaMamá",14,0,3,0,4.0K
2025-07-12 23:20:14,ScotiabankPE,Jul 10,"#EntrevistaSE. El CFO de @ScotiabankPE, Marcelo Rodríguez, cuenta que la reciente emisión por US$400 millones busca transmitir un mensaje de permanencia de largo plazo en el Perú.

Por @cabecitaterri.
semanaeconomica.com/economia-finan…",0,2,2,0,505
2025-07-12 23:20:14,ScotiabankPE,Jun 27,".@ScotiabankPE captó US$400 millones en emisión internacional de bonos subordinados. 

semanaeconomica.com/que-esta-pasan…",3,1,1,0,845
2025-07-12 23:20:14,ScotiabankPE,Jun 24,".@ScotiabankPE lanza roadshow internacional previo a nueva emisión de bonos por US$1,000 millones. Scotiabank contrató a @GoldmanSachs y Scotia Capital para presentar la operación ante inversionistas institucionales.
semanaeconomica.com/que-esta-pasan…",0,1,0,0,847
2025-07-12 23:20:14,ScotiabankPE,Jun 20,"Agradecemos a nuestro auspiciador PLATA 🎊 @ScotiabankPE, quién se une a la 30° edición de #CADEUniversitario, el encuentro de jóvenes líderes más importante del país, y se suma a nuestro compromiso de construir un Perú más desarrollado.

Conoce más aquí 👉…",0,1,1,0,420
2025-07-12 23:20:14,ScotiabankPE,Jun 6,"#BrandedContent.  La alta dirección de @ScotiabankPE, liderada por su CEO global, llegó a Perú y sostuvo reuniones con clientes estratégicos y reafirmó la importancia del mercado peruano en su operación internacional.
semanaeconomica.com/economia-finan…",1,1,2,0,953
2025-07-12 23:20:14,ScotiabankPE,May 26,"#BrandedContent.  La alta dirección de @ScotiabankPE, liderada por su CEO global, llegó a Perú y sostuvo reuniones con clientes estratégicos y reafirmó la importancia del mercado peruano en su operación internacional.
semanaeconomica.com/economia-finan…",1,1,2,1,1.0K
2025-07-12 23:20:14,ScotiabankPE,May 22,"#BrandedContent.  La alta dirección de @ScotiabankPE, liderada por su CEO global, llegó a Perú y sostuvo reuniones con clientes estratégicos y reafirmó la importancia del mercado peruano en su operación internacional. 

Conoce más: acortar.link/oCt094",1,1,3,0,1.0K
2025-07-12 23:20:14,ScotiabankPE,Apr 28,"#NotaInformativa | Buscando fortalecer la inversión privada y dinamizar el crecimiento económico, 📈 el ministro @Jose_SalardiR, junto con el director de Sistema Financiero y Mercado de Capitales de la Dirección General de Mercados Financieros y Previsional Privado, Óscar Orcón,…",1,2,5,1,1.0K
2025-07-12 23:20:14,ScotiabankPE,Mar 26,"#BrandedContent. @ScotiabankPE ha sido reconocido por segundo año consecutivo como líder de Banca Privada en Perú por Global Finance.
semanaeconomica.com/economia-finan…",8,1,0,0,2.0K
2025-07-12 23:20:14,ScotiabankPE,Mar 12,"#BrandedContent. @ScotiabankPE ha sido reconocido por segundo año consecutivo como líder de Banca Privada en Perú por Global Finance.

semanaeconomica.com/economia-finan…",4,2,0,0,2.0K
2025-07-12 23:20:14,ScotiabankPE,Mar 7,"#BrandedContent. @ScotiabankPE ha sido reconocido por segundo año consecutivo como líder de Banca Privada en Perú por Global Finance. Tras el reconocimiento, Patricia Martinez, Head de banca privada en Scotiabank, explica las acciones realizadas para lograr el reconocimiento, así…",6,1,1,0,1.0K
2025-07-12 23:20:14,ScotiabankPE,Mar 7,En Scotiabank te reconocemos tus logros y nos comprometemos a seguir trabajando por la equidad todos los días del año. #8MTodosLosDías. 💜 #8MTODOSLOSDÍAS,14,1,6,0,2.0K
2025-07-12 23:20:14,ScotiabankPE,Oct 16,"#BrandedContent. @ScotiabankPE presentó oficialmente a Sebastián Arcuri como su nuevo CEO, y junto a su CEO Global y Head of International Banking, reforzó su compromiso con sus clientes y el desarrollo del país.

Conoce más: acortar.link/Cg9UF1",19,2,11,1,7.0K
2025-07-12 23:20:14,ScotiabankPE,Sep 10,"Conoce nuestro proyecto en Punchan, Iquitos, Perú🇵🇪, con @scotiabankPE y @WorldVisionPeru, enfocado en mejorar la educación infantil con tecnología, fortalecer el rol familiar con ternura y el apoyo de proyectos juveniles.",2,4,26,1,6.0K
2025-07-12 23:20:14,ScotiabankPE,Aug 29,"Conoce nuestro proyecto en Punchana, Iquitos, Perú🇵🇪, con @ScotiabankPE y @WorldVisionPeru, enfocado en mejorar la educación infantil con tecnología, fortalecer el rol familiar con ternura y el apoyo de proyectos juveniles.",0,4,23,0,5.0K
2025-07-12 23:20:14,ScotiabankPE,Aug 8,Scotiabank lanza Fondo de Impacto Social ScotiaRISE en Perú ⏩n9.cl/bsrmz,6,1,2,0,4.0K
2025-07-12 23:20:14,ScotiabankPE,"Jun 18, 2024","Desde el 2022, hemos implementado el proyecto ""Inclusión Educativa para la Vida"" en Loreto, uno de los departamentos con mayor pobreza monetaria. Esta iniciativa, en alianza con @ScotiabankPE y @FundacioFCB, tiene como objetivo mejorar la calidad educativa de las niñas y niños.",5,1,3,0,5.0K
2025-07-12 23:20:14,ScotiabankPE,"Jun 13, 2024","En nuestro compromiso con el bienestar de la niñez, desde el 2022 implementamos el proyecto ""Inclusión Educativa para la Vida"" con el apoyo de @ScotiabankPE y la @FCBarcelona, para brindar acceso a una educación de calidad a las niñas y niños. 

#Scotiabank #FundacionBarcelona",2,6,9,0,4.0K
2025-07-12 23:20:14,ScotiabankPE,"Jun 14, 2024","Somos y seremos sus más grandes hinchas. ⚽️Etiquétalo y dile por qué lo eres. ❤️

#ScotiabankPerú #HablemosEnSerio #DíaDelPadre",18,0,4,0,4.0K
2025-07-12 23:20:14,ScotiabankPE,"May 10, 2024","El mejor regalo para mamá es reconocerla. 🤗  Etiquétala y coméntale por qué lo está haciendo bien.
#HablemosEnSerio #ScotiabankPerú #FelizDíaMamá",14,0,3,0,4.0K
2025-07-13 01:53:05,ScotiabankPE,Jul 10,"#EntrevistaSE. El CFO de @ScotiabankPE, Marcelo Rodríguez, cuenta que la reciente emisión por US$400 millones busca transmitir un mensaje de permanencia de largo plazo en el Perú.

Por @cabecitaterri.
semanaeconomica.com/economia-finan…",0,2,2,0,506
2025-07-13 01:53:05,ScotiabankPE,Jun 27,".@ScotiabankPE captó US$400 millones en emisión internacional de bonos subordinados. 

semanaeconomica.com/que-esta-pasan…",3,1,1,0,846
2025-07-13 01:53:05,ScotiabankPE,Jun 24,".@ScotiabankPE lanza roadshow internacional previo a nueva emisión de bonos por US$1,000 millones. Scotiabank contrató a @GoldmanSachs y Scotia Capital para presentar la operación ante inversionistas institucionales.
semanaeconomica.com/que-esta-pasan…",0,1,0,0,847
2025-07-13 01:53:05,ScotiabankPE,Jun 20,"Agradecemos a nuestro auspiciador PLATA 🎊 @ScotiabankPE, quién se une a la 30° edición de #CADEUniversitario, el encuentro de jóvenes líderes más importante del país, y se suma a nuestro compromiso de construir un Perú más desarrollado.

Conoce más aquí 👉…",0,1,1,0,420
2025-07-13 01:53:05,ScotiabankPE,Jun 6,"#BrandedContent.  La alta dirección de @ScotiabankPE, liderada por su CEO global, llegó a Perú y sostuvo reuniones con clientes estratégicos y reafirmó la importancia del mercado peruano en su operación internacional.
semanaeconomica.com/economia-finan…",1,1,2,0,953
2025-07-13 01:53:05,ScotiabankPE,May 26,"#BrandedContent.  La alta dirección de @ScotiabankPE, liderada por su CEO global, llegó a Perú y sostuvo reuniones con clientes estratégicos y reafirmó la importancia del mercado peruano en su operación internacional.
semanaeconomica.com/economia-finan…",1,1,2,1,1.0K
2025-07-13 01:53:05,ScotiabankPE,May 22,"#BrandedContent.  La alta dirección de @ScotiabankPE, liderada por su CEO global, llegó a Perú y sostuvo reuniones con clientes estratégicos y reafirmó la importancia del mercado peruano en su operación internacional. 

Conoce más: acortar.link/oCt094",1,1,3,0,1.0K
2025-07-13 01:53:05,ScotiabankPE,Apr 28,"#NotaInformativa | Buscando fortalecer la inversión privada y dinamizar el crecimiento económico, 📈 el ministro @Jose_SalardiR, junto con el director de Sistema Financiero y Mercado de Capitales de la Dirección General de Mercados Financieros y Previsional Privado, Óscar Orcón,…",1,2,5,1,1.0K
2025-07-13 01:53:05,ScotiabankPE,Mar 26,"#BrandedContent. @ScotiabankPE ha sido reconocido por segundo año consecutivo como líder de Banca Privada en Perú por Global Finance.
semanaeconomica.com/economia-finan…",8,1,0,0,2.0K
2025-07-13 01:53:05,ScotiabankPE,Mar 12,"#BrandedContent. @ScotiabankPE ha sido reconocido por segundo año consecutivo como líder de Banca Privada en Perú por Global Finance.

semanaeconomica.com/economia-finan…",4,2,0,0,2.0K
2025-07-13 01:53:05,ScotiabankPE,Mar 7,"#BrandedContent. @ScotiabankPE ha sido reconocido por segundo año consecutivo como líder de Banca Privada en Perú por Global Finance. Tras el reconocimiento, Patricia Martinez, Head de banca privada en Scotiabank, explica las acciones realizadas para lograr el reconocimiento, así…",6,1,1,0,1.0K
2025-07-13 01:53:05,ScotiabankPE,Mar 7,En Scotiabank te reconocemos tus logros y nos comprometemos a seguir trabajando por la equidad todos los días del año. #8MTodosLosDías. 💜 #8MTODOSLOSDÍAS,14,1,6,0,2.0K
2025-07-13 01:53:05,ScotiabankPE,Oct 16,"#BrandedContent. @ScotiabankPE presentó oficialmente a Sebastián Arcuri como su nuevo CEO, y junto a su CEO Global y Head of International Banking, reforzó su compromiso con sus clientes y el desarrollo del país.

Conoce más: acortar.link/Cg9UF1",19,2,11,1,7.0K
2025-07-13 01:53:05,ScotiabankPE,Sep 10,"Conoce nuestro proyecto en Punchan, Iquitos, Perú🇵🇪, con @scotiabankPE y @WorldVisionPeru, enfocado en mejorar la educación infantil con tecnología, fortalecer el rol familiar con ternura y el apoyo de proyectos juveniles.",2,4,26,1,6.0K
2025-07-13 01:53:05,ScotiabankPE,Aug 29,"Conoce nuestro proyecto en Punchana, Iquitos, Perú🇵🇪, con @ScotiabankPE y @WorldVisionPeru, enfocado en mejorar la educación infantil con tecnología, fortalecer el rol familiar con ternura y el apoyo de proyectos juveniles.",0,4,23,0,5.0K
2025-07-13 01:53:05,ScotiabankPE,Aug 8,Scotiabank lanza Fondo de Impacto Social ScotiaRISE en Perú ⏩n9.cl/bsrmz,6,1,2,0,4.0K
2025-07-13 01:53:05,ScotiabankPE,"Jun 18, 2024","Desde el 2022, hemos implementado el proyecto ""Inclusión Educativa para la Vida"" en Loreto, uno de los departamentos con mayor pobreza monetaria. Esta iniciativa, en alianza con @ScotiabankPE y @FundacioFCB, tiene como objetivo mejorar la calidad educativa de las niñas y niños.",5,1,3,0,5.0K
2025-07-13 01:53:05,ScotiabankPE,"Jun 13, 2024","En nuestro compromiso con el bienestar de la niñez, desde el 2022 implementamos el proyecto ""Inclusión Educativa para la Vida"" con el apoyo de @ScotiabankPE y la @FCBarcelona, para brindar acceso a una educación de calidad a las niñas y niños. 

#Scotiabank #FundacionBarcelona",2,6,9,0,4.0K
2025-07-13 01:53:05,ScotiabankPE,"Jun 14, 2024","Somos y seremos sus más grandes hinchas. ⚽️Etiquétalo y dile por qué lo eres. ❤️

#ScotiabankPerú #HablemosEnSerio #DíaDelPadre",18,0,4,0,4.0K
2025-07-13 01:53:05,ScotiabankPE,"May 10, 2024","El mejor regalo para mamá es reconocerla. 🤗  Etiquétala y coméntale por qué lo está haciendo bien.
#HablemosEnSerio #ScotiabankPerú #FelizDíaMamá",14,0,3,0,4.0K
2025-07-13 03:41:05,ScotiabankPE,Jul 10,"#EntrevistaSE. El CFO de @ScotiabankPE, Marcelo Rodríguez, cuenta que la reciente emisión por US$400 millones busca transmitir un mensaje de permanencia de largo plazo en el Perú.

Por @cabecitaterri.
semanaeconomica.com/economia-finan…",1,2,2,0,509
2025-07-13 03:41:05,ScotiabankPE,Jun 27,".@ScotiabankPE captó US$400 millones en emisión internacional de bonos subordinados. 

semanaeconomica.com/que-esta-pasan…",3,1,1,0,850
2025-07-13 03:41:05,ScotiabankPE,Jun 24,".@ScotiabankPE lanza roadshow internacional previo a nueva emisión de bonos por US$1,000 millones. Scotiabank contrató a @GoldmanSachs y Scotia Capital para presentar la operación ante inversionistas institucionales.
semanaeconomica.com/que-esta-pasan…",0,1,0,0,849
2025-07-13 03:41:05,ScotiabankPE,Jun 20,"Agradecemos a nuestro auspiciador PLATA 🎊 @ScotiabankPE, quién se une a la 30° edición de #CADEUniversitario, el encuentro de jóvenes líderes más importante del país, y se suma a nuestro compromiso de construir un Perú más desarrollado.

Conoce más aquí 👉…",0,1,1,0,421
2025-07-13 03:41:05,ScotiabankPE,Jun 6,"#BrandedContent.  La alta dirección de @ScotiabankPE, liderada por su CEO global, llegó a Perú y sostuvo reuniones con clientes estratégicos y reafirmó la importancia del mercado peruano en su operación internacional.
semanaeconomica.com/economia-finan…",1,1,2,0,953
2025-07-13 03:41:05,ScotiabankPE,May 26,"#BrandedContent.  La alta dirección de @ScotiabankPE, liderada por su CEO global, llegó a Perú y sostuvo reuniones con clientes estratégicos y reafirmó la importancia del mercado peruano en su operación internacional.
semanaeconomica.com/economia-finan…",1,1,2,1,1.0K
2025-07-13 03:41:05,ScotiabankPE,May 22,"#BrandedContent.  La alta dirección de @ScotiabankPE, liderada por su CEO global, llegó a Perú y sostuvo reuniones con clientes estratégicos y reafirmó la importancia del mercado peruano en su operación internacional. 

Conoce más: acortar.link/oCt094",1,1,3,0,1.0K
2025-07-13 03:41:05,ScotiabankPE,Apr 28,"#NotaInformativa | Buscando fortalecer la inversión privada y dinamizar el crecimiento económico, 📈 el ministro @Jose_SalardiR, junto con el director de Sistema Financiero y Mercado de Capitales de la Dirección General de Mercados Financieros y Previsional Privado, Óscar Orcón,…",1,2,5,1,1.0K
2025-07-13 03:41:05,ScotiabankPE,Mar 26,"#BrandedContent. @ScotiabankPE ha sido reconocido por segundo año consecutivo como líder de Banca Privada en Perú por Global Finance.
semanaeconomica.com/economia-finan…",8,1,0,0,2.0K
2025-07-13 03:41:05,ScotiabankPE,Mar 12,"#BrandedContent. @ScotiabankPE ha sido reconocido por segundo año consecutivo como líder de Banca Privada en Perú por Global Finance.

semanaeconomica.com/economia-finan…",4,2,0,0,2.0K
2025-07-13 03:41:05,ScotiabankPE,Mar 7,"#BrandedContent. @ScotiabankPE ha sido reconocido por segundo año consecutivo como líder de Banca Privada en Perú por Global Finance. Tras el reconocimiento, Patricia Martinez, Head de banca privada en Scotiabank, explica las acciones realizadas para lograr el reconocimiento, así…",6,1,1,0,1.0K
2025-07-13 03:41:05,ScotiabankPE,Mar 7,En Scotiabank te reconocemos tus logros y nos comprometemos a seguir trabajando por la equidad todos los días del año. #8MTodosLosDías. 💜 #8MTODOSLOSDÍAS,14,1,6,0,2.0K
2025-07-13 03:41:05,ScotiabankPE,Oct 16,"#BrandedContent. @ScotiabankPE presentó oficialmente a Sebastián Arcuri como su nuevo CEO, y junto a su CEO Global y Head of International Banking, reforzó su compromiso con sus clientes y el desarrollo del país.

Conoce más: acortar.link/Cg9UF1",19,2,11,1,7.0K
2025-07-13 03:41:05,ScotiabankPE,Sep 10,"Conoce nuestro proyecto en Punchan, Iquitos, Perú🇵🇪, con @scotiabankPE y @WorldVisionPeru, enfocado en mejorar la educación infantil con tecnología, fortalecer el rol familiar con ternura y el apoyo de proyectos juveniles.",2,4,26,1,6.0K
2025-07-13 03:41:05,ScotiabankPE,Aug 29,"Conoce nuestro proyecto en Punchana, Iquitos, Perú🇵🇪, con @ScotiabankPE y @WorldVisionPeru, enfocado en mejorar la educación infantil con tecnología, fortalecer el rol familiar con ternura y el apoyo de proyectos juveniles.",0,4,23,0,5.0K
2025-07-13 03:41:05,ScotiabankPE,Aug 8,Scotiabank lanza Fondo de Impacto Social ScotiaRISE en Perú ⏩n9.cl/bsrmz,6,1,2,0,4.0K
2025-07-13 03:41:05,ScotiabankPE,"Jun 18, 2024","Desde el 2022, hemos implementado el proyecto ""Inclusión Educativa para la Vida"" en Loreto, uno de los departamentos con mayor pobreza monetaria. Esta iniciativa, en alianza con @ScotiabankPE y @FundacioFCB, tiene como objetivo mejorar la calidad educativa de las niñas y niños.",5,1,3,0,5.0K
2025-07-13 03:41:05,ScotiabankPE,"Jun 13, 2024","En nuestro compromiso con el bienestar de la niñez, desde el 2022 implementamos el proyecto ""Inclusión Educativa para la Vida"" con el apoyo de @ScotiabankPE y la @FCBarcelona, para brindar acceso a una educación de calidad a las niñas y niños. 

#Scotiabank #FundacionBarcelona",2,6,9,0,4.0K
2025-07-13 03:41:05,ScotiabankPE,"Jun 14, 2024","Somos y seremos sus más grandes hinchas. ⚽️Etiquétalo y dile por qué lo eres. ❤️

#ScotiabankPerú #HablemosEnSerio #DíaDelPadre",18,0,4,0,4.0K
2025-07-13 03:41:05,ScotiabankPE,"May 10, 2024","El mejor regalo para mamá es reconocerla. 🤗  Etiquétala y coméntale por qué lo está haciendo bien.
#HablemosEnSerio #ScotiabankPerú #FelizDíaMamá",14,0,3,0,4.0K
2025-07-13 04:37:25,ScotiabankPE,Jul 10,"#EntrevistaSE. El CFO de @ScotiabankPE, Marcelo Rodríguez, cuenta que la reciente emisión por US$400 millones busca transmitir un mensaje de permanencia de largo plazo en el Perú.

Por @cabecitaterri.
semanaeconomica.com/economia-finan…",1,2,2,0,509
2025-07-13 04:37:25,ScotiabankPE,Jun 27,".@ScotiabankPE captó US$400 millones en emisión internacional de bonos subordinados. 

semanaeconomica.com/que-esta-pasan…",3,1,1,0,850
2025-07-13 04:37:25,ScotiabankPE,Jun 24,".@ScotiabankPE lanza roadshow internacional previo a nueva emisión de bonos por US$1,000 millones. Scotiabank contrató a @GoldmanSachs y Scotia Capital para presentar la operación ante inversionistas institucionales.
semanaeconomica.com/que-esta-pasan…",0,1,0,0,849
2025-07-13 04:37:25,ScotiabankPE,Jun 20,"Agradecemos a nuestro auspiciador PLATA 🎊 @ScotiabankPE, quién se une a la 30° edición de #CADEUniversitario, el encuentro de jóvenes líderes más importante del país, y se suma a nuestro compromiso de construir un Perú más desarrollado.

Conoce más aquí 👉…",0,1,1,0,421
2025-07-13 04:37:25,ScotiabankPE,Jun 6,"#BrandedContent.  La alta dirección de @ScotiabankPE, liderada por su CEO global, llegó a Perú y sostuvo reuniones con clientes estratégicos y reafirmó la importancia del mercado peruano en su operación internacional.
semanaeconomica.com/economia-finan…",1,1,2,0,953
2025-07-13 04:37:25,ScotiabankPE,May 26,"#BrandedContent.  La alta dirección de @ScotiabankPE, liderada por su CEO global, llegó a Perú y sostuvo reuniones con clientes estratégicos y reafirmó la importancia del mercado peruano en su operación internacional.
semanaeconomica.com/economia-finan…",1,1,2,1,1.0K
2025-07-13 04:37:25,ScotiabankPE,May 22,"#BrandedContent.  La alta dirección de @ScotiabankPE, liderada por su CEO global, llegó a Perú y sostuvo reuniones con clientes estratégicos y reafirmó la importancia del mercado peruano en su operación internacional. 

Conoce más: acortar.link/oCt094",1,1,3,0,1.0K
2025-07-13 04:37:25,ScotiabankPE,Apr 28,"#NotaInformativa | Buscando fortalecer la inversión privada y dinamizar el crecimiento económico, 📈 el ministro @Jose_SalardiR, junto con el director de Sistema Financiero y Mercado de Capitales de la Dirección General de Mercados Financieros y Previsional Privado, Óscar Orcón,…",1,2,5,1,1.0K
2025-07-13 04:37:25,ScotiabankPE,Mar 26,"#BrandedContent. @ScotiabankPE ha sido reconocido por segundo año consecutivo como líder de Banca Privada en Perú por Global Finance.
semanaeconomica.com/economia-finan…",8,1,0,0,2.0K
2025-07-13 04:37:25,ScotiabankPE,Mar 12,"#BrandedContent. @ScotiabankPE ha sido reconocido por segundo año consecutivo como líder de Banca Privada en Perú por Global Finance.

semanaeconomica.com/economia-finan…",4,2,0,0,2.0K
2025-07-13 04:37:25,ScotiabankPE,Mar 7,"#BrandedContent. @ScotiabankPE ha sido reconocido por segundo año consecutivo como líder de Banca Privada en Perú por Global Finance. Tras el reconocimiento, Patricia Martinez, Head de banca privada en Scotiabank, explica las acciones realizadas para lograr el reconocimiento, así…",6,1,1,0,1.0K
2025-07-13 04:37:25,ScotiabankPE,Mar 7,En Scotiabank te reconocemos tus logros y nos comprometemos a seguir trabajando por la equidad todos los días del año. #8MTodosLosDías. 💜 #8MTODOSLOSDÍAS,14,1,6,0,2.0K
2025-07-13 04:37:25,ScotiabankPE,Oct 16,"#BrandedContent. @ScotiabankPE presentó oficialmente a Sebastián Arcuri como su nuevo CEO, y junto a su CEO Global y Head of International Banking, reforzó su compromiso con sus clientes y el desarrollo del país.

Conoce más: acortar.link/Cg9UF1",19,2,11,1,7.0K
2025-07-13 04:37:25,ScotiabankPE,Sep 10,"Conoce nuestro proyecto en Punchan, Iquitos, Perú🇵🇪, con @scotiabankPE y @WorldVisionPeru, enfocado en mejorar la educación infantil con tecnología, fortalecer el rol familiar con ternura y el apoyo de proyectos juveniles.",2,4,26,1,6.0K
2025-07-13 04:37:25,ScotiabankPE,Aug 29,"Conoce nuestro proyecto en Punchana, Iquitos, Perú🇵🇪, con @ScotiabankPE y @WorldVisionPeru, enfocado en mejorar la educación infantil con tecnología, fortalecer el rol familiar con ternura y el apoyo de proyectos juveniles.",0,4,23,0,5.0K
2025-07-13 04:37:25,ScotiabankPE,Aug 8,Scotiabank lanza Fondo de Impacto Social ScotiaRISE en Perú ⏩n9.cl/bsrmz,6,1,2,0,4.0K
2025-07-13 04:37:25,ScotiabankPE,"Jun 18, 2024","Desde el 2022, hemos implementado el proyecto ""Inclusión Educativa para la Vida"" en Loreto, uno de los departamentos con mayor pobreza monetaria. Esta iniciativa, en alianza con @ScotiabankPE y @FundacioFCB, tiene como objetivo mejorar la calidad educativa de las niñas y niños.",5,1,3,0,5.0K
2025-07-13 04:37:25,ScotiabankPE,"Jun 13, 2024","En nuestro compromiso con el bienestar de la niñez, desde el 2022 implementamos el proyecto ""Inclusión Educativa para la Vida"" con el apoyo de @ScotiabankPE y la @FCBarcelona, para brindar acceso a una educación de calidad a las niñas y niños. 

#Scotiabank #FundacionBarcelona",2,6,9,0,4.0K
2025-07-13 04:37:25,ScotiabankPE,"Jun 14, 2024","Somos y seremos sus más grandes hinchas. ⚽️Etiquétalo y dile por qué lo eres. ❤️

#ScotiabankPerú #HablemosEnSerio #DíaDelPadre",18,0,4,0,4.0K
2025-07-13 04:37:25,ScotiabankPE,"May 10, 2024","El mejor regalo para mamá es reconocerla. 🤗  Etiquétala y coméntale por qué lo está haciendo bien.
#HablemosEnSerio #ScotiabankPerú #FelizDíaMamá",14,0,3,0,4.0K
2025-07-13 05:21:49,ScotiabankPE,Jul 10,"#EntrevistaSE. El CFO de @ScotiabankPE, Marcelo Rodríguez, cuenta que la reciente emisión por US$400 millones busca transmitir un mensaje de permanencia de largo plazo en el Perú.

Por @cabecitaterri.
semanaeconomica.com/economia-finan…",1,2,2,0,511
2025-07-13 05:21:49,ScotiabankPE,Jun 27,".@ScotiabankPE captó US$400 millones en emisión internacional de bonos subordinados. 

semanaeconomica.com/que-esta-pasan…",3,1,1,0,850
2025-07-13 05:21:49,ScotiabankPE,Jun 24,".@ScotiabankPE lanza roadshow internacional previo a nueva emisión de bonos por US$1,000 millones. Scotiabank contrató a @GoldmanSachs y Scotia Capital para presentar la operación ante inversionistas institucionales.
semanaeconomica.com/que-esta-pasan…",0,1,0,0,849
2025-07-13 05:21:49,ScotiabankPE,Jun 20,"Agradecemos a nuestro auspiciador PLATA 🎊 @ScotiabankPE, quién se une a la 30° edición de #CADEUniversitario, el encuentro de jóvenes líderes más importante del país, y se suma a nuestro compromiso de construir un Perú más desarrollado.

Conoce más aquí 👉…",0,1,1,0,421
2025-07-13 05:21:49,ScotiabankPE,Jun 6,"#BrandedContent.  La alta dirección de @ScotiabankPE, liderada por su CEO global, llegó a Perú y sostuvo reuniones con clientes estratégicos y reafirmó la importancia del mercado peruano en su operación internacional.
semanaeconomica.com/economia-finan…",1,1,2,0,953
2025-07-13 05:21:49,ScotiabankPE,May 26,"#BrandedContent.  La alta dirección de @ScotiabankPE, liderada por su CEO global, llegó a Perú y sostuvo reuniones con clientes estratégicos y reafirmó la importancia del mercado peruano en su operación internacional.
semanaeconomica.com/economia-finan…",1,1,2,1,1.0K
2025-07-13 05:21:49,ScotiabankPE,May 22,"#BrandedContent.  La alta dirección de @ScotiabankPE, liderada por su CEO global, llegó a Perú y sostuvo reuniones con clientes estratégicos y reafirmó la importancia del mercado peruano en su operación internacional. 

Conoce más: acortar.link/oCt094",1,1,3,0,1.0K
2025-07-13 05:21:49,ScotiabankPE,Apr 28,"#NotaInformativa | Buscando fortalecer la inversión privada y dinamizar el crecimiento económico, 📈 el ministro @Jose_SalardiR, junto con el director de Sistema Financiero y Mercado de Capitales de la Dirección General de Mercados Financieros y Previsional Privado, Óscar Orcón,…",1,2,5,1,1.0K
2025-07-13 05:21:49,ScotiabankPE,Mar 26,"#BrandedContent. @ScotiabankPE ha sido reconocido por segundo año consecutivo como líder de Banca Privada en Perú por Global Finance.
semanaeconomica.com/economia-finan…",8,1,0,0,2.0K
2025-07-13 05:21:49,ScotiabankPE,Mar 12,"#BrandedContent. @ScotiabankPE ha sido reconocido por segundo año consecutivo como líder de Banca Privada en Perú por Global Finance.

semanaeconomica.com/economia-finan…",4,2,0,0,2.0K
2025-07-13 05:21:49,ScotiabankPE,Mar 7,"#BrandedContent. @ScotiabankPE ha sido reconocido por segundo año consecutivo como líder de Banca Privada en Perú por Global Finance. Tras el reconocimiento, Patricia Martinez, Head de banca privada en Scotiabank, explica las acciones realizadas para lograr el reconocimiento, así…",6,1,1,0,1.0K
2025-07-13 05:21:49,ScotiabankPE,Mar 7,En Scotiabank te reconocemos tus logros y nos comprometemos a seguir trabajando por la equidad todos los días del año. #8MTodosLosDías. 💜 #8MTODOSLOSDÍAS,14,1,6,0,2.0K
2025-07-13 05:21:49,ScotiabankPE,Oct 16,"#BrandedContent. @ScotiabankPE presentó oficialmente a Sebastián Arcuri como su nuevo CEO, y junto a su CEO Global y Head of International Banking, reforzó su compromiso con sus clientes y el desarrollo del país.

Conoce más: acortar.link/Cg9UF1",19,2,11,1,7.0K
2025-07-13 05:21:49,ScotiabankPE,Sep 10,"Conoce nuestro proyecto en Punchan, Iquitos, Perú🇵🇪, con @scotiabankPE y @WorldVisionPeru, enfocado en mejorar la educación infantil con tecnología, fortalecer el rol familiar con ternura y el apoyo de proyectos juveniles.",2,4,26,1,6.0K
2025-07-13 05:21:49,ScotiabankPE,Aug 29,"Conoce nuestro proyecto en Punchana, Iquitos, Perú🇵🇪, con @ScotiabankPE y @WorldVisionPeru, enfocado en mejorar la educación infantil con tecnología, fortalecer el rol familiar con ternura y el apoyo de proyectos juveniles.",0,4,23,0,5.0K
2025-07-13 05:21:49,ScotiabankPE,Aug 8,Scotiabank lanza Fondo de Impacto Social ScotiaRISE en Perú ⏩n9.cl/bsrmz,6,1,2,0,4.0K
2025-07-13 05:21:49,ScotiabankPE,"Jun 18, 2024","Desde el 2022, hemos implementado el proyecto ""Inclusión Educativa para la Vida"" en Loreto, uno de los departamentos con mayor pobreza monetaria. Esta iniciativa, en alianza con @ScotiabankPE y @FundacioFCB, tiene como objetivo mejorar la calidad educativa de las niñas y niños.",5,1,3,0,5.0K
2025-07-13 05:21:49,ScotiabankPE,"Jun 13, 2024","En nuestro compromiso con el bienestar de la niñez, desde el 2022 implementamos el proyecto ""Inclusión Educativa para la Vida"" con el apoyo de @ScotiabankPE y la @FCBarcelona, para brindar acceso a una educación de calidad a las niñas y niños. 

#Scotiabank #FundacionBarcelona",2,6,9,0,4.0K
2025-07-13 05:21:49,ScotiabankPE,"Jun 14, 2024","Somos y seremos sus más grandes hinchas. ⚽️Etiquétalo y dile por qué lo eres. ❤️

#ScotiabankPerú #HablemosEnSerio #DíaDelPadre",18,0,4,0,4.0K
2025-07-13 05:21:49,ScotiabankPE,"May 10, 2024","El mejor regalo para mamá es reconocerla. 🤗  Etiquétala y coméntale por qué lo está haciendo bien.
#HablemosEnSerio #ScotiabankPerú #FelizDíaMamá",14,0,3,0,4.0K
2025-07-13 06:29:31,ScotiabankPE,Jul 10,"#EntrevistaSE. El CFO de @ScotiabankPE, Marcelo Rodríguez, cuenta que la reciente emisión por US$400 millones busca transmitir un mensaje de permanencia de largo plazo en el Perú.

Por @cabecitaterri.
semanaeconomica.com/economia-finan…",1,2,2,0,511
2025-07-13 06:29:31,ScotiabankPE,Jun 27,".@ScotiabankPE captó US$400 millones en emisión internacional de bonos subordinados. 

semanaeconomica.com/que-esta-pasan…",3,1,1,0,850
2025-07-13 06:29:31,ScotiabankPE,Jun 24,".@ScotiabankPE lanza roadshow internacional previo a nueva emisión de bonos por US$1,000 millones. Scotiabank contrató a @GoldmanSachs y Scotia Capital para presentar la operación ante inversionistas institucionales.
semanaeconomica.com/que-esta-pasan…",0,1,0,0,849
2025-07-13 06:29:31,ScotiabankPE,Jun 20,"Agradecemos a nuestro auspiciador PLATA 🎊 @ScotiabankPE, quién se une a la 30° edición de #CADEUniversitario, el encuentro de jóvenes líderes más importante del país, y se suma a nuestro compromiso de construir un Perú más desarrollado.

Conoce más aquí 👉…",0,1,1,0,421
2025-07-13 06:29:31,ScotiabankPE,Jun 6,"#BrandedContent.  La alta dirección de @ScotiabankPE, liderada por su CEO global, llegó a Perú y sostuvo reuniones con clientes estratégicos y reafirmó la importancia del mercado peruano en su operación internacional.
semanaeconomica.com/economia-finan…",1,1,2,0,953
2025-07-13 06:29:31,ScotiabankPE,May 26,"#BrandedContent.  La alta dirección de @ScotiabankPE, liderada por su CEO global, llegó a Perú y sostuvo reuniones con clientes estratégicos y reafirmó la importancia del mercado peruano en su operación internacional.
semanaeconomica.com/economia-finan…",1,1,2,1,1.0K
2025-07-13 06:29:31,ScotiabankPE,May 22,"#BrandedContent.  La alta dirección de @ScotiabankPE, liderada por su CEO global, llegó a Perú y sostuvo reuniones con clientes estratégicos y reafirmó la importancia del mercado peruano en su operación internacional. 

Conoce más: acortar.link/oCt094",1,1,3,0,1.0K
2025-07-13 06:29:31,ScotiabankPE,Apr 28,"#NotaInformativa | Buscando fortalecer la inversión privada y dinamizar el crecimiento económico, 📈 el ministro @Jose_SalardiR, junto con el director de Sistema Financiero y Mercado de Capitales de la Dirección General de Mercados Financieros y Previsional Privado, Óscar Orcón,…",1,2,5,1,1.0K
2025-07-13 06:29:31,ScotiabankPE,Mar 26,"#BrandedContent. @ScotiabankPE ha sido reconocido por segundo año consecutivo como líder de Banca Privada en Perú por Global Finance.
semanaeconomica.com/economia-finan…",8,1,0,0,2.0K
2025-07-13 06:29:31,ScotiabankPE,Mar 12,"#BrandedContent. @ScotiabankPE ha sido reconocido por segundo año consecutivo como líder de Banca Privada en Perú por Global Finance.

semanaeconomica.com/economia-finan…",4,2,0,0,2.0K
2025-07-13 06:29:31,ScotiabankPE,Mar 7,"#BrandedContent. @ScotiabankPE ha sido reconocido por segundo año consecutivo como líder de Banca Privada en Perú por Global Finance. Tras el reconocimiento, Patricia Martinez, Head de banca privada en Scotiabank, explica las acciones realizadas para lograr el reconocimiento, así…",6,1,1,0,1.0K
2025-07-13 06:29:31,ScotiabankPE,Mar 7,En Scotiabank te reconocemos tus logros y nos comprometemos a seguir trabajando por la equidad todos los días del año. #8MTodosLosDías. 💜 #8MTODOSLOSDÍAS,14,1,6,0,2.0K
2025-07-13 06:29:31,ScotiabankPE,Oct 16,"#BrandedContent. @ScotiabankPE presentó oficialmente a Sebastián Arcuri como su nuevo CEO, y junto a su CEO Global y Head of International Banking, reforzó su compromiso con sus clientes y el desarrollo del país.

Conoce más: acortar.link/Cg9UF1",19,2,11,1,7.0K
2025-07-13 06:29:31,ScotiabankPE,Sep 10,"Conoce nuestro proyecto en Punchan, Iquitos, Perú🇵🇪, con @scotiabankPE y @WorldVisionPeru, enfocado en mejorar la educación infantil con tecnología, fortalecer el rol familiar con ternura y el apoyo de proyectos juveniles.",2,4,26,1,6.0K
2025-07-13 06:29:31,ScotiabankPE,Aug 29,"Conoce nuestro proyecto en Punchana, Iquitos, Perú🇵🇪, con @ScotiabankPE y @WorldVisionPeru, enfocado en mejorar la educación infantil con tecnología, fortalecer el rol familiar con ternura y el apoyo de proyectos juveniles.",0,4,23,0,5.0K
2025-07-13 06:29:31,ScotiabankPE,Aug 8,Scotiabank lanza Fondo de Impacto Social ScotiaRISE en Perú ⏩n9.cl/bsrmz,6,1,2,0,4.0K
2025-07-13 06:29:31,ScotiabankPE,"Jun 18, 2024","Desde el 2022, hemos implementado el proyecto ""Inclusión Educativa para la Vida"" en Loreto, uno de los departamentos con mayor pobreza monetaria. Esta iniciativa, en alianza con @ScotiabankPE y @FundacioFCB, tiene como objetivo mejorar la calidad educativa de las niñas y niños.",5,1,3,0,5.0K
2025-07-13 06:29:31,ScotiabankPE,"Jun 13, 2024","En nuestro compromiso con el bienestar de la niñez, desde el 2022 implementamos el proyecto ""Inclusión Educativa para la Vida"" con el apoyo de @ScotiabankPE y la @FCBarcelona, para brindar acceso a una educación de calidad a las niñas y niños. 

#Scotiabank #FundacionBarcelona",2,6,9,0,4.0K
2025-07-13 06:29:31,ScotiabankPE,"Jun 14, 2024","Somos y seremos sus más grandes hinchas. ⚽️Etiquétalo y dile por qué lo eres. ❤️

#ScotiabankPerú #HablemosEnSerio #DíaDelPadre",18,0,4,0,4.0K
2025-07-13 06:29:31,ScotiabankPE,"May 10, 2024","El mejor regalo para mamá es reconocerla. 🤗  Etiquétala y coméntale por qué lo está haciendo bien.
#HablemosEnSerio #ScotiabankPerú #FelizDíaMamá",14,0,3,0,4.0K
2025-07-13 07:20:37,ScotiabankPE,Jul 10,"#EntrevistaSE. El CFO de @ScotiabankPE, Marcelo Rodríguez, cuenta que la reciente emisión por US$400 millones busca transmitir un mensaje de permanencia de largo plazo en el Perú.

Por @cabecitaterri.
semanaeconomica.com/economia-finan…",1,2,2,0,511
2025-07-13 07:20:37,ScotiabankPE,Jun 27,".@ScotiabankPE captó US$400 millones en emisión internacional de bonos subordinados. 

semanaeconomica.com/que-esta-pasan…",3,1,1,0,850
2025-07-13 07:20:37,ScotiabankPE,Jun 24,".@ScotiabankPE lanza roadshow internacional previo a nueva emisión de bonos por US$1,000 millones. Scotiabank contrató a @GoldmanSachs y Scotia Capital para presentar la operación ante inversionistas institucionales.
semanaeconomica.com/que-esta-pasan…",0,1,0,0,849
2025-07-13 07:20:37,ScotiabankPE,Jun 20,"Agradecemos a nuestro auspiciador PLATA 🎊 @ScotiabankPE, quién se une a la 30° edición de #CADEUniversitario, el encuentro de jóvenes líderes más importante del país, y se suma a nuestro compromiso de construir un Perú más desarrollado.

Conoce más aquí 👉…",0,1,1,0,421
2025-07-13 07:20:37,ScotiabankPE,Jun 6,"#BrandedContent.  La alta dirección de @ScotiabankPE, liderada por su CEO global, llegó a Perú y sostuvo reuniones con clientes estratégicos y reafirmó la importancia del mercado peruano en su operación internacional.
semanaeconomica.com/economia-finan…",1,1,2,0,953
2025-07-13 07:20:37,ScotiabankPE,May 26,"#BrandedContent.  La alta dirección de @ScotiabankPE, liderada por su CEO global, llegó a Perú y sostuvo reuniones con clientes estratégicos y reafirmó la importancia del mercado peruano en su operación internacional.
semanaeconomica.com/economia-finan…",1,1,2,1,1.0K
2025-07-13 07:20:37,ScotiabankPE,May 22,"#BrandedContent.  La alta dirección de @ScotiabankPE, liderada por su CEO global, llegó a Perú y sostuvo reuniones con clientes estratégicos y reafirmó la importancia del mercado peruano en su operación internacional. 

Conoce más: acortar.link/oCt094",1,1,3,0,1.0K
2025-07-13 07:20:37,ScotiabankPE,Apr 28,"#NotaInformativa | Buscando fortalecer la inversión privada y dinamizar el crecimiento económico, 📈 el ministro @Jose_SalardiR, junto con el director de Sistema Financiero y Mercado de Capitales de la Dirección General de Mercados Financieros y Previsional Privado, Óscar Orcón,…",1,2,5,1,1.0K
2025-07-13 07:20:37,ScotiabankPE,Mar 26,"#BrandedContent. @ScotiabankPE ha sido reconocido por segundo año consecutivo como líder de Banca Privada en Perú por Global Finance.
semanaeconomica.com/economia-finan…",8,1,0,0,2.0K
2025-07-13 07:20:37,ScotiabankPE,Mar 12,"#BrandedContent. @ScotiabankPE ha sido reconocido por segundo año consecutivo como líder de Banca Privada en Perú por Global Finance.

semanaeconomica.com/economia-finan…",4,2,0,0,2.0K
2025-07-13 07:20:37,ScotiabankPE,Mar 7,"#BrandedContent. @ScotiabankPE ha sido reconocido por segundo año consecutivo como líder de Banca Privada en Perú por Global Finance. Tras el reconocimiento, Patricia Martinez, Head de banca privada en Scotiabank, explica las acciones realizadas para lograr el reconocimiento, así…",6,1,1,0,1.0K
2025-07-13 07:20:37,ScotiabankPE,Mar 7,En Scotiabank te reconocemos tus logros y nos comprometemos a seguir trabajando por la equidad todos los días del año. #8MTodosLosDías. 💜 #8MTODOSLOSDÍAS,14,1,6,0,2.0K
2025-07-13 07:20:37,ScotiabankPE,Oct 16,"#BrandedContent. @ScotiabankPE presentó oficialmente a Sebastián Arcuri como su nuevo CEO, y junto a su CEO Global y Head of International Banking, reforzó su compromiso con sus clientes y el desarrollo del país.

Conoce más: acortar.link/Cg9UF1",19,2,11,1,7.0K
2025-07-13 07:20:37,ScotiabankPE,Sep 10,"Conoce nuestro proyecto en Punchan, Iquitos, Perú🇵🇪, con @scotiabankPE y @WorldVisionPeru, enfocado en mejorar la educación infantil con tecnología, fortalecer el rol familiar con ternura y el apoyo de proyectos juveniles.",2,4,26,1,6.0K
2025-07-13 07:20:37,ScotiabankPE,Aug 29,"Conoce nuestro proyecto en Punchana, Iquitos, Perú🇵🇪, con @ScotiabankPE y @WorldVisionPeru, enfocado en mejorar la educación infantil con tecnología, fortalecer el rol familiar con ternura y el apoyo de proyectos juveniles.",0,4,23,0,5.0K
2025-07-13 07:20:37,ScotiabankPE,Aug 8,Scotiabank lanza Fondo de Impacto Social ScotiaRISE en Perú ⏩n9.cl/bsrmz,6,1,2,0,4.0K
2025-07-13 07:20:37,ScotiabankPE,"Jun 18, 2024","Desde el 2022, hemos implementado el proyecto ""Inclusión Educativa para la Vida"" en Loreto, uno de los departamentos con mayor pobreza monetaria. Esta iniciativa, en alianza con @ScotiabankPE y @FundacioFCB, tiene como objetivo mejorar la calidad educativa de las niñas y niños.",5,1,3,0,5.0K
2025-07-13 07:20:37,ScotiabankPE,"Jun 13, 2024","En nuestro compromiso con el bienestar de la niñez, desde el 2022 implementamos el proyecto ""Inclusión Educativa para la Vida"" con el apoyo de @ScotiabankPE y la @FCBarcelona, para brindar acceso a una educación de calidad a las niñas y niños. 

#Scotiabank #FundacionBarcelona",2,6,9,0,4.0K
2025-07-13 07:20:37,ScotiabankPE,"Jun 14, 2024","Somos y seremos sus más grandes hinchas. ⚽️Etiquétalo y dile por qué lo eres. ❤️

#ScotiabankPerú #HablemosEnSerio #DíaDelPadre",18,0,4,0,4.0K
2025-07-13 07:20:37,ScotiabankPE,"May 10, 2024","El mejor regalo para mamá es reconocerla. 🤗  Etiquétala y coméntale por qué lo está haciendo bien.
#HablemosEnSerio #ScotiabankPerú #FelizDíaMamá",14,0,3,0,4.0K
2025-07-13 08:24:33,ScotiabankPE,Jul 10,"#EntrevistaSE. El CFO de @ScotiabankPE, Marcelo Rodríguez, cuenta que la reciente emisión por US$400 millones busca transmitir un mensaje de permanencia de largo plazo en el Perú.

Por @cabecitaterri.
semanaeconomica.com/economia-finan…",1,2,2,0,511
2025-07-13 08:24:33,ScotiabankPE,Jun 27,".@ScotiabankPE captó US$400 millones en emisión internacional de bonos subordinados. 

semanaeconomica.com/que-esta-pasan…",3,1,1,0,850
2025-07-13 08:24:33,ScotiabankPE,Jun 24,".@ScotiabankPE lanza roadshow internacional previo a nueva emisión de bonos por US$1,000 millones. Scotiabank contrató a @GoldmanSachs y Scotia Capital para presentar la operación ante inversionistas institucionales.
semanaeconomica.com/que-esta-pasan…",0,1,0,0,849
2025-07-13 08:24:33,ScotiabankPE,Jun 20,"Agradecemos a nuestro auspiciador PLATA 🎊 @ScotiabankPE, quién se une a la 30° edición de #CADEUniversitario, el encuentro de jóvenes líderes más importante del país, y se suma a nuestro compromiso de construir un Perú más desarrollado.

Conoce más aquí 👉…",0,1,1,0,421
2025-07-13 08:24:33,ScotiabankPE,Jun 6,"#BrandedContent.  La alta dirección de @ScotiabankPE, liderada por su CEO global, llegó a Perú y sostuvo reuniones con clientes estratégicos y reafirmó la importancia del mercado peruano en su operación internacional.
semanaeconomica.com/economia-finan…",1,1,2,0,953
2025-07-13 08:24:33,ScotiabankPE,May 26,"#BrandedContent.  La alta dirección de @ScotiabankPE, liderada por su CEO global, llegó a Perú y sostuvo reuniones con clientes estratégicos y reafirmó la importancia del mercado peruano en su operación internacional.
semanaeconomica.com/economia-finan…",1,1,2,1,1.0K
2025-07-13 08:24:33,ScotiabankPE,May 22,"#BrandedContent.  La alta dirección de @ScotiabankPE, liderada por su CEO global, llegó a Perú y sostuvo reuniones con clientes estratégicos y reafirmó la importancia del mercado peruano en su operación internacional. 

Conoce más: acortar.link/oCt094",1,1,3,0,1.0K
2025-07-13 08:24:33,ScotiabankPE,Apr 28,"#NotaInformativa | Buscando fortalecer la inversión privada y dinamizar el crecimiento económico, 📈 el ministro @Jose_SalardiR, junto con el director de Sistema Financiero y Mercado de Capitales de la Dirección General de Mercados Financieros y Previsional Privado, Óscar Orcón,…",1,2,5,1,1.0K
2025-07-13 08:24:33,ScotiabankPE,Mar 26,"#BrandedContent. @ScotiabankPE ha sido reconocido por segundo año consecutivo como líder de Banca Privada en Perú por Global Finance.
semanaeconomica.com/economia-finan…",8,1,0,0,2.0K
2025-07-13 08:24:33,ScotiabankPE,Mar 12,"#BrandedContent. @ScotiabankPE ha sido reconocido por segundo año consecutivo como líder de Banca Privada en Perú por Global Finance.

semanaeconomica.com/economia-finan…",4,2,0,0,2.0K
2025-07-13 08:24:33,ScotiabankPE,Mar 7,"#BrandedContent. @ScotiabankPE ha sido reconocido por segundo año consecutivo como líder de Banca Privada en Perú por Global Finance. Tras el reconocimiento, Patricia Martinez, Head de banca privada en Scotiabank, explica las acciones realizadas para lograr el reconocimiento, así…",6,1,1,0,1.0K
2025-07-13 08:24:33,ScotiabankPE,Mar 7,En Scotiabank te reconocemos tus logros y nos comprometemos a seguir trabajando por la equidad todos los días del año. #8MTodosLosDías. 💜 #8MTODOSLOSDÍAS,14,1,6,0,2.0K
2025-07-13 08:24:33,ScotiabankPE,Oct 16,"#BrandedContent. @ScotiabankPE presentó oficialmente a Sebastián Arcuri como su nuevo CEO, y junto a su CEO Global y Head of International Banking, reforzó su compromiso con sus clientes y el desarrollo del país.

Conoce más: acortar.link/Cg9UF1",19,2,11,1,7.0K
2025-07-13 08:24:33,ScotiabankPE,Sep 10,"Conoce nuestro proyecto en Punchan, Iquitos, Perú🇵🇪, con @scotiabankPE y @WorldVisionPeru, enfocado en mejorar la educación infantil con tecnología, fortalecer el rol familiar con ternura y el apoyo de proyectos juveniles.",2,4,26,1,6.0K
2025-07-13 08:24:33,ScotiabankPE,Aug 29,"Conoce nuestro proyecto en Punchana, Iquitos, Perú🇵🇪, con @ScotiabankPE y @WorldVisionPeru, enfocado en mejorar la educación infantil con tecnología, fortalecer el rol familiar con ternura y el apoyo de proyectos juveniles.",0,4,23,0,5.0K
2025-07-13 08:24:33,ScotiabankPE,Aug 8,Scotiabank lanza Fondo de Impacto Social ScotiaRISE en Perú ⏩n9.cl/bsrmz,6,1,2,0,4.0K
2025-07-13 08:24:33,ScotiabankPE,"Jun 18, 2024","Desde el 2022, hemos implementado el proyecto ""Inclusión Educativa para la Vida"" en Loreto, uno de los departamentos con mayor pobreza monetaria. Esta iniciativa, en alianza con @ScotiabankPE y @FundacioFCB, tiene como objetivo mejorar la calidad educativa de las niñas y niños.",5,1,3,0,5.0K
2025-07-13 08:24:33,ScotiabankPE,"Jun 13, 2024","En nuestro compromiso con el bienestar de la niñez, desde el 2022 implementamos el proyecto ""Inclusión Educativa para la Vida"" con el apoyo de @ScotiabankPE y la @FCBarcelona, para brindar acceso a una educación de calidad a las niñas y niños. 

#Scotiabank #FundacionBarcelona",2,6,9,0,4.0K
2025-07-13 08:24:33,ScotiabankPE,"Jun 14, 2024","Somos y seremos sus más grandes hinchas. ⚽️Etiquétalo y dile por qué lo eres. ❤️

#ScotiabankPerú #HablemosEnSerio #DíaDelPadre",18,0,4,0,4.0K
2025-07-13 08:24:33,ScotiabankPE,"May 10, 2024","El mejor regalo para mamá es reconocerla. 🤗  Etiquétala y coméntale por qué lo está haciendo bien.
#HablemosEnSerio #ScotiabankPerú #FelizDíaMamá",14,0,3,0,4.0K
2025-07-13 09:21:59,ScotiabankPE,Jul 10,"#EntrevistaSE. El CFO de @ScotiabankPE, Marcelo Rodríguez, cuenta que la reciente emisión por US$400 millones busca transmitir un mensaje de permanencia de largo plazo en el Perú.

Por @cabecitaterri.
semanaeconomica.com/economia-finan…",1,2,2,0,511
2025-07-13 09:21:59,ScotiabankPE,Jun 27,".@ScotiabankPE captó US$400 millones en emisión internacional de bonos subordinados. 

semanaeconomica.com/que-esta-pasan…",3,1,1,0,850
2025-07-13 09:21:59,ScotiabankPE,Jun 24,".@ScotiabankPE lanza roadshow internacional previo a nueva emisión de bonos por US$1,000 millones. Scotiabank contrató a @GoldmanSachs y Scotia Capital para presentar la operación ante inversionistas institucionales.
semanaeconomica.com/que-esta-pasan…",0,1,0,0,849
2025-07-13 09:21:59,ScotiabankPE,Jun 20,"Agradecemos a nuestro auspiciador PLATA 🎊 @ScotiabankPE, quién se une a la 30° edición de #CADEUniversitario, el encuentro de jóvenes líderes más importante del país, y se suma a nuestro compromiso de construir un Perú más desarrollado.

Conoce más aquí 👉…",0,1,1,0,421
2025-07-13 09:21:59,ScotiabankPE,Jun 6,"#BrandedContent.  La alta dirección de @ScotiabankPE, liderada por su CEO global, llegó a Perú y sostuvo reuniones con clientes estratégicos y reafirmó la importancia del mercado peruano en su operación internacional.
semanaeconomica.com/economia-finan…",1,1,2,0,953
2025-07-13 09:21:59,ScotiabankPE,May 26,"#BrandedContent.  La alta dirección de @ScotiabankPE, liderada por su CEO global, llegó a Perú y sostuvo reuniones con clientes estratégicos y reafirmó la importancia del mercado peruano en su operación internacional.
semanaeconomica.com/economia-finan…",1,1,2,1,1.0K
2025-07-13 09:21:59,ScotiabankPE,May 22,"#BrandedContent.  La alta dirección de @ScotiabankPE, liderada por su CEO global, llegó a Perú y sostuvo reuniones con clientes estratégicos y reafirmó la importancia del mercado peruano en su operación internacional. 

Conoce más: acortar.link/oCt094",1,1,3,0,1.0K
2025-07-13 09:21:59,ScotiabankPE,Apr 28,"#NotaInformativa | Buscando fortalecer la inversión privada y dinamizar el crecimiento económico, 📈 el ministro @Jose_SalardiR, junto con el director de Sistema Financiero y Mercado de Capitales de la Dirección General de Mercados Financieros y Previsional Privado, Óscar Orcón,…",1,2,5,1,1.0K
2025-07-13 09:21:59,ScotiabankPE,Mar 26,"#BrandedContent. @ScotiabankPE ha sido reconocido por segundo año consecutivo como líder de Banca Privada en Perú por Global Finance.
semanaeconomica.com/economia-finan…",8,1,0,0,2.0K
2025-07-13 09:21:59,ScotiabankPE,Mar 12,"#BrandedContent. @ScotiabankPE ha sido reconocido por segundo año consecutivo como líder de Banca Privada en Perú por Global Finance.

semanaeconomica.com/economia-finan…",4,2,0,0,2.0K
2025-07-13 09:21:59,ScotiabankPE,Mar 7,"#BrandedContent. @ScotiabankPE ha sido reconocido por segundo año consecutivo como líder de Banca Privada en Perú por Global Finance. Tras el reconocimiento, Patricia Martinez, Head de banca privada en Scotiabank, explica las acciones realizadas para lograr el reconocimiento, así…",6,1,1,0,1.0K
2025-07-13 09:21:59,ScotiabankPE,Mar 7,En Scotiabank te reconocemos tus logros y nos comprometemos a seguir trabajando por la equidad todos los días del año. #8MTodosLosDías. 💜 #8MTODOSLOSDÍAS,14,1,6,0,2.0K
2025-07-13 09:21:59,ScotiabankPE,Oct 16,"#BrandedContent. @ScotiabankPE presentó oficialmente a Sebastián Arcuri como su nuevo CEO, y junto a su CEO Global y Head of International Banking, reforzó su compromiso con sus clientes y el desarrollo del país.

Conoce más: acortar.link/Cg9UF1",19,2,11,1,7.0K
2025-07-13 09:21:59,ScotiabankPE,Sep 10,"Conoce nuestro proyecto en Punchan, Iquitos, Perú🇵🇪, con @scotiabankPE y @WorldVisionPeru, enfocado en mejorar la educación infantil con tecnología, fortalecer el rol familiar con ternura y el apoyo de proyectos juveniles.",2,4,26,1,6.0K
2025-07-13 09:21:59,ScotiabankPE,Aug 29,"Conoce nuestro proyecto en Punchana, Iquitos, Perú🇵🇪, con @ScotiabankPE y @WorldVisionPeru, enfocado en mejorar la educación infantil con tecnología, fortalecer el rol familiar con ternura y el apoyo de proyectos juveniles.",0,4,23,0,5.0K
2025-07-13 09:21:59,ScotiabankPE,Aug 8,Scotiabank lanza Fondo de Impacto Social ScotiaRISE en Perú ⏩n9.cl/bsrmz,6,1,2,0,4.0K
2025-07-13 09:21:59,ScotiabankPE,"Jun 18, 2024","Desde el 2022, hemos implementado el proyecto ""Inclusión Educativa para la Vida"" en Loreto, uno de los departamentos con mayor pobreza monetaria. Esta iniciativa, en alianza con @ScotiabankPE y @FundacioFCB, tiene como objetivo mejorar la calidad educativa de las niñas y niños.",5,1,3,0,5.0K
2025-07-13 09:21:59,ScotiabankPE,"Jun 13, 2024","En nuestro compromiso con el bienestar de la niñez, desde el 2022 implementamos el proyecto ""Inclusión Educativa para la Vida"" con el apoyo de @ScotiabankPE y la @FCBarcelona, para brindar acceso a una educación de calidad a las niñas y niños. 

#Scotiabank #FundacionBarcelona",2,6,9,0,4.0K
2025-07-13 09:21:59,ScotiabankPE,"Jun 14, 2024","Somos y seremos sus más grandes hinchas. ⚽️Etiquétalo y dile por qué lo eres. ❤️

#ScotiabankPerú #HablemosEnSerio #DíaDelPadre",18,0,4,0,4.0K
2025-07-13 09:21:59,ScotiabankPE,"May 10, 2024","El mejor regalo para mamá es reconocerla. 🤗  Etiquétala y coméntale por qué lo está haciendo bien.
#HablemosEnSerio #ScotiabankPerú #FelizDíaMamá",14,0,3,0,4.0K
2025-07-13 10:21:56,ScotiabankPE,Jul 10,"#EntrevistaSE. El CFO de @ScotiabankPE, Marcelo Rodríguez, cuenta que la reciente emisión por US$400 millones busca transmitir un mensaje de permanencia de largo plazo en el Perú.

Por @cabecitaterri.
semanaeconomica.com/economia-finan…",1,2,2,0,511
2025-07-13 10:21:56,ScotiabankPE,Jun 27,".@ScotiabankPE captó US$400 millones en emisión internacional de bonos subordinados. 

semanaeconomica.com/que-esta-pasan…",3,1,1,0,850
2025-07-13 10:21:56,ScotiabankPE,Jun 24,".@ScotiabankPE lanza roadshow internacional previo a nueva emisión de bonos por US$1,000 millones. Scotiabank contrató a @GoldmanSachs y Scotia Capital para presentar la operación ante inversionistas institucionales.
semanaeconomica.com/que-esta-pasan…",0,1,0,0,849
2025-07-13 10:21:56,ScotiabankPE,Jun 20,"Agradecemos a nuestro auspiciador PLATA 🎊 @ScotiabankPE, quién se une a la 30° edición de #CADEUniversitario, el encuentro de jóvenes líderes más importante del país, y se suma a nuestro compromiso de construir un Perú más desarrollado.

Conoce más aquí 👉…",0,1,1,0,421
2025-07-13 10:21:56,ScotiabankPE,Jun 6,"#BrandedContent.  La alta dirección de @ScotiabankPE, liderada por su CEO global, llegó a Perú y sostuvo reuniones con clientes estratégicos y reafirmó la importancia del mercado peruano en su operación internacional.
semanaeconomica.com/economia-finan…",1,1,2,0,953
2025-07-13 10:21:56,ScotiabankPE,May 26,"#BrandedContent.  La alta dirección de @ScotiabankPE, liderada por su CEO global, llegó a Perú y sostuvo reuniones con clientes estratégicos y reafirmó la importancia del mercado peruano en su operación internacional.
semanaeconomica.com/economia-finan…",1,1,2,1,1.0K
2025-07-13 10:21:56,ScotiabankPE,May 22,"#BrandedContent.  La alta dirección de @ScotiabankPE, liderada por su CEO global, llegó a Perú y sostuvo reuniones con clientes estratégicos y reafirmó la importancia del mercado peruano en su operación internacional. 

Conoce más: acortar.link/oCt094",1,1,3,0,1.0K
2025-07-13 10:21:56,ScotiabankPE,Apr 28,"#NotaInformativa | Buscando fortalecer la inversión privada y dinamizar el crecimiento económico, 📈 el ministro @Jose_SalardiR, junto con el director de Sistema Financiero y Mercado de Capitales de la Dirección General de Mercados Financieros y Previsional Privado, Óscar Orcón,…",1,2,5,1,1.0K
2025-07-13 10:21:56,ScotiabankPE,Mar 26,"#BrandedContent. @ScotiabankPE ha sido reconocido por segundo año consecutivo como líder de Banca Privada en Perú por Global Finance.
semanaeconomica.com/economia-finan…",8,1,0,0,2.0K
2025-07-13 10:21:56,ScotiabankPE,Mar 12,"#BrandedContent. @ScotiabankPE ha sido reconocido por segundo año consecutivo como líder de Banca Privada en Perú por Global Finance.

semanaeconomica.com/economia-finan…",4,2,0,0,2.0K
2025-07-13 10:21:56,ScotiabankPE,Mar 7,"#BrandedContent. @ScotiabankPE ha sido reconocido por segundo año consecutivo como líder de Banca Privada en Perú por Global Finance. Tras el reconocimiento, Patricia Martinez, Head de banca privada en Scotiabank, explica las acciones realizadas para lograr el reconocimiento, así…",6,1,1,0,1.0K
2025-07-13 10:21:56,ScotiabankPE,Mar 7,En Scotiabank te reconocemos tus logros y nos comprometemos a seguir trabajando por la equidad todos los días del año. #8MTodosLosDías. 💜 #8MTODOSLOSDÍAS,14,1,6,0,2.0K
2025-07-13 10:21:56,ScotiabankPE,Oct 16,"#BrandedContent. @ScotiabankPE presentó oficialmente a Sebastián Arcuri como su nuevo CEO, y junto a su CEO Global y Head of International Banking, reforzó su compromiso con sus clientes y el desarrollo del país.

Conoce más: acortar.link/Cg9UF1",19,2,11,1,7.0K
2025-07-13 10:21:56,ScotiabankPE,Sep 10,"Conoce nuestro proyecto en Punchan, Iquitos, Perú🇵🇪, con @scotiabankPE y @WorldVisionPeru, enfocado en mejorar la educación infantil con tecnología, fortalecer el rol familiar con ternura y el apoyo de proyectos juveniles.",2,4,26,1,6.0K
2025-07-13 10:21:56,ScotiabankPE,Aug 29,"Conoce nuestro proyecto en Punchana, Iquitos, Perú🇵🇪, con @ScotiabankPE y @WorldVisionPeru, enfocado en mejorar la educación infantil con tecnología, fortalecer el rol familiar con ternura y el apoyo de proyectos juveniles.",0,4,23,0,5.0K
2025-07-13 10:21:56,ScotiabankPE,Aug 8,Scotiabank lanza Fondo de Impacto Social ScotiaRISE en Perú ⏩n9.cl/bsrmz,6,1,2,0,4.0K
2025-07-13 10:21:56,ScotiabankPE,"Jun 18, 2024","Desde el 2022, hemos implementado el proyecto ""Inclusión Educativa para la Vida"" en Loreto, uno de los departamentos con mayor pobreza monetaria. Esta iniciativa, en alianza con @ScotiabankPE y @FundacioFCB, tiene como objetivo mejorar la calidad educativa de las niñas y niños.",5,1,3,0,5.0K
2025-07-13 10:21:56,ScotiabankPE,"Jun 13, 2024","En nuestro compromiso con el bienestar de la niñez, desde el 2022 implementamos el proyecto ""Inclusión Educativa para la Vida"" con el apoyo de @ScotiabankPE y la @FCBarcelona, para brindar acceso a una educación de calidad a las niñas y niños. 

#Scotiabank #FundacionBarcelona",2,6,9,0,4.0K
2025-07-13 10:21:56,ScotiabankPE,"Jun 14, 2024","Somos y seremos sus más grandes hinchas. ⚽️Etiquétalo y dile por qué lo eres. ❤️

#ScotiabankPerú #HablemosEnSerio #DíaDelPadre",18,0,4,0,4.0K
2025-07-13 10:21:56,ScotiabankPE,"May 10, 2024","El mejor regalo para mamá es reconocerla. 🤗  Etiquétala y coméntale por qué lo está haciendo bien.
#HablemosEnSerio #ScotiabankPerú #FelizDíaMamá",14,0,3,0,4.0K
2025-07-13 11:16:25,ScotiabankPE,Jul 10,"#EntrevistaSE. El CFO de @ScotiabankPE, Marcelo Rodríguez, cuenta que la reciente emisión por US$400 millones busca transmitir un mensaje de permanencia de largo plazo en el Perú.

Por @cabecitaterri.
semanaeconomica.com/economia-finan…",1,2,2,0,511
2025-07-13 11:16:25,ScotiabankPE,Jun 27,".@ScotiabankPE captó US$400 millones en emisión internacional de bonos subordinados. 

semanaeconomica.com/que-esta-pasan…",3,1,1,0,850
2025-07-13 11:16:25,ScotiabankPE,Jun 24,".@ScotiabankPE lanza roadshow internacional previo a nueva emisión de bonos por US$1,000 millones. Scotiabank contrató a @GoldmanSachs y Scotia Capital para presentar la operación ante inversionistas institucionales.
semanaeconomica.com/que-esta-pasan…",0,1,0,0,849
2025-07-13 11:16:25,ScotiabankPE,Jun 20,"Agradecemos a nuestro auspiciador PLATA 🎊 @ScotiabankPE, quién se une a la 30° edición de #CADEUniversitario, el encuentro de jóvenes líderes más importante del país, y se suma a nuestro compromiso de construir un Perú más desarrollado.

Conoce más aquí 👉…",0,1,1,0,421
2025-07-13 11:16:25,ScotiabankPE,Jun 6,"#BrandedContent.  La alta dirección de @ScotiabankPE, liderada por su CEO global, llegó a Perú y sostuvo reuniones con clientes estratégicos y reafirmó la importancia del mercado peruano en su operación internacional.
semanaeconomica.com/economia-finan…",1,1,2,0,953
2025-07-13 11:16:25,ScotiabankPE,May 26,"#BrandedContent.  La alta dirección de @ScotiabankPE, liderada por su CEO global, llegó a Perú y sostuvo reuniones con clientes estratégicos y reafirmó la importancia del mercado peruano en su operación internacional.
semanaeconomica.com/economia-finan…",1,1,2,1,1.0K
2025-07-13 11:16:25,ScotiabankPE,May 22,"#BrandedContent.  La alta dirección de @ScotiabankPE, liderada por su CEO global, llegó a Perú y sostuvo reuniones con clientes estratégicos y reafirmó la importancia del mercado peruano en su operación internacional. 

Conoce más: acortar.link/oCt094",1,1,3,0,1.0K
2025-07-13 11:16:25,ScotiabankPE,Apr 28,"#NotaInformativa | Buscando fortalecer la inversión privada y dinamizar el crecimiento económico, 📈 el ministro @Jose_SalardiR, junto con el director de Sistema Financiero y Mercado de Capitales de la Dirección General de Mercados Financieros y Previsional Privado, Óscar Orcón,…",1,2,5,1,1.0K
2025-07-13 11:16:25,ScotiabankPE,Mar 26,"#BrandedContent. @ScotiabankPE ha sido reconocido por segundo año consecutivo como líder de Banca Privada en Perú por Global Finance.
semanaeconomica.com/economia-finan…",8,1,0,0,2.0K
2025-07-13 11:16:25,ScotiabankPE,Mar 12,"#BrandedContent. @ScotiabankPE ha sido reconocido por segundo año consecutivo como líder de Banca Privada en Perú por Global Finance.

semanaeconomica.com/economia-finan…",4,2,0,0,2.0K
2025-07-13 11:16:25,ScotiabankPE,Mar 7,"#BrandedContent. @ScotiabankPE ha sido reconocido por segundo año consecutivo como líder de Banca Privada en Perú por Global Finance. Tras el reconocimiento, Patricia Martinez, Head de banca privada en Scotiabank, explica las acciones realizadas para lograr el reconocimiento, así…",6,1,1,0,1.0K
2025-07-13 11:16:25,ScotiabankPE,Mar 7,En Scotiabank te reconocemos tus logros y nos comprometemos a seguir trabajando por la equidad todos los días del año. #8MTodosLosDías. 💜 #8MTODOSLOSDÍAS,14,1,6,0,2.0K
2025-07-13 11:16:25,ScotiabankPE,Oct 16,"#BrandedContent. @ScotiabankPE presentó oficialmente a Sebastián Arcuri como su nuevo CEO, y junto a su CEO Global y Head of International Banking, reforzó su compromiso con sus clientes y el desarrollo del país.

Conoce más: acortar.link/Cg9UF1",19,2,11,1,7.0K
2025-07-13 11:16:25,ScotiabankPE,Sep 10,"Conoce nuestro proyecto en Punchan, Iquitos, Perú🇵🇪, con @scotiabankPE y @WorldVisionPeru, enfocado en mejorar la educación infantil con tecnología, fortalecer el rol familiar con ternura y el apoyo de proyectos juveniles.",2,4,26,1,6.0K
2025-07-13 11:16:25,ScotiabankPE,Aug 29,"Conoce nuestro proyecto en Punchana, Iquitos, Perú🇵🇪, con @ScotiabankPE y @WorldVisionPeru, enfocado en mejorar la educación infantil con tecnología, fortalecer el rol familiar con ternura y el apoyo de proyectos juveniles.",0,4,23,0,5.0K
2025-07-13 11:16:25,ScotiabankPE,Aug 8,Scotiabank lanza Fondo de Impacto Social ScotiaRISE en Perú ⏩n9.cl/bsrmz,6,1,2,0,4.0K
2025-07-13 11:16:25,ScotiabankPE,"Jun 18, 2024","Desde el 2022, hemos implementado el proyecto ""Inclusión Educativa para la Vida"" en Loreto, uno de los departamentos con mayor pobreza monetaria. Esta iniciativa, en alianza con @ScotiabankPE y @FundacioFCB, tiene como objetivo mejorar la calidad educativa de las niñas y niños.",5,1,3,0,5.0K
2025-07-13 11:16:25,ScotiabankPE,"Jun 13, 2024","En nuestro compromiso con el bienestar de la niñez, desde el 2022 implementamos el proyecto ""Inclusión Educativa para la Vida"" con el apoyo de @ScotiabankPE y la @FCBarcelona, para brindar acceso a una educación de calidad a las niñas y niños. 

#Scotiabank #FundacionBarcelona",2,6,9,0,4.0K
2025-07-13 11:16:25,ScotiabankPE,"Jun 14, 2024","Somos y seremos sus más grandes hinchas. ⚽️Etiquétalo y dile por qué lo eres. ❤️

#ScotiabankPerú #HablemosEnSerio #DíaDelPadre",18,0,4,0,4.0K
2025-07-13 11:16:25,ScotiabankPE,"May 10, 2024","El mejor regalo para mamá es reconocerla. 🤗  Etiquétala y coméntale por qué lo está haciendo bien.
#HablemosEnSerio #ScotiabankPerú #FelizDíaMamá",14,0,3,0,4.0K
2025-07-13 12:38:21,ScotiabankPE,Jul 10,"#EntrevistaSE. El CFO de @ScotiabankPE, Marcelo Rodríguez, cuenta que la reciente emisión por US$400 millones busca transmitir un mensaje de permanencia de largo plazo en el Perú.

Por @cabecitaterri.
semanaeconomica.com/economia-finan…",1,2,2,0,511
2025-07-13 12:38:21,ScotiabankPE,Jun 27,".@ScotiabankPE captó US$400 millones en emisión internacional de bonos subordinados. 

semanaeconomica.com/que-esta-pasan…",3,1,1,0,850
2025-07-13 12:38:21,ScotiabankPE,Jun 24,".@ScotiabankPE lanza roadshow internacional previo a nueva emisión de bonos por US$1,000 millones. Scotiabank contrató a @GoldmanSachs y Scotia Capital para presentar la operación ante inversionistas institucionales.
semanaeconomica.com/que-esta-pasan…",0,1,0,0,849
2025-07-13 12:38:21,ScotiabankPE,Jun 20,"Agradecemos a nuestro auspiciador PLATA 🎊 @ScotiabankPE, quién se une a la 30° edición de #CADEUniversitario, el encuentro de jóvenes líderes más importante del país, y se suma a nuestro compromiso de construir un Perú más desarrollado.

Conoce más aquí 👉…",0,1,1,0,421
2025-07-13 12:38:21,ScotiabankPE,Jun 6,"#BrandedContent.  La alta dirección de @ScotiabankPE, liderada por su CEO global, llegó a Perú y sostuvo reuniones con clientes estratégicos y reafirmó la importancia del mercado peruano en su operación internacional.
semanaeconomica.com/economia-finan…",1,1,2,0,953
2025-07-13 12:38:21,ScotiabankPE,May 26,"#BrandedContent.  La alta dirección de @ScotiabankPE, liderada por su CEO global, llegó a Perú y sostuvo reuniones con clientes estratégicos y reafirmó la importancia del mercado peruano en su operación internacional.
semanaeconomica.com/economia-finan…",1,1,2,1,1.0K
2025-07-13 12:38:21,ScotiabankPE,May 22,"#BrandedContent.  La alta dirección de @ScotiabankPE, liderada por su CEO global, llegó a Perú y sostuvo reuniones con clientes estratégicos y reafirmó la importancia del mercado peruano en su operación internacional. 

Conoce más: acortar.link/oCt094",1,1,3,0,1.0K
2025-07-13 12:38:21,ScotiabankPE,Apr 28,"#NotaInformativa | Buscando fortalecer la inversión privada y dinamizar el crecimiento económico, 📈 el ministro @Jose_SalardiR, junto con el director de Sistema Financiero y Mercado de Capitales de la Dirección General de Mercados Financieros y Previsional Privado, Óscar Orcón,…",1,2,5,1,1.0K
2025-07-13 12:38:21,ScotiabankPE,Mar 26,"#BrandedContent. @ScotiabankPE ha sido reconocido por segundo año consecutivo como líder de Banca Privada en Perú por Global Finance.
semanaeconomica.com/economia-finan…",8,1,0,0,2.0K
2025-07-13 12:38:21,ScotiabankPE,Mar 12,"#BrandedContent. @ScotiabankPE ha sido reconocido por segundo año consecutivo como líder de Banca Privada en Perú por Global Finance.

semanaeconomica.com/economia-finan…",4,2,0,0,2.0K
2025-07-13 12:38:21,ScotiabankPE,Mar 7,"#BrandedContent. @ScotiabankPE ha sido reconocido por segundo año consecutivo como líder de Banca Privada en Perú por Global Finance. Tras el reconocimiento, Patricia Martinez, Head de banca privada en Scotiabank, explica las acciones realizadas para lograr el reconocimiento, así…",6,1,1,0,1.0K
2025-07-13 12:38:21,ScotiabankPE,Mar 7,En Scotiabank te reconocemos tus logros y nos comprometemos a seguir trabajando por la equidad todos los días del año. #8MTodosLosDías. 💜 #8MTODOSLOSDÍAS,14,1,6,0,2.0K
2025-07-13 12:38:21,ScotiabankPE,Oct 16,"#BrandedContent. @ScotiabankPE presentó oficialmente a Sebastián Arcuri como su nuevo CEO, y junto a su CEO Global y Head of International Banking, reforzó su compromiso con sus clientes y el desarrollo del país.

Conoce más: acortar.link/Cg9UF1",19,2,11,1,7.0K
2025-07-13 12:38:21,ScotiabankPE,Sep 10,"Conoce nuestro proyecto en Punchan, Iquitos, Perú🇵🇪, con @scotiabankPE y @WorldVisionPeru, enfocado en mejorar la educación infantil con tecnología, fortalecer el rol familiar con ternura y el apoyo de proyectos juveniles.",2,4,26,1,6.0K
2025-07-13 12:38:21,ScotiabankPE,Aug 29,"Conoce nuestro proyecto en Punchana, Iquitos, Perú🇵🇪, con @ScotiabankPE y @WorldVisionPeru, enfocado en mejorar la educación infantil con tecnología, fortalecer el rol familiar con ternura y el apoyo de proyectos juveniles.",0,4,23,0,5.0K
2025-07-13 12:38:21,ScotiabankPE,Aug 8,Scotiabank lanza Fondo de Impacto Social ScotiaRISE en Perú ⏩n9.cl/bsrmz,6,1,2,0,4.0K
2025-07-13 12:38:21,ScotiabankPE,"Jun 18, 2024","Desde el 2022, hemos implementado el proyecto ""Inclusión Educativa para la Vida"" en Loreto, uno de los departamentos con mayor pobreza monetaria. Esta iniciativa, en alianza con @ScotiabankPE y @FundacioFCB, tiene como objetivo mejorar la calidad educativa de las niñas y niños.",5,1,3,0,5.0K
2025-07-13 12:38:21,ScotiabankPE,"Jun 13, 2024","En nuestro compromiso con el bienestar de la niñez, desde el 2022 implementamos el proyecto ""Inclusión Educativa para la Vida"" con el apoyo de @ScotiabankPE y la @FCBarcelona, para brindar acceso a una educación de calidad a las niñas y niños. 

#Scotiabank #FundacionBarcelona",2,6,9,0,4.0K
2025-07-13 12:38:21,ScotiabankPE,"Jun 14, 2024","Somos y seremos sus más grandes hinchas. ⚽️Etiquétalo y dile por qué lo eres. ❤️

#ScotiabankPerú #HablemosEnSerio #DíaDelPadre",18,0,4,0,4.0K
2025-07-13 12:38:21,ScotiabankPE,"May 10, 2024","El mejor regalo para mamá es reconocerla. 🤗  Etiquétala y coméntale por qué lo está haciendo bien.
#HablemosEnSerio #ScotiabankPerú #FelizDíaMamá",14,0,3,0,4.0K
2025-07-13 13:29:36,ScotiabankPE,Jul 10,"#EntrevistaSE. El CFO de @ScotiabankPE, Marcelo Rodríguez, cuenta que la reciente emisión por US$400 millones busca transmitir un mensaje de permanencia de largo plazo en el Perú.

Por @cabecitaterri.
semanaeconomica.com/economia-finan…",1,2,2,0,515
2025-07-13 13:29:36,ScotiabankPE,Jun 27,".@ScotiabankPE captó US$400 millones en emisión internacional de bonos subordinados. 

semanaeconomica.com/que-esta-pasan…",3,1,1,0,851
2025-07-13 13:29:36,ScotiabankPE,Jun 24,".@ScotiabankPE lanza roadshow internacional previo a nueva emisión de bonos por US$1,000 millones. Scotiabank contrató a @GoldmanSachs y Scotia Capital para presentar la operación ante inversionistas institucionales.
semanaeconomica.com/que-esta-pasan…",0,1,0,0,850
2025-07-13 13:29:36,ScotiabankPE,Jun 20,"Agradecemos a nuestro auspiciador PLATA 🎊 @ScotiabankPE, quién se une a la 30° edición de #CADEUniversitario, el encuentro de jóvenes líderes más importante del país, y se suma a nuestro compromiso de construir un Perú más desarrollado.

Conoce más aquí 👉…",0,1,1,0,422
2025-07-13 13:29:36,ScotiabankPE,Jun 6,"#BrandedContent.  La alta dirección de @ScotiabankPE, liderada por su CEO global, llegó a Perú y sostuvo reuniones con clientes estratégicos y reafirmó la importancia del mercado peruano en su operación internacional.
semanaeconomica.com/economia-finan…",1,1,2,0,954
2025-07-13 13:29:36,ScotiabankPE,May 26,"#BrandedContent.  La alta dirección de @ScotiabankPE, liderada por su CEO global, llegó a Perú y sostuvo reuniones con clientes estratégicos y reafirmó la importancia del mercado peruano en su operación internacional.
semanaeconomica.com/economia-finan…",1,1,2,1,1.0K
2025-07-13 13:29:36,ScotiabankPE,May 22,"#BrandedContent.  La alta dirección de @ScotiabankPE, liderada por su CEO global, llegó a Perú y sostuvo reuniones con clientes estratégicos y reafirmó la importancia del mercado peruano en su operación internacional. 

Conoce más: acortar.link/oCt094",1,1,3,0,1.0K
2025-07-13 13:29:36,ScotiabankPE,Apr 28,"#NotaInformativa | Buscando fortalecer la inversión privada y dinamizar el crecimiento económico, 📈 el ministro @Jose_SalardiR, junto con el director de Sistema Financiero y Mercado de Capitales de la Dirección General de Mercados Financieros y Previsional Privado, Óscar Orcón,…",1,2,5,1,1.0K
2025-07-13 13:29:36,ScotiabankPE,Mar 26,"#BrandedContent. @ScotiabankPE ha sido reconocido por segundo año consecutivo como líder de Banca Privada en Perú por Global Finance.
semanaeconomica.com/economia-finan…",8,1,0,0,2.0K
2025-07-13 13:29:36,ScotiabankPE,Mar 12,"#BrandedContent. @ScotiabankPE ha sido reconocido por segundo año consecutivo como líder de Banca Privada en Perú por Global Finance.

semanaeconomica.com/economia-finan…",4,2,0,0,2.0K
2025-07-13 13:29:36,ScotiabankPE,Mar 7,"#BrandedContent. @ScotiabankPE ha sido reconocido por segundo año consecutivo como líder de Banca Privada en Perú por Global Finance. Tras el reconocimiento, Patricia Martinez, Head de banca privada en Scotiabank, explica las acciones realizadas para lograr el reconocimiento, así…",6,1,1,0,1.0K
2025-07-13 13:29:36,ScotiabankPE,Mar 7,En Scotiabank te reconocemos tus logros y nos comprometemos a seguir trabajando por la equidad todos los días del año. #8MTodosLosDías. 💜 #8MTODOSLOSDÍAS,14,1,6,0,2.0K
2025-07-13 13:29:36,ScotiabankPE,Oct 16,"#BrandedContent. @ScotiabankPE presentó oficialmente a Sebastián Arcuri como su nuevo CEO, y junto a su CEO Global y Head of International Banking, reforzó su compromiso con sus clientes y el desarrollo del país.

Conoce más: acortar.link/Cg9UF1",19,2,11,1,7.0K
2025-07-13 13:29:36,ScotiabankPE,Sep 10,"Conoce nuestro proyecto en Punchan, Iquitos, Perú🇵🇪, con @scotiabankPE y @WorldVisionPeru, enfocado en mejorar la educación infantil con tecnología, fortalecer el rol familiar con ternura y el apoyo de proyectos juveniles.",2,4,26,1,6.0K
2025-07-13 13:29:36,ScotiabankPE,Aug 29,"Conoce nuestro proyecto en Punchana, Iquitos, Perú🇵🇪, con @ScotiabankPE y @WorldVisionPeru, enfocado en mejorar la educación infantil con tecnología, fortalecer el rol familiar con ternura y el apoyo de proyectos juveniles.",0,4,23,0,5.0K
2025-07-13 13:29:36,ScotiabankPE,Aug 8,Scotiabank lanza Fondo de Impacto Social ScotiaRISE en Perú ⏩n9.cl/bsrmz,6,1,2,0,4.0K
2025-07-13 13:29:36,ScotiabankPE,"Jun 18, 2024","Desde el 2022, hemos implementado el proyecto ""Inclusión Educativa para la Vida"" en Loreto, uno de los departamentos con mayor pobreza monetaria. Esta iniciativa, en alianza con @ScotiabankPE y @FundacioFCB, tiene como objetivo mejorar la calidad educativa de las niñas y niños.",5,1,3,0,5.0K
2025-07-13 13:29:36,ScotiabankPE,"Jun 13, 2024","En nuestro compromiso con el bienestar de la niñez, desde el 2022 implementamos el proyecto ""Inclusión Educativa para la Vida"" con el apoyo de @ScotiabankPE y la @FCBarcelona, para brindar acceso a una educación de calidad a las niñas y niños. 

#Scotiabank #FundacionBarcelona",2,6,9,0,4.0K
2025-07-13 13:29:36,ScotiabankPE,"Jun 14, 2024","Somos y seremos sus más grandes hinchas. ⚽️Etiquétalo y dile por qué lo eres. ❤️

#ScotiabankPerú #HablemosEnSerio #DíaDelPadre",18,0,4,0,4.0K
2025-07-13 13:29:36,ScotiabankPE,"May 10, 2024","El mejor regalo para mamá es reconocerla. 🤗  Etiquétala y coméntale por qué lo está haciendo bien.
#HablemosEnSerio #ScotiabankPerú #FelizDíaMamá",14,0,3,0,4.0K
2025-07-13 14:17:56,ScotiabankPE,Jul 10,"#EntrevistaSE. El CFO de @ScotiabankPE, Marcelo Rodríguez, cuenta que la reciente emisión por US$400 millones busca transmitir un mensaje de permanencia de largo plazo en el Perú.

Por @cabecitaterri.
semanaeconomica.com/economia-finan…",1,2,2,0,515
2025-07-13 14:17:56,ScotiabankPE,Jun 27,".@ScotiabankPE captó US$400 millones en emisión internacional de bonos subordinados. 

semanaeconomica.com/que-esta-pasan…",3,1,1,0,851
2025-07-13 14:17:56,ScotiabankPE,Jun 24,".@ScotiabankPE lanza roadshow internacional previo a nueva emisión de bonos por US$1,000 millones. Scotiabank contrató a @GoldmanSachs y Scotia Capital para presentar la operación ante inversionistas institucionales.
semanaeconomica.com/que-esta-pasan…",0,1,0,0,850
2025-07-13 14:17:56,ScotiabankPE,Jun 20,"Agradecemos a nuestro auspiciador PLATA 🎊 @ScotiabankPE, quién se une a la 30° edición de #CADEUniversitario, el encuentro de jóvenes líderes más importante del país, y se suma a nuestro compromiso de construir un Perú más desarrollado.

Conoce más aquí 👉…",0,1,1,0,422
2025-07-13 14:17:56,ScotiabankPE,Jun 6,"#BrandedContent.  La alta dirección de @ScotiabankPE, liderada por su CEO global, llegó a Perú y sostuvo reuniones con clientes estratégicos y reafirmó la importancia del mercado peruano en su operación internacional.
semanaeconomica.com/economia-finan…",1,1,2,0,954
2025-07-13 14:17:56,ScotiabankPE,May 26,"#BrandedContent.  La alta dirección de @ScotiabankPE, liderada por su CEO global, llegó a Perú y sostuvo reuniones con clientes estratégicos y reafirmó la importancia del mercado peruano en su operación internacional.
semanaeconomica.com/economia-finan…",1,1,2,1,1.0K
2025-07-13 14:17:56,ScotiabankPE,May 22,"#BrandedContent.  La alta dirección de @ScotiabankPE, liderada por su CEO global, llegó a Perú y sostuvo reuniones con clientes estratégicos y reafirmó la importancia del mercado peruano en su operación internacional. 

Conoce más: acortar.link/oCt094",1,1,3,0,1.0K
2025-07-13 14:17:56,ScotiabankPE,Apr 28,"#NotaInformativa | Buscando fortalecer la inversión privada y dinamizar el crecimiento económico, 📈 el ministro @Jose_SalardiR, junto con el director de Sistema Financiero y Mercado de Capitales de la Dirección General de Mercados Financieros y Previsional Privado, Óscar Orcón,…",1,2,5,1,1.0K
2025-07-13 14:17:56,ScotiabankPE,Mar 26,"#BrandedContent. @ScotiabankPE ha sido reconocido por segundo año consecutivo como líder de Banca Privada en Perú por Global Finance.
semanaeconomica.com/economia-finan…",8,1,0,0,2.0K
2025-07-13 14:17:56,ScotiabankPE,Mar 12,"#BrandedContent. @ScotiabankPE ha sido reconocido por segundo año consecutivo como líder de Banca Privada en Perú por Global Finance.

semanaeconomica.com/economia-finan…",4,2,0,0,2.0K
2025-07-13 14:17:56,ScotiabankPE,Mar 7,"#BrandedContent. @ScotiabankPE ha sido reconocido por segundo año consecutivo como líder de Banca Privada en Perú por Global Finance. Tras el reconocimiento, Patricia Martinez, Head de banca privada en Scotiabank, explica las acciones realizadas para lograr el reconocimiento, así…",6,1,1,0,1.0K
2025-07-13 14:17:56,ScotiabankPE,Mar 7,En Scotiabank te reconocemos tus logros y nos comprometemos a seguir trabajando por la equidad todos los días del año. #8MTodosLosDías. 💜 #8MTODOSLOSDÍAS,14,1,6,0,2.0K
2025-07-13 14:17:56,ScotiabankPE,Oct 16,"#BrandedContent. @ScotiabankPE presentó oficialmente a Sebastián Arcuri como su nuevo CEO, y junto a su CEO Global y Head of International Banking, reforzó su compromiso con sus clientes y el desarrollo del país.

Conoce más: acortar.link/Cg9UF1",19,2,11,1,7.0K
2025-07-13 14:17:56,ScotiabankPE,Sep 10,"Conoce nuestro proyecto en Punchan, Iquitos, Perú🇵🇪, con @scotiabankPE y @WorldVisionPeru, enfocado en mejorar la educación infantil con tecnología, fortalecer el rol familiar con ternura y el apoyo de proyectos juveniles.",2,4,26,1,6.0K
2025-07-13 14:17:56,ScotiabankPE,Aug 29,"Conoce nuestro proyecto en Punchana, Iquitos, Perú🇵🇪, con @ScotiabankPE y @WorldVisionPeru, enfocado en mejorar la educación infantil con tecnología, fortalecer el rol familiar con ternura y el apoyo de proyectos juveniles.",0,4,23,0,5.0K
2025-07-13 14:17:56,ScotiabankPE,Aug 8,Scotiabank lanza Fondo de Impacto Social ScotiaRISE en Perú ⏩n9.cl/bsrmz,6,1,2,0,4.0K
2025-07-13 14:17:56,ScotiabankPE,"Jun 18, 2024","Desde el 2022, hemos implementado el proyecto ""Inclusión Educativa para la Vida"" en Loreto, uno de los departamentos con mayor pobreza monetaria. Esta iniciativa, en alianza con @ScotiabankPE y @FundacioFCB, tiene como objetivo mejorar la calidad educativa de las niñas y niños.",5,1,3,0,5.0K
2025-07-13 14:17:56,ScotiabankPE,"Jun 13, 2024","En nuestro compromiso con el bienestar de la niñez, desde el 2022 implementamos el proyecto ""Inclusión Educativa para la Vida"" con el apoyo de @ScotiabankPE y la @FCBarcelona, para brindar acceso a una educación de calidad a las niñas y niños. 

#Scotiabank #FundacionBarcelona",2,6,9,0,4.0K
2025-07-13 14:17:56,ScotiabankPE,"Jun 14, 2024","Somos y seremos sus más grandes hinchas. ⚽️Etiquétalo y dile por qué lo eres. ❤️

#ScotiabankPerú #HablemosEnSerio #DíaDelPadre",18,0,4,0,4.0K
2025-07-13 14:17:56,ScotiabankPE,"May 10, 2024","El mejor regalo para mamá es reconocerla. 🤗  Etiquétala y coméntale por qué lo está haciendo bien.
#HablemosEnSerio #ScotiabankPerú #FelizDíaMamá",14,0,3,0,4.0K
2025-07-13 15:19:33,ScotiabankPE,Jul 10,"#EntrevistaSE. El CFO de @ScotiabankPE, Marcelo Rodríguez, cuenta que la reciente emisión por US$400 millones busca transmitir un mensaje de permanencia de largo plazo en el Perú.

Por @cabecitaterri.
semanaeconomica.com/economia-finan…",1,2,2,0,517
2025-07-13 15:19:33,ScotiabankPE,Jun 27,".@ScotiabankPE captó US$400 millones en emisión internacional de bonos subordinados. 

semanaeconomica.com/que-esta-pasan…",3,1,1,0,852
2025-07-13 15:19:33,ScotiabankPE,Jun 24,".@ScotiabankPE lanza roadshow internacional previo a nueva emisión de bonos por US$1,000 millones. Scotiabank contrató a @GoldmanSachs y Scotia Capital para presentar la operación ante inversionistas institucionales.
semanaeconomica.com/que-esta-pasan…",0,1,0,0,851
2025-07-13 15:19:33,ScotiabankPE,Jun 20,"Agradecemos a nuestro auspiciador PLATA 🎊 @ScotiabankPE, quién se une a la 30° edición de #CADEUniversitario, el encuentro de jóvenes líderes más importante del país, y se suma a nuestro compromiso de construir un Perú más desarrollado.

Conoce más aquí 👉…",0,1,1,0,422
2025-07-13 15:19:33,ScotiabankPE,Jun 6,"#BrandedContent.  La alta dirección de @ScotiabankPE, liderada por su CEO global, llegó a Perú y sostuvo reuniones con clientes estratégicos y reafirmó la importancia del mercado peruano en su operación internacional.
semanaeconomica.com/economia-finan…",1,1,2,0,954
2025-07-13 15:19:33,ScotiabankPE,May 26,"#BrandedContent.  La alta dirección de @ScotiabankPE, liderada por su CEO global, llegó a Perú y sostuvo reuniones con clientes estratégicos y reafirmó la importancia del mercado peruano en su operación internacional.
semanaeconomica.com/economia-finan…",1,1,2,1,1.0K
2025-07-13 15:19:33,ScotiabankPE,May 22,"#BrandedContent.  La alta dirección de @ScotiabankPE, liderada por su CEO global, llegó a Perú y sostuvo reuniones con clientes estratégicos y reafirmó la importancia del mercado peruano en su operación internacional. 

Conoce más: acortar.link/oCt094",1,1,3,0,1.0K
2025-07-13 15:19:33,ScotiabankPE,Apr 28,"#NotaInformativa | Buscando fortalecer la inversión privada y dinamizar el crecimiento económico, 📈 el ministro @Jose_SalardiR, junto con el director de Sistema Financiero y Mercado de Capitales de la Dirección General de Mercados Financieros y Previsional Privado, Óscar Orcón,…",1,2,5,1,1.0K
2025-07-13 15:19:33,ScotiabankPE,Mar 26,"#BrandedContent. @ScotiabankPE ha sido reconocido por segundo año consecutivo como líder de Banca Privada en Perú por Global Finance.
semanaeconomica.com/economia-finan…",8,1,0,0,2.0K
2025-07-13 15:19:33,ScotiabankPE,Mar 12,"#BrandedContent. @ScotiabankPE ha sido reconocido por segundo año consecutivo como líder de Banca Privada en Perú por Global Finance.

semanaeconomica.com/economia-finan…",4,2,0,0,2.0K
2025-07-13 15:19:33,ScotiabankPE,Mar 7,"#BrandedContent. @ScotiabankPE ha sido reconocido por segundo año consecutivo como líder de Banca Privada en Perú por Global Finance. Tras el reconocimiento, Patricia Martinez, Head de banca privada en Scotiabank, explica las acciones realizadas para lograr el reconocimiento, así…",6,1,1,0,1.0K
2025-07-13 15:19:33,ScotiabankPE,Mar 7,En Scotiabank te reconocemos tus logros y nos comprometemos a seguir trabajando por la equidad todos los días del año. #8MTodosLosDías. 💜 #8MTODOSLOSDÍAS,14,1,6,0,2.0K
2025-07-13 15:19:33,ScotiabankPE,Oct 16,"#BrandedContent. @ScotiabankPE presentó oficialmente a Sebastián Arcuri como su nuevo CEO, y junto a su CEO Global y Head of International Banking, reforzó su compromiso con sus clientes y el desarrollo del país.

Conoce más: acortar.link/Cg9UF1",19,2,11,1,7.0K
2025-07-13 15:19:33,ScotiabankPE,Sep 10,"Conoce nuestro proyecto en Punchan, Iquitos, Perú🇵🇪, con @scotiabankPE y @WorldVisionPeru, enfocado en mejorar la educación infantil con tecnología, fortalecer el rol familiar con ternura y el apoyo de proyectos juveniles.",2,4,26,1,6.0K
2025-07-13 15:19:33,ScotiabankPE,Aug 29,"Conoce nuestro proyecto en Punchana, Iquitos, Perú🇵🇪, con @ScotiabankPE y @WorldVisionPeru, enfocado en mejorar la educación infantil con tecnología, fortalecer el rol familiar con ternura y el apoyo de proyectos juveniles.",0,4,23,0,5.0K
2025-07-13 15:19:33,ScotiabankPE,Aug 8,Scotiabank lanza Fondo de Impacto Social ScotiaRISE en Perú ⏩n9.cl/bsrmz,6,1,2,0,4.0K
2025-07-13 15:19:33,ScotiabankPE,"Jun 18, 2024","Desde el 2022, hemos implementado el proyecto ""Inclusión Educativa para la Vida"" en Loreto, uno de los departamentos con mayor pobreza monetaria. Esta iniciativa, en alianza con @ScotiabankPE y @FundacioFCB, tiene como objetivo mejorar la calidad educativa de las niñas y niños.",5,1,3,0,5.0K
2025-07-13 15:19:33,ScotiabankPE,"Jun 13, 2024","En nuestro compromiso con el bienestar de la niñez, desde el 2022 implementamos el proyecto ""Inclusión Educativa para la Vida"" con el apoyo de @ScotiabankPE y la @FCBarcelona, para brindar acceso a una educación de calidad a las niñas y niños. 

#Scotiabank #FundacionBarcelona",2,6,9,0,4.0K
2025-07-13 15:19:33,ScotiabankPE,"Jun 14, 2024","Somos y seremos sus más grandes hinchas. ⚽️Etiquétalo y dile por qué lo eres. ❤️

#ScotiabankPerú #HablemosEnSerio #DíaDelPadre",18,0,4,0,4.0K
2025-07-13 15:19:33,ScotiabankPE,"May 10, 2024","El mejor regalo para mamá es reconocerla. 🤗  Etiquétala y coméntale por qué lo está haciendo bien.
#HablemosEnSerio #ScotiabankPerú #FelizDíaMamá",14,0,3,0,4.0K
2025-07-13 16:23:47,ScotiabankPE,Jul 10,"#EntrevistaSE. El CFO de @ScotiabankPE, Marcelo Rodríguez, cuenta que la reciente emisión por US$400 millones busca transmitir un mensaje de permanencia de largo plazo en el Perú.

Por @cabecitaterri.
semanaeconomica.com/economia-finan…",1,2,2,0,521
2025-07-13 16:23:47,ScotiabankPE,Jun 27,".@ScotiabankPE captó US$400 millones en emisión internacional de bonos subordinados. 

semanaeconomica.com/que-esta-pasan…",3,1,1,0,853
2025-07-13 16:23:47,ScotiabankPE,Jun 24,".@ScotiabankPE lanza roadshow internacional previo a nueva emisión de bonos por US$1,000 millones. Scotiabank contrató a @GoldmanSachs y Scotia Capital para presentar la operación ante inversionistas institucionales.
semanaeconomica.com/que-esta-pasan…",0,1,0,0,852
2025-07-13 16:23:47,ScotiabankPE,Jun 20,"Agradecemos a nuestro auspiciador PLATA 🎊 @ScotiabankPE, quién se une a la 30° edición de #CADEUniversitario, el encuentro de jóvenes líderes más importante del país, y se suma a nuestro compromiso de construir un Perú más desarrollado.

Conoce más aquí 👉…",0,1,1,0,422
2025-07-13 16:23:47,ScotiabankPE,Jun 6,"#BrandedContent.  La alta dirección de @ScotiabankPE, liderada por su CEO global, llegó a Perú y sostuvo reuniones con clientes estratégicos y reafirmó la importancia del mercado peruano en su operación internacional.
semanaeconomica.com/economia-finan…",1,1,2,0,954
2025-07-13 16:23:47,ScotiabankPE,May 26,"#BrandedContent.  La alta dirección de @ScotiabankPE, liderada por su CEO global, llegó a Perú y sostuvo reuniones con clientes estratégicos y reafirmó la importancia del mercado peruano en su operación internacional.
semanaeconomica.com/economia-finan…",1,1,2,1,1.0K
2025-07-13 16:23:47,ScotiabankPE,May 22,"#BrandedContent.  La alta dirección de @ScotiabankPE, liderada por su CEO global, llegó a Perú y sostuvo reuniones con clientes estratégicos y reafirmó la importancia del mercado peruano en su operación internacional. 

Conoce más: acortar.link/oCt094",1,1,3,0,1.0K
2025-07-13 16:23:47,ScotiabankPE,Apr 28,"#NotaInformativa | Buscando fortalecer la inversión privada y dinamizar el crecimiento económico, 📈 el ministro @Jose_SalardiR, junto con el director de Sistema Financiero y Mercado de Capitales de la Dirección General de Mercados Financieros y Previsional Privado, Óscar Orcón,…",1,2,5,1,1.0K
2025-07-13 16:23:47,ScotiabankPE,Mar 26,"#BrandedContent. @ScotiabankPE ha sido reconocido por segundo año consecutivo como líder de Banca Privada en Perú por Global Finance.
semanaeconomica.com/economia-finan…",8,1,0,0,2.0K
2025-07-13 16:23:47,ScotiabankPE,Mar 12,"#BrandedContent. @ScotiabankPE ha sido reconocido por segundo año consecutivo como líder de Banca Privada en Perú por Global Finance.

semanaeconomica.com/economia-finan…",4,2,0,0,2.0K
2025-07-13 16:23:47,ScotiabankPE,Mar 7,"#BrandedContent. @ScotiabankPE ha sido reconocido por segundo año consecutivo como líder de Banca Privada en Perú por Global Finance. Tras el reconocimiento, Patricia Martinez, Head de banca privada en Scotiabank, explica las acciones realizadas para lograr el reconocimiento, así…",6,1,1,0,1.0K
2025-07-13 16:23:47,ScotiabankPE,Mar 7,En Scotiabank te reconocemos tus logros y nos comprometemos a seguir trabajando por la equidad todos los días del año. #8MTodosLosDías. 💜 #8MTODOSLOSDÍAS,14,1,6,0,2.0K
2025-07-13 16:23:47,ScotiabankPE,Oct 16,"#BrandedContent. @ScotiabankPE presentó oficialmente a Sebastián Arcuri como su nuevo CEO, y junto a su CEO Global y Head of International Banking, reforzó su compromiso con sus clientes y el desarrollo del país.

Conoce más: acortar.link/Cg9UF1",19,2,11,1,7.0K
2025-07-13 16:23:47,ScotiabankPE,Sep 10,"Conoce nuestro proyecto en Punchan, Iquitos, Perú🇵🇪, con @scotiabankPE y @WorldVisionPeru, enfocado en mejorar la educación infantil con tecnología, fortalecer el rol familiar con ternura y el apoyo de proyectos juveniles.",2,4,26,1,6.0K
2025-07-13 16:23:47,ScotiabankPE,Aug 29,"Conoce nuestro proyecto en Punchana, Iquitos, Perú🇵🇪, con @ScotiabankPE y @WorldVisionPeru, enfocado en mejorar la educación infantil con tecnología, fortalecer el rol familiar con ternura y el apoyo de proyectos juveniles.",0,4,23,0,5.0K
2025-07-13 16:23:47,ScotiabankPE,Aug 8,Scotiabank lanza Fondo de Impacto Social ScotiaRISE en Perú ⏩n9.cl/bsrmz,6,1,2,0,4.0K
2025-07-13 16:23:47,ScotiabankPE,"Jun 18, 2024","Desde el 2022, hemos implementado el proyecto ""Inclusión Educativa para la Vida"" en Loreto, uno de los departamentos con mayor pobreza monetaria. Esta iniciativa, en alianza con @ScotiabankPE y @FundacioFCB, tiene como objetivo mejorar la calidad educativa de las niñas y niños.",5,1,3,0,5.0K
2025-07-13 16:23:47,ScotiabankPE,"Jun 13, 2024","En nuestro compromiso con el bienestar de la niñez, desde el 2022 implementamos el proyecto ""Inclusión Educativa para la Vida"" con el apoyo de @ScotiabankPE y la @FCBarcelona, para brindar acceso a una educación de calidad a las niñas y niños. 

#Scotiabank #FundacionBarcelona",2,6,9,0,4.0K
2025-07-13 16:23:47,ScotiabankPE,"Jun 14, 2024","Somos y seremos sus más grandes hinchas. ⚽️Etiquétalo y dile por qué lo eres. ❤️

#ScotiabankPerú #HablemosEnSerio #DíaDelPadre",18,0,4,0,4.0K
2025-07-13 16:23:47,ScotiabankPE,"May 10, 2024","El mejor regalo para mamá es reconocerla. 🤗  Etiquétala y coméntale por qué lo está haciendo bien.
#HablemosEnSerio #ScotiabankPerú #FelizDíaMamá",14,0,3,0,4.0K
2025-07-13 17:17:27,ScotiabankPE,Jul 10,"#EntrevistaSE. El CFO de @ScotiabankPE, Marcelo Rodríguez, cuenta que la reciente emisión por US$400 millones busca transmitir un mensaje de permanencia de largo plazo en el Perú.

Por @cabecitaterri.
semanaeconomica.com/economia-finan…",1,2,2,0,525
2025-07-13 17:17:27,ScotiabankPE,Jun 27,".@ScotiabankPE captó US$400 millones en emisión internacional de bonos subordinados. 

semanaeconomica.com/que-esta-pasan…",3,1,1,0,856
2025-07-13 17:17:27,ScotiabankPE,Jun 24,".@ScotiabankPE lanza roadshow internacional previo a nueva emisión de bonos por US$1,000 millones. Scotiabank contrató a @GoldmanSachs y Scotia Capital para presentar la operación ante inversionistas institucionales.
semanaeconomica.com/que-esta-pasan…",0,1,0,0,855
2025-07-13 17:17:27,ScotiabankPE,Jun 20,"Agradecemos a nuestro auspiciador PLATA 🎊 @ScotiabankPE, quién se une a la 30° edición de #CADEUniversitario, el encuentro de jóvenes líderes más importante del país, y se suma a nuestro compromiso de construir un Perú más desarrollado.

Conoce más aquí 👉…",0,1,1,0,425
2025-07-13 17:17:27,ScotiabankPE,Jun 6,"#BrandedContent.  La alta dirección de @ScotiabankPE, liderada por su CEO global, llegó a Perú y sostuvo reuniones con clientes estratégicos y reafirmó la importancia del mercado peruano en su operación internacional.
semanaeconomica.com/economia-finan…",1,1,2,0,957
2025-07-13 17:17:27,ScotiabankPE,May 26,"#BrandedContent.  La alta dirección de @ScotiabankPE, liderada por su CEO global, llegó a Perú y sostuvo reuniones con clientes estratégicos y reafirmó la importancia del mercado peruano en su operación internacional.
semanaeconomica.com/economia-finan…",1,1,2,1,1.0K
2025-07-13 17:17:27,ScotiabankPE,May 22,"#BrandedContent.  La alta dirección de @ScotiabankPE, liderada por su CEO global, llegó a Perú y sostuvo reuniones con clientes estratégicos y reafirmó la importancia del mercado peruano en su operación internacional. 

Conoce más: acortar.link/oCt094",1,1,3,0,1.0K
2025-07-13 17:17:27,ScotiabankPE,Apr 28,"#NotaInformativa | Buscando fortalecer la inversión privada y dinamizar el crecimiento económico, 📈 el ministro @Jose_SalardiR, junto con el director de Sistema Financiero y Mercado de Capitales de la Dirección General de Mercados Financieros y Previsional Privado, Óscar Orcón,…",1,2,5,1,1.0K
2025-07-13 17:17:27,ScotiabankPE,Mar 26,"#BrandedContent. @ScotiabankPE ha sido reconocido por segundo año consecutivo como líder de Banca Privada en Perú por Global Finance.
semanaeconomica.com/economia-finan…",8,1,0,0,2.0K
2025-07-13 17:17:27,ScotiabankPE,Mar 12,"#BrandedContent. @ScotiabankPE ha sido reconocido por segundo año consecutivo como líder de Banca Privada en Perú por Global Finance.

semanaeconomica.com/economia-finan…",4,2,0,0,2.0K
2025-07-13 17:17:27,ScotiabankPE,Mar 7,"#BrandedContent. @ScotiabankPE ha sido reconocido por segundo año consecutivo como líder de Banca Privada en Perú por Global Finance. Tras el reconocimiento, Patricia Martinez, Head de banca privada en Scotiabank, explica las acciones realizadas para lograr el reconocimiento, así…",6,1,1,0,1.0K
2025-07-13 17:17:27,ScotiabankPE,Mar 7,En Scotiabank te reconocemos tus logros y nos comprometemos a seguir trabajando por la equidad todos los días del año. #8MTodosLosDías. 💜 #8MTODOSLOSDÍAS,14,1,6,0,2.0K
2025-07-13 17:17:27,ScotiabankPE,Oct 16,"#BrandedContent. @ScotiabankPE presentó oficialmente a Sebastián Arcuri como su nuevo CEO, y junto a su CEO Global y Head of International Banking, reforzó su compromiso con sus clientes y el desarrollo del país.

Conoce más: acortar.link/Cg9UF1",19,2,11,1,7.0K
2025-07-13 17:17:27,ScotiabankPE,Sep 10,"Conoce nuestro proyecto en Punchan, Iquitos, Perú🇵🇪, con @scotiabankPE y @WorldVisionPeru, enfocado en mejorar la educación infantil con tecnología, fortalecer el rol familiar con ternura y el apoyo de proyectos juveniles.",2,4,26,1,6.0K
2025-07-13 17:17:27,ScotiabankPE,Aug 29,"Conoce nuestro proyecto en Punchana, Iquitos, Perú🇵🇪, con @ScotiabankPE y @WorldVisionPeru, enfocado en mejorar la educación infantil con tecnología, fortalecer el rol familiar con ternura y el apoyo de proyectos juveniles.",0,4,23,0,5.0K
2025-07-13 17:17:27,ScotiabankPE,Aug 8,Scotiabank lanza Fondo de Impacto Social ScotiaRISE en Perú ⏩n9.cl/bsrmz,6,1,2,0,4.0K
2025-07-13 17:17:27,ScotiabankPE,"Jun 18, 2024","Desde el 2022, hemos implementado el proyecto ""Inclusión Educativa para la Vida"" en Loreto, uno de los departamentos con mayor pobreza monetaria. Esta iniciativa, en alianza con @ScotiabankPE y @FundacioFCB, tiene como objetivo mejorar la calidad educativa de las niñas y niños.",5,1,3,0,5.0K
2025-07-13 17:17:27,ScotiabankPE,"Jun 13, 2024","En nuestro compromiso con el bienestar de la niñez, desde el 2022 implementamos el proyecto ""Inclusión Educativa para la Vida"" con el apoyo de @ScotiabankPE y la @FCBarcelona, para brindar acceso a una educación de calidad a las niñas y niños. 

#Scotiabank #FundacionBarcelona",2,6,9,0,4.0K
2025-07-13 17:17:27,ScotiabankPE,"Jun 14, 2024","Somos y seremos sus más grandes hinchas. ⚽️Etiquétalo y dile por qué lo eres. ❤️

#ScotiabankPerú #HablemosEnSerio #DíaDelPadre",18,0,4,0,4.0K
2025-07-13 17:17:27,ScotiabankPE,"May 10, 2024","El mejor regalo para mamá es reconocerla. 🤗  Etiquétala y coméntale por qué lo está haciendo bien.
#HablemosEnSerio #ScotiabankPerú #FelizDíaMamá",14,0,3,0,4.0K
2025-07-13 18:27:13,ScotiabankPE,Jul 10,"#EntrevistaSE. El CFO de @ScotiabankPE, Marcelo Rodríguez, cuenta que la reciente emisión por US$400 millones busca transmitir un mensaje de permanencia de largo plazo en el Perú.

Por @cabecitaterri.
semanaeconomica.com/economia-finan…",1,2,2,0,526
2025-07-13 18:27:13,ScotiabankPE,Jun 27,".@ScotiabankPE captó US$400 millones en emisión internacional de bonos subordinados. 

semanaeconomica.com/que-esta-pasan…",3,1,1,0,857
2025-07-13 18:27:13,ScotiabankPE,Jun 24,".@ScotiabankPE lanza roadshow internacional previo a nueva emisión de bonos por US$1,000 millones. Scotiabank contrató a @GoldmanSachs y Scotia Capital para presentar la operación ante inversionistas institucionales.
semanaeconomica.com/que-esta-pasan…",0,1,0,0,856
2025-07-13 18:27:13,ScotiabankPE,Jun 20,"Agradecemos a nuestro auspiciador PLATA 🎊 @ScotiabankPE, quién se une a la 30° edición de #CADEUniversitario, el encuentro de jóvenes líderes más importante del país, y se suma a nuestro compromiso de construir un Perú más desarrollado.

Conoce más aquí 👉…",0,1,1,0,426
2025-07-13 18:27:13,ScotiabankPE,Jun 6,"#BrandedContent.  La alta dirección de @ScotiabankPE, liderada por su CEO global, llegó a Perú y sostuvo reuniones con clientes estratégicos y reafirmó la importancia del mercado peruano en su operación internacional.
semanaeconomica.com/economia-finan…",1,1,2,0,958
2025-07-13 18:27:13,ScotiabankPE,May 26,"#BrandedContent.  La alta dirección de @ScotiabankPE, liderada por su CEO global, llegó a Perú y sostuvo reuniones con clientes estratégicos y reafirmó la importancia del mercado peruano en su operación internacional.
semanaeconomica.com/economia-finan…",1,1,2,1,1.0K
2025-07-13 18:27:13,ScotiabankPE,May 22,"#BrandedContent.  La alta dirección de @ScotiabankPE, liderada por su CEO global, llegó a Perú y sostuvo reuniones con clientes estratégicos y reafirmó la importancia del mercado peruano en su operación internacional. 

Conoce más: acortar.link/oCt094",1,1,3,0,1.0K
2025-07-13 18:27:13,ScotiabankPE,Apr 28,"#NotaInformativa | Buscando fortalecer la inversión privada y dinamizar el crecimiento económico, 📈 el ministro @Jose_SalardiR, junto con el director de Sistema Financiero y Mercado de Capitales de la Dirección General de Mercados Financieros y Previsional Privado, Óscar Orcón,…",1,2,5,1,1.0K
2025-07-13 18:27:13,ScotiabankPE,Mar 26,"#BrandedContent. @ScotiabankPE ha sido reconocido por segundo año consecutivo como líder de Banca Privada en Perú por Global Finance.
semanaeconomica.com/economia-finan…",8,1,0,0,2.0K
2025-07-13 18:27:13,ScotiabankPE,Mar 12,"#BrandedContent. @ScotiabankPE ha sido reconocido por segundo año consecutivo como líder de Banca Privada en Perú por Global Finance.

semanaeconomica.com/economia-finan…",4,2,0,0,2.0K
2025-07-13 18:27:13,ScotiabankPE,Mar 7,"#BrandedContent. @ScotiabankPE ha sido reconocido por segundo año consecutivo como líder de Banca Privada en Perú por Global Finance. Tras el reconocimiento, Patricia Martinez, Head de banca privada en Scotiabank, explica las acciones realizadas para lograr el reconocimiento, así…",6,1,1,0,1.0K
2025-07-13 18:27:13,ScotiabankPE,Mar 7,En Scotiabank te reconocemos tus logros y nos comprometemos a seguir trabajando por la equidad todos los días del año. #8MTodosLosDías. 💜 #8MTODOSLOSDÍAS,14,1,6,0,2.0K
2025-07-13 18:27:13,ScotiabankPE,Oct 16,"#BrandedContent. @ScotiabankPE presentó oficialmente a Sebastián Arcuri como su nuevo CEO, y junto a su CEO Global y Head of International Banking, reforzó su compromiso con sus clientes y el desarrollo del país.

Conoce más: acortar.link/Cg9UF1",19,2,11,1,7.0K
2025-07-13 18:27:13,ScotiabankPE,Sep 10,"Conoce nuestro proyecto en Punchan, Iquitos, Perú🇵🇪, con @scotiabankPE y @WorldVisionPeru, enfocado en mejorar la educación infantil con tecnología, fortalecer el rol familiar con ternura y el apoyo de proyectos juveniles.",2,4,26,1,6.0K
2025-07-13 18:27:13,ScotiabankPE,Aug 29,"Conoce nuestro proyecto en Punchana, Iquitos, Perú🇵🇪, con @ScotiabankPE y @WorldVisionPeru, enfocado en mejorar la educación infantil con tecnología, fortalecer el rol familiar con ternura y el apoyo de proyectos juveniles.",0,4,23,0,5.0K
2025-07-13 18:27:13,ScotiabankPE,Aug 8,Scotiabank lanza Fondo de Impacto Social ScotiaRISE en Perú ⏩n9.cl/bsrmz,6,1,2,0,4.0K
2025-07-13 18:27:13,ScotiabankPE,"Jun 18, 2024","Desde el 2022, hemos implementado el proyecto ""Inclusión Educativa para la Vida"" en Loreto, uno de los departamentos con mayor pobreza monetaria. Esta iniciativa, en alianza con @ScotiabankPE y @FundacioFCB, tiene como objetivo mejorar la calidad educativa de las niñas y niños.",5,1,3,0,5.0K
2025-07-13 18:27:13,ScotiabankPE,"Jun 13, 2024","En nuestro compromiso con el bienestar de la niñez, desde el 2022 implementamos el proyecto ""Inclusión Educativa para la Vida"" con el apoyo de @ScotiabankPE y la @FCBarcelona, para brindar acceso a una educación de calidad a las niñas y niños. 

#Scotiabank #FundacionBarcelona",2,6,9,0,4.0K
2025-07-13 18:27:13,ScotiabankPE,"Jun 14, 2024","Somos y seremos sus más grandes hinchas. ⚽️Etiquétalo y dile por qué lo eres. ❤️

#ScotiabankPerú #HablemosEnSerio #DíaDelPadre",18,0,4,0,4.0K
2025-07-13 18:27:13,ScotiabankPE,"May 10, 2024","El mejor regalo para mamá es reconocerla. 🤗  Etiquétala y coméntale por qué lo está haciendo bien.
#HablemosEnSerio #ScotiabankPerú #FelizDíaMamá",14,0,3,0,4.0K
2025-07-13 19:16:02,ScotiabankPE,Jul 10,"#EntrevistaSE. El CFO de @ScotiabankPE, Marcelo Rodríguez, cuenta que la reciente emisión por US$400 millones busca transmitir un mensaje de permanencia de largo plazo en el Perú.

Por @cabecitaterri.
semanaeconomica.com/economia-finan…",1,2,2,0,526
2025-07-13 19:16:02,ScotiabankPE,Jun 27,".@ScotiabankPE captó US$400 millones en emisión internacional de bonos subordinados. 

semanaeconomica.com/que-esta-pasan…",3,1,1,0,857
2025-07-13 19:16:02,ScotiabankPE,Jun 24,".@ScotiabankPE lanza roadshow internacional previo a nueva emisión de bonos por US$1,000 millones. Scotiabank contrató a @GoldmanSachs y Scotia Capital para presentar la operación ante inversionistas institucionales.
semanaeconomica.com/que-esta-pasan…",0,1,0,0,856
2025-07-13 19:16:02,ScotiabankPE,Jun 20,"Agradecemos a nuestro auspiciador PLATA 🎊 @ScotiabankPE, quién se une a la 30° edición de #CADEUniversitario, el encuentro de jóvenes líderes más importante del país, y se suma a nuestro compromiso de construir un Perú más desarrollado.

Conoce más aquí 👉…",0,1,1,0,426
2025-07-13 19:16:02,ScotiabankPE,Jun 6,"#BrandedContent.  La alta dirección de @ScotiabankPE, liderada por su CEO global, llegó a Perú y sostuvo reuniones con clientes estratégicos y reafirmó la importancia del mercado peruano en su operación internacional.
semanaeconomica.com/economia-finan…",1,1,2,0,958
2025-07-13 19:16:02,ScotiabankPE,May 26,"#BrandedContent.  La alta dirección de @ScotiabankPE, liderada por su CEO global, llegó a Perú y sostuvo reuniones con clientes estratégicos y reafirmó la importancia del mercado peruano en su operación internacional.
semanaeconomica.com/economia-finan…",1,1,2,1,1.0K
2025-07-13 19:16:02,ScotiabankPE,May 22,"#BrandedContent.  La alta dirección de @ScotiabankPE, liderada por su CEO global, llegó a Perú y sostuvo reuniones con clientes estratégicos y reafirmó la importancia del mercado peruano en su operación internacional. 

Conoce más: acortar.link/oCt094",1,1,3,0,1.0K
2025-07-13 19:16:02,ScotiabankPE,Apr 28,"#NotaInformativa | Buscando fortalecer la inversión privada y dinamizar el crecimiento económico, 📈 el ministro @Jose_SalardiR, junto con el director de Sistema Financiero y Mercado de Capitales de la Dirección General de Mercados Financieros y Previsional Privado, Óscar Orcón,…",1,2,5,1,1.0K
2025-07-13 19:16:02,ScotiabankPE,Mar 26,"#BrandedContent. @ScotiabankPE ha sido reconocido por segundo año consecutivo como líder de Banca Privada en Perú por Global Finance.
semanaeconomica.com/economia-finan…",8,1,0,0,2.0K
2025-07-13 19:16:02,ScotiabankPE,Mar 12,"#BrandedContent. @ScotiabankPE ha sido reconocido por segundo año consecutivo como líder de Banca Privada en Perú por Global Finance.

semanaeconomica.com/economia-finan…",4,2,0,0,2.0K
2025-07-13 19:16:02,ScotiabankPE,Mar 7,"#BrandedContent. @ScotiabankPE ha sido reconocido por segundo año consecutivo como líder de Banca Privada en Perú por Global Finance. Tras el reconocimiento, Patricia Martinez, Head de banca privada en Scotiabank, explica las acciones realizadas para lograr el reconocimiento, así…",6,1,1,0,1.0K
2025-07-13 19:16:02,ScotiabankPE,Mar 7,En Scotiabank te reconocemos tus logros y nos comprometemos a seguir trabajando por la equidad todos los días del año. #8MTodosLosDías. 💜 #8MTODOSLOSDÍAS,14,1,6,0,2.0K
2025-07-13 19:16:02,ScotiabankPE,Oct 16,"#BrandedContent. @ScotiabankPE presentó oficialmente a Sebastián Arcuri como su nuevo CEO, y junto a su CEO Global y Head of International Banking, reforzó su compromiso con sus clientes y el desarrollo del país.

Conoce más: acortar.link/Cg9UF1",19,2,11,1,7.0K
2025-07-13 19:16:02,ScotiabankPE,Sep 10,"Conoce nuestro proyecto en Punchan, Iquitos, Perú🇵🇪, con @scotiabankPE y @WorldVisionPeru, enfocado en mejorar la educación infantil con tecnología, fortalecer el rol familiar con ternura y el apoyo de proyectos juveniles.",2,4,26,1,6.0K
2025-07-13 19:16:02,ScotiabankPE,Aug 29,"Conoce nuestro proyecto en Punchana, Iquitos, Perú🇵🇪, con @ScotiabankPE y @WorldVisionPeru, enfocado en mejorar la educación infantil con tecnología, fortalecer el rol familiar con ternura y el apoyo de proyectos juveniles.",0,4,23,0,5.0K
2025-07-13 19:16:02,ScotiabankPE,Aug 8,Scotiabank lanza Fondo de Impacto Social ScotiaRISE en Perú ⏩n9.cl/bsrmz,6,1,2,0,4.0K
2025-07-13 19:16:02,ScotiabankPE,"Jun 18, 2024","Desde el 2022, hemos implementado el proyecto ""Inclusión Educativa para la Vida"" en Loreto, uno de los departamentos con mayor pobreza monetaria. Esta iniciativa, en alianza con @ScotiabankPE y @FundacioFCB, tiene como objetivo mejorar la calidad educativa de las niñas y niños.",5,1,3,0,5.0K
2025-07-13 19:16:02,ScotiabankPE,"Jun 13, 2024","En nuestro compromiso con el bienestar de la niñez, desde el 2022 implementamos el proyecto ""Inclusión Educativa para la Vida"" con el apoyo de @ScotiabankPE y la @FCBarcelona, para brindar acceso a una educación de calidad a las niñas y niños. 

#Scotiabank #FundacionBarcelona",2,6,9,0,4.0K
2025-07-13 19:16:02,ScotiabankPE,"Jun 14, 2024","Somos y seremos sus más grandes hinchas. ⚽️Etiquétalo y dile por qué lo eres. ❤️

#ScotiabankPerú #HablemosEnSerio #DíaDelPadre",18,0,4,0,4.0K
2025-07-13 19:16:02,ScotiabankPE,"May 10, 2024","El mejor regalo para mamá es reconocerla. 🤗  Etiquétala y coméntale por qué lo está haciendo bien.
#HablemosEnSerio #ScotiabankPerú #FelizDíaMamá",14,0,3,0,4.0K
2025-07-13 20:20:59,ScotiabankPE,Jul 10,"#EntrevistaSE. El CFO de @ScotiabankPE, Marcelo Rodríguez, cuenta que la reciente emisión por US$400 millones busca transmitir un mensaje de permanencia de largo plazo en el Perú.

Por @cabecitaterri.
semanaeconomica.com/economia-finan…",1,2,2,0,526
2025-07-13 20:20:59,ScotiabankPE,Jun 27,".@ScotiabankPE captó US$400 millones en emisión internacional de bonos subordinados. 

semanaeconomica.com/que-esta-pasan…",3,1,1,0,857
2025-07-13 20:20:59,ScotiabankPE,Jun 24,".@ScotiabankPE lanza roadshow internacional previo a nueva emisión de bonos por US$1,000 millones. Scotiabank contrató a @GoldmanSachs y Scotia Capital para presentar la operación ante inversionistas institucionales.
semanaeconomica.com/que-esta-pasan…",0,1,0,0,856
2025-07-13 20:20:59,ScotiabankPE,Jun 20,"Agradecemos a nuestro auspiciador PLATA 🎊 @ScotiabankPE, quién se une a la 30° edición de #CADEUniversitario, el encuentro de jóvenes líderes más importante del país, y se suma a nuestro compromiso de construir un Perú más desarrollado.

Conoce más aquí 👉…",0,1,1,0,426
2025-07-13 20:20:59,ScotiabankPE,Jun 6,"#BrandedContent.  La alta dirección de @ScotiabankPE, liderada por su CEO global, llegó a Perú y sostuvo reuniones con clientes estratégicos y reafirmó la importancia del mercado peruano en su operación internacional.
semanaeconomica.com/economia-finan…",1,1,2,0,958
2025-07-13 20:20:59,ScotiabankPE,May 26,"#BrandedContent.  La alta dirección de @ScotiabankPE, liderada por su CEO global, llegó a Perú y sostuvo reuniones con clientes estratégicos y reafirmó la importancia del mercado peruano en su operación internacional.
semanaeconomica.com/economia-finan…",1,1,2,1,1.0K
2025-07-13 20:20:59,ScotiabankPE,May 22,"#BrandedContent.  La alta dirección de @ScotiabankPE, liderada por su CEO global, llegó a Perú y sostuvo reuniones con clientes estratégicos y reafirmó la importancia del mercado peruano en su operación internacional. 

Conoce más: acortar.link/oCt094",1,1,3,0,1.0K
2025-07-13 20:20:59,ScotiabankPE,Apr 28,"#NotaInformativa | Buscando fortalecer la inversión privada y dinamizar el crecimiento económico, 📈 el ministro @Jose_SalardiR, junto con el director de Sistema Financiero y Mercado de Capitales de la Dirección General de Mercados Financieros y Previsional Privado, Óscar Orcón,…",1,2,5,1,1.0K
2025-07-13 20:20:59,ScotiabankPE,Mar 26,"#BrandedContent. @ScotiabankPE ha sido reconocido por segundo año consecutivo como líder de Banca Privada en Perú por Global Finance.
semanaeconomica.com/economia-finan…",8,1,0,0,2.0K
2025-07-13 20:20:59,ScotiabankPE,Mar 12,"#BrandedContent. @ScotiabankPE ha sido reconocido por segundo año consecutivo como líder de Banca Privada en Perú por Global Finance.

semanaeconomica.com/economia-finan…",4,2,0,0,2.0K
2025-07-13 20:20:59,ScotiabankPE,Mar 7,"#BrandedContent. @ScotiabankPE ha sido reconocido por segundo año consecutivo como líder de Banca Privada en Perú por Global Finance. Tras el reconocimiento, Patricia Martinez, Head de banca privada en Scotiabank, explica las acciones realizadas para lograr el reconocimiento, así…",6,1,1,0,1.0K
2025-07-13 20:20:59,ScotiabankPE,Mar 7,En Scotiabank te reconocemos tus logros y nos comprometemos a seguir trabajando por la equidad todos los días del año. #8MTodosLosDías. 💜 #8MTODOSLOSDÍAS,14,1,6,0,2.0K
2025-07-13 20:20:59,ScotiabankPE,Oct 16,"#BrandedContent. @ScotiabankPE presentó oficialmente a Sebastián Arcuri como su nuevo CEO, y junto a su CEO Global y Head of International Banking, reforzó su compromiso con sus clientes y el desarrollo del país.

Conoce más: acortar.link/Cg9UF1",19,2,11,1,7.0K
2025-07-13 20:20:59,ScotiabankPE,Sep 10,"Conoce nuestro proyecto en Punchan, Iquitos, Perú🇵🇪, con @scotiabankPE y @WorldVisionPeru, enfocado en mejorar la educación infantil con tecnología, fortalecer el rol familiar con ternura y el apoyo de proyectos juveniles.",2,4,26,1,6.0K
2025-07-13 20:20:59,ScotiabankPE,Aug 29,"Conoce nuestro proyecto en Punchana, Iquitos, Perú🇵🇪, con @ScotiabankPE y @WorldVisionPeru, enfocado en mejorar la educación infantil con tecnología, fortalecer el rol familiar con ternura y el apoyo de proyectos juveniles.",0,4,23,0,5.0K
2025-07-13 20:20:59,ScotiabankPE,Aug 8,Scotiabank lanza Fondo de Impacto Social ScotiaRISE en Perú ⏩n9.cl/bsrmz,6,1,2,0,4.0K
2025-07-13 20:20:59,ScotiabankPE,"Jun 18, 2024","Desde el 2022, hemos implementado el proyecto ""Inclusión Educativa para la Vida"" en Loreto, uno de los departamentos con mayor pobreza monetaria. Esta iniciativa, en alianza con @ScotiabankPE y @FundacioFCB, tiene como objetivo mejorar la calidad educativa de las niñas y niños.",5,1,3,0,5.0K
2025-07-13 20:20:59,ScotiabankPE,"Jun 13, 2024","En nuestro compromiso con el bienestar de la niñez, desde el 2022 implementamos el proyecto ""Inclusión Educativa para la Vida"" con el apoyo de @ScotiabankPE y la @FCBarcelona, para brindar acceso a una educación de calidad a las niñas y niños. 

#Scotiabank #FundacionBarcelona",2,6,9,0,4.0K
2025-07-13 20:20:59,ScotiabankPE,"Jun 14, 2024","Somos y seremos sus más grandes hinchas. ⚽️Etiquétalo y dile por qué lo eres. ❤️

#ScotiabankPerú #HablemosEnSerio #DíaDelPadre",18,0,4,0,4.0K
2025-07-13 20:20:59,ScotiabankPE,"May 10, 2024","El mejor regalo para mamá es reconocerla. 🤗  Etiquétala y coméntale por qué lo está haciendo bien.
#HablemosEnSerio #ScotiabankPerú #FelizDíaMamá",14,0,3,0,4.0K
2025-07-13 21:18:34,ScotiabankPE,Jul 10,"#EntrevistaSE. El CFO de @ScotiabankPE, Marcelo Rodríguez, cuenta que la reciente emisión por US$400 millones busca transmitir un mensaje de permanencia de largo plazo en el Perú.

Por @cabecitaterri.
semanaeconomica.com/economia-finan…",1,2,3,0,531
2025-07-13 21:18:34,ScotiabankPE,Jun 27,".@ScotiabankPE captó US$400 millones en emisión internacional de bonos subordinados. 

semanaeconomica.com/que-esta-pasan…",3,1,1,0,861
2025-07-13 21:18:34,ScotiabankPE,Jun 24,".@ScotiabankPE lanza roadshow internacional previo a nueva emisión de bonos por US$1,000 millones. Scotiabank contrató a @GoldmanSachs y Scotia Capital para presentar la operación ante inversionistas institucionales.
semanaeconomica.com/que-esta-pasan…",0,1,0,0,860
2025-07-13 21:18:34,ScotiabankPE,Jun 20,"Agradecemos a nuestro auspiciador PLATA 🎊 @ScotiabankPE, quién se une a la 30° edición de #CADEUniversitario, el encuentro de jóvenes líderes más importante del país, y se suma a nuestro compromiso de construir un Perú más desarrollado.

Conoce más aquí 👉…",0,1,2,0,427
2025-07-13 21:18:34,ScotiabankPE,Jun 6,"#BrandedContent.  La alta dirección de @ScotiabankPE, liderada por su CEO global, llegó a Perú y sostuvo reuniones con clientes estratégicos y reafirmó la importancia del mercado peruano en su operación internacional.
semanaeconomica.com/economia-finan…",1,1,2,0,959
2025-07-13 21:18:34,ScotiabankPE,May 26,"#BrandedContent.  La alta dirección de @ScotiabankPE, liderada por su CEO global, llegó a Perú y sostuvo reuniones con clientes estratégicos y reafirmó la importancia del mercado peruano en su operación internacional.
semanaeconomica.com/economia-finan…",1,1,2,1,1.0K
2025-07-13 21:18:34,ScotiabankPE,May 22,"#BrandedContent.  La alta dirección de @ScotiabankPE, liderada por su CEO global, llegó a Perú y sostuvo reuniones con clientes estratégicos y reafirmó la importancia del mercado peruano en su operación internacional. 

Conoce más: acortar.link/oCt094",1,1,3,0,1.0K
2025-07-13 21:18:34,ScotiabankPE,Apr 28,"#NotaInformativa | Buscando fortalecer la inversión privada y dinamizar el crecimiento económico, 📈 el ministro @Jose_SalardiR, junto con el director de Sistema Financiero y Mercado de Capitales de la Dirección General de Mercados Financieros y Previsional Privado, Óscar Orcón,…",1,2,5,1,1.0K
2025-07-13 21:18:34,ScotiabankPE,Mar 26,"#BrandedContent. @ScotiabankPE ha sido reconocido por segundo año consecutivo como líder de Banca Privada en Perú por Global Finance.
semanaeconomica.com/economia-finan…",8,1,0,0,2.0K
2025-07-13 21:18:34,ScotiabankPE,Mar 12,"#BrandedContent. @ScotiabankPE ha sido reconocido por segundo año consecutivo como líder de Banca Privada en Perú por Global Finance.

semanaeconomica.com/economia-finan…",4,2,0,0,2.0K
2025-07-13 21:18:34,ScotiabankPE,Mar 7,"#BrandedContent. @ScotiabankPE ha sido reconocido por segundo año consecutivo como líder de Banca Privada en Perú por Global Finance. Tras el reconocimiento, Patricia Martinez, Head de banca privada en Scotiabank, explica las acciones realizadas para lograr el reconocimiento, así…",6,1,1,0,1.0K
2025-07-13 21:18:34,ScotiabankPE,Mar 7,En Scotiabank te reconocemos tus logros y nos comprometemos a seguir trabajando por la equidad todos los días del año. #8MTodosLosDías. 💜 #8MTODOSLOSDÍAS,14,1,6,0,2.0K
2025-07-13 21:18:34,ScotiabankPE,Oct 16,"#BrandedContent. @ScotiabankPE presentó oficialmente a Sebastián Arcuri como su nuevo CEO, y junto a su CEO Global y Head of International Banking, reforzó su compromiso con sus clientes y el desarrollo del país.

Conoce más: acortar.link/Cg9UF1",19,2,11,1,7.0K
2025-07-13 21:18:34,ScotiabankPE,Sep 10,"Conoce nuestro proyecto en Punchan, Iquitos, Perú🇵🇪, con @scotiabankPE y @WorldVisionPeru, enfocado en mejorar la educación infantil con tecnología, fortalecer el rol familiar con ternura y el apoyo de proyectos juveniles.",2,4,26,1,6.0K
2025-07-13 21:18:34,ScotiabankPE,Aug 29,"Conoce nuestro proyecto en Punchana, Iquitos, Perú🇵🇪, con @ScotiabankPE y @WorldVisionPeru, enfocado en mejorar la educación infantil con tecnología, fortalecer el rol familiar con ternura y el apoyo de proyectos juveniles.",0,4,23,0,5.0K
2025-07-13 21:18:34,ScotiabankPE,Aug 8,Scotiabank lanza Fondo de Impacto Social ScotiaRISE en Perú ⏩n9.cl/bsrmz,6,1,2,0,4.0K
2025-07-13 21:18:34,ScotiabankPE,"Jun 18, 2024","Desde el 2022, hemos implementado el proyecto ""Inclusión Educativa para la Vida"" en Loreto, uno de los departamentos con mayor pobreza monetaria. Esta iniciativa, en alianza con @ScotiabankPE y @FundacioFCB, tiene como objetivo mejorar la calidad educativa de las niñas y niños.",5,1,3,0,5.0K
2025-07-13 21:18:34,ScotiabankPE,"Jun 13, 2024","En nuestro compromiso con el bienestar de la niñez, desde el 2022 implementamos el proyecto ""Inclusión Educativa para la Vida"" con el apoyo de @ScotiabankPE y la @FCBarcelona, para brindar acceso a una educación de calidad a las niñas y niños. 

#Scotiabank #FundacionBarcelona",2,6,9,0,4.0K
2025-07-13 21:18:34,ScotiabankPE,"Jun 14, 2024","Somos y seremos sus más grandes hinchas. ⚽️Etiquétalo y dile por qué lo eres. ❤️

#ScotiabankPerú #HablemosEnSerio #DíaDelPadre",18,0,4,0,4.0K
2025-07-13 21:18:34,ScotiabankPE,"May 10, 2024","El mejor regalo para mamá es reconocerla. 🤗  Etiquétala y coméntale por qué lo está haciendo bien.
#HablemosEnSerio #ScotiabankPerú #FelizDíaMamá",14,0,3,0,4.0K
2025-07-13 22:19:05,ScotiabankPE,Jul 10,"#EntrevistaSE. El CFO de @ScotiabankPE, Marcelo Rodríguez, cuenta que la reciente emisión por US$400 millones busca transmitir un mensaje de permanencia de largo plazo en el Perú.

Por @cabecitaterri.
semanaeconomica.com/economia-finan…",1,2,3,0,532
2025-07-13 22:19:05,ScotiabankPE,Jun 27,".@ScotiabankPE captó US$400 millones en emisión internacional de bonos subordinados. 

semanaeconomica.com/que-esta-pasan…",3,1,1,0,862
2025-07-13 22:19:05,ScotiabankPE,Jun 24,".@ScotiabankPE lanza roadshow internacional previo a nueva emisión de bonos por US$1,000 millones. Scotiabank contrató a @GoldmanSachs y Scotia Capital para presentar la operación ante inversionistas institucionales.
semanaeconomica.com/que-esta-pasan…",0,1,0,0,861
2025-07-13 22:19:05,ScotiabankPE,Jun 20,"Agradecemos a nuestro auspiciador PLATA 🎊 @ScotiabankPE, quién se une a la 30° edición de #CADEUniversitario, el encuentro de jóvenes líderes más importante del país, y se suma a nuestro compromiso de construir un Perú más desarrollado.

Conoce más aquí 👉…",0,1,2,0,428
2025-07-13 22:19:05,ScotiabankPE,Jun 6,"#BrandedContent.  La alta dirección de @ScotiabankPE, liderada por su CEO global, llegó a Perú y sostuvo reuniones con clientes estratégicos y reafirmó la importancia del mercado peruano en su operación internacional.
semanaeconomica.com/economia-finan…",1,1,2,0,960
2025-07-13 22:19:05,ScotiabankPE,May 26,"#BrandedContent.  La alta dirección de @ScotiabankPE, liderada por su CEO global, llegó a Perú y sostuvo reuniones con clientes estratégicos y reafirmó la importancia del mercado peruano en su operación internacional.
semanaeconomica.com/economia-finan…",1,1,2,1,1.0K
2025-07-13 22:19:05,ScotiabankPE,May 22,"#BrandedContent.  La alta dirección de @ScotiabankPE, liderada por su CEO global, llegó a Perú y sostuvo reuniones con clientes estratégicos y reafirmó la importancia del mercado peruano en su operación internacional. 

Conoce más: acortar.link/oCt094",1,1,3,0,1.0K
2025-07-13 22:19:05,ScotiabankPE,Apr 28,"#NotaInformativa | Buscando fortalecer la inversión privada y dinamizar el crecimiento económico, 📈 el ministro @Jose_SalardiR, junto con el director de Sistema Financiero y Mercado de Capitales de la Dirección General de Mercados Financieros y Previsional Privado, Óscar Orcón,…",1,2,5,1,1.0K
2025-07-13 22:19:05,ScotiabankPE,Mar 26,"#BrandedContent. @ScotiabankPE ha sido reconocido por segundo año consecutivo como líder de Banca Privada en Perú por Global Finance.
semanaeconomica.com/economia-finan…",8,1,0,0,2.0K
2025-07-13 22:19:05,ScotiabankPE,Mar 12,"#BrandedContent. @ScotiabankPE ha sido reconocido por segundo año consecutivo como líder de Banca Privada en Perú por Global Finance.

semanaeconomica.com/economia-finan…",4,2,0,0,2.0K
2025-07-13 22:19:05,ScotiabankPE,Mar 7,"#BrandedContent. @ScotiabankPE ha sido reconocido por segundo año consecutivo como líder de Banca Privada en Perú por Global Finance. Tras el reconocimiento, Patricia Martinez, Head de banca privada en Scotiabank, explica las acciones realizadas para lograr el reconocimiento, así…",6,1,1,0,1.0K
2025-07-13 22:19:05,ScotiabankPE,Mar 7,En Scotiabank te reconocemos tus logros y nos comprometemos a seguir trabajando por la equidad todos los días del año. #8MTodosLosDías. 💜 #8MTODOSLOSDÍAS,14,1,6,0,2.0K
2025-07-13 22:19:05,ScotiabankPE,Oct 16,"#BrandedContent. @ScotiabankPE presentó oficialmente a Sebastián Arcuri como su nuevo CEO, y junto a su CEO Global y Head of International Banking, reforzó su compromiso con sus clientes y el desarrollo del país.

Conoce más: acortar.link/Cg9UF1",19,2,11,1,7.0K
2025-07-13 22:19:05,ScotiabankPE,Sep 10,"Conoce nuestro proyecto en Punchan, Iquitos, Perú🇵🇪, con @scotiabankPE y @WorldVisionPeru, enfocado en mejorar la educación infantil con tecnología, fortalecer el rol familiar con ternura y el apoyo de proyectos juveniles.",2,4,26,1,6.0K
2025-07-13 22:19:05,ScotiabankPE,Aug 29,"Conoce nuestro proyecto en Punchana, Iquitos, Perú🇵🇪, con @ScotiabankPE y @WorldVisionPeru, enfocado en mejorar la educación infantil con tecnología, fortalecer el rol familiar con ternura y el apoyo de proyectos juveniles.",0,4,23,0,5.0K
2025-07-13 22:19:05,ScotiabankPE,Aug 8,Scotiabank lanza Fondo de Impacto Social ScotiaRISE en Perú ⏩n9.cl/bsrmz,6,1,2,0,4.0K
2025-07-13 22:19:05,ScotiabankPE,"Jun 18, 2024","Desde el 2022, hemos implementado el proyecto ""Inclusión Educativa para la Vida"" en Loreto, uno de los departamentos con mayor pobreza monetaria. Esta iniciativa, en alianza con @ScotiabankPE y @FundacioFCB, tiene como objetivo mejorar la calidad educativa de las niñas y niños.",5,1,3,0,5.0K
2025-07-13 22:19:05,ScotiabankPE,"Jun 13, 2024","En nuestro compromiso con el bienestar de la niñez, desde el 2022 implementamos el proyecto ""Inclusión Educativa para la Vida"" con el apoyo de @ScotiabankPE y la @FCBarcelona, para brindar acceso a una educación de calidad a las niñas y niños. 

#Scotiabank #FundacionBarcelona",2,6,9,0,4.0K
2025-07-13 22:19:05,ScotiabankPE,"Jun 14, 2024","Somos y seremos sus más grandes hinchas. ⚽️Etiquétalo y dile por qué lo eres. ❤️

#ScotiabankPerú #HablemosEnSerio #DíaDelPadre",18,0,4,0,4.0K
2025-07-13 22:19:05,ScotiabankPE,"May 10, 2024","El mejor regalo para mamá es reconocerla. 🤗  Etiquétala y coméntale por qué lo está haciendo bien.
#HablemosEnSerio #ScotiabankPerú #FelizDíaMamá",14,0,3,0,4.0K
2025-07-13 23:20:48,ScotiabankPE,Jul 10,"#EntrevistaSE. El CFO de @ScotiabankPE, Marcelo Rodríguez, cuenta que la reciente emisión por US$400 millones busca transmitir un mensaje de permanencia de largo plazo en el Perú.

Por @cabecitaterri.
semanaeconomica.com/economia-finan…",1,2,3,0,532
2025-07-13 23:20:48,ScotiabankPE,Jun 27,".@ScotiabankPE captó US$400 millones en emisión internacional de bonos subordinados. 

semanaeconomica.com/que-esta-pasan…",3,1,1,0,862
2025-07-13 23:20:48,ScotiabankPE,Jun 24,".@ScotiabankPE lanza roadshow internacional previo a nueva emisión de bonos por US$1,000 millones. Scotiabank contrató a @GoldmanSachs y Scotia Capital para presentar la operación ante inversionistas institucionales.
semanaeconomica.com/que-esta-pasan…",0,1,0,0,861
2025-07-13 23:20:48,ScotiabankPE,Jun 20,"Agradecemos a nuestro auspiciador PLATA 🎊 @ScotiabankPE, quién se une a la 30° edición de #CADEUniversitario, el encuentro de jóvenes líderes más importante del país, y se suma a nuestro compromiso de construir un Perú más desarrollado.

Conoce más aquí 👉…",0,1,2,0,428
2025-07-13 23:20:48,ScotiabankPE,Jun 6,"#BrandedContent.  La alta dirección de @ScotiabankPE, liderada por su CEO global, llegó a Perú y sostuvo reuniones con clientes estratégicos y reafirmó la importancia del mercado peruano en su operación internacional.
semanaeconomica.com/economia-finan…",1,1,2,0,960
2025-07-13 23:20:48,ScotiabankPE,May 26,"#BrandedContent.  La alta dirección de @ScotiabankPE, liderada por su CEO global, llegó a Perú y sostuvo reuniones con clientes estratégicos y reafirmó la importancia del mercado peruano en su operación internacional.
semanaeconomica.com/economia-finan…",1,1,2,1,1.0K
2025-07-13 23:20:48,ScotiabankPE,May 22,"#BrandedContent.  La alta dirección de @ScotiabankPE, liderada por su CEO global, llegó a Perú y sostuvo reuniones con clientes estratégicos y reafirmó la importancia del mercado peruano en su operación internacional. 

Conoce más: acortar.link/oCt094",1,1,3,0,1.0K
2025-07-13 23:20:48,ScotiabankPE,Apr 28,"#NotaInformativa | Buscando fortalecer la inversión privada y dinamizar el crecimiento económico, 📈 el ministro @Jose_SalardiR, junto con el director de Sistema Financiero y Mercado de Capitales de la Dirección General de Mercados Financieros y Previsional Privado, Óscar Orcón,…",1,2,5,1,1.0K
2025-07-13 23:20:48,ScotiabankPE,Mar 26,"#BrandedContent. @ScotiabankPE ha sido reconocido por segundo año consecutivo como líder de Banca Privada en Perú por Global Finance.
semanaeconomica.com/economia-finan…",8,1,0,0,2.0K
2025-07-13 23:20:48,ScotiabankPE,Mar 12,"#BrandedContent. @ScotiabankPE ha sido reconocido por segundo año consecutivo como líder de Banca Privada en Perú por Global Finance.

semanaeconomica.com/economia-finan…",4,2,0,0,2.0K
2025-07-13 23:20:48,ScotiabankPE,Mar 7,"#BrandedContent. @ScotiabankPE ha sido reconocido por segundo año consecutivo como líder de Banca Privada en Perú por Global Finance. Tras el reconocimiento, Patricia Martinez, Head de banca privada en Scotiabank, explica las acciones realizadas para lograr el reconocimiento, así…",6,1,1,0,1.0K
2025-07-13 23:20:48,ScotiabankPE,Mar 7,En Scotiabank te reconocemos tus logros y nos comprometemos a seguir trabajando por la equidad todos los días del año. #8MTodosLosDías. 💜 #8MTODOSLOSDÍAS,14,1,6,0,2.0K
2025-07-13 23:20:48,ScotiabankPE,Oct 16,"#BrandedContent. @ScotiabankPE presentó oficialmente a Sebastián Arcuri como su nuevo CEO, y junto a su CEO Global y Head of International Banking, reforzó su compromiso con sus clientes y el desarrollo del país.

Conoce más: acortar.link/Cg9UF1",19,2,11,1,7.0K
2025-07-13 23:20:48,ScotiabankPE,Sep 10,"Conoce nuestro proyecto en Punchan, Iquitos, Perú🇵🇪, con @scotiabankPE y @WorldVisionPeru, enfocado en mejorar la educación infantil con tecnología, fortalecer el rol familiar con ternura y el apoyo de proyectos juveniles.",2,4,26,1,6.0K
2025-07-13 23:20:48,ScotiabankPE,Aug 29,"Conoce nuestro proyecto en Punchana, Iquitos, Perú🇵🇪, con @ScotiabankPE y @WorldVisionPeru, enfocado en mejorar la educación infantil con tecnología, fortalecer el rol familiar con ternura y el apoyo de proyectos juveniles.",0,4,23,0,5.0K
2025-07-13 23:20:48,ScotiabankPE,Aug 8,Scotiabank lanza Fondo de Impacto Social ScotiaRISE en Perú ⏩n9.cl/bsrmz,6,1,2,0,4.0K
2025-07-13 23:20:48,ScotiabankPE,"Jun 18, 2024","Desde el 2022, hemos implementado el proyecto ""Inclusión Educativa para la Vida"" en Loreto, uno de los departamentos con mayor pobreza monetaria. Esta iniciativa, en alianza con @ScotiabankPE y @FundacioFCB, tiene como objetivo mejorar la calidad educativa de las niñas y niños.",5,1,3,0,5.0K
2025-07-13 23:20:48,ScotiabankPE,"Jun 13, 2024","En nuestro compromiso con el bienestar de la niñez, desde el 2022 implementamos el proyecto ""Inclusión Educativa para la Vida"" con el apoyo de @ScotiabankPE y la @FCBarcelona, para brindar acceso a una educación de calidad a las niñas y niños. 

#Scotiabank #FundacionBarcelona",2,6,9,0,4.0K
2025-07-13 23:20:48,ScotiabankPE,"Jun 14, 2024","Somos y seremos sus más grandes hinchas. ⚽️Etiquétalo y dile por qué lo eres. ❤️

#ScotiabankPerú #HablemosEnSerio #DíaDelPadre",18,0,4,0,4.0K
2025-07-13 23:20:48,ScotiabankPE,"May 10, 2024","El mejor regalo para mamá es reconocerla. 🤗  Etiquétala y coméntale por qué lo está haciendo bien.
#HablemosEnSerio #ScotiabankPerú #FelizDíaMamá",14,0,3,0,4.0K
2025-07-14 01:49:05,ScotiabankPE,Jul 10,"#EntrevistaSE. El CFO de @ScotiabankPE, Marcelo Rodríguez, cuenta que la reciente emisión por US$400 millones busca transmitir un mensaje de permanencia de largo plazo en el Perú.

Por @cabecitaterri.
semanaeconomica.com/economia-finan…",1,2,3,0,536
2025-07-14 01:49:05,ScotiabankPE,Jun 27,".@ScotiabankPE captó US$400 millones en emisión internacional de bonos subordinados. 

semanaeconomica.com/que-esta-pasan…",3,1,1,0,864
2025-07-14 01:49:05,ScotiabankPE,Jun 24,".@ScotiabankPE lanza roadshow internacional previo a nueva emisión de bonos por US$1,000 millones. Scotiabank contrató a @GoldmanSachs y Scotia Capital para presentar la operación ante inversionistas institucionales.
semanaeconomica.com/que-esta-pasan…",0,1,0,0,862
2025-07-14 01:49:05,ScotiabankPE,Jun 20,"Agradecemos a nuestro auspiciador PLATA 🎊 @ScotiabankPE, quién se une a la 30° edición de #CADEUniversitario, el encuentro de jóvenes líderes más importante del país, y se suma a nuestro compromiso de construir un Perú más desarrollado.

Conoce más aquí 👉…",0,1,2,0,429
2025-07-14 01:49:05,ScotiabankPE,Jun 6,"#BrandedContent.  La alta dirección de @ScotiabankPE, liderada por su CEO global, llegó a Perú y sostuvo reuniones con clientes estratégicos y reafirmó la importancia del mercado peruano en su operación internacional.
semanaeconomica.com/economia-finan…",1,1,2,0,960
2025-07-14 01:49:05,ScotiabankPE,May 26,"#BrandedContent.  La alta dirección de @ScotiabankPE, liderada por su CEO global, llegó a Perú y sostuvo reuniones con clientes estratégicos y reafirmó la importancia del mercado peruano en su operación internacional.
semanaeconomica.com/economia-finan…",1,1,2,1,1.0K
2025-07-14 01:49:05,ScotiabankPE,May 22,"#BrandedContent.  La alta dirección de @ScotiabankPE, liderada por su CEO global, llegó a Perú y sostuvo reuniones con clientes estratégicos y reafirmó la importancia del mercado peruano en su operación internacional. 

Conoce más: acortar.link/oCt094",1,1,3,0,1.0K
2025-07-14 01:49:05,ScotiabankPE,Apr 28,"#NotaInformativa | Buscando fortalecer la inversión privada y dinamizar el crecimiento económico, 📈 el ministro @Jose_SalardiR, junto con el director de Sistema Financiero y Mercado de Capitales de la Dirección General de Mercados Financieros y Previsional Privado, Óscar Orcón,…",1,2,5,1,1.0K
2025-07-14 01:49:05,ScotiabankPE,Mar 26,"#BrandedContent. @ScotiabankPE ha sido reconocido por segundo año consecutivo como líder de Banca Privada en Perú por Global Finance.
semanaeconomica.com/economia-finan…",8,1,0,0,2.0K
2025-07-14 01:49:05,ScotiabankPE,Mar 12,"#BrandedContent. @ScotiabankPE ha sido reconocido por segundo año consecutivo como líder de Banca Privada en Perú por Global Finance.

semanaeconomica.com/economia-finan…",4,2,0,0,2.0K
2025-07-14 01:49:05,ScotiabankPE,Mar 7,"#BrandedContent. @ScotiabankPE ha sido reconocido por segundo año consecutivo como líder de Banca Privada en Perú por Global Finance. Tras el reconocimiento, Patricia Martinez, Head de banca privada en Scotiabank, explica las acciones realizadas para lograr el reconocimiento, así…",6,1,1,0,1.0K
2025-07-14 01:49:05,ScotiabankPE,Mar 7,En Scotiabank te reconocemos tus logros y nos comprometemos a seguir trabajando por la equidad todos los días del año. #8MTodosLosDías. 💜 #8MTODOSLOSDÍAS,14,1,6,0,2.0K
2025-07-14 01:49:05,ScotiabankPE,Oct 16,"#BrandedContent. @ScotiabankPE presentó oficialmente a Sebastián Arcuri como su nuevo CEO, y junto a su CEO Global y Head of International Banking, reforzó su compromiso con sus clientes y el desarrollo del país.

Conoce más: acortar.link/Cg9UF1",19,2,11,1,7.0K
2025-07-14 01:49:05,ScotiabankPE,Sep 10,"Conoce nuestro proyecto en Punchan, Iquitos, Perú🇵🇪, con @scotiabankPE y @WorldVisionPeru, enfocado en mejorar la educación infantil con tecnología, fortalecer el rol familiar con ternura y el apoyo de proyectos juveniles.",2,4,26,1,6.0K
2025-07-14 01:49:05,ScotiabankPE,Aug 29,"Conoce nuestro proyecto en Punchana, Iquitos, Perú🇵🇪, con @ScotiabankPE y @WorldVisionPeru, enfocado en mejorar la educación infantil con tecnología, fortalecer el rol familiar con ternura y el apoyo de proyectos juveniles.",0,4,23,0,5.0K
2025-07-14 01:49:05,ScotiabankPE,Aug 8,Scotiabank lanza Fondo de Impacto Social ScotiaRISE en Perú ⏩n9.cl/bsrmz,6,1,2,0,4.0K
2025-07-14 01:49:05,ScotiabankPE,"Jun 18, 2024","Desde el 2022, hemos implementado el proyecto ""Inclusión Educativa para la Vida"" en Loreto, uno de los departamentos con mayor pobreza monetaria. Esta iniciativa, en alianza con @ScotiabankPE y @FundacioFCB, tiene como objetivo mejorar la calidad educativa de las niñas y niños.",5,1,3,0,5.0K
2025-07-14 01:49:05,ScotiabankPE,"Jun 13, 2024","En nuestro compromiso con el bienestar de la niñez, desde el 2022 implementamos el proyecto ""Inclusión Educativa para la Vida"" con el apoyo de @ScotiabankPE y la @FCBarcelona, para brindar acceso a una educación de calidad a las niñas y niños. 

#Scotiabank #FundacionBarcelona",2,6,9,0,4.0K
2025-07-14 01:49:05,ScotiabankPE,"Jun 14, 2024","Somos y seremos sus más grandes hinchas. ⚽️Etiquétalo y dile por qué lo eres. ❤️

#ScotiabankPerú #HablemosEnSerio #DíaDelPadre",18,0,4,0,4.0K
2025-07-14 01:49:05,ScotiabankPE,"May 10, 2024","El mejor regalo para mamá es reconocerla. 🤗  Etiquétala y coméntale por qué lo está haciendo bien.
#HablemosEnSerio #ScotiabankPerú #FelizDíaMamá",14,0,3,0,4.0K
2025-07-14 03:41:42,ScotiabankPE,Jul 10,"#EntrevistaSE. El CFO de @ScotiabankPE, Marcelo Rodríguez, cuenta que la reciente emisión por US$400 millones busca transmitir un mensaje de permanencia de largo plazo en el Perú.

Por @cabecitaterri.
semanaeconomica.com/economia-finan…",1,2,3,0,541
2025-07-14 03:41:42,ScotiabankPE,Jun 27,".@ScotiabankPE captó US$400 millones en emisión internacional de bonos subordinados. 

semanaeconomica.com/que-esta-pasan…",3,1,1,0,866
2025-07-14 03:41:42,ScotiabankPE,Jun 24,".@ScotiabankPE lanza roadshow internacional previo a nueva emisión de bonos por US$1,000 millones. Scotiabank contrató a @GoldmanSachs y Scotia Capital para presentar la operación ante inversionistas institucionales.
semanaeconomica.com/que-esta-pasan…",0,1,0,0,864
2025-07-14 03:41:42,ScotiabankPE,Jun 20,"Agradecemos a nuestro auspiciador PLATA 🎊 @ScotiabankPE, quién se une a la 30° edición de #CADEUniversitario, el encuentro de jóvenes líderes más importante del país, y se suma a nuestro compromiso de construir un Perú más desarrollado.

Conoce más aquí 👉…",0,1,2,0,431
2025-07-14 03:41:42,ScotiabankPE,Jun 6,"#BrandedContent.  La alta dirección de @ScotiabankPE, liderada por su CEO global, llegó a Perú y sostuvo reuniones con clientes estratégicos y reafirmó la importancia del mercado peruano en su operación internacional.
semanaeconomica.com/economia-finan…",1,1,2,0,961
2025-07-14 03:41:42,ScotiabankPE,May 26,"#BrandedContent.  La alta dirección de @ScotiabankPE, liderada por su CEO global, llegó a Perú y sostuvo reuniones con clientes estratégicos y reafirmó la importancia del mercado peruano en su operación internacional.
semanaeconomica.com/economia-finan…",1,1,2,1,1.0K
2025-07-14 03:41:42,ScotiabankPE,May 22,"#BrandedContent.  La alta dirección de @ScotiabankPE, liderada por su CEO global, llegó a Perú y sostuvo reuniones con clientes estratégicos y reafirmó la importancia del mercado peruano en su operación internacional. 

Conoce más: acortar.link/oCt094",1,1,3,0,1.0K
2025-07-14 03:41:42,ScotiabankPE,Apr 28,"#NotaInformativa | Buscando fortalecer la inversión privada y dinamizar el crecimiento económico, 📈 el ministro @Jose_SalardiR, junto con el director de Sistema Financiero y Mercado de Capitales de la Dirección General de Mercados Financieros y Previsional Privado, Óscar Orcón,…",1,2,5,1,1.0K
2025-07-14 03:41:42,ScotiabankPE,Mar 26,"#BrandedContent. @ScotiabankPE ha sido reconocido por segundo año consecutivo como líder de Banca Privada en Perú por Global Finance.
semanaeconomica.com/economia-finan…",8,1,0,0,2.0K
2025-07-14 03:41:42,ScotiabankPE,Mar 12,"#BrandedContent. @ScotiabankPE ha sido reconocido por segundo año consecutivo como líder de Banca Privada en Perú por Global Finance.

semanaeconomica.com/economia-finan…",4,2,0,0,2.0K
2025-07-14 03:41:42,ScotiabankPE,Mar 7,"#BrandedContent. @ScotiabankPE ha sido reconocido por segundo año consecutivo como líder de Banca Privada en Perú por Global Finance. Tras el reconocimiento, Patricia Martinez, Head de banca privada en Scotiabank, explica las acciones realizadas para lograr el reconocimiento, así…",6,1,1,0,1.0K
2025-07-14 03:41:42,ScotiabankPE,Mar 7,En Scotiabank te reconocemos tus logros y nos comprometemos a seguir trabajando por la equidad todos los días del año. #8MTodosLosDías. 💜 #8MTODOSLOSDÍAS,14,1,6,0,2.0K
2025-07-14 03:41:42,ScotiabankPE,Oct 16,"#BrandedContent. @ScotiabankPE presentó oficialmente a Sebastián Arcuri como su nuevo CEO, y junto a su CEO Global y Head of International Banking, reforzó su compromiso con sus clientes y el desarrollo del país.

Conoce más: acortar.link/Cg9UF1",19,2,11,1,7.0K
2025-07-14 03:41:42,ScotiabankPE,Sep 10,"Conoce nuestro proyecto en Punchan, Iquitos, Perú🇵🇪, con @scotiabankPE y @WorldVisionPeru, enfocado en mejorar la educación infantil con tecnología, fortalecer el rol familiar con ternura y el apoyo de proyectos juveniles.",2,4,26,1,6.0K
2025-07-14 03:41:42,ScotiabankPE,Aug 29,"Conoce nuestro proyecto en Punchana, Iquitos, Perú🇵🇪, con @ScotiabankPE y @WorldVisionPeru, enfocado en mejorar la educación infantil con tecnología, fortalecer el rol familiar con ternura y el apoyo de proyectos juveniles.",0,4,23,0,5.0K
2025-07-14 03:41:42,ScotiabankPE,Aug 8,Scotiabank lanza Fondo de Impacto Social ScotiaRISE en Perú ⏩n9.cl/bsrmz,6,1,2,0,4.0K
2025-07-14 03:41:42,ScotiabankPE,"Jun 18, 2024","Desde el 2022, hemos implementado el proyecto ""Inclusión Educativa para la Vida"" en Loreto, uno de los departamentos con mayor pobreza monetaria. Esta iniciativa, en alianza con @ScotiabankPE y @FundacioFCB, tiene como objetivo mejorar la calidad educativa de las niñas y niños.",5,1,3,0,5.0K
2025-07-14 03:41:42,ScotiabankPE,"Jun 13, 2024","En nuestro compromiso con el bienestar de la niñez, desde el 2022 implementamos el proyecto ""Inclusión Educativa para la Vida"" con el apoyo de @ScotiabankPE y la @FCBarcelona, para brindar acceso a una educación de calidad a las niñas y niños. 

#Scotiabank #FundacionBarcelona",2,6,9,0,4.0K
2025-07-14 03:41:42,ScotiabankPE,"Jun 14, 2024","Somos y seremos sus más grandes hinchas. ⚽️Etiquétalo y dile por qué lo eres. ❤️

#ScotiabankPerú #HablemosEnSerio #DíaDelPadre",18,0,4,0,4.0K
2025-07-14 03:41:42,ScotiabankPE,"May 10, 2024","El mejor regalo para mamá es reconocerla. 🤗  Etiquétala y coméntale por qué lo está haciendo bien.
#HablemosEnSerio #ScotiabankPerú #FelizDíaMamá",14,0,3,0,4.0K
2025-07-14 04:41:54,ScotiabankPE,Jul 10,"#EntrevistaSE. El CFO de @ScotiabankPE, Marcelo Rodríguez, cuenta que la reciente emisión por US$400 millones busca transmitir un mensaje de permanencia de largo plazo en el Perú.

Por @cabecitaterri.
semanaeconomica.com/economia-finan…",1,2,3,0,546
2025-07-14 04:41:54,ScotiabankPE,Jun 27,".@ScotiabankPE captó US$400 millones en emisión internacional de bonos subordinados. 

semanaeconomica.com/que-esta-pasan…",3,1,1,0,869
2025-07-14 04:41:54,ScotiabankPE,Jun 24,".@ScotiabankPE lanza roadshow internacional previo a nueva emisión de bonos por US$1,000 millones. Scotiabank contrató a @GoldmanSachs y Scotia Capital para presentar la operación ante inversionistas institucionales.
semanaeconomica.com/que-esta-pasan…",0,1,0,0,867
2025-07-14 04:41:54,ScotiabankPE,Jun 20,"Agradecemos a nuestro auspiciador PLATA 🎊 @ScotiabankPE, quién se une a la 30° edición de #CADEUniversitario, el encuentro de jóvenes líderes más importante del país, y se suma a nuestro compromiso de construir un Perú más desarrollado.

Conoce más aquí 👉…",0,1,2,0,431
2025-07-14 04:41:54,ScotiabankPE,Jun 6,"#BrandedContent.  La alta dirección de @ScotiabankPE, liderada por su CEO global, llegó a Perú y sostuvo reuniones con clientes estratégicos y reafirmó la importancia del mercado peruano en su operación internacional.
semanaeconomica.com/economia-finan…",1,1,2,0,962
2025-07-14 04:41:54,ScotiabankPE,May 26,"#BrandedContent.  La alta dirección de @ScotiabankPE, liderada por su CEO global, llegó a Perú y sostuvo reuniones con clientes estratégicos y reafirmó la importancia del mercado peruano en su operación internacional.
semanaeconomica.com/economia-finan…",1,1,2,1,1.0K
2025-07-14 04:41:54,ScotiabankPE,May 22,"#BrandedContent.  La alta dirección de @ScotiabankPE, liderada por su CEO global, llegó a Perú y sostuvo reuniones con clientes estratégicos y reafirmó la importancia del mercado peruano en su operación internacional. 

Conoce más: acortar.link/oCt094",1,1,3,0,1.0K
2025-07-14 04:41:54,ScotiabankPE,Apr 28,"#NotaInformativa | Buscando fortalecer la inversión privada y dinamizar el crecimiento económico, 📈 el ministro @Jose_SalardiR, junto con el director de Sistema Financiero y Mercado de Capitales de la Dirección General de Mercados Financieros y Previsional Privado, Óscar Orcón,…",1,2,5,1,1.0K
2025-07-14 04:41:54,ScotiabankPE,Mar 26,"#BrandedContent. @ScotiabankPE ha sido reconocido por segundo año consecutivo como líder de Banca Privada en Perú por Global Finance.
semanaeconomica.com/economia-finan…",8,1,0,0,2.0K
2025-07-14 04:41:54,ScotiabankPE,Mar 12,"#BrandedContent. @ScotiabankPE ha sido reconocido por segundo año consecutivo como líder de Banca Privada en Perú por Global Finance.

semanaeconomica.com/economia-finan…",4,2,0,0,2.0K
2025-07-14 04:41:54,ScotiabankPE,Mar 7,"#BrandedContent. @ScotiabankPE ha sido reconocido por segundo año consecutivo como líder de Banca Privada en Perú por Global Finance. Tras el reconocimiento, Patricia Martinez, Head de banca privada en Scotiabank, explica las acciones realizadas para lograr el reconocimiento, así…",6,1,1,0,1.0K
2025-07-14 04:41:54,ScotiabankPE,Mar 7,En Scotiabank te reconocemos tus logros y nos comprometemos a seguir trabajando por la equidad todos los días del año. #8MTodosLosDías. 💜 #8MTODOSLOSDÍAS,14,1,6,0,2.0K
2025-07-14 04:41:54,ScotiabankPE,Oct 16,"#BrandedContent. @ScotiabankPE presentó oficialmente a Sebastián Arcuri como su nuevo CEO, y junto a su CEO Global y Head of International Banking, reforzó su compromiso con sus clientes y el desarrollo del país.

Conoce más: acortar.link/Cg9UF1",19,2,11,1,7.0K
2025-07-14 04:41:54,ScotiabankPE,Sep 10,"Conoce nuestro proyecto en Punchan, Iquitos, Perú🇵🇪, con @scotiabankPE y @WorldVisionPeru, enfocado en mejorar la educación infantil con tecnología, fortalecer el rol familiar con ternura y el apoyo de proyectos juveniles.",2,4,26,1,6.0K
2025-07-14 04:41:54,ScotiabankPE,Aug 29,"Conoce nuestro proyecto en Punchana, Iquitos, Perú🇵🇪, con @ScotiabankPE y @WorldVisionPeru, enfocado en mejorar la educación infantil con tecnología, fortalecer el rol familiar con ternura y el apoyo de proyectos juveniles.",0,4,23,0,5.0K
2025-07-14 04:41:54,ScotiabankPE,Aug 8,Scotiabank lanza Fondo de Impacto Social ScotiaRISE en Perú ⏩n9.cl/bsrmz,6,1,2,0,4.0K
2025-07-14 04:41:54,ScotiabankPE,"Jun 18, 2024","Desde el 2022, hemos implementado el proyecto ""Inclusión Educativa para la Vida"" en Loreto, uno de los departamentos con mayor pobreza monetaria. Esta iniciativa, en alianza con @ScotiabankPE y @FundacioFCB, tiene como objetivo mejorar la calidad educativa de las niñas y niños.",5,1,3,0,5.0K
2025-07-14 04:41:54,ScotiabankPE,"Jun 13, 2024","En nuestro compromiso con el bienestar de la niñez, desde el 2022 implementamos el proyecto ""Inclusión Educativa para la Vida"" con el apoyo de @ScotiabankPE y la @FCBarcelona, para brindar acceso a una educación de calidad a las niñas y niños. 

#Scotiabank #FundacionBarcelona",2,6,9,0,4.0K
2025-07-14 04:41:54,ScotiabankPE,"Jun 14, 2024","Somos y seremos sus más grandes hinchas. ⚽️Etiquétalo y dile por qué lo eres. ❤️

#ScotiabankPerú #HablemosEnSerio #DíaDelPadre",18,0,4,0,4.0K
2025-07-14 04:41:54,ScotiabankPE,"May 10, 2024","El mejor regalo para mamá es reconocerla. 🤗  Etiquétala y coméntale por qué lo está haciendo bien.
#HablemosEnSerio #ScotiabankPerú #FelizDíaMamá",14,0,3,0,4.0K
2025-07-14 05:25:39,ScotiabankPE,Jul 10,"#EntrevistaSE. El CFO de @ScotiabankPE, Marcelo Rodríguez, cuenta que la reciente emisión por US$400 millones busca transmitir un mensaje de permanencia de largo plazo en el Perú.

Por @cabecitaterri.
semanaeconomica.com/economia-finan…",1,2,3,0,547
2025-07-14 05:25:39,ScotiabankPE,Jun 27,".@ScotiabankPE captó US$400 millones en emisión internacional de bonos subordinados. 

semanaeconomica.com/que-esta-pasan…",3,1,1,0,869
2025-07-14 05:25:39,ScotiabankPE,Jun 24,".@ScotiabankPE lanza roadshow internacional previo a nueva emisión de bonos por US$1,000 millones. Scotiabank contrató a @GoldmanSachs y Scotia Capital para presentar la operación ante inversionistas institucionales.
semanaeconomica.com/que-esta-pasan…",0,1,0,0,867
2025-07-14 05:25:39,ScotiabankPE,Jun 20,"Agradecemos a nuestro auspiciador PLATA 🎊 @ScotiabankPE, quién se une a la 30° edición de #CADEUniversitario, el encuentro de jóvenes líderes más importante del país, y se suma a nuestro compromiso de construir un Perú más desarrollado.

Conoce más aquí 👉…",0,1,2,0,431
2025-07-14 05:25:39,ScotiabankPE,Jun 6,"#BrandedContent.  La alta dirección de @ScotiabankPE, liderada por su CEO global, llegó a Perú y sostuvo reuniones con clientes estratégicos y reafirmó la importancia del mercado peruano en su operación internacional.
semanaeconomica.com/economia-finan…",1,1,2,0,962
2025-07-14 05:25:39,ScotiabankPE,May 26,"#BrandedContent.  La alta dirección de @ScotiabankPE, liderada por su CEO global, llegó a Perú y sostuvo reuniones con clientes estratégicos y reafirmó la importancia del mercado peruano en su operación internacional.
semanaeconomica.com/economia-finan…",1,1,2,1,1.0K
2025-07-14 05:25:39,ScotiabankPE,May 22,"#BrandedContent.  La alta dirección de @ScotiabankPE, liderada por su CEO global, llegó a Perú y sostuvo reuniones con clientes estratégicos y reafirmó la importancia del mercado peruano en su operación internacional. 

Conoce más: acortar.link/oCt094",1,1,3,0,1.0K
2025-07-14 05:25:39,ScotiabankPE,Apr 28,"#NotaInformativa | Buscando fortalecer la inversión privada y dinamizar el crecimiento económico, 📈 el ministro @Jose_SalardiR, junto con el director de Sistema Financiero y Mercado de Capitales de la Dirección General de Mercados Financieros y Previsional Privado, Óscar Orcón,…",1,2,5,1,1.0K
2025-07-14 05:25:39,ScotiabankPE,Mar 26,"#BrandedContent. @ScotiabankPE ha sido reconocido por segundo año consecutivo como líder de Banca Privada en Perú por Global Finance.
semanaeconomica.com/economia-finan…",8,1,0,0,2.0K
2025-07-14 05:25:39,ScotiabankPE,Mar 12,"#BrandedContent. @ScotiabankPE ha sido reconocido por segundo año consecutivo como líder de Banca Privada en Perú por Global Finance.

semanaeconomica.com/economia-finan…",4,2,0,0,2.0K
2025-07-14 05:25:39,ScotiabankPE,Mar 7,"#BrandedContent. @ScotiabankPE ha sido reconocido por segundo año consecutivo como líder de Banca Privada en Perú por Global Finance. Tras el reconocimiento, Patricia Martinez, Head de banca privada en Scotiabank, explica las acciones realizadas para lograr el reconocimiento, así…",6,1,1,0,1.0K
2025-07-14 05:25:39,ScotiabankPE,Mar 7,En Scotiabank te reconocemos tus logros y nos comprometemos a seguir trabajando por la equidad todos los días del año. #8MTodosLosDías. 💜 #8MTODOSLOSDÍAS,14,1,6,0,2.0K
2025-07-14 05:25:39,ScotiabankPE,Oct 16,"#BrandedContent. @ScotiabankPE presentó oficialmente a Sebastián Arcuri como su nuevo CEO, y junto a su CEO Global y Head of International Banking, reforzó su compromiso con sus clientes y el desarrollo del país.

Conoce más: acortar.link/Cg9UF1",19,2,11,1,7.0K
2025-07-14 05:25:39,ScotiabankPE,Sep 10,"Conoce nuestro proyecto en Punchan, Iquitos, Perú🇵🇪, con @scotiabankPE y @WorldVisionPeru, enfocado en mejorar la educación infantil con tecnología, fortalecer el rol familiar con ternura y el apoyo de proyectos juveniles.",2,4,26,1,6.0K
2025-07-14 05:25:39,ScotiabankPE,Aug 29,"Conoce nuestro proyecto en Punchana, Iquitos, Perú🇵🇪, con @ScotiabankPE y @WorldVisionPeru, enfocado en mejorar la educación infantil con tecnología, fortalecer el rol familiar con ternura y el apoyo de proyectos juveniles.",0,4,23,0,5.0K
2025-07-14 05:25:39,ScotiabankPE,Aug 8,Scotiabank lanza Fondo de Impacto Social ScotiaRISE en Perú ⏩n9.cl/bsrmz,6,1,2,0,4.0K
2025-07-14 05:25:39,ScotiabankPE,"Jun 18, 2024","Desde el 2022, hemos implementado el proyecto ""Inclusión Educativa para la Vida"" en Loreto, uno de los departamentos con mayor pobreza monetaria. Esta iniciativa, en alianza con @ScotiabankPE y @FundacioFCB, tiene como objetivo mejorar la calidad educativa de las niñas y niños.",5,1,3,0,5.0K
2025-07-14 05:25:39,ScotiabankPE,"Jun 13, 2024","En nuestro compromiso con el bienestar de la niñez, desde el 2022 implementamos el proyecto ""Inclusión Educativa para la Vida"" con el apoyo de @ScotiabankPE y la @FCBarcelona, para brindar acceso a una educación de calidad a las niñas y niños. 

#Scotiabank #FundacionBarcelona",2,6,9,0,4.0K
2025-07-14 05:25:39,ScotiabankPE,"Jun 14, 2024","Somos y seremos sus más grandes hinchas. ⚽️Etiquétalo y dile por qué lo eres. ❤️

#ScotiabankPerú #HablemosEnSerio #DíaDelPadre",18,0,4,0,4.0K
2025-07-14 05:25:39,ScotiabankPE,"May 10, 2024","El mejor regalo para mamá es reconocerla. 🤗  Etiquétala y coméntale por qué lo está haciendo bien.
#HablemosEnSerio #ScotiabankPerú #FelizDíaMamá",14,0,3,0,4.0K
2025-07-14 06:33:13,ScotiabankPE,Jul 10,"#EntrevistaSE. El CFO de @ScotiabankPE, Marcelo Rodríguez, cuenta que la reciente emisión por US$400 millones busca transmitir un mensaje de permanencia de largo plazo en el Perú.

Por @cabecitaterri.
semanaeconomica.com/economia-finan…",1,2,3,0,547
2025-07-14 06:33:13,ScotiabankPE,Jun 27,".@ScotiabankPE captó US$400 millones en emisión internacional de bonos subordinados. 

semanaeconomica.com/que-esta-pasan…",3,1,1,0,869
2025-07-14 06:33:13,ScotiabankPE,Jun 24,".@ScotiabankPE lanza roadshow internacional previo a nueva emisión de bonos por US$1,000 millones. Scotiabank contrató a @GoldmanSachs y Scotia Capital para presentar la operación ante inversionistas institucionales.
semanaeconomica.com/que-esta-pasan…",0,1,0,0,867
2025-07-14 06:33:13,ScotiabankPE,Jun 20,"Agradecemos a nuestro auspiciador PLATA 🎊 @ScotiabankPE, quién se une a la 30° edición de #CADEUniversitario, el encuentro de jóvenes líderes más importante del país, y se suma a nuestro compromiso de construir un Perú más desarrollado.

Conoce más aquí 👉…",0,1,2,0,431
2025-07-14 06:33:13,ScotiabankPE,Jun 6,"#BrandedContent.  La alta dirección de @ScotiabankPE, liderada por su CEO global, llegó a Perú y sostuvo reuniones con clientes estratégicos y reafirmó la importancia del mercado peruano en su operación internacional.
semanaeconomica.com/economia-finan…",1,1,2,0,962
2025-07-14 06:33:13,ScotiabankPE,May 26,"#BrandedContent.  La alta dirección de @ScotiabankPE, liderada por su CEO global, llegó a Perú y sostuvo reuniones con clientes estratégicos y reafirmó la importancia del mercado peruano en su operación internacional.
semanaeconomica.com/economia-finan…",1,1,2,1,1.0K
2025-07-14 06:33:13,ScotiabankPE,May 22,"#BrandedContent.  La alta dirección de @ScotiabankPE, liderada por su CEO global, llegó a Perú y sostuvo reuniones con clientes estratégicos y reafirmó la importancia del mercado peruano en su operación internacional. 

Conoce más: acortar.link/oCt094",1,1,3,0,1.0K
2025-07-14 06:33:13,ScotiabankPE,Apr 28,"#NotaInformativa | Buscando fortalecer la inversión privada y dinamizar el crecimiento económico, 📈 el ministro @Jose_SalardiR, junto con el director de Sistema Financiero y Mercado de Capitales de la Dirección General de Mercados Financieros y Previsional Privado, Óscar Orcón,…",1,2,5,1,1.0K
2025-07-14 06:33:13,ScotiabankPE,Mar 26,"#BrandedContent. @ScotiabankPE ha sido reconocido por segundo año consecutivo como líder de Banca Privada en Perú por Global Finance.
semanaeconomica.com/economia-finan…",8,1,0,0,2.0K
2025-07-14 06:33:13,ScotiabankPE,Mar 12,"#BrandedContent. @ScotiabankPE ha sido reconocido por segundo año consecutivo como líder de Banca Privada en Perú por Global Finance.

semanaeconomica.com/economia-finan…",4,2,0,0,2.0K
2025-07-14 06:33:13,ScotiabankPE,Mar 7,"#BrandedContent. @ScotiabankPE ha sido reconocido por segundo año consecutivo como líder de Banca Privada en Perú por Global Finance. Tras el reconocimiento, Patricia Martinez, Head de banca privada en Scotiabank, explica las acciones realizadas para lograr el reconocimiento, así…",6,1,1,0,1.0K
2025-07-14 06:33:13,ScotiabankPE,Mar 7,En Scotiabank te reconocemos tus logros y nos comprometemos a seguir trabajando por la equidad todos los días del año. #8MTodosLosDías. 💜 #8MTODOSLOSDÍAS,14,1,6,0,2.0K
2025-07-14 06:33:13,ScotiabankPE,Oct 16,"#BrandedContent. @ScotiabankPE presentó oficialmente a Sebastián Arcuri como su nuevo CEO, y junto a su CEO Global y Head of International Banking, reforzó su compromiso con sus clientes y el desarrollo del país.

Conoce más: acortar.link/Cg9UF1",19,2,11,1,7.0K
2025-07-14 06:33:13,ScotiabankPE,Sep 10,"Conoce nuestro proyecto en Punchan, Iquitos, Perú🇵🇪, con @scotiabankPE y @WorldVisionPeru, enfocado en mejorar la educación infantil con tecnología, fortalecer el rol familiar con ternura y el apoyo de proyectos juveniles.",2,4,26,1,6.0K
2025-07-14 06:33:13,ScotiabankPE,Aug 29,"Conoce nuestro proyecto en Punchana, Iquitos, Perú🇵🇪, con @ScotiabankPE y @WorldVisionPeru, enfocado en mejorar la educación infantil con tecnología, fortalecer el rol familiar con ternura y el apoyo de proyectos juveniles.",0,4,23,0,5.0K
2025-07-14 06:33:13,ScotiabankPE,Aug 8,Scotiabank lanza Fondo de Impacto Social ScotiaRISE en Perú ⏩n9.cl/bsrmz,6,1,2,0,4.0K
2025-07-14 06:33:13,ScotiabankPE,"Jun 18, 2024","Desde el 2022, hemos implementado el proyecto ""Inclusión Educativa para la Vida"" en Loreto, uno de los departamentos con mayor pobreza monetaria. Esta iniciativa, en alianza con @ScotiabankPE y @FundacioFCB, tiene como objetivo mejorar la calidad educativa de las niñas y niños.",5,1,3,0,5.0K
2025-07-14 06:33:13,ScotiabankPE,"Jun 13, 2024","En nuestro compromiso con el bienestar de la niñez, desde el 2022 implementamos el proyecto ""Inclusión Educativa para la Vida"" con el apoyo de @ScotiabankPE y la @FCBarcelona, para brindar acceso a una educación de calidad a las niñas y niños. 

#Scotiabank #FundacionBarcelona",2,6,9,0,4.0K
2025-07-14 06:33:13,ScotiabankPE,"Jun 14, 2024","Somos y seremos sus más grandes hinchas. ⚽️Etiquétalo y dile por qué lo eres. ❤️

#ScotiabankPerú #HablemosEnSerio #DíaDelPadre",18,0,4,0,4.0K
2025-07-14 06:33:13,ScotiabankPE,"May 10, 2024","El mejor regalo para mamá es reconocerla. 🤗  Etiquétala y coméntale por qué lo está haciendo bien.
#HablemosEnSerio #ScotiabankPerú #FelizDíaMamá",14,0,3,0,4.0K
2025-07-14 07:24:21,ScotiabankPE,Jul 10,"#EntrevistaSE. El CFO de @ScotiabankPE, Marcelo Rodríguez, cuenta que la reciente emisión por US$400 millones busca transmitir un mensaje de permanencia de largo plazo en el Perú.

Por @cabecitaterri.
semanaeconomica.com/economia-finan…",1,2,3,0,547
2025-07-14 07:24:21,ScotiabankPE,Jun 27,".@ScotiabankPE captó US$400 millones en emisión internacional de bonos subordinados. 

semanaeconomica.com/que-esta-pasan…",3,1,1,0,869
2025-07-14 07:24:21,ScotiabankPE,Jun 24,".@ScotiabankPE lanza roadshow internacional previo a nueva emisión de bonos por US$1,000 millones. Scotiabank contrató a @GoldmanSachs y Scotia Capital para presentar la operación ante inversionistas institucionales.
semanaeconomica.com/que-esta-pasan…",0,1,0,0,867
2025-07-14 07:24:21,ScotiabankPE,Jun 20,"Agradecemos a nuestro auspiciador PLATA 🎊 @ScotiabankPE, quién se une a la 30° edición de #CADEUniversitario, el encuentro de jóvenes líderes más importante del país, y se suma a nuestro compromiso de construir un Perú más desarrollado.

Conoce más aquí 👉…",0,1,2,0,431
2025-07-14 07:24:21,ScotiabankPE,Jun 6,"#BrandedContent.  La alta dirección de @ScotiabankPE, liderada por su CEO global, llegó a Perú y sostuvo reuniones con clientes estratégicos y reafirmó la importancia del mercado peruano en su operación internacional.
semanaeconomica.com/economia-finan…",1,1,2,0,962
2025-07-14 07:24:21,ScotiabankPE,May 26,"#BrandedContent.  La alta dirección de @ScotiabankPE, liderada por su CEO global, llegó a Perú y sostuvo reuniones con clientes estratégicos y reafirmó la importancia del mercado peruano en su operación internacional.
semanaeconomica.com/economia-finan…",1,1,2,1,1.0K
2025-07-14 07:24:21,ScotiabankPE,May 22,"#BrandedContent.  La alta dirección de @ScotiabankPE, liderada por su CEO global, llegó a Perú y sostuvo reuniones con clientes estratégicos y reafirmó la importancia del mercado peruano en su operación internacional. 

Conoce más: acortar.link/oCt094",1,1,3,0,1.0K
2025-07-14 07:24:21,ScotiabankPE,Apr 28,"#NotaInformativa | Buscando fortalecer la inversión privada y dinamizar el crecimiento económico, 📈 el ministro @Jose_SalardiR, junto con el director de Sistema Financiero y Mercado de Capitales de la Dirección General de Mercados Financieros y Previsional Privado, Óscar Orcón,…",1,2,5,1,1.0K
2025-07-14 07:24:21,ScotiabankPE,Mar 26,"#BrandedContent. @ScotiabankPE ha sido reconocido por segundo año consecutivo como líder de Banca Privada en Perú por Global Finance.
semanaeconomica.com/economia-finan…",8,1,0,0,2.0K
2025-07-14 07:24:21,ScotiabankPE,Mar 12,"#BrandedContent. @ScotiabankPE ha sido reconocido por segundo año consecutivo como líder de Banca Privada en Perú por Global Finance.

semanaeconomica.com/economia-finan…",4,2,0,0,2.0K
2025-07-14 07:24:21,ScotiabankPE,Mar 7,"#BrandedContent. @ScotiabankPE ha sido reconocido por segundo año consecutivo como líder de Banca Privada en Perú por Global Finance. Tras el reconocimiento, Patricia Martinez, Head de banca privada en Scotiabank, explica las acciones realizadas para lograr el reconocimiento, así…",6,1,1,0,1.0K
2025-07-14 07:24:21,ScotiabankPE,Mar 7,En Scotiabank te reconocemos tus logros y nos comprometemos a seguir trabajando por la equidad todos los días del año. #8MTodosLosDías. 💜 #8MTODOSLOSDÍAS,14,1,6,0,2.0K
2025-07-14 07:24:21,ScotiabankPE,Oct 16,"#BrandedContent. @ScotiabankPE presentó oficialmente a Sebastián Arcuri como su nuevo CEO, y junto a su CEO Global y Head of International Banking, reforzó su compromiso con sus clientes y el desarrollo del país.

Conoce más: acortar.link/Cg9UF1",19,2,11,1,7.0K
2025-07-14 07:24:21,ScotiabankPE,Sep 10,"Conoce nuestro proyecto en Punchan, Iquitos, Perú🇵🇪, con @scotiabankPE y @WorldVisionPeru, enfocado en mejorar la educación infantil con tecnología, fortalecer el rol familiar con ternura y el apoyo de proyectos juveniles.",2,4,26,1,6.0K
2025-07-14 07:24:21,ScotiabankPE,Aug 29,"Conoce nuestro proyecto en Punchana, Iquitos, Perú🇵🇪, con @ScotiabankPE y @WorldVisionPeru, enfocado en mejorar la educación infantil con tecnología, fortalecer el rol familiar con ternura y el apoyo de proyectos juveniles.",0,4,23,0,5.0K
2025-07-14 07:24:21,ScotiabankPE,Aug 8,Scotiabank lanza Fondo de Impacto Social ScotiaRISE en Perú ⏩n9.cl/bsrmz,6,1,2,0,4.0K
2025-07-14 07:24:21,ScotiabankPE,"Jun 18, 2024","Desde el 2022, hemos implementado el proyecto ""Inclusión Educativa para la Vida"" en Loreto, uno de los departamentos con mayor pobreza monetaria. Esta iniciativa, en alianza con @ScotiabankPE y @FundacioFCB, tiene como objetivo mejorar la calidad educativa de las niñas y niños.",5,1,3,0,5.0K
2025-07-14 07:24:21,ScotiabankPE,"Jun 13, 2024","En nuestro compromiso con el bienestar de la niñez, desde el 2022 implementamos el proyecto ""Inclusión Educativa para la Vida"" con el apoyo de @ScotiabankPE y la @FCBarcelona, para brindar acceso a una educación de calidad a las niñas y niños. 

#Scotiabank #FundacionBarcelona",2,6,9,0,4.0K
2025-07-14 07:24:21,ScotiabankPE,"Jun 14, 2024","Somos y seremos sus más grandes hinchas. ⚽️Etiquétalo y dile por qué lo eres. ❤️

#ScotiabankPerú #HablemosEnSerio #DíaDelPadre",18,0,4,0,4.0K
2025-07-14 07:24:21,ScotiabankPE,"May 10, 2024","El mejor regalo para mamá es reconocerla. 🤗  Etiquétala y coméntale por qué lo está haciendo bien.
#HablemosEnSerio #ScotiabankPerú #FelizDíaMamá",14,0,3,0,4.0K
2025-07-14 08:30:48,ScotiabankPE,Jul 10,"#EntrevistaSE. El CFO de @ScotiabankPE, Marcelo Rodríguez, cuenta que la reciente emisión por US$400 millones busca transmitir un mensaje de permanencia de largo plazo en el Perú.

Por @cabecitaterri.
semanaeconomica.com/economia-finan…",1,2,3,0,547
2025-07-14 08:30:48,ScotiabankPE,Jun 27,".@ScotiabankPE captó US$400 millones en emisión internacional de bonos subordinados. 

semanaeconomica.com/que-esta-pasan…",3,1,1,0,869
2025-07-14 08:30:48,ScotiabankPE,Jun 24,".@ScotiabankPE lanza roadshow internacional previo a nueva emisión de bonos por US$1,000 millones. Scotiabank contrató a @GoldmanSachs y Scotia Capital para presentar la operación ante inversionistas institucionales.
semanaeconomica.com/que-esta-pasan…",0,1,0,0,867
2025-07-14 08:30:48,ScotiabankPE,Jun 20,"Agradecemos a nuestro auspiciador PLATA 🎊 @ScotiabankPE, quién se une a la 30° edición de #CADEUniversitario, el encuentro de jóvenes líderes más importante del país, y se suma a nuestro compromiso de construir un Perú más desarrollado.

Conoce más aquí 👉…",0,1,2,0,431
2025-07-14 08:30:48,ScotiabankPE,Jun 6,"#BrandedContent.  La alta dirección de @ScotiabankPE, liderada por su CEO global, llegó a Perú y sostuvo reuniones con clientes estratégicos y reafirmó la importancia del mercado peruano en su operación internacional.
semanaeconomica.com/economia-finan…",1,1,2,0,962
2025-07-14 08:30:48,ScotiabankPE,May 26,"#BrandedContent.  La alta dirección de @ScotiabankPE, liderada por su CEO global, llegó a Perú y sostuvo reuniones con clientes estratégicos y reafirmó la importancia del mercado peruano en su operación internacional.
semanaeconomica.com/economia-finan…",1,1,2,1,1.0K
2025-07-14 08:30:48,ScotiabankPE,May 22,"#BrandedContent.  La alta dirección de @ScotiabankPE, liderada por su CEO global, llegó a Perú y sostuvo reuniones con clientes estratégicos y reafirmó la importancia del mercado peruano en su operación internacional. 

Conoce más: acortar.link/oCt094",1,1,3,0,1.0K
2025-07-14 08:30:48,ScotiabankPE,Apr 28,"#NotaInformativa | Buscando fortalecer la inversión privada y dinamizar el crecimiento económico, 📈 el ministro @Jose_SalardiR, junto con el director de Sistema Financiero y Mercado de Capitales de la Dirección General de Mercados Financieros y Previsional Privado, Óscar Orcón,…",1,2,5,1,1.0K
2025-07-14 08:30:48,ScotiabankPE,Mar 26,"#BrandedContent. @ScotiabankPE ha sido reconocido por segundo año consecutivo como líder de Banca Privada en Perú por Global Finance.
semanaeconomica.com/economia-finan…",8,1,0,0,2.0K
2025-07-14 08:30:48,ScotiabankPE,Mar 12,"#BrandedContent. @ScotiabankPE ha sido reconocido por segundo año consecutivo como líder de Banca Privada en Perú por Global Finance.

semanaeconomica.com/economia-finan…",4,2,0,0,2.0K
2025-07-14 08:30:48,ScotiabankPE,Mar 7,"#BrandedContent. @ScotiabankPE ha sido reconocido por segundo año consecutivo como líder de Banca Privada en Perú por Global Finance. Tras el reconocimiento, Patricia Martinez, Head de banca privada en Scotiabank, explica las acciones realizadas para lograr el reconocimiento, así…",6,1,1,0,1.0K
2025-07-14 08:30:48,ScotiabankPE,Mar 7,En Scotiabank te reconocemos tus logros y nos comprometemos a seguir trabajando por la equidad todos los días del año. #8MTodosLosDías. 💜 #8MTODOSLOSDÍAS,14,1,6,0,2.0K
2025-07-14 08:30:48,ScotiabankPE,Oct 16,"#BrandedContent. @ScotiabankPE presentó oficialmente a Sebastián Arcuri como su nuevo CEO, y junto a su CEO Global y Head of International Banking, reforzó su compromiso con sus clientes y el desarrollo del país.

Conoce más: acortar.link/Cg9UF1",19,2,11,1,7.0K
2025-07-14 08:30:48,ScotiabankPE,Sep 10,"Conoce nuestro proyecto en Punchan, Iquitos, Perú🇵🇪, con @scotiabankPE y @WorldVisionPeru, enfocado en mejorar la educación infantil con tecnología, fortalecer el rol familiar con ternura y el apoyo de proyectos juveniles.",2,4,26,1,6.0K
2025-07-14 08:30:48,ScotiabankPE,Aug 29,"Conoce nuestro proyecto en Punchana, Iquitos, Perú🇵🇪, con @ScotiabankPE y @WorldVisionPeru, enfocado en mejorar la educación infantil con tecnología, fortalecer el rol familiar con ternura y el apoyo de proyectos juveniles.",0,4,23,0,5.0K
2025-07-14 08:30:48,ScotiabankPE,Aug 8,Scotiabank lanza Fondo de Impacto Social ScotiaRISE en Perú ⏩n9.cl/bsrmz,6,1,2,0,4.0K
2025-07-14 08:30:48,ScotiabankPE,"Jun 18, 2024","Desde el 2022, hemos implementado el proyecto ""Inclusión Educativa para la Vida"" en Loreto, uno de los departamentos con mayor pobreza monetaria. Esta iniciativa, en alianza con @ScotiabankPE y @FundacioFCB, tiene como objetivo mejorar la calidad educativa de las niñas y niños.",5,1,3,0,5.0K
2025-07-14 08:30:48,ScotiabankPE,"Jun 13, 2024","En nuestro compromiso con el bienestar de la niñez, desde el 2022 implementamos el proyecto ""Inclusión Educativa para la Vida"" con el apoyo de @ScotiabankPE y la @FCBarcelona, para brindar acceso a una educación de calidad a las niñas y niños. 

#Scotiabank #FundacionBarcelona",2,6,9,0,4.0K
2025-07-14 08:30:48,ScotiabankPE,"Jun 14, 2024","Somos y seremos sus más grandes hinchas. ⚽️Etiquétalo y dile por qué lo eres. ❤️

#ScotiabankPerú #HablemosEnSerio #DíaDelPadre",18,0,4,0,4.0K
2025-07-14 08:30:48,ScotiabankPE,"May 10, 2024","El mejor regalo para mamá es reconocerla. 🤗  Etiquétala y coméntale por qué lo está haciendo bien.
#HablemosEnSerio #ScotiabankPerú #FelizDíaMamá",14,0,3,0,4.0K
2025-07-14 09:28:21,ScotiabankPE,Jul 10,"#EntrevistaSE. El CFO de @ScotiabankPE, Marcelo Rodríguez, cuenta que la reciente emisión por US$400 millones busca transmitir un mensaje de permanencia de largo plazo en el Perú.

Por @cabecitaterri.
semanaeconomica.com/economia-finan…",1,2,3,0,547
2025-07-14 09:28:21,ScotiabankPE,Jun 27,".@ScotiabankPE captó US$400 millones en emisión internacional de bonos subordinados. 

semanaeconomica.com/que-esta-pasan…",3,1,1,0,869
2025-07-14 09:28:21,ScotiabankPE,Jun 24,".@ScotiabankPE lanza roadshow internacional previo a nueva emisión de bonos por US$1,000 millones. Scotiabank contrató a @GoldmanSachs y Scotia Capital para presentar la operación ante inversionistas institucionales.
semanaeconomica.com/que-esta-pasan…",0,1,0,0,867
2025-07-14 09:28:21,ScotiabankPE,Jun 20,"Agradecemos a nuestro auspiciador PLATA 🎊 @ScotiabankPE, quién se une a la 30° edición de #CADEUniversitario, el encuentro de jóvenes líderes más importante del país, y se suma a nuestro compromiso de construir un Perú más desarrollado.

Conoce más aquí 👉…",0,1,2,0,431
2025-07-14 09:28:21,ScotiabankPE,Jun 6,"#BrandedContent.  La alta dirección de @ScotiabankPE, liderada por su CEO global, llegó a Perú y sostuvo reuniones con clientes estratégicos y reafirmó la importancia del mercado peruano en su operación internacional.
semanaeconomica.com/economia-finan…",1,1,2,0,962
2025-07-14 09:28:21,ScotiabankPE,May 26,"#BrandedContent.  La alta dirección de @ScotiabankPE, liderada por su CEO global, llegó a Perú y sostuvo reuniones con clientes estratégicos y reafirmó la importancia del mercado peruano en su operación internacional.
semanaeconomica.com/economia-finan…",1,1,2,1,1.0K
2025-07-14 09:28:21,ScotiabankPE,May 22,"#BrandedContent.  La alta dirección de @ScotiabankPE, liderada por su CEO global, llegó a Perú y sostuvo reuniones con clientes estratégicos y reafirmó la importancia del mercado peruano en su operación internacional. 

Conoce más: acortar.link/oCt094",1,1,3,0,1.0K
2025-07-14 09:28:21,ScotiabankPE,Apr 28,"#NotaInformativa | Buscando fortalecer la inversión privada y dinamizar el crecimiento económico, 📈 el ministro @Jose_SalardiR, junto con el director de Sistema Financiero y Mercado de Capitales de la Dirección General de Mercados Financieros y Previsional Privado, Óscar Orcón,…",1,2,5,1,1.0K
2025-07-14 09:28:21,ScotiabankPE,Mar 26,"#BrandedContent. @ScotiabankPE ha sido reconocido por segundo año consecutivo como líder de Banca Privada en Perú por Global Finance.
semanaeconomica.com/economia-finan…",8,1,0,0,2.0K
2025-07-14 09:28:21,ScotiabankPE,Mar 12,"#BrandedContent. @ScotiabankPE ha sido reconocido por segundo año consecutivo como líder de Banca Privada en Perú por Global Finance.

semanaeconomica.com/economia-finan…",4,2,0,0,2.0K
2025-07-14 09:28:21,ScotiabankPE,Mar 7,"#BrandedContent. @ScotiabankPE ha sido reconocido por segundo año consecutivo como líder de Banca Privada en Perú por Global Finance. Tras el reconocimiento, Patricia Martinez, Head de banca privada en Scotiabank, explica las acciones realizadas para lograr el reconocimiento, así…",6,1,1,0,1.0K
2025-07-14 09:28:21,ScotiabankPE,Mar 7,En Scotiabank te reconocemos tus logros y nos comprometemos a seguir trabajando por la equidad todos los días del año. #8MTodosLosDías. 💜 #8MTODOSLOSDÍAS,14,1,6,0,2.0K
2025-07-14 09:28:21,ScotiabankPE,Oct 16,"#BrandedContent. @ScotiabankPE presentó oficialmente a Sebastián Arcuri como su nuevo CEO, y junto a su CEO Global y Head of International Banking, reforzó su compromiso con sus clientes y el desarrollo del país.

Conoce más: acortar.link/Cg9UF1",19,2,11,1,7.0K
2025-07-14 09:28:21,ScotiabankPE,Sep 10,"Conoce nuestro proyecto en Punchan, Iquitos, Perú🇵🇪, con @scotiabankPE y @WorldVisionPeru, enfocado en mejorar la educación infantil con tecnología, fortalecer el rol familiar con ternura y el apoyo de proyectos juveniles.",2,4,26,1,6.0K
2025-07-14 09:28:21,ScotiabankPE,Aug 29,"Conoce nuestro proyecto en Punchana, Iquitos, Perú🇵🇪, con @ScotiabankPE y @WorldVisionPeru, enfocado en mejorar la educación infantil con tecnología, fortalecer el rol familiar con ternura y el apoyo de proyectos juveniles.",0,4,23,0,5.0K
2025-07-14 09:28:21,ScotiabankPE,Aug 8,Scotiabank lanza Fondo de Impacto Social ScotiaRISE en Perú ⏩n9.cl/bsrmz,6,1,2,0,4.0K
2025-07-14 09:28:21,ScotiabankPE,"Jun 18, 2024","Desde el 2022, hemos implementado el proyecto ""Inclusión Educativa para la Vida"" en Loreto, uno de los departamentos con mayor pobreza monetaria. Esta iniciativa, en alianza con @ScotiabankPE y @FundacioFCB, tiene como objetivo mejorar la calidad educativa de las niñas y niños.",5,1,3,0,5.0K
2025-07-14 09:28:21,ScotiabankPE,"Jun 13, 2024","En nuestro compromiso con el bienestar de la niñez, desde el 2022 implementamos el proyecto ""Inclusión Educativa para la Vida"" con el apoyo de @ScotiabankPE y la @FCBarcelona, para brindar acceso a una educación de calidad a las niñas y niños. 

#Scotiabank #FundacionBarcelona",2,6,9,0,4.0K
2025-07-14 09:28:21,ScotiabankPE,"Jun 14, 2024","Somos y seremos sus más grandes hinchas. ⚽️Etiquétalo y dile por qué lo eres. ❤️

#ScotiabankPerú #HablemosEnSerio #DíaDelPadre",18,0,4,0,4.0K
2025-07-14 09:28:21,ScotiabankPE,"May 10, 2024","El mejor regalo para mamá es reconocerla. 🤗  Etiquétala y coméntale por qué lo está haciendo bien.
#HablemosEnSerio #ScotiabankPerú #FelizDíaMamá",14,0,3,0,4.0K
2025-07-14 10:23:21,ScotiabankPE,Jul 10,"#EntrevistaSE. El CFO de @ScotiabankPE, Marcelo Rodríguez, cuenta que la reciente emisión por US$400 millones busca transmitir un mensaje de permanencia de largo plazo en el Perú.

Por @cabecitaterri.
semanaeconomica.com/economia-finan…",1,2,3,0,548
2025-07-14 10:23:21,ScotiabankPE,Jun 27,".@ScotiabankPE captó US$400 millones en emisión internacional de bonos subordinados. 

semanaeconomica.com/que-esta-pasan…",3,1,1,0,870
2025-07-14 10:23:21,ScotiabankPE,Jun 24,".@ScotiabankPE lanza roadshow internacional previo a nueva emisión de bonos por US$1,000 millones. Scotiabank contrató a @GoldmanSachs y Scotia Capital para presentar la operación ante inversionistas institucionales.
semanaeconomica.com/que-esta-pasan…",0,1,0,0,867
2025-07-14 10:23:21,ScotiabankPE,Jun 20,"Agradecemos a nuestro auspiciador PLATA 🎊 @ScotiabankPE, quién se une a la 30° edición de #CADEUniversitario, el encuentro de jóvenes líderes más importante del país, y se suma a nuestro compromiso de construir un Perú más desarrollado.

Conoce más aquí 👉…",0,1,2,0,431
2025-07-14 10:23:21,ScotiabankPE,Jun 6,"#BrandedContent.  La alta dirección de @ScotiabankPE, liderada por su CEO global, llegó a Perú y sostuvo reuniones con clientes estratégicos y reafirmó la importancia del mercado peruano en su operación internacional.
semanaeconomica.com/economia-finan…",1,1,2,0,962
2025-07-14 10:23:21,ScotiabankPE,May 26,"#BrandedContent.  La alta dirección de @ScotiabankPE, liderada por su CEO global, llegó a Perú y sostuvo reuniones con clientes estratégicos y reafirmó la importancia del mercado peruano en su operación internacional.
semanaeconomica.com/economia-finan…",1,1,2,1,1.0K
2025-07-14 10:23:21,ScotiabankPE,May 22,"#BrandedContent.  La alta dirección de @ScotiabankPE, liderada por su CEO global, llegó a Perú y sostuvo reuniones con clientes estratégicos y reafirmó la importancia del mercado peruano en su operación internacional. 

Conoce más: acortar.link/oCt094",1,1,3,0,1.0K
2025-07-14 10:23:21,ScotiabankPE,Apr 28,"#NotaInformativa | Buscando fortalecer la inversión privada y dinamizar el crecimiento económico, 📈 el ministro @Jose_SalardiR, junto con el director de Sistema Financiero y Mercado de Capitales de la Dirección General de Mercados Financieros y Previsional Privado, Óscar Orcón,…",1,2,5,1,1.0K
2025-07-14 10:23:21,ScotiabankPE,Mar 26,"#BrandedContent. @ScotiabankPE ha sido reconocido por segundo año consecutivo como líder de Banca Privada en Perú por Global Finance.
semanaeconomica.com/economia-finan…",8,1,0,0,2.0K
2025-07-14 10:23:21,ScotiabankPE,Mar 12,"#BrandedContent. @ScotiabankPE ha sido reconocido por segundo año consecutivo como líder de Banca Privada en Perú por Global Finance.

semanaeconomica.com/economia-finan…",4,2,0,0,2.0K
2025-07-14 10:23:21,ScotiabankPE,Mar 7,"#BrandedContent. @ScotiabankPE ha sido reconocido por segundo año consecutivo como líder de Banca Privada en Perú por Global Finance. Tras el reconocimiento, Patricia Martinez, Head de banca privada en Scotiabank, explica las acciones realizadas para lograr el reconocimiento, así…",6,1,1,0,1.0K
2025-07-14 10:23:21,ScotiabankPE,Mar 7,En Scotiabank te reconocemos tus logros y nos comprometemos a seguir trabajando por la equidad todos los días del año. #8MTodosLosDías. 💜 #8MTODOSLOSDÍAS,14,1,6,0,2.0K
2025-07-14 10:23:21,ScotiabankPE,Oct 16,"#BrandedContent. @ScotiabankPE presentó oficialmente a Sebastián Arcuri como su nuevo CEO, y junto a su CEO Global y Head of International Banking, reforzó su compromiso con sus clientes y el desarrollo del país.

Conoce más: acortar.link/Cg9UF1",19,2,11,1,7.0K
2025-07-14 10:23:21,ScotiabankPE,Sep 10,"Conoce nuestro proyecto en Punchan, Iquitos, Perú🇵🇪, con @scotiabankPE y @WorldVisionPeru, enfocado en mejorar la educación infantil con tecnología, fortalecer el rol familiar con ternura y el apoyo de proyectos juveniles.",2,4,26,1,6.0K
2025-07-14 10:23:21,ScotiabankPE,Aug 29,"Conoce nuestro proyecto en Punchana, Iquitos, Perú🇵🇪, con @ScotiabankPE y @WorldVisionPeru, enfocado en mejorar la educación infantil con tecnología, fortalecer el rol familiar con ternura y el apoyo de proyectos juveniles.",0,4,23,0,5.0K
2025-07-14 10:23:21,ScotiabankPE,Aug 8,Scotiabank lanza Fondo de Impacto Social ScotiaRISE en Perú ⏩n9.cl/bsrmz,6,1,2,0,4.0K
2025-07-14 10:23:21,ScotiabankPE,"Jun 18, 2024","Desde el 2022, hemos implementado el proyecto ""Inclusión Educativa para la Vida"" en Loreto, uno de los departamentos con mayor pobreza monetaria. Esta iniciativa, en alianza con @ScotiabankPE y @FundacioFCB, tiene como objetivo mejorar la calidad educativa de las niñas y niños.",5,1,3,0,5.0K
2025-07-14 10:23:21,ScotiabankPE,"Jun 13, 2024","En nuestro compromiso con el bienestar de la niñez, desde el 2022 implementamos el proyecto ""Inclusión Educativa para la Vida"" con el apoyo de @ScotiabankPE y la @FCBarcelona, para brindar acceso a una educación de calidad a las niñas y niños. 

#Scotiabank #FundacionBarcelona",2,6,9,0,4.0K
2025-07-14 10:23:21,ScotiabankPE,"Jun 14, 2024","Somos y seremos sus más grandes hinchas. ⚽️Etiquétalo y dile por qué lo eres. ❤️

#ScotiabankPerú #HablemosEnSerio #DíaDelPadre",18,0,4,0,4.0K
2025-07-14 10:23:21,ScotiabankPE,"May 10, 2024","El mejor regalo para mamá es reconocerla. 🤗  Etiquétala y coméntale por qué lo está haciendo bien.
#HablemosEnSerio #ScotiabankPerú #FelizDíaMamá",14,0,3,0,4.0K
2025-07-14 11:18:39,ScotiabankPE,Jul 10,"#EntrevistaSE. El CFO de @ScotiabankPE, Marcelo Rodríguez, cuenta que la reciente emisión por US$400 millones busca transmitir un mensaje de permanencia de largo plazo en el Perú.

Por @cabecitaterri.
semanaeconomica.com/economia-finan…",1,2,3,0,548
2025-07-14 11:18:39,ScotiabankPE,Jun 27,".@ScotiabankPE captó US$400 millones en emisión internacional de bonos subordinados. 

semanaeconomica.com/que-esta-pasan…",3,1,1,0,870
2025-07-14 11:18:39,ScotiabankPE,Jun 24,".@ScotiabankPE lanza roadshow internacional previo a nueva emisión de bonos por US$1,000 millones. Scotiabank contrató a @GoldmanSachs y Scotia Capital para presentar la operación ante inversionistas institucionales.
semanaeconomica.com/que-esta-pasan…",0,1,0,0,867
2025-07-14 11:18:39,ScotiabankPE,Jun 20,"Agradecemos a nuestro auspiciador PLATA 🎊 @ScotiabankPE, quién se une a la 30° edición de #CADEUniversitario, el encuentro de jóvenes líderes más importante del país, y se suma a nuestro compromiso de construir un Perú más desarrollado.

Conoce más aquí 👉…",0,1,2,0,431
2025-07-14 11:18:39,ScotiabankPE,Jun 6,"#BrandedContent.  La alta dirección de @ScotiabankPE, liderada por su CEO global, llegó a Perú y sostuvo reuniones con clientes estratégicos y reafirmó la importancia del mercado peruano en su operación internacional.
semanaeconomica.com/economia-finan…",1,1,2,0,962
2025-07-14 11:18:39,ScotiabankPE,May 26,"#BrandedContent.  La alta dirección de @ScotiabankPE, liderada por su CEO global, llegó a Perú y sostuvo reuniones con clientes estratégicos y reafirmó la importancia del mercado peruano en su operación internacional.
semanaeconomica.com/economia-finan…",1,1,2,1,1.0K
2025-07-14 11:18:39,ScotiabankPE,May 22,"#BrandedContent.  La alta dirección de @ScotiabankPE, liderada por su CEO global, llegó a Perú y sostuvo reuniones con clientes estratégicos y reafirmó la importancia del mercado peruano en su operación internacional. 

Conoce más: acortar.link/oCt094",1,1,3,0,1.0K
2025-07-14 11:18:39,ScotiabankPE,Apr 28,"#NotaInformativa | Buscando fortalecer la inversión privada y dinamizar el crecimiento económico, 📈 el ministro @Jose_SalardiR, junto con el director de Sistema Financiero y Mercado de Capitales de la Dirección General de Mercados Financieros y Previsional Privado, Óscar Orcón,…",1,2,5,1,1.0K
2025-07-14 11:18:39,ScotiabankPE,Mar 26,"#BrandedContent. @ScotiabankPE ha sido reconocido por segundo año consecutivo como líder de Banca Privada en Perú por Global Finance.
semanaeconomica.com/economia-finan…",8,1,0,0,2.0K
2025-07-14 11:18:39,ScotiabankPE,Mar 12,"#BrandedContent. @ScotiabankPE ha sido reconocido por segundo año consecutivo como líder de Banca Privada en Perú por Global Finance.

semanaeconomica.com/economia-finan…",4,2,0,0,2.0K
2025-07-14 11:18:39,ScotiabankPE,Mar 7,"#BrandedContent. @ScotiabankPE ha sido reconocido por segundo año consecutivo como líder de Banca Privada en Perú por Global Finance. Tras el reconocimiento, Patricia Martinez, Head de banca privada en Scotiabank, explica las acciones realizadas para lograr el reconocimiento, así…",6,1,1,0,1.0K
2025-07-14 11:18:39,ScotiabankPE,Mar 7,En Scotiabank te reconocemos tus logros y nos comprometemos a seguir trabajando por la equidad todos los días del año. #8MTodosLosDías. 💜 #8MTODOSLOSDÍAS,14,1,6,0,2.0K
2025-07-14 11:18:39,ScotiabankPE,Oct 16,"#BrandedContent. @ScotiabankPE presentó oficialmente a Sebastián Arcuri como su nuevo CEO, y junto a su CEO Global y Head of International Banking, reforzó su compromiso con sus clientes y el desarrollo del país.

Conoce más: acortar.link/Cg9UF1",19,2,11,1,7.0K
2025-07-14 11:18:39,ScotiabankPE,Sep 10,"Conoce nuestro proyecto en Punchan, Iquitos, Perú🇵🇪, con @scotiabankPE y @WorldVisionPeru, enfocado en mejorar la educación infantil con tecnología, fortalecer el rol familiar con ternura y el apoyo de proyectos juveniles.",2,4,26,1,6.0K
2025-07-14 11:18:39,ScotiabankPE,Aug 29,"Conoce nuestro proyecto en Punchana, Iquitos, Perú🇵🇪, con @ScotiabankPE y @WorldVisionPeru, enfocado en mejorar la educación infantil con tecnología, fortalecer el rol familiar con ternura y el apoyo de proyectos juveniles.",0,4,23,0,5.0K
2025-07-14 11:18:39,ScotiabankPE,Aug 8,Scotiabank lanza Fondo de Impacto Social ScotiaRISE en Perú ⏩n9.cl/bsrmz,6,1,2,0,4.0K
2025-07-14 11:18:39,ScotiabankPE,"Jun 18, 2024","Desde el 2022, hemos implementado el proyecto ""Inclusión Educativa para la Vida"" en Loreto, uno de los departamentos con mayor pobreza monetaria. Esta iniciativa, en alianza con @ScotiabankPE y @FundacioFCB, tiene como objetivo mejorar la calidad educativa de las niñas y niños.",5,1,3,0,5.0K
2025-07-14 11:18:39,ScotiabankPE,"Jun 13, 2024","En nuestro compromiso con el bienestar de la niñez, desde el 2022 implementamos el proyecto ""Inclusión Educativa para la Vida"" con el apoyo de @ScotiabankPE y la @FCBarcelona, para brindar acceso a una educación de calidad a las niñas y niños. 

#Scotiabank #FundacionBarcelona",2,6,9,0,4.0K
2025-07-14 11:18:39,ScotiabankPE,"Jun 14, 2024","Somos y seremos sus más grandes hinchas. ⚽️Etiquétalo y dile por qué lo eres. ❤️

#ScotiabankPerú #HablemosEnSerio #DíaDelPadre",18,0,4,0,4.0K
2025-07-14 11:18:39,ScotiabankPE,"May 10, 2024","El mejor regalo para mamá es reconocerla. 🤗  Etiquétala y coméntale por qué lo está haciendo bien.
#HablemosEnSerio #ScotiabankPerú #FelizDíaMamá",14,0,3,0,4.0K
2025-07-14 12:42:52,ScotiabankPE,Jul 10,"#EntrevistaSE. El CFO de @ScotiabankPE, Marcelo Rodríguez, cuenta que la reciente emisión por US$400 millones busca transmitir un mensaje de permanencia de largo plazo en el Perú.

Por @cabecitaterri.
semanaeconomica.com/economia-finan…",1,2,3,0,548
2025-07-14 12:42:52,ScotiabankPE,Jun 27,".@ScotiabankPE captó US$400 millones en emisión internacional de bonos subordinados. 

semanaeconomica.com/que-esta-pasan…",3,1,1,0,870
2025-07-14 12:42:52,ScotiabankPE,Jun 24,".@ScotiabankPE lanza roadshow internacional previo a nueva emisión de bonos por US$1,000 millones. Scotiabank contrató a @GoldmanSachs y Scotia Capital para presentar la operación ante inversionistas institucionales.
semanaeconomica.com/que-esta-pasan…",0,1,0,0,867
2025-07-14 12:42:52,ScotiabankPE,Jun 20,"Agradecemos a nuestro auspiciador PLATA 🎊 @ScotiabankPE, quién se une a la 30° edición de #CADEUniversitario, el encuentro de jóvenes líderes más importante del país, y se suma a nuestro compromiso de construir un Perú más desarrollado.

Conoce más aquí 👉…",0,1,2,0,431
2025-07-14 12:42:52,ScotiabankPE,Jun 6,"#BrandedContent.  La alta dirección de @ScotiabankPE, liderada por su CEO global, llegó a Perú y sostuvo reuniones con clientes estratégicos y reafirmó la importancia del mercado peruano en su operación internacional.
semanaeconomica.com/economia-finan…",1,1,2,0,962
2025-07-14 12:42:52,ScotiabankPE,May 26,"#BrandedContent.  La alta dirección de @ScotiabankPE, liderada por su CEO global, llegó a Perú y sostuvo reuniones con clientes estratégicos y reafirmó la importancia del mercado peruano en su operación internacional.
semanaeconomica.com/economia-finan…",1,1,2,1,1.0K
2025-07-14 12:42:52,ScotiabankPE,May 22,"#BrandedContent.  La alta dirección de @ScotiabankPE, liderada por su CEO global, llegó a Perú y sostuvo reuniones con clientes estratégicos y reafirmó la importancia del mercado peruano en su operación internacional. 

Conoce más: acortar.link/oCt094",1,1,3,0,1.0K
2025-07-14 12:42:52,ScotiabankPE,Apr 28,"#NotaInformativa | Buscando fortalecer la inversión privada y dinamizar el crecimiento económico, 📈 el ministro @Jose_SalardiR, junto con el director de Sistema Financiero y Mercado de Capitales de la Dirección General de Mercados Financieros y Previsional Privado, Óscar Orcón,…",1,2,5,1,1.0K
2025-07-14 12:42:52,ScotiabankPE,Mar 26,"#BrandedContent. @ScotiabankPE ha sido reconocido por segundo año consecutivo como líder de Banca Privada en Perú por Global Finance.
semanaeconomica.com/economia-finan…",8,1,0,0,2.0K
2025-07-14 12:42:52,ScotiabankPE,Mar 12,"#BrandedContent. @ScotiabankPE ha sido reconocido por segundo año consecutivo como líder de Banca Privada en Perú por Global Finance.

semanaeconomica.com/economia-finan…",4,2,0,0,2.0K
2025-07-14 12:42:52,ScotiabankPE,Mar 7,"#BrandedContent. @ScotiabankPE ha sido reconocido por segundo año consecutivo como líder de Banca Privada en Perú por Global Finance. Tras el reconocimiento, Patricia Martinez, Head de banca privada en Scotiabank, explica las acciones realizadas para lograr el reconocimiento, así…",6,1,1,0,1.0K
2025-07-14 12:42:52,ScotiabankPE,Mar 7,En Scotiabank te reconocemos tus logros y nos comprometemos a seguir trabajando por la equidad todos los días del año. #8MTodosLosDías. 💜 #8MTODOSLOSDÍAS,14,1,6,0,2.0K
2025-07-14 12:42:52,ScotiabankPE,Oct 16,"#BrandedContent. @ScotiabankPE presentó oficialmente a Sebastián Arcuri como su nuevo CEO, y junto a su CEO Global y Head of International Banking, reforzó su compromiso con sus clientes y el desarrollo del país.

Conoce más: acortar.link/Cg9UF1",19,2,11,1,7.0K
2025-07-14 12:42:52,ScotiabankPE,Sep 10,"Conoce nuestro proyecto en Punchan, Iquitos, Perú🇵🇪, con @scotiabankPE y @WorldVisionPeru, enfocado en mejorar la educación infantil con tecnología, fortalecer el rol familiar con ternura y el apoyo de proyectos juveniles.",2,4,26,1,6.0K
2025-07-14 12:42:52,ScotiabankPE,Aug 29,"Conoce nuestro proyecto en Punchana, Iquitos, Perú🇵🇪, con @ScotiabankPE y @WorldVisionPeru, enfocado en mejorar la educación infantil con tecnología, fortalecer el rol familiar con ternura y el apoyo de proyectos juveniles.",0,4,23,0,5.0K
2025-07-14 12:42:52,ScotiabankPE,Aug 8,Scotiabank lanza Fondo de Impacto Social ScotiaRISE en Perú ⏩n9.cl/bsrmz,6,1,2,0,4.0K
2025-07-14 12:42:52,ScotiabankPE,"Jun 18, 2024","Desde el 2022, hemos implementado el proyecto ""Inclusión Educativa para la Vida"" en Loreto, uno de los departamentos con mayor pobreza monetaria. Esta iniciativa, en alianza con @ScotiabankPE y @FundacioFCB, tiene como objetivo mejorar la calidad educativa de las niñas y niños.",5,1,3,0,5.0K
2025-07-14 12:42:52,ScotiabankPE,"Jun 13, 2024","En nuestro compromiso con el bienestar de la niñez, desde el 2022 implementamos el proyecto ""Inclusión Educativa para la Vida"" con el apoyo de @ScotiabankPE y la @FCBarcelona, para brindar acceso a una educación de calidad a las niñas y niños. 

#Scotiabank #FundacionBarcelona",2,6,9,0,4.0K
2025-07-14 12:42:52,ScotiabankPE,"Jun 14, 2024","Somos y seremos sus más grandes hinchas. ⚽️Etiquétalo y dile por qué lo eres. ❤️

#ScotiabankPerú #HablemosEnSerio #DíaDelPadre",18,0,4,0,4.0K
2025-07-14 12:42:52,ScotiabankPE,"May 10, 2024","El mejor regalo para mamá es reconocerla. 🤗  Etiquétala y coméntale por qué lo está haciendo bien.
#HablemosEnSerio #ScotiabankPerú #FelizDíaMamá",14,0,3,0,4.0K
2025-07-14 13:36:40,ScotiabankPE,Jul 10,"#EntrevistaSE. El CFO de @ScotiabankPE, Marcelo Rodríguez, cuenta que la reciente emisión por US$400 millones busca transmitir un mensaje de permanencia de largo plazo en el Perú.

Por @cabecitaterri.
semanaeconomica.com/economia-finan…",1,2,3,0,548
2025-07-14 13:36:40,ScotiabankPE,Jun 27,".@ScotiabankPE captó US$400 millones en emisión internacional de bonos subordinados. 

semanaeconomica.com/que-esta-pasan…",3,1,1,0,870
2025-07-14 13:36:40,ScotiabankPE,Jun 24,".@ScotiabankPE lanza roadshow internacional previo a nueva emisión de bonos por US$1,000 millones. Scotiabank contrató a @GoldmanSachs y Scotia Capital para presentar la operación ante inversionistas institucionales.
semanaeconomica.com/que-esta-pasan…",0,1,0,0,867
2025-07-14 13:36:40,ScotiabankPE,Jun 20,"Agradecemos a nuestro auspiciador PLATA 🎊 @ScotiabankPE, quién se une a la 30° edición de #CADEUniversitario, el encuentro de jóvenes líderes más importante del país, y se suma a nuestro compromiso de construir un Perú más desarrollado.

Conoce más aquí 👉…",0,1,2,0,431
2025-07-14 13:36:40,ScotiabankPE,Jun 6,"#BrandedContent.  La alta dirección de @ScotiabankPE, liderada por su CEO global, llegó a Perú y sostuvo reuniones con clientes estratégicos y reafirmó la importancia del mercado peruano en su operación internacional.
semanaeconomica.com/economia-finan…",1,1,2,0,962
2025-07-14 13:36:40,ScotiabankPE,May 26,"#BrandedContent.  La alta dirección de @ScotiabankPE, liderada por su CEO global, llegó a Perú y sostuvo reuniones con clientes estratégicos y reafirmó la importancia del mercado peruano en su operación internacional.
semanaeconomica.com/economia-finan…",1,1,2,1,1.0K
2025-07-14 13:36:40,ScotiabankPE,May 22,"#BrandedContent.  La alta dirección de @ScotiabankPE, liderada por su CEO global, llegó a Perú y sostuvo reuniones con clientes estratégicos y reafirmó la importancia del mercado peruano en su operación internacional. 

Conoce más: acortar.link/oCt094",1,1,3,0,1.0K
2025-07-14 13:36:40,ScotiabankPE,Apr 28,"#NotaInformativa | Buscando fortalecer la inversión privada y dinamizar el crecimiento económico, 📈 el ministro @Jose_SalardiR, junto con el director de Sistema Financiero y Mercado de Capitales de la Dirección General de Mercados Financieros y Previsional Privado, Óscar Orcón,…",1,2,5,1,1.0K
2025-07-14 13:36:40,ScotiabankPE,Mar 26,"#BrandedContent. @ScotiabankPE ha sido reconocido por segundo año consecutivo como líder de Banca Privada en Perú por Global Finance.
semanaeconomica.com/economia-finan…",8,1,0,0,2.0K
2025-07-14 13:36:40,ScotiabankPE,Mar 12,"#BrandedContent. @ScotiabankPE ha sido reconocido por segundo año consecutivo como líder de Banca Privada en Perú por Global Finance.

semanaeconomica.com/economia-finan…",4,2,0,0,2.0K
2025-07-14 13:36:40,ScotiabankPE,Mar 7,"#BrandedContent. @ScotiabankPE ha sido reconocido por segundo año consecutivo como líder de Banca Privada en Perú por Global Finance. Tras el reconocimiento, Patricia Martinez, Head de banca privada en Scotiabank, explica las acciones realizadas para lograr el reconocimiento, así…",6,1,1,0,1.0K
2025-07-14 13:36:40,ScotiabankPE,Mar 7,En Scotiabank te reconocemos tus logros y nos comprometemos a seguir trabajando por la equidad todos los días del año. #8MTodosLosDías. 💜 #8MTODOSLOSDÍAS,14,1,6,0,2.0K
2025-07-14 13:36:40,ScotiabankPE,Oct 16,"#BrandedContent. @ScotiabankPE presentó oficialmente a Sebastián Arcuri como su nuevo CEO, y junto a su CEO Global y Head of International Banking, reforzó su compromiso con sus clientes y el desarrollo del país.

Conoce más: acortar.link/Cg9UF1",19,2,11,1,7.0K
2025-07-14 13:36:40,ScotiabankPE,Sep 10,"Conoce nuestro proyecto en Punchan, Iquitos, Perú🇵🇪, con @scotiabankPE y @WorldVisionPeru, enfocado en mejorar la educación infantil con tecnología, fortalecer el rol familiar con ternura y el apoyo de proyectos juveniles.",2,4,26,1,6.0K
2025-07-14 13:36:40,ScotiabankPE,Aug 29,"Conoce nuestro proyecto en Punchana, Iquitos, Perú🇵🇪, con @ScotiabankPE y @WorldVisionPeru, enfocado en mejorar la educación infantil con tecnología, fortalecer el rol familiar con ternura y el apoyo de proyectos juveniles.",0,4,23,0,5.0K
2025-07-14 13:36:40,ScotiabankPE,Aug 8,Scotiabank lanza Fondo de Impacto Social ScotiaRISE en Perú ⏩n9.cl/bsrmz,6,1,2,0,4.0K
2025-07-14 13:36:40,ScotiabankPE,"Jun 18, 2024","Desde el 2022, hemos implementado el proyecto ""Inclusión Educativa para la Vida"" en Loreto, uno de los departamentos con mayor pobreza monetaria. Esta iniciativa, en alianza con @ScotiabankPE y @FundacioFCB, tiene como objetivo mejorar la calidad educativa de las niñas y niños.",5,1,3,0,5.0K
2025-07-14 13:36:40,ScotiabankPE,"Jun 13, 2024","En nuestro compromiso con el bienestar de la niñez, desde el 2022 implementamos el proyecto ""Inclusión Educativa para la Vida"" con el apoyo de @ScotiabankPE y la @FCBarcelona, para brindar acceso a una educación de calidad a las niñas y niños. 

#Scotiabank #FundacionBarcelona",2,6,9,0,4.0K
2025-07-14 13:36:40,ScotiabankPE,"Jun 14, 2024","Somos y seremos sus más grandes hinchas. ⚽️Etiquétalo y dile por qué lo eres. ❤️

#ScotiabankPerú #HablemosEnSerio #DíaDelPadre",18,0,4,0,4.0K
2025-07-14 13:36:40,ScotiabankPE,"May 10, 2024","El mejor regalo para mamá es reconocerla. 🤗  Etiquétala y coméntale por qué lo está haciendo bien.
#HablemosEnSerio #ScotiabankPerú #FelizDíaMamá",14,0,3,0,4.0K
2025-07-14 14:21:46,ScotiabankPE,Jul 10,"#EntrevistaSE. El CFO de @ScotiabankPE, Marcelo Rodríguez, cuenta que la reciente emisión por US$400 millones busca transmitir un mensaje de permanencia de largo plazo en el Perú.

Por @cabecitaterri.
semanaeconomica.com/economia-finan…",1,2,3,0,549
2025-07-14 14:21:46,ScotiabankPE,Jun 27,".@ScotiabankPE captó US$400 millones en emisión internacional de bonos subordinados. 

semanaeconomica.com/que-esta-pasan…",3,1,1,0,871
2025-07-14 14:21:46,ScotiabankPE,Jun 24,".@ScotiabankPE lanza roadshow internacional previo a nueva emisión de bonos por US$1,000 millones. Scotiabank contrató a @GoldmanSachs y Scotia Capital para presentar la operación ante inversionistas institucionales.
semanaeconomica.com/que-esta-pasan…",0,1,0,0,868
2025-07-14 14:21:46,ScotiabankPE,Jun 20,"Agradecemos a nuestro auspiciador PLATA 🎊 @ScotiabankPE, quién se une a la 30° edición de #CADEUniversitario, el encuentro de jóvenes líderes más importante del país, y se suma a nuestro compromiso de construir un Perú más desarrollado.

Conoce más aquí 👉…",0,1,2,0,432
2025-07-14 14:21:46,ScotiabankPE,Jun 6,"#BrandedContent.  La alta dirección de @ScotiabankPE, liderada por su CEO global, llegó a Perú y sostuvo reuniones con clientes estratégicos y reafirmó la importancia del mercado peruano en su operación internacional.
semanaeconomica.com/economia-finan…",1,1,2,0,963
2025-07-14 14:21:46,ScotiabankPE,May 26,"#BrandedContent.  La alta dirección de @ScotiabankPE, liderada por su CEO global, llegó a Perú y sostuvo reuniones con clientes estratégicos y reafirmó la importancia del mercado peruano en su operación internacional.
semanaeconomica.com/economia-finan…",1,1,2,1,1.0K
2025-07-14 14:21:46,ScotiabankPE,May 22,"#BrandedContent.  La alta dirección de @ScotiabankPE, liderada por su CEO global, llegó a Perú y sostuvo reuniones con clientes estratégicos y reafirmó la importancia del mercado peruano en su operación internacional. 

Conoce más: acortar.link/oCt094",1,1,3,0,1.0K
2025-07-14 14:21:46,ScotiabankPE,Apr 28,"#NotaInformativa | Buscando fortalecer la inversión privada y dinamizar el crecimiento económico, 📈 el ministro @Jose_SalardiR, junto con el director de Sistema Financiero y Mercado de Capitales de la Dirección General de Mercados Financieros y Previsional Privado, Óscar Orcón,…",1,2,5,1,1.0K
2025-07-14 14:21:46,ScotiabankPE,Mar 26,"#BrandedContent. @ScotiabankPE ha sido reconocido por segundo año consecutivo como líder de Banca Privada en Perú por Global Finance.
semanaeconomica.com/economia-finan…",8,1,0,0,2.0K
2025-07-14 14:21:46,ScotiabankPE,Mar 12,"#BrandedContent. @ScotiabankPE ha sido reconocido por segundo año consecutivo como líder de Banca Privada en Perú por Global Finance.

semanaeconomica.com/economia-finan…",4,2,0,0,2.0K
2025-07-14 14:21:46,ScotiabankPE,Mar 7,"#BrandedContent. @ScotiabankPE ha sido reconocido por segundo año consecutivo como líder de Banca Privada en Perú por Global Finance. Tras el reconocimiento, Patricia Martinez, Head de banca privada en Scotiabank, explica las acciones realizadas para lograr el reconocimiento, así…",6,1,1,0,1.0K
2025-07-14 14:21:46,ScotiabankPE,Mar 7,En Scotiabank te reconocemos tus logros y nos comprometemos a seguir trabajando por la equidad todos los días del año. #8MTodosLosDías. 💜 #8MTODOSLOSDÍAS,14,1,6,0,2.0K
2025-07-14 14:21:46,ScotiabankPE,Oct 16,"#BrandedContent. @ScotiabankPE presentó oficialmente a Sebastián Arcuri como su nuevo CEO, y junto a su CEO Global y Head of International Banking, reforzó su compromiso con sus clientes y el desarrollo del país.

Conoce más: acortar.link/Cg9UF1",19,2,11,1,7.0K
2025-07-14 14:21:46,ScotiabankPE,Sep 10,"Conoce nuestro proyecto en Punchan, Iquitos, Perú🇵🇪, con @scotiabankPE y @WorldVisionPeru, enfocado en mejorar la educación infantil con tecnología, fortalecer el rol familiar con ternura y el apoyo de proyectos juveniles.",2,4,26,1,6.0K
2025-07-14 14:21:46,ScotiabankPE,Aug 29,"Conoce nuestro proyecto en Punchana, Iquitos, Perú🇵🇪, con @ScotiabankPE y @WorldVisionPeru, enfocado en mejorar la educación infantil con tecnología, fortalecer el rol familiar con ternura y el apoyo de proyectos juveniles.",0,4,23,0,5.0K
2025-07-14 14:21:46,ScotiabankPE,Aug 8,Scotiabank lanza Fondo de Impacto Social ScotiaRISE en Perú ⏩n9.cl/bsrmz,6,1,2,0,4.0K
2025-07-14 14:21:46,ScotiabankPE,"Jun 18, 2024","Desde el 2022, hemos implementado el proyecto ""Inclusión Educativa para la Vida"" en Loreto, uno de los departamentos con mayor pobreza monetaria. Esta iniciativa, en alianza con @ScotiabankPE y @FundacioFCB, tiene como objetivo mejorar la calidad educativa de las niñas y niños.",5,1,3,0,5.0K
2025-07-14 14:21:46,ScotiabankPE,"Jun 13, 2024","En nuestro compromiso con el bienestar de la niñez, desde el 2022 implementamos el proyecto ""Inclusión Educativa para la Vida"" con el apoyo de @ScotiabankPE y la @FCBarcelona, para brindar acceso a una educación de calidad a las niñas y niños. 

#Scotiabank #FundacionBarcelona",2,6,9,0,4.0K
2025-07-14 14:21:46,ScotiabankPE,"Jun 14, 2024","Somos y seremos sus más grandes hinchas. ⚽️Etiquétalo y dile por qué lo eres. ❤️

#ScotiabankPerú #HablemosEnSerio #DíaDelPadre",18,0,4,0,4.0K
2025-07-14 14:21:46,ScotiabankPE,"May 10, 2024","El mejor regalo para mamá es reconocerla. 🤗  Etiquétala y coméntale por qué lo está haciendo bien.
#HablemosEnSerio #ScotiabankPerú #FelizDíaMamá",14,0,3,0,4.0K
2025-07-14 15:23:07,ScotiabankPE,Jul 10,"#EntrevistaSE. El CFO de @ScotiabankPE, Marcelo Rodríguez, cuenta que la reciente emisión por US$400 millones busca transmitir un mensaje de permanencia de largo plazo en el Perú.

Por @cabecitaterri.
semanaeconomica.com/economia-finan…",1,2,3,0,550
2025-07-14 15:23:07,ScotiabankPE,Jun 27,".@ScotiabankPE captó US$400 millones en emisión internacional de bonos subordinados. 

semanaeconomica.com/que-esta-pasan…",3,1,1,0,872
2025-07-14 15:23:07,ScotiabankPE,Jun 24,".@ScotiabankPE lanza roadshow internacional previo a nueva emisión de bonos por US$1,000 millones. Scotiabank contrató a @GoldmanSachs y Scotia Capital para presentar la operación ante inversionistas institucionales.
semanaeconomica.com/que-esta-pasan…",0,1,0,0,869
2025-07-14 15:23:07,ScotiabankPE,Jun 20,"Agradecemos a nuestro auspiciador PLATA 🎊 @ScotiabankPE, quién se une a la 30° edición de #CADEUniversitario, el encuentro de jóvenes líderes más importante del país, y se suma a nuestro compromiso de construir un Perú más desarrollado.

Conoce más aquí 👉…",0,1,2,0,433
2025-07-14 15:23:07,ScotiabankPE,Jun 6,"#BrandedContent.  La alta dirección de @ScotiabankPE, liderada por su CEO global, llegó a Perú y sostuvo reuniones con clientes estratégicos y reafirmó la importancia del mercado peruano en su operación internacional.
semanaeconomica.com/economia-finan…",1,1,2,0,964
2025-07-14 15:23:07,ScotiabankPE,May 26,"#BrandedContent.  La alta dirección de @ScotiabankPE, liderada por su CEO global, llegó a Perú y sostuvo reuniones con clientes estratégicos y reafirmó la importancia del mercado peruano en su operación internacional.
semanaeconomica.com/economia-finan…",1,1,2,1,1.0K
2025-07-14 15:23:07,ScotiabankPE,May 22,"#BrandedContent.  La alta dirección de @ScotiabankPE, liderada por su CEO global, llegó a Perú y sostuvo reuniones con clientes estratégicos y reafirmó la importancia del mercado peruano en su operación internacional. 

Conoce más: acortar.link/oCt094",1,1,3,0,1.0K
2025-07-14 15:23:07,ScotiabankPE,Apr 28,"#NotaInformativa | Buscando fortalecer la inversión privada y dinamizar el crecimiento económico, 📈 el ministro @Jose_SalardiR, junto con el director de Sistema Financiero y Mercado de Capitales de la Dirección General de Mercados Financieros y Previsional Privado, Óscar Orcón,…",1,2,5,1,1.0K
2025-07-14 15:23:07,ScotiabankPE,Mar 26,"#BrandedContent. @ScotiabankPE ha sido reconocido por segundo año consecutivo como líder de Banca Privada en Perú por Global Finance.
semanaeconomica.com/economia-finan…",8,1,0,0,2.0K
2025-07-14 15:23:07,ScotiabankPE,Mar 12,"#BrandedContent. @ScotiabankPE ha sido reconocido por segundo año consecutivo como líder de Banca Privada en Perú por Global Finance.

semanaeconomica.com/economia-finan…",4,2,0,0,2.0K
2025-07-14 15:23:07,ScotiabankPE,Mar 7,"#BrandedContent. @ScotiabankPE ha sido reconocido por segundo año consecutivo como líder de Banca Privada en Perú por Global Finance. Tras el reconocimiento, Patricia Martinez, Head de banca privada en Scotiabank, explica las acciones realizadas para lograr el reconocimiento, así…",6,1,1,0,1.0K
2025-07-14 15:23:07,ScotiabankPE,Mar 7,En Scotiabank te reconocemos tus logros y nos comprometemos a seguir trabajando por la equidad todos los días del año. #8MTodosLosDías. 💜 #8MTODOSLOSDÍAS,14,1,6,0,2.0K
2025-07-14 15:23:07,ScotiabankPE,Oct 16,"#BrandedContent. @ScotiabankPE presentó oficialmente a Sebastián Arcuri como su nuevo CEO, y junto a su CEO Global y Head of International Banking, reforzó su compromiso con sus clientes y el desarrollo del país.

Conoce más: acortar.link/Cg9UF1",19,2,11,1,7.0K
2025-07-14 15:23:07,ScotiabankPE,Sep 10,"Conoce nuestro proyecto en Punchan, Iquitos, Perú🇵🇪, con @scotiabankPE y @WorldVisionPeru, enfocado en mejorar la educación infantil con tecnología, fortalecer el rol familiar con ternura y el apoyo de proyectos juveniles.",2,4,26,1,6.0K
2025-07-14 15:23:07,ScotiabankPE,Aug 29,"Conoce nuestro proyecto en Punchana, Iquitos, Perú🇵🇪, con @ScotiabankPE y @WorldVisionPeru, enfocado en mejorar la educación infantil con tecnología, fortalecer el rol familiar con ternura y el apoyo de proyectos juveniles.",0,4,23,0,5.0K
2025-07-14 15:23:07,ScotiabankPE,Aug 8,Scotiabank lanza Fondo de Impacto Social ScotiaRISE en Perú ⏩n9.cl/bsrmz,6,1,2,0,4.0K
2025-07-14 15:23:07,ScotiabankPE,"Jun 18, 2024","Desde el 2022, hemos implementado el proyecto ""Inclusión Educativa para la Vida"" en Loreto, uno de los departamentos con mayor pobreza monetaria. Esta iniciativa, en alianza con @ScotiabankPE y @FundacioFCB, tiene como objetivo mejorar la calidad educativa de las niñas y niños.",5,1,3,0,5.0K
2025-07-14 15:23:07,ScotiabankPE,"Jun 13, 2024","En nuestro compromiso con el bienestar de la niñez, desde el 2022 implementamos el proyecto ""Inclusión Educativa para la Vida"" con el apoyo de @ScotiabankPE y la @FCBarcelona, para brindar acceso a una educación de calidad a las niñas y niños. 

#Scotiabank #FundacionBarcelona",2,6,9,0,4.0K
2025-07-14 15:23:07,ScotiabankPE,"Jun 14, 2024","Somos y seremos sus más grandes hinchas. ⚽️Etiquétalo y dile por qué lo eres. ❤️

#ScotiabankPerú #HablemosEnSerio #DíaDelPadre",18,0,4,0,4.0K
2025-07-14 15:23:07,ScotiabankPE,"May 10, 2024","El mejor regalo para mamá es reconocerla. 🤗  Etiquétala y coméntale por qué lo está haciendo bien.
#HablemosEnSerio #ScotiabankPerú #FelizDíaMamá",14,0,3,0,4.0K
2025-07-14 16:27:24,ScotiabankPE,Jul 10,"#EntrevistaSE. El CFO de @ScotiabankPE, Marcelo Rodríguez, cuenta que la reciente emisión por US$400 millones busca transmitir un mensaje de permanencia de largo plazo en el Perú.

Por @cabecitaterri.
semanaeconomica.com/economia-finan…",1,2,3,0,552
2025-07-14 16:27:24,ScotiabankPE,Jun 27,".@ScotiabankPE captó US$400 millones en emisión internacional de bonos subordinados. 

semanaeconomica.com/que-esta-pasan…",3,1,1,0,873
2025-07-14 16:27:24,ScotiabankPE,Jun 24,".@ScotiabankPE lanza roadshow internacional previo a nueva emisión de bonos por US$1,000 millones. Scotiabank contrató a @GoldmanSachs y Scotia Capital para presentar la operación ante inversionistas institucionales.
semanaeconomica.com/que-esta-pasan…",0,1,0,0,870
2025-07-14 16:27:24,ScotiabankPE,Jun 20,"Agradecemos a nuestro auspiciador PLATA 🎊 @ScotiabankPE, quién se une a la 30° edición de #CADEUniversitario, el encuentro de jóvenes líderes más importante del país, y se suma a nuestro compromiso de construir un Perú más desarrollado.

Conoce más aquí 👉…",0,1,2,0,434
2025-07-14 16:27:24,ScotiabankPE,Jun 6,"#BrandedContent.  La alta dirección de @ScotiabankPE, liderada por su CEO global, llegó a Perú y sostuvo reuniones con clientes estratégicos y reafirmó la importancia del mercado peruano en su operación internacional.
semanaeconomica.com/economia-finan…",1,1,2,0,964
2025-07-14 16:27:24,ScotiabankPE,May 26,"#BrandedContent.  La alta dirección de @ScotiabankPE, liderada por su CEO global, llegó a Perú y sostuvo reuniones con clientes estratégicos y reafirmó la importancia del mercado peruano en su operación internacional.
semanaeconomica.com/economia-finan…",1,1,2,1,1.0K
2025-07-14 16:27:24,ScotiabankPE,May 22,"#BrandedContent.  La alta dirección de @ScotiabankPE, liderada por su CEO global, llegó a Perú y sostuvo reuniones con clientes estratégicos y reafirmó la importancia del mercado peruano en su operación internacional. 

Conoce más: acortar.link/oCt094",1,1,3,0,1.0K
2025-07-14 16:27:24,ScotiabankPE,Apr 28,"#NotaInformativa | Buscando fortalecer la inversión privada y dinamizar el crecimiento económico, 📈 el ministro @Jose_SalardiR, junto con el director de Sistema Financiero y Mercado de Capitales de la Dirección General de Mercados Financieros y Previsional Privado, Óscar Orcón,…",1,2,5,1,1.0K
2025-07-14 16:27:24,ScotiabankPE,Mar 26,"#BrandedContent. @ScotiabankPE ha sido reconocido por segundo año consecutivo como líder de Banca Privada en Perú por Global Finance.
semanaeconomica.com/economia-finan…",8,1,0,0,2.0K
2025-07-14 16:27:24,ScotiabankPE,Mar 12,"#BrandedContent. @ScotiabankPE ha sido reconocido por segundo año consecutivo como líder de Banca Privada en Perú por Global Finance.

semanaeconomica.com/economia-finan…",4,2,0,0,2.0K
2025-07-14 16:27:24,ScotiabankPE,Mar 7,"#BrandedContent. @ScotiabankPE ha sido reconocido por segundo año consecutivo como líder de Banca Privada en Perú por Global Finance. Tras el reconocimiento, Patricia Martinez, Head de banca privada en Scotiabank, explica las acciones realizadas para lograr el reconocimiento, así…",6,1,1,0,1.0K
2025-07-14 16:27:24,ScotiabankPE,Mar 7,En Scotiabank te reconocemos tus logros y nos comprometemos a seguir trabajando por la equidad todos los días del año. #8MTodosLosDías. 💜 #8MTODOSLOSDÍAS,14,1,6,0,2.0K
2025-07-14 16:27:24,ScotiabankPE,Oct 16,"#BrandedContent. @ScotiabankPE presentó oficialmente a Sebastián Arcuri como su nuevo CEO, y junto a su CEO Global y Head of International Banking, reforzó su compromiso con sus clientes y el desarrollo del país.

Conoce más: acortar.link/Cg9UF1",19,2,11,1,7.0K
2025-07-14 16:27:24,ScotiabankPE,Sep 10,"Conoce nuestro proyecto en Punchan, Iquitos, Perú🇵🇪, con @scotiabankPE y @WorldVisionPeru, enfocado en mejorar la educación infantil con tecnología, fortalecer el rol familiar con ternura y el apoyo de proyectos juveniles.",2,4,26,1,6.0K
2025-07-14 16:27:24,ScotiabankPE,Aug 29,"Conoce nuestro proyecto en Punchana, Iquitos, Perú🇵🇪, con @ScotiabankPE y @WorldVisionPeru, enfocado en mejorar la educación infantil con tecnología, fortalecer el rol familiar con ternura y el apoyo de proyectos juveniles.",0,4,23,0,5.0K
2025-07-14 16:27:24,ScotiabankPE,Aug 8,Scotiabank lanza Fondo de Impacto Social ScotiaRISE en Perú ⏩n9.cl/bsrmz,6,1,2,0,4.0K
2025-07-14 16:27:24,ScotiabankPE,"Jun 18, 2024","Desde el 2022, hemos implementado el proyecto ""Inclusión Educativa para la Vida"" en Loreto, uno de los departamentos con mayor pobreza monetaria. Esta iniciativa, en alianza con @ScotiabankPE y @FundacioFCB, tiene como objetivo mejorar la calidad educativa de las niñas y niños.",5,1,3,0,5.0K
2025-07-14 16:27:24,ScotiabankPE,"Jun 13, 2024","En nuestro compromiso con el bienestar de la niñez, desde el 2022 implementamos el proyecto ""Inclusión Educativa para la Vida"" con el apoyo de @ScotiabankPE y la @FCBarcelona, para brindar acceso a una educación de calidad a las niñas y niños. 

#Scotiabank #FundacionBarcelona",2,6,9,0,4.0K
2025-07-14 16:27:24,ScotiabankPE,"Jun 14, 2024","Somos y seremos sus más grandes hinchas. ⚽️Etiquétalo y dile por qué lo eres. ❤️

#ScotiabankPerú #HablemosEnSerio #DíaDelPadre",18,0,4,0,4.0K
2025-07-14 16:27:24,ScotiabankPE,"May 10, 2024","El mejor regalo para mamá es reconocerla. 🤗  Etiquétala y coméntale por qué lo está haciendo bien.
#HablemosEnSerio #ScotiabankPerú #FelizDíaMamá",14,0,3,0,4.0K
2025-07-14 17:19:52,ScotiabankPE,Jul 10,"#EntrevistaSE. El CFO de @ScotiabankPE, Marcelo Rodríguez, cuenta que la reciente emisión por US$400 millones busca transmitir un mensaje de permanencia de largo plazo en el Perú.

Por @cabecitaterri.
semanaeconomica.com/economia-finan…",1,2,3,0,564
2025-07-14 17:19:52,ScotiabankPE,Jun 27,".@ScotiabankPE captó US$400 millones en emisión internacional de bonos subordinados. 

semanaeconomica.com/que-esta-pasan…",3,1,1,0,877
2025-07-14 17:19:52,ScotiabankPE,Jun 24,".@ScotiabankPE lanza roadshow internacional previo a nueva emisión de bonos por US$1,000 millones. Scotiabank contrató a @GoldmanSachs y Scotia Capital para presentar la operación ante inversionistas institucionales.
semanaeconomica.com/que-esta-pasan…",0,1,0,0,874
2025-07-14 17:19:52,ScotiabankPE,Jun 20,"Agradecemos a nuestro auspiciador PLATA 🎊 @ScotiabankPE, quién se une a la 30° edición de #CADEUniversitario, el encuentro de jóvenes líderes más importante del país, y se suma a nuestro compromiso de construir un Perú más desarrollado.

Conoce más aquí 👉…",0,1,2,0,437
2025-07-14 17:19:52,ScotiabankPE,Jun 6,"#BrandedContent.  La alta dirección de @ScotiabankPE, liderada por su CEO global, llegó a Perú y sostuvo reuniones con clientes estratégicos y reafirmó la importancia del mercado peruano en su operación internacional.
semanaeconomica.com/economia-finan…",1,1,2,0,967
2025-07-14 17:19:52,ScotiabankPE,May 26,"#BrandedContent.  La alta dirección de @ScotiabankPE, liderada por su CEO global, llegó a Perú y sostuvo reuniones con clientes estratégicos y reafirmó la importancia del mercado peruano en su operación internacional.
semanaeconomica.com/economia-finan…",1,1,2,1,1.0K
2025-07-14 17:19:52,ScotiabankPE,May 22,"#BrandedContent.  La alta dirección de @ScotiabankPE, liderada por su CEO global, llegó a Perú y sostuvo reuniones con clientes estratégicos y reafirmó la importancia del mercado peruano en su operación internacional. 

Conoce más: acortar.link/oCt094",1,1,3,0,1.0K
2025-07-14 17:19:52,ScotiabankPE,Apr 28,"#NotaInformativa | Buscando fortalecer la inversión privada y dinamizar el crecimiento económico, 📈 el ministro @Jose_SalardiR, junto con el director de Sistema Financiero y Mercado de Capitales de la Dirección General de Mercados Financieros y Previsional Privado, Óscar Orcón,…",1,2,5,1,1.0K
2025-07-14 17:19:52,ScotiabankPE,Mar 26,"#BrandedContent. @ScotiabankPE ha sido reconocido por segundo año consecutivo como líder de Banca Privada en Perú por Global Finance.
semanaeconomica.com/economia-finan…",8,1,0,0,2.0K
2025-07-14 17:19:52,ScotiabankPE,Mar 12,"#BrandedContent. @ScotiabankPE ha sido reconocido por segundo año consecutivo como líder de Banca Privada en Perú por Global Finance.

semanaeconomica.com/economia-finan…",4,2,0,0,2.0K
2025-07-14 17:19:52,ScotiabankPE,Mar 7,"#BrandedContent. @ScotiabankPE ha sido reconocido por segundo año consecutivo como líder de Banca Privada en Perú por Global Finance. Tras el reconocimiento, Patricia Martinez, Head de banca privada en Scotiabank, explica las acciones realizadas para lograr el reconocimiento, así…",6,1,1,0,1.0K
2025-07-14 17:19:52,ScotiabankPE,Mar 7,En Scotiabank te reconocemos tus logros y nos comprometemos a seguir trabajando por la equidad todos los días del año. #8MTodosLosDías. 💜 #8MTODOSLOSDÍAS,14,1,6,0,2.0K
2025-07-14 17:19:52,ScotiabankPE,Oct 16,"#BrandedContent. @ScotiabankPE presentó oficialmente a Sebastián Arcuri como su nuevo CEO, y junto a su CEO Global y Head of International Banking, reforzó su compromiso con sus clientes y el desarrollo del país.

Conoce más: acortar.link/Cg9UF1",19,2,11,1,7.0K
2025-07-14 17:19:52,ScotiabankPE,Sep 10,"Conoce nuestro proyecto en Punchan, Iquitos, Perú🇵🇪, con @scotiabankPE y @WorldVisionPeru, enfocado en mejorar la educación infantil con tecnología, fortalecer el rol familiar con ternura y el apoyo de proyectos juveniles.",2,4,26,1,6.0K
2025-07-14 17:19:52,ScotiabankPE,Aug 29,"Conoce nuestro proyecto en Punchana, Iquitos, Perú🇵🇪, con @ScotiabankPE y @WorldVisionPeru, enfocado en mejorar la educación infantil con tecnología, fortalecer el rol familiar con ternura y el apoyo de proyectos juveniles.",0,4,23,0,5.0K
2025-07-14 17:19:52,ScotiabankPE,Aug 8,Scotiabank lanza Fondo de Impacto Social ScotiaRISE en Perú ⏩n9.cl/bsrmz,6,1,2,0,4.0K
2025-07-14 17:19:52,ScotiabankPE,"Jun 18, 2024","Desde el 2022, hemos implementado el proyecto ""Inclusión Educativa para la Vida"" en Loreto, uno de los departamentos con mayor pobreza monetaria. Esta iniciativa, en alianza con @ScotiabankPE y @FundacioFCB, tiene como objetivo mejorar la calidad educativa de las niñas y niños.",5,1,3,0,5.0K
2025-07-14 17:19:52,ScotiabankPE,"Jun 13, 2024","En nuestro compromiso con el bienestar de la niñez, desde el 2022 implementamos el proyecto ""Inclusión Educativa para la Vida"" con el apoyo de @ScotiabankPE y la @FCBarcelona, para brindar acceso a una educación de calidad a las niñas y niños. 

#Scotiabank #FundacionBarcelona",2,6,9,0,4.0K
2025-07-14 17:19:52,ScotiabankPE,"Jun 14, 2024","Somos y seremos sus más grandes hinchas. ⚽️Etiquétalo y dile por qué lo eres. ❤️

#ScotiabankPerú #HablemosEnSerio #DíaDelPadre",18,0,4,0,4.0K
2025-07-14 17:19:52,ScotiabankPE,"May 10, 2024","El mejor regalo para mamá es reconocerla. 🤗  Etiquétala y coméntale por qué lo está haciendo bien.
#HablemosEnSerio #ScotiabankPerú #FelizDíaMamá",14,0,3,0,4.0K
2025-07-14 18:31:48,ScotiabankPE,Jul 10,"#EntrevistaSE. El CFO de @ScotiabankPE, Marcelo Rodríguez, cuenta que la reciente emisión por US$400 millones busca transmitir un mensaje de permanencia de largo plazo en el Perú.

Por @cabecitaterri.
semanaeconomica.com/economia-finan…",1,2,3,0,567
2025-07-14 18:31:48,ScotiabankPE,Jun 27,".@ScotiabankPE captó US$400 millones en emisión internacional de bonos subordinados. 

semanaeconomica.com/que-esta-pasan…",3,1,1,0,877
2025-07-14 18:31:48,ScotiabankPE,Jun 24,".@ScotiabankPE lanza roadshow internacional previo a nueva emisión de bonos por US$1,000 millones. Scotiabank contrató a @GoldmanSachs y Scotia Capital para presentar la operación ante inversionistas institucionales.
semanaeconomica.com/que-esta-pasan…",0,1,0,0,874
2025-07-14 18:31:48,ScotiabankPE,Jun 20,"Agradecemos a nuestro auspiciador PLATA 🎊 @ScotiabankPE, quién se une a la 30° edición de #CADEUniversitario, el encuentro de jóvenes líderes más importante del país, y se suma a nuestro compromiso de construir un Perú más desarrollado.

Conoce más aquí 👉…",0,1,2,0,437
2025-07-14 18:31:48,ScotiabankPE,Jun 6,"#BrandedContent.  La alta dirección de @ScotiabankPE, liderada por su CEO global, llegó a Perú y sostuvo reuniones con clientes estratégicos y reafirmó la importancia del mercado peruano en su operación internacional.
semanaeconomica.com/economia-finan…",1,1,2,0,968
2025-07-14 18:31:48,ScotiabankPE,May 26,"#BrandedContent.  La alta dirección de @ScotiabankPE, liderada por su CEO global, llegó a Perú y sostuvo reuniones con clientes estratégicos y reafirmó la importancia del mercado peruano en su operación internacional.
semanaeconomica.com/economia-finan…",1,1,2,1,1.0K
2025-07-14 18:31:48,ScotiabankPE,May 22,"#BrandedContent.  La alta dirección de @ScotiabankPE, liderada por su CEO global, llegó a Perú y sostuvo reuniones con clientes estratégicos y reafirmó la importancia del mercado peruano en su operación internacional. 

Conoce más: acortar.link/oCt094",1,1,3,0,1.0K
2025-07-14 18:31:48,ScotiabankPE,Apr 28,"#NotaInformativa | Buscando fortalecer la inversión privada y dinamizar el crecimiento económico, 📈 el ministro @Jose_SalardiR, junto con el director de Sistema Financiero y Mercado de Capitales de la Dirección General de Mercados Financieros y Previsional Privado, Óscar Orcón,…",1,2,5,1,1.0K
2025-07-14 18:31:48,ScotiabankPE,Mar 26,"#BrandedContent. @ScotiabankPE ha sido reconocido por segundo año consecutivo como líder de Banca Privada en Perú por Global Finance.
semanaeconomica.com/economia-finan…",8,1,0,0,2.0K
2025-07-14 18:31:48,ScotiabankPE,Mar 12,"#BrandedContent. @ScotiabankPE ha sido reconocido por segundo año consecutivo como líder de Banca Privada en Perú por Global Finance.

semanaeconomica.com/economia-finan…",4,2,0,0,2.0K
2025-07-14 18:31:48,ScotiabankPE,Mar 7,"#BrandedContent. @ScotiabankPE ha sido reconocido por segundo año consecutivo como líder de Banca Privada en Perú por Global Finance. Tras el reconocimiento, Patricia Martinez, Head de banca privada en Scotiabank, explica las acciones realizadas para lograr el reconocimiento, así…",6,1,1,0,1.0K
2025-07-14 18:31:48,ScotiabankPE,Mar 7,En Scotiabank te reconocemos tus logros y nos comprometemos a seguir trabajando por la equidad todos los días del año. #8MTodosLosDías. 💜 #8MTODOSLOSDÍAS,14,1,6,0,2.0K
2025-07-14 18:31:48,ScotiabankPE,Oct 16,"#BrandedContent. @ScotiabankPE presentó oficialmente a Sebastián Arcuri como su nuevo CEO, y junto a su CEO Global y Head of International Banking, reforzó su compromiso con sus clientes y el desarrollo del país.

Conoce más: acortar.link/Cg9UF1",19,2,11,1,7.0K
2025-07-14 18:31:48,ScotiabankPE,Sep 10,"Conoce nuestro proyecto en Punchan, Iquitos, Perú🇵🇪, con @scotiabankPE y @WorldVisionPeru, enfocado en mejorar la educación infantil con tecnología, fortalecer el rol familiar con ternura y el apoyo de proyectos juveniles.",2,4,26,1,6.0K
2025-07-14 18:31:48,ScotiabankPE,Aug 29,"Conoce nuestro proyecto en Punchana, Iquitos, Perú🇵🇪, con @ScotiabankPE y @WorldVisionPeru, enfocado en mejorar la educación infantil con tecnología, fortalecer el rol familiar con ternura y el apoyo de proyectos juveniles.",0,4,23,0,5.0K
2025-07-14 18:31:48,ScotiabankPE,Aug 8,Scotiabank lanza Fondo de Impacto Social ScotiaRISE en Perú ⏩n9.cl/bsrmz,6,1,2,0,4.0K
2025-07-14 18:31:48,ScotiabankPE,"Jun 18, 2024","Desde el 2022, hemos implementado el proyecto ""Inclusión Educativa para la Vida"" en Loreto, uno de los departamentos con mayor pobreza monetaria. Esta iniciativa, en alianza con @ScotiabankPE y @FundacioFCB, tiene como objetivo mejorar la calidad educativa de las niñas y niños.",5,1,3,0,5.0K
2025-07-14 18:31:48,ScotiabankPE,"Jun 13, 2024","En nuestro compromiso con el bienestar de la niñez, desde el 2022 implementamos el proyecto ""Inclusión Educativa para la Vida"" con el apoyo de @ScotiabankPE y la @FCBarcelona, para brindar acceso a una educación de calidad a las niñas y niños. 

#Scotiabank #FundacionBarcelona",2,6,9,0,4.0K
2025-07-14 18:31:48,ScotiabankPE,"Jun 14, 2024","Somos y seremos sus más grandes hinchas. ⚽️Etiquétalo y dile por qué lo eres. ❤️

#ScotiabankPerú #HablemosEnSerio #DíaDelPadre",18,0,4,0,4.0K
2025-07-14 18:31:48,ScotiabankPE,"May 10, 2024","El mejor regalo para mamá es reconocerla. 🤗  Etiquétala y coméntale por qué lo está haciendo bien.
#HablemosEnSerio #ScotiabankPerú #FelizDíaMamá",14,0,3,0,4.0K
2025-07-14 19:16:19,ScotiabankPE,Jul 10,"#EntrevistaSE. El CFO de @ScotiabankPE, Marcelo Rodríguez, cuenta que la reciente emisión por US$400 millones busca transmitir un mensaje de permanencia de largo plazo en el Perú.

Por @cabecitaterri.
semanaeconomica.com/economia-finan…",1,2,3,0,571
2025-07-14 19:16:19,ScotiabankPE,Jun 27,".@ScotiabankPE captó US$400 millones en emisión internacional de bonos subordinados. 

semanaeconomica.com/que-esta-pasan…",3,1,1,0,879
2025-07-14 19:16:19,ScotiabankPE,Jun 24,".@ScotiabankPE lanza roadshow internacional previo a nueva emisión de bonos por US$1,000 millones. Scotiabank contrató a @GoldmanSachs y Scotia Capital para presentar la operación ante inversionistas institucionales.
semanaeconomica.com/que-esta-pasan…",0,1,0,0,876
2025-07-14 19:16:19,ScotiabankPE,Jun 20,"Agradecemos a nuestro auspiciador PLATA 🎊 @ScotiabankPE, quién se une a la 30° edición de #CADEUniversitario, el encuentro de jóvenes líderes más importante del país, y se suma a nuestro compromiso de construir un Perú más desarrollado.

Conoce más aquí 👉…",0,1,2,0,437
2025-07-14 19:16:19,ScotiabankPE,Jun 6,"#BrandedContent.  La alta dirección de @ScotiabankPE, liderada por su CEO global, llegó a Perú y sostuvo reuniones con clientes estratégicos y reafirmó la importancia del mercado peruano en su operación internacional.
semanaeconomica.com/economia-finan…",1,1,2,0,968
2025-07-14 19:16:19,ScotiabankPE,May 26,"#BrandedContent.  La alta dirección de @ScotiabankPE, liderada por su CEO global, llegó a Perú y sostuvo reuniones con clientes estratégicos y reafirmó la importancia del mercado peruano en su operación internacional.
semanaeconomica.com/economia-finan…",1,1,2,1,1.0K
2025-07-14 19:16:19,ScotiabankPE,May 22,"#BrandedContent.  La alta dirección de @ScotiabankPE, liderada por su CEO global, llegó a Perú y sostuvo reuniones con clientes estratégicos y reafirmó la importancia del mercado peruano en su operación internacional. 

Conoce más: acortar.link/oCt094",1,1,3,0,1.0K
2025-07-14 19:16:19,ScotiabankPE,Apr 28,"#NotaInformativa | Buscando fortalecer la inversión privada y dinamizar el crecimiento económico, 📈 el ministro @Jose_SalardiR, junto con el director de Sistema Financiero y Mercado de Capitales de la Dirección General de Mercados Financieros y Previsional Privado, Óscar Orcón,…",1,2,5,1,1.0K
2025-07-14 19:16:19,ScotiabankPE,Mar 26,"#BrandedContent. @ScotiabankPE ha sido reconocido por segundo año consecutivo como líder de Banca Privada en Perú por Global Finance.
semanaeconomica.com/economia-finan…",8,1,0,0,2.0K
2025-07-14 19:16:19,ScotiabankPE,Mar 12,"#BrandedContent. @ScotiabankPE ha sido reconocido por segundo año consecutivo como líder de Banca Privada en Perú por Global Finance.

semanaeconomica.com/economia-finan…",4,2,0,0,2.0K
2025-07-14 19:16:19,ScotiabankPE,Mar 7,"#BrandedContent. @ScotiabankPE ha sido reconocido por segundo año consecutivo como líder de Banca Privada en Perú por Global Finance. Tras el reconocimiento, Patricia Martinez, Head de banca privada en Scotiabank, explica las acciones realizadas para lograr el reconocimiento, así…",6,1,1,0,1.0K
2025-07-14 19:16:19,ScotiabankPE,Mar 7,En Scotiabank te reconocemos tus logros y nos comprometemos a seguir trabajando por la equidad todos los días del año. #8MTodosLosDías. 💜 #8MTODOSLOSDÍAS,14,1,6,0,2.0K
2025-07-14 19:16:19,ScotiabankPE,Oct 16,"#BrandedContent. @ScotiabankPE presentó oficialmente a Sebastián Arcuri como su nuevo CEO, y junto a su CEO Global y Head of International Banking, reforzó su compromiso con sus clientes y el desarrollo del país.

Conoce más: acortar.link/Cg9UF1",19,2,11,1,7.0K
2025-07-14 19:16:19,ScotiabankPE,Sep 10,"Conoce nuestro proyecto en Punchan, Iquitos, Perú🇵🇪, con @scotiabankPE y @WorldVisionPeru, enfocado en mejorar la educación infantil con tecnología, fortalecer el rol familiar con ternura y el apoyo de proyectos juveniles.",2,4,26,1,6.0K
2025-07-14 19:16:19,ScotiabankPE,Aug 29,"Conoce nuestro proyecto en Punchana, Iquitos, Perú🇵🇪, con @ScotiabankPE y @WorldVisionPeru, enfocado en mejorar la educación infantil con tecnología, fortalecer el rol familiar con ternura y el apoyo de proyectos juveniles.",0,4,23,0,5.0K
2025-07-14 19:16:19,ScotiabankPE,Aug 8,Scotiabank lanza Fondo de Impacto Social ScotiaRISE en Perú ⏩n9.cl/bsrmz,6,1,2,0,4.0K
2025-07-14 19:16:19,ScotiabankPE,"Jun 18, 2024","Desde el 2022, hemos implementado el proyecto ""Inclusión Educativa para la Vida"" en Loreto, uno de los departamentos con mayor pobreza monetaria. Esta iniciativa, en alianza con @ScotiabankPE y @FundacioFCB, tiene como objetivo mejorar la calidad educativa de las niñas y niños.",5,1,3,0,5.0K
2025-07-14 19:16:19,ScotiabankPE,"Jun 13, 2024","En nuestro compromiso con el bienestar de la niñez, desde el 2022 implementamos el proyecto ""Inclusión Educativa para la Vida"" con el apoyo de @ScotiabankPE y la @FCBarcelona, para brindar acceso a una educación de calidad a las niñas y niños. 

#Scotiabank #FundacionBarcelona",2,6,9,0,4.0K
2025-07-14 19:16:19,ScotiabankPE,"Jun 14, 2024","Somos y seremos sus más grandes hinchas. ⚽️Etiquétalo y dile por qué lo eres. ❤️

#ScotiabankPerú #HablemosEnSerio #DíaDelPadre",18,0,4,0,4.0K
2025-07-14 19:16:19,ScotiabankPE,"May 10, 2024","El mejor regalo para mamá es reconocerla. 🤗  Etiquétala y coméntale por qué lo está haciendo bien.
#HablemosEnSerio #ScotiabankPerú #FelizDíaMamá",14,0,3,0,4.0K
2025-07-14 20:23:37,ScotiabankPE,Jul 10,"#EntrevistaSE. El CFO de @ScotiabankPE, Marcelo Rodríguez, cuenta que la reciente emisión por US$400 millones busca transmitir un mensaje de permanencia de largo plazo en el Perú.

Por @cabecitaterri.
semanaeconomica.com/economia-finan…",1,2,3,0,572
2025-07-14 20:23:37,ScotiabankPE,Jun 27,".@ScotiabankPE captó US$400 millones en emisión internacional de bonos subordinados. 

semanaeconomica.com/que-esta-pasan…",3,1,1,0,879
2025-07-14 20:23:37,ScotiabankPE,Jun 24,".@ScotiabankPE lanza roadshow internacional previo a nueva emisión de bonos por US$1,000 millones. Scotiabank contrató a @GoldmanSachs y Scotia Capital para presentar la operación ante inversionistas institucionales.
semanaeconomica.com/que-esta-pasan…",0,1,0,0,876
2025-07-14 20:23:37,ScotiabankPE,Jun 20,"Agradecemos a nuestro auspiciador PLATA 🎊 @ScotiabankPE, quién se une a la 30° edición de #CADEUniversitario, el encuentro de jóvenes líderes más importante del país, y se suma a nuestro compromiso de construir un Perú más desarrollado.

Conoce más aquí 👉…",0,1,2,0,437
2025-07-14 20:23:37,ScotiabankPE,Jun 6,"#BrandedContent.  La alta dirección de @ScotiabankPE, liderada por su CEO global, llegó a Perú y sostuvo reuniones con clientes estratégicos y reafirmó la importancia del mercado peruano en su operación internacional.
semanaeconomica.com/economia-finan…",1,1,2,0,968
2025-07-14 20:23:37,ScotiabankPE,May 26,"#BrandedContent.  La alta dirección de @ScotiabankPE, liderada por su CEO global, llegó a Perú y sostuvo reuniones con clientes estratégicos y reafirmó la importancia del mercado peruano en su operación internacional.
semanaeconomica.com/economia-finan…",1,1,2,1,1.0K
2025-07-14 20:23:37,ScotiabankPE,May 22,"#BrandedContent.  La alta dirección de @ScotiabankPE, liderada por su CEO global, llegó a Perú y sostuvo reuniones con clientes estratégicos y reafirmó la importancia del mercado peruano en su operación internacional. 

Conoce más: acortar.link/oCt094",1,1,3,0,1.0K
2025-07-14 20:23:37,ScotiabankPE,Apr 28,"#NotaInformativa | Buscando fortalecer la inversión privada y dinamizar el crecimiento económico, 📈 el ministro @Jose_SalardiR, junto con el director de Sistema Financiero y Mercado de Capitales de la Dirección General de Mercados Financieros y Previsional Privado, Óscar Orcón,…",1,2,5,1,1.0K
2025-07-14 20:23:37,ScotiabankPE,Mar 26,"#BrandedContent. @ScotiabankPE ha sido reconocido por segundo año consecutivo como líder de Banca Privada en Perú por Global Finance.
semanaeconomica.com/economia-finan…",8,1,0,0,2.0K
2025-07-14 20:23:37,ScotiabankPE,Mar 12,"#BrandedContent. @ScotiabankPE ha sido reconocido por segundo año consecutivo como líder de Banca Privada en Perú por Global Finance.

semanaeconomica.com/economia-finan…",4,2,0,0,2.0K
2025-07-14 20:23:37,ScotiabankPE,Mar 7,"#BrandedContent. @ScotiabankPE ha sido reconocido por segundo año consecutivo como líder de Banca Privada en Perú por Global Finance. Tras el reconocimiento, Patricia Martinez, Head de banca privada en Scotiabank, explica las acciones realizadas para lograr el reconocimiento, así…",6,1,1,0,1.0K
2025-07-14 20:23:37,ScotiabankPE,Mar 7,En Scotiabank te reconocemos tus logros y nos comprometemos a seguir trabajando por la equidad todos los días del año. #8MTodosLosDías. 💜 #8MTODOSLOSDÍAS,14,1,6,0,2.0K
2025-07-14 20:23:37,ScotiabankPE,Oct 16,"#BrandedContent. @ScotiabankPE presentó oficialmente a Sebastián Arcuri como su nuevo CEO, y junto a su CEO Global y Head of International Banking, reforzó su compromiso con sus clientes y el desarrollo del país.

Conoce más: acortar.link/Cg9UF1",19,2,11,1,7.0K
2025-07-14 20:23:37,ScotiabankPE,Sep 10,"Conoce nuestro proyecto en Punchan, Iquitos, Perú🇵🇪, con @scotiabankPE y @WorldVisionPeru, enfocado en mejorar la educación infantil con tecnología, fortalecer el rol familiar con ternura y el apoyo de proyectos juveniles.",2,4,26,1,6.0K
2025-07-14 20:23:37,ScotiabankPE,Aug 29,"Conoce nuestro proyecto en Punchana, Iquitos, Perú🇵🇪, con @ScotiabankPE y @WorldVisionPeru, enfocado en mejorar la educación infantil con tecnología, fortalecer el rol familiar con ternura y el apoyo de proyectos juveniles.",0,4,23,0,5.0K
2025-07-14 20:23:37,ScotiabankPE,Aug 8,Scotiabank lanza Fondo de Impacto Social ScotiaRISE en Perú ⏩n9.cl/bsrmz,6,1,2,0,4.0K
2025-07-14 20:23:37,ScotiabankPE,"Jun 18, 2024","Desde el 2022, hemos implementado el proyecto ""Inclusión Educativa para la Vida"" en Loreto, uno de los departamentos con mayor pobreza monetaria. Esta iniciativa, en alianza con @ScotiabankPE y @FundacioFCB, tiene como objetivo mejorar la calidad educativa de las niñas y niños.",5,1,3,0,5.0K
2025-07-14 20:23:37,ScotiabankPE,"Jun 13, 2024","En nuestro compromiso con el bienestar de la niñez, desde el 2022 implementamos el proyecto ""Inclusión Educativa para la Vida"" con el apoyo de @ScotiabankPE y la @FCBarcelona, para brindar acceso a una educación de calidad a las niñas y niños. 

#Scotiabank #FundacionBarcelona",2,6,9,0,4.0K
2025-07-14 20:23:37,ScotiabankPE,"Jun 14, 2024","Somos y seremos sus más grandes hinchas. ⚽️Etiquétalo y dile por qué lo eres. ❤️

#ScotiabankPerú #HablemosEnSerio #DíaDelPadre",18,0,4,0,4.0K
2025-07-14 20:23:37,ScotiabankPE,"May 10, 2024","El mejor regalo para mamá es reconocerla. 🤗  Etiquétala y coméntale por qué lo está haciendo bien.
#HablemosEnSerio #ScotiabankPerú #FelizDíaMamá",14,0,3,0,4.0K
2025-07-14 21:20:24,ScotiabankPE,Jul 10,"#EntrevistaSE. El CFO de @ScotiabankPE, Marcelo Rodríguez, cuenta que la reciente emisión por US$400 millones busca transmitir un mensaje de permanencia de largo plazo en el Perú.

Por @cabecitaterri.
semanaeconomica.com/economia-finan…",1,2,3,0,573
2025-07-14 21:20:24,ScotiabankPE,Jun 27,".@ScotiabankPE captó US$400 millones en emisión internacional de bonos subordinados. 

semanaeconomica.com/que-esta-pasan…",3,1,1,0,880
2025-07-14 21:20:24,ScotiabankPE,Jun 24,".@ScotiabankPE lanza roadshow internacional previo a nueva emisión de bonos por US$1,000 millones. Scotiabank contrató a @GoldmanSachs y Scotia Capital para presentar la operación ante inversionistas institucionales.
semanaeconomica.com/que-esta-pasan…",0,1,0,0,877
2025-07-14 21:20:24,ScotiabankPE,Jun 20,"Agradecemos a nuestro auspiciador PLATA 🎊 @ScotiabankPE, quién se une a la 30° edición de #CADEUniversitario, el encuentro de jóvenes líderes más importante del país, y se suma a nuestro compromiso de construir un Perú más desarrollado.

Conoce más aquí 👉…",0,1,2,0,438
2025-07-14 21:20:24,ScotiabankPE,Jun 6,"#BrandedContent.  La alta dirección de @ScotiabankPE, liderada por su CEO global, llegó a Perú y sostuvo reuniones con clientes estratégicos y reafirmó la importancia del mercado peruano en su operación internacional.
semanaeconomica.com/economia-finan…",1,1,2,0,968
2025-07-14 21:20:24,ScotiabankPE,May 26,"#BrandedContent.  La alta dirección de @ScotiabankPE, liderada por su CEO global, llegó a Perú y sostuvo reuniones con clientes estratégicos y reafirmó la importancia del mercado peruano en su operación internacional.
semanaeconomica.com/economia-finan…",1,1,2,1,1.0K
2025-07-14 21:20:24,ScotiabankPE,May 22,"#BrandedContent.  La alta dirección de @ScotiabankPE, liderada por su CEO global, llegó a Perú y sostuvo reuniones con clientes estratégicos y reafirmó la importancia del mercado peruano en su operación internacional. 

Conoce más: acortar.link/oCt094",1,1,3,0,1.0K
2025-07-14 21:20:24,ScotiabankPE,Apr 28,"#NotaInformativa | Buscando fortalecer la inversión privada y dinamizar el crecimiento económico, 📈 el ministro @Jose_SalardiR, junto con el director de Sistema Financiero y Mercado de Capitales de la Dirección General de Mercados Financieros y Previsional Privado, Óscar Orcón,…",1,2,5,1,1.0K
2025-07-14 21:20:24,ScotiabankPE,Mar 26,"#BrandedContent. @ScotiabankPE ha sido reconocido por segundo año consecutivo como líder de Banca Privada en Perú por Global Finance.
semanaeconomica.com/economia-finan…",8,1,0,0,2.0K
2025-07-14 21:20:24,ScotiabankPE,Mar 12,"#BrandedContent. @ScotiabankPE ha sido reconocido por segundo año consecutivo como líder de Banca Privada en Perú por Global Finance.

semanaeconomica.com/economia-finan…",4,2,0,0,2.0K
2025-07-14 21:20:24,ScotiabankPE,Mar 7,"#BrandedContent. @ScotiabankPE ha sido reconocido por segundo año consecutivo como líder de Banca Privada en Perú por Global Finance. Tras el reconocimiento, Patricia Martinez, Head de banca privada en Scotiabank, explica las acciones realizadas para lograr el reconocimiento, así…",6,1,1,0,1.0K
2025-07-14 21:20:24,ScotiabankPE,Mar 7,En Scotiabank te reconocemos tus logros y nos comprometemos a seguir trabajando por la equidad todos los días del año. #8MTodosLosDías. 💜 #8MTODOSLOSDÍAS,14,1,6,0,2.0K
2025-07-14 21:20:24,ScotiabankPE,Oct 16,"#BrandedContent. @ScotiabankPE presentó oficialmente a Sebastián Arcuri como su nuevo CEO, y junto a su CEO Global y Head of International Banking, reforzó su compromiso con sus clientes y el desarrollo del país.

Conoce más: acortar.link/Cg9UF1",19,2,11,1,7.0K
2025-07-14 21:20:24,ScotiabankPE,Sep 10,"Conoce nuestro proyecto en Punchan, Iquitos, Perú🇵🇪, con @scotiabankPE y @WorldVisionPeru, enfocado en mejorar la educación infantil con tecnología, fortalecer el rol familiar con ternura y el apoyo de proyectos juveniles.",2,4,26,1,6.0K
2025-07-14 21:20:24,ScotiabankPE,Aug 29,"Conoce nuestro proyecto en Punchana, Iquitos, Perú🇵🇪, con @ScotiabankPE y @WorldVisionPeru, enfocado en mejorar la educación infantil con tecnología, fortalecer el rol familiar con ternura y el apoyo de proyectos juveniles.",0,4,23,0,5.0K
2025-07-14 21:20:24,ScotiabankPE,Aug 8,Scotiabank lanza Fondo de Impacto Social ScotiaRISE en Perú ⏩n9.cl/bsrmz,6,1,2,0,4.0K
2025-07-14 21:20:24,ScotiabankPE,"Jun 18, 2024","Desde el 2022, hemos implementado el proyecto ""Inclusión Educativa para la Vida"" en Loreto, uno de los departamentos con mayor pobreza monetaria. Esta iniciativa, en alianza con @ScotiabankPE y @FundacioFCB, tiene como objetivo mejorar la calidad educativa de las niñas y niños.",5,1,3,0,5.0K
2025-07-14 21:20:24,ScotiabankPE,"Jun 13, 2024","En nuestro compromiso con el bienestar de la niñez, desde el 2022 implementamos el proyecto ""Inclusión Educativa para la Vida"" con el apoyo de @ScotiabankPE y la @FCBarcelona, para brindar acceso a una educación de calidad a las niñas y niños. 

#Scotiabank #FundacionBarcelona",2,6,9,0,4.0K
2025-07-14 21:20:24,ScotiabankPE,"Jun 14, 2024","Somos y seremos sus más grandes hinchas. ⚽️Etiquétalo y dile por qué lo eres. ❤️

#ScotiabankPerú #HablemosEnSerio #DíaDelPadre",18,0,4,0,4.0K
2025-07-14 21:20:24,ScotiabankPE,"May 10, 2024","El mejor regalo para mamá es reconocerla. 🤗  Etiquétala y coméntale por qué lo está haciendo bien.
#HablemosEnSerio #ScotiabankPerú #FelizDíaMamá",14,0,3,0,4.0K
2025-07-14 22:20:15,ScotiabankPE,10 h,"¡Imperdible!​ 🤗ESPECIAL.21  “SÁCALE PROVECHO A TU GRATI”​

¿Sabías que los expertos recomiendan destinar el 30% al ahorro o inversión?​

¿Cuáles son tus objetivos?  ¿cuál es tu situación financiera? ¿puedes invertir?  Estas y  otras consideraciones  mañana en nuestro especial.…",0,2,1,1,754
2025-07-14 22:20:15,ScotiabankPE,Jul 10,"#EntrevistaSE. El CFO de @ScotiabankPE, Marcelo Rodríguez, cuenta que la reciente emisión por US$400 millones busca transmitir un mensaje de permanencia de largo plazo en el Perú.

Por @cabecitaterri.
semanaeconomica.com/economia-finan…",1,2,3,0,578
2025-07-14 22:20:15,ScotiabankPE,Jun 27,".@ScotiabankPE captó US$400 millones en emisión internacional de bonos subordinados. 

semanaeconomica.com/que-esta-pasan…",3,1,1,0,885
2025-07-14 22:20:15,ScotiabankPE,Jun 24,".@ScotiabankPE lanza roadshow internacional previo a nueva emisión de bonos por US$1,000 millones. Scotiabank contrató a @GoldmanSachs y Scotia Capital para presentar la operación ante inversionistas institucionales.
semanaeconomica.com/que-esta-pasan…",0,1,0,0,880
2025-07-14 22:20:15,ScotiabankPE,Jun 20,"Agradecemos a nuestro auspiciador PLATA 🎊 @ScotiabankPE, quién se une a la 30° edición de #CADEUniversitario, el encuentro de jóvenes líderes más importante del país, y se suma a nuestro compromiso de construir un Perú más desarrollado.

Conoce más aquí 👉…",0,1,2,0,440
2025-07-14 22:20:15,ScotiabankPE,Jun 6,"#BrandedContent.  La alta dirección de @ScotiabankPE, liderada por su CEO global, llegó a Perú y sostuvo reuniones con clientes estratégicos y reafirmó la importancia del mercado peruano en su operación internacional.
semanaeconomica.com/economia-finan…",1,1,2,0,972
2025-07-14 22:20:15,ScotiabankPE,May 26,"#BrandedContent.  La alta dirección de @ScotiabankPE, liderada por su CEO global, llegó a Perú y sostuvo reuniones con clientes estratégicos y reafirmó la importancia del mercado peruano en su operación internacional.
semanaeconomica.com/economia-finan…",1,1,2,1,1.0K
2025-07-14 22:20:15,ScotiabankPE,May 22,"#BrandedContent.  La alta dirección de @ScotiabankPE, liderada por su CEO global, llegó a Perú y sostuvo reuniones con clientes estratégicos y reafirmó la importancia del mercado peruano en su operación internacional. 

Conoce más: acortar.link/oCt094",1,1,3,0,1.0K
2025-07-14 22:20:15,ScotiabankPE,Apr 28,"#NotaInformativa | Buscando fortalecer la inversión privada y dinamizar el crecimiento económico, 📈 el ministro @Jose_SalardiR, junto con el director de Sistema Financiero y Mercado de Capitales de la Dirección General de Mercados Financieros y Previsional Privado, Óscar Orcón,…",1,2,5,1,1.0K
2025-07-14 22:20:15,ScotiabankPE,Mar 26,"#BrandedContent. @ScotiabankPE ha sido reconocido por segundo año consecutivo como líder de Banca Privada en Perú por Global Finance.
semanaeconomica.com/economia-finan…",8,1,0,0,2.0K
2025-07-14 22:20:15,ScotiabankPE,Mar 12,"#BrandedContent. @ScotiabankPE ha sido reconocido por segundo año consecutivo como líder de Banca Privada en Perú por Global Finance.

semanaeconomica.com/economia-finan…",4,2,0,0,2.0K
2025-07-14 22:20:15,ScotiabankPE,Mar 7,"#BrandedContent. @ScotiabankPE ha sido reconocido por segundo año consecutivo como líder de Banca Privada en Perú por Global Finance. Tras el reconocimiento, Patricia Martinez, Head de banca privada en Scotiabank, explica las acciones realizadas para lograr el reconocimiento, así…",6,1,1,0,1.0K
2025-07-14 22:20:15,ScotiabankPE,Mar 7,En Scotiabank te reconocemos tus logros y nos comprometemos a seguir trabajando por la equidad todos los días del año. #8MTodosLosDías. 💜 #8MTODOSLOSDÍAS,14,1,6,0,2.0K
2025-07-14 22:20:15,ScotiabankPE,Oct 16,"#BrandedContent. @ScotiabankPE presentó oficialmente a Sebastián Arcuri como su nuevo CEO, y junto a su CEO Global y Head of International Banking, reforzó su compromiso con sus clientes y el desarrollo del país.

Conoce más: acortar.link/Cg9UF1",19,2,11,1,7.0K
2025-07-14 22:20:15,ScotiabankPE,Sep 10,"Conoce nuestro proyecto en Punchan, Iquitos, Perú🇵🇪, con @scotiabankPE y @WorldVisionPeru, enfocado en mejorar la educación infantil con tecnología, fortalecer el rol familiar con ternura y el apoyo de proyectos juveniles.",2,4,26,1,6.0K
2025-07-14 22:20:15,ScotiabankPE,Aug 29,"Conoce nuestro proyecto en Punchana, Iquitos, Perú🇵🇪, con @ScotiabankPE y @WorldVisionPeru, enfocado en mejorar la educación infantil con tecnología, fortalecer el rol familiar con ternura y el apoyo de proyectos juveniles.",0,4,23,0,5.0K
2025-07-14 22:20:15,ScotiabankPE,Aug 8,Scotiabank lanza Fondo de Impacto Social ScotiaRISE en Perú ⏩n9.cl/bsrmz,6,1,2,0,4.0K
2025-07-14 22:20:15,ScotiabankPE,"Jun 18, 2024","Desde el 2022, hemos implementado el proyecto ""Inclusión Educativa para la Vida"" en Loreto, uno de los departamentos con mayor pobreza monetaria. Esta iniciativa, en alianza con @ScotiabankPE y @FundacioFCB, tiene como objetivo mejorar la calidad educativa de las niñas y niños.",5,1,3,0,5.0K
2025-07-14 22:20:15,ScotiabankPE,"Jun 13, 2024","En nuestro compromiso con el bienestar de la niñez, desde el 2022 implementamos el proyecto ""Inclusión Educativa para la Vida"" con el apoyo de @ScotiabankPE y la @FCBarcelona, para brindar acceso a una educación de calidad a las niñas y niños. 

#Scotiabank #FundacionBarcelona",2,6,9,0,4.0K
2025-07-14 22:20:15,ScotiabankPE,"Jun 14, 2024","Somos y seremos sus más grandes hinchas. ⚽️Etiquétalo y dile por qué lo eres. ❤️

#ScotiabankPerú #HablemosEnSerio #DíaDelPadre",18,0,4,0,4.0K
2025-07-14 23:20:13,ScotiabankPE,11 h,"¡Imperdible!​ 🤗ESPECIAL.21  “SÁCALE PROVECHO A TU GRATI”​

¿Sabías que los expertos recomiendan destinar el 30% al ahorro o inversión?​

¿Cuáles son tus objetivos?  ¿cuál es tu situación financiera? ¿puedes invertir?  Estas y  otras consideraciones  mañana en nuestro especial.…",0,2,1,1,773
2025-07-14 23:20:13,ScotiabankPE,Jul 10,"#EntrevistaSE. El CFO de @ScotiabankPE, Marcelo Rodríguez, cuenta que la reciente emisión por US$400 millones busca transmitir un mensaje de permanencia de largo plazo en el Perú.

Por @cabecitaterri.
semanaeconomica.com/economia-finan…",1,2,3,0,578
2025-07-14 23:20:13,ScotiabankPE,Jun 27,".@ScotiabankPE captó US$400 millones en emisión internacional de bonos subordinados. 

semanaeconomica.com/que-esta-pasan…",3,1,1,0,885
2025-07-14 23:20:13,ScotiabankPE,Jun 24,".@ScotiabankPE lanza roadshow internacional previo a nueva emisión de bonos por US$1,000 millones. Scotiabank contrató a @GoldmanSachs y Scotia Capital para presentar la operación ante inversionistas institucionales.
semanaeconomica.com/que-esta-pasan…",0,1,0,0,880
2025-07-14 23:20:13,ScotiabankPE,Jun 20,"Agradecemos a nuestro auspiciador PLATA 🎊 @ScotiabankPE, quién se une a la 30° edición de #CADEUniversitario, el encuentro de jóvenes líderes más importante del país, y se suma a nuestro compromiso de construir un Perú más desarrollado.

Conoce más aquí 👉…",0,1,2,0,440
2025-07-14 23:20:13,ScotiabankPE,Jun 6,"#BrandedContent.  La alta dirección de @ScotiabankPE, liderada por su CEO global, llegó a Perú y sostuvo reuniones con clientes estratégicos y reafirmó la importancia del mercado peruano en su operación internacional.
semanaeconomica.com/economia-finan…",1,1,2,0,972
2025-07-14 23:20:13,ScotiabankPE,May 26,"#BrandedContent.  La alta dirección de @ScotiabankPE, liderada por su CEO global, llegó a Perú y sostuvo reuniones con clientes estratégicos y reafirmó la importancia del mercado peruano en su operación internacional.
semanaeconomica.com/economia-finan…",1,1,2,1,1.0K
2025-07-14 23:20:13,ScotiabankPE,May 22,"#BrandedContent.  La alta dirección de @ScotiabankPE, liderada por su CEO global, llegó a Perú y sostuvo reuniones con clientes estratégicos y reafirmó la importancia del mercado peruano en su operación internacional. 

Conoce más: acortar.link/oCt094",1,1,3,0,1.0K
2025-07-14 23:20:13,ScotiabankPE,Apr 28,"#NotaInformativa | Buscando fortalecer la inversión privada y dinamizar el crecimiento económico, 📈 el ministro @Jose_SalardiR, junto con el director de Sistema Financiero y Mercado de Capitales de la Dirección General de Mercados Financieros y Previsional Privado, Óscar Orcón,…",1,2,5,1,1.0K
2025-07-14 23:20:13,ScotiabankPE,Mar 26,"#BrandedContent. @ScotiabankPE ha sido reconocido por segundo año consecutivo como líder de Banca Privada en Perú por Global Finance.
semanaeconomica.com/economia-finan…",8,1,0,0,2.0K
2025-07-14 23:20:13,ScotiabankPE,Mar 12,"#BrandedContent. @ScotiabankPE ha sido reconocido por segundo año consecutivo como líder de Banca Privada en Perú por Global Finance.

semanaeconomica.com/economia-finan…",4,2,0,0,2.0K
2025-07-14 23:20:13,ScotiabankPE,Mar 7,"#BrandedContent. @ScotiabankPE ha sido reconocido por segundo año consecutivo como líder de Banca Privada en Perú por Global Finance. Tras el reconocimiento, Patricia Martinez, Head de banca privada en Scotiabank, explica las acciones realizadas para lograr el reconocimiento, así…",6,1,1,0,1.0K
2025-07-14 23:20:13,ScotiabankPE,Mar 7,En Scotiabank te reconocemos tus logros y nos comprometemos a seguir trabajando por la equidad todos los días del año. #8MTodosLosDías. 💜 #8MTODOSLOSDÍAS,14,1,6,0,2.0K
2025-07-14 23:20:13,ScotiabankPE,Oct 16,"#BrandedContent. @ScotiabankPE presentó oficialmente a Sebastián Arcuri como su nuevo CEO, y junto a su CEO Global y Head of International Banking, reforzó su compromiso con sus clientes y el desarrollo del país.

Conoce más: acortar.link/Cg9UF1",19,2,11,1,7.0K
2025-07-14 23:20:13,ScotiabankPE,Sep 10,"Conoce nuestro proyecto en Punchan, Iquitos, Perú🇵🇪, con @scotiabankPE y @WorldVisionPeru, enfocado en mejorar la educación infantil con tecnología, fortalecer el rol familiar con ternura y el apoyo de proyectos juveniles.",2,4,26,1,6.0K
2025-07-14 23:20:13,ScotiabankPE,Aug 29,"Conoce nuestro proyecto en Punchana, Iquitos, Perú🇵🇪, con @ScotiabankPE y @WorldVisionPeru, enfocado en mejorar la educación infantil con tecnología, fortalecer el rol familiar con ternura y el apoyo de proyectos juveniles.",0,4,23,0,5.0K
2025-07-14 23:20:13,ScotiabankPE,Aug 8,Scotiabank lanza Fondo de Impacto Social ScotiaRISE en Perú ⏩n9.cl/bsrmz,6,1,2,0,4.0K
2025-07-14 23:20:13,ScotiabankPE,"Jun 18, 2024","Desde el 2022, hemos implementado el proyecto ""Inclusión Educativa para la Vida"" en Loreto, uno de los departamentos con mayor pobreza monetaria. Esta iniciativa, en alianza con @ScotiabankPE y @FundacioFCB, tiene como objetivo mejorar la calidad educativa de las niñas y niños.",5,1,3,0,5.0K
2025-07-14 23:20:13,ScotiabankPE,"Jun 13, 2024","En nuestro compromiso con el bienestar de la niñez, desde el 2022 implementamos el proyecto ""Inclusión Educativa para la Vida"" con el apoyo de @ScotiabankPE y la @FCBarcelona, para brindar acceso a una educación de calidad a las niñas y niños. 

#Scotiabank #FundacionBarcelona",2,6,9,0,4.0K
2025-07-14 23:20:13,ScotiabankPE,"Jun 14, 2024","Somos y seremos sus más grandes hinchas. ⚽️Etiquétalo y dile por qué lo eres. ❤️

#ScotiabankPerú #HablemosEnSerio #DíaDelPadre",18,0,4,0,4.0K
2025-07-15 01:49:26,ScotiabankPE,13 h,"¡Imperdible!​ 🤗ESPECIAL.21  “SÁCALE PROVECHO A TU GRATI”​

¿Sabías que los expertos recomiendan destinar el 30% al ahorro o inversión?​

¿Cuáles son tus objetivos?  ¿cuál es tu situación financiera? ¿puedes invertir?  Estas y  otras consideraciones  mañana en nuestro especial.…",0,2,1,1,788
2025-07-15 01:49:26,ScotiabankPE,Jul 10,"#EntrevistaSE. El CFO de @ScotiabankPE, Marcelo Rodríguez, cuenta que la reciente emisión por US$400 millones busca transmitir un mensaje de permanencia de largo plazo en el Perú.

Por @cabecitaterri.
semanaeconomica.com/economia-finan…",1,2,3,0,583
2025-07-15 01:49:26,ScotiabankPE,Jun 27,".@ScotiabankPE captó US$400 millones en emisión internacional de bonos subordinados. 

semanaeconomica.com/que-esta-pasan…",3,1,1,0,886
2025-07-15 01:49:26,ScotiabankPE,Jun 24,".@ScotiabankPE lanza roadshow internacional previo a nueva emisión de bonos por US$1,000 millones. Scotiabank contrató a @GoldmanSachs y Scotia Capital para presentar la operación ante inversionistas institucionales.
semanaeconomica.com/que-esta-pasan…",0,1,0,0,881
2025-07-15 01:49:26,ScotiabankPE,Jun 20,"Agradecemos a nuestro auspiciador PLATA 🎊 @ScotiabankPE, quién se une a la 30° edición de #CADEUniversitario, el encuentro de jóvenes líderes más importante del país, y se suma a nuestro compromiso de construir un Perú más desarrollado.

Conoce más aquí 👉…",0,1,2,0,441
2025-07-15 01:49:26,ScotiabankPE,Jun 6,"#BrandedContent.  La alta dirección de @ScotiabankPE, liderada por su CEO global, llegó a Perú y sostuvo reuniones con clientes estratégicos y reafirmó la importancia del mercado peruano en su operación internacional.
semanaeconomica.com/economia-finan…",1,1,2,0,973
2025-07-15 01:49:26,ScotiabankPE,May 26,"#BrandedContent.  La alta dirección de @ScotiabankPE, liderada por su CEO global, llegó a Perú y sostuvo reuniones con clientes estratégicos y reafirmó la importancia del mercado peruano en su operación internacional.
semanaeconomica.com/economia-finan…",1,1,2,1,1.0K
2025-07-15 01:49:26,ScotiabankPE,May 22,"#BrandedContent.  La alta dirección de @ScotiabankPE, liderada por su CEO global, llegó a Perú y sostuvo reuniones con clientes estratégicos y reafirmó la importancia del mercado peruano en su operación internacional. 

Conoce más: acortar.link/oCt094",1,1,3,0,1.0K
2025-07-15 01:49:26,ScotiabankPE,Apr 28,"#NotaInformativa | Buscando fortalecer la inversión privada y dinamizar el crecimiento económico, 📈 el ministro @Jose_SalardiR, junto con el director de Sistema Financiero y Mercado de Capitales de la Dirección General de Mercados Financieros y Previsional Privado, Óscar Orcón,…",1,2,5,1,1.0K
2025-07-15 01:49:26,ScotiabankPE,Mar 26,"#BrandedContent. @ScotiabankPE ha sido reconocido por segundo año consecutivo como líder de Banca Privada en Perú por Global Finance.
semanaeconomica.com/economia-finan…",8,1,0,0,2.0K
2025-07-15 01:49:26,ScotiabankPE,Mar 12,"#BrandedContent. @ScotiabankPE ha sido reconocido por segundo año consecutivo como líder de Banca Privada en Perú por Global Finance.

semanaeconomica.com/economia-finan…",4,2,0,0,2.0K
2025-07-15 01:49:26,ScotiabankPE,Mar 7,"#BrandedContent. @ScotiabankPE ha sido reconocido por segundo año consecutivo como líder de Banca Privada en Perú por Global Finance. Tras el reconocimiento, Patricia Martinez, Head de banca privada en Scotiabank, explica las acciones realizadas para lograr el reconocimiento, así…",6,1,1,0,1.0K
2025-07-15 01:49:26,ScotiabankPE,Mar 7,En Scotiabank te reconocemos tus logros y nos comprometemos a seguir trabajando por la equidad todos los días del año. #8MTodosLosDías. 💜 #8MTODOSLOSDÍAS,14,1,6,0,2.0K
2025-07-15 01:49:26,ScotiabankPE,Oct 16,"#BrandedContent. @ScotiabankPE presentó oficialmente a Sebastián Arcuri como su nuevo CEO, y junto a su CEO Global y Head of International Banking, reforzó su compromiso con sus clientes y el desarrollo del país.

Conoce más: acortar.link/Cg9UF1",19,2,10,1,7.0K
2025-07-15 01:49:26,ScotiabankPE,Sep 10,"Conoce nuestro proyecto en Punchan, Iquitos, Perú🇵🇪, con @scotiabankPE y @WorldVisionPeru, enfocado en mejorar la educación infantil con tecnología, fortalecer el rol familiar con ternura y el apoyo de proyectos juveniles.",2,4,26,1,6.0K
2025-07-15 01:49:26,ScotiabankPE,Aug 29,"Conoce nuestro proyecto en Punchana, Iquitos, Perú🇵🇪, con @ScotiabankPE y @WorldVisionPeru, enfocado en mejorar la educación infantil con tecnología, fortalecer el rol familiar con ternura y el apoyo de proyectos juveniles.",0,4,23,0,5.0K
2025-07-15 01:49:26,ScotiabankPE,Aug 8,Scotiabank lanza Fondo de Impacto Social ScotiaRISE en Perú ⏩n9.cl/bsrmz,6,1,2,0,4.0K
2025-07-15 01:49:26,ScotiabankPE,"Jun 18, 2024","Desde el 2022, hemos implementado el proyecto ""Inclusión Educativa para la Vida"" en Loreto, uno de los departamentos con mayor pobreza monetaria. Esta iniciativa, en alianza con @ScotiabankPE y @FundacioFCB, tiene como objetivo mejorar la calidad educativa de las niñas y niños.",5,1,3,0,5.0K
2025-07-15 01:49:26,ScotiabankPE,"Jun 13, 2024","En nuestro compromiso con el bienestar de la niñez, desde el 2022 implementamos el proyecto ""Inclusión Educativa para la Vida"" con el apoyo de @ScotiabankPE y la @FCBarcelona, para brindar acceso a una educación de calidad a las niñas y niños. 

#Scotiabank #FundacionBarcelona",2,6,9,0,4.0K
2025-07-15 01:49:26,ScotiabankPE,"Jun 14, 2024","Somos y seremos sus más grandes hinchas. ⚽️Etiquétalo y dile por qué lo eres. ❤️

#ScotiabankPerú #HablemosEnSerio #DíaDelPadre",18,0,4,0,4.0K
2025-07-15 03:38:50,ScotiabankPE,15 h,"¡Imperdible!​ 🤗ESPECIAL.21  “SÁCALE PROVECHO A TU GRATI”​

¿Sabías que los expertos recomiendan destinar el 30% al ahorro o inversión?​

¿Cuáles son tus objetivos?  ¿cuál es tu situación financiera? ¿puedes invertir?  Estas y  otras consideraciones  mañana en nuestro especial.…",0,2,1,1,800
2025-07-15 03:38:50,ScotiabankPE,Jul 10,"#EntrevistaSE. El CFO de @ScotiabankPE, Marcelo Rodríguez, cuenta que la reciente emisión por US$400 millones busca transmitir un mensaje de permanencia de largo plazo en el Perú.

Por @cabecitaterri.
semanaeconomica.com/economia-finan…",1,2,3,0,583
2025-07-15 03:38:50,ScotiabankPE,Jun 27,".@ScotiabankPE captó US$400 millones en emisión internacional de bonos subordinados. 

semanaeconomica.com/que-esta-pasan…",3,1,1,0,886
2025-07-15 03:38:50,ScotiabankPE,Jun 24,".@ScotiabankPE lanza roadshow internacional previo a nueva emisión de bonos por US$1,000 millones. Scotiabank contrató a @GoldmanSachs y Scotia Capital para presentar la operación ante inversionistas institucionales.
semanaeconomica.com/que-esta-pasan…",0,1,0,0,881
2025-07-15 03:38:50,ScotiabankPE,Jun 20,"Agradecemos a nuestro auspiciador PLATA 🎊 @ScotiabankPE, quién se une a la 30° edición de #CADEUniversitario, el encuentro de jóvenes líderes más importante del país, y se suma a nuestro compromiso de construir un Perú más desarrollado.

Conoce más aquí 👉…",0,1,2,0,441
2025-07-15 03:38:50,ScotiabankPE,Jun 6,"#BrandedContent.  La alta dirección de @ScotiabankPE, liderada por su CEO global, llegó a Perú y sostuvo reuniones con clientes estratégicos y reafirmó la importancia del mercado peruano en su operación internacional.
semanaeconomica.com/economia-finan…",1,1,2,0,973
2025-07-15 03:38:50,ScotiabankPE,May 26,"#BrandedContent.  La alta dirección de @ScotiabankPE, liderada por su CEO global, llegó a Perú y sostuvo reuniones con clientes estratégicos y reafirmó la importancia del mercado peruano en su operación internacional.
semanaeconomica.com/economia-finan…",1,1,2,1,1.0K
2025-07-15 03:38:50,ScotiabankPE,May 22,"#BrandedContent.  La alta dirección de @ScotiabankPE, liderada por su CEO global, llegó a Perú y sostuvo reuniones con clientes estratégicos y reafirmó la importancia del mercado peruano en su operación internacional. 

Conoce más: acortar.link/oCt094",1,1,3,0,1.0K
2025-07-15 03:38:50,ScotiabankPE,Apr 28,"#NotaInformativa | Buscando fortalecer la inversión privada y dinamizar el crecimiento económico, 📈 el ministro @Jose_SalardiR, junto con el director de Sistema Financiero y Mercado de Capitales de la Dirección General de Mercados Financieros y Previsional Privado, Óscar Orcón,…",1,2,5,1,1.0K
2025-07-15 03:38:50,ScotiabankPE,Mar 26,"#BrandedContent. @ScotiabankPE ha sido reconocido por segundo año consecutivo como líder de Banca Privada en Perú por Global Finance.
semanaeconomica.com/economia-finan…",8,1,0,0,2.0K
2025-07-15 03:38:50,ScotiabankPE,Mar 12,"#BrandedContent. @ScotiabankPE ha sido reconocido por segundo año consecutivo como líder de Banca Privada en Perú por Global Finance.

semanaeconomica.com/economia-finan…",4,2,0,0,2.0K
2025-07-15 03:38:50,ScotiabankPE,Mar 7,"#BrandedContent. @ScotiabankPE ha sido reconocido por segundo año consecutivo como líder de Banca Privada en Perú por Global Finance. Tras el reconocimiento, Patricia Martinez, Head de banca privada en Scotiabank, explica las acciones realizadas para lograr el reconocimiento, así…",6,1,1,0,1.0K
2025-07-15 03:38:50,ScotiabankPE,Mar 7,En Scotiabank te reconocemos tus logros y nos comprometemos a seguir trabajando por la equidad todos los días del año. #8MTodosLosDías. 💜 #8MTODOSLOSDÍAS,14,1,6,0,2.0K
2025-07-15 03:38:50,ScotiabankPE,Oct 16,"#BrandedContent. @ScotiabankPE presentó oficialmente a Sebastián Arcuri como su nuevo CEO, y junto a su CEO Global y Head of International Banking, reforzó su compromiso con sus clientes y el desarrollo del país.

Conoce más: acortar.link/Cg9UF1",19,2,10,1,7.0K
2025-07-15 03:38:50,ScotiabankPE,Sep 10,"Conoce nuestro proyecto en Punchan, Iquitos, Perú🇵🇪, con @scotiabankPE y @WorldVisionPeru, enfocado en mejorar la educación infantil con tecnología, fortalecer el rol familiar con ternura y el apoyo de proyectos juveniles.",2,4,26,1,6.0K
2025-07-15 03:38:50,ScotiabankPE,Aug 29,"Conoce nuestro proyecto en Punchana, Iquitos, Perú🇵🇪, con @ScotiabankPE y @WorldVisionPeru, enfocado en mejorar la educación infantil con tecnología, fortalecer el rol familiar con ternura y el apoyo de proyectos juveniles.",0,4,23,0,5.0K
2025-07-15 03:38:50,ScotiabankPE,Aug 8,Scotiabank lanza Fondo de Impacto Social ScotiaRISE en Perú ⏩n9.cl/bsrmz,6,1,2,0,4.0K
2025-07-15 03:38:50,ScotiabankPE,"Jun 18, 2024","Desde el 2022, hemos implementado el proyecto ""Inclusión Educativa para la Vida"" en Loreto, uno de los departamentos con mayor pobreza monetaria. Esta iniciativa, en alianza con @ScotiabankPE y @FundacioFCB, tiene como objetivo mejorar la calidad educativa de las niñas y niños.",5,1,3,0,5.0K
2025-07-15 03:38:50,ScotiabankPE,"Jun 13, 2024","En nuestro compromiso con el bienestar de la niñez, desde el 2022 implementamos el proyecto ""Inclusión Educativa para la Vida"" con el apoyo de @ScotiabankPE y la @FCBarcelona, para brindar acceso a una educación de calidad a las niñas y niños. 

#Scotiabank #FundacionBarcelona",2,6,9,0,4.0K
2025-07-15 03:38:50,ScotiabankPE,"Jun 14, 2024","Somos y seremos sus más grandes hinchas. ⚽️Etiquétalo y dile por qué lo eres. ❤️

#ScotiabankPerú #HablemosEnSerio #DíaDelPadre",18,0,4,0,4.0K
2025-07-15 04:39:20,ScotiabankPE,16 h,"¡Imperdible!​ 🤗ESPECIAL.21  “SÁCALE PROVECHO A TU GRATI”​

¿Sabías que los expertos recomiendan destinar el 30% al ahorro o inversión?​

¿Cuáles son tus objetivos?  ¿cuál es tu situación financiera? ¿puedes invertir?  Estas y  otras consideraciones  mañana en nuestro especial.…",0,2,1,1,806
2025-07-15 04:39:20,ScotiabankPE,Jul 10,"#EntrevistaSE. El CFO de @ScotiabankPE, Marcelo Rodríguez, cuenta que la reciente emisión por US$400 millones busca transmitir un mensaje de permanencia de largo plazo en el Perú.

Por @cabecitaterri.
semanaeconomica.com/economia-finan…",1,2,3,0,583
2025-07-15 04:39:20,ScotiabankPE,Jun 27,".@ScotiabankPE captó US$400 millones en emisión internacional de bonos subordinados. 

semanaeconomica.com/que-esta-pasan…",3,1,1,0,886
2025-07-15 04:39:20,ScotiabankPE,Jun 24,".@ScotiabankPE lanza roadshow internacional previo a nueva emisión de bonos por US$1,000 millones. Scotiabank contrató a @GoldmanSachs y Scotia Capital para presentar la operación ante inversionistas institucionales.
semanaeconomica.com/que-esta-pasan…",0,1,0,0,881
2025-07-15 04:39:20,ScotiabankPE,Jun 20,"Agradecemos a nuestro auspiciador PLATA 🎊 @ScotiabankPE, quién se une a la 30° edición de #CADEUniversitario, el encuentro de jóvenes líderes más importante del país, y se suma a nuestro compromiso de construir un Perú más desarrollado.

Conoce más aquí 👉…",0,1,2,0,441
2025-07-15 04:39:20,ScotiabankPE,Jun 6,"#BrandedContent.  La alta dirección de @ScotiabankPE, liderada por su CEO global, llegó a Perú y sostuvo reuniones con clientes estratégicos y reafirmó la importancia del mercado peruano en su operación internacional.
semanaeconomica.com/economia-finan…",1,1,2,0,973
2025-07-15 04:39:20,ScotiabankPE,May 26,"#BrandedContent.  La alta dirección de @ScotiabankPE, liderada por su CEO global, llegó a Perú y sostuvo reuniones con clientes estratégicos y reafirmó la importancia del mercado peruano en su operación internacional.
semanaeconomica.com/economia-finan…",1,1,2,1,1.0K
2025-07-15 04:39:20,ScotiabankPE,May 22,"#BrandedContent.  La alta dirección de @ScotiabankPE, liderada por su CEO global, llegó a Perú y sostuvo reuniones con clientes estratégicos y reafirmó la importancia del mercado peruano en su operación internacional. 

Conoce más: acortar.link/oCt094",1,1,3,0,1.0K
2025-07-15 04:39:20,ScotiabankPE,Apr 28,"#NotaInformativa | Buscando fortalecer la inversión privada y dinamizar el crecimiento económico, 📈 el ministro @Jose_SalardiR, junto con el director de Sistema Financiero y Mercado de Capitales de la Dirección General de Mercados Financieros y Previsional Privado, Óscar Orcón,…",1,2,5,1,1.0K
2025-07-15 04:39:20,ScotiabankPE,Mar 26,"#BrandedContent. @ScotiabankPE ha sido reconocido por segundo año consecutivo como líder de Banca Privada en Perú por Global Finance.
semanaeconomica.com/economia-finan…",8,1,0,0,2.0K
2025-07-15 04:39:20,ScotiabankPE,Mar 12,"#BrandedContent. @ScotiabankPE ha sido reconocido por segundo año consecutivo como líder de Banca Privada en Perú por Global Finance.

semanaeconomica.com/economia-finan…",4,2,0,0,2.0K
2025-07-15 04:39:20,ScotiabankPE,Mar 7,"#BrandedContent. @ScotiabankPE ha sido reconocido por segundo año consecutivo como líder de Banca Privada en Perú por Global Finance. Tras el reconocimiento, Patricia Martinez, Head de banca privada en Scotiabank, explica las acciones realizadas para lograr el reconocimiento, así…",6,1,1,0,1.0K
2025-07-15 04:39:20,ScotiabankPE,Mar 7,En Scotiabank te reconocemos tus logros y nos comprometemos a seguir trabajando por la equidad todos los días del año. #8MTodosLosDías. 💜 #8MTODOSLOSDÍAS,14,1,6,0,2.0K
2025-07-15 04:39:20,ScotiabankPE,Oct 16,"#BrandedContent. @ScotiabankPE presentó oficialmente a Sebastián Arcuri como su nuevo CEO, y junto a su CEO Global y Head of International Banking, reforzó su compromiso con sus clientes y el desarrollo del país.

Conoce más: acortar.link/Cg9UF1",19,2,10,1,7.0K
2025-07-15 04:39:20,ScotiabankPE,Sep 10,"Conoce nuestro proyecto en Punchan, Iquitos, Perú🇵🇪, con @scotiabankPE y @WorldVisionPeru, enfocado en mejorar la educación infantil con tecnología, fortalecer el rol familiar con ternura y el apoyo de proyectos juveniles.",2,4,26,1,6.0K
2025-07-15 04:39:20,ScotiabankPE,Aug 29,"Conoce nuestro proyecto en Punchana, Iquitos, Perú🇵🇪, con @ScotiabankPE y @WorldVisionPeru, enfocado en mejorar la educación infantil con tecnología, fortalecer el rol familiar con ternura y el apoyo de proyectos juveniles.",0,4,23,0,5.0K
2025-07-15 04:39:20,ScotiabankPE,Aug 8,Scotiabank lanza Fondo de Impacto Social ScotiaRISE en Perú ⏩n9.cl/bsrmz,6,1,2,0,4.0K
2025-07-15 04:39:20,ScotiabankPE,"Jun 18, 2024","Desde el 2022, hemos implementado el proyecto ""Inclusión Educativa para la Vida"" en Loreto, uno de los departamentos con mayor pobreza monetaria. Esta iniciativa, en alianza con @ScotiabankPE y @FundacioFCB, tiene como objetivo mejorar la calidad educativa de las niñas y niños.",5,1,3,0,5.0K
2025-07-15 04:39:20,ScotiabankPE,"Jun 13, 2024","En nuestro compromiso con el bienestar de la niñez, desde el 2022 implementamos el proyecto ""Inclusión Educativa para la Vida"" con el apoyo de @ScotiabankPE y la @FCBarcelona, para brindar acceso a una educación de calidad a las niñas y niños. 

#Scotiabank #FundacionBarcelona",2,6,9,0,4.0K
2025-07-15 04:39:20,ScotiabankPE,"Jun 14, 2024","Somos y seremos sus más grandes hinchas. ⚽️Etiquétalo y dile por qué lo eres. ❤️

#ScotiabankPerú #HablemosEnSerio #DíaDelPadre",18,0,4,0,4.0K
2025-07-15 05:25:00,ScotiabankPE,17 h,"¡Imperdible!​ 🤗ESPECIAL.21  “SÁCALE PROVECHO A TU GRATI”​

¿Sabías que los expertos recomiendan destinar el 30% al ahorro o inversión?​

¿Cuáles son tus objetivos?  ¿cuál es tu situación financiera? ¿puedes invertir?  Estas y  otras consideraciones  mañana en nuestro especial.…",0,2,1,1,806
2025-07-15 05:25:00,ScotiabankPE,Jul 10,"#EntrevistaSE. El CFO de @ScotiabankPE, Marcelo Rodríguez, cuenta que la reciente emisión por US$400 millones busca transmitir un mensaje de permanencia de largo plazo en el Perú.

Por @cabecitaterri.
semanaeconomica.com/economia-finan…",1,2,3,0,583
2025-07-15 05:25:00,ScotiabankPE,Jun 27,".@ScotiabankPE captó US$400 millones en emisión internacional de bonos subordinados. 

semanaeconomica.com/que-esta-pasan…",3,1,1,0,886
2025-07-15 05:25:00,ScotiabankPE,Jun 24,".@ScotiabankPE lanza roadshow internacional previo a nueva emisión de bonos por US$1,000 millones. Scotiabank contrató a @GoldmanSachs y Scotia Capital para presentar la operación ante inversionistas institucionales.
semanaeconomica.com/que-esta-pasan…",0,1,0,0,881
2025-07-15 05:25:00,ScotiabankPE,Jun 20,"Agradecemos a nuestro auspiciador PLATA 🎊 @ScotiabankPE, quién se une a la 30° edición de #CADEUniversitario, el encuentro de jóvenes líderes más importante del país, y se suma a nuestro compromiso de construir un Perú más desarrollado.

Conoce más aquí 👉…",0,1,2,0,441
2025-07-15 05:25:00,ScotiabankPE,Jun 6,"#BrandedContent.  La alta dirección de @ScotiabankPE, liderada por su CEO global, llegó a Perú y sostuvo reuniones con clientes estratégicos y reafirmó la importancia del mercado peruano en su operación internacional.
semanaeconomica.com/economia-finan…",1,1,2,0,973
2025-07-15 05:25:00,ScotiabankPE,May 26,"#BrandedContent.  La alta dirección de @ScotiabankPE, liderada por su CEO global, llegó a Perú y sostuvo reuniones con clientes estratégicos y reafirmó la importancia del mercado peruano en su operación internacional.
semanaeconomica.com/economia-finan…",1,1,2,1,1.0K
2025-07-15 05:25:00,ScotiabankPE,May 22,"#BrandedContent.  La alta dirección de @ScotiabankPE, liderada por su CEO global, llegó a Perú y sostuvo reuniones con clientes estratégicos y reafirmó la importancia del mercado peruano en su operación internacional. 

Conoce más: acortar.link/oCt094",1,1,3,0,1.0K
2025-07-15 05:25:00,ScotiabankPE,Apr 28,"#NotaInformativa | Buscando fortalecer la inversión privada y dinamizar el crecimiento económico, 📈 el ministro @Jose_SalardiR, junto con el director de Sistema Financiero y Mercado de Capitales de la Dirección General de Mercados Financieros y Previsional Privado, Óscar Orcón,…",1,2,5,1,1.0K
2025-07-15 05:25:00,ScotiabankPE,Mar 26,"#BrandedContent. @ScotiabankPE ha sido reconocido por segundo año consecutivo como líder de Banca Privada en Perú por Global Finance.
semanaeconomica.com/economia-finan…",8,1,0,0,2.0K
2025-07-15 05:25:00,ScotiabankPE,Mar 12,"#BrandedContent. @ScotiabankPE ha sido reconocido por segundo año consecutivo como líder de Banca Privada en Perú por Global Finance.

semanaeconomica.com/economia-finan…",4,2,0,0,2.0K
2025-07-15 05:25:00,ScotiabankPE,Mar 7,"#BrandedContent. @ScotiabankPE ha sido reconocido por segundo año consecutivo como líder de Banca Privada en Perú por Global Finance. Tras el reconocimiento, Patricia Martinez, Head de banca privada en Scotiabank, explica las acciones realizadas para lograr el reconocimiento, así…",6,1,1,0,1.0K
2025-07-15 05:25:00,ScotiabankPE,Mar 7,En Scotiabank te reconocemos tus logros y nos comprometemos a seguir trabajando por la equidad todos los días del año. #8MTodosLosDías. 💜 #8MTODOSLOSDÍAS,14,1,6,0,2.0K
2025-07-15 05:25:00,ScotiabankPE,Oct 16,"#BrandedContent. @ScotiabankPE presentó oficialmente a Sebastián Arcuri como su nuevo CEO, y junto a su CEO Global y Head of International Banking, reforzó su compromiso con sus clientes y el desarrollo del país.

Conoce más: acortar.link/Cg9UF1",19,2,10,1,7.0K
2025-07-15 05:25:00,ScotiabankPE,Sep 10,"Conoce nuestro proyecto en Punchan, Iquitos, Perú🇵🇪, con @scotiabankPE y @WorldVisionPeru, enfocado en mejorar la educación infantil con tecnología, fortalecer el rol familiar con ternura y el apoyo de proyectos juveniles.",2,4,26,1,6.0K
2025-07-15 05:25:00,ScotiabankPE,Aug 29,"Conoce nuestro proyecto en Punchana, Iquitos, Perú🇵🇪, con @ScotiabankPE y @WorldVisionPeru, enfocado en mejorar la educación infantil con tecnología, fortalecer el rol familiar con ternura y el apoyo de proyectos juveniles.",0,4,23,0,5.0K
2025-07-15 05:25:00,ScotiabankPE,Aug 8,Scotiabank lanza Fondo de Impacto Social ScotiaRISE en Perú ⏩n9.cl/bsrmz,6,1,2,0,4.0K
2025-07-15 05:25:00,ScotiabankPE,"Jun 18, 2024","Desde el 2022, hemos implementado el proyecto ""Inclusión Educativa para la Vida"" en Loreto, uno de los departamentos con mayor pobreza monetaria. Esta iniciativa, en alianza con @ScotiabankPE y @FundacioFCB, tiene como objetivo mejorar la calidad educativa de las niñas y niños.",5,1,3,0,5.0K
2025-07-15 05:25:00,ScotiabankPE,"Jun 13, 2024","En nuestro compromiso con el bienestar de la niñez, desde el 2022 implementamos el proyecto ""Inclusión Educativa para la Vida"" con el apoyo de @ScotiabankPE y la @FCBarcelona, para brindar acceso a una educación de calidad a las niñas y niños. 

#Scotiabank #FundacionBarcelona",2,6,9,0,4.0K
2025-07-15 05:25:00,ScotiabankPE,"Jun 14, 2024","Somos y seremos sus más grandes hinchas. ⚽️Etiquétalo y dile por qué lo eres. ❤️

#ScotiabankPerú #HablemosEnSerio #DíaDelPadre",18,0,4,0,4.0K
2025-07-15 06:32:32,ScotiabankPE,18 h,"¡Imperdible!​ 🤗ESPECIAL.21  “SÁCALE PROVECHO A TU GRATI”​

¿Sabías que los expertos recomiendan destinar el 30% al ahorro o inversión?​

¿Cuáles son tus objetivos?  ¿cuál es tu situación financiera? ¿puedes invertir?  Estas y  otras consideraciones  mañana en nuestro especial.…",0,2,1,1,808
2025-07-15 06:32:32,ScotiabankPE,Jul 10,"#EntrevistaSE. El CFO de @ScotiabankPE, Marcelo Rodríguez, cuenta que la reciente emisión por US$400 millones busca transmitir un mensaje de permanencia de largo plazo en el Perú.

Por @cabecitaterri.
semanaeconomica.com/economia-finan…",1,2,3,0,583
2025-07-15 06:32:32,ScotiabankPE,Jun 27,".@ScotiabankPE captó US$400 millones en emisión internacional de bonos subordinados. 

semanaeconomica.com/que-esta-pasan…",3,1,1,0,886
2025-07-15 06:32:32,ScotiabankPE,Jun 24,".@ScotiabankPE lanza roadshow internacional previo a nueva emisión de bonos por US$1,000 millones. Scotiabank contrató a @GoldmanSachs y Scotia Capital para presentar la operación ante inversionistas institucionales.
semanaeconomica.com/que-esta-pasan…",0,1,0,0,881
2025-07-15 06:32:32,ScotiabankPE,Jun 20,"Agradecemos a nuestro auspiciador PLATA 🎊 @ScotiabankPE, quién se une a la 30° edición de #CADEUniversitario, el encuentro de jóvenes líderes más importante del país, y se suma a nuestro compromiso de construir un Perú más desarrollado.

Conoce más aquí 👉…",0,1,2,0,441
2025-07-15 06:32:32,ScotiabankPE,Jun 6,"#BrandedContent.  La alta dirección de @ScotiabankPE, liderada por su CEO global, llegó a Perú y sostuvo reuniones con clientes estratégicos y reafirmó la importancia del mercado peruano en su operación internacional.
semanaeconomica.com/economia-finan…",1,1,2,0,973
2025-07-15 06:32:32,ScotiabankPE,May 26,"#BrandedContent.  La alta dirección de @ScotiabankPE, liderada por su CEO global, llegó a Perú y sostuvo reuniones con clientes estratégicos y reafirmó la importancia del mercado peruano en su operación internacional.
semanaeconomica.com/economia-finan…",1,1,2,1,1.0K
2025-07-15 06:32:32,ScotiabankPE,May 22,"#BrandedContent.  La alta dirección de @ScotiabankPE, liderada por su CEO global, llegó a Perú y sostuvo reuniones con clientes estratégicos y reafirmó la importancia del mercado peruano en su operación internacional. 

Conoce más: acortar.link/oCt094",1,1,3,0,1.0K
2025-07-15 06:32:32,ScotiabankPE,Apr 28,"#NotaInformativa | Buscando fortalecer la inversión privada y dinamizar el crecimiento económico, 📈 el ministro @Jose_SalardiR, junto con el director de Sistema Financiero y Mercado de Capitales de la Dirección General de Mercados Financieros y Previsional Privado, Óscar Orcón,…",1,2,5,1,1.0K
2025-07-15 06:32:32,ScotiabankPE,Mar 26,"#BrandedContent. @ScotiabankPE ha sido reconocido por segundo año consecutivo como líder de Banca Privada en Perú por Global Finance.
semanaeconomica.com/economia-finan…",8,1,0,0,2.0K
2025-07-15 06:32:32,ScotiabankPE,Mar 12,"#BrandedContent. @ScotiabankPE ha sido reconocido por segundo año consecutivo como líder de Banca Privada en Perú por Global Finance.

semanaeconomica.com/economia-finan…",4,2,0,0,2.0K
2025-07-15 06:32:32,ScotiabankPE,Mar 7,"#BrandedContent. @ScotiabankPE ha sido reconocido por segundo año consecutivo como líder de Banca Privada en Perú por Global Finance. Tras el reconocimiento, Patricia Martinez, Head de banca privada en Scotiabank, explica las acciones realizadas para lograr el reconocimiento, así…",6,1,1,0,1.0K
2025-07-15 06:32:32,ScotiabankPE,Mar 7,En Scotiabank te reconocemos tus logros y nos comprometemos a seguir trabajando por la equidad todos los días del año. #8MTodosLosDías. 💜 #8MTODOSLOSDÍAS,14,1,6,0,2.0K
2025-07-15 06:32:32,ScotiabankPE,Oct 16,"#BrandedContent. @ScotiabankPE presentó oficialmente a Sebastián Arcuri como su nuevo CEO, y junto a su CEO Global y Head of International Banking, reforzó su compromiso con sus clientes y el desarrollo del país.

Conoce más: acortar.link/Cg9UF1",19,2,10,1,7.0K
2025-07-15 06:32:32,ScotiabankPE,Sep 10,"Conoce nuestro proyecto en Punchan, Iquitos, Perú🇵🇪, con @scotiabankPE y @WorldVisionPeru, enfocado en mejorar la educación infantil con tecnología, fortalecer el rol familiar con ternura y el apoyo de proyectos juveniles.",2,4,26,1,6.0K
2025-07-15 06:32:32,ScotiabankPE,Aug 29,"Conoce nuestro proyecto en Punchana, Iquitos, Perú🇵🇪, con @ScotiabankPE y @WorldVisionPeru, enfocado en mejorar la educación infantil con tecnología, fortalecer el rol familiar con ternura y el apoyo de proyectos juveniles.",0,4,23,0,5.0K
2025-07-15 06:32:32,ScotiabankPE,Aug 8,Scotiabank lanza Fondo de Impacto Social ScotiaRISE en Perú ⏩n9.cl/bsrmz,6,1,2,0,4.0K
2025-07-15 06:32:32,ScotiabankPE,"Jun 18, 2024","Desde el 2022, hemos implementado el proyecto ""Inclusión Educativa para la Vida"" en Loreto, uno de los departamentos con mayor pobreza monetaria. Esta iniciativa, en alianza con @ScotiabankPE y @FundacioFCB, tiene como objetivo mejorar la calidad educativa de las niñas y niños.",5,1,3,0,5.0K
2025-07-15 06:32:32,ScotiabankPE,"Jun 13, 2024","En nuestro compromiso con el bienestar de la niñez, desde el 2022 implementamos el proyecto ""Inclusión Educativa para la Vida"" con el apoyo de @ScotiabankPE y la @FCBarcelona, para brindar acceso a una educación de calidad a las niñas y niños. 

#Scotiabank #FundacionBarcelona",2,6,9,0,4.0K
2025-07-15 06:32:32,ScotiabankPE,"Jun 14, 2024","Somos y seremos sus más grandes hinchas. ⚽️Etiquétalo y dile por qué lo eres. ❤️

#ScotiabankPerú #HablemosEnSerio #DíaDelPadre",18,0,4,0,4.0K
2025-07-15 07:22:26,ScotiabankPE,19 h,"¡Imperdible!​ 🤗ESPECIAL.21  “SÁCALE PROVECHO A TU GRATI”​

¿Sabías que los expertos recomiendan destinar el 30% al ahorro o inversión?​

¿Cuáles son tus objetivos?  ¿cuál es tu situación financiera? ¿puedes invertir?  Estas y  otras consideraciones  mañana en nuestro especial.…",0,2,1,1,809
2025-07-15 07:22:26,ScotiabankPE,Jul 10,"#EntrevistaSE. El CFO de @ScotiabankPE, Marcelo Rodríguez, cuenta que la reciente emisión por US$400 millones busca transmitir un mensaje de permanencia de largo plazo en el Perú.

Por @cabecitaterri.
semanaeconomica.com/economia-finan…",1,2,3,0,583
2025-07-15 07:22:26,ScotiabankPE,Jun 27,".@ScotiabankPE captó US$400 millones en emisión internacional de bonos subordinados. 

semanaeconomica.com/que-esta-pasan…",3,1,1,0,886
2025-07-15 07:22:26,ScotiabankPE,Jun 24,".@ScotiabankPE lanza roadshow internacional previo a nueva emisión de bonos por US$1,000 millones. Scotiabank contrató a @GoldmanSachs y Scotia Capital para presentar la operación ante inversionistas institucionales.
semanaeconomica.com/que-esta-pasan…",0,1,0,0,881
2025-07-15 07:22:26,ScotiabankPE,Jun 20,"Agradecemos a nuestro auspiciador PLATA 🎊 @ScotiabankPE, quién se une a la 30° edición de #CADEUniversitario, el encuentro de jóvenes líderes más importante del país, y se suma a nuestro compromiso de construir un Perú más desarrollado.

Conoce más aquí 👉…",0,1,2,0,441
2025-07-15 07:22:26,ScotiabankPE,Jun 6,"#BrandedContent.  La alta dirección de @ScotiabankPE, liderada por su CEO global, llegó a Perú y sostuvo reuniones con clientes estratégicos y reafirmó la importancia del mercado peruano en su operación internacional.
semanaeconomica.com/economia-finan…",1,1,2,0,973
2025-07-15 07:22:26,ScotiabankPE,May 26,"#BrandedContent.  La alta dirección de @ScotiabankPE, liderada por su CEO global, llegó a Perú y sostuvo reuniones con clientes estratégicos y reafirmó la importancia del mercado peruano en su operación internacional.
semanaeconomica.com/economia-finan…",1,1,2,1,1.0K
2025-07-15 07:22:26,ScotiabankPE,May 22,"#BrandedContent.  La alta dirección de @ScotiabankPE, liderada por su CEO global, llegó a Perú y sostuvo reuniones con clientes estratégicos y reafirmó la importancia del mercado peruano en su operación internacional. 

Conoce más: acortar.link/oCt094",1,1,3,0,1.0K
2025-07-15 07:22:26,ScotiabankPE,Apr 28,"#NotaInformativa | Buscando fortalecer la inversión privada y dinamizar el crecimiento económico, 📈 el ministro @Jose_SalardiR, junto con el director de Sistema Financiero y Mercado de Capitales de la Dirección General de Mercados Financieros y Previsional Privado, Óscar Orcón,…",1,2,5,1,1.0K
2025-07-15 07:22:26,ScotiabankPE,Mar 26,"#BrandedContent. @ScotiabankPE ha sido reconocido por segundo año consecutivo como líder de Banca Privada en Perú por Global Finance.
semanaeconomica.com/economia-finan…",8,1,0,0,2.0K
2025-07-15 07:22:26,ScotiabankPE,Mar 12,"#BrandedContent. @ScotiabankPE ha sido reconocido por segundo año consecutivo como líder de Banca Privada en Perú por Global Finance.

semanaeconomica.com/economia-finan…",4,2,0,0,2.0K
2025-07-15 07:22:26,ScotiabankPE,Mar 7,"#BrandedContent. @ScotiabankPE ha sido reconocido por segundo año consecutivo como líder de Banca Privada en Perú por Global Finance. Tras el reconocimiento, Patricia Martinez, Head de banca privada en Scotiabank, explica las acciones realizadas para lograr el reconocimiento, así…",6,1,1,0,1.0K
2025-07-15 07:22:26,ScotiabankPE,Mar 7,En Scotiabank te reconocemos tus logros y nos comprometemos a seguir trabajando por la equidad todos los días del año. #8MTodosLosDías. 💜 #8MTODOSLOSDÍAS,14,1,6,0,2.0K
2025-07-15 07:22:26,ScotiabankPE,Oct 16,"#BrandedContent. @ScotiabankPE presentó oficialmente a Sebastián Arcuri como su nuevo CEO, y junto a su CEO Global y Head of International Banking, reforzó su compromiso con sus clientes y el desarrollo del país.

Conoce más: acortar.link/Cg9UF1",19,2,10,1,7.0K
2025-07-15 07:22:26,ScotiabankPE,Sep 10,"Conoce nuestro proyecto en Punchan, Iquitos, Perú🇵🇪, con @scotiabankPE y @WorldVisionPeru, enfocado en mejorar la educación infantil con tecnología, fortalecer el rol familiar con ternura y el apoyo de proyectos juveniles.",2,4,26,1,6.0K
2025-07-15 07:22:26,ScotiabankPE,Aug 29,"Conoce nuestro proyecto en Punchana, Iquitos, Perú🇵🇪, con @ScotiabankPE y @WorldVisionPeru, enfocado en mejorar la educación infantil con tecnología, fortalecer el rol familiar con ternura y el apoyo de proyectos juveniles.",0,4,23,0,5.0K
2025-07-15 07:22:26,ScotiabankPE,Aug 8,Scotiabank lanza Fondo de Impacto Social ScotiaRISE en Perú ⏩n9.cl/bsrmz,6,1,2,0,4.0K
2025-07-15 07:22:26,ScotiabankPE,"Jun 18, 2024","Desde el 2022, hemos implementado el proyecto ""Inclusión Educativa para la Vida"" en Loreto, uno de los departamentos con mayor pobreza monetaria. Esta iniciativa, en alianza con @ScotiabankPE y @FundacioFCB, tiene como objetivo mejorar la calidad educativa de las niñas y niños.",5,1,3,0,5.0K
2025-07-15 07:22:26,ScotiabankPE,"Jun 13, 2024","En nuestro compromiso con el bienestar de la niñez, desde el 2022 implementamos el proyecto ""Inclusión Educativa para la Vida"" con el apoyo de @ScotiabankPE y la @FCBarcelona, para brindar acceso a una educación de calidad a las niñas y niños. 

#Scotiabank #FundacionBarcelona",2,6,9,0,4.0K
2025-07-15 07:22:26,ScotiabankPE,"Jun 14, 2024","Somos y seremos sus más grandes hinchas. ⚽️Etiquétalo y dile por qué lo eres. ❤️

#ScotiabankPerú #HablemosEnSerio #DíaDelPadre",18,0,4,0,4.0K
2025-07-15 08:28:55,ScotiabankPE,20 h,"¡Imperdible!​ 🤗ESPECIAL.21  “SÁCALE PROVECHO A TU GRATI”​

¿Sabías que los expertos recomiendan destinar el 30% al ahorro o inversión?​

¿Cuáles son tus objetivos?  ¿cuál es tu situación financiera? ¿puedes invertir?  Estas y  otras consideraciones  mañana en nuestro especial.…",0,2,1,1,814
2025-07-15 08:28:55,ScotiabankPE,Jul 10,"#EntrevistaSE. El CFO de @ScotiabankPE, Marcelo Rodríguez, cuenta que la reciente emisión por US$400 millones busca transmitir un mensaje de permanencia de largo plazo en el Perú.

Por @cabecitaterri.
semanaeconomica.com/economia-finan…",1,2,3,0,584
2025-07-15 08:28:55,ScotiabankPE,Jun 27,".@ScotiabankPE captó US$400 millones en emisión internacional de bonos subordinados. 

semanaeconomica.com/que-esta-pasan…",3,1,1,0,886
2025-07-15 08:28:55,ScotiabankPE,Jun 24,".@ScotiabankPE lanza roadshow internacional previo a nueva emisión de bonos por US$1,000 millones. Scotiabank contrató a @GoldmanSachs y Scotia Capital para presentar la operación ante inversionistas institucionales.
semanaeconomica.com/que-esta-pasan…",0,1,0,0,881
2025-07-15 08:28:55,ScotiabankPE,Jun 20,"Agradecemos a nuestro auspiciador PLATA 🎊 @ScotiabankPE, quién se une a la 30° edición de #CADEUniversitario, el encuentro de jóvenes líderes más importante del país, y se suma a nuestro compromiso de construir un Perú más desarrollado.

Conoce más aquí 👉…",0,1,2,0,441
2025-07-15 08:28:55,ScotiabankPE,Jun 6,"#BrandedContent.  La alta dirección de @ScotiabankPE, liderada por su CEO global, llegó a Perú y sostuvo reuniones con clientes estratégicos y reafirmó la importancia del mercado peruano en su operación internacional.
semanaeconomica.com/economia-finan…",1,1,2,0,973
2025-07-15 08:28:55,ScotiabankPE,May 26,"#BrandedContent.  La alta dirección de @ScotiabankPE, liderada por su CEO global, llegó a Perú y sostuvo reuniones con clientes estratégicos y reafirmó la importancia del mercado peruano en su operación internacional.
semanaeconomica.com/economia-finan…",1,1,2,1,1.0K
2025-07-15 08:28:55,ScotiabankPE,May 22,"#BrandedContent.  La alta dirección de @ScotiabankPE, liderada por su CEO global, llegó a Perú y sostuvo reuniones con clientes estratégicos y reafirmó la importancia del mercado peruano en su operación internacional. 

Conoce más: acortar.link/oCt094",1,1,3,0,1.0K
2025-07-15 08:28:55,ScotiabankPE,Apr 28,"#NotaInformativa | Buscando fortalecer la inversión privada y dinamizar el crecimiento económico, 📈 el ministro @Jose_SalardiR, junto con el director de Sistema Financiero y Mercado de Capitales de la Dirección General de Mercados Financieros y Previsional Privado, Óscar Orcón,…",1,2,5,1,1.0K
2025-07-15 08:28:55,ScotiabankPE,Mar 26,"#BrandedContent. @ScotiabankPE ha sido reconocido por segundo año consecutivo como líder de Banca Privada en Perú por Global Finance.
semanaeconomica.com/economia-finan…",8,1,0,0,2.0K
2025-07-15 08:28:55,ScotiabankPE,Mar 12,"#BrandedContent. @ScotiabankPE ha sido reconocido por segundo año consecutivo como líder de Banca Privada en Perú por Global Finance.

semanaeconomica.com/economia-finan…",4,2,0,0,2.0K
2025-07-15 08:28:55,ScotiabankPE,Mar 7,"#BrandedContent. @ScotiabankPE ha sido reconocido por segundo año consecutivo como líder de Banca Privada en Perú por Global Finance. Tras el reconocimiento, Patricia Martinez, Head de banca privada en Scotiabank, explica las acciones realizadas para lograr el reconocimiento, así…",6,1,1,0,1.0K
2025-07-15 08:28:55,ScotiabankPE,Mar 7,En Scotiabank te reconocemos tus logros y nos comprometemos a seguir trabajando por la equidad todos los días del año. #8MTodosLosDías. 💜 #8MTODOSLOSDÍAS,14,1,6,0,2.0K
2025-07-15 08:28:55,ScotiabankPE,Oct 16,"#BrandedContent. @ScotiabankPE presentó oficialmente a Sebastián Arcuri como su nuevo CEO, y junto a su CEO Global y Head of International Banking, reforzó su compromiso con sus clientes y el desarrollo del país.

Conoce más: acortar.link/Cg9UF1",19,2,10,1,7.0K
2025-07-15 08:28:55,ScotiabankPE,Sep 10,"Conoce nuestro proyecto en Punchan, Iquitos, Perú🇵🇪, con @scotiabankPE y @WorldVisionPeru, enfocado en mejorar la educación infantil con tecnología, fortalecer el rol familiar con ternura y el apoyo de proyectos juveniles.",2,4,26,1,6.0K
2025-07-15 08:28:55,ScotiabankPE,Aug 29,"Conoce nuestro proyecto en Punchana, Iquitos, Perú🇵🇪, con @ScotiabankPE y @WorldVisionPeru, enfocado en mejorar la educación infantil con tecnología, fortalecer el rol familiar con ternura y el apoyo de proyectos juveniles.",0,4,23,0,5.0K
2025-07-15 08:28:55,ScotiabankPE,Aug 8,Scotiabank lanza Fondo de Impacto Social ScotiaRISE en Perú ⏩n9.cl/bsrmz,6,1,2,0,4.0K
2025-07-15 08:28:55,ScotiabankPE,"Jun 18, 2024","Desde el 2022, hemos implementado el proyecto ""Inclusión Educativa para la Vida"" en Loreto, uno de los departamentos con mayor pobreza monetaria. Esta iniciativa, en alianza con @ScotiabankPE y @FundacioFCB, tiene como objetivo mejorar la calidad educativa de las niñas y niños.",5,1,3,0,5.0K
2025-07-15 08:28:55,ScotiabankPE,"Jun 13, 2024","En nuestro compromiso con el bienestar de la niñez, desde el 2022 implementamos el proyecto ""Inclusión Educativa para la Vida"" con el apoyo de @ScotiabankPE y la @FCBarcelona, para brindar acceso a una educación de calidad a las niñas y niños. 

#Scotiabank #FundacionBarcelona",2,6,9,0,4.0K
2025-07-15 08:28:55,ScotiabankPE,"Jun 14, 2024","Somos y seremos sus más grandes hinchas. ⚽️Etiquétalo y dile por qué lo eres. ❤️

#ScotiabankPerú #HablemosEnSerio #DíaDelPadre",18,0,4,0,4.0K
2025-07-15 09:29:44,ScotiabankPE,21 h,"¡Imperdible!​ 🤗ESPECIAL.21  “SÁCALE PROVECHO A TU GRATI”​

¿Sabías que los expertos recomiendan destinar el 30% al ahorro o inversión?​

¿Cuáles son tus objetivos?  ¿cuál es tu situación financiera? ¿puedes invertir?  Estas y  otras consideraciones  mañana en nuestro especial.…",0,2,1,1,815
2025-07-15 09:29:44,ScotiabankPE,Jul 10,"#EntrevistaSE. El CFO de @ScotiabankPE, Marcelo Rodríguez, cuenta que la reciente emisión por US$400 millones busca transmitir un mensaje de permanencia de largo plazo en el Perú.

Por @cabecitaterri.
semanaeconomica.com/economia-finan…",1,2,3,0,584
2025-07-15 09:29:44,ScotiabankPE,Jun 27,".@ScotiabankPE captó US$400 millones en emisión internacional de bonos subordinados. 

semanaeconomica.com/que-esta-pasan…",3,1,1,0,886
2025-07-15 09:29:44,ScotiabankPE,Jun 24,".@ScotiabankPE lanza roadshow internacional previo a nueva emisión de bonos por US$1,000 millones. Scotiabank contrató a @GoldmanSachs y Scotia Capital para presentar la operación ante inversionistas institucionales.
semanaeconomica.com/que-esta-pasan…",0,1,0,0,881
2025-07-15 09:29:44,ScotiabankPE,Jun 20,"Agradecemos a nuestro auspiciador PLATA 🎊 @ScotiabankPE, quién se une a la 30° edición de #CADEUniversitario, el encuentro de jóvenes líderes más importante del país, y se suma a nuestro compromiso de construir un Perú más desarrollado.

Conoce más aquí 👉…",0,1,2,0,441
2025-07-15 09:29:44,ScotiabankPE,Jun 6,"#BrandedContent.  La alta dirección de @ScotiabankPE, liderada por su CEO global, llegó a Perú y sostuvo reuniones con clientes estratégicos y reafirmó la importancia del mercado peruano en su operación internacional.
semanaeconomica.com/economia-finan…",1,1,2,0,973
2025-07-15 09:29:44,ScotiabankPE,May 26,"#BrandedContent.  La alta dirección de @ScotiabankPE, liderada por su CEO global, llegó a Perú y sostuvo reuniones con clientes estratégicos y reafirmó la importancia del mercado peruano en su operación internacional.
semanaeconomica.com/economia-finan…",1,1,2,1,1.0K
2025-07-15 09:29:44,ScotiabankPE,May 22,"#BrandedContent.  La alta dirección de @ScotiabankPE, liderada por su CEO global, llegó a Perú y sostuvo reuniones con clientes estratégicos y reafirmó la importancia del mercado peruano en su operación internacional. 

Conoce más: acortar.link/oCt094",1,1,3,0,1.0K
2025-07-15 09:29:44,ScotiabankPE,Apr 28,"#NotaInformativa | Buscando fortalecer la inversión privada y dinamizar el crecimiento económico, 📈 el ministro @Jose_SalardiR, junto con el director de Sistema Financiero y Mercado de Capitales de la Dirección General de Mercados Financieros y Previsional Privado, Óscar Orcón,…",1,2,5,1,1.0K
2025-07-15 09:29:44,ScotiabankPE,Mar 26,"#BrandedContent. @ScotiabankPE ha sido reconocido por segundo año consecutivo como líder de Banca Privada en Perú por Global Finance.
semanaeconomica.com/economia-finan…",8,1,0,0,2.0K
2025-07-15 09:29:44,ScotiabankPE,Mar 12,"#BrandedContent. @ScotiabankPE ha sido reconocido por segundo año consecutivo como líder de Banca Privada en Perú por Global Finance.

semanaeconomica.com/economia-finan…",4,2,0,0,2.0K
2025-07-15 09:29:44,ScotiabankPE,Mar 7,"#BrandedContent. @ScotiabankPE ha sido reconocido por segundo año consecutivo como líder de Banca Privada en Perú por Global Finance. Tras el reconocimiento, Patricia Martinez, Head de banca privada en Scotiabank, explica las acciones realizadas para lograr el reconocimiento, así…",6,1,1,0,1.0K
2025-07-15 09:29:44,ScotiabankPE,Mar 7,En Scotiabank te reconocemos tus logros y nos comprometemos a seguir trabajando por la equidad todos los días del año. #8MTodosLosDías. 💜 #8MTODOSLOSDÍAS,14,1,6,0,2.0K
2025-07-15 09:29:44,ScotiabankPE,Oct 16,"#BrandedContent. @ScotiabankPE presentó oficialmente a Sebastián Arcuri como su nuevo CEO, y junto a su CEO Global y Head of International Banking, reforzó su compromiso con sus clientes y el desarrollo del país.

Conoce más: acortar.link/Cg9UF1",19,2,10,1,7.0K
2025-07-15 09:29:44,ScotiabankPE,Sep 10,"Conoce nuestro proyecto en Punchan, Iquitos, Perú🇵🇪, con @scotiabankPE y @WorldVisionPeru, enfocado en mejorar la educación infantil con tecnología, fortalecer el rol familiar con ternura y el apoyo de proyectos juveniles.",2,4,26,1,6.0K
2025-07-15 09:29:44,ScotiabankPE,Aug 29,"Conoce nuestro proyecto en Punchana, Iquitos, Perú🇵🇪, con @ScotiabankPE y @WorldVisionPeru, enfocado en mejorar la educación infantil con tecnología, fortalecer el rol familiar con ternura y el apoyo de proyectos juveniles.",0,4,23,0,5.0K
2025-07-15 09:29:44,ScotiabankPE,Aug 8,Scotiabank lanza Fondo de Impacto Social ScotiaRISE en Perú ⏩n9.cl/bsrmz,6,1,2,0,4.0K
2025-07-15 09:29:44,ScotiabankPE,"Jun 18, 2024","Desde el 2022, hemos implementado el proyecto ""Inclusión Educativa para la Vida"" en Loreto, uno de los departamentos con mayor pobreza monetaria. Esta iniciativa, en alianza con @ScotiabankPE y @FundacioFCB, tiene como objetivo mejorar la calidad educativa de las niñas y niños.",5,1,3,0,5.0K
2025-07-15 09:29:44,ScotiabankPE,"Jun 13, 2024","En nuestro compromiso con el bienestar de la niñez, desde el 2022 implementamos el proyecto ""Inclusión Educativa para la Vida"" con el apoyo de @ScotiabankPE y la @FCBarcelona, para brindar acceso a una educación de calidad a las niñas y niños. 

#Scotiabank #FundacionBarcelona",2,6,9,0,4.0K
2025-07-15 09:29:44,ScotiabankPE,"Jun 14, 2024","Somos y seremos sus más grandes hinchas. ⚽️Etiquétalo y dile por qué lo eres. ❤️

#ScotiabankPerú #HablemosEnSerio #DíaDelPadre",18,0,4,0,4.0K
2025-07-15 10:22:32,ScotiabankPE,22 h,"¡Imperdible!​ 🤗ESPECIAL.21  “SÁCALE PROVECHO A TU GRATI”​

¿Sabías que los expertos recomiendan destinar el 30% al ahorro o inversión?​

¿Cuáles son tus objetivos?  ¿cuál es tu situación financiera? ¿puedes invertir?  Estas y  otras consideraciones  mañana en nuestro especial.…",0,2,1,1,815
2025-07-15 10:22:32,ScotiabankPE,Jul 10,"#EntrevistaSE. El CFO de @ScotiabankPE, Marcelo Rodríguez, cuenta que la reciente emisión por US$400 millones busca transmitir un mensaje de permanencia de largo plazo en el Perú.

Por @cabecitaterri.
semanaeconomica.com/economia-finan…",1,2,3,0,584
2025-07-15 10:22:32,ScotiabankPE,Jun 27,".@ScotiabankPE captó US$400 millones en emisión internacional de bonos subordinados. 

semanaeconomica.com/que-esta-pasan…",3,1,1,0,886
2025-07-15 10:22:32,ScotiabankPE,Jun 24,".@ScotiabankPE lanza roadshow internacional previo a nueva emisión de bonos por US$1,000 millones. Scotiabank contrató a @GoldmanSachs y Scotia Capital para presentar la operación ante inversionistas institucionales.
semanaeconomica.com/que-esta-pasan…",0,1,0,0,881
2025-07-15 10:22:32,ScotiabankPE,Jun 20,"Agradecemos a nuestro auspiciador PLATA 🎊 @ScotiabankPE, quién se une a la 30° edición de #CADEUniversitario, el encuentro de jóvenes líderes más importante del país, y se suma a nuestro compromiso de construir un Perú más desarrollado.

Conoce más aquí 👉…",0,1,2,0,441
2025-07-15 10:22:32,ScotiabankPE,Jun 6,"#BrandedContent.  La alta dirección de @ScotiabankPE, liderada por su CEO global, llegó a Perú y sostuvo reuniones con clientes estratégicos y reafirmó la importancia del mercado peruano en su operación internacional.
semanaeconomica.com/economia-finan…",1,1,2,0,973
2025-07-15 10:22:32,ScotiabankPE,May 26,"#BrandedContent.  La alta dirección de @ScotiabankPE, liderada por su CEO global, llegó a Perú y sostuvo reuniones con clientes estratégicos y reafirmó la importancia del mercado peruano en su operación internacional.
semanaeconomica.com/economia-finan…",1,1,2,1,1.0K
2025-07-15 10:22:32,ScotiabankPE,May 22,"#BrandedContent.  La alta dirección de @ScotiabankPE, liderada por su CEO global, llegó a Perú y sostuvo reuniones con clientes estratégicos y reafirmó la importancia del mercado peruano en su operación internacional. 

Conoce más: acortar.link/oCt094",1,1,3,0,1.0K
2025-07-15 10:22:32,ScotiabankPE,Apr 28,"#NotaInformativa | Buscando fortalecer la inversión privada y dinamizar el crecimiento económico, 📈 el ministro @Jose_SalardiR, junto con el director de Sistema Financiero y Mercado de Capitales de la Dirección General de Mercados Financieros y Previsional Privado, Óscar Orcón,…",1,2,5,1,1.0K
2025-07-15 10:22:32,ScotiabankPE,Mar 26,"#BrandedContent. @ScotiabankPE ha sido reconocido por segundo año consecutivo como líder de Banca Privada en Perú por Global Finance.
semanaeconomica.com/economia-finan…",8,1,0,0,2.0K
2025-07-15 10:22:32,ScotiabankPE,Mar 12,"#BrandedContent. @ScotiabankPE ha sido reconocido por segundo año consecutivo como líder de Banca Privada en Perú por Global Finance.

semanaeconomica.com/economia-finan…",4,2,0,0,2.0K
2025-07-15 10:22:32,ScotiabankPE,Mar 7,"#BrandedContent. @ScotiabankPE ha sido reconocido por segundo año consecutivo como líder de Banca Privada en Perú por Global Finance. Tras el reconocimiento, Patricia Martinez, Head de banca privada en Scotiabank, explica las acciones realizadas para lograr el reconocimiento, así…",6,1,1,0,1.0K
2025-07-15 10:22:32,ScotiabankPE,Mar 7,En Scotiabank te reconocemos tus logros y nos comprometemos a seguir trabajando por la equidad todos los días del año. #8MTodosLosDías. 💜 #8MTODOSLOSDÍAS,14,1,6,0,2.0K
2025-07-15 10:22:32,ScotiabankPE,Oct 16,"#BrandedContent. @ScotiabankPE presentó oficialmente a Sebastián Arcuri como su nuevo CEO, y junto a su CEO Global y Head of International Banking, reforzó su compromiso con sus clientes y el desarrollo del país.

Conoce más: acortar.link/Cg9UF1",19,2,10,1,7.0K
2025-07-15 10:22:32,ScotiabankPE,Sep 10,"Conoce nuestro proyecto en Punchan, Iquitos, Perú🇵🇪, con @scotiabankPE y @WorldVisionPeru, enfocado en mejorar la educación infantil con tecnología, fortalecer el rol familiar con ternura y el apoyo de proyectos juveniles.",2,4,26,1,6.0K
2025-07-15 10:22:32,ScotiabankPE,Aug 29,"Conoce nuestro proyecto en Punchana, Iquitos, Perú🇵🇪, con @ScotiabankPE y @WorldVisionPeru, enfocado en mejorar la educación infantil con tecnología, fortalecer el rol familiar con ternura y el apoyo de proyectos juveniles.",0,4,23,0,5.0K
2025-07-15 10:22:32,ScotiabankPE,Aug 8,Scotiabank lanza Fondo de Impacto Social ScotiaRISE en Perú ⏩n9.cl/bsrmz,6,1,2,0,4.0K
2025-07-15 10:22:32,ScotiabankPE,"Jun 18, 2024","Desde el 2022, hemos implementado el proyecto ""Inclusión Educativa para la Vida"" en Loreto, uno de los departamentos con mayor pobreza monetaria. Esta iniciativa, en alianza con @ScotiabankPE y @FundacioFCB, tiene como objetivo mejorar la calidad educativa de las niñas y niños.",5,1,3,0,5.0K
2025-07-15 10:22:32,ScotiabankPE,"Jun 13, 2024","En nuestro compromiso con el bienestar de la niñez, desde el 2022 implementamos el proyecto ""Inclusión Educativa para la Vida"" con el apoyo de @ScotiabankPE y la @FCBarcelona, para brindar acceso a una educación de calidad a las niñas y niños. 

#Scotiabank #FundacionBarcelona",2,6,9,0,4.0K
2025-07-15 10:22:32,ScotiabankPE,"Jun 14, 2024","Somos y seremos sus más grandes hinchas. ⚽️Etiquétalo y dile por qué lo eres. ❤️

#ScotiabankPerú #HablemosEnSerio #DíaDelPadre",18,0,4,0,4.0K
2025-07-15 11:19:04,ScotiabankPE,23 h,"¡Imperdible!​ 🤗ESPECIAL.21  “SÁCALE PROVECHO A TU GRATI”​

¿Sabías que los expertos recomiendan destinar el 30% al ahorro o inversión?​

¿Cuáles son tus objetivos?  ¿cuál es tu situación financiera? ¿puedes invertir?  Estas y  otras consideraciones  mañana en nuestro especial.…",0,2,1,1,816
2025-07-15 11:19:04,ScotiabankPE,Jul 10,"#EntrevistaSE. El CFO de @ScotiabankPE, Marcelo Rodríguez, cuenta que la reciente emisión por US$400 millones busca transmitir un mensaje de permanencia de largo plazo en el Perú.

Por @cabecitaterri.
semanaeconomica.com/economia-finan…",1,2,3,0,585
2025-07-15 11:19:04,ScotiabankPE,Jun 27,".@ScotiabankPE captó US$400 millones en emisión internacional de bonos subordinados. 

semanaeconomica.com/que-esta-pasan…",3,1,1,0,887
2025-07-15 11:19:04,ScotiabankPE,Jun 24,".@ScotiabankPE lanza roadshow internacional previo a nueva emisión de bonos por US$1,000 millones. Scotiabank contrató a @GoldmanSachs y Scotia Capital para presentar la operación ante inversionistas institucionales.
semanaeconomica.com/que-esta-pasan…",0,1,0,0,881
2025-07-15 11:19:04,ScotiabankPE,Jun 20,"Agradecemos a nuestro auspiciador PLATA 🎊 @ScotiabankPE, quién se une a la 30° edición de #CADEUniversitario, el encuentro de jóvenes líderes más importante del país, y se suma a nuestro compromiso de construir un Perú más desarrollado.

Conoce más aquí 👉…",0,1,2,0,441
2025-07-15 11:19:04,ScotiabankPE,Jun 6,"#BrandedContent.  La alta dirección de @ScotiabankPE, liderada por su CEO global, llegó a Perú y sostuvo reuniones con clientes estratégicos y reafirmó la importancia del mercado peruano en su operación internacional.
semanaeconomica.com/economia-finan…",1,1,2,0,973
2025-07-15 11:19:04,ScotiabankPE,May 26,"#BrandedContent.  La alta dirección de @ScotiabankPE, liderada por su CEO global, llegó a Perú y sostuvo reuniones con clientes estratégicos y reafirmó la importancia del mercado peruano en su operación internacional.
semanaeconomica.com/economia-finan…",1,1,2,1,1.0K
2025-07-15 11:19:04,ScotiabankPE,May 22,"#BrandedContent.  La alta dirección de @ScotiabankPE, liderada por su CEO global, llegó a Perú y sostuvo reuniones con clientes estratégicos y reafirmó la importancia del mercado peruano en su operación internacional. 

Conoce más: acortar.link/oCt094",1,1,3,0,1.0K
2025-07-15 11:19:04,ScotiabankPE,Apr 28,"#NotaInformativa | Buscando fortalecer la inversión privada y dinamizar el crecimiento económico, 📈 el ministro @Jose_SalardiR, junto con el director de Sistema Financiero y Mercado de Capitales de la Dirección General de Mercados Financieros y Previsional Privado, Óscar Orcón,…",1,2,5,1,1.0K
2025-07-15 11:19:04,ScotiabankPE,Mar 26,"#BrandedContent. @ScotiabankPE ha sido reconocido por segundo año consecutivo como líder de Banca Privada en Perú por Global Finance.
semanaeconomica.com/economia-finan…",8,1,0,0,2.0K
2025-07-15 11:19:04,ScotiabankPE,Mar 12,"#BrandedContent. @ScotiabankPE ha sido reconocido por segundo año consecutivo como líder de Banca Privada en Perú por Global Finance.

semanaeconomica.com/economia-finan…",4,2,0,0,2.0K
2025-07-15 11:19:04,ScotiabankPE,Mar 7,"#BrandedContent. @ScotiabankPE ha sido reconocido por segundo año consecutivo como líder de Banca Privada en Perú por Global Finance. Tras el reconocimiento, Patricia Martinez, Head de banca privada en Scotiabank, explica las acciones realizadas para lograr el reconocimiento, así…",6,1,1,0,1.0K
2025-07-15 11:19:04,ScotiabankPE,Mar 7,En Scotiabank te reconocemos tus logros y nos comprometemos a seguir trabajando por la equidad todos los días del año. #8MTodosLosDías. 💜 #8MTODOSLOSDÍAS,14,1,6,0,2.0K
2025-07-15 11:19:04,ScotiabankPE,Oct 16,"#BrandedContent. @ScotiabankPE presentó oficialmente a Sebastián Arcuri como su nuevo CEO, y junto a su CEO Global y Head of International Banking, reforzó su compromiso con sus clientes y el desarrollo del país.

Conoce más: acortar.link/Cg9UF1",19,2,10,1,7.0K
2025-07-15 11:19:04,ScotiabankPE,Sep 10,"Conoce nuestro proyecto en Punchan, Iquitos, Perú🇵🇪, con @scotiabankPE y @WorldVisionPeru, enfocado en mejorar la educación infantil con tecnología, fortalecer el rol familiar con ternura y el apoyo de proyectos juveniles.",2,4,26,1,6.0K
2025-07-15 11:19:04,ScotiabankPE,Aug 29,"Conoce nuestro proyecto en Punchana, Iquitos, Perú🇵🇪, con @ScotiabankPE y @WorldVisionPeru, enfocado en mejorar la educación infantil con tecnología, fortalecer el rol familiar con ternura y el apoyo de proyectos juveniles.",0,4,23,0,5.0K
2025-07-15 11:19:04,ScotiabankPE,Aug 8,Scotiabank lanza Fondo de Impacto Social ScotiaRISE en Perú ⏩n9.cl/bsrmz,6,1,2,0,4.0K
2025-07-15 11:19:04,ScotiabankPE,"Jun 18, 2024","Desde el 2022, hemos implementado el proyecto ""Inclusión Educativa para la Vida"" en Loreto, uno de los departamentos con mayor pobreza monetaria. Esta iniciativa, en alianza con @ScotiabankPE y @FundacioFCB, tiene como objetivo mejorar la calidad educativa de las niñas y niños.",5,1,3,0,5.0K
2025-07-15 11:19:04,ScotiabankPE,"Jun 13, 2024","En nuestro compromiso con el bienestar de la niñez, desde el 2022 implementamos el proyecto ""Inclusión Educativa para la Vida"" con el apoyo de @ScotiabankPE y la @FCBarcelona, para brindar acceso a una educación de calidad a las niñas y niños. 

#Scotiabank #FundacionBarcelona",2,6,9,0,4.0K
2025-07-15 11:19:04,ScotiabankPE,"Jun 14, 2024","Somos y seremos sus más grandes hinchas. ⚽️Etiquétalo y dile por qué lo eres. ❤️

#ScotiabankPerú #HablemosEnSerio #DíaDelPadre",18,0,4,0,4.0K
2025-07-15 12:43:10,ScotiabankPE,24 h,"¡Imperdible!​ 🤗ESPECIAL.21  “SÁCALE PROVECHO A TU GRATI”​

¿Sabías que los expertos recomiendan destinar el 30% al ahorro o inversión?​

¿Cuáles son tus objetivos?  ¿cuál es tu situación financiera? ¿puedes invertir?  Estas y  otras consideraciones  mañana en nuestro especial.…",0,2,1,1,820
2025-07-15 12:43:10,ScotiabankPE,Jul 10,"#EntrevistaSE. El CFO de @ScotiabankPE, Marcelo Rodríguez, cuenta que la reciente emisión por US$400 millones busca transmitir un mensaje de permanencia de largo plazo en el Perú.

Por @cabecitaterri.
semanaeconomica.com/economia-finan…",1,2,3,0,585
2025-07-15 12:43:10,ScotiabankPE,Jun 27,".@ScotiabankPE captó US$400 millones en emisión internacional de bonos subordinados. 

semanaeconomica.com/que-esta-pasan…",3,1,1,0,887
2025-07-15 12:43:10,ScotiabankPE,Jun 24,".@ScotiabankPE lanza roadshow internacional previo a nueva emisión de bonos por US$1,000 millones. Scotiabank contrató a @GoldmanSachs y Scotia Capital para presentar la operación ante inversionistas institucionales.
semanaeconomica.com/que-esta-pasan…",0,1,0,0,881
2025-07-15 12:43:10,ScotiabankPE,Jun 20,"Agradecemos a nuestro auspiciador PLATA 🎊 @ScotiabankPE, quién se une a la 30° edición de #CADEUniversitario, el encuentro de jóvenes líderes más importante del país, y se suma a nuestro compromiso de construir un Perú más desarrollado.

Conoce más aquí 👉…",0,1,2,0,441
2025-07-15 12:43:10,ScotiabankPE,Jun 6,"#BrandedContent.  La alta dirección de @ScotiabankPE, liderada por su CEO global, llegó a Perú y sostuvo reuniones con clientes estratégicos y reafirmó la importancia del mercado peruano en su operación internacional.
semanaeconomica.com/economia-finan…",1,1,2,0,973
2025-07-15 12:43:10,ScotiabankPE,May 26,"#BrandedContent.  La alta dirección de @ScotiabankPE, liderada por su CEO global, llegó a Perú y sostuvo reuniones con clientes estratégicos y reafirmó la importancia del mercado peruano en su operación internacional.
semanaeconomica.com/economia-finan…",1,1,2,1,1.0K
2025-07-15 12:43:10,ScotiabankPE,May 22,"#BrandedContent.  La alta dirección de @ScotiabankPE, liderada por su CEO global, llegó a Perú y sostuvo reuniones con clientes estratégicos y reafirmó la importancia del mercado peruano en su operación internacional. 

Conoce más: acortar.link/oCt094",1,1,3,0,1.0K
2025-07-15 12:43:10,ScotiabankPE,Apr 28,"#NotaInformativa | Buscando fortalecer la inversión privada y dinamizar el crecimiento económico, 📈 el ministro @Jose_SalardiR, junto con el director de Sistema Financiero y Mercado de Capitales de la Dirección General de Mercados Financieros y Previsional Privado, Óscar Orcón,…",1,2,5,1,1.0K
2025-07-15 12:43:10,ScotiabankPE,Mar 26,"#BrandedContent. @ScotiabankPE ha sido reconocido por segundo año consecutivo como líder de Banca Privada en Perú por Global Finance.
semanaeconomica.com/economia-finan…",8,1,0,0,2.0K
2025-07-15 12:43:10,ScotiabankPE,Mar 12,"#BrandedContent. @ScotiabankPE ha sido reconocido por segundo año consecutivo como líder de Banca Privada en Perú por Global Finance.

semanaeconomica.com/economia-finan…",4,2,0,0,2.0K
2025-07-15 12:43:10,ScotiabankPE,Mar 7,"#BrandedContent. @ScotiabankPE ha sido reconocido por segundo año consecutivo como líder de Banca Privada en Perú por Global Finance. Tras el reconocimiento, Patricia Martinez, Head de banca privada en Scotiabank, explica las acciones realizadas para lograr el reconocimiento, así…",6,1,1,0,1.0K
2025-07-15 12:43:10,ScotiabankPE,Mar 7,En Scotiabank te reconocemos tus logros y nos comprometemos a seguir trabajando por la equidad todos los días del año. #8MTodosLosDías. 💜 #8MTODOSLOSDÍAS,14,1,6,0,2.0K
2025-07-15 12:43:10,ScotiabankPE,Oct 16,"#BrandedContent. @ScotiabankPE presentó oficialmente a Sebastián Arcuri como su nuevo CEO, y junto a su CEO Global y Head of International Banking, reforzó su compromiso con sus clientes y el desarrollo del país.

Conoce más: acortar.link/Cg9UF1",19,2,10,1,7.0K
2025-07-15 12:43:10,ScotiabankPE,Sep 10,"Conoce nuestro proyecto en Punchan, Iquitos, Perú🇵🇪, con @scotiabankPE y @WorldVisionPeru, enfocado en mejorar la educación infantil con tecnología, fortalecer el rol familiar con ternura y el apoyo de proyectos juveniles.",2,4,26,1,6.0K
2025-07-15 12:43:10,ScotiabankPE,Aug 29,"Conoce nuestro proyecto en Punchana, Iquitos, Perú🇵🇪, con @ScotiabankPE y @WorldVisionPeru, enfocado en mejorar la educación infantil con tecnología, fortalecer el rol familiar con ternura y el apoyo de proyectos juveniles.",0,4,23,0,5.0K
2025-07-15 12:43:10,ScotiabankPE,Aug 8,Scotiabank lanza Fondo de Impacto Social ScotiaRISE en Perú ⏩n9.cl/bsrmz,6,1,2,0,4.0K
2025-07-15 12:43:10,ScotiabankPE,"Jun 18, 2024","Desde el 2022, hemos implementado el proyecto ""Inclusión Educativa para la Vida"" en Loreto, uno de los departamentos con mayor pobreza monetaria. Esta iniciativa, en alianza con @ScotiabankPE y @FundacioFCB, tiene como objetivo mejorar la calidad educativa de las niñas y niños.",5,1,3,0,5.0K
2025-07-15 12:43:10,ScotiabankPE,"Jun 13, 2024","En nuestro compromiso con el bienestar de la niñez, desde el 2022 implementamos el proyecto ""Inclusión Educativa para la Vida"" con el apoyo de @ScotiabankPE y la @FCBarcelona, para brindar acceso a una educación de calidad a las niñas y niños. 

#Scotiabank #FundacionBarcelona",2,6,9,0,4.0K
2025-07-15 12:43:10,ScotiabankPE,"Jun 14, 2024","Somos y seremos sus más grandes hinchas. ⚽️Etiquétalo y dile por qué lo eres. ❤️

#ScotiabankPerú #HablemosEnSerio #DíaDelPadre",18,0,4,0,4.0K
2025-07-15 13:37:08,ScotiabankPE,Jul 14,"¡Imperdible!​ 🤗ESPECIAL.21  “SÁCALE PROVECHO A TU GRATI”​

¿Sabías que los expertos recomiendan destinar el 30% al ahorro o inversión?​

¿Cuáles son tus objetivos?  ¿cuál es tu situación financiera? ¿puedes invertir?  Estas y  otras consideraciones  mañana en nuestro especial.…",0,2,1,1,831
2025-07-15 13:37:08,ScotiabankPE,Jul 10,"#EntrevistaSE. El CFO de @ScotiabankPE, Marcelo Rodríguez, cuenta que la reciente emisión por US$400 millones busca transmitir un mensaje de permanencia de largo plazo en el Perú.

Por @cabecitaterri.
semanaeconomica.com/economia-finan…",1,2,3,0,588
2025-07-15 13:37:08,ScotiabankPE,Jun 27,".@ScotiabankPE captó US$400 millones en emisión internacional de bonos subordinados. 

semanaeconomica.com/que-esta-pasan…",3,1,1,0,888
2025-07-15 13:37:08,ScotiabankPE,Jun 24,".@ScotiabankPE lanza roadshow internacional previo a nueva emisión de bonos por US$1,000 millones. Scotiabank contrató a @GoldmanSachs y Scotia Capital para presentar la operación ante inversionistas institucionales.
semanaeconomica.com/que-esta-pasan…",0,1,0,0,882
2025-07-15 13:37:08,ScotiabankPE,Jun 20,"Agradecemos a nuestro auspiciador PLATA 🎊 @ScotiabankPE, quién se une a la 30° edición de #CADEUniversitario, el encuentro de jóvenes líderes más importante del país, y se suma a nuestro compromiso de construir un Perú más desarrollado.

Conoce más aquí 👉…",0,1,2,0,442
2025-07-15 13:37:08,ScotiabankPE,Jun 6,"#BrandedContent.  La alta dirección de @ScotiabankPE, liderada por su CEO global, llegó a Perú y sostuvo reuniones con clientes estratégicos y reafirmó la importancia del mercado peruano en su operación internacional.
semanaeconomica.com/economia-finan…",1,1,2,0,974
2025-07-15 13:37:08,ScotiabankPE,May 26,"#BrandedContent.  La alta dirección de @ScotiabankPE, liderada por su CEO global, llegó a Perú y sostuvo reuniones con clientes estratégicos y reafirmó la importancia del mercado peruano en su operación internacional.
semanaeconomica.com/economia-finan…",1,1,2,1,1.0K
2025-07-15 13:37:08,ScotiabankPE,May 22,"#BrandedContent.  La alta dirección de @ScotiabankPE, liderada por su CEO global, llegó a Perú y sostuvo reuniones con clientes estratégicos y reafirmó la importancia del mercado peruano en su operación internacional. 

Conoce más: acortar.link/oCt094",1,1,3,0,1.0K
2025-07-15 13:37:08,ScotiabankPE,Apr 28,"#NotaInformativa | Buscando fortalecer la inversión privada y dinamizar el crecimiento económico, 📈 el ministro @Jose_SalardiR, junto con el director de Sistema Financiero y Mercado de Capitales de la Dirección General de Mercados Financieros y Previsional Privado, Óscar Orcón,…",1,2,5,1,1.0K
2025-07-15 13:37:08,ScotiabankPE,Mar 26,"#BrandedContent. @ScotiabankPE ha sido reconocido por segundo año consecutivo como líder de Banca Privada en Perú por Global Finance.
semanaeconomica.com/economia-finan…",8,1,0,0,2.0K
2025-07-15 13:37:08,ScotiabankPE,Mar 12,"#BrandedContent. @ScotiabankPE ha sido reconocido por segundo año consecutivo como líder de Banca Privada en Perú por Global Finance.

semanaeconomica.com/economia-finan…",4,2,0,0,2.0K
2025-07-15 13:37:08,ScotiabankPE,Mar 7,"#BrandedContent. @ScotiabankPE ha sido reconocido por segundo año consecutivo como líder de Banca Privada en Perú por Global Finance. Tras el reconocimiento, Patricia Martinez, Head de banca privada en Scotiabank, explica las acciones realizadas para lograr el reconocimiento, así…",6,1,1,0,1.0K
2025-07-15 13:37:08,ScotiabankPE,Mar 7,En Scotiabank te reconocemos tus logros y nos comprometemos a seguir trabajando por la equidad todos los días del año. #8MTodosLosDías. 💜 #8MTODOSLOSDÍAS,14,1,6,0,2.0K
2025-07-15 13:37:08,ScotiabankPE,Oct 16,"#BrandedContent. @ScotiabankPE presentó oficialmente a Sebastián Arcuri como su nuevo CEO, y junto a su CEO Global y Head of International Banking, reforzó su compromiso con sus clientes y el desarrollo del país.

Conoce más: acortar.link/Cg9UF1",19,2,10,1,7.0K
2025-07-15 13:37:08,ScotiabankPE,Sep 10,"Conoce nuestro proyecto en Punchan, Iquitos, Perú🇵🇪, con @scotiabankPE y @WorldVisionPeru, enfocado en mejorar la educación infantil con tecnología, fortalecer el rol familiar con ternura y el apoyo de proyectos juveniles.",2,4,26,1,6.0K
2025-07-15 13:37:08,ScotiabankPE,Aug 29,"Conoce nuestro proyecto en Punchana, Iquitos, Perú🇵🇪, con @ScotiabankPE y @WorldVisionPeru, enfocado en mejorar la educación infantil con tecnología, fortalecer el rol familiar con ternura y el apoyo de proyectos juveniles.",0,4,23,0,5.0K
2025-07-15 13:37:08,ScotiabankPE,Aug 8,Scotiabank lanza Fondo de Impacto Social ScotiaRISE en Perú ⏩n9.cl/bsrmz,6,1,2,0,4.0K
2025-07-15 13:37:08,ScotiabankPE,"Jun 18, 2024","Desde el 2022, hemos implementado el proyecto ""Inclusión Educativa para la Vida"" en Loreto, uno de los departamentos con mayor pobreza monetaria. Esta iniciativa, en alianza con @ScotiabankPE y @FundacioFCB, tiene como objetivo mejorar la calidad educativa de las niñas y niños.",5,1,3,0,5.0K
2025-07-15 13:37:08,ScotiabankPE,"Jun 13, 2024","En nuestro compromiso con el bienestar de la niñez, desde el 2022 implementamos el proyecto ""Inclusión Educativa para la Vida"" con el apoyo de @ScotiabankPE y la @FCBarcelona, para brindar acceso a una educación de calidad a las niñas y niños. 

#Scotiabank #FundacionBarcelona",2,6,9,0,4.0K
2025-07-15 13:37:08,ScotiabankPE,"Jun 14, 2024","Somos y seremos sus más grandes hinchas. ⚽️Etiquétalo y dile por qué lo eres. ❤️

#ScotiabankPerú #HablemosEnSerio #DíaDelPadre",18,0,4,0,4.0K
2025-07-15 14:20:02,ScotiabankPE,Jul 14,"¡Imperdible!​ 🤗ESPECIAL.21  “SÁCALE PROVECHO A TU GRATI”​

¿Sabías que los expertos recomiendan destinar el 30% al ahorro o inversión?​

¿Cuáles son tus objetivos?  ¿cuál es tu situación financiera? ¿puedes invertir?  Estas y  otras consideraciones  mañana en nuestro especial.…",0,2,1,1,835
2025-07-15 14:20:02,ScotiabankPE,Jul 10,"#EntrevistaSE. El CFO de @ScotiabankPE, Marcelo Rodríguez, cuenta que la reciente emisión por US$400 millones busca transmitir un mensaje de permanencia de largo plazo en el Perú.

Por @cabecitaterri.
semanaeconomica.com/economia-finan…",1,2,3,0,588
2025-07-15 14:20:02,ScotiabankPE,Jun 27,".@ScotiabankPE captó US$400 millones en emisión internacional de bonos subordinados. 

semanaeconomica.com/que-esta-pasan…",3,1,1,0,888
2025-07-15 14:20:02,ScotiabankPE,Jun 24,".@ScotiabankPE lanza roadshow internacional previo a nueva emisión de bonos por US$1,000 millones. Scotiabank contrató a @GoldmanSachs y Scotia Capital para presentar la operación ante inversionistas institucionales.
semanaeconomica.com/que-esta-pasan…",0,1,0,0,882
2025-07-15 14:20:02,ScotiabankPE,Jun 20,"Agradecemos a nuestro auspiciador PLATA 🎊 @ScotiabankPE, quién se une a la 30° edición de #CADEUniversitario, el encuentro de jóvenes líderes más importante del país, y se suma a nuestro compromiso de construir un Perú más desarrollado.

Conoce más aquí 👉…",0,1,2,0,442
2025-07-15 14:20:02,ScotiabankPE,Jun 6,"#BrandedContent.  La alta dirección de @ScotiabankPE, liderada por su CEO global, llegó a Perú y sostuvo reuniones con clientes estratégicos y reafirmó la importancia del mercado peruano en su operación internacional.
semanaeconomica.com/economia-finan…",1,1,2,0,974
2025-07-15 14:20:02,ScotiabankPE,May 26,"#BrandedContent.  La alta dirección de @ScotiabankPE, liderada por su CEO global, llegó a Perú y sostuvo reuniones con clientes estratégicos y reafirmó la importancia del mercado peruano en su operación internacional.
semanaeconomica.com/economia-finan…",1,1,2,1,1.0K
2025-07-15 14:20:02,ScotiabankPE,May 22,"#BrandedContent.  La alta dirección de @ScotiabankPE, liderada por su CEO global, llegó a Perú y sostuvo reuniones con clientes estratégicos y reafirmó la importancia del mercado peruano en su operación internacional. 

Conoce más: acortar.link/oCt094",1,1,3,0,1.0K
2025-07-15 14:20:02,ScotiabankPE,Apr 28,"#NotaInformativa | Buscando fortalecer la inversión privada y dinamizar el crecimiento económico, 📈 el ministro @Jose_SalardiR, junto con el director de Sistema Financiero y Mercado de Capitales de la Dirección General de Mercados Financieros y Previsional Privado, Óscar Orcón,…",1,2,5,1,1.0K
2025-07-15 14:20:02,ScotiabankPE,Mar 26,"#BrandedContent. @ScotiabankPE ha sido reconocido por segundo año consecutivo como líder de Banca Privada en Perú por Global Finance.
semanaeconomica.com/economia-finan…",8,1,0,0,2.0K
2025-07-15 14:20:02,ScotiabankPE,Mar 12,"#BrandedContent. @ScotiabankPE ha sido reconocido por segundo año consecutivo como líder de Banca Privada en Perú por Global Finance.

semanaeconomica.com/economia-finan…",4,2,0,0,2.0K
2025-07-15 14:20:02,ScotiabankPE,Mar 7,"#BrandedContent. @ScotiabankPE ha sido reconocido por segundo año consecutivo como líder de Banca Privada en Perú por Global Finance. Tras el reconocimiento, Patricia Martinez, Head de banca privada en Scotiabank, explica las acciones realizadas para lograr el reconocimiento, así…",6,1,1,0,1.0K
2025-07-15 14:20:02,ScotiabankPE,Mar 7,En Scotiabank te reconocemos tus logros y nos comprometemos a seguir trabajando por la equidad todos los días del año. #8MTodosLosDías. 💜 #8MTODOSLOSDÍAS,14,1,6,0,2.0K
2025-07-15 14:20:02,ScotiabankPE,Oct 16,"#BrandedContent. @ScotiabankPE presentó oficialmente a Sebastián Arcuri como su nuevo CEO, y junto a su CEO Global y Head of International Banking, reforzó su compromiso con sus clientes y el desarrollo del país.

Conoce más: acortar.link/Cg9UF1",19,2,10,1,7.0K
2025-07-15 14:20:02,ScotiabankPE,Sep 10,"Conoce nuestro proyecto en Punchan, Iquitos, Perú🇵🇪, con @scotiabankPE y @WorldVisionPeru, enfocado en mejorar la educación infantil con tecnología, fortalecer el rol familiar con ternura y el apoyo de proyectos juveniles.",2,4,26,1,6.0K
2025-07-15 14:20:02,ScotiabankPE,Aug 29,"Conoce nuestro proyecto en Punchana, Iquitos, Perú🇵🇪, con @ScotiabankPE y @WorldVisionPeru, enfocado en mejorar la educación infantil con tecnología, fortalecer el rol familiar con ternura y el apoyo de proyectos juveniles.",0,4,23,0,5.0K
2025-07-15 14:20:02,ScotiabankPE,Aug 8,Scotiabank lanza Fondo de Impacto Social ScotiaRISE en Perú ⏩n9.cl/bsrmz,6,1,2,0,4.0K
2025-07-15 14:20:02,ScotiabankPE,"Jun 18, 2024","Desde el 2022, hemos implementado el proyecto ""Inclusión Educativa para la Vida"" en Loreto, uno de los departamentos con mayor pobreza monetaria. Esta iniciativa, en alianza con @ScotiabankPE y @FundacioFCB, tiene como objetivo mejorar la calidad educativa de las niñas y niños.",5,1,3,0,5.0K
2025-07-15 14:20:02,ScotiabankPE,"Jun 13, 2024","En nuestro compromiso con el bienestar de la niñez, desde el 2022 implementamos el proyecto ""Inclusión Educativa para la Vida"" con el apoyo de @ScotiabankPE y la @FCBarcelona, para brindar acceso a una educación de calidad a las niñas y niños. 

#Scotiabank #FundacionBarcelona",2,6,9,0,4.0K
2025-07-15 14:20:02,ScotiabankPE,"Jun 14, 2024","Somos y seremos sus más grandes hinchas. ⚽️Etiquétalo y dile por qué lo eres. ❤️

#ScotiabankPerú #HablemosEnSerio #DíaDelPadre",18,0,4,0,4.0K
2025-07-15 15:21:11,ScotiabankPE,Jul 14,"¡Imperdible!​ 🤗ESPECIAL.21  “SÁCALE PROVECHO A TU GRATI”​

¿Sabías que los expertos recomiendan destinar el 30% al ahorro o inversión?​

¿Cuáles son tus objetivos?  ¿cuál es tu situación financiera? ¿puedes invertir?  Estas y  otras consideraciones  mañana en nuestro especial.…",0,2,1,1,836
2025-07-15 15:21:11,ScotiabankPE,Jul 10,"#EntrevistaSE. El CFO de @ScotiabankPE, Marcelo Rodríguez, cuenta que la reciente emisión por US$400 millones busca transmitir un mensaje de permanencia de largo plazo en el Perú.

Por @cabecitaterri.
semanaeconomica.com/economia-finan…",1,2,3,0,588
2025-07-15 15:21:11,ScotiabankPE,Jun 27,".@ScotiabankPE captó US$400 millones en emisión internacional de bonos subordinados. 

semanaeconomica.com/que-esta-pasan…",3,1,1,0,888
2025-07-15 15:21:11,ScotiabankPE,Jun 24,".@ScotiabankPE lanza roadshow internacional previo a nueva emisión de bonos por US$1,000 millones. Scotiabank contrató a @GoldmanSachs y Scotia Capital para presentar la operación ante inversionistas institucionales.
semanaeconomica.com/que-esta-pasan…",0,1,0,0,882
2025-07-15 15:21:11,ScotiabankPE,Jun 20,"Agradecemos a nuestro auspiciador PLATA 🎊 @ScotiabankPE, quién se une a la 30° edición de #CADEUniversitario, el encuentro de jóvenes líderes más importante del país, y se suma a nuestro compromiso de construir un Perú más desarrollado.

Conoce más aquí 👉…",0,1,2,0,442
2025-07-15 15:21:11,ScotiabankPE,Jun 6,"#BrandedContent.  La alta dirección de @ScotiabankPE, liderada por su CEO global, llegó a Perú y sostuvo reuniones con clientes estratégicos y reafirmó la importancia del mercado peruano en su operación internacional.
semanaeconomica.com/economia-finan…",1,1,2,0,974
2025-07-15 15:21:11,ScotiabankPE,May 26,"#BrandedContent.  La alta dirección de @ScotiabankPE, liderada por su CEO global, llegó a Perú y sostuvo reuniones con clientes estratégicos y reafirmó la importancia del mercado peruano en su operación internacional.
semanaeconomica.com/economia-finan…",1,1,2,1,1.0K
2025-07-15 15:21:11,ScotiabankPE,May 22,"#BrandedContent.  La alta dirección de @ScotiabankPE, liderada por su CEO global, llegó a Perú y sostuvo reuniones con clientes estratégicos y reafirmó la importancia del mercado peruano en su operación internacional. 

Conoce más: acortar.link/oCt094",1,1,3,0,1.0K
2025-07-15 15:21:11,ScotiabankPE,Apr 28,"#NotaInformativa | Buscando fortalecer la inversión privada y dinamizar el crecimiento económico, 📈 el ministro @Jose_SalardiR, junto con el director de Sistema Financiero y Mercado de Capitales de la Dirección General de Mercados Financieros y Previsional Privado, Óscar Orcón,…",1,2,5,1,1.0K
2025-07-15 15:21:11,ScotiabankPE,Mar 26,"#BrandedContent. @ScotiabankPE ha sido reconocido por segundo año consecutivo como líder de Banca Privada en Perú por Global Finance.
semanaeconomica.com/economia-finan…",8,1,0,0,2.0K
2025-07-15 15:21:11,ScotiabankPE,Mar 12,"#BrandedContent. @ScotiabankPE ha sido reconocido por segundo año consecutivo como líder de Banca Privada en Perú por Global Finance.

semanaeconomica.com/economia-finan…",4,2,0,0,2.0K
2025-07-15 15:21:11,ScotiabankPE,Mar 7,"#BrandedContent. @ScotiabankPE ha sido reconocido por segundo año consecutivo como líder de Banca Privada en Perú por Global Finance. Tras el reconocimiento, Patricia Martinez, Head de banca privada en Scotiabank, explica las acciones realizadas para lograr el reconocimiento, así…",6,1,1,0,1.0K
2025-07-15 15:21:11,ScotiabankPE,Mar 7,En Scotiabank te reconocemos tus logros y nos comprometemos a seguir trabajando por la equidad todos los días del año. #8MTodosLosDías. 💜 #8MTODOSLOSDÍAS,14,1,6,0,2.0K
2025-07-15 15:21:11,ScotiabankPE,Oct 16,"#BrandedContent. @ScotiabankPE presentó oficialmente a Sebastián Arcuri como su nuevo CEO, y junto a su CEO Global y Head of International Banking, reforzó su compromiso con sus clientes y el desarrollo del país.

Conoce más: acortar.link/Cg9UF1",19,2,10,1,7.0K
2025-07-15 15:21:11,ScotiabankPE,Sep 10,"Conoce nuestro proyecto en Punchan, Iquitos, Perú🇵🇪, con @scotiabankPE y @WorldVisionPeru, enfocado en mejorar la educación infantil con tecnología, fortalecer el rol familiar con ternura y el apoyo de proyectos juveniles.",2,4,26,1,6.0K
2025-07-15 15:21:11,ScotiabankPE,Aug 29,"Conoce nuestro proyecto en Punchana, Iquitos, Perú🇵🇪, con @ScotiabankPE y @WorldVisionPeru, enfocado en mejorar la educación infantil con tecnología, fortalecer el rol familiar con ternura y el apoyo de proyectos juveniles.",0,4,23,0,5.0K
2025-07-15 15:21:11,ScotiabankPE,Aug 8,Scotiabank lanza Fondo de Impacto Social ScotiaRISE en Perú ⏩n9.cl/bsrmz,6,1,2,0,4.0K
2025-07-15 15:21:11,ScotiabankPE,"Jun 18, 2024","Desde el 2022, hemos implementado el proyecto ""Inclusión Educativa para la Vida"" en Loreto, uno de los departamentos con mayor pobreza monetaria. Esta iniciativa, en alianza con @ScotiabankPE y @FundacioFCB, tiene como objetivo mejorar la calidad educativa de las niñas y niños.",5,1,3,0,5.0K
2025-07-15 15:21:11,ScotiabankPE,"Jun 13, 2024","En nuestro compromiso con el bienestar de la niñez, desde el 2022 implementamos el proyecto ""Inclusión Educativa para la Vida"" con el apoyo de @ScotiabankPE y la @FCBarcelona, para brindar acceso a una educación de calidad a las niñas y niños. 

#Scotiabank #FundacionBarcelona",2,6,9,0,4.0K
2025-07-15 15:21:11,ScotiabankPE,"Jun 14, 2024","Somos y seremos sus más grandes hinchas. ⚽️Etiquétalo y dile por qué lo eres. ❤️

#ScotiabankPerú #HablemosEnSerio #DíaDelPadre",18,0,4,0,4.0K
2025-07-15 16:27:40,ScotiabankPE,Jul 14,"¡Imperdible!​ 🤗ESPECIAL.21  “SÁCALE PROVECHO A TU GRATI”​

¿Sabías que los expertos recomiendan destinar el 30% al ahorro o inversión?​

¿Cuáles son tus objetivos?  ¿cuál es tu situación financiera? ¿puedes invertir?  Estas y  otras consideraciones  mañana en nuestro especial.…",0,2,1,1,840
2025-07-15 16:27:40,ScotiabankPE,Jul 10,"#EntrevistaSE. El CFO de @ScotiabankPE, Marcelo Rodríguez, cuenta que la reciente emisión por US$400 millones busca transmitir un mensaje de permanencia de largo plazo en el Perú.

Por @cabecitaterri.
semanaeconomica.com/economia-finan…",1,2,3,0,589
2025-07-15 16:27:40,ScotiabankPE,Jun 27,".@ScotiabankPE captó US$400 millones en emisión internacional de bonos subordinados. 

semanaeconomica.com/que-esta-pasan…",3,1,1,0,888
2025-07-15 16:27:40,ScotiabankPE,Jun 24,".@ScotiabankPE lanza roadshow internacional previo a nueva emisión de bonos por US$1,000 millones. Scotiabank contrató a @GoldmanSachs y Scotia Capital para presentar la operación ante inversionistas institucionales.
semanaeconomica.com/que-esta-pasan…",0,1,0,0,883
2025-07-15 16:27:40,ScotiabankPE,Jun 20,"Agradecemos a nuestro auspiciador PLATA 🎊 @ScotiabankPE, quién se une a la 30° edición de #CADEUniversitario, el encuentro de jóvenes líderes más importante del país, y se suma a nuestro compromiso de construir un Perú más desarrollado.

Conoce más aquí 👉…",0,1,2,0,442
2025-07-15 16:27:40,ScotiabankPE,Jun 6,"#BrandedContent.  La alta dirección de @ScotiabankPE, liderada por su CEO global, llegó a Perú y sostuvo reuniones con clientes estratégicos y reafirmó la importancia del mercado peruano en su operación internacional.
semanaeconomica.com/economia-finan…",1,1,2,0,974
2025-07-15 16:27:40,ScotiabankPE,May 26,"#BrandedContent.  La alta dirección de @ScotiabankPE, liderada por su CEO global, llegó a Perú y sostuvo reuniones con clientes estratégicos y reafirmó la importancia del mercado peruano en su operación internacional.
semanaeconomica.com/economia-finan…",1,1,2,1,1.0K
2025-07-15 16:27:40,ScotiabankPE,May 22,"#BrandedContent.  La alta dirección de @ScotiabankPE, liderada por su CEO global, llegó a Perú y sostuvo reuniones con clientes estratégicos y reafirmó la importancia del mercado peruano en su operación internacional. 

Conoce más: acortar.link/oCt094",1,1,3,0,1.0K
2025-07-15 16:27:40,ScotiabankPE,Apr 28,"#NotaInformativa | Buscando fortalecer la inversión privada y dinamizar el crecimiento económico, 📈 el ministro @Jose_SalardiR, junto con el director de Sistema Financiero y Mercado de Capitales de la Dirección General de Mercados Financieros y Previsional Privado, Óscar Orcón,…",1,2,5,1,1.0K
2025-07-15 16:27:40,ScotiabankPE,Mar 26,"#BrandedContent. @ScotiabankPE ha sido reconocido por segundo año consecutivo como líder de Banca Privada en Perú por Global Finance.
semanaeconomica.com/economia-finan…",8,1,0,0,2.0K
2025-07-15 16:27:40,ScotiabankPE,Mar 12,"#BrandedContent. @ScotiabankPE ha sido reconocido por segundo año consecutivo como líder de Banca Privada en Perú por Global Finance.

semanaeconomica.com/economia-finan…",4,2,0,0,2.0K
2025-07-15 16:27:40,ScotiabankPE,Mar 7,"#BrandedContent. @ScotiabankPE ha sido reconocido por segundo año consecutivo como líder de Banca Privada en Perú por Global Finance. Tras el reconocimiento, Patricia Martinez, Head de banca privada en Scotiabank, explica las acciones realizadas para lograr el reconocimiento, así…",6,1,1,0,1.0K
2025-07-15 16:27:40,ScotiabankPE,Mar 7,En Scotiabank te reconocemos tus logros y nos comprometemos a seguir trabajando por la equidad todos los días del año. #8MTodosLosDías. 💜 #8MTODOSLOSDÍAS,14,1,6,0,2.0K
2025-07-15 16:27:40,ScotiabankPE,Oct 16,"#BrandedContent. @ScotiabankPE presentó oficialmente a Sebastián Arcuri como su nuevo CEO, y junto a su CEO Global y Head of International Banking, reforzó su compromiso con sus clientes y el desarrollo del país.

Conoce más: acortar.link/Cg9UF1",19,2,10,1,7.0K
2025-07-15 16:27:40,ScotiabankPE,Sep 10,"Conoce nuestro proyecto en Punchan, Iquitos, Perú🇵🇪, con @scotiabankPE y @WorldVisionPeru, enfocado en mejorar la educación infantil con tecnología, fortalecer el rol familiar con ternura y el apoyo de proyectos juveniles.",2,4,26,1,6.0K
2025-07-15 16:27:40,ScotiabankPE,Aug 29,"Conoce nuestro proyecto en Punchana, Iquitos, Perú🇵🇪, con @ScotiabankPE y @WorldVisionPeru, enfocado en mejorar la educación infantil con tecnología, fortalecer el rol familiar con ternura y el apoyo de proyectos juveniles.",0,4,23,0,5.0K
2025-07-15 16:27:40,ScotiabankPE,Aug 8,Scotiabank lanza Fondo de Impacto Social ScotiaRISE en Perú ⏩n9.cl/bsrmz,6,1,2,0,4.0K
2025-07-15 16:27:40,ScotiabankPE,"Jun 18, 2024","Desde el 2022, hemos implementado el proyecto ""Inclusión Educativa para la Vida"" en Loreto, uno de los departamentos con mayor pobreza monetaria. Esta iniciativa, en alianza con @ScotiabankPE y @FundacioFCB, tiene como objetivo mejorar la calidad educativa de las niñas y niños.",5,1,3,0,5.0K
2025-07-15 16:27:40,ScotiabankPE,"Jun 13, 2024","En nuestro compromiso con el bienestar de la niñez, desde el 2022 implementamos el proyecto ""Inclusión Educativa para la Vida"" con el apoyo de @ScotiabankPE y la @FCBarcelona, para brindar acceso a una educación de calidad a las niñas y niños. 

#Scotiabank #FundacionBarcelona",2,6,9,0,4.0K
2025-07-15 16:27:40,ScotiabankPE,"Jun 14, 2024","Somos y seremos sus más grandes hinchas. ⚽️Etiquétalo y dile por qué lo eres. ❤️

#ScotiabankPerú #HablemosEnSerio #DíaDelPadre",18,0,4,0,4.0K
2025-07-15 17:19:21,ScotiabankPE,Jul 14,"¡Imperdible!​ 🤗ESPECIAL.21  “SÁCALE PROVECHO A TU GRATI”​

¿Sabías que los expertos recomiendan destinar el 30% al ahorro o inversión?​

¿Cuáles son tus objetivos?  ¿cuál es tu situación financiera? ¿puedes invertir?  Estas y  otras consideraciones  mañana en nuestro especial.…",0,2,1,1,843
2025-07-15 17:19:21,ScotiabankPE,Jul 10,"#EntrevistaSE. El CFO de @ScotiabankPE, Marcelo Rodríguez, cuenta que la reciente emisión por US$400 millones busca transmitir un mensaje de permanencia de largo plazo en el Perú.

Por @cabecitaterri.
semanaeconomica.com/economia-finan…",1,2,3,0,591
2025-07-15 17:19:21,ScotiabankPE,Jun 27,".@ScotiabankPE captó US$400 millones en emisión internacional de bonos subordinados. 

semanaeconomica.com/que-esta-pasan…",3,1,1,0,890
2025-07-15 17:19:21,ScotiabankPE,Jun 24,".@ScotiabankPE lanza roadshow internacional previo a nueva emisión de bonos por US$1,000 millones. Scotiabank contrató a @GoldmanSachs y Scotia Capital para presentar la operación ante inversionistas institucionales.
semanaeconomica.com/que-esta-pasan…",0,1,0,0,884
2025-07-15 17:19:21,ScotiabankPE,Jun 20,"Agradecemos a nuestro auspiciador PLATA 🎊 @ScotiabankPE, quién se une a la 30° edición de #CADEUniversitario, el encuentro de jóvenes líderes más importante del país, y se suma a nuestro compromiso de construir un Perú más desarrollado.

Conoce más aquí 👉…",0,1,2,0,444
2025-07-15 17:19:21,ScotiabankPE,Jun 6,"#BrandedContent.  La alta dirección de @ScotiabankPE, liderada por su CEO global, llegó a Perú y sostuvo reuniones con clientes estratégicos y reafirmó la importancia del mercado peruano en su operación internacional.
semanaeconomica.com/economia-finan…",1,1,2,0,974
2025-07-15 17:19:21,ScotiabankPE,May 26,"#BrandedContent.  La alta dirección de @ScotiabankPE, liderada por su CEO global, llegó a Perú y sostuvo reuniones con clientes estratégicos y reafirmó la importancia del mercado peruano en su operación internacional.
semanaeconomica.com/economia-finan…",1,1,2,1,1.0K
2025-07-15 17:19:21,ScotiabankPE,May 22,"#BrandedContent.  La alta dirección de @ScotiabankPE, liderada por su CEO global, llegó a Perú y sostuvo reuniones con clientes estratégicos y reafirmó la importancia del mercado peruano en su operación internacional. 

Conoce más: acortar.link/oCt094",1,1,3,0,1.0K
2025-07-15 17:19:21,ScotiabankPE,Apr 28,"#NotaInformativa | Buscando fortalecer la inversión privada y dinamizar el crecimiento económico, 📈 el ministro @Jose_SalardiR, junto con el director de Sistema Financiero y Mercado de Capitales de la Dirección General de Mercados Financieros y Previsional Privado, Óscar Orcón,…",1,2,5,1,1.0K
2025-07-15 17:19:21,ScotiabankPE,Mar 26,"#BrandedContent. @ScotiabankPE ha sido reconocido por segundo año consecutivo como líder de Banca Privada en Perú por Global Finance.
semanaeconomica.com/economia-finan…",8,1,0,0,2.0K
2025-07-15 17:19:21,ScotiabankPE,Mar 12,"#BrandedContent. @ScotiabankPE ha sido reconocido por segundo año consecutivo como líder de Banca Privada en Perú por Global Finance.

semanaeconomica.com/economia-finan…",4,2,0,0,2.0K
2025-07-15 17:19:21,ScotiabankPE,Mar 7,"#BrandedContent. @ScotiabankPE ha sido reconocido por segundo año consecutivo como líder de Banca Privada en Perú por Global Finance. Tras el reconocimiento, Patricia Martinez, Head de banca privada en Scotiabank, explica las acciones realizadas para lograr el reconocimiento, así…",6,1,1,0,1.0K
2025-07-15 17:19:21,ScotiabankPE,Mar 7,En Scotiabank te reconocemos tus logros y nos comprometemos a seguir trabajando por la equidad todos los días del año. #8MTodosLosDías. 💜 #8MTODOSLOSDÍAS,14,1,6,0,2.0K
2025-07-15 17:19:21,ScotiabankPE,Oct 16,"#BrandedContent. @ScotiabankPE presentó oficialmente a Sebastián Arcuri como su nuevo CEO, y junto a su CEO Global y Head of International Banking, reforzó su compromiso con sus clientes y el desarrollo del país.

Conoce más: acortar.link/Cg9UF1",19,2,10,1,7.0K
2025-07-15 17:19:21,ScotiabankPE,Sep 10,"Conoce nuestro proyecto en Punchan, Iquitos, Perú🇵🇪, con @scotiabankPE y @WorldVisionPeru, enfocado en mejorar la educación infantil con tecnología, fortalecer el rol familiar con ternura y el apoyo de proyectos juveniles.",2,4,26,1,6.0K
2025-07-15 17:19:21,ScotiabankPE,Aug 29,"Conoce nuestro proyecto en Punchana, Iquitos, Perú🇵🇪, con @ScotiabankPE y @WorldVisionPeru, enfocado en mejorar la educación infantil con tecnología, fortalecer el rol familiar con ternura y el apoyo de proyectos juveniles.",0,4,23,0,5.0K
2025-07-15 17:19:21,ScotiabankPE,Aug 8,Scotiabank lanza Fondo de Impacto Social ScotiaRISE en Perú ⏩n9.cl/bsrmz,6,1,2,0,4.0K
2025-07-15 17:19:21,ScotiabankPE,"Jun 18, 2024","Desde el 2022, hemos implementado el proyecto ""Inclusión Educativa para la Vida"" en Loreto, uno de los departamentos con mayor pobreza monetaria. Esta iniciativa, en alianza con @ScotiabankPE y @FundacioFCB, tiene como objetivo mejorar la calidad educativa de las niñas y niños.",5,1,3,0,5.0K
2025-07-15 17:19:21,ScotiabankPE,"Jun 13, 2024","En nuestro compromiso con el bienestar de la niñez, desde el 2022 implementamos el proyecto ""Inclusión Educativa para la Vida"" con el apoyo de @ScotiabankPE y la @FCBarcelona, para brindar acceso a una educación de calidad a las niñas y niños. 

#Scotiabank #FundacionBarcelona",2,6,9,0,4.0K
2025-07-15 17:19:21,ScotiabankPE,"Jun 14, 2024","Somos y seremos sus más grandes hinchas. ⚽️Etiquétalo y dile por qué lo eres. ❤️

#ScotiabankPerú #HablemosEnSerio #DíaDelPadre",18,0,4,0,4.0K
2025-07-15 18:31:43,ScotiabankPE,Jul 14,"¡Imperdible!​ 🤗ESPECIAL.21  “SÁCALE PROVECHO A TU GRATI”​

¿Sabías que los expertos recomiendan destinar el 30% al ahorro o inversión?​

¿Cuáles son tus objetivos?  ¿cuál es tu situación financiera? ¿puedes invertir?  Estas y  otras consideraciones  mañana en nuestro especial.…",0,2,1,1,848
2025-07-15 18:31:43,ScotiabankPE,Jul 10,"#EntrevistaSE. El CFO de @ScotiabankPE, Marcelo Rodríguez, cuenta que la reciente emisión por US$400 millones busca transmitir un mensaje de permanencia de largo plazo en el Perú.

Por @cabecitaterri.
semanaeconomica.com/economia-finan…",1,2,3,0,593
2025-07-15 18:31:43,ScotiabankPE,Jun 27,".@ScotiabankPE captó US$400 millones en emisión internacional de bonos subordinados. 

semanaeconomica.com/que-esta-pasan…",3,1,1,0,890
2025-07-15 18:31:43,ScotiabankPE,Jun 24,".@ScotiabankPE lanza roadshow internacional previo a nueva emisión de bonos por US$1,000 millones. Scotiabank contrató a @GoldmanSachs y Scotia Capital para presentar la operación ante inversionistas institucionales.
semanaeconomica.com/que-esta-pasan…",0,1,0,0,884
2025-07-15 18:31:43,ScotiabankPE,Jun 20,"Agradecemos a nuestro auspiciador PLATA 🎊 @ScotiabankPE, quién se une a la 30° edición de #CADEUniversitario, el encuentro de jóvenes líderes más importante del país, y se suma a nuestro compromiso de construir un Perú más desarrollado.

Conoce más aquí 👉…",0,1,2,0,444
2025-07-15 18:31:43,ScotiabankPE,Jun 6,"#BrandedContent.  La alta dirección de @ScotiabankPE, liderada por su CEO global, llegó a Perú y sostuvo reuniones con clientes estratégicos y reafirmó la importancia del mercado peruano en su operación internacional.
semanaeconomica.com/economia-finan…",1,1,2,0,974
2025-07-15 18:31:43,ScotiabankPE,May 26,"#BrandedContent.  La alta dirección de @ScotiabankPE, liderada por su CEO global, llegó a Perú y sostuvo reuniones con clientes estratégicos y reafirmó la importancia del mercado peruano en su operación internacional.
semanaeconomica.com/economia-finan…",1,1,2,1,1.0K
2025-07-15 18:31:43,ScotiabankPE,May 22,"#BrandedContent.  La alta dirección de @ScotiabankPE, liderada por su CEO global, llegó a Perú y sostuvo reuniones con clientes estratégicos y reafirmó la importancia del mercado peruano en su operación internacional. 

Conoce más: acortar.link/oCt094",1,1,3,0,1.0K
2025-07-15 18:31:43,ScotiabankPE,Apr 28,"#NotaInformativa | Buscando fortalecer la inversión privada y dinamizar el crecimiento económico, 📈 el ministro @Jose_SalardiR, junto con el director de Sistema Financiero y Mercado de Capitales de la Dirección General de Mercados Financieros y Previsional Privado, Óscar Orcón,…",1,2,5,1,1.0K
2025-07-15 18:31:43,ScotiabankPE,Mar 26,"#BrandedContent. @ScotiabankPE ha sido reconocido por segundo año consecutivo como líder de Banca Privada en Perú por Global Finance.
semanaeconomica.com/economia-finan…",8,1,0,0,2.0K
2025-07-15 18:31:43,ScotiabankPE,Mar 12,"#BrandedContent. @ScotiabankPE ha sido reconocido por segundo año consecutivo como líder de Banca Privada en Perú por Global Finance.

semanaeconomica.com/economia-finan…",4,2,0,0,2.0K
2025-07-15 18:31:43,ScotiabankPE,Mar 7,"#BrandedContent. @ScotiabankPE ha sido reconocido por segundo año consecutivo como líder de Banca Privada en Perú por Global Finance. Tras el reconocimiento, Patricia Martinez, Head de banca privada en Scotiabank, explica las acciones realizadas para lograr el reconocimiento, así…",6,1,1,0,1.0K
2025-07-15 18:31:43,ScotiabankPE,Mar 7,En Scotiabank te reconocemos tus logros y nos comprometemos a seguir trabajando por la equidad todos los días del año. #8MTodosLosDías. 💜 #8MTODOSLOSDÍAS,14,1,6,0,2.0K
2025-07-15 18:31:43,ScotiabankPE,Oct 16,"#BrandedContent. @ScotiabankPE presentó oficialmente a Sebastián Arcuri como su nuevo CEO, y junto a su CEO Global y Head of International Banking, reforzó su compromiso con sus clientes y el desarrollo del país.

Conoce más: acortar.link/Cg9UF1",19,2,10,1,7.0K
2025-07-15 18:31:43,ScotiabankPE,Sep 10,"Conoce nuestro proyecto en Punchan, Iquitos, Perú🇵🇪, con @scotiabankPE y @WorldVisionPeru, enfocado en mejorar la educación infantil con tecnología, fortalecer el rol familiar con ternura y el apoyo de proyectos juveniles.",2,4,26,1,6.0K
2025-07-15 18:31:43,ScotiabankPE,Aug 29,"Conoce nuestro proyecto en Punchana, Iquitos, Perú🇵🇪, con @ScotiabankPE y @WorldVisionPeru, enfocado en mejorar la educación infantil con tecnología, fortalecer el rol familiar con ternura y el apoyo de proyectos juveniles.",0,4,23,0,5.0K
2025-07-15 18:31:43,ScotiabankPE,Aug 8,Scotiabank lanza Fondo de Impacto Social ScotiaRISE en Perú ⏩n9.cl/bsrmz,6,1,2,0,4.0K
2025-07-15 18:31:43,ScotiabankPE,"Jun 18, 2024","Desde el 2022, hemos implementado el proyecto ""Inclusión Educativa para la Vida"" en Loreto, uno de los departamentos con mayor pobreza monetaria. Esta iniciativa, en alianza con @ScotiabankPE y @FundacioFCB, tiene como objetivo mejorar la calidad educativa de las niñas y niños.",5,1,3,0,5.0K
2025-07-15 18:31:43,ScotiabankPE,"Jun 13, 2024","En nuestro compromiso con el bienestar de la niñez, desde el 2022 implementamos el proyecto ""Inclusión Educativa para la Vida"" con el apoyo de @ScotiabankPE y la @FCBarcelona, para brindar acceso a una educación de calidad a las niñas y niños. 

#Scotiabank #FundacionBarcelona",2,6,9,0,4.0K
2025-07-15 18:31:43,ScotiabankPE,"Jun 14, 2024","Somos y seremos sus más grandes hinchas. ⚽️Etiquétalo y dile por qué lo eres. ❤️

#ScotiabankPerú #HablemosEnSerio #DíaDelPadre",18,0,4,0,4.0K
2025-07-15 19:18:16,ScotiabankPE,Jul 14,"¡Imperdible!​ 🤗ESPECIAL.21  “SÁCALE PROVECHO A TU GRATI”​

¿Sabías que los expertos recomiendan destinar el 30% al ahorro o inversión?​

¿Cuáles son tus objetivos?  ¿cuál es tu situación financiera? ¿puedes invertir?  Estas y  otras consideraciones  mañana en nuestro especial.…",0,2,1,1,848
2025-07-15 19:18:16,ScotiabankPE,Jul 10,"#EntrevistaSE. El CFO de @ScotiabankPE, Marcelo Rodríguez, cuenta que la reciente emisión por US$400 millones busca transmitir un mensaje de permanencia de largo plazo en el Perú.

Por @cabecitaterri.
semanaeconomica.com/economia-finan…",1,2,3,0,593
2025-07-15 19:18:16,ScotiabankPE,Jun 27,".@ScotiabankPE captó US$400 millones en emisión internacional de bonos subordinados. 

semanaeconomica.com/que-esta-pasan…",3,1,1,0,890
2025-07-15 19:18:16,ScotiabankPE,Jun 24,".@ScotiabankPE lanza roadshow internacional previo a nueva emisión de bonos por US$1,000 millones. Scotiabank contrató a @GoldmanSachs y Scotia Capital para presentar la operación ante inversionistas institucionales.
semanaeconomica.com/que-esta-pasan…",0,1,0,0,884
2025-07-15 19:18:16,ScotiabankPE,Jun 20,"Agradecemos a nuestro auspiciador PLATA 🎊 @ScotiabankPE, quién se une a la 30° edición de #CADEUniversitario, el encuentro de jóvenes líderes más importante del país, y se suma a nuestro compromiso de construir un Perú más desarrollado.

Conoce más aquí 👉…",0,1,2,0,444
2025-07-15 19:18:16,ScotiabankPE,Jun 6,"#BrandedContent.  La alta dirección de @ScotiabankPE, liderada por su CEO global, llegó a Perú y sostuvo reuniones con clientes estratégicos y reafirmó la importancia del mercado peruano en su operación internacional.
semanaeconomica.com/economia-finan…",1,1,2,0,974
2025-07-15 19:18:16,ScotiabankPE,May 26,"#BrandedContent.  La alta dirección de @ScotiabankPE, liderada por su CEO global, llegó a Perú y sostuvo reuniones con clientes estratégicos y reafirmó la importancia del mercado peruano en su operación internacional.
semanaeconomica.com/economia-finan…",1,1,2,1,1.0K
2025-07-15 19:18:16,ScotiabankPE,May 22,"#BrandedContent.  La alta dirección de @ScotiabankPE, liderada por su CEO global, llegó a Perú y sostuvo reuniones con clientes estratégicos y reafirmó la importancia del mercado peruano en su operación internacional. 

Conoce más: acortar.link/oCt094",1,1,3,0,1.0K
2025-07-15 19:18:16,ScotiabankPE,Apr 28,"#NotaInformativa | Buscando fortalecer la inversión privada y dinamizar el crecimiento económico, 📈 el ministro @Jose_SalardiR, junto con el director de Sistema Financiero y Mercado de Capitales de la Dirección General de Mercados Financieros y Previsional Privado, Óscar Orcón,…",1,2,5,1,1.0K
2025-07-15 19:18:16,ScotiabankPE,Mar 26,"#BrandedContent. @ScotiabankPE ha sido reconocido por segundo año consecutivo como líder de Banca Privada en Perú por Global Finance.
semanaeconomica.com/economia-finan…",8,1,0,0,2.0K
2025-07-15 19:18:16,ScotiabankPE,Mar 12,"#BrandedContent. @ScotiabankPE ha sido reconocido por segundo año consecutivo como líder de Banca Privada en Perú por Global Finance.

semanaeconomica.com/economia-finan…",4,2,0,0,2.0K
2025-07-15 19:18:16,ScotiabankPE,Mar 7,"#BrandedContent. @ScotiabankPE ha sido reconocido por segundo año consecutivo como líder de Banca Privada en Perú por Global Finance. Tras el reconocimiento, Patricia Martinez, Head de banca privada en Scotiabank, explica las acciones realizadas para lograr el reconocimiento, así…",6,1,1,0,1.0K
2025-07-15 19:18:16,ScotiabankPE,Mar 7,En Scotiabank te reconocemos tus logros y nos comprometemos a seguir trabajando por la equidad todos los días del año. #8MTodosLosDías. 💜 #8MTODOSLOSDÍAS,14,1,6,0,2.0K
2025-07-15 19:18:16,ScotiabankPE,Oct 16,"#BrandedContent. @ScotiabankPE presentó oficialmente a Sebastián Arcuri como su nuevo CEO, y junto a su CEO Global y Head of International Banking, reforzó su compromiso con sus clientes y el desarrollo del país.

Conoce más: acortar.link/Cg9UF1",19,2,10,1,7.0K
2025-07-15 19:18:16,ScotiabankPE,Sep 10,"Conoce nuestro proyecto en Punchan, Iquitos, Perú🇵🇪, con @scotiabankPE y @WorldVisionPeru, enfocado en mejorar la educación infantil con tecnología, fortalecer el rol familiar con ternura y el apoyo de proyectos juveniles.",2,4,26,1,6.0K
2025-07-15 19:18:16,ScotiabankPE,Aug 29,"Conoce nuestro proyecto en Punchana, Iquitos, Perú🇵🇪, con @ScotiabankPE y @WorldVisionPeru, enfocado en mejorar la educación infantil con tecnología, fortalecer el rol familiar con ternura y el apoyo de proyectos juveniles.",0,4,23,0,5.0K
2025-07-15 19:18:16,ScotiabankPE,Aug 8,Scotiabank lanza Fondo de Impacto Social ScotiaRISE en Perú ⏩n9.cl/bsrmz,6,1,2,0,4.0K
2025-07-15 19:18:16,ScotiabankPE,"Jun 18, 2024","Desde el 2022, hemos implementado el proyecto ""Inclusión Educativa para la Vida"" en Loreto, uno de los departamentos con mayor pobreza monetaria. Esta iniciativa, en alianza con @ScotiabankPE y @FundacioFCB, tiene como objetivo mejorar la calidad educativa de las niñas y niños.",5,1,3,0,5.0K
2025-07-15 19:18:16,ScotiabankPE,"Jun 13, 2024","En nuestro compromiso con el bienestar de la niñez, desde el 2022 implementamos el proyecto ""Inclusión Educativa para la Vida"" con el apoyo de @ScotiabankPE y la @FCBarcelona, para brindar acceso a una educación de calidad a las niñas y niños. 

#Scotiabank #FundacionBarcelona",2,6,9,0,4.0K
2025-07-15 19:18:16,ScotiabankPE,"Jun 14, 2024","Somos y seremos sus más grandes hinchas. ⚽️Etiquétalo y dile por qué lo eres. ❤️

#ScotiabankPerú #HablemosEnSerio #DíaDelPadre",18,0,4,0,4.0K
2025-07-15 20:24:06,ScotiabankPE,Jul 14,"¡Imperdible!​ 🤗ESPECIAL.21  “SÁCALE PROVECHO A TU GRATI”​

¿Sabías que los expertos recomiendan destinar el 30% al ahorro o inversión?​

¿Cuáles son tus objetivos?  ¿cuál es tu situación financiera? ¿puedes invertir?  Estas y  otras consideraciones  mañana en nuestro especial.…",1,2,1,1,856
2025-07-15 20:24:06,ScotiabankPE,Jul 10,"#EntrevistaSE. El CFO de @ScotiabankPE, Marcelo Rodríguez, cuenta que la reciente emisión por US$400 millones busca transmitir un mensaje de permanencia de largo plazo en el Perú.

Por @cabecitaterri.
semanaeconomica.com/economia-finan…",1,2,3,0,600
2025-07-15 20:24:06,ScotiabankPE,Jun 27,".@ScotiabankPE captó US$400 millones en emisión internacional de bonos subordinados. 

semanaeconomica.com/que-esta-pasan…",3,1,1,0,894
2025-07-15 20:24:06,ScotiabankPE,Jun 24,".@ScotiabankPE lanza roadshow internacional previo a nueva emisión de bonos por US$1,000 millones. Scotiabank contrató a @GoldmanSachs y Scotia Capital para presentar la operación ante inversionistas institucionales.
semanaeconomica.com/que-esta-pasan…",0,1,0,0,888
2025-07-15 20:24:06,ScotiabankPE,Jun 20,"Agradecemos a nuestro auspiciador PLATA 🎊 @ScotiabankPE, quién se une a la 30° edición de #CADEUniversitario, el encuentro de jóvenes líderes más importante del país, y se suma a nuestro compromiso de construir un Perú más desarrollado.

Conoce más aquí 👉…",0,1,2,0,447
2025-07-15 20:24:06,ScotiabankPE,Jun 6,"#BrandedContent.  La alta dirección de @ScotiabankPE, liderada por su CEO global, llegó a Perú y sostuvo reuniones con clientes estratégicos y reafirmó la importancia del mercado peruano en su operación internacional.
semanaeconomica.com/economia-finan…",1,1,2,0,977
2025-07-15 20:24:06,ScotiabankPE,May 26,"#BrandedContent.  La alta dirección de @ScotiabankPE, liderada por su CEO global, llegó a Perú y sostuvo reuniones con clientes estratégicos y reafirmó la importancia del mercado peruano en su operación internacional.
semanaeconomica.com/economia-finan…",1,1,2,1,1.0K
2025-07-15 20:24:06,ScotiabankPE,May 22,"#BrandedContent.  La alta dirección de @ScotiabankPE, liderada por su CEO global, llegó a Perú y sostuvo reuniones con clientes estratégicos y reafirmó la importancia del mercado peruano en su operación internacional. 

Conoce más: acortar.link/oCt094",1,1,3,0,1.0K
2025-07-15 20:24:06,ScotiabankPE,Apr 28,"#NotaInformativa | Buscando fortalecer la inversión privada y dinamizar el crecimiento económico, 📈 el ministro @Jose_SalardiR, junto con el director de Sistema Financiero y Mercado de Capitales de la Dirección General de Mercados Financieros y Previsional Privado, Óscar Orcón,…",1,2,5,1,1.0K
2025-07-15 20:24:06,ScotiabankPE,Mar 26,"#BrandedContent. @ScotiabankPE ha sido reconocido por segundo año consecutivo como líder de Banca Privada en Perú por Global Finance.
semanaeconomica.com/economia-finan…",8,1,0,0,2.0K
2025-07-15 20:24:06,ScotiabankPE,Mar 12,"#BrandedContent. @ScotiabankPE ha sido reconocido por segundo año consecutivo como líder de Banca Privada en Perú por Global Finance.

semanaeconomica.com/economia-finan…",4,2,0,0,2.0K
2025-07-15 20:24:06,ScotiabankPE,Mar 7,"#BrandedContent. @ScotiabankPE ha sido reconocido por segundo año consecutivo como líder de Banca Privada en Perú por Global Finance. Tras el reconocimiento, Patricia Martinez, Head de banca privada en Scotiabank, explica las acciones realizadas para lograr el reconocimiento, así…",6,1,1,0,1.0K
2025-07-15 20:24:06,ScotiabankPE,Mar 7,En Scotiabank te reconocemos tus logros y nos comprometemos a seguir trabajando por la equidad todos los días del año. #8MTodosLosDías. 💜 #8MTODOSLOSDÍAS,14,1,6,0,2.0K
2025-07-15 20:24:06,ScotiabankPE,Oct 16,"#BrandedContent. @ScotiabankPE presentó oficialmente a Sebastián Arcuri como su nuevo CEO, y junto a su CEO Global y Head of International Banking, reforzó su compromiso con sus clientes y el desarrollo del país.

Conoce más: acortar.link/Cg9UF1",19,2,10,1,7.0K
2025-07-15 20:24:06,ScotiabankPE,Sep 10,"Conoce nuestro proyecto en Punchan, Iquitos, Perú🇵🇪, con @scotiabankPE y @WorldVisionPeru, enfocado en mejorar la educación infantil con tecnología, fortalecer el rol familiar con ternura y el apoyo de proyectos juveniles.",2,4,26,1,6.0K
2025-07-15 20:24:06,ScotiabankPE,Aug 29,"Conoce nuestro proyecto en Punchana, Iquitos, Perú🇵🇪, con @ScotiabankPE y @WorldVisionPeru, enfocado en mejorar la educación infantil con tecnología, fortalecer el rol familiar con ternura y el apoyo de proyectos juveniles.",0,4,23,0,5.0K
2025-07-15 20:24:06,ScotiabankPE,Aug 8,Scotiabank lanza Fondo de Impacto Social ScotiaRISE en Perú ⏩n9.cl/bsrmz,6,1,2,0,4.0K
2025-07-15 20:24:06,ScotiabankPE,"Jun 18, 2024","Desde el 2022, hemos implementado el proyecto ""Inclusión Educativa para la Vida"" en Loreto, uno de los departamentos con mayor pobreza monetaria. Esta iniciativa, en alianza con @ScotiabankPE y @FundacioFCB, tiene como objetivo mejorar la calidad educativa de las niñas y niños.",5,1,3,0,5.0K
2025-07-15 20:24:06,ScotiabankPE,"Jun 13, 2024","En nuestro compromiso con el bienestar de la niñez, desde el 2022 implementamos el proyecto ""Inclusión Educativa para la Vida"" con el apoyo de @ScotiabankPE y la @FCBarcelona, para brindar acceso a una educación de calidad a las niñas y niños. 

#Scotiabank #FundacionBarcelona",2,6,9,0,4.0K
2025-07-15 20:24:06,ScotiabankPE,"Jun 14, 2024","Somos y seremos sus más grandes hinchas. ⚽️Etiquétalo y dile por qué lo eres. ❤️

#ScotiabankPerú #HablemosEnSerio #DíaDelPadre",18,0,4,0,4.0K
2025-07-15 23:19:53,ScotiabankPE,Jul 14,"¡Imperdible!​ 🤗ESPECIAL.21  “SÁCALE PROVECHO A TU GRATI”​

¿Sabías que los expertos recomiendan destinar el 30% al ahorro o inversión?​

¿Cuáles son tus objetivos?  ¿cuál es tu situación financiera? ¿puedes invertir?  Estas y  otras consideraciones  mañana en nuestro especial.…",1,2,1,1,860
2025-07-15 23:19:53,ScotiabankPE,Jul 10,"#EntrevistaSE. El CFO de @ScotiabankPE, Marcelo Rodríguez, cuenta que la reciente emisión por US$400 millones busca transmitir un mensaje de permanencia de largo plazo en el Perú.

Por @cabecitaterri.
semanaeconomica.com/economia-finan…",1,2,3,0,602
2025-07-15 23:19:53,ScotiabankPE,Jun 27,".@ScotiabankPE captó US$400 millones en emisión internacional de bonos subordinados. 

semanaeconomica.com/que-esta-pasan…",3,1,1,0,894
2025-07-15 23:19:53,ScotiabankPE,Jun 24,".@ScotiabankPE lanza roadshow internacional previo a nueva emisión de bonos por US$1,000 millones. Scotiabank contrató a @GoldmanSachs y Scotia Capital para presentar la operación ante inversionistas institucionales.
semanaeconomica.com/que-esta-pasan…",0,1,0,0,888
2025-07-15 23:19:53,ScotiabankPE,Jun 20,"Agradecemos a nuestro auspiciador PLATA 🎊 @ScotiabankPE, quién se une a la 30° edición de #CADEUniversitario, el encuentro de jóvenes líderes más importante del país, y se suma a nuestro compromiso de construir un Perú más desarrollado.

Conoce más aquí 👉…",0,1,2,0,447
2025-07-15 23:19:53,ScotiabankPE,Jun 6,"#BrandedContent.  La alta dirección de @ScotiabankPE, liderada por su CEO global, llegó a Perú y sostuvo reuniones con clientes estratégicos y reafirmó la importancia del mercado peruano en su operación internacional.
semanaeconomica.com/economia-finan…",1,1,2,0,977
2025-07-15 23:19:53,ScotiabankPE,May 26,"#BrandedContent.  La alta dirección de @ScotiabankPE, liderada por su CEO global, llegó a Perú y sostuvo reuniones con clientes estratégicos y reafirmó la importancia del mercado peruano en su operación internacional.
semanaeconomica.com/economia-finan…",1,1,2,1,1.0K
2025-07-15 23:19:53,ScotiabankPE,May 22,"#BrandedContent.  La alta dirección de @ScotiabankPE, liderada por su CEO global, llegó a Perú y sostuvo reuniones con clientes estratégicos y reafirmó la importancia del mercado peruano en su operación internacional. 

Conoce más: acortar.link/oCt094",1,1,3,0,1.0K
2025-07-15 23:19:53,ScotiabankPE,Apr 28,"#NotaInformativa | Buscando fortalecer la inversión privada y dinamizar el crecimiento económico, 📈 el ministro @Jose_SalardiR, junto con el director de Sistema Financiero y Mercado de Capitales de la Dirección General de Mercados Financieros y Previsional Privado, Óscar Orcón,…",1,2,5,1,1.0K
2025-07-15 23:19:53,ScotiabankPE,Mar 26,"#BrandedContent. @ScotiabankPE ha sido reconocido por segundo año consecutivo como líder de Banca Privada en Perú por Global Finance.
semanaeconomica.com/economia-finan…",8,1,0,0,2.0K
2025-07-15 23:19:53,ScotiabankPE,Mar 12,"#BrandedContent. @ScotiabankPE ha sido reconocido por segundo año consecutivo como líder de Banca Privada en Perú por Global Finance.

semanaeconomica.com/economia-finan…",4,2,0,0,2.0K
2025-07-15 23:19:53,ScotiabankPE,Mar 7,"#BrandedContent. @ScotiabankPE ha sido reconocido por segundo año consecutivo como líder de Banca Privada en Perú por Global Finance. Tras el reconocimiento, Patricia Martinez, Head de banca privada en Scotiabank, explica las acciones realizadas para lograr el reconocimiento, así…",6,1,1,0,1.0K
2025-07-15 23:19:53,ScotiabankPE,Mar 7,En Scotiabank te reconocemos tus logros y nos comprometemos a seguir trabajando por la equidad todos los días del año. #8MTodosLosDías. 💜 #8MTODOSLOSDÍAS,14,1,6,0,2.0K
2025-07-15 23:19:53,ScotiabankPE,Oct 16,"#BrandedContent. @ScotiabankPE presentó oficialmente a Sebastián Arcuri como su nuevo CEO, y junto a su CEO Global y Head of International Banking, reforzó su compromiso con sus clientes y el desarrollo del país.

Conoce más: acortar.link/Cg9UF1",19,2,10,1,7.0K
2025-07-15 23:19:53,ScotiabankPE,Sep 10,"Conoce nuestro proyecto en Punchan, Iquitos, Perú🇵🇪, con @scotiabankPE y @WorldVisionPeru, enfocado en mejorar la educación infantil con tecnología, fortalecer el rol familiar con ternura y el apoyo de proyectos juveniles.",2,4,26,1,6.0K
2025-07-15 23:19:53,ScotiabankPE,Aug 29,"Conoce nuestro proyecto en Punchana, Iquitos, Perú🇵🇪, con @ScotiabankPE y @WorldVisionPeru, enfocado en mejorar la educación infantil con tecnología, fortalecer el rol familiar con ternura y el apoyo de proyectos juveniles.",0,4,23,0,5.0K
2025-07-15 23:19:53,ScotiabankPE,Aug 8,Scotiabank lanza Fondo de Impacto Social ScotiaRISE en Perú ⏩n9.cl/bsrmz,6,1,2,0,4.0K
2025-07-15 23:19:53,ScotiabankPE,"Jun 18, 2024","Desde el 2022, hemos implementado el proyecto ""Inclusión Educativa para la Vida"" en Loreto, uno de los departamentos con mayor pobreza monetaria. Esta iniciativa, en alianza con @ScotiabankPE y @FundacioFCB, tiene como objetivo mejorar la calidad educativa de las niñas y niños.",5,1,3,0,5.0K
2025-07-15 23:19:53,ScotiabankPE,"Jun 13, 2024","En nuestro compromiso con el bienestar de la niñez, desde el 2022 implementamos el proyecto ""Inclusión Educativa para la Vida"" con el apoyo de @ScotiabankPE y la @FCBarcelona, para brindar acceso a una educación de calidad a las niñas y niños. 

#Scotiabank #FundacionBarcelona",2,6,9,0,4.0K
2025-07-15 23:19:53,ScotiabankPE,"Jun 14, 2024","Somos y seremos sus más grandes hinchas. ⚽️Etiquétalo y dile por qué lo eres. ❤️

#ScotiabankPerú #HablemosEnSerio #DíaDelPadre",18,0,4,0,4.0K
2025-07-16 01:46:10,ScotiabankPE,Jul 14,"¡Imperdible!​ 🤗ESPECIAL.21  “SÁCALE PROVECHO A TU GRATI”​

¿Sabías que los expertos recomiendan destinar el 30% al ahorro o inversión?​

¿Cuáles son tus objetivos?  ¿cuál es tu situación financiera? ¿puedes invertir?  Estas y  otras consideraciones  mañana en nuestro especial.…",1,2,1,1,864
2025-07-16 01:46:10,ScotiabankPE,Jul 10,"#EntrevistaSE. El CFO de @ScotiabankPE, Marcelo Rodríguez, cuenta que la reciente emisión por US$400 millones busca transmitir un mensaje de permanencia de largo plazo en el Perú.

Por @cabecitaterri.
semanaeconomica.com/economia-finan…",1,2,3,0,605
2025-07-16 01:46:10,ScotiabankPE,Jun 27,".@ScotiabankPE captó US$400 millones en emisión internacional de bonos subordinados. 

semanaeconomica.com/que-esta-pasan…",3,1,1,0,896
2025-07-16 01:46:10,ScotiabankPE,Jun 24,".@ScotiabankPE lanza roadshow internacional previo a nueva emisión de bonos por US$1,000 millones. Scotiabank contrató a @GoldmanSachs y Scotia Capital para presentar la operación ante inversionistas institucionales.
semanaeconomica.com/que-esta-pasan…",0,1,0,0,890
2025-07-16 01:46:10,ScotiabankPE,Jun 20,"Agradecemos a nuestro auspiciador PLATA 🎊 @ScotiabankPE, quién se une a la 30° edición de #CADEUniversitario, el encuentro de jóvenes líderes más importante del país, y se suma a nuestro compromiso de construir un Perú más desarrollado.

Conoce más aquí 👉…",0,1,2,0,448
2025-07-16 01:46:10,ScotiabankPE,Jun 6,"#BrandedContent.  La alta dirección de @ScotiabankPE, liderada por su CEO global, llegó a Perú y sostuvo reuniones con clientes estratégicos y reafirmó la importancia del mercado peruano en su operación internacional.
semanaeconomica.com/economia-finan…",1,1,2,0,977
2025-07-16 01:46:10,ScotiabankPE,May 26,"#BrandedContent.  La alta dirección de @ScotiabankPE, liderada por su CEO global, llegó a Perú y sostuvo reuniones con clientes estratégicos y reafirmó la importancia del mercado peruano en su operación internacional.
semanaeconomica.com/economia-finan…",1,1,2,1,1.0K
2025-07-16 01:46:10,ScotiabankPE,May 22,"#BrandedContent.  La alta dirección de @ScotiabankPE, liderada por su CEO global, llegó a Perú y sostuvo reuniones con clientes estratégicos y reafirmó la importancia del mercado peruano en su operación internacional. 

Conoce más: acortar.link/oCt094",1,1,3,0,1.0K
2025-07-16 01:46:10,ScotiabankPE,Apr 28,"#NotaInformativa | Buscando fortalecer la inversión privada y dinamizar el crecimiento económico, 📈 el ministro @Jose_SalardiR, junto con el director de Sistema Financiero y Mercado de Capitales de la Dirección General de Mercados Financieros y Previsional Privado, Óscar Orcón,…",1,2,5,1,1.0K
2025-07-16 01:46:10,ScotiabankPE,Mar 26,"#BrandedContent. @ScotiabankPE ha sido reconocido por segundo año consecutivo como líder de Banca Privada en Perú por Global Finance.
semanaeconomica.com/economia-finan…",8,1,0,0,2.0K
2025-07-16 01:46:10,ScotiabankPE,Mar 12,"#BrandedContent. @ScotiabankPE ha sido reconocido por segundo año consecutivo como líder de Banca Privada en Perú por Global Finance.

semanaeconomica.com/economia-finan…",4,2,0,0,2.0K
2025-07-16 01:46:10,ScotiabankPE,Mar 7,"#BrandedContent. @ScotiabankPE ha sido reconocido por segundo año consecutivo como líder de Banca Privada en Perú por Global Finance. Tras el reconocimiento, Patricia Martinez, Head de banca privada en Scotiabank, explica las acciones realizadas para lograr el reconocimiento, así…",6,1,1,0,1.0K
2025-07-16 01:46:10,ScotiabankPE,Mar 7,En Scotiabank te reconocemos tus logros y nos comprometemos a seguir trabajando por la equidad todos los días del año. #8MTodosLosDías. 💜 #8MTODOSLOSDÍAS,14,1,6,0,2.0K
2025-07-16 01:46:10,ScotiabankPE,Oct 16,"#BrandedContent. @ScotiabankPE presentó oficialmente a Sebastián Arcuri como su nuevo CEO, y junto a su CEO Global y Head of International Banking, reforzó su compromiso con sus clientes y el desarrollo del país.

Conoce más: acortar.link/Cg9UF1",19,2,10,1,7.0K
2025-07-16 01:46:10,ScotiabankPE,Sep 10,"Conoce nuestro proyecto en Punchan, Iquitos, Perú🇵🇪, con @scotiabankPE y @WorldVisionPeru, enfocado en mejorar la educación infantil con tecnología, fortalecer el rol familiar con ternura y el apoyo de proyectos juveniles.",2,4,26,1,6.0K
2025-07-16 01:46:10,ScotiabankPE,Aug 29,"Conoce nuestro proyecto en Punchana, Iquitos, Perú🇵🇪, con @ScotiabankPE y @WorldVisionPeru, enfocado en mejorar la educación infantil con tecnología, fortalecer el rol familiar con ternura y el apoyo de proyectos juveniles.",0,4,23,0,5.0K
2025-07-16 01:46:10,ScotiabankPE,Aug 8,Scotiabank lanza Fondo de Impacto Social ScotiaRISE en Perú ⏩n9.cl/bsrmz,6,1,2,0,4.0K
2025-07-16 01:46:10,ScotiabankPE,"Jun 18, 2024","Desde el 2022, hemos implementado el proyecto ""Inclusión Educativa para la Vida"" en Loreto, uno de los departamentos con mayor pobreza monetaria. Esta iniciativa, en alianza con @ScotiabankPE y @FundacioFCB, tiene como objetivo mejorar la calidad educativa de las niñas y niños.",5,1,3,0,5.0K
2025-07-16 01:46:10,ScotiabankPE,"Jun 13, 2024","En nuestro compromiso con el bienestar de la niñez, desde el 2022 implementamos el proyecto ""Inclusión Educativa para la Vida"" con el apoyo de @ScotiabankPE y la @FCBarcelona, para brindar acceso a una educación de calidad a las niñas y niños. 

#Scotiabank #FundacionBarcelona",2,6,9,0,4.0K
2025-07-16 01:46:10,ScotiabankPE,"Jun 14, 2024","Somos y seremos sus más grandes hinchas. ⚽️Etiquétalo y dile por qué lo eres. ❤️

#ScotiabankPerú #HablemosEnSerio #DíaDelPadre",18,0,4,0,4.0K
2025-07-16 03:28:13,ScotiabankPE,Jul 14,"¡Imperdible!​ 🤗ESPECIAL.21  “SÁCALE PROVECHO A TU GRATI”​

¿Sabías que los expertos recomiendan destinar el 30% al ahorro o inversión?​

¿Cuáles son tus objetivos?  ¿cuál es tu situación financiera? ¿puedes invertir?  Estas y  otras consideraciones  mañana en nuestro especial.…",1,2,1,1,867
2025-07-16 03:28:13,ScotiabankPE,Jul 10,"#EntrevistaSE. El CFO de @ScotiabankPE, Marcelo Rodríguez, cuenta que la reciente emisión por US$400 millones busca transmitir un mensaje de permanencia de largo plazo en el Perú.

Por @cabecitaterri.
semanaeconomica.com/economia-finan…",1,2,3,0,605
2025-07-16 03:28:13,ScotiabankPE,Jun 27,".@ScotiabankPE captó US$400 millones en emisión internacional de bonos subordinados. 

semanaeconomica.com/que-esta-pasan…",3,1,1,0,896
2025-07-16 03:28:13,ScotiabankPE,Jun 24,".@ScotiabankPE lanza roadshow internacional previo a nueva emisión de bonos por US$1,000 millones. Scotiabank contrató a @GoldmanSachs y Scotia Capital para presentar la operación ante inversionistas institucionales.
semanaeconomica.com/que-esta-pasan…",0,1,0,0,890
2025-07-16 03:28:13,ScotiabankPE,Jun 20,"Agradecemos a nuestro auspiciador PLATA 🎊 @ScotiabankPE, quién se une a la 30° edición de #CADEUniversitario, el encuentro de jóvenes líderes más importante del país, y se suma a nuestro compromiso de construir un Perú más desarrollado.

Conoce más aquí 👉…",0,1,2,0,448
2025-07-16 03:28:13,ScotiabankPE,Jun 6,"#BrandedContent.  La alta dirección de @ScotiabankPE, liderada por su CEO global, llegó a Perú y sostuvo reuniones con clientes estratégicos y reafirmó la importancia del mercado peruano en su operación internacional.
semanaeconomica.com/economia-finan…",1,1,2,0,977
2025-07-16 03:28:13,ScotiabankPE,May 26,"#BrandedContent.  La alta dirección de @ScotiabankPE, liderada por su CEO global, llegó a Perú y sostuvo reuniones con clientes estratégicos y reafirmó la importancia del mercado peruano en su operación internacional.
semanaeconomica.com/economia-finan…",1,1,2,1,1.0K
2025-07-16 03:28:13,ScotiabankPE,May 22,"#BrandedContent.  La alta dirección de @ScotiabankPE, liderada por su CEO global, llegó a Perú y sostuvo reuniones con clientes estratégicos y reafirmó la importancia del mercado peruano en su operación internacional. 

Conoce más: acortar.link/oCt094",1,1,3,0,1.0K
2025-07-16 03:28:13,ScotiabankPE,Apr 28,"#NotaInformativa | Buscando fortalecer la inversión privada y dinamizar el crecimiento económico, 📈 el ministro @Jose_SalardiR, junto con el director de Sistema Financiero y Mercado de Capitales de la Dirección General de Mercados Financieros y Previsional Privado, Óscar Orcón,…",1,2,5,1,1.0K
2025-07-16 03:28:13,ScotiabankPE,Mar 26,"#BrandedContent. @ScotiabankPE ha sido reconocido por segundo año consecutivo como líder de Banca Privada en Perú por Global Finance.
semanaeconomica.com/economia-finan…",8,1,0,0,2.0K
2025-07-16 03:28:13,ScotiabankPE,Mar 12,"#BrandedContent. @ScotiabankPE ha sido reconocido por segundo año consecutivo como líder de Banca Privada en Perú por Global Finance.

semanaeconomica.com/economia-finan…",4,2,0,0,2.0K
2025-07-16 03:28:13,ScotiabankPE,Mar 7,"#BrandedContent. @ScotiabankPE ha sido reconocido por segundo año consecutivo como líder de Banca Privada en Perú por Global Finance. Tras el reconocimiento, Patricia Martinez, Head de banca privada en Scotiabank, explica las acciones realizadas para lograr el reconocimiento, así…",6,1,1,0,1.0K
2025-07-16 03:28:13,ScotiabankPE,Mar 7,En Scotiabank te reconocemos tus logros y nos comprometemos a seguir trabajando por la equidad todos los días del año. #8MTodosLosDías. 💜 #8MTODOSLOSDÍAS,14,1,6,0,2.0K
2025-07-16 03:28:13,ScotiabankPE,Oct 16,"#BrandedContent. @ScotiabankPE presentó oficialmente a Sebastián Arcuri como su nuevo CEO, y junto a su CEO Global y Head of International Banking, reforzó su compromiso con sus clientes y el desarrollo del país.

Conoce más: acortar.link/Cg9UF1",19,2,10,1,7.0K
2025-07-16 03:28:13,ScotiabankPE,Sep 10,"Conoce nuestro proyecto en Punchan, Iquitos, Perú🇵🇪, con @scotiabankPE y @WorldVisionPeru, enfocado en mejorar la educación infantil con tecnología, fortalecer el rol familiar con ternura y el apoyo de proyectos juveniles.",2,4,26,1,6.0K
2025-07-16 03:28:13,ScotiabankPE,Aug 29,"Conoce nuestro proyecto en Punchana, Iquitos, Perú🇵🇪, con @ScotiabankPE y @WorldVisionPeru, enfocado en mejorar la educación infantil con tecnología, fortalecer el rol familiar con ternura y el apoyo de proyectos juveniles.",0,4,23,0,5.0K
2025-07-16 03:28:13,ScotiabankPE,Aug 8,Scotiabank lanza Fondo de Impacto Social ScotiaRISE en Perú ⏩n9.cl/bsrmz,6,1,2,0,4.0K
2025-07-16 03:28:13,ScotiabankPE,"Jun 18, 2024","Desde el 2022, hemos implementado el proyecto ""Inclusión Educativa para la Vida"" en Loreto, uno de los departamentos con mayor pobreza monetaria. Esta iniciativa, en alianza con @ScotiabankPE y @FundacioFCB, tiene como objetivo mejorar la calidad educativa de las niñas y niños.",5,1,3,0,5.0K
2025-07-16 03:28:13,ScotiabankPE,"Jun 13, 2024","En nuestro compromiso con el bienestar de la niñez, desde el 2022 implementamos el proyecto ""Inclusión Educativa para la Vida"" con el apoyo de @ScotiabankPE y la @FCBarcelona, para brindar acceso a una educación de calidad a las niñas y niños. 

#Scotiabank #FundacionBarcelona",2,6,9,0,4.0K
2025-07-16 03:28:13,ScotiabankPE,"Jun 14, 2024","Somos y seremos sus más grandes hinchas. ⚽️Etiquétalo y dile por qué lo eres. ❤️

#ScotiabankPerú #HablemosEnSerio #DíaDelPadre",18,0,4,0,4.0K
2025-07-16 04:38:43,ScotiabankPE,Jul 14,"¡Imperdible!​ 🤗ESPECIAL.21  “SÁCALE PROVECHO A TU GRATI”​

¿Sabías que los expertos recomiendan destinar el 30% al ahorro o inversión?​

¿Cuáles son tus objetivos?  ¿cuál es tu situación financiera? ¿puedes invertir?  Estas y  otras consideraciones  mañana en nuestro especial.…",1,2,1,1,872
2025-07-16 04:38:43,ScotiabankPE,Jul 10,"#EntrevistaSE. El CFO de @ScotiabankPE, Marcelo Rodríguez, cuenta que la reciente emisión por US$400 millones busca transmitir un mensaje de permanencia de largo plazo en el Perú.

Por @cabecitaterri.
semanaeconomica.com/economia-finan…",1,2,3,0,608
2025-07-16 04:38:43,ScotiabankPE,Jun 27,".@ScotiabankPE captó US$400 millones en emisión internacional de bonos subordinados. 

semanaeconomica.com/que-esta-pasan…",3,1,1,0,896
2025-07-16 04:38:43,ScotiabankPE,Jun 24,".@ScotiabankPE lanza roadshow internacional previo a nueva emisión de bonos por US$1,000 millones. Scotiabank contrató a @GoldmanSachs y Scotia Capital para presentar la operación ante inversionistas institucionales.
semanaeconomica.com/que-esta-pasan…",0,1,0,0,890
2025-07-16 04:38:43,ScotiabankPE,Jun 20,"Agradecemos a nuestro auspiciador PLATA 🎊 @ScotiabankPE, quién se une a la 30° edición de #CADEUniversitario, el encuentro de jóvenes líderes más importante del país, y se suma a nuestro compromiso de construir un Perú más desarrollado.

Conoce más aquí 👉…",0,1,2,0,448
2025-07-16 04:38:43,ScotiabankPE,Jun 6,"#BrandedContent.  La alta dirección de @ScotiabankPE, liderada por su CEO global, llegó a Perú y sostuvo reuniones con clientes estratégicos y reafirmó la importancia del mercado peruano en su operación internacional.
semanaeconomica.com/economia-finan…",1,1,2,0,977
2025-07-16 04:38:43,ScotiabankPE,May 26,"#BrandedContent.  La alta dirección de @ScotiabankPE, liderada por su CEO global, llegó a Perú y sostuvo reuniones con clientes estratégicos y reafirmó la importancia del mercado peruano en su operación internacional.
semanaeconomica.com/economia-finan…",1,1,2,1,1.0K
2025-07-16 04:38:43,ScotiabankPE,May 22,"#BrandedContent.  La alta dirección de @ScotiabankPE, liderada por su CEO global, llegó a Perú y sostuvo reuniones con clientes estratégicos y reafirmó la importancia del mercado peruano en su operación internacional. 

Conoce más: acortar.link/oCt094",1,1,3,0,1.0K
2025-07-16 04:38:43,ScotiabankPE,Apr 28,"#NotaInformativa | Buscando fortalecer la inversión privada y dinamizar el crecimiento económico, 📈 el ministro @Jose_SalardiR, junto con el director de Sistema Financiero y Mercado de Capitales de la Dirección General de Mercados Financieros y Previsional Privado, Óscar Orcón,…",1,2,5,1,1.0K
2025-07-16 04:38:43,ScotiabankPE,Mar 26,"#BrandedContent. @ScotiabankPE ha sido reconocido por segundo año consecutivo como líder de Banca Privada en Perú por Global Finance.
semanaeconomica.com/economia-finan…",8,1,0,0,2.0K
2025-07-16 04:38:43,ScotiabankPE,Mar 12,"#BrandedContent. @ScotiabankPE ha sido reconocido por segundo año consecutivo como líder de Banca Privada en Perú por Global Finance.

semanaeconomica.com/economia-finan…",4,2,0,0,2.0K
2025-07-16 04:38:43,ScotiabankPE,Mar 7,"#BrandedContent. @ScotiabankPE ha sido reconocido por segundo año consecutivo como líder de Banca Privada en Perú por Global Finance. Tras el reconocimiento, Patricia Martinez, Head de banca privada en Scotiabank, explica las acciones realizadas para lograr el reconocimiento, así…",6,1,1,0,1.0K
2025-07-16 04:38:43,ScotiabankPE,Mar 7,En Scotiabank te reconocemos tus logros y nos comprometemos a seguir trabajando por la equidad todos los días del año. #8MTodosLosDías. 💜 #8MTODOSLOSDÍAS,14,1,6,0,2.0K
2025-07-16 04:38:43,ScotiabankPE,Oct 16,"#BrandedContent. @ScotiabankPE presentó oficialmente a Sebastián Arcuri como su nuevo CEO, y junto a su CEO Global y Head of International Banking, reforzó su compromiso con sus clientes y el desarrollo del país.

Conoce más: acortar.link/Cg9UF1",19,2,10,1,7.0K
2025-07-16 04:38:43,ScotiabankPE,Sep 10,"Conoce nuestro proyecto en Punchan, Iquitos, Perú🇵🇪, con @scotiabankPE y @WorldVisionPeru, enfocado en mejorar la educación infantil con tecnología, fortalecer el rol familiar con ternura y el apoyo de proyectos juveniles.",2,4,26,1,6.0K
2025-07-16 04:38:43,ScotiabankPE,Aug 29,"Conoce nuestro proyecto en Punchana, Iquitos, Perú🇵🇪, con @ScotiabankPE y @WorldVisionPeru, enfocado en mejorar la educación infantil con tecnología, fortalecer el rol familiar con ternura y el apoyo de proyectos juveniles.",0,4,23,0,5.0K
2025-07-16 04:38:43,ScotiabankPE,Aug 8,Scotiabank lanza Fondo de Impacto Social ScotiaRISE en Perú ⏩n9.cl/bsrmz,6,1,2,0,4.0K
2025-07-16 04:38:43,ScotiabankPE,"Jun 18, 2024","Desde el 2022, hemos implementado el proyecto ""Inclusión Educativa para la Vida"" en Loreto, uno de los departamentos con mayor pobreza monetaria. Esta iniciativa, en alianza con @ScotiabankPE y @FundacioFCB, tiene como objetivo mejorar la calidad educativa de las niñas y niños.",5,1,3,0,5.0K
2025-07-16 04:38:43,ScotiabankPE,"Jun 13, 2024","En nuestro compromiso con el bienestar de la niñez, desde el 2022 implementamos el proyecto ""Inclusión Educativa para la Vida"" con el apoyo de @ScotiabankPE y la @FCBarcelona, para brindar acceso a una educación de calidad a las niñas y niños. 

#Scotiabank #FundacionBarcelona",2,6,9,0,4.0K
2025-07-16 04:38:43,ScotiabankPE,"Jun 14, 2024","Somos y seremos sus más grandes hinchas. ⚽️Etiquétalo y dile por qué lo eres. ❤️

#ScotiabankPerú #HablemosEnSerio #DíaDelPadre",18,0,4,0,4.0K
2025-07-16 05:26:16,ScotiabankPE,Jul 14,"¡Imperdible!​ 🤗ESPECIAL.21  “SÁCALE PROVECHO A TU GRATI”​

¿Sabías que los expertos recomiendan destinar el 30% al ahorro o inversión?​

¿Cuáles son tus objetivos?  ¿cuál es tu situación financiera? ¿puedes invertir?  Estas y  otras consideraciones  mañana en nuestro especial.…",1,2,1,1,883
2025-07-16 05:26:16,ScotiabankPE,Jul 10,"#EntrevistaSE. El CFO de @ScotiabankPE, Marcelo Rodríguez, cuenta que la reciente emisión por US$400 millones busca transmitir un mensaje de permanencia de largo plazo en el Perú.

Por @cabecitaterri.
semanaeconomica.com/economia-finan…",1,2,3,0,629
2025-07-16 05:26:16,ScotiabankPE,Jun 27,".@ScotiabankPE captó US$400 millones en emisión internacional de bonos subordinados. 

semanaeconomica.com/que-esta-pasan…",3,1,1,0,904
2025-07-16 05:26:16,ScotiabankPE,Jun 24,".@ScotiabankPE lanza roadshow internacional previo a nueva emisión de bonos por US$1,000 millones. Scotiabank contrató a @GoldmanSachs y Scotia Capital para presentar la operación ante inversionistas institucionales.
semanaeconomica.com/que-esta-pasan…",0,1,0,0,895
2025-07-16 05:26:16,ScotiabankPE,Jun 20,"Agradecemos a nuestro auspiciador PLATA 🎊 @ScotiabankPE, quién se une a la 30° edición de #CADEUniversitario, el encuentro de jóvenes líderes más importante del país, y se suma a nuestro compromiso de construir un Perú más desarrollado.

Conoce más aquí 👉…",0,1,2,0,452
2025-07-16 05:26:16,ScotiabankPE,Jun 6,"#BrandedContent.  La alta dirección de @ScotiabankPE, liderada por su CEO global, llegó a Perú y sostuvo reuniones con clientes estratégicos y reafirmó la importancia del mercado peruano en su operación internacional.
semanaeconomica.com/economia-finan…",1,1,2,0,977
2025-07-16 05:26:16,ScotiabankPE,May 26,"#BrandedContent.  La alta dirección de @ScotiabankPE, liderada por su CEO global, llegó a Perú y sostuvo reuniones con clientes estratégicos y reafirmó la importancia del mercado peruano en su operación internacional.
semanaeconomica.com/economia-finan…",1,1,2,1,1.0K
2025-07-16 05:26:16,ScotiabankPE,May 22,"#BrandedContent.  La alta dirección de @ScotiabankPE, liderada por su CEO global, llegó a Perú y sostuvo reuniones con clientes estratégicos y reafirmó la importancia del mercado peruano en su operación internacional. 

Conoce más: acortar.link/oCt094",1,1,3,0,1.0K
2025-07-16 05:26:16,ScotiabankPE,Apr 28,"#NotaInformativa | Buscando fortalecer la inversión privada y dinamizar el crecimiento económico, 📈 el ministro @Jose_SalardiR, junto con el director de Sistema Financiero y Mercado de Capitales de la Dirección General de Mercados Financieros y Previsional Privado, Óscar Orcón,…",1,2,5,1,1.0K
2025-07-16 05:26:16,ScotiabankPE,Mar 26,"#BrandedContent. @ScotiabankPE ha sido reconocido por segundo año consecutivo como líder de Banca Privada en Perú por Global Finance.
semanaeconomica.com/economia-finan…",8,1,0,0,2.0K
2025-07-16 05:26:16,ScotiabankPE,Mar 12,"#BrandedContent. @ScotiabankPE ha sido reconocido por segundo año consecutivo como líder de Banca Privada en Perú por Global Finance.

semanaeconomica.com/economia-finan…",4,2,0,0,2.0K
2025-07-16 05:26:16,ScotiabankPE,Mar 7,"#BrandedContent. @ScotiabankPE ha sido reconocido por segundo año consecutivo como líder de Banca Privada en Perú por Global Finance. Tras el reconocimiento, Patricia Martinez, Head de banca privada en Scotiabank, explica las acciones realizadas para lograr el reconocimiento, así…",6,1,1,0,1.0K
2025-07-16 05:26:16,ScotiabankPE,Mar 7,En Scotiabank te reconocemos tus logros y nos comprometemos a seguir trabajando por la equidad todos los días del año. #8MTodosLosDías. 💜 #8MTODOSLOSDÍAS,14,1,6,0,2.0K
2025-07-16 05:26:16,ScotiabankPE,Oct 16,"#BrandedContent. @ScotiabankPE presentó oficialmente a Sebastián Arcuri como su nuevo CEO, y junto a su CEO Global y Head of International Banking, reforzó su compromiso con sus clientes y el desarrollo del país.

Conoce más: acortar.link/Cg9UF1",19,2,10,1,7.0K
2025-07-16 05:26:16,ScotiabankPE,Sep 10,"Conoce nuestro proyecto en Punchan, Iquitos, Perú🇵🇪, con @scotiabankPE y @WorldVisionPeru, enfocado en mejorar la educación infantil con tecnología, fortalecer el rol familiar con ternura y el apoyo de proyectos juveniles.",2,4,26,1,6.0K
2025-07-16 05:26:16,ScotiabankPE,Aug 29,"Conoce nuestro proyecto en Punchana, Iquitos, Perú🇵🇪, con @ScotiabankPE y @WorldVisionPeru, enfocado en mejorar la educación infantil con tecnología, fortalecer el rol familiar con ternura y el apoyo de proyectos juveniles.",0,4,23,0,5.0K
2025-07-16 05:26:16,ScotiabankPE,Aug 8,Scotiabank lanza Fondo de Impacto Social ScotiaRISE en Perú ⏩n9.cl/bsrmz,6,1,2,0,4.0K
2025-07-16 05:26:16,ScotiabankPE,"Jun 18, 2024","Desde el 2022, hemos implementado el proyecto ""Inclusión Educativa para la Vida"" en Loreto, uno de los departamentos con mayor pobreza monetaria. Esta iniciativa, en alianza con @ScotiabankPE y @FundacioFCB, tiene como objetivo mejorar la calidad educativa de las niñas y niños.",5,1,3,0,5.0K
2025-07-16 05:26:16,ScotiabankPE,"Jun 13, 2024","En nuestro compromiso con el bienestar de la niñez, desde el 2022 implementamos el proyecto ""Inclusión Educativa para la Vida"" con el apoyo de @ScotiabankPE y la @FCBarcelona, para brindar acceso a una educación de calidad a las niñas y niños. 

#Scotiabank #FundacionBarcelona",2,6,9,0,4.0K
2025-07-16 05:26:16,ScotiabankPE,"Jun 14, 2024","Somos y seremos sus más grandes hinchas. ⚽️Etiquétalo y dile por qué lo eres. ❤️

#ScotiabankPerú #HablemosEnSerio #DíaDelPadre",18,0,4,0,4.0K
2025-07-16 06:32:07,ScotiabankPE,Jul 14,"¡Imperdible!​ 🤗ESPECIAL.21  “SÁCALE PROVECHO A TU GRATI”​

¿Sabías que los expertos recomiendan destinar el 30% al ahorro o inversión?​

¿Cuáles son tus objetivos?  ¿cuál es tu situación financiera? ¿puedes invertir?  Estas y  otras consideraciones  mañana en nuestro especial.…",1,2,1,1,889
2025-07-16 06:32:07,ScotiabankPE,Jul 10,"#EntrevistaSE. El CFO de @ScotiabankPE, Marcelo Rodríguez, cuenta que la reciente emisión por US$400 millones busca transmitir un mensaje de permanencia de largo plazo en el Perú.

Por @cabecitaterri.
semanaeconomica.com/economia-finan…",1,2,3,0,635
2025-07-16 06:32:07,ScotiabankPE,Jun 27,".@ScotiabankPE captó US$400 millones en emisión internacional de bonos subordinados. 

semanaeconomica.com/que-esta-pasan…",3,1,1,0,906
2025-07-16 06:32:07,ScotiabankPE,Jun 24,".@ScotiabankPE lanza roadshow internacional previo a nueva emisión de bonos por US$1,000 millones. Scotiabank contrató a @GoldmanSachs y Scotia Capital para presentar la operación ante inversionistas institucionales.
semanaeconomica.com/que-esta-pasan…",0,1,0,0,897
2025-07-16 06:32:07,ScotiabankPE,Jun 20,"Agradecemos a nuestro auspiciador PLATA 🎊 @ScotiabankPE, quién se une a la 30° edición de #CADEUniversitario, el encuentro de jóvenes líderes más importante del país, y se suma a nuestro compromiso de construir un Perú más desarrollado.

Conoce más aquí 👉…",0,1,2,0,454
2025-07-16 06:32:07,ScotiabankPE,Jun 6,"#BrandedContent.  La alta dirección de @ScotiabankPE, liderada por su CEO global, llegó a Perú y sostuvo reuniones con clientes estratégicos y reafirmó la importancia del mercado peruano en su operación internacional.
semanaeconomica.com/economia-finan…",1,1,2,0,978
2025-07-16 06:32:07,ScotiabankPE,May 26,"#BrandedContent.  La alta dirección de @ScotiabankPE, liderada por su CEO global, llegó a Perú y sostuvo reuniones con clientes estratégicos y reafirmó la importancia del mercado peruano en su operación internacional.
semanaeconomica.com/economia-finan…",1,1,2,1,1.0K
2025-07-16 06:32:07,ScotiabankPE,May 22,"#BrandedContent.  La alta dirección de @ScotiabankPE, liderada por su CEO global, llegó a Perú y sostuvo reuniones con clientes estratégicos y reafirmó la importancia del mercado peruano en su operación internacional. 

Conoce más: acortar.link/oCt094",1,1,3,0,1.0K
2025-07-16 06:32:07,ScotiabankPE,Apr 28,"#NotaInformativa | Buscando fortalecer la inversión privada y dinamizar el crecimiento económico, 📈 el ministro @Jose_SalardiR, junto con el director de Sistema Financiero y Mercado de Capitales de la Dirección General de Mercados Financieros y Previsional Privado, Óscar Orcón,…",1,2,5,1,1.0K
2025-07-16 06:32:07,ScotiabankPE,Mar 26,"#BrandedContent. @ScotiabankPE ha sido reconocido por segundo año consecutivo como líder de Banca Privada en Perú por Global Finance.
semanaeconomica.com/economia-finan…",8,1,0,0,2.0K
2025-07-16 06:32:07,ScotiabankPE,Mar 12,"#BrandedContent. @ScotiabankPE ha sido reconocido por segundo año consecutivo como líder de Banca Privada en Perú por Global Finance.

semanaeconomica.com/economia-finan…",4,2,0,0,2.0K
2025-07-16 06:32:07,ScotiabankPE,Mar 7,"#BrandedContent. @ScotiabankPE ha sido reconocido por segundo año consecutivo como líder de Banca Privada en Perú por Global Finance. Tras el reconocimiento, Patricia Martinez, Head de banca privada en Scotiabank, explica las acciones realizadas para lograr el reconocimiento, así…",6,1,1,0,1.0K
2025-07-16 06:32:07,ScotiabankPE,Mar 7,En Scotiabank te reconocemos tus logros y nos comprometemos a seguir trabajando por la equidad todos los días del año. #8MTodosLosDías. 💜 #8MTODOSLOSDÍAS,14,1,6,0,2.0K
2025-07-16 06:32:07,ScotiabankPE,Oct 16,"#BrandedContent. @ScotiabankPE presentó oficialmente a Sebastián Arcuri como su nuevo CEO, y junto a su CEO Global y Head of International Banking, reforzó su compromiso con sus clientes y el desarrollo del país.

Conoce más: acortar.link/Cg9UF1",19,2,10,1,7.0K
2025-07-16 06:32:07,ScotiabankPE,Sep 10,"Conoce nuestro proyecto en Punchan, Iquitos, Perú🇵🇪, con @scotiabankPE y @WorldVisionPeru, enfocado en mejorar la educación infantil con tecnología, fortalecer el rol familiar con ternura y el apoyo de proyectos juveniles.",2,4,26,1,6.0K
2025-07-16 06:32:07,ScotiabankPE,Aug 29,"Conoce nuestro proyecto en Punchana, Iquitos, Perú🇵🇪, con @ScotiabankPE y @WorldVisionPeru, enfocado en mejorar la educación infantil con tecnología, fortalecer el rol familiar con ternura y el apoyo de proyectos juveniles.",0,4,23,0,5.0K
2025-07-16 06:32:07,ScotiabankPE,Aug 8,Scotiabank lanza Fondo de Impacto Social ScotiaRISE en Perú ⏩n9.cl/bsrmz,6,1,2,0,4.0K
2025-07-16 06:32:07,ScotiabankPE,"Jun 18, 2024","Desde el 2022, hemos implementado el proyecto ""Inclusión Educativa para la Vida"" en Loreto, uno de los departamentos con mayor pobreza monetaria. Esta iniciativa, en alianza con @ScotiabankPE y @FundacioFCB, tiene como objetivo mejorar la calidad educativa de las niñas y niños.",5,1,3,0,5.0K
2025-07-16 06:32:07,ScotiabankPE,"Jun 13, 2024","En nuestro compromiso con el bienestar de la niñez, desde el 2022 implementamos el proyecto ""Inclusión Educativa para la Vida"" con el apoyo de @ScotiabankPE y la @FCBarcelona, para brindar acceso a una educación de calidad a las niñas y niños. 

#Scotiabank #FundacionBarcelona",2,6,9,0,4.0K
2025-07-16 06:32:07,ScotiabankPE,"Jun 14, 2024","Somos y seremos sus más grandes hinchas. ⚽️Etiquétalo y dile por qué lo eres. ❤️

#ScotiabankPerú #HablemosEnSerio #DíaDelPadre",18,0,4,0,4.0K
2025-07-16 07:22:19,ScotiabankPE,Jul 14,"¡Imperdible!​ 🤗ESPECIAL.21  “SÁCALE PROVECHO A TU GRATI”​

¿Sabías que los expertos recomiendan destinar el 30% al ahorro o inversión?​

¿Cuáles son tus objetivos?  ¿cuál es tu situación financiera? ¿puedes invertir?  Estas y  otras consideraciones  mañana en nuestro especial.…",1,2,1,1,889
2025-07-16 07:22:19,ScotiabankPE,Jul 10,"#EntrevistaSE. El CFO de @ScotiabankPE, Marcelo Rodríguez, cuenta que la reciente emisión por US$400 millones busca transmitir un mensaje de permanencia de largo plazo en el Perú.

Por @cabecitaterri.
semanaeconomica.com/economia-finan…",1,2,3,0,635
2025-07-16 07:22:19,ScotiabankPE,Jun 27,".@ScotiabankPE captó US$400 millones en emisión internacional de bonos subordinados. 

semanaeconomica.com/que-esta-pasan…",3,1,1,0,907
2025-07-16 07:22:19,ScotiabankPE,Jun 24,".@ScotiabankPE lanza roadshow internacional previo a nueva emisión de bonos por US$1,000 millones. Scotiabank contrató a @GoldmanSachs y Scotia Capital para presentar la operación ante inversionistas institucionales.
semanaeconomica.com/que-esta-pasan…",0,1,0,0,898
2025-07-16 07:22:19,ScotiabankPE,Jun 20,"Agradecemos a nuestro auspiciador PLATA 🎊 @ScotiabankPE, quién se une a la 30° edición de #CADEUniversitario, el encuentro de jóvenes líderes más importante del país, y se suma a nuestro compromiso de construir un Perú más desarrollado.

Conoce más aquí 👉…",0,1,2,0,455
2025-07-16 07:22:19,ScotiabankPE,Jun 6,"#BrandedContent.  La alta dirección de @ScotiabankPE, liderada por su CEO global, llegó a Perú y sostuvo reuniones con clientes estratégicos y reafirmó la importancia del mercado peruano en su operación internacional.
semanaeconomica.com/economia-finan…",1,1,2,0,978
2025-07-16 07:22:19,ScotiabankPE,May 26,"#BrandedContent.  La alta dirección de @ScotiabankPE, liderada por su CEO global, llegó a Perú y sostuvo reuniones con clientes estratégicos y reafirmó la importancia del mercado peruano en su operación internacional.
semanaeconomica.com/economia-finan…",1,1,2,1,1.0K
2025-07-16 07:22:19,ScotiabankPE,May 22,"#BrandedContent.  La alta dirección de @ScotiabankPE, liderada por su CEO global, llegó a Perú y sostuvo reuniones con clientes estratégicos y reafirmó la importancia del mercado peruano en su operación internacional. 

Conoce más: acortar.link/oCt094",1,1,3,0,1.0K
2025-07-16 07:22:19,ScotiabankPE,Apr 28,"#NotaInformativa | Buscando fortalecer la inversión privada y dinamizar el crecimiento económico, 📈 el ministro @Jose_SalardiR, junto con el director de Sistema Financiero y Mercado de Capitales de la Dirección General de Mercados Financieros y Previsional Privado, Óscar Orcón,…",1,2,5,1,1.0K
2025-07-16 07:22:19,ScotiabankPE,Mar 26,"#BrandedContent. @ScotiabankPE ha sido reconocido por segundo año consecutivo como líder de Banca Privada en Perú por Global Finance.
semanaeconomica.com/economia-finan…",8,1,0,0,2.0K
2025-07-16 07:22:19,ScotiabankPE,Mar 12,"#BrandedContent. @ScotiabankPE ha sido reconocido por segundo año consecutivo como líder de Banca Privada en Perú por Global Finance.

semanaeconomica.com/economia-finan…",4,2,0,0,2.0K
2025-07-16 07:22:19,ScotiabankPE,Mar 7,"#BrandedContent. @ScotiabankPE ha sido reconocido por segundo año consecutivo como líder de Banca Privada en Perú por Global Finance. Tras el reconocimiento, Patricia Martinez, Head de banca privada en Scotiabank, explica las acciones realizadas para lograr el reconocimiento, así…",6,1,1,0,1.0K
2025-07-16 07:22:19,ScotiabankPE,Mar 7,En Scotiabank te reconocemos tus logros y nos comprometemos a seguir trabajando por la equidad todos los días del año. #8MTodosLosDías. 💜 #8MTODOSLOSDÍAS,14,1,6,0,2.0K
2025-07-16 07:22:19,ScotiabankPE,Oct 16,"#BrandedContent. @ScotiabankPE presentó oficialmente a Sebastián Arcuri como su nuevo CEO, y junto a su CEO Global y Head of International Banking, reforzó su compromiso con sus clientes y el desarrollo del país.

Conoce más: acortar.link/Cg9UF1",19,2,10,1,7.0K
2025-07-16 07:22:19,ScotiabankPE,Sep 10,"Conoce nuestro proyecto en Punchan, Iquitos, Perú🇵🇪, con @scotiabankPE y @WorldVisionPeru, enfocado en mejorar la educación infantil con tecnología, fortalecer el rol familiar con ternura y el apoyo de proyectos juveniles.",2,4,26,1,6.0K
2025-07-16 07:22:19,ScotiabankPE,Aug 29,"Conoce nuestro proyecto en Punchana, Iquitos, Perú🇵🇪, con @ScotiabankPE y @WorldVisionPeru, enfocado en mejorar la educación infantil con tecnología, fortalecer el rol familiar con ternura y el apoyo de proyectos juveniles.",0,4,23,0,5.0K
2025-07-16 07:22:19,ScotiabankPE,Aug 8,Scotiabank lanza Fondo de Impacto Social ScotiaRISE en Perú ⏩n9.cl/bsrmz,6,1,2,0,4.0K
2025-07-16 07:22:19,ScotiabankPE,"Jun 18, 2024","Desde el 2022, hemos implementado el proyecto ""Inclusión Educativa para la Vida"" en Loreto, uno de los departamentos con mayor pobreza monetaria. Esta iniciativa, en alianza con @ScotiabankPE y @FundacioFCB, tiene como objetivo mejorar la calidad educativa de las niñas y niños.",5,1,3,0,5.0K
2025-07-16 07:22:19,ScotiabankPE,"Jun 13, 2024","En nuestro compromiso con el bienestar de la niñez, desde el 2022 implementamos el proyecto ""Inclusión Educativa para la Vida"" con el apoyo de @ScotiabankPE y la @FCBarcelona, para brindar acceso a una educación de calidad a las niñas y niños. 

#Scotiabank #FundacionBarcelona",2,6,9,0,4.0K
2025-07-16 07:22:19,ScotiabankPE,"Jun 14, 2024","Somos y seremos sus más grandes hinchas. ⚽️Etiquétalo y dile por qué lo eres. ❤️

#ScotiabankPerú #HablemosEnSerio #DíaDelPadre",18,0,4,0,4.0K
2025-07-16 08:29:11,ScotiabankPE,Jul 14,"¡Imperdible!​ 🤗ESPECIAL.21  “SÁCALE PROVECHO A TU GRATI”​

¿Sabías que los expertos recomiendan destinar el 30% al ahorro o inversión?​

¿Cuáles son tus objetivos?  ¿cuál es tu situación financiera? ¿puedes invertir?  Estas y  otras consideraciones  mañana en nuestro especial.…",1,2,1,1,890
2025-07-16 08:29:11,ScotiabankPE,Jul 10,"#EntrevistaSE. El CFO de @ScotiabankPE, Marcelo Rodríguez, cuenta que la reciente emisión por US$400 millones busca transmitir un mensaje de permanencia de largo plazo en el Perú.

Por @cabecitaterri.
semanaeconomica.com/economia-finan…",1,2,3,0,636
2025-07-16 08:29:11,ScotiabankPE,Jun 27,".@ScotiabankPE captó US$400 millones en emisión internacional de bonos subordinados. 

semanaeconomica.com/que-esta-pasan…",3,1,1,0,907
2025-07-16 08:29:11,ScotiabankPE,Jun 24,".@ScotiabankPE lanza roadshow internacional previo a nueva emisión de bonos por US$1,000 millones. Scotiabank contrató a @GoldmanSachs y Scotia Capital para presentar la operación ante inversionistas institucionales.
semanaeconomica.com/que-esta-pasan…",0,1,0,0,898
2025-07-16 08:29:11,ScotiabankPE,Jun 20,"Agradecemos a nuestro auspiciador PLATA 🎊 @ScotiabankPE, quién se une a la 30° edición de #CADEUniversitario, el encuentro de jóvenes líderes más importante del país, y se suma a nuestro compromiso de construir un Perú más desarrollado.

Conoce más aquí 👉…",0,1,2,0,455
2025-07-16 08:29:11,ScotiabankPE,Jun 6,"#BrandedContent.  La alta dirección de @ScotiabankPE, liderada por su CEO global, llegó a Perú y sostuvo reuniones con clientes estratégicos y reafirmó la importancia del mercado peruano en su operación internacional.
semanaeconomica.com/economia-finan…",1,1,2,0,978
2025-07-16 08:29:11,ScotiabankPE,May 26,"#BrandedContent.  La alta dirección de @ScotiabankPE, liderada por su CEO global, llegó a Perú y sostuvo reuniones con clientes estratégicos y reafirmó la importancia del mercado peruano en su operación internacional.
semanaeconomica.com/economia-finan…",1,1,2,1,1.0K
2025-07-16 08:29:11,ScotiabankPE,May 22,"#BrandedContent.  La alta dirección de @ScotiabankPE, liderada por su CEO global, llegó a Perú y sostuvo reuniones con clientes estratégicos y reafirmó la importancia del mercado peruano en su operación internacional. 

Conoce más: acortar.link/oCt094",1,1,3,0,1.0K
2025-07-16 08:29:11,ScotiabankPE,Apr 28,"#NotaInformativa | Buscando fortalecer la inversión privada y dinamizar el crecimiento económico, 📈 el ministro @Jose_SalardiR, junto con el director de Sistema Financiero y Mercado de Capitales de la Dirección General de Mercados Financieros y Previsional Privado, Óscar Orcón,…",1,2,5,1,1.0K
2025-07-16 08:29:11,ScotiabankPE,Mar 26,"#BrandedContent. @ScotiabankPE ha sido reconocido por segundo año consecutivo como líder de Banca Privada en Perú por Global Finance.
semanaeconomica.com/economia-finan…",8,1,0,0,2.0K
2025-07-16 08:29:11,ScotiabankPE,Mar 12,"#BrandedContent. @ScotiabankPE ha sido reconocido por segundo año consecutivo como líder de Banca Privada en Perú por Global Finance.

semanaeconomica.com/economia-finan…",4,2,0,0,2.0K
2025-07-16 08:29:11,ScotiabankPE,Mar 7,"#BrandedContent. @ScotiabankPE ha sido reconocido por segundo año consecutivo como líder de Banca Privada en Perú por Global Finance. Tras el reconocimiento, Patricia Martinez, Head de banca privada en Scotiabank, explica las acciones realizadas para lograr el reconocimiento, así…",6,1,1,0,1.0K
2025-07-16 08:29:11,ScotiabankPE,Mar 7,En Scotiabank te reconocemos tus logros y nos comprometemos a seguir trabajando por la equidad todos los días del año. #8MTodosLosDías. 💜 #8MTODOSLOSDÍAS,14,1,6,0,2.0K
2025-07-16 08:29:11,ScotiabankPE,Oct 16,"#BrandedContent. @ScotiabankPE presentó oficialmente a Sebastián Arcuri como su nuevo CEO, y junto a su CEO Global y Head of International Banking, reforzó su compromiso con sus clientes y el desarrollo del país.

Conoce más: acortar.link/Cg9UF1",19,2,10,1,7.0K
2025-07-16 08:29:11,ScotiabankPE,Sep 10,"Conoce nuestro proyecto en Punchan, Iquitos, Perú🇵🇪, con @scotiabankPE y @WorldVisionPeru, enfocado en mejorar la educación infantil con tecnología, fortalecer el rol familiar con ternura y el apoyo de proyectos juveniles.",2,4,26,1,6.0K
2025-07-16 08:29:11,ScotiabankPE,Aug 29,"Conoce nuestro proyecto en Punchana, Iquitos, Perú🇵🇪, con @ScotiabankPE y @WorldVisionPeru, enfocado en mejorar la educación infantil con tecnología, fortalecer el rol familiar con ternura y el apoyo de proyectos juveniles.",0,4,23,0,5.0K
2025-07-16 08:29:11,ScotiabankPE,Aug 8,Scotiabank lanza Fondo de Impacto Social ScotiaRISE en Perú ⏩n9.cl/bsrmz,6,1,2,0,4.0K
2025-07-16 08:29:11,ScotiabankPE,"Jun 18, 2024","Desde el 2022, hemos implementado el proyecto ""Inclusión Educativa para la Vida"" en Loreto, uno de los departamentos con mayor pobreza monetaria. Esta iniciativa, en alianza con @ScotiabankPE y @FundacioFCB, tiene como objetivo mejorar la calidad educativa de las niñas y niños.",5,1,3,0,5.0K
2025-07-16 08:29:11,ScotiabankPE,"Jun 13, 2024","En nuestro compromiso con el bienestar de la niñez, desde el 2022 implementamos el proyecto ""Inclusión Educativa para la Vida"" con el apoyo de @ScotiabankPE y la @FCBarcelona, para brindar acceso a una educación de calidad a las niñas y niños. 

#Scotiabank #FundacionBarcelona",2,6,9,0,4.0K
2025-07-16 08:29:11,ScotiabankPE,"Jun 14, 2024","Somos y seremos sus más grandes hinchas. ⚽️Etiquétalo y dile por qué lo eres. ❤️

#ScotiabankPerú #HablemosEnSerio #DíaDelPadre",18,0,4,0,4.0K
2025-07-16 09:26:42,ScotiabankPE,Jul 14,"¡Imperdible!​ 🤗ESPECIAL.21  “SÁCALE PROVECHO A TU GRATI”​

¿Sabías que los expertos recomiendan destinar el 30% al ahorro o inversión?​

¿Cuáles son tus objetivos?  ¿cuál es tu situación financiera? ¿puedes invertir?  Estas y  otras consideraciones  mañana en nuestro especial.…",1,2,1,1,891
2025-07-16 09:26:42,ScotiabankPE,Jul 10,"#EntrevistaSE. El CFO de @ScotiabankPE, Marcelo Rodríguez, cuenta que la reciente emisión por US$400 millones busca transmitir un mensaje de permanencia de largo plazo en el Perú.

Por @cabecitaterri.
semanaeconomica.com/economia-finan…",1,2,3,0,636
2025-07-16 09:26:42,ScotiabankPE,Jun 27,".@ScotiabankPE captó US$400 millones en emisión internacional de bonos subordinados. 

semanaeconomica.com/que-esta-pasan…",3,1,1,0,907
2025-07-16 09:26:42,ScotiabankPE,Jun 24,".@ScotiabankPE lanza roadshow internacional previo a nueva emisión de bonos por US$1,000 millones. Scotiabank contrató a @GoldmanSachs y Scotia Capital para presentar la operación ante inversionistas institucionales.
semanaeconomica.com/que-esta-pasan…",0,1,0,0,898
2025-07-16 09:26:42,ScotiabankPE,Jun 20,"Agradecemos a nuestro auspiciador PLATA 🎊 @ScotiabankPE, quién se une a la 30° edición de #CADEUniversitario, el encuentro de jóvenes líderes más importante del país, y se suma a nuestro compromiso de construir un Perú más desarrollado.

Conoce más aquí 👉…",0,1,2,0,455
2025-07-16 09:26:42,ScotiabankPE,Jun 6,"#BrandedContent.  La alta dirección de @ScotiabankPE, liderada por su CEO global, llegó a Perú y sostuvo reuniones con clientes estratégicos y reafirmó la importancia del mercado peruano en su operación internacional.
semanaeconomica.com/economia-finan…",1,1,2,0,978
2025-07-16 09:26:42,ScotiabankPE,May 26,"#BrandedContent.  La alta dirección de @ScotiabankPE, liderada por su CEO global, llegó a Perú y sostuvo reuniones con clientes estratégicos y reafirmó la importancia del mercado peruano en su operación internacional.
semanaeconomica.com/economia-finan…",1,1,2,1,1.0K
2025-07-16 09:26:42,ScotiabankPE,May 22,"#BrandedContent.  La alta dirección de @ScotiabankPE, liderada por su CEO global, llegó a Perú y sostuvo reuniones con clientes estratégicos y reafirmó la importancia del mercado peruano en su operación internacional. 

Conoce más: acortar.link/oCt094",1,1,3,0,1.0K
2025-07-16 09:26:42,ScotiabankPE,Apr 28,"#NotaInformativa | Buscando fortalecer la inversión privada y dinamizar el crecimiento económico, 📈 el ministro @Jose_SalardiR, junto con el director de Sistema Financiero y Mercado de Capitales de la Dirección General de Mercados Financieros y Previsional Privado, Óscar Orcón,…",1,2,5,1,1.0K
2025-07-16 09:26:42,ScotiabankPE,Mar 26,"#BrandedContent. @ScotiabankPE ha sido reconocido por segundo año consecutivo como líder de Banca Privada en Perú por Global Finance.
semanaeconomica.com/economia-finan…",8,1,0,0,2.0K
2025-07-16 09:26:42,ScotiabankPE,Mar 12,"#BrandedContent. @ScotiabankPE ha sido reconocido por segundo año consecutivo como líder de Banca Privada en Perú por Global Finance.

semanaeconomica.com/economia-finan…",4,2,0,0,2.0K
2025-07-16 09:26:42,ScotiabankPE,Mar 7,"#BrandedContent. @ScotiabankPE ha sido reconocido por segundo año consecutivo como líder de Banca Privada en Perú por Global Finance. Tras el reconocimiento, Patricia Martinez, Head de banca privada en Scotiabank, explica las acciones realizadas para lograr el reconocimiento, así…",6,1,1,0,1.0K
2025-07-16 09:26:42,ScotiabankPE,Mar 7,En Scotiabank te reconocemos tus logros y nos comprometemos a seguir trabajando por la equidad todos los días del año. #8MTodosLosDías. 💜 #8MTODOSLOSDÍAS,14,1,6,0,2.0K
2025-07-16 09:26:42,ScotiabankPE,Oct 16,"#BrandedContent. @ScotiabankPE presentó oficialmente a Sebastián Arcuri como su nuevo CEO, y junto a su CEO Global y Head of International Banking, reforzó su compromiso con sus clientes y el desarrollo del país.

Conoce más: acortar.link/Cg9UF1",19,2,10,1,7.0K
2025-07-16 09:26:42,ScotiabankPE,Sep 10,"Conoce nuestro proyecto en Punchan, Iquitos, Perú🇵🇪, con @scotiabankPE y @WorldVisionPeru, enfocado en mejorar la educación infantil con tecnología, fortalecer el rol familiar con ternura y el apoyo de proyectos juveniles.",2,4,26,1,6.0K
2025-07-16 09:26:42,ScotiabankPE,Aug 29,"Conoce nuestro proyecto en Punchana, Iquitos, Perú🇵🇪, con @ScotiabankPE y @WorldVisionPeru, enfocado en mejorar la educación infantil con tecnología, fortalecer el rol familiar con ternura y el apoyo de proyectos juveniles.",0,4,23,0,5.0K
2025-07-16 09:26:42,ScotiabankPE,Aug 8,Scotiabank lanza Fondo de Impacto Social ScotiaRISE en Perú ⏩n9.cl/bsrmz,6,1,2,0,4.0K
2025-07-16 09:26:42,ScotiabankPE,"Jun 18, 2024","Desde el 2022, hemos implementado el proyecto ""Inclusión Educativa para la Vida"" en Loreto, uno de los departamentos con mayor pobreza monetaria. Esta iniciativa, en alianza con @ScotiabankPE y @FundacioFCB, tiene como objetivo mejorar la calidad educativa de las niñas y niños.",5,1,3,0,5.0K
2025-07-16 09:26:42,ScotiabankPE,"Jun 13, 2024","En nuestro compromiso con el bienestar de la niñez, desde el 2022 implementamos el proyecto ""Inclusión Educativa para la Vida"" con el apoyo de @ScotiabankPE y la @FCBarcelona, para brindar acceso a una educación de calidad a las niñas y niños. 

#Scotiabank #FundacionBarcelona",2,6,9,0,4.0K
2025-07-16 09:26:42,ScotiabankPE,"Jun 14, 2024","Somos y seremos sus más grandes hinchas. ⚽️Etiquétalo y dile por qué lo eres. ❤️

#ScotiabankPerú #HablemosEnSerio #DíaDelPadre",18,0,4,0,4.0K
2025-07-16 10:23:17,ScotiabankPE,Jul 14,"¡Imperdible!​ 🤗ESPECIAL.21  “SÁCALE PROVECHO A TU GRATI”​

¿Sabías que los expertos recomiendan destinar el 30% al ahorro o inversión?​

¿Cuáles son tus objetivos?  ¿cuál es tu situación financiera? ¿puedes invertir?  Estas y  otras consideraciones  mañana en nuestro especial.…",1,2,1,1,891
2025-07-16 10:23:17,ScotiabankPE,Jul 10,"#EntrevistaSE. El CFO de @ScotiabankPE, Marcelo Rodríguez, cuenta que la reciente emisión por US$400 millones busca transmitir un mensaje de permanencia de largo plazo en el Perú.

Por @cabecitaterri.
semanaeconomica.com/economia-finan…",1,2,3,0,636
2025-07-16 10:23:17,ScotiabankPE,Jun 27,".@ScotiabankPE captó US$400 millones en emisión internacional de bonos subordinados. 

semanaeconomica.com/que-esta-pasan…",3,1,1,0,907
2025-07-16 10:23:17,ScotiabankPE,Jun 24,".@ScotiabankPE lanza roadshow internacional previo a nueva emisión de bonos por US$1,000 millones. Scotiabank contrató a @GoldmanSachs y Scotia Capital para presentar la operación ante inversionistas institucionales.
semanaeconomica.com/que-esta-pasan…",0,1,0,0,898
2025-07-16 10:23:17,ScotiabankPE,Jun 20,"Agradecemos a nuestro auspiciador PLATA 🎊 @ScotiabankPE, quién se une a la 30° edición de #CADEUniversitario, el encuentro de jóvenes líderes más importante del país, y se suma a nuestro compromiso de construir un Perú más desarrollado.

Conoce más aquí 👉…",0,1,2,0,455
2025-07-16 10:23:17,ScotiabankPE,Jun 6,"#BrandedContent.  La alta dirección de @ScotiabankPE, liderada por su CEO global, llegó a Perú y sostuvo reuniones con clientes estratégicos y reafirmó la importancia del mercado peruano en su operación internacional.
semanaeconomica.com/economia-finan…",1,1,2,0,978
2025-07-16 10:23:17,ScotiabankPE,May 26,"#BrandedContent.  La alta dirección de @ScotiabankPE, liderada por su CEO global, llegó a Perú y sostuvo reuniones con clientes estratégicos y reafirmó la importancia del mercado peruano en su operación internacional.
semanaeconomica.com/economia-finan…",1,1,2,1,1.0K
2025-07-16 10:23:17,ScotiabankPE,May 22,"#BrandedContent.  La alta dirección de @ScotiabankPE, liderada por su CEO global, llegó a Perú y sostuvo reuniones con clientes estratégicos y reafirmó la importancia del mercado peruano en su operación internacional. 

Conoce más: acortar.link/oCt094",1,1,3,0,1.0K
2025-07-16 10:23:17,ScotiabankPE,Apr 28,"#NotaInformativa | Buscando fortalecer la inversión privada y dinamizar el crecimiento económico, 📈 el ministro @Jose_SalardiR, junto con el director de Sistema Financiero y Mercado de Capitales de la Dirección General de Mercados Financieros y Previsional Privado, Óscar Orcón,…",1,2,5,1,1.0K
2025-07-16 10:23:17,ScotiabankPE,Mar 26,"#BrandedContent. @ScotiabankPE ha sido reconocido por segundo año consecutivo como líder de Banca Privada en Perú por Global Finance.
semanaeconomica.com/economia-finan…",8,1,0,0,2.0K
2025-07-16 10:23:17,ScotiabankPE,Mar 12,"#BrandedContent. @ScotiabankPE ha sido reconocido por segundo año consecutivo como líder de Banca Privada en Perú por Global Finance.

semanaeconomica.com/economia-finan…",4,2,0,0,2.0K
2025-07-16 10:23:17,ScotiabankPE,Mar 7,"#BrandedContent. @ScotiabankPE ha sido reconocido por segundo año consecutivo como líder de Banca Privada en Perú por Global Finance. Tras el reconocimiento, Patricia Martinez, Head de banca privada en Scotiabank, explica las acciones realizadas para lograr el reconocimiento, así…",6,1,1,0,1.0K
2025-07-16 10:23:17,ScotiabankPE,Mar 7,En Scotiabank te reconocemos tus logros y nos comprometemos a seguir trabajando por la equidad todos los días del año. #8MTodosLosDías. 💜 #8MTODOSLOSDÍAS,14,1,6,0,2.0K
2025-07-16 10:23:17,ScotiabankPE,Oct 16,"#BrandedContent. @ScotiabankPE presentó oficialmente a Sebastián Arcuri como su nuevo CEO, y junto a su CEO Global y Head of International Banking, reforzó su compromiso con sus clientes y el desarrollo del país.

Conoce más: acortar.link/Cg9UF1",19,2,10,1,7.0K
2025-07-16 10:23:17,ScotiabankPE,Sep 10,"Conoce nuestro proyecto en Punchan, Iquitos, Perú🇵🇪, con @scotiabankPE y @WorldVisionPeru, enfocado en mejorar la educación infantil con tecnología, fortalecer el rol familiar con ternura y el apoyo de proyectos juveniles.",2,4,26,1,6.0K
2025-07-16 10:23:17,ScotiabankPE,Aug 29,"Conoce nuestro proyecto en Punchana, Iquitos, Perú🇵🇪, con @ScotiabankPE y @WorldVisionPeru, enfocado en mejorar la educación infantil con tecnología, fortalecer el rol familiar con ternura y el apoyo de proyectos juveniles.",0,4,23,0,5.0K
2025-07-16 10:23:17,ScotiabankPE,Aug 8,Scotiabank lanza Fondo de Impacto Social ScotiaRISE en Perú ⏩n9.cl/bsrmz,6,1,2,0,4.0K
2025-07-16 10:23:17,ScotiabankPE,"Jun 18, 2024","Desde el 2022, hemos implementado el proyecto ""Inclusión Educativa para la Vida"" en Loreto, uno de los departamentos con mayor pobreza monetaria. Esta iniciativa, en alianza con @ScotiabankPE y @FundacioFCB, tiene como objetivo mejorar la calidad educativa de las niñas y niños.",5,1,3,0,5.0K
2025-07-16 10:23:17,ScotiabankPE,"Jun 13, 2024","En nuestro compromiso con el bienestar de la niñez, desde el 2022 implementamos el proyecto ""Inclusión Educativa para la Vida"" con el apoyo de @ScotiabankPE y la @FCBarcelona, para brindar acceso a una educación de calidad a las niñas y niños. 

#Scotiabank #FundacionBarcelona",2,6,9,0,4.0K
2025-07-16 10:23:17,ScotiabankPE,"Jun 14, 2024","Somos y seremos sus más grandes hinchas. ⚽️Etiquétalo y dile por qué lo eres. ❤️

#ScotiabankPerú #HablemosEnSerio #DíaDelPadre",18,0,4,0,4.0K
2025-07-16 12:43:42,ScotiabankPE,Jul 14,"¡Imperdible!​ 🤗ESPECIAL.21  “SÁCALE PROVECHO A TU GRATI”​

¿Sabías que los expertos recomiendan destinar el 30% al ahorro o inversión?​

¿Cuáles son tus objetivos?  ¿cuál es tu situación financiera? ¿puedes invertir?  Estas y  otras consideraciones  mañana en nuestro especial.…",1,2,1,1,894
2025-07-16 12:43:42,ScotiabankPE,Jul 10,"#EntrevistaSE. El CFO de @ScotiabankPE, Marcelo Rodríguez, cuenta que la reciente emisión por US$400 millones busca transmitir un mensaje de permanencia de largo plazo en el Perú.

Por @cabecitaterri.
semanaeconomica.com/economia-finan…",1,2,3,0,638
2025-07-16 12:43:42,ScotiabankPE,Jun 27,".@ScotiabankPE captó US$400 millones en emisión internacional de bonos subordinados. 

semanaeconomica.com/que-esta-pasan…",3,1,1,0,908
2025-07-16 12:43:42,ScotiabankPE,Jun 24,".@ScotiabankPE lanza roadshow internacional previo a nueva emisión de bonos por US$1,000 millones. Scotiabank contrató a @GoldmanSachs y Scotia Capital para presentar la operación ante inversionistas institucionales.
semanaeconomica.com/que-esta-pasan…",0,1,0,0,899
2025-07-16 12:43:42,ScotiabankPE,Jun 20,"Agradecemos a nuestro auspiciador PLATA 🎊 @ScotiabankPE, quién se une a la 30° edición de #CADEUniversitario, el encuentro de jóvenes líderes más importante del país, y se suma a nuestro compromiso de construir un Perú más desarrollado.

Conoce más aquí 👉…",0,1,2,0,455
2025-07-16 12:43:42,ScotiabankPE,Jun 6,"#BrandedContent.  La alta dirección de @ScotiabankPE, liderada por su CEO global, llegó a Perú y sostuvo reuniones con clientes estratégicos y reafirmó la importancia del mercado peruano en su operación internacional.
semanaeconomica.com/economia-finan…",1,1,2,0,978
2025-07-16 12:43:42,ScotiabankPE,May 26,"#BrandedContent.  La alta dirección de @ScotiabankPE, liderada por su CEO global, llegó a Perú y sostuvo reuniones con clientes estratégicos y reafirmó la importancia del mercado peruano en su operación internacional.
semanaeconomica.com/economia-finan…",1,1,2,1,1.0K
2025-07-16 12:43:42,ScotiabankPE,May 22,"#BrandedContent.  La alta dirección de @ScotiabankPE, liderada por su CEO global, llegó a Perú y sostuvo reuniones con clientes estratégicos y reafirmó la importancia del mercado peruano en su operación internacional. 

Conoce más: acortar.link/oCt094",1,1,3,0,1.0K
2025-07-16 12:43:42,ScotiabankPE,Apr 28,"#NotaInformativa | Buscando fortalecer la inversión privada y dinamizar el crecimiento económico, 📈 el ministro @Jose_SalardiR, junto con el director de Sistema Financiero y Mercado de Capitales de la Dirección General de Mercados Financieros y Previsional Privado, Óscar Orcón,…",1,2,5,1,1.0K
2025-07-16 12:43:42,ScotiabankPE,Mar 26,"#BrandedContent. @ScotiabankPE ha sido reconocido por segundo año consecutivo como líder de Banca Privada en Perú por Global Finance.
semanaeconomica.com/economia-finan…",8,1,0,0,2.0K
2025-07-16 12:43:42,ScotiabankPE,Mar 12,"#BrandedContent. @ScotiabankPE ha sido reconocido por segundo año consecutivo como líder de Banca Privada en Perú por Global Finance.

semanaeconomica.com/economia-finan…",4,2,0,0,2.0K
2025-07-16 12:43:42,ScotiabankPE,Mar 7,"#BrandedContent. @ScotiabankPE ha sido reconocido por segundo año consecutivo como líder de Banca Privada en Perú por Global Finance. Tras el reconocimiento, Patricia Martinez, Head de banca privada en Scotiabank, explica las acciones realizadas para lograr el reconocimiento, así…",6,1,1,0,1.0K
2025-07-16 12:43:42,ScotiabankPE,Mar 7,En Scotiabank te reconocemos tus logros y nos comprometemos a seguir trabajando por la equidad todos los días del año. #8MTodosLosDías. 💜 #8MTODOSLOSDÍAS,14,1,6,0,2.0K
2025-07-16 12:43:42,ScotiabankPE,Oct 16,"#BrandedContent. @ScotiabankPE presentó oficialmente a Sebastián Arcuri como su nuevo CEO, y junto a su CEO Global y Head of International Banking, reforzó su compromiso con sus clientes y el desarrollo del país.

Conoce más: acortar.link/Cg9UF1",19,2,10,1,7.0K
2025-07-16 12:43:42,ScotiabankPE,Sep 10,"Conoce nuestro proyecto en Punchan, Iquitos, Perú🇵🇪, con @scotiabankPE y @WorldVisionPeru, enfocado en mejorar la educación infantil con tecnología, fortalecer el rol familiar con ternura y el apoyo de proyectos juveniles.",2,4,26,1,6.0K
2025-07-16 12:43:42,ScotiabankPE,Aug 29,"Conoce nuestro proyecto en Punchana, Iquitos, Perú🇵🇪, con @ScotiabankPE y @WorldVisionPeru, enfocado en mejorar la educación infantil con tecnología, fortalecer el rol familiar con ternura y el apoyo de proyectos juveniles.",0,4,23,0,5.0K
2025-07-16 12:43:42,ScotiabankPE,Aug 8,Scotiabank lanza Fondo de Impacto Social ScotiaRISE en Perú ⏩n9.cl/bsrmz,6,1,2,0,4.0K
2025-07-16 12:43:42,ScotiabankPE,"Jun 18, 2024","Desde el 2022, hemos implementado el proyecto ""Inclusión Educativa para la Vida"" en Loreto, uno de los departamentos con mayor pobreza monetaria. Esta iniciativa, en alianza con @ScotiabankPE y @FundacioFCB, tiene como objetivo mejorar la calidad educativa de las niñas y niños.",5,1,3,0,5.0K
2025-07-16 12:43:42,ScotiabankPE,"Jun 13, 2024","En nuestro compromiso con el bienestar de la niñez, desde el 2022 implementamos el proyecto ""Inclusión Educativa para la Vida"" con el apoyo de @ScotiabankPE y la @FCBarcelona, para brindar acceso a una educación de calidad a las niñas y niños. 

#Scotiabank #FundacionBarcelona",2,6,9,0,4.0K
2025-07-16 12:43:42,ScotiabankPE,"Jun 14, 2024","Somos y seremos sus más grandes hinchas. ⚽️Etiquétalo y dile por qué lo eres. ❤️

#ScotiabankPerú #HablemosEnSerio #DíaDelPadre",18,0,4,0,4.0K
2025-07-16 14:20:00,ScotiabankPE,Jul 14,"¡Imperdible!​ 🤗ESPECIAL.21  “SÁCALE PROVECHO A TU GRATI”​

¿Sabías que los expertos recomiendan destinar el 30% al ahorro o inversión?​

¿Cuáles son tus objetivos?  ¿cuál es tu situación financiera? ¿puedes invertir?  Estas y  otras consideraciones  mañana en nuestro especial.…",1,2,1,1,898
2025-07-16 14:20:00,ScotiabankPE,Jul 10,"#EntrevistaSE. El CFO de @ScotiabankPE, Marcelo Rodríguez, cuenta que la reciente emisión por US$400 millones busca transmitir un mensaje de permanencia de largo plazo en el Perú.

Por @cabecitaterri.
semanaeconomica.com/economia-finan…",1,2,3,0,639
2025-07-16 14:20:00,ScotiabankPE,Jun 27,".@ScotiabankPE captó US$400 millones en emisión internacional de bonos subordinados. 

semanaeconomica.com/que-esta-pasan…",3,1,0,0,909
2025-07-16 14:20:00,ScotiabankPE,Jun 24,".@ScotiabankPE lanza roadshow internacional previo a nueva emisión de bonos por US$1,000 millones. Scotiabank contrató a @GoldmanSachs y Scotia Capital para presentar la operación ante inversionistas institucionales.
semanaeconomica.com/que-esta-pasan…",0,1,0,0,900
2025-07-16 14:20:00,ScotiabankPE,Jun 20,"Agradecemos a nuestro auspiciador PLATA 🎊 @ScotiabankPE, quién se une a la 30° edición de #CADEUniversitario, el encuentro de jóvenes líderes más importante del país, y se suma a nuestro compromiso de construir un Perú más desarrollado.

Conoce más aquí 👉…",0,1,2,0,456
2025-07-16 14:20:00,ScotiabankPE,Jun 6,"#BrandedContent.  La alta dirección de @ScotiabankPE, liderada por su CEO global, llegó a Perú y sostuvo reuniones con clientes estratégicos y reafirmó la importancia del mercado peruano en su operación internacional.
semanaeconomica.com/economia-finan…",1,1,2,0,978
2025-07-16 14:20:00,ScotiabankPE,May 26,"#BrandedContent.  La alta dirección de @ScotiabankPE, liderada por su CEO global, llegó a Perú y sostuvo reuniones con clientes estratégicos y reafirmó la importancia del mercado peruano en su operación internacional.
semanaeconomica.com/economia-finan…",1,1,2,1,1.0K
2025-07-16 14:20:00,ScotiabankPE,May 22,"#BrandedContent.  La alta dirección de @ScotiabankPE, liderada por su CEO global, llegó a Perú y sostuvo reuniones con clientes estratégicos y reafirmó la importancia del mercado peruano en su operación internacional. 

Conoce más: acortar.link/oCt094",1,1,3,0,1.0K
2025-07-16 14:20:00,ScotiabankPE,Apr 28,"#NotaInformativa | Buscando fortalecer la inversión privada y dinamizar el crecimiento económico, 📈 el ministro @Jose_SalardiR, junto con el director de Sistema Financiero y Mercado de Capitales de la Dirección General de Mercados Financieros y Previsional Privado, Óscar Orcón,…",1,2,5,1,1.0K
2025-07-16 14:20:00,ScotiabankPE,Mar 26,"#BrandedContent. @ScotiabankPE ha sido reconocido por segundo año consecutivo como líder de Banca Privada en Perú por Global Finance.
semanaeconomica.com/economia-finan…",8,1,0,0,2.0K
2025-07-16 14:20:00,ScotiabankPE,Mar 12,"#BrandedContent. @ScotiabankPE ha sido reconocido por segundo año consecutivo como líder de Banca Privada en Perú por Global Finance.

semanaeconomica.com/economia-finan…",4,2,0,0,2.0K
2025-07-16 14:20:00,ScotiabankPE,Mar 7,"#BrandedContent. @ScotiabankPE ha sido reconocido por segundo año consecutivo como líder de Banca Privada en Perú por Global Finance. Tras el reconocimiento, Patricia Martinez, Head de banca privada en Scotiabank, explica las acciones realizadas para lograr el reconocimiento, así…",6,1,1,0,1.0K
2025-07-16 14:20:00,ScotiabankPE,Mar 7,En Scotiabank te reconocemos tus logros y nos comprometemos a seguir trabajando por la equidad todos los días del año. #8MTodosLosDías. 💜 #8MTODOSLOSDÍAS,14,1,5,0,2.0K
2025-07-16 14:20:00,ScotiabankPE,Oct 16,"#BrandedContent. @ScotiabankPE presentó oficialmente a Sebastián Arcuri como su nuevo CEO, y junto a su CEO Global y Head of International Banking, reforzó su compromiso con sus clientes y el desarrollo del país.

Conoce más: acortar.link/Cg9UF1",19,2,10,1,7.0K
2025-07-16 14:20:00,ScotiabankPE,Sep 10,"Conoce nuestro proyecto en Punchan, Iquitos, Perú🇵🇪, con @scotiabankPE y @WorldVisionPeru, enfocado en mejorar la educación infantil con tecnología, fortalecer el rol familiar con ternura y el apoyo de proyectos juveniles.",2,4,26,1,6.0K
2025-07-16 14:20:00,ScotiabankPE,Aug 29,"Conoce nuestro proyecto en Punchana, Iquitos, Perú🇵🇪, con @ScotiabankPE y @WorldVisionPeru, enfocado en mejorar la educación infantil con tecnología, fortalecer el rol familiar con ternura y el apoyo de proyectos juveniles.",0,4,23,0,5.0K
2025-07-16 14:20:00,ScotiabankPE,Aug 8,Scotiabank lanza Fondo de Impacto Social ScotiaRISE en Perú ⏩n9.cl/bsrmz,6,1,2,0,4.0K
2025-07-16 14:20:00,ScotiabankPE,"Jun 18, 2024","Desde el 2022, hemos implementado el proyecto ""Inclusión Educativa para la Vida"" en Loreto, uno de los departamentos con mayor pobreza monetaria. Esta iniciativa, en alianza con @ScotiabankPE y @FundacioFCB, tiene como objetivo mejorar la calidad educativa de las niñas y niños.",5,1,3,0,5.0K
2025-07-16 14:20:00,ScotiabankPE,"Jun 13, 2024","En nuestro compromiso con el bienestar de la niñez, desde el 2022 implementamos el proyecto ""Inclusión Educativa para la Vida"" con el apoyo de @ScotiabankPE y la @FCBarcelona, para brindar acceso a una educación de calidad a las niñas y niños. 

#Scotiabank #FundacionBarcelona",2,6,9,0,4.0K
2025-07-16 14:20:00,ScotiabankPE,"Jun 14, 2024","Somos y seremos sus más grandes hinchas. ⚽️Etiquétalo y dile por qué lo eres. ❤️

#ScotiabankPerú #HablemosEnSerio #DíaDelPadre",18,0,4,0,4.0K
2025-07-16 15:24:06,ScotiabankPE,Jul 14,"¡Imperdible!​ 🤗ESPECIAL.21  “SÁCALE PROVECHO A TU GRATI”​

¿Sabías que los expertos recomiendan destinar el 30% al ahorro o inversión?​

¿Cuáles son tus objetivos?  ¿cuál es tu situación financiera? ¿puedes invertir?  Estas y  otras consideraciones  mañana en nuestro especial.…",1,2,1,1,898
2025-07-16 15:24:06,ScotiabankPE,Jul 10,"#EntrevistaSE. El CFO de @ScotiabankPE, Marcelo Rodríguez, cuenta que la reciente emisión por US$400 millones busca transmitir un mensaje de permanencia de largo plazo en el Perú.

Por @cabecitaterri.
semanaeconomica.com/economia-finan…",1,2,3,0,639
2025-07-16 15:24:06,ScotiabankPE,Jun 27,".@ScotiabankPE captó US$400 millones en emisión internacional de bonos subordinados. 

semanaeconomica.com/que-esta-pasan…",3,1,0,0,909
2025-07-16 15:24:06,ScotiabankPE,Jun 24,".@ScotiabankPE lanza roadshow internacional previo a nueva emisión de bonos por US$1,000 millones. Scotiabank contrató a @GoldmanSachs y Scotia Capital para presentar la operación ante inversionistas institucionales.
semanaeconomica.com/que-esta-pasan…",0,1,0,0,900
2025-07-16 15:24:06,ScotiabankPE,Jun 20,"Agradecemos a nuestro auspiciador PLATA 🎊 @ScotiabankPE, quién se une a la 30° edición de #CADEUniversitario, el encuentro de jóvenes líderes más importante del país, y se suma a nuestro compromiso de construir un Perú más desarrollado.

Conoce más aquí 👉…",0,1,2,0,456
2025-07-16 15:24:06,ScotiabankPE,Jun 6,"#BrandedContent.  La alta dirección de @ScotiabankPE, liderada por su CEO global, llegó a Perú y sostuvo reuniones con clientes estratégicos y reafirmó la importancia del mercado peruano en su operación internacional.
semanaeconomica.com/economia-finan…",1,1,2,0,978
2025-07-16 15:24:06,ScotiabankPE,May 26,"#BrandedContent.  La alta dirección de @ScotiabankPE, liderada por su CEO global, llegó a Perú y sostuvo reuniones con clientes estratégicos y reafirmó la importancia del mercado peruano en su operación internacional.
semanaeconomica.com/economia-finan…",1,1,2,1,1.0K
2025-07-16 15:24:06,ScotiabankPE,May 22,"#BrandedContent.  La alta dirección de @ScotiabankPE, liderada por su CEO global, llegó a Perú y sostuvo reuniones con clientes estratégicos y reafirmó la importancia del mercado peruano en su operación internacional. 

Conoce más: acortar.link/oCt094",1,1,3,0,1.0K
2025-07-16 15:24:06,ScotiabankPE,Apr 28,"#NotaInformativa | Buscando fortalecer la inversión privada y dinamizar el crecimiento económico, 📈 el ministro @Jose_SalardiR, junto con el director de Sistema Financiero y Mercado de Capitales de la Dirección General de Mercados Financieros y Previsional Privado, Óscar Orcón,…",1,2,5,1,1.0K
2025-07-16 15:24:06,ScotiabankPE,Mar 26,"#BrandedContent. @ScotiabankPE ha sido reconocido por segundo año consecutivo como líder de Banca Privada en Perú por Global Finance.
semanaeconomica.com/economia-finan…",8,1,0,0,2.0K
2025-07-16 15:24:06,ScotiabankPE,Mar 12,"#BrandedContent. @ScotiabankPE ha sido reconocido por segundo año consecutivo como líder de Banca Privada en Perú por Global Finance.

semanaeconomica.com/economia-finan…",4,2,0,0,2.0K
2025-07-16 15:24:06,ScotiabankPE,Mar 7,"#BrandedContent. @ScotiabankPE ha sido reconocido por segundo año consecutivo como líder de Banca Privada en Perú por Global Finance. Tras el reconocimiento, Patricia Martinez, Head de banca privada en Scotiabank, explica las acciones realizadas para lograr el reconocimiento, así…",6,1,1,0,1.0K
2025-07-16 15:24:06,ScotiabankPE,Mar 7,En Scotiabank te reconocemos tus logros y nos comprometemos a seguir trabajando por la equidad todos los días del año. #8MTodosLosDías. 💜 #8MTODOSLOSDÍAS,14,1,5,0,2.0K
2025-07-16 15:24:06,ScotiabankPE,Oct 16,"#BrandedContent. @ScotiabankPE presentó oficialmente a Sebastián Arcuri como su nuevo CEO, y junto a su CEO Global y Head of International Banking, reforzó su compromiso con sus clientes y el desarrollo del país.

Conoce más: acortar.link/Cg9UF1",19,2,10,1,7.0K
2025-07-16 15:24:06,ScotiabankPE,Sep 10,"Conoce nuestro proyecto en Punchan, Iquitos, Perú🇵🇪, con @scotiabankPE y @WorldVisionPeru, enfocado en mejorar la educación infantil con tecnología, fortalecer el rol familiar con ternura y el apoyo de proyectos juveniles.",2,4,26,1,6.0K
2025-07-16 15:24:06,ScotiabankPE,Aug 29,"Conoce nuestro proyecto en Punchana, Iquitos, Perú🇵🇪, con @ScotiabankPE y @WorldVisionPeru, enfocado en mejorar la educación infantil con tecnología, fortalecer el rol familiar con ternura y el apoyo de proyectos juveniles.",0,4,23,0,5.0K
2025-07-16 15:24:06,ScotiabankPE,Aug 8,Scotiabank lanza Fondo de Impacto Social ScotiaRISE en Perú ⏩n9.cl/bsrmz,6,1,2,0,4.0K
2025-07-16 15:24:06,ScotiabankPE,"Jun 18, 2024","Desde el 2022, hemos implementado el proyecto ""Inclusión Educativa para la Vida"" en Loreto, uno de los departamentos con mayor pobreza monetaria. Esta iniciativa, en alianza con @ScotiabankPE y @FundacioFCB, tiene como objetivo mejorar la calidad educativa de las niñas y niños.",5,1,3,0,5.0K
2025-07-16 15:24:06,ScotiabankPE,"Jun 13, 2024","En nuestro compromiso con el bienestar de la niñez, desde el 2022 implementamos el proyecto ""Inclusión Educativa para la Vida"" con el apoyo de @ScotiabankPE y la @FCBarcelona, para brindar acceso a una educación de calidad a las niñas y niños. 

#Scotiabank #FundacionBarcelona",2,6,9,0,4.0K
2025-07-16 15:24:06,ScotiabankPE,"Jun 14, 2024","Somos y seremos sus más grandes hinchas. ⚽️Etiquétalo y dile por qué lo eres. ❤️

#ScotiabankPerú #HablemosEnSerio #DíaDelPadre",18,0,4,0,4.0K
2025-07-16 16:28:23,ScotiabankPE,Jul 14,"¡Imperdible!​ 🤗ESPECIAL.21  “SÁCALE PROVECHO A TU GRATI”​

¿Sabías que los expertos recomiendan destinar el 30% al ahorro o inversión?​

¿Cuáles son tus objetivos?  ¿cuál es tu situación financiera? ¿puedes invertir?  Estas y  otras consideraciones  mañana en nuestro especial.…",1,2,1,1,902
2025-07-16 16:28:23,ScotiabankPE,Jul 10,"#EntrevistaSE. El CFO de @ScotiabankPE, Marcelo Rodríguez, cuenta que la reciente emisión por US$400 millones busca transmitir un mensaje de permanencia de largo plazo en el Perú.

Por @cabecitaterri.
semanaeconomica.com/economia-finan…",1,2,3,0,642
2025-07-16 16:28:23,ScotiabankPE,Jun 27,".@ScotiabankPE captó US$400 millones en emisión internacional de bonos subordinados. 

semanaeconomica.com/que-esta-pasan…",3,1,0,0,911
2025-07-16 16:28:23,ScotiabankPE,Jun 24,".@ScotiabankPE lanza roadshow internacional previo a nueva emisión de bonos por US$1,000 millones. Scotiabank contrató a @GoldmanSachs y Scotia Capital para presentar la operación ante inversionistas institucionales.
semanaeconomica.com/que-esta-pasan…",0,1,0,0,900
2025-07-16 16:28:23,ScotiabankPE,Jun 20,"Agradecemos a nuestro auspiciador PLATA 🎊 @ScotiabankPE, quién se une a la 30° edición de #CADEUniversitario, el encuentro de jóvenes líderes más importante del país, y se suma a nuestro compromiso de construir un Perú más desarrollado.

Conoce más aquí 👉…",0,1,2,0,456
2025-07-16 16:28:23,ScotiabankPE,Jun 6,"#BrandedContent.  La alta dirección de @ScotiabankPE, liderada por su CEO global, llegó a Perú y sostuvo reuniones con clientes estratégicos y reafirmó la importancia del mercado peruano en su operación internacional.
semanaeconomica.com/economia-finan…",1,1,2,0,978
2025-07-16 16:28:23,ScotiabankPE,May 26,"#BrandedContent.  La alta dirección de @ScotiabankPE, liderada por su CEO global, llegó a Perú y sostuvo reuniones con clientes estratégicos y reafirmó la importancia del mercado peruano en su operación internacional.
semanaeconomica.com/economia-finan…",1,1,2,1,1.0K
2025-07-16 16:28:23,ScotiabankPE,May 22,"#BrandedContent.  La alta dirección de @ScotiabankPE, liderada por su CEO global, llegó a Perú y sostuvo reuniones con clientes estratégicos y reafirmó la importancia del mercado peruano en su operación internacional. 

Conoce más: acortar.link/oCt094",1,1,3,0,1.0K
2025-07-16 16:28:23,ScotiabankPE,Apr 28,"#NotaInformativa | Buscando fortalecer la inversión privada y dinamizar el crecimiento económico, 📈 el ministro @Jose_SalardiR, junto con el director de Sistema Financiero y Mercado de Capitales de la Dirección General de Mercados Financieros y Previsional Privado, Óscar Orcón,…",1,2,5,1,1.0K
2025-07-16 16:28:23,ScotiabankPE,Mar 26,"#BrandedContent. @ScotiabankPE ha sido reconocido por segundo año consecutivo como líder de Banca Privada en Perú por Global Finance.
semanaeconomica.com/economia-finan…",8,1,0,0,2.0K
2025-07-16 16:28:23,ScotiabankPE,Mar 12,"#BrandedContent. @ScotiabankPE ha sido reconocido por segundo año consecutivo como líder de Banca Privada en Perú por Global Finance.

semanaeconomica.com/economia-finan…",4,2,0,0,2.0K
2025-07-16 16:28:23,ScotiabankPE,Mar 7,"#BrandedContent. @ScotiabankPE ha sido reconocido por segundo año consecutivo como líder de Banca Privada en Perú por Global Finance. Tras el reconocimiento, Patricia Martinez, Head de banca privada en Scotiabank, explica las acciones realizadas para lograr el reconocimiento, así…",6,1,1,0,1.0K
2025-07-16 16:28:23,ScotiabankPE,Mar 7,En Scotiabank te reconocemos tus logros y nos comprometemos a seguir trabajando por la equidad todos los días del año. #8MTodosLosDías. 💜 #8MTODOSLOSDÍAS,14,1,5,0,2.0K
2025-07-16 16:28:23,ScotiabankPE,Oct 16,"#BrandedContent. @ScotiabankPE presentó oficialmente a Sebastián Arcuri como su nuevo CEO, y junto a su CEO Global y Head of International Banking, reforzó su compromiso con sus clientes y el desarrollo del país.

Conoce más: acortar.link/Cg9UF1",19,2,10,1,7.0K
2025-07-16 16:28:23,ScotiabankPE,Sep 10,"Conoce nuestro proyecto en Punchan, Iquitos, Perú🇵🇪, con @scotiabankPE y @WorldVisionPeru, enfocado en mejorar la educación infantil con tecnología, fortalecer el rol familiar con ternura y el apoyo de proyectos juveniles.",2,4,26,1,6.0K
2025-07-16 16:28:23,ScotiabankPE,Aug 29,"Conoce nuestro proyecto en Punchana, Iquitos, Perú🇵🇪, con @ScotiabankPE y @WorldVisionPeru, enfocado en mejorar la educación infantil con tecnología, fortalecer el rol familiar con ternura y el apoyo de proyectos juveniles.",0,4,23,0,5.0K
2025-07-16 16:28:23,ScotiabankPE,Aug 8,Scotiabank lanza Fondo de Impacto Social ScotiaRISE en Perú ⏩n9.cl/bsrmz,6,1,2,0,4.0K
2025-07-16 16:28:23,ScotiabankPE,"Jun 18, 2024","Desde el 2022, hemos implementado el proyecto ""Inclusión Educativa para la Vida"" en Loreto, uno de los departamentos con mayor pobreza monetaria. Esta iniciativa, en alianza con @ScotiabankPE y @FundacioFCB, tiene como objetivo mejorar la calidad educativa de las niñas y niños.",5,1,3,0,5.0K
2025-07-16 16:28:23,ScotiabankPE,"Jun 13, 2024","En nuestro compromiso con el bienestar de la niñez, desde el 2022 implementamos el proyecto ""Inclusión Educativa para la Vida"" con el apoyo de @ScotiabankPE y la @FCBarcelona, para brindar acceso a una educación de calidad a las niñas y niños. 

#Scotiabank #FundacionBarcelona",2,6,9,0,4.0K
2025-07-16 16:28:23,ScotiabankPE,"Jun 14, 2024","Somos y seremos sus más grandes hinchas. ⚽️Etiquétalo y dile por qué lo eres. ❤️

#ScotiabankPerú #HablemosEnSerio #DíaDelPadre",18,0,4,0,4.0K
2025-07-16 17:20:59,ScotiabankPE,Jul 14,"¡Imperdible!​ 🤗ESPECIAL.21  “SÁCALE PROVECHO A TU GRATI”​

¿Sabías que los expertos recomiendan destinar el 30% al ahorro o inversión?​

¿Cuáles son tus objetivos?  ¿cuál es tu situación financiera? ¿puedes invertir?  Estas y  otras consideraciones  mañana en nuestro especial.…",1,2,1,1,906
2025-07-16 17:20:59,ScotiabankPE,Jul 10,"#EntrevistaSE. El CFO de @ScotiabankPE, Marcelo Rodríguez, cuenta que la reciente emisión por US$400 millones busca transmitir un mensaje de permanencia de largo plazo en el Perú.

Por @cabecitaterri.
semanaeconomica.com/economia-finan…",1,2,3,0,645
2025-07-16 17:20:59,ScotiabankPE,Jun 27,".@ScotiabankPE captó US$400 millones en emisión internacional de bonos subordinados. 

semanaeconomica.com/que-esta-pasan…",3,1,0,0,912
2025-07-16 17:20:59,ScotiabankPE,Jun 24,".@ScotiabankPE lanza roadshow internacional previo a nueva emisión de bonos por US$1,000 millones. Scotiabank contrató a @GoldmanSachs y Scotia Capital para presentar la operación ante inversionistas institucionales.
semanaeconomica.com/que-esta-pasan…",0,1,0,0,901
2025-07-16 17:20:59,ScotiabankPE,Jun 20,"Agradecemos a nuestro auspiciador PLATA 🎊 @ScotiabankPE, quién se une a la 30° edición de #CADEUniversitario, el encuentro de jóvenes líderes más importante del país, y se suma a nuestro compromiso de construir un Perú más desarrollado.

Conoce más aquí 👉…",0,1,2,0,456
2025-07-16 17:20:59,ScotiabankPE,Jun 6,"#BrandedContent.  La alta dirección de @ScotiabankPE, liderada por su CEO global, llegó a Perú y sostuvo reuniones con clientes estratégicos y reafirmó la importancia del mercado peruano en su operación internacional.
semanaeconomica.com/economia-finan…",1,1,2,0,978
2025-07-16 17:20:59,ScotiabankPE,May 26,"#BrandedContent.  La alta dirección de @ScotiabankPE, liderada por su CEO global, llegó a Perú y sostuvo reuniones con clientes estratégicos y reafirmó la importancia del mercado peruano en su operación internacional.
semanaeconomica.com/economia-finan…",1,1,2,1,1.0K
2025-07-16 17:20:59,ScotiabankPE,May 22,"#BrandedContent.  La alta dirección de @ScotiabankPE, liderada por su CEO global, llegó a Perú y sostuvo reuniones con clientes estratégicos y reafirmó la importancia del mercado peruano en su operación internacional. 

Conoce más: acortar.link/oCt094",1,1,3,0,1.0K
2025-07-16 17:20:59,ScotiabankPE,Apr 28,"#NotaInformativa | Buscando fortalecer la inversión privada y dinamizar el crecimiento económico, 📈 el ministro @Jose_SalardiR, junto con el director de Sistema Financiero y Mercado de Capitales de la Dirección General de Mercados Financieros y Previsional Privado, Óscar Orcón,…",1,2,5,1,1.0K
2025-07-16 17:20:59,ScotiabankPE,Mar 26,"#BrandedContent. @ScotiabankPE ha sido reconocido por segundo año consecutivo como líder de Banca Privada en Perú por Global Finance.
semanaeconomica.com/economia-finan…",8,1,0,0,2.0K
2025-07-16 17:20:59,ScotiabankPE,Mar 12,"#BrandedContent. @ScotiabankPE ha sido reconocido por segundo año consecutivo como líder de Banca Privada en Perú por Global Finance.

semanaeconomica.com/economia-finan…",4,2,0,0,2.0K
2025-07-16 17:20:59,ScotiabankPE,Mar 7,"#BrandedContent. @ScotiabankPE ha sido reconocido por segundo año consecutivo como líder de Banca Privada en Perú por Global Finance. Tras el reconocimiento, Patricia Martinez, Head de banca privada en Scotiabank, explica las acciones realizadas para lograr el reconocimiento, así…",6,1,1,0,1.0K
2025-07-16 17:20:59,ScotiabankPE,Mar 7,En Scotiabank te reconocemos tus logros y nos comprometemos a seguir trabajando por la equidad todos los días del año. #8MTodosLosDías. 💜 #8MTODOSLOSDÍAS,14,1,5,0,2.0K
2025-07-16 17:20:59,ScotiabankPE,Oct 16,"#BrandedContent. @ScotiabankPE presentó oficialmente a Sebastián Arcuri como su nuevo CEO, y junto a su CEO Global y Head of International Banking, reforzó su compromiso con sus clientes y el desarrollo del país.

Conoce más: acortar.link/Cg9UF1",19,2,10,1,7.0K
2025-07-16 17:20:59,ScotiabankPE,Sep 10,"Conoce nuestro proyecto en Punchan, Iquitos, Perú🇵🇪, con @scotiabankPE y @WorldVisionPeru, enfocado en mejorar la educación infantil con tecnología, fortalecer el rol familiar con ternura y el apoyo de proyectos juveniles.",2,4,26,1,6.0K
2025-07-16 17:20:59,ScotiabankPE,Aug 29,"Conoce nuestro proyecto en Punchana, Iquitos, Perú🇵🇪, con @ScotiabankPE y @WorldVisionPeru, enfocado en mejorar la educación infantil con tecnología, fortalecer el rol familiar con ternura y el apoyo de proyectos juveniles.",0,4,23,0,5.0K
2025-07-16 17:20:59,ScotiabankPE,Aug 8,Scotiabank lanza Fondo de Impacto Social ScotiaRISE en Perú ⏩n9.cl/bsrmz,6,1,2,0,4.0K
2025-07-16 17:20:59,ScotiabankPE,"Jun 18, 2024","Desde el 2022, hemos implementado el proyecto ""Inclusión Educativa para la Vida"" en Loreto, uno de los departamentos con mayor pobreza monetaria. Esta iniciativa, en alianza con @ScotiabankPE y @FundacioFCB, tiene como objetivo mejorar la calidad educativa de las niñas y niños.",5,1,3,0,5.0K
2025-07-16 17:20:59,ScotiabankPE,"Jun 13, 2024","En nuestro compromiso con el bienestar de la niñez, desde el 2022 implementamos el proyecto ""Inclusión Educativa para la Vida"" con el apoyo de @ScotiabankPE y la @FCBarcelona, para brindar acceso a una educación de calidad a las niñas y niños. 

#Scotiabank #FundacionBarcelona",2,6,9,0,4.0K
2025-07-16 17:20:59,ScotiabankPE,"Jun 14, 2024","Somos y seremos sus más grandes hinchas. ⚽️Etiquétalo y dile por qué lo eres. ❤️

#ScotiabankPerú #HablemosEnSerio #DíaDelPadre",18,0,4,0,4.0K
2025-07-16 18:30:57,ScotiabankPE,Jul 14,"¡Imperdible!​ 🤗ESPECIAL.21  “SÁCALE PROVECHO A TU GRATI”​

¿Sabías que los expertos recomiendan destinar el 30% al ahorro o inversión?​

¿Cuáles son tus objetivos?  ¿cuál es tu situación financiera? ¿puedes invertir?  Estas y  otras consideraciones  mañana en nuestro especial.…",1,2,1,1,906
2025-07-16 18:30:57,ScotiabankPE,Jul 10,"#EntrevistaSE. El CFO de @ScotiabankPE, Marcelo Rodríguez, cuenta que la reciente emisión por US$400 millones busca transmitir un mensaje de permanencia de largo plazo en el Perú.

Por @cabecitaterri.
semanaeconomica.com/economia-finan…",1,2,3,0,645
2025-07-16 18:30:57,ScotiabankPE,Jun 27,".@ScotiabankPE captó US$400 millones en emisión internacional de bonos subordinados. 

semanaeconomica.com/que-esta-pasan…",3,1,0,0,912
2025-07-16 18:30:57,ScotiabankPE,Jun 24,".@ScotiabankPE lanza roadshow internacional previo a nueva emisión de bonos por US$1,000 millones. Scotiabank contrató a @GoldmanSachs y Scotia Capital para presentar la operación ante inversionistas institucionales.
semanaeconomica.com/que-esta-pasan…",0,1,0,0,901
2025-07-16 18:30:57,ScotiabankPE,Jun 20,"Agradecemos a nuestro auspiciador PLATA 🎊 @ScotiabankPE, quién se une a la 30° edición de #CADEUniversitario, el encuentro de jóvenes líderes más importante del país, y se suma a nuestro compromiso de construir un Perú más desarrollado.

Conoce más aquí 👉…",0,1,2,0,456
2025-07-16 18:30:57,ScotiabankPE,Jun 6,"#BrandedContent.  La alta dirección de @ScotiabankPE, liderada por su CEO global, llegó a Perú y sostuvo reuniones con clientes estratégicos y reafirmó la importancia del mercado peruano en su operación internacional.
semanaeconomica.com/economia-finan…",1,1,2,0,978
2025-07-16 18:30:57,ScotiabankPE,May 26,"#BrandedContent.  La alta dirección de @ScotiabankPE, liderada por su CEO global, llegó a Perú y sostuvo reuniones con clientes estratégicos y reafirmó la importancia del mercado peruano en su operación internacional.
semanaeconomica.com/economia-finan…",1,1,2,1,1.0K
2025-07-16 18:30:57,ScotiabankPE,May 22,"#BrandedContent.  La alta dirección de @ScotiabankPE, liderada por su CEO global, llegó a Perú y sostuvo reuniones con clientes estratégicos y reafirmó la importancia del mercado peruano en su operación internacional. 

Conoce más: acortar.link/oCt094",1,1,3,0,1.0K
2025-07-16 18:30:57,ScotiabankPE,Apr 28,"#NotaInformativa | Buscando fortalecer la inversión privada y dinamizar el crecimiento económico, 📈 el ministro @Jose_SalardiR, junto con el director de Sistema Financiero y Mercado de Capitales de la Dirección General de Mercados Financieros y Previsional Privado, Óscar Orcón,…",1,2,5,1,1.0K
2025-07-16 18:30:57,ScotiabankPE,Mar 26,"#BrandedContent. @ScotiabankPE ha sido reconocido por segundo año consecutivo como líder de Banca Privada en Perú por Global Finance.
semanaeconomica.com/economia-finan…",8,1,0,0,2.0K
2025-07-16 18:30:57,ScotiabankPE,Mar 12,"#BrandedContent. @ScotiabankPE ha sido reconocido por segundo año consecutivo como líder de Banca Privada en Perú por Global Finance.

semanaeconomica.com/economia-finan…",4,2,0,0,2.0K
2025-07-16 18:30:57,ScotiabankPE,Mar 7,"#BrandedContent. @ScotiabankPE ha sido reconocido por segundo año consecutivo como líder de Banca Privada en Perú por Global Finance. Tras el reconocimiento, Patricia Martinez, Head de banca privada en Scotiabank, explica las acciones realizadas para lograr el reconocimiento, así…",6,1,1,0,1.0K
2025-07-16 18:30:57,ScotiabankPE,Mar 7,En Scotiabank te reconocemos tus logros y nos comprometemos a seguir trabajando por la equidad todos los días del año. #8MTodosLosDías. 💜 #8MTODOSLOSDÍAS,14,1,6,0,2.0K
2025-07-16 18:30:57,ScotiabankPE,Oct 16,"#BrandedContent. @ScotiabankPE presentó oficialmente a Sebastián Arcuri como su nuevo CEO, y junto a su CEO Global y Head of International Banking, reforzó su compromiso con sus clientes y el desarrollo del país.

Conoce más: acortar.link/Cg9UF1",19,2,10,1,7.0K
2025-07-16 18:30:57,ScotiabankPE,Sep 10,"Conoce nuestro proyecto en Punchan, Iquitos, Perú🇵🇪, con @scotiabankPE y @WorldVisionPeru, enfocado en mejorar la educación infantil con tecnología, fortalecer el rol familiar con ternura y el apoyo de proyectos juveniles.",2,4,26,1,6.0K
2025-07-16 18:30:57,ScotiabankPE,Aug 29,"Conoce nuestro proyecto en Punchana, Iquitos, Perú🇵🇪, con @ScotiabankPE y @WorldVisionPeru, enfocado en mejorar la educación infantil con tecnología, fortalecer el rol familiar con ternura y el apoyo de proyectos juveniles.",0,4,23,0,5.0K
2025-07-16 18:30:57,ScotiabankPE,Aug 8,Scotiabank lanza Fondo de Impacto Social ScotiaRISE en Perú ⏩n9.cl/bsrmz,6,1,2,0,4.0K
2025-07-16 18:30:57,ScotiabankPE,"Jun 18, 2024","Desde el 2022, hemos implementado el proyecto ""Inclusión Educativa para la Vida"" en Loreto, uno de los departamentos con mayor pobreza monetaria. Esta iniciativa, en alianza con @ScotiabankPE y @FundacioFCB, tiene como objetivo mejorar la calidad educativa de las niñas y niños.",5,1,3,0,5.0K
2025-07-16 18:30:57,ScotiabankPE,"Jun 13, 2024","En nuestro compromiso con el bienestar de la niñez, desde el 2022 implementamos el proyecto ""Inclusión Educativa para la Vida"" con el apoyo de @ScotiabankPE y la @FCBarcelona, para brindar acceso a una educación de calidad a las niñas y niños. 

#Scotiabank #FundacionBarcelona",2,6,9,0,4.0K
2025-07-16 18:30:57,ScotiabankPE,"Jun 14, 2024","Somos y seremos sus más grandes hinchas. ⚽️Etiquétalo y dile por qué lo eres. ❤️

#ScotiabankPerú #HablemosEnSerio #DíaDelPadre",18,0,4,0,4.0K
2025-07-16 19:18:10,ScotiabankPE,Jul 14,"¡Imperdible!​ 🤗ESPECIAL.21  “SÁCALE PROVECHO A TU GRATI”​

¿Sabías que los expertos recomiendan destinar el 30% al ahorro o inversión?​

¿Cuáles son tus objetivos?  ¿cuál es tu situación financiera? ¿puedes invertir?  Estas y  otras consideraciones  mañana en nuestro especial.…",1,2,1,1,906
2025-07-16 19:18:10,ScotiabankPE,Jul 10,"#EntrevistaSE. El CFO de @ScotiabankPE, Marcelo Rodríguez, cuenta que la reciente emisión por US$400 millones busca transmitir un mensaje de permanencia de largo plazo en el Perú.

Por @cabecitaterri.
semanaeconomica.com/economia-finan…",1,2,3,0,645
2025-07-16 19:18:10,ScotiabankPE,Jun 27,".@ScotiabankPE captó US$400 millones en emisión internacional de bonos subordinados. 

semanaeconomica.com/que-esta-pasan…",3,1,0,0,912
2025-07-16 19:18:10,ScotiabankPE,Jun 24,".@ScotiabankPE lanza roadshow internacional previo a nueva emisión de bonos por US$1,000 millones. Scotiabank contrató a @GoldmanSachs y Scotia Capital para presentar la operación ante inversionistas institucionales.
semanaeconomica.com/que-esta-pasan…",0,1,0,0,901
2025-07-16 19:18:10,ScotiabankPE,Jun 20,"Agradecemos a nuestro auspiciador PLATA 🎊 @ScotiabankPE, quién se une a la 30° edición de #CADEUniversitario, el encuentro de jóvenes líderes más importante del país, y se suma a nuestro compromiso de construir un Perú más desarrollado.

Conoce más aquí 👉…",0,1,2,0,456
2025-07-16 19:18:10,ScotiabankPE,Jun 6,"#BrandedContent.  La alta dirección de @ScotiabankPE, liderada por su CEO global, llegó a Perú y sostuvo reuniones con clientes estratégicos y reafirmó la importancia del mercado peruano en su operación internacional.
semanaeconomica.com/economia-finan…",1,1,2,0,978
2025-07-16 19:18:10,ScotiabankPE,May 26,"#BrandedContent.  La alta dirección de @ScotiabankPE, liderada por su CEO global, llegó a Perú y sostuvo reuniones con clientes estratégicos y reafirmó la importancia del mercado peruano en su operación internacional.
semanaeconomica.com/economia-finan…",1,1,2,1,1.0K
2025-07-16 19:18:10,ScotiabankPE,May 22,"#BrandedContent.  La alta dirección de @ScotiabankPE, liderada por su CEO global, llegó a Perú y sostuvo reuniones con clientes estratégicos y reafirmó la importancia del mercado peruano en su operación internacional. 

Conoce más: acortar.link/oCt094",1,1,3,0,1.0K
2025-07-16 19:18:10,ScotiabankPE,Apr 28,"#NotaInformativa | Buscando fortalecer la inversión privada y dinamizar el crecimiento económico, 📈 el ministro @Jose_SalardiR, junto con el director de Sistema Financiero y Mercado de Capitales de la Dirección General de Mercados Financieros y Previsional Privado, Óscar Orcón,…",1,2,5,1,1.0K
2025-07-16 19:18:10,ScotiabankPE,Mar 26,"#BrandedContent. @ScotiabankPE ha sido reconocido por segundo año consecutivo como líder de Banca Privada en Perú por Global Finance.
semanaeconomica.com/economia-finan…",8,1,0,0,2.0K
2025-07-16 19:18:10,ScotiabankPE,Mar 12,"#BrandedContent. @ScotiabankPE ha sido reconocido por segundo año consecutivo como líder de Banca Privada en Perú por Global Finance.

semanaeconomica.com/economia-finan…",4,2,0,0,2.0K
2025-07-16 19:18:10,ScotiabankPE,Mar 7,"#BrandedContent. @ScotiabankPE ha sido reconocido por segundo año consecutivo como líder de Banca Privada en Perú por Global Finance. Tras el reconocimiento, Patricia Martinez, Head de banca privada en Scotiabank, explica las acciones realizadas para lograr el reconocimiento, así…",6,1,1,0,1.0K
2025-07-16 19:18:10,ScotiabankPE,Mar 7,En Scotiabank te reconocemos tus logros y nos comprometemos a seguir trabajando por la equidad todos los días del año. #8MTodosLosDías. 💜 #8MTODOSLOSDÍAS,14,1,5,0,2.0K
2025-07-16 19:18:10,ScotiabankPE,Oct 16,"#BrandedContent. @ScotiabankPE presentó oficialmente a Sebastián Arcuri como su nuevo CEO, y junto a su CEO Global y Head of International Banking, reforzó su compromiso con sus clientes y el desarrollo del país.

Conoce más: acortar.link/Cg9UF1",19,2,10,1,7.0K
2025-07-16 19:18:10,ScotiabankPE,Sep 10,"Conoce nuestro proyecto en Punchan, Iquitos, Perú🇵🇪, con @scotiabankPE y @WorldVisionPeru, enfocado en mejorar la educación infantil con tecnología, fortalecer el rol familiar con ternura y el apoyo de proyectos juveniles.",2,4,26,1,6.0K
2025-07-16 19:18:10,ScotiabankPE,Aug 29,"Conoce nuestro proyecto en Punchana, Iquitos, Perú🇵🇪, con @ScotiabankPE y @WorldVisionPeru, enfocado en mejorar la educación infantil con tecnología, fortalecer el rol familiar con ternura y el apoyo de proyectos juveniles.",0,4,23,0,5.0K
2025-07-16 19:18:10,ScotiabankPE,Aug 8,Scotiabank lanza Fondo de Impacto Social ScotiaRISE en Perú ⏩n9.cl/bsrmz,6,1,2,0,4.0K
2025-07-16 19:18:10,ScotiabankPE,"Jun 18, 2024","Desde el 2022, hemos implementado el proyecto ""Inclusión Educativa para la Vida"" en Loreto, uno de los departamentos con mayor pobreza monetaria. Esta iniciativa, en alianza con @ScotiabankPE y @FundacioFCB, tiene como objetivo mejorar la calidad educativa de las niñas y niños.",5,1,3,0,5.0K
2025-07-16 19:18:10,ScotiabankPE,"Jun 13, 2024","En nuestro compromiso con el bienestar de la niñez, desde el 2022 implementamos el proyecto ""Inclusión Educativa para la Vida"" con el apoyo de @ScotiabankPE y la @FCBarcelona, para brindar acceso a una educación de calidad a las niñas y niños. 

#Scotiabank #FundacionBarcelona",2,6,9,0,4.0K
2025-07-16 19:18:10,ScotiabankPE,"Jun 14, 2024","Somos y seremos sus más grandes hinchas. ⚽️Etiquétalo y dile por qué lo eres. ❤️

#ScotiabankPerú #HablemosEnSerio #DíaDelPadre",18,0,4,0,4.0K
2025-07-16 21:20:48,ScotiabankPE,Jul 14,"¡Imperdible!​ 🤗ESPECIAL.21  “SÁCALE PROVECHO A TU GRATI”​

¿Sabías que los expertos recomiendan destinar el 30% al ahorro o inversión?​

¿Cuáles son tus objetivos?  ¿cuál es tu situación financiera? ¿puedes invertir?  Estas y  otras consideraciones  mañana en nuestro especial.…",1,2,1,1,912
2025-07-16 21:20:48,ScotiabankPE,Jul 10,"#EntrevistaSE. El CFO de @ScotiabankPE, Marcelo Rodríguez, cuenta que la reciente emisión por US$400 millones busca transmitir un mensaje de permanencia de largo plazo en el Perú.

Por @cabecitaterri.
semanaeconomica.com/economia-finan…",1,2,3,0,649
2025-07-16 21:20:48,ScotiabankPE,Jun 27,".@ScotiabankPE captó US$400 millones en emisión internacional de bonos subordinados. 

semanaeconomica.com/que-esta-pasan…",3,1,1,0,914
2025-07-16 21:20:48,ScotiabankPE,Jun 24,".@ScotiabankPE lanza roadshow internacional previo a nueva emisión de bonos por US$1,000 millones. Scotiabank contrató a @GoldmanSachs y Scotia Capital para presentar la operación ante inversionistas institucionales.
semanaeconomica.com/que-esta-pasan…",0,1,0,0,903
2025-07-16 21:20:48,ScotiabankPE,Jun 20,"Agradecemos a nuestro auspiciador PLATA 🎊 @ScotiabankPE, quién se une a la 30° edición de #CADEUniversitario, el encuentro de jóvenes líderes más importante del país, y se suma a nuestro compromiso de construir un Perú más desarrollado.

Conoce más aquí 👉…",0,1,2,0,458
2025-07-16 21:20:48,ScotiabankPE,Jun 6,"#BrandedContent.  La alta dirección de @ScotiabankPE, liderada por su CEO global, llegó a Perú y sostuvo reuniones con clientes estratégicos y reafirmó la importancia del mercado peruano en su operación internacional.
semanaeconomica.com/economia-finan…",1,1,2,0,978
2025-07-16 21:20:48,ScotiabankPE,May 26,"#BrandedContent.  La alta dirección de @ScotiabankPE, liderada por su CEO global, llegó a Perú y sostuvo reuniones con clientes estratégicos y reafirmó la importancia del mercado peruano en su operación internacional.
semanaeconomica.com/economia-finan…",1,1,2,1,1.0K
2025-07-16 21:20:48,ScotiabankPE,May 22,"#BrandedContent.  La alta dirección de @ScotiabankPE, liderada por su CEO global, llegó a Perú y sostuvo reuniones con clientes estratégicos y reafirmó la importancia del mercado peruano en su operación internacional. 

Conoce más: acortar.link/oCt094",1,1,3,0,1.0K
2025-07-16 21:20:48,ScotiabankPE,Apr 28,"#NotaInformativa | Buscando fortalecer la inversión privada y dinamizar el crecimiento económico, 📈 el ministro @Jose_SalardiR, junto con el director de Sistema Financiero y Mercado de Capitales de la Dirección General de Mercados Financieros y Previsional Privado, Óscar Orcón,…",1,2,5,1,1.0K
2025-07-16 21:20:48,ScotiabankPE,Mar 26,"#BrandedContent. @ScotiabankPE ha sido reconocido por segundo año consecutivo como líder de Banca Privada en Perú por Global Finance.
semanaeconomica.com/economia-finan…",8,1,0,0,2.0K
2025-07-16 21:20:48,ScotiabankPE,Mar 12,"#BrandedContent. @ScotiabankPE ha sido reconocido por segundo año consecutivo como líder de Banca Privada en Perú por Global Finance.

semanaeconomica.com/economia-finan…",4,2,0,0,2.0K
2025-07-16 21:20:48,ScotiabankPE,Mar 7,"#BrandedContent. @ScotiabankPE ha sido reconocido por segundo año consecutivo como líder de Banca Privada en Perú por Global Finance. Tras el reconocimiento, Patricia Martinez, Head de banca privada en Scotiabank, explica las acciones realizadas para lograr el reconocimiento, así…",6,1,1,0,1.0K
2025-07-16 21:20:48,ScotiabankPE,Mar 7,En Scotiabank te reconocemos tus logros y nos comprometemos a seguir trabajando por la equidad todos los días del año. #8MTodosLosDías. 💜 #8MTODOSLOSDÍAS,14,1,6,0,2.0K
2025-07-16 21:20:48,ScotiabankPE,Oct 16,"#BrandedContent. @ScotiabankPE presentó oficialmente a Sebastián Arcuri como su nuevo CEO, y junto a su CEO Global y Head of International Banking, reforzó su compromiso con sus clientes y el desarrollo del país.

Conoce más: acortar.link/Cg9UF1",19,2,10,1,7.0K
2025-07-16 21:20:48,ScotiabankPE,Sep 10,"Conoce nuestro proyecto en Punchan, Iquitos, Perú🇵🇪, con @scotiabankPE y @WorldVisionPeru, enfocado en mejorar la educación infantil con tecnología, fortalecer el rol familiar con ternura y el apoyo de proyectos juveniles.",2,4,26,1,6.0K
2025-07-16 21:20:48,ScotiabankPE,Aug 29,"Conoce nuestro proyecto en Punchana, Iquitos, Perú🇵🇪, con @ScotiabankPE y @WorldVisionPeru, enfocado en mejorar la educación infantil con tecnología, fortalecer el rol familiar con ternura y el apoyo de proyectos juveniles.",0,4,23,0,5.0K
2025-07-16 21:20:48,ScotiabankPE,Aug 8,Scotiabank lanza Fondo de Impacto Social ScotiaRISE en Perú ⏩n9.cl/bsrmz,6,1,2,0,4.0K
2025-07-16 21:20:48,ScotiabankPE,"Jun 18, 2024","Desde el 2022, hemos implementado el proyecto ""Inclusión Educativa para la Vida"" en Loreto, uno de los departamentos con mayor pobreza monetaria. Esta iniciativa, en alianza con @ScotiabankPE y @FundacioFCB, tiene como objetivo mejorar la calidad educativa de las niñas y niños.",5,1,3,0,5.0K
2025-07-16 21:20:48,ScotiabankPE,"Jun 13, 2024","En nuestro compromiso con el bienestar de la niñez, desde el 2022 implementamos el proyecto ""Inclusión Educativa para la Vida"" con el apoyo de @ScotiabankPE y la @FCBarcelona, para brindar acceso a una educación de calidad a las niñas y niños. 

#Scotiabank #FundacionBarcelona",2,6,9,0,4.0K
2025-07-16 21:20:48,ScotiabankPE,"Jun 14, 2024","Somos y seremos sus más grandes hinchas. ⚽️Etiquétalo y dile por qué lo eres. ❤️

#ScotiabankPerú #HablemosEnSerio #DíaDelPadre",18,0,4,0,4.0K
2025-07-16 22:20:35,ScotiabankPE,Jul 14,"¡Imperdible!​ 🤗ESPECIAL.21  “SÁCALE PROVECHO A TU GRATI”​

¿Sabías que los expertos recomiendan destinar el 30% al ahorro o inversión?​

¿Cuáles son tus objetivos?  ¿cuál es tu situación financiera? ¿puedes invertir?  Estas y  otras consideraciones  mañana en nuestro especial.…",1,2,1,1,919
2025-07-16 22:20:35,ScotiabankPE,Jul 10,"#EntrevistaSE. El CFO de @ScotiabankPE, Marcelo Rodríguez, cuenta que la reciente emisión por US$400 millones busca transmitir un mensaje de permanencia de largo plazo en el Perú.

Por @cabecitaterri.
semanaeconomica.com/economia-finan…",1,2,3,0,654
2025-07-16 22:20:35,ScotiabankPE,Jun 27,".@ScotiabankPE captó US$400 millones en emisión internacional de bonos subordinados. 

semanaeconomica.com/que-esta-pasan…",3,1,1,0,916
2025-07-16 22:20:35,ScotiabankPE,Jun 24,".@ScotiabankPE lanza roadshow internacional previo a nueva emisión de bonos por US$1,000 millones. Scotiabank contrató a @GoldmanSachs y Scotia Capital para presentar la operación ante inversionistas institucionales.
semanaeconomica.com/que-esta-pasan…",0,1,0,0,903
2025-07-16 22:20:35,ScotiabankPE,Jun 20,"Agradecemos a nuestro auspiciador PLATA 🎊 @ScotiabankPE, quién se une a la 30° edición de #CADEUniversitario, el encuentro de jóvenes líderes más importante del país, y se suma a nuestro compromiso de construir un Perú más desarrollado.

Conoce más aquí 👉…",0,1,2,0,458
2025-07-16 22:20:35,ScotiabankPE,Jun 6,"#BrandedContent.  La alta dirección de @ScotiabankPE, liderada por su CEO global, llegó a Perú y sostuvo reuniones con clientes estratégicos y reafirmó la importancia del mercado peruano en su operación internacional.
semanaeconomica.com/economia-finan…",1,1,2,0,978
2025-07-16 22:20:35,ScotiabankPE,May 26,"#BrandedContent.  La alta dirección de @ScotiabankPE, liderada por su CEO global, llegó a Perú y sostuvo reuniones con clientes estratégicos y reafirmó la importancia del mercado peruano en su operación internacional.
semanaeconomica.com/economia-finan…",1,1,2,1,1.0K
2025-07-16 22:20:35,ScotiabankPE,May 22,"#BrandedContent.  La alta dirección de @ScotiabankPE, liderada por su CEO global, llegó a Perú y sostuvo reuniones con clientes estratégicos y reafirmó la importancia del mercado peruano en su operación internacional. 

Conoce más: acortar.link/oCt094",1,1,3,0,1.0K
2025-07-16 22:20:35,ScotiabankPE,Apr 28,"#NotaInformativa | Buscando fortalecer la inversión privada y dinamizar el crecimiento económico, 📈 el ministro @Jose_SalardiR, junto con el director de Sistema Financiero y Mercado de Capitales de la Dirección General de Mercados Financieros y Previsional Privado, Óscar Orcón,…",1,2,5,1,1.0K
2025-07-16 22:20:35,ScotiabankPE,Mar 26,"#BrandedContent. @ScotiabankPE ha sido reconocido por segundo año consecutivo como líder de Banca Privada en Perú por Global Finance.
semanaeconomica.com/economia-finan…",8,1,0,0,2.0K
2025-07-16 22:20:35,ScotiabankPE,Mar 12,"#BrandedContent. @ScotiabankPE ha sido reconocido por segundo año consecutivo como líder de Banca Privada en Perú por Global Finance.

semanaeconomica.com/economia-finan…",4,2,0,0,2.0K
2025-07-16 22:20:35,ScotiabankPE,Mar 7,"#BrandedContent. @ScotiabankPE ha sido reconocido por segundo año consecutivo como líder de Banca Privada en Perú por Global Finance. Tras el reconocimiento, Patricia Martinez, Head de banca privada en Scotiabank, explica las acciones realizadas para lograr el reconocimiento, así…",6,1,1,0,1.0K
2025-07-16 22:20:35,ScotiabankPE,Mar 7,En Scotiabank te reconocemos tus logros y nos comprometemos a seguir trabajando por la equidad todos los días del año. #8MTodosLosDías. 💜 #8MTODOSLOSDÍAS,14,1,6,0,2.0K
2025-07-16 22:20:35,ScotiabankPE,Oct 16,"#BrandedContent. @ScotiabankPE presentó oficialmente a Sebastián Arcuri como su nuevo CEO, y junto a su CEO Global y Head of International Banking, reforzó su compromiso con sus clientes y el desarrollo del país.

Conoce más: acortar.link/Cg9UF1",19,2,10,1,7.0K
2025-07-16 22:20:35,ScotiabankPE,Sep 10,"Conoce nuestro proyecto en Punchan, Iquitos, Perú🇵🇪, con @scotiabankPE y @WorldVisionPeru, enfocado en mejorar la educación infantil con tecnología, fortalecer el rol familiar con ternura y el apoyo de proyectos juveniles.",2,4,26,1,6.0K
2025-07-16 22:20:35,ScotiabankPE,Aug 29,"Conoce nuestro proyecto en Punchana, Iquitos, Perú🇵🇪, con @ScotiabankPE y @WorldVisionPeru, enfocado en mejorar la educación infantil con tecnología, fortalecer el rol familiar con ternura y el apoyo de proyectos juveniles.",0,4,23,0,5.0K
2025-07-16 22:20:35,ScotiabankPE,Aug 8,Scotiabank lanza Fondo de Impacto Social ScotiaRISE en Perú ⏩n9.cl/bsrmz,6,1,2,0,4.0K
2025-07-16 22:20:35,ScotiabankPE,"Jun 18, 2024","Desde el 2022, hemos implementado el proyecto ""Inclusión Educativa para la Vida"" en Loreto, uno de los departamentos con mayor pobreza monetaria. Esta iniciativa, en alianza con @ScotiabankPE y @FundacioFCB, tiene como objetivo mejorar la calidad educativa de las niñas y niños.",5,1,3,0,5.0K
2025-07-16 22:20:35,ScotiabankPE,"Jun 13, 2024","En nuestro compromiso con el bienestar de la niñez, desde el 2022 implementamos el proyecto ""Inclusión Educativa para la Vida"" con el apoyo de @ScotiabankPE y la @FCBarcelona, para brindar acceso a una educación de calidad a las niñas y niños. 

#Scotiabank #FundacionBarcelona",2,6,9,0,4.0K
2025-07-16 22:20:35,ScotiabankPE,"Jun 14, 2024","Somos y seremos sus más grandes hinchas. ⚽️Etiquétalo y dile por qué lo eres. ❤️

#ScotiabankPerú #HablemosEnSerio #DíaDelPadre",18,0,4,0,4.0K
2025-07-16 23:20:29,ScotiabankPE,Jul 14,"¡Imperdible!​ 🤗ESPECIAL.21  “SÁCALE PROVECHO A TU GRATI”​

¿Sabías que los expertos recomiendan destinar el 30% al ahorro o inversión?​

¿Cuáles son tus objetivos?  ¿cuál es tu situación financiera? ¿puedes invertir?  Estas y  otras consideraciones  mañana en nuestro especial.…",1,2,1,1,922
2025-07-16 23:20:29,ScotiabankPE,Jul 10,"#EntrevistaSE. El CFO de @ScotiabankPE, Marcelo Rodríguez, cuenta que la reciente emisión por US$400 millones busca transmitir un mensaje de permanencia de largo plazo en el Perú.

Por @cabecitaterri.
semanaeconomica.com/economia-finan…",1,2,3,0,659
2025-07-16 23:20:29,ScotiabankPE,Jun 27,".@ScotiabankPE captó US$400 millones en emisión internacional de bonos subordinados. 

semanaeconomica.com/que-esta-pasan…",3,1,1,0,918
2025-07-16 23:20:29,ScotiabankPE,Jun 24,".@ScotiabankPE lanza roadshow internacional previo a nueva emisión de bonos por US$1,000 millones. Scotiabank contrató a @GoldmanSachs y Scotia Capital para presentar la operación ante inversionistas institucionales.
semanaeconomica.com/que-esta-pasan…",0,1,0,0,904
2025-07-16 23:20:29,ScotiabankPE,Jun 20,"Agradecemos a nuestro auspiciador PLATA 🎊 @ScotiabankPE, quién se une a la 30° edición de #CADEUniversitario, el encuentro de jóvenes líderes más importante del país, y se suma a nuestro compromiso de construir un Perú más desarrollado.

Conoce más aquí 👉…",0,1,2,0,459
2025-07-16 23:20:29,ScotiabankPE,Jun 6,"#BrandedContent.  La alta dirección de @ScotiabankPE, liderada por su CEO global, llegó a Perú y sostuvo reuniones con clientes estratégicos y reafirmó la importancia del mercado peruano en su operación internacional.
semanaeconomica.com/economia-finan…",1,1,2,0,978
2025-07-16 23:20:29,ScotiabankPE,May 26,"#BrandedContent.  La alta dirección de @ScotiabankPE, liderada por su CEO global, llegó a Perú y sostuvo reuniones con clientes estratégicos y reafirmó la importancia del mercado peruano en su operación internacional.
semanaeconomica.com/economia-finan…",1,1,2,1,1.0K
2025-07-16 23:20:29,ScotiabankPE,May 22,"#BrandedContent.  La alta dirección de @ScotiabankPE, liderada por su CEO global, llegó a Perú y sostuvo reuniones con clientes estratégicos y reafirmó la importancia del mercado peruano en su operación internacional. 

Conoce más: acortar.link/oCt094",1,1,3,0,1.0K
2025-07-16 23:20:29,ScotiabankPE,Apr 28,"#NotaInformativa | Buscando fortalecer la inversión privada y dinamizar el crecimiento económico, 📈 el ministro @Jose_SalardiR, junto con el director de Sistema Financiero y Mercado de Capitales de la Dirección General de Mercados Financieros y Previsional Privado, Óscar Orcón,…",1,2,5,1,1.0K
2025-07-16 23:20:29,ScotiabankPE,Mar 26,"#BrandedContent. @ScotiabankPE ha sido reconocido por segundo año consecutivo como líder de Banca Privada en Perú por Global Finance.
semanaeconomica.com/economia-finan…",8,1,0,0,2.0K
2025-07-16 23:20:29,ScotiabankPE,Mar 12,"#BrandedContent. @ScotiabankPE ha sido reconocido por segundo año consecutivo como líder de Banca Privada en Perú por Global Finance.

semanaeconomica.com/economia-finan…",4,2,0,0,2.0K
2025-07-16 23:20:29,ScotiabankPE,Mar 7,"#BrandedContent. @ScotiabankPE ha sido reconocido por segundo año consecutivo como líder de Banca Privada en Perú por Global Finance. Tras el reconocimiento, Patricia Martinez, Head de banca privada en Scotiabank, explica las acciones realizadas para lograr el reconocimiento, así…",6,1,1,0,1.0K
2025-07-16 23:20:29,ScotiabankPE,Mar 7,En Scotiabank te reconocemos tus logros y nos comprometemos a seguir trabajando por la equidad todos los días del año. #8MTodosLosDías. 💜 #8MTODOSLOSDÍAS,14,1,6,0,2.0K
2025-07-16 23:20:29,ScotiabankPE,Oct 16,"#BrandedContent. @ScotiabankPE presentó oficialmente a Sebastián Arcuri como su nuevo CEO, y junto a su CEO Global y Head of International Banking, reforzó su compromiso con sus clientes y el desarrollo del país.

Conoce más: acortar.link/Cg9UF1",19,2,10,1,7.0K
2025-07-16 23:20:29,ScotiabankPE,Sep 10,"Conoce nuestro proyecto en Punchan, Iquitos, Perú🇵🇪, con @scotiabankPE y @WorldVisionPeru, enfocado en mejorar la educación infantil con tecnología, fortalecer el rol familiar con ternura y el apoyo de proyectos juveniles.",2,4,26,1,6.0K
2025-07-16 23:20:29,ScotiabankPE,Aug 29,"Conoce nuestro proyecto en Punchana, Iquitos, Perú🇵🇪, con @ScotiabankPE y @WorldVisionPeru, enfocado en mejorar la educación infantil con tecnología, fortalecer el rol familiar con ternura y el apoyo de proyectos juveniles.",0,4,23,0,5.0K
2025-07-16 23:20:29,ScotiabankPE,Aug 8,Scotiabank lanza Fondo de Impacto Social ScotiaRISE en Perú ⏩n9.cl/bsrmz,6,1,2,0,4.0K
2025-07-16 23:20:29,ScotiabankPE,"Jun 18, 2024","Desde el 2022, hemos implementado el proyecto ""Inclusión Educativa para la Vida"" en Loreto, uno de los departamentos con mayor pobreza monetaria. Esta iniciativa, en alianza con @ScotiabankPE y @FundacioFCB, tiene como objetivo mejorar la calidad educativa de las niñas y niños.",5,1,3,0,5.0K
2025-07-16 23:20:29,ScotiabankPE,"Jun 13, 2024","En nuestro compromiso con el bienestar de la niñez, desde el 2022 implementamos el proyecto ""Inclusión Educativa para la Vida"" con el apoyo de @ScotiabankPE y la @FCBarcelona, para brindar acceso a una educación de calidad a las niñas y niños. 

#Scotiabank #FundacionBarcelona",2,6,9,0,4.0K
2025-07-16 23:20:29,ScotiabankPE,"Jun 14, 2024","Somos y seremos sus más grandes hinchas. ⚽️Etiquétalo y dile por qué lo eres. ❤️

#ScotiabankPerú #HablemosEnSerio #DíaDelPadre",18,0,4,0,4.0K
2025-07-17 01:46:55,ScotiabankPE,Jul 14,"¡Imperdible!​ 🤗ESPECIAL.21  “SÁCALE PROVECHO A TU GRATI”​

¿Sabías que los expertos recomiendan destinar el 30% al ahorro o inversión?​

¿Cuáles son tus objetivos?  ¿cuál es tu situación financiera? ¿puedes invertir?  Estas y  otras consideraciones  mañana en nuestro especial.…",1,2,1,1,925
2025-07-17 01:46:55,ScotiabankPE,Jul 10,"#EntrevistaSE. El CFO de @ScotiabankPE, Marcelo Rodríguez, cuenta que la reciente emisión por US$400 millones busca transmitir un mensaje de permanencia de largo plazo en el Perú.

Por @cabecitaterri.
semanaeconomica.com/economia-finan…",1,2,3,0,670
2025-07-17 01:46:55,ScotiabankPE,Jun 27,".@ScotiabankPE captó US$400 millones en emisión internacional de bonos subordinados. 

semanaeconomica.com/que-esta-pasan…",3,1,1,0,919
2025-07-17 01:46:55,ScotiabankPE,Jun 24,".@ScotiabankPE lanza roadshow internacional previo a nueva emisión de bonos por US$1,000 millones. Scotiabank contrató a @GoldmanSachs y Scotia Capital para presentar la operación ante inversionistas institucionales.
semanaeconomica.com/que-esta-pasan…",0,1,0,0,904
2025-07-17 01:46:55,ScotiabankPE,Jun 20,"Agradecemos a nuestro auspiciador PLATA 🎊 @ScotiabankPE, quién se une a la 30° edición de #CADEUniversitario, el encuentro de jóvenes líderes más importante del país, y se suma a nuestro compromiso de construir un Perú más desarrollado.

Conoce más aquí 👉…",0,1,2,0,459
2025-07-17 01:46:55,ScotiabankPE,Jun 6,"#BrandedContent.  La alta dirección de @ScotiabankPE, liderada por su CEO global, llegó a Perú y sostuvo reuniones con clientes estratégicos y reafirmó la importancia del mercado peruano en su operación internacional.
semanaeconomica.com/economia-finan…",1,1,2,0,978
2025-07-17 01:46:55,ScotiabankPE,May 26,"#BrandedContent.  La alta dirección de @ScotiabankPE, liderada por su CEO global, llegó a Perú y sostuvo reuniones con clientes estratégicos y reafirmó la importancia del mercado peruano en su operación internacional.
semanaeconomica.com/economia-finan…",1,1,2,1,1.0K
2025-07-17 01:46:55,ScotiabankPE,May 22,"#BrandedContent.  La alta dirección de @ScotiabankPE, liderada por su CEO global, llegó a Perú y sostuvo reuniones con clientes estratégicos y reafirmó la importancia del mercado peruano en su operación internacional. 

Conoce más: acortar.link/oCt094",1,1,3,0,1.0K
2025-07-17 01:46:55,ScotiabankPE,Apr 28,"#NotaInformativa | Buscando fortalecer la inversión privada y dinamizar el crecimiento económico, 📈 el ministro @Jose_SalardiR, junto con el director de Sistema Financiero y Mercado de Capitales de la Dirección General de Mercados Financieros y Previsional Privado, Óscar Orcón,…",1,2,5,1,1.0K
2025-07-17 01:46:55,ScotiabankPE,Mar 26,"#BrandedContent. @ScotiabankPE ha sido reconocido por segundo año consecutivo como líder de Banca Privada en Perú por Global Finance.
semanaeconomica.com/economia-finan…",8,1,0,0,2.0K
2025-07-17 01:46:55,ScotiabankPE,Mar 12,"#BrandedContent. @ScotiabankPE ha sido reconocido por segundo año consecutivo como líder de Banca Privada en Perú por Global Finance.

semanaeconomica.com/economia-finan…",4,2,0,0,2.0K
2025-07-17 01:46:55,ScotiabankPE,Mar 7,"#BrandedContent. @ScotiabankPE ha sido reconocido por segundo año consecutivo como líder de Banca Privada en Perú por Global Finance. Tras el reconocimiento, Patricia Martinez, Head de banca privada en Scotiabank, explica las acciones realizadas para lograr el reconocimiento, así…",6,1,1,0,1.0K
2025-07-17 01:46:55,ScotiabankPE,Mar 7,En Scotiabank te reconocemos tus logros y nos comprometemos a seguir trabajando por la equidad todos los días del año. #8MTodosLosDías. 💜 #8MTODOSLOSDÍAS,14,1,6,0,2.0K
2025-07-17 01:46:55,ScotiabankPE,Oct 16,"#BrandedContent. @ScotiabankPE presentó oficialmente a Sebastián Arcuri como su nuevo CEO, y junto a su CEO Global y Head of International Banking, reforzó su compromiso con sus clientes y el desarrollo del país.

Conoce más: acortar.link/Cg9UF1",19,2,10,1,7.0K
2025-07-17 01:46:55,ScotiabankPE,Sep 10,"Conoce nuestro proyecto en Punchan, Iquitos, Perú🇵🇪, con @scotiabankPE y @WorldVisionPeru, enfocado en mejorar la educación infantil con tecnología, fortalecer el rol familiar con ternura y el apoyo de proyectos juveniles.",2,4,26,1,6.0K
2025-07-17 01:46:55,ScotiabankPE,Aug 29,"Conoce nuestro proyecto en Punchana, Iquitos, Perú🇵🇪, con @ScotiabankPE y @WorldVisionPeru, enfocado en mejorar la educación infantil con tecnología, fortalecer el rol familiar con ternura y el apoyo de proyectos juveniles.",0,4,23,0,5.0K
2025-07-17 01:46:55,ScotiabankPE,Aug 8,Scotiabank lanza Fondo de Impacto Social ScotiaRISE en Perú ⏩n9.cl/bsrmz,6,1,2,0,4.0K
2025-07-17 01:46:55,ScotiabankPE,"Jun 18, 2024","Desde el 2022, hemos implementado el proyecto ""Inclusión Educativa para la Vida"" en Loreto, uno de los departamentos con mayor pobreza monetaria. Esta iniciativa, en alianza con @ScotiabankPE y @FundacioFCB, tiene como objetivo mejorar la calidad educativa de las niñas y niños.",5,1,3,0,5.0K
2025-07-17 01:46:55,ScotiabankPE,"Jun 13, 2024","En nuestro compromiso con el bienestar de la niñez, desde el 2022 implementamos el proyecto ""Inclusión Educativa para la Vida"" con el apoyo de @ScotiabankPE y la @FCBarcelona, para brindar acceso a una educación de calidad a las niñas y niños. 

#Scotiabank #FundacionBarcelona",2,6,9,0,4.0K
2025-07-17 01:46:55,ScotiabankPE,"Jun 14, 2024","Somos y seremos sus más grandes hinchas. ⚽️Etiquétalo y dile por qué lo eres. ❤️

#ScotiabankPerú #HablemosEnSerio #DíaDelPadre",18,0,4,0,4.0K
2025-07-17 04:38:14,ScotiabankPE,Jul 14,"¡Imperdible!​ 🤗ESPECIAL.21  “SÁCALE PROVECHO A TU GRATI”​

¿Sabías que los expertos recomiendan destinar el 30% al ahorro o inversión?​

¿Cuáles son tus objetivos?  ¿cuál es tu situación financiera? ¿puedes invertir?  Estas y  otras consideraciones  mañana en nuestro especial.…",1,2,1,1,930
2025-07-17 04:38:14,ScotiabankPE,Jul 10,"#EntrevistaSE. El CFO de @ScotiabankPE, Marcelo Rodríguez, cuenta que la reciente emisión por US$400 millones busca transmitir un mensaje de permanencia de largo plazo en el Perú.

Por @cabecitaterri.
semanaeconomica.com/economia-finan…",1,2,3,0,675
2025-07-17 04:38:14,ScotiabankPE,Jun 27,".@ScotiabankPE captó US$400 millones en emisión internacional de bonos subordinados. 

semanaeconomica.com/que-esta-pasan…",3,1,1,0,921
2025-07-17 04:38:14,ScotiabankPE,Jun 24,".@ScotiabankPE lanza roadshow internacional previo a nueva emisión de bonos por US$1,000 millones. Scotiabank contrató a @GoldmanSachs y Scotia Capital para presentar la operación ante inversionistas institucionales.
semanaeconomica.com/que-esta-pasan…",0,1,0,0,905
2025-07-17 04:38:14,ScotiabankPE,Jun 20,"Agradecemos a nuestro auspiciador PLATA 🎊 @ScotiabankPE, quién se une a la 30° edición de #CADEUniversitario, el encuentro de jóvenes líderes más importante del país, y se suma a nuestro compromiso de construir un Perú más desarrollado.

Conoce más aquí 👉…",0,1,2,0,460
2025-07-17 04:38:14,ScotiabankPE,Jun 6,"#BrandedContent.  La alta dirección de @ScotiabankPE, liderada por su CEO global, llegó a Perú y sostuvo reuniones con clientes estratégicos y reafirmó la importancia del mercado peruano en su operación internacional.
semanaeconomica.com/economia-finan…",1,1,2,0,979
2025-07-17 04:38:14,ScotiabankPE,May 26,"#BrandedContent.  La alta dirección de @ScotiabankPE, liderada por su CEO global, llegó a Perú y sostuvo reuniones con clientes estratégicos y reafirmó la importancia del mercado peruano en su operación internacional.
semanaeconomica.com/economia-finan…",1,1,2,1,1.0K
2025-07-17 04:38:14,ScotiabankPE,May 22,"#BrandedContent.  La alta dirección de @ScotiabankPE, liderada por su CEO global, llegó a Perú y sostuvo reuniones con clientes estratégicos y reafirmó la importancia del mercado peruano en su operación internacional. 

Conoce más: acortar.link/oCt094",1,1,3,0,1.0K
2025-07-17 04:38:14,ScotiabankPE,Apr 28,"#NotaInformativa | Buscando fortalecer la inversión privada y dinamizar el crecimiento económico, 📈 el ministro @Jose_SalardiR, junto con el director de Sistema Financiero y Mercado de Capitales de la Dirección General de Mercados Financieros y Previsional Privado, Óscar Orcón,…",1,2,5,1,1.0K
2025-07-17 04:38:14,ScotiabankPE,Mar 26,"#BrandedContent. @ScotiabankPE ha sido reconocido por segundo año consecutivo como líder de Banca Privada en Perú por Global Finance.
semanaeconomica.com/economia-finan…",8,1,0,0,2.0K
2025-07-17 04:38:14,ScotiabankPE,Mar 12,"#BrandedContent. @ScotiabankPE ha sido reconocido por segundo año consecutivo como líder de Banca Privada en Perú por Global Finance.

semanaeconomica.com/economia-finan…",4,2,0,0,2.0K
2025-07-17 04:38:14,ScotiabankPE,Mar 7,"#BrandedContent. @ScotiabankPE ha sido reconocido por segundo año consecutivo como líder de Banca Privada en Perú por Global Finance. Tras el reconocimiento, Patricia Martinez, Head de banca privada en Scotiabank, explica las acciones realizadas para lograr el reconocimiento, así…",6,1,1,0,1.0K
2025-07-17 04:38:14,ScotiabankPE,Mar 7,En Scotiabank te reconocemos tus logros y nos comprometemos a seguir trabajando por la equidad todos los días del año. #8MTodosLosDías. 💜 #8MTODOSLOSDÍAS,14,1,6,0,2.0K
2025-07-17 04:38:14,ScotiabankPE,Oct 16,"#BrandedContent. @ScotiabankPE presentó oficialmente a Sebastián Arcuri como su nuevo CEO, y junto a su CEO Global y Head of International Banking, reforzó su compromiso con sus clientes y el desarrollo del país.

Conoce más: acortar.link/Cg9UF1",19,2,10,1,7.0K
2025-07-17 04:38:14,ScotiabankPE,Sep 10,"Conoce nuestro proyecto en Punchan, Iquitos, Perú🇵🇪, con @scotiabankPE y @WorldVisionPeru, enfocado en mejorar la educación infantil con tecnología, fortalecer el rol familiar con ternura y el apoyo de proyectos juveniles.",2,4,26,1,6.0K
2025-07-17 04:38:14,ScotiabankPE,Aug 29,"Conoce nuestro proyecto en Punchana, Iquitos, Perú🇵🇪, con @ScotiabankPE y @WorldVisionPeru, enfocado en mejorar la educación infantil con tecnología, fortalecer el rol familiar con ternura y el apoyo de proyectos juveniles.",0,4,23,0,5.0K
2025-07-17 04:38:14,ScotiabankPE,Aug 8,Scotiabank lanza Fondo de Impacto Social ScotiaRISE en Perú ⏩n9.cl/bsrmz,6,1,2,0,4.0K
2025-07-17 04:38:14,ScotiabankPE,"Jun 18, 2024","Desde el 2022, hemos implementado el proyecto ""Inclusión Educativa para la Vida"" en Loreto, uno de los departamentos con mayor pobreza monetaria. Esta iniciativa, en alianza con @ScotiabankPE y @FundacioFCB, tiene como objetivo mejorar la calidad educativa de las niñas y niños.",5,1,3,0,5.0K
2025-07-17 04:38:14,ScotiabankPE,"Jun 13, 2024","En nuestro compromiso con el bienestar de la niñez, desde el 2022 implementamos el proyecto ""Inclusión Educativa para la Vida"" con el apoyo de @ScotiabankPE y la @FCBarcelona, para brindar acceso a una educación de calidad a las niñas y niños. 

#Scotiabank #FundacionBarcelona",2,6,9,0,4.0K
2025-07-17 04:38:14,ScotiabankPE,"Jun 14, 2024","Somos y seremos sus más grandes hinchas. ⚽️Etiquétalo y dile por qué lo eres. ❤️

#ScotiabankPerú #HablemosEnSerio #DíaDelPadre",18,0,4,0,4.0K
2025-07-17 05:25:33,ScotiabankPE,Jul 14,"¡Imperdible!​ 🤗ESPECIAL.21  “SÁCALE PROVECHO A TU GRATI”​

¿Sabías que los expertos recomiendan destinar el 30% al ahorro o inversión?​

¿Cuáles son tus objetivos?  ¿cuál es tu situación financiera? ¿puedes invertir?  Estas y  otras consideraciones  mañana en nuestro especial.…",1,2,1,1,932
2025-07-17 05:25:33,ScotiabankPE,Jul 10,"#EntrevistaSE. El CFO de @ScotiabankPE, Marcelo Rodríguez, cuenta que la reciente emisión por US$400 millones busca transmitir un mensaje de permanencia de largo plazo en el Perú.

Por @cabecitaterri.
semanaeconomica.com/economia-finan…",1,2,3,0,678
2025-07-17 05:25:33,ScotiabankPE,Jun 27,".@ScotiabankPE captó US$400 millones en emisión internacional de bonos subordinados. 

semanaeconomica.com/que-esta-pasan…",3,1,1,0,921
2025-07-17 05:25:33,ScotiabankPE,Jun 24,".@ScotiabankPE lanza roadshow internacional previo a nueva emisión de bonos por US$1,000 millones. Scotiabank contrató a @GoldmanSachs y Scotia Capital para presentar la operación ante inversionistas institucionales.
semanaeconomica.com/que-esta-pasan…",0,1,0,0,905
2025-07-17 05:25:33,ScotiabankPE,Jun 20,"Agradecemos a nuestro auspiciador PLATA 🎊 @ScotiabankPE, quién se une a la 30° edición de #CADEUniversitario, el encuentro de jóvenes líderes más importante del país, y se suma a nuestro compromiso de construir un Perú más desarrollado.

Conoce más aquí 👉…",0,1,2,0,460
2025-07-17 05:25:33,ScotiabankPE,Jun 6,"#BrandedContent.  La alta dirección de @ScotiabankPE, liderada por su CEO global, llegó a Perú y sostuvo reuniones con clientes estratégicos y reafirmó la importancia del mercado peruano en su operación internacional.
semanaeconomica.com/economia-finan…",1,1,2,0,979
2025-07-17 05:25:33,ScotiabankPE,May 26,"#BrandedContent.  La alta dirección de @ScotiabankPE, liderada por su CEO global, llegó a Perú y sostuvo reuniones con clientes estratégicos y reafirmó la importancia del mercado peruano en su operación internacional.
semanaeconomica.com/economia-finan…",1,1,2,1,1.0K
2025-07-17 05:25:33,ScotiabankPE,May 22,"#BrandedContent.  La alta dirección de @ScotiabankPE, liderada por su CEO global, llegó a Perú y sostuvo reuniones con clientes estratégicos y reafirmó la importancia del mercado peruano en su operación internacional. 

Conoce más: acortar.link/oCt094",1,1,3,0,1.0K
2025-07-17 05:25:33,ScotiabankPE,Apr 28,"#NotaInformativa | Buscando fortalecer la inversión privada y dinamizar el crecimiento económico, 📈 el ministro @Jose_SalardiR, junto con el director de Sistema Financiero y Mercado de Capitales de la Dirección General de Mercados Financieros y Previsional Privado, Óscar Orcón,…",1,2,5,1,1.0K
2025-07-17 05:25:33,ScotiabankPE,Mar 26,"#BrandedContent. @ScotiabankPE ha sido reconocido por segundo año consecutivo como líder de Banca Privada en Perú por Global Finance.
semanaeconomica.com/economia-finan…",8,1,0,0,2.0K
2025-07-17 05:25:33,ScotiabankPE,Mar 12,"#BrandedContent. @ScotiabankPE ha sido reconocido por segundo año consecutivo como líder de Banca Privada en Perú por Global Finance.

semanaeconomica.com/economia-finan…",4,2,0,0,2.0K
2025-07-17 05:25:33,ScotiabankPE,Mar 7,"#BrandedContent. @ScotiabankPE ha sido reconocido por segundo año consecutivo como líder de Banca Privada en Perú por Global Finance. Tras el reconocimiento, Patricia Martinez, Head de banca privada en Scotiabank, explica las acciones realizadas para lograr el reconocimiento, así…",6,1,1,0,1.0K
2025-07-17 05:25:33,ScotiabankPE,Mar 7,En Scotiabank te reconocemos tus logros y nos comprometemos a seguir trabajando por la equidad todos los días del año. #8MTodosLosDías. 💜 #8MTODOSLOSDÍAS,14,1,6,0,2.0K
2025-07-17 05:25:33,ScotiabankPE,Oct 16,"#BrandedContent. @ScotiabankPE presentó oficialmente a Sebastián Arcuri como su nuevo CEO, y junto a su CEO Global y Head of International Banking, reforzó su compromiso con sus clientes y el desarrollo del país.

Conoce más: acortar.link/Cg9UF1",19,2,10,1,7.0K
2025-07-17 05:25:33,ScotiabankPE,Sep 10,"Conoce nuestro proyecto en Punchan, Iquitos, Perú🇵🇪, con @scotiabankPE y @WorldVisionPeru, enfocado en mejorar la educación infantil con tecnología, fortalecer el rol familiar con ternura y el apoyo de proyectos juveniles.",2,4,26,1,6.0K
2025-07-17 05:25:33,ScotiabankPE,Aug 29,"Conoce nuestro proyecto en Punchana, Iquitos, Perú🇵🇪, con @ScotiabankPE y @WorldVisionPeru, enfocado en mejorar la educación infantil con tecnología, fortalecer el rol familiar con ternura y el apoyo de proyectos juveniles.",0,4,23,0,5.0K
2025-07-17 05:25:33,ScotiabankPE,Aug 8,Scotiabank lanza Fondo de Impacto Social ScotiaRISE en Perú ⏩n9.cl/bsrmz,6,1,2,0,4.0K
2025-07-17 05:25:33,ScotiabankPE,"Jun 18, 2024","Desde el 2022, hemos implementado el proyecto ""Inclusión Educativa para la Vida"" en Loreto, uno de los departamentos con mayor pobreza monetaria. Esta iniciativa, en alianza con @ScotiabankPE y @FundacioFCB, tiene como objetivo mejorar la calidad educativa de las niñas y niños.",5,1,3,0,5.0K
2025-07-17 05:25:33,ScotiabankPE,"Jun 13, 2024","En nuestro compromiso con el bienestar de la niñez, desde el 2022 implementamos el proyecto ""Inclusión Educativa para la Vida"" con el apoyo de @ScotiabankPE y la @FCBarcelona, para brindar acceso a una educación de calidad a las niñas y niños. 

#Scotiabank #FundacionBarcelona",2,6,9,0,4.0K
2025-07-17 05:25:33,ScotiabankPE,"Jun 14, 2024","Somos y seremos sus más grandes hinchas. ⚽️Etiquétalo y dile por qué lo eres. ❤️

#ScotiabankPerú #HablemosEnSerio #DíaDelPadre",18,0,4,0,4.0K
2025-07-17 06:32:03,ScotiabankPE,Jul 14,"¡Imperdible!​ 🤗ESPECIAL.21  “SÁCALE PROVECHO A TU GRATI”​

¿Sabías que los expertos recomiendan destinar el 30% al ahorro o inversión?​

¿Cuáles son tus objetivos?  ¿cuál es tu situación financiera? ¿puedes invertir?  Estas y  otras consideraciones  mañana en nuestro especial.…",1,2,1,1,932
2025-07-17 06:32:03,ScotiabankPE,Jul 10,"#EntrevistaSE. El CFO de @ScotiabankPE, Marcelo Rodríguez, cuenta que la reciente emisión por US$400 millones busca transmitir un mensaje de permanencia de largo plazo en el Perú.

Por @cabecitaterri.
semanaeconomica.com/economia-finan…",1,2,3,0,678
2025-07-17 06:32:03,ScotiabankPE,Jun 27,".@ScotiabankPE captó US$400 millones en emisión internacional de bonos subordinados. 

semanaeconomica.com/que-esta-pasan…",3,1,1,0,921
2025-07-17 06:32:03,ScotiabankPE,Jun 24,".@ScotiabankPE lanza roadshow internacional previo a nueva emisión de bonos por US$1,000 millones. Scotiabank contrató a @GoldmanSachs y Scotia Capital para presentar la operación ante inversionistas institucionales.
semanaeconomica.com/que-esta-pasan…",0,1,0,0,905
2025-07-17 06:32:03,ScotiabankPE,Jun 20,"Agradecemos a nuestro auspiciador PLATA 🎊 @ScotiabankPE, quién se une a la 30° edición de #CADEUniversitario, el encuentro de jóvenes líderes más importante del país, y se suma a nuestro compromiso de construir un Perú más desarrollado.

Conoce más aquí 👉…",0,1,2,0,460
2025-07-17 06:32:03,ScotiabankPE,Jun 6,"#BrandedContent.  La alta dirección de @ScotiabankPE, liderada por su CEO global, llegó a Perú y sostuvo reuniones con clientes estratégicos y reafirmó la importancia del mercado peruano en su operación internacional.
semanaeconomica.com/economia-finan…",1,1,2,0,979
2025-07-17 06:32:03,ScotiabankPE,May 26,"#BrandedContent.  La alta dirección de @ScotiabankPE, liderada por su CEO global, llegó a Perú y sostuvo reuniones con clientes estratégicos y reafirmó la importancia del mercado peruano en su operación internacional.
semanaeconomica.com/economia-finan…",1,1,2,1,1.0K
2025-07-17 06:32:03,ScotiabankPE,May 22,"#BrandedContent.  La alta dirección de @ScotiabankPE, liderada por su CEO global, llegó a Perú y sostuvo reuniones con clientes estratégicos y reafirmó la importancia del mercado peruano en su operación internacional. 

Conoce más: acortar.link/oCt094",1,1,3,0,1.0K
2025-07-17 06:32:03,ScotiabankPE,Apr 28,"#NotaInformativa | Buscando fortalecer la inversión privada y dinamizar el crecimiento económico, 📈 el ministro @Jose_SalardiR, junto con el director de Sistema Financiero y Mercado de Capitales de la Dirección General de Mercados Financieros y Previsional Privado, Óscar Orcón,…",1,2,5,1,1.0K
2025-07-17 06:32:03,ScotiabankPE,Mar 26,"#BrandedContent. @ScotiabankPE ha sido reconocido por segundo año consecutivo como líder de Banca Privada en Perú por Global Finance.
semanaeconomica.com/economia-finan…",8,1,0,0,2.0K
2025-07-17 06:32:03,ScotiabankPE,Mar 12,"#BrandedContent. @ScotiabankPE ha sido reconocido por segundo año consecutivo como líder de Banca Privada en Perú por Global Finance.

semanaeconomica.com/economia-finan…",4,2,0,0,2.0K
2025-07-17 06:32:03,ScotiabankPE,Mar 7,"#BrandedContent. @ScotiabankPE ha sido reconocido por segundo año consecutivo como líder de Banca Privada en Perú por Global Finance. Tras el reconocimiento, Patricia Martinez, Head de banca privada en Scotiabank, explica las acciones realizadas para lograr el reconocimiento, así…",6,1,1,0,1.0K
2025-07-17 06:32:03,ScotiabankPE,Mar 7,En Scotiabank te reconocemos tus logros y nos comprometemos a seguir trabajando por la equidad todos los días del año. #8MTodosLosDías. 💜 #8MTODOSLOSDÍAS,14,1,6,0,2.0K
2025-07-17 06:32:03,ScotiabankPE,Oct 16,"#BrandedContent. @ScotiabankPE presentó oficialmente a Sebastián Arcuri como su nuevo CEO, y junto a su CEO Global y Head of International Banking, reforzó su compromiso con sus clientes y el desarrollo del país.

Conoce más: acortar.link/Cg9UF1",19,2,10,1,7.0K
2025-07-17 06:32:03,ScotiabankPE,Sep 10,"Conoce nuestro proyecto en Punchan, Iquitos, Perú🇵🇪, con @scotiabankPE y @WorldVisionPeru, enfocado en mejorar la educación infantil con tecnología, fortalecer el rol familiar con ternura y el apoyo de proyectos juveniles.",2,4,26,1,6.0K
2025-07-17 06:32:03,ScotiabankPE,Aug 29,"Conoce nuestro proyecto en Punchana, Iquitos, Perú🇵🇪, con @ScotiabankPE y @WorldVisionPeru, enfocado en mejorar la educación infantil con tecnología, fortalecer el rol familiar con ternura y el apoyo de proyectos juveniles.",0,4,23,0,5.0K
2025-07-17 06:32:03,ScotiabankPE,Aug 8,Scotiabank lanza Fondo de Impacto Social ScotiaRISE en Perú ⏩n9.cl/bsrmz,6,1,2,0,4.0K
2025-07-17 06:32:03,ScotiabankPE,"Jun 18, 2024","Desde el 2022, hemos implementado el proyecto ""Inclusión Educativa para la Vida"" en Loreto, uno de los departamentos con mayor pobreza monetaria. Esta iniciativa, en alianza con @ScotiabankPE y @FundacioFCB, tiene como objetivo mejorar la calidad educativa de las niñas y niños.",5,1,3,0,5.0K
2025-07-17 06:32:03,ScotiabankPE,"Jun 13, 2024","En nuestro compromiso con el bienestar de la niñez, desde el 2022 implementamos el proyecto ""Inclusión Educativa para la Vida"" con el apoyo de @ScotiabankPE y la @FCBarcelona, para brindar acceso a una educación de calidad a las niñas y niños. 

#Scotiabank #FundacionBarcelona",2,6,9,0,4.0K
2025-07-17 06:32:03,ScotiabankPE,"Jun 14, 2024","Somos y seremos sus más grandes hinchas. ⚽️Etiquétalo y dile por qué lo eres. ❤️

#ScotiabankPerú #HablemosEnSerio #DíaDelPadre",18,0,4,0,4.0K
2025-07-17 07:22:33,ScotiabankPE,Jul 14,"¡Imperdible!​ 🤗ESPECIAL.21  “SÁCALE PROVECHO A TU GRATI”​

¿Sabías que los expertos recomiendan destinar el 30% al ahorro o inversión?​

¿Cuáles son tus objetivos?  ¿cuál es tu situación financiera? ¿puedes invertir?  Estas y  otras consideraciones  mañana en nuestro especial.…",1,2,1,1,932
2025-07-17 07:22:33,ScotiabankPE,Jul 10,"#EntrevistaSE. El CFO de @ScotiabankPE, Marcelo Rodríguez, cuenta que la reciente emisión por US$400 millones busca transmitir un mensaje de permanencia de largo plazo en el Perú.

Por @cabecitaterri.
semanaeconomica.com/economia-finan…",1,2,3,0,678
2025-07-17 07:22:33,ScotiabankPE,Jun 27,".@ScotiabankPE captó US$400 millones en emisión internacional de bonos subordinados. 

semanaeconomica.com/que-esta-pasan…",3,1,1,0,921
2025-07-17 07:22:33,ScotiabankPE,Jun 24,".@ScotiabankPE lanza roadshow internacional previo a nueva emisión de bonos por US$1,000 millones. Scotiabank contrató a @GoldmanSachs y Scotia Capital para presentar la operación ante inversionistas institucionales.
semanaeconomica.com/que-esta-pasan…",0,1,0,0,905
2025-07-17 07:22:33,ScotiabankPE,Jun 20,"Agradecemos a nuestro auspiciador PLATA 🎊 @ScotiabankPE, quién se une a la 30° edición de #CADEUniversitario, el encuentro de jóvenes líderes más importante del país, y se suma a nuestro compromiso de construir un Perú más desarrollado.

Conoce más aquí 👉…",0,1,2,0,460
2025-07-17 07:22:33,ScotiabankPE,Jun 6,"#BrandedContent.  La alta dirección de @ScotiabankPE, liderada por su CEO global, llegó a Perú y sostuvo reuniones con clientes estratégicos y reafirmó la importancia del mercado peruano en su operación internacional.
semanaeconomica.com/economia-finan…",1,1,2,0,979
2025-07-17 07:22:33,ScotiabankPE,May 26,"#BrandedContent.  La alta dirección de @ScotiabankPE, liderada por su CEO global, llegó a Perú y sostuvo reuniones con clientes estratégicos y reafirmó la importancia del mercado peruano en su operación internacional.
semanaeconomica.com/economia-finan…",1,1,2,1,1.0K
2025-07-17 07:22:33,ScotiabankPE,May 22,"#BrandedContent.  La alta dirección de @ScotiabankPE, liderada por su CEO global, llegó a Perú y sostuvo reuniones con clientes estratégicos y reafirmó la importancia del mercado peruano en su operación internacional. 

Conoce más: acortar.link/oCt094",1,1,3,0,1.0K
2025-07-17 07:22:33,ScotiabankPE,Apr 28,"#NotaInformativa | Buscando fortalecer la inversión privada y dinamizar el crecimiento económico, 📈 el ministro @Jose_SalardiR, junto con el director de Sistema Financiero y Mercado de Capitales de la Dirección General de Mercados Financieros y Previsional Privado, Óscar Orcón,…",1,2,5,1,1.0K
2025-07-17 07:22:33,ScotiabankPE,Mar 26,"#BrandedContent. @ScotiabankPE ha sido reconocido por segundo año consecutivo como líder de Banca Privada en Perú por Global Finance.
semanaeconomica.com/economia-finan…",8,1,0,0,2.0K
2025-07-17 07:22:33,ScotiabankPE,Mar 12,"#BrandedContent. @ScotiabankPE ha sido reconocido por segundo año consecutivo como líder de Banca Privada en Perú por Global Finance.

semanaeconomica.com/economia-finan…",4,2,0,0,2.0K
2025-07-17 07:22:33,ScotiabankPE,Mar 7,"#BrandedContent. @ScotiabankPE ha sido reconocido por segundo año consecutivo como líder de Banca Privada en Perú por Global Finance. Tras el reconocimiento, Patricia Martinez, Head de banca privada en Scotiabank, explica las acciones realizadas para lograr el reconocimiento, así…",6,1,1,0,1.0K
2025-07-17 07:22:33,ScotiabankPE,Mar 7,En Scotiabank te reconocemos tus logros y nos comprometemos a seguir trabajando por la equidad todos los días del año. #8MTodosLosDías. 💜 #8MTODOSLOSDÍAS,14,1,6,0,2.0K
2025-07-17 07:22:33,ScotiabankPE,Oct 16,"#BrandedContent. @ScotiabankPE presentó oficialmente a Sebastián Arcuri como su nuevo CEO, y junto a su CEO Global y Head of International Banking, reforzó su compromiso con sus clientes y el desarrollo del país.

Conoce más: acortar.link/Cg9UF1",19,2,10,1,7.0K
2025-07-17 07:22:33,ScotiabankPE,Sep 10,"Conoce nuestro proyecto en Punchan, Iquitos, Perú🇵🇪, con @scotiabankPE y @WorldVisionPeru, enfocado en mejorar la educación infantil con tecnología, fortalecer el rol familiar con ternura y el apoyo de proyectos juveniles.",2,4,26,1,6.0K
2025-07-17 07:22:33,ScotiabankPE,Aug 29,"Conoce nuestro proyecto en Punchana, Iquitos, Perú🇵🇪, con @ScotiabankPE y @WorldVisionPeru, enfocado en mejorar la educación infantil con tecnología, fortalecer el rol familiar con ternura y el apoyo de proyectos juveniles.",0,4,23,0,5.0K
2025-07-17 07:22:33,ScotiabankPE,Aug 8,Scotiabank lanza Fondo de Impacto Social ScotiaRISE en Perú ⏩n9.cl/bsrmz,6,1,2,0,4.0K
2025-07-17 07:22:33,ScotiabankPE,"Jun 18, 2024","Desde el 2022, hemos implementado el proyecto ""Inclusión Educativa para la Vida"" en Loreto, uno de los departamentos con mayor pobreza monetaria. Esta iniciativa, en alianza con @ScotiabankPE y @FundacioFCB, tiene como objetivo mejorar la calidad educativa de las niñas y niños.",5,1,3,0,5.0K
2025-07-17 07:22:33,ScotiabankPE,"Jun 13, 2024","En nuestro compromiso con el bienestar de la niñez, desde el 2022 implementamos el proyecto ""Inclusión Educativa para la Vida"" con el apoyo de @ScotiabankPE y la @FCBarcelona, para brindar acceso a una educación de calidad a las niñas y niños. 

#Scotiabank #FundacionBarcelona",2,6,9,0,4.0K
2025-07-17 07:22:33,ScotiabankPE,"Jun 14, 2024","Somos y seremos sus más grandes hinchas. ⚽️Etiquétalo y dile por qué lo eres. ❤️

#ScotiabankPerú #HablemosEnSerio #DíaDelPadre",18,0,4,0,4.0K
2025-07-17 08:29:05,ScotiabankPE,Jul 14,"¡Imperdible!​ 🤗ESPECIAL.21  “SÁCALE PROVECHO A TU GRATI”​

¿Sabías que los expertos recomiendan destinar el 30% al ahorro o inversión?​

¿Cuáles son tus objetivos?  ¿cuál es tu situación financiera? ¿puedes invertir?  Estas y  otras consideraciones  mañana en nuestro especial.…",1,2,1,1,932
2025-07-17 08:29:05,ScotiabankPE,Jul 10,"#EntrevistaSE. El CFO de @ScotiabankPE, Marcelo Rodríguez, cuenta que la reciente emisión por US$400 millones busca transmitir un mensaje de permanencia de largo plazo en el Perú.

Por @cabecitaterri.
semanaeconomica.com/economia-finan…",1,2,3,0,678
2025-07-17 08:29:05,ScotiabankPE,Jun 27,".@ScotiabankPE captó US$400 millones en emisión internacional de bonos subordinados. 

semanaeconomica.com/que-esta-pasan…",3,1,1,0,921
2025-07-17 08:29:05,ScotiabankPE,Jun 24,".@ScotiabankPE lanza roadshow internacional previo a nueva emisión de bonos por US$1,000 millones. Scotiabank contrató a @GoldmanSachs y Scotia Capital para presentar la operación ante inversionistas institucionales.
semanaeconomica.com/que-esta-pasan…",0,1,0,0,905
2025-07-17 08:29:05,ScotiabankPE,Jun 20,"Agradecemos a nuestro auspiciador PLATA 🎊 @ScotiabankPE, quién se une a la 30° edición de #CADEUniversitario, el encuentro de jóvenes líderes más importante del país, y se suma a nuestro compromiso de construir un Perú más desarrollado.

Conoce más aquí 👉…",0,1,2,0,460
2025-07-17 08:29:05,ScotiabankPE,Jun 6,"#BrandedContent.  La alta dirección de @ScotiabankPE, liderada por su CEO global, llegó a Perú y sostuvo reuniones con clientes estratégicos y reafirmó la importancia del mercado peruano en su operación internacional.
semanaeconomica.com/economia-finan…",1,1,2,0,979
2025-07-17 08:29:05,ScotiabankPE,May 26,"#BrandedContent.  La alta dirección de @ScotiabankPE, liderada por su CEO global, llegó a Perú y sostuvo reuniones con clientes estratégicos y reafirmó la importancia del mercado peruano en su operación internacional.
semanaeconomica.com/economia-finan…",1,1,2,1,1.0K
2025-07-17 08:29:05,ScotiabankPE,May 22,"#BrandedContent.  La alta dirección de @ScotiabankPE, liderada por su CEO global, llegó a Perú y sostuvo reuniones con clientes estratégicos y reafirmó la importancia del mercado peruano en su operación internacional. 

Conoce más: acortar.link/oCt094",1,1,3,0,1.0K
2025-07-17 08:29:05,ScotiabankPE,Apr 28,"#NotaInformativa | Buscando fortalecer la inversión privada y dinamizar el crecimiento económico, 📈 el ministro @Jose_SalardiR, junto con el director de Sistema Financiero y Mercado de Capitales de la Dirección General de Mercados Financieros y Previsional Privado, Óscar Orcón,…",1,2,5,1,1.0K
2025-07-17 08:29:05,ScotiabankPE,Mar 26,"#BrandedContent. @ScotiabankPE ha sido reconocido por segundo año consecutivo como líder de Banca Privada en Perú por Global Finance.
semanaeconomica.com/economia-finan…",8,1,0,0,2.0K
2025-07-17 08:29:05,ScotiabankPE,Mar 12,"#BrandedContent. @ScotiabankPE ha sido reconocido por segundo año consecutivo como líder de Banca Privada en Perú por Global Finance.

semanaeconomica.com/economia-finan…",4,2,0,0,2.0K
2025-07-17 08:29:05,ScotiabankPE,Mar 7,"#BrandedContent. @ScotiabankPE ha sido reconocido por segundo año consecutivo como líder de Banca Privada en Perú por Global Finance. Tras el reconocimiento, Patricia Martinez, Head de banca privada en Scotiabank, explica las acciones realizadas para lograr el reconocimiento, así…",6,1,1,0,1.0K
2025-07-17 08:29:05,ScotiabankPE,Mar 7,En Scotiabank te reconocemos tus logros y nos comprometemos a seguir trabajando por la equidad todos los días del año. #8MTodosLosDías. 💜 #8MTODOSLOSDÍAS,14,1,6,0,2.0K
2025-07-17 08:29:05,ScotiabankPE,Oct 16,"#BrandedContent. @ScotiabankPE presentó oficialmente a Sebastián Arcuri como su nuevo CEO, y junto a su CEO Global y Head of International Banking, reforzó su compromiso con sus clientes y el desarrollo del país.

Conoce más: acortar.link/Cg9UF1",19,2,10,1,7.0K
2025-07-17 08:29:05,ScotiabankPE,Sep 10,"Conoce nuestro proyecto en Punchan, Iquitos, Perú🇵🇪, con @scotiabankPE y @WorldVisionPeru, enfocado en mejorar la educación infantil con tecnología, fortalecer el rol familiar con ternura y el apoyo de proyectos juveniles.",2,4,26,1,6.0K
2025-07-17 08:29:05,ScotiabankPE,Aug 29,"Conoce nuestro proyecto en Punchana, Iquitos, Perú🇵🇪, con @ScotiabankPE y @WorldVisionPeru, enfocado en mejorar la educación infantil con tecnología, fortalecer el rol familiar con ternura y el apoyo de proyectos juveniles.",0,4,23,0,5.0K
2025-07-17 08:29:05,ScotiabankPE,Aug 8,Scotiabank lanza Fondo de Impacto Social ScotiaRISE en Perú ⏩n9.cl/bsrmz,6,1,2,0,4.0K
2025-07-17 08:29:05,ScotiabankPE,"Jun 18, 2024","Desde el 2022, hemos implementado el proyecto ""Inclusión Educativa para la Vida"" en Loreto, uno de los departamentos con mayor pobreza monetaria. Esta iniciativa, en alianza con @ScotiabankPE y @FundacioFCB, tiene como objetivo mejorar la calidad educativa de las niñas y niños.",5,1,3,0,5.0K
2025-07-17 08:29:05,ScotiabankPE,"Jun 13, 2024","En nuestro compromiso con el bienestar de la niñez, desde el 2022 implementamos el proyecto ""Inclusión Educativa para la Vida"" con el apoyo de @ScotiabankPE y la @FCBarcelona, para brindar acceso a una educación de calidad a las niñas y niños. 

#Scotiabank #FundacionBarcelona",2,6,9,0,4.0K
2025-07-17 08:29:05,ScotiabankPE,"Jun 14, 2024","Somos y seremos sus más grandes hinchas. ⚽️Etiquétalo y dile por qué lo eres. ❤️

#ScotiabankPerú #HablemosEnSerio #DíaDelPadre",18,0,4,0,4.0K
2025-07-17 09:25:29,ScotiabankPE,Jul 14,"¡Imperdible!​ 🤗ESPECIAL.21  “SÁCALE PROVECHO A TU GRATI”​

¿Sabías que los expertos recomiendan destinar el 30% al ahorro o inversión?​

¿Cuáles son tus objetivos?  ¿cuál es tu situación financiera? ¿puedes invertir?  Estas y  otras consideraciones  mañana en nuestro especial.…",1,2,1,1,933
2025-07-17 09:25:29,ScotiabankPE,Jul 10,"#EntrevistaSE. El CFO de @ScotiabankPE, Marcelo Rodríguez, cuenta que la reciente emisión por US$400 millones busca transmitir un mensaje de permanencia de largo plazo en el Perú.

Por @cabecitaterri.
semanaeconomica.com/economia-finan…",1,2,3,0,679
2025-07-17 09:25:29,ScotiabankPE,Jun 27,".@ScotiabankPE captó US$400 millones en emisión internacional de bonos subordinados. 

semanaeconomica.com/que-esta-pasan…",3,1,1,0,922
2025-07-17 09:25:29,ScotiabankPE,Jun 24,".@ScotiabankPE lanza roadshow internacional previo a nueva emisión de bonos por US$1,000 millones. Scotiabank contrató a @GoldmanSachs y Scotia Capital para presentar la operación ante inversionistas institucionales.
semanaeconomica.com/que-esta-pasan…",0,1,0,0,906
2025-07-17 09:25:29,ScotiabankPE,Jun 20,"Agradecemos a nuestro auspiciador PLATA 🎊 @ScotiabankPE, quién se une a la 30° edición de #CADEUniversitario, el encuentro de jóvenes líderes más importante del país, y se suma a nuestro compromiso de construir un Perú más desarrollado.

Conoce más aquí 👉…",0,1,2,0,461
2025-07-17 09:25:29,ScotiabankPE,Jun 6,"#BrandedContent.  La alta dirección de @ScotiabankPE, liderada por su CEO global, llegó a Perú y sostuvo reuniones con clientes estratégicos y reafirmó la importancia del mercado peruano en su operación internacional.
semanaeconomica.com/economia-finan…",1,1,2,0,979
2025-07-17 09:25:29,ScotiabankPE,May 26,"#BrandedContent.  La alta dirección de @ScotiabankPE, liderada por su CEO global, llegó a Perú y sostuvo reuniones con clientes estratégicos y reafirmó la importancia del mercado peruano en su operación internacional.
semanaeconomica.com/economia-finan…",1,1,2,1,1.0K
2025-07-17 09:25:29,ScotiabankPE,May 22,"#BrandedContent.  La alta dirección de @ScotiabankPE, liderada por su CEO global, llegó a Perú y sostuvo reuniones con clientes estratégicos y reafirmó la importancia del mercado peruano en su operación internacional. 

Conoce más: acortar.link/oCt094",1,1,3,0,1.0K
2025-07-17 09:25:29,ScotiabankPE,Apr 28,"#NotaInformativa | Buscando fortalecer la inversión privada y dinamizar el crecimiento económico, 📈 el ministro @Jose_SalardiR, junto con el director de Sistema Financiero y Mercado de Capitales de la Dirección General de Mercados Financieros y Previsional Privado, Óscar Orcón,…",1,2,5,1,1.0K
2025-07-17 09:25:29,ScotiabankPE,Mar 26,"#BrandedContent. @ScotiabankPE ha sido reconocido por segundo año consecutivo como líder de Banca Privada en Perú por Global Finance.
semanaeconomica.com/economia-finan…",8,1,0,0,2.0K
2025-07-17 09:25:29,ScotiabankPE,Mar 12,"#BrandedContent. @ScotiabankPE ha sido reconocido por segundo año consecutivo como líder de Banca Privada en Perú por Global Finance.

semanaeconomica.com/economia-finan…",4,2,0,0,2.0K
2025-07-17 09:25:29,ScotiabankPE,Mar 7,"#BrandedContent. @ScotiabankPE ha sido reconocido por segundo año consecutivo como líder de Banca Privada en Perú por Global Finance. Tras el reconocimiento, Patricia Martinez, Head de banca privada en Scotiabank, explica las acciones realizadas para lograr el reconocimiento, así…",6,1,1,0,1.0K
2025-07-17 09:25:29,ScotiabankPE,Mar 7,En Scotiabank te reconocemos tus logros y nos comprometemos a seguir trabajando por la equidad todos los días del año. #8MTodosLosDías. 💜 #8MTODOSLOSDÍAS,14,1,6,0,2.0K
2025-07-17 09:25:29,ScotiabankPE,Oct 16,"#BrandedContent. @ScotiabankPE presentó oficialmente a Sebastián Arcuri como su nuevo CEO, y junto a su CEO Global y Head of International Banking, reforzó su compromiso con sus clientes y el desarrollo del país.

Conoce más: acortar.link/Cg9UF1",19,2,10,1,7.0K
2025-07-17 09:25:29,ScotiabankPE,Sep 10,"Conoce nuestro proyecto en Punchan, Iquitos, Perú🇵🇪, con @scotiabankPE y @WorldVisionPeru, enfocado en mejorar la educación infantil con tecnología, fortalecer el rol familiar con ternura y el apoyo de proyectos juveniles.",2,4,26,1,6.0K
2025-07-17 09:25:29,ScotiabankPE,Aug 29,"Conoce nuestro proyecto en Punchana, Iquitos, Perú🇵🇪, con @ScotiabankPE y @WorldVisionPeru, enfocado en mejorar la educación infantil con tecnología, fortalecer el rol familiar con ternura y el apoyo de proyectos juveniles.",0,4,23,0,5.0K
2025-07-17 09:25:29,ScotiabankPE,Aug 8,Scotiabank lanza Fondo de Impacto Social ScotiaRISE en Perú ⏩n9.cl/bsrmz,6,1,2,0,4.0K
2025-07-17 09:25:29,ScotiabankPE,"Jun 18, 2024","Desde el 2022, hemos implementado el proyecto ""Inclusión Educativa para la Vida"" en Loreto, uno de los departamentos con mayor pobreza monetaria. Esta iniciativa, en alianza con @ScotiabankPE y @FundacioFCB, tiene como objetivo mejorar la calidad educativa de las niñas y niños.",5,1,3,0,5.0K
2025-07-17 09:25:29,ScotiabankPE,"Jun 13, 2024","En nuestro compromiso con el bienestar de la niñez, desde el 2022 implementamos el proyecto ""Inclusión Educativa para la Vida"" con el apoyo de @ScotiabankPE y la @FCBarcelona, para brindar acceso a una educación de calidad a las niñas y niños. 

#Scotiabank #FundacionBarcelona",2,6,9,0,4.0K
2025-07-17 09:25:29,ScotiabankPE,"Jun 14, 2024","Somos y seremos sus más grandes hinchas. ⚽️Etiquétalo y dile por qué lo eres. ❤️

#ScotiabankPerú #HablemosEnSerio #DíaDelPadre",18,0,4,0,4.0K
2025-07-17 10:24:06,ScotiabankPE,Jul 14,"¡Imperdible!​ 🤗ESPECIAL.21  “SÁCALE PROVECHO A TU GRATI”​

¿Sabías que los expertos recomiendan destinar el 30% al ahorro o inversión?​

¿Cuáles son tus objetivos?  ¿cuál es tu situación financiera? ¿puedes invertir?  Estas y  otras consideraciones  mañana en nuestro especial.…",1,2,1,1,933
2025-07-17 10:24:06,ScotiabankPE,Jul 10,"#EntrevistaSE. El CFO de @ScotiabankPE, Marcelo Rodríguez, cuenta que la reciente emisión por US$400 millones busca transmitir un mensaje de permanencia de largo plazo en el Perú.

Por @cabecitaterri.
semanaeconomica.com/economia-finan…",1,2,3,0,679
2025-07-17 10:24:06,ScotiabankPE,Jun 27,".@ScotiabankPE captó US$400 millones en emisión internacional de bonos subordinados. 

semanaeconomica.com/que-esta-pasan…",3,1,1,0,922
2025-07-17 10:24:06,ScotiabankPE,Jun 24,".@ScotiabankPE lanza roadshow internacional previo a nueva emisión de bonos por US$1,000 millones. Scotiabank contrató a @GoldmanSachs y Scotia Capital para presentar la operación ante inversionistas institucionales.
semanaeconomica.com/que-esta-pasan…",0,1,0,0,906
2025-07-17 10:24:06,ScotiabankPE,Jun 20,"Agradecemos a nuestro auspiciador PLATA 🎊 @ScotiabankPE, quién se une a la 30° edición de #CADEUniversitario, el encuentro de jóvenes líderes más importante del país, y se suma a nuestro compromiso de construir un Perú más desarrollado.

Conoce más aquí 👉…",0,1,2,0,461
2025-07-17 10:24:06,ScotiabankPE,Jun 6,"#BrandedContent.  La alta dirección de @ScotiabankPE, liderada por su CEO global, llegó a Perú y sostuvo reuniones con clientes estratégicos y reafirmó la importancia del mercado peruano en su operación internacional.
semanaeconomica.com/economia-finan…",1,1,2,0,979
2025-07-17 10:24:06,ScotiabankPE,May 26,"#BrandedContent.  La alta dirección de @ScotiabankPE, liderada por su CEO global, llegó a Perú y sostuvo reuniones con clientes estratégicos y reafirmó la importancia del mercado peruano en su operación internacional.
semanaeconomica.com/economia-finan…",1,1,2,1,1.0K
2025-07-17 10:24:06,ScotiabankPE,May 22,"#BrandedContent.  La alta dirección de @ScotiabankPE, liderada por su CEO global, llegó a Perú y sostuvo reuniones con clientes estratégicos y reafirmó la importancia del mercado peruano en su operación internacional. 

Conoce más: acortar.link/oCt094",1,1,3,0,1.0K
2025-07-17 10:24:06,ScotiabankPE,Apr 28,"#NotaInformativa | Buscando fortalecer la inversión privada y dinamizar el crecimiento económico, 📈 el ministro @Jose_SalardiR, junto con el director de Sistema Financiero y Mercado de Capitales de la Dirección General de Mercados Financieros y Previsional Privado, Óscar Orcón,…",1,2,5,1,1.0K
2025-07-17 10:24:06,ScotiabankPE,Mar 26,"#BrandedContent. @ScotiabankPE ha sido reconocido por segundo año consecutivo como líder de Banca Privada en Perú por Global Finance.
semanaeconomica.com/economia-finan…",8,1,0,0,2.0K
2025-07-17 10:24:06,ScotiabankPE,Mar 12,"#BrandedContent. @ScotiabankPE ha sido reconocido por segundo año consecutivo como líder de Banca Privada en Perú por Global Finance.

semanaeconomica.com/economia-finan…",4,2,0,0,2.0K
2025-07-17 10:24:06,ScotiabankPE,Mar 7,"#BrandedContent. @ScotiabankPE ha sido reconocido por segundo año consecutivo como líder de Banca Privada en Perú por Global Finance. Tras el reconocimiento, Patricia Martinez, Head de banca privada en Scotiabank, explica las acciones realizadas para lograr el reconocimiento, así…",6,1,1,0,1.0K
2025-07-17 10:24:06,ScotiabankPE,Mar 7,En Scotiabank te reconocemos tus logros y nos comprometemos a seguir trabajando por la equidad todos los días del año. #8MTodosLosDías. 💜 #8MTODOSLOSDÍAS,14,1,6,0,2.0K
2025-07-17 10:24:06,ScotiabankPE,Oct 16,"#BrandedContent. @ScotiabankPE presentó oficialmente a Sebastián Arcuri como su nuevo CEO, y junto a su CEO Global y Head of International Banking, reforzó su compromiso con sus clientes y el desarrollo del país.

Conoce más: acortar.link/Cg9UF1",19,2,10,1,7.0K
2025-07-17 10:24:06,ScotiabankPE,Sep 10,"Conoce nuestro proyecto en Punchan, Iquitos, Perú🇵🇪, con @scotiabankPE y @WorldVisionPeru, enfocado en mejorar la educación infantil con tecnología, fortalecer el rol familiar con ternura y el apoyo de proyectos juveniles.",2,4,26,1,6.0K
2025-07-17 10:24:06,ScotiabankPE,Aug 29,"Conoce nuestro proyecto en Punchana, Iquitos, Perú🇵🇪, con @ScotiabankPE y @WorldVisionPeru, enfocado en mejorar la educación infantil con tecnología, fortalecer el rol familiar con ternura y el apoyo de proyectos juveniles.",0,4,23,0,5.0K
2025-07-17 10:24:06,ScotiabankPE,Aug 8,Scotiabank lanza Fondo de Impacto Social ScotiaRISE en Perú ⏩n9.cl/bsrmz,6,1,2,0,4.0K
2025-07-17 10:24:06,ScotiabankPE,"Jun 18, 2024","Desde el 2022, hemos implementado el proyecto ""Inclusión Educativa para la Vida"" en Loreto, uno de los departamentos con mayor pobreza monetaria. Esta iniciativa, en alianza con @ScotiabankPE y @FundacioFCB, tiene como objetivo mejorar la calidad educativa de las niñas y niños.",5,1,3,0,5.0K
2025-07-17 10:24:06,ScotiabankPE,"Jun 13, 2024","En nuestro compromiso con el bienestar de la niñez, desde el 2022 implementamos el proyecto ""Inclusión Educativa para la Vida"" con el apoyo de @ScotiabankPE y la @FCBarcelona, para brindar acceso a una educación de calidad a las niñas y niños. 

#Scotiabank #FundacionBarcelona",2,6,9,0,4.0K
2025-07-17 10:24:06,ScotiabankPE,"Jun 14, 2024","Somos y seremos sus más grandes hinchas. ⚽️Etiquétalo y dile por qué lo eres. ❤️

#ScotiabankPerú #HablemosEnSerio #DíaDelPadre",18,0,4,0,4.0K
2025-07-17 11:19:34,ScotiabankPE,Jul 14,"¡Imperdible!​ 🤗ESPECIAL.21  “SÁCALE PROVECHO A TU GRATI”​

¿Sabías que los expertos recomiendan destinar el 30% al ahorro o inversión?​

¿Cuáles son tus objetivos?  ¿cuál es tu situación financiera? ¿puedes invertir?  Estas y  otras consideraciones  mañana en nuestro especial.…",1,2,1,1,933
2025-07-17 11:19:34,ScotiabankPE,Jul 10,"#EntrevistaSE. El CFO de @ScotiabankPE, Marcelo Rodríguez, cuenta que la reciente emisión por US$400 millones busca transmitir un mensaje de permanencia de largo plazo en el Perú.

Por @cabecitaterri.
semanaeconomica.com/economia-finan…",1,2,3,0,679
2025-07-17 11:19:34,ScotiabankPE,Jun 27,".@ScotiabankPE captó US$400 millones en emisión internacional de bonos subordinados. 

semanaeconomica.com/que-esta-pasan…",3,1,1,0,922
2025-07-17 11:19:34,ScotiabankPE,Jun 24,".@ScotiabankPE lanza roadshow internacional previo a nueva emisión de bonos por US$1,000 millones. Scotiabank contrató a @GoldmanSachs y Scotia Capital para presentar la operación ante inversionistas institucionales.
semanaeconomica.com/que-esta-pasan…",0,1,0,0,906
2025-07-17 11:19:34,ScotiabankPE,Jun 20,"Agradecemos a nuestro auspiciador PLATA 🎊 @ScotiabankPE, quién se une a la 30° edición de #CADEUniversitario, el encuentro de jóvenes líderes más importante del país, y se suma a nuestro compromiso de construir un Perú más desarrollado.

Conoce más aquí 👉…",0,1,2,0,461
2025-07-17 11:19:34,ScotiabankPE,Jun 6,"#BrandedContent.  La alta dirección de @ScotiabankPE, liderada por su CEO global, llegó a Perú y sostuvo reuniones con clientes estratégicos y reafirmó la importancia del mercado peruano en su operación internacional.
semanaeconomica.com/economia-finan…",1,1,2,0,979
2025-07-17 11:19:34,ScotiabankPE,May 26,"#BrandedContent.  La alta dirección de @ScotiabankPE, liderada por su CEO global, llegó a Perú y sostuvo reuniones con clientes estratégicos y reafirmó la importancia del mercado peruano en su operación internacional.
semanaeconomica.com/economia-finan…",1,1,2,1,1.0K
2025-07-17 11:19:34,ScotiabankPE,May 22,"#BrandedContent.  La alta dirección de @ScotiabankPE, liderada por su CEO global, llegó a Perú y sostuvo reuniones con clientes estratégicos y reafirmó la importancia del mercado peruano en su operación internacional. 

Conoce más: acortar.link/oCt094",1,1,3,0,1.0K
2025-07-17 11:19:34,ScotiabankPE,Apr 28,"#NotaInformativa | Buscando fortalecer la inversión privada y dinamizar el crecimiento económico, 📈 el ministro @Jose_SalardiR, junto con el director de Sistema Financiero y Mercado de Capitales de la Dirección General de Mercados Financieros y Previsional Privado, Óscar Orcón,…",1,2,5,1,1.0K
2025-07-17 11:19:34,ScotiabankPE,Mar 26,"#BrandedContent. @ScotiabankPE ha sido reconocido por segundo año consecutivo como líder de Banca Privada en Perú por Global Finance.
semanaeconomica.com/economia-finan…",8,1,0,0,2.0K
2025-07-17 11:19:34,ScotiabankPE,Mar 12,"#BrandedContent. @ScotiabankPE ha sido reconocido por segundo año consecutivo como líder de Banca Privada en Perú por Global Finance.

semanaeconomica.com/economia-finan…",4,2,0,0,2.0K
2025-07-17 11:19:34,ScotiabankPE,Mar 7,"#BrandedContent. @ScotiabankPE ha sido reconocido por segundo año consecutivo como líder de Banca Privada en Perú por Global Finance. Tras el reconocimiento, Patricia Martinez, Head de banca privada en Scotiabank, explica las acciones realizadas para lograr el reconocimiento, así…",6,1,1,0,1.0K
2025-07-17 11:19:34,ScotiabankPE,Mar 7,En Scotiabank te reconocemos tus logros y nos comprometemos a seguir trabajando por la equidad todos los días del año. #8MTodosLosDías. 💜 #8MTODOSLOSDÍAS,14,1,6,0,2.0K
2025-07-17 11:19:34,ScotiabankPE,Oct 16,"#BrandedContent. @ScotiabankPE presentó oficialmente a Sebastián Arcuri como su nuevo CEO, y junto a su CEO Global y Head of International Banking, reforzó su compromiso con sus clientes y el desarrollo del país.

Conoce más: acortar.link/Cg9UF1",19,2,10,1,7.0K
2025-07-17 11:19:34,ScotiabankPE,Sep 10,"Conoce nuestro proyecto en Punchan, Iquitos, Perú🇵🇪, con @scotiabankPE y @WorldVisionPeru, enfocado en mejorar la educación infantil con tecnología, fortalecer el rol familiar con ternura y el apoyo de proyectos juveniles.",2,4,26,1,6.0K
2025-07-17 11:19:34,ScotiabankPE,Aug 29,"Conoce nuestro proyecto en Punchana, Iquitos, Perú🇵🇪, con @ScotiabankPE y @WorldVisionPeru, enfocado en mejorar la educación infantil con tecnología, fortalecer el rol familiar con ternura y el apoyo de proyectos juveniles.",0,4,23,0,5.0K
2025-07-17 11:19:34,ScotiabankPE,Aug 8,Scotiabank lanza Fondo de Impacto Social ScotiaRISE en Perú ⏩n9.cl/bsrmz,6,1,2,0,4.0K
2025-07-17 11:19:34,ScotiabankPE,"Jun 18, 2024","Desde el 2022, hemos implementado el proyecto ""Inclusión Educativa para la Vida"" en Loreto, uno de los departamentos con mayor pobreza monetaria. Esta iniciativa, en alianza con @ScotiabankPE y @FundacioFCB, tiene como objetivo mejorar la calidad educativa de las niñas y niños.",5,1,3,0,5.0K
2025-07-17 11:19:34,ScotiabankPE,"Jun 13, 2024","En nuestro compromiso con el bienestar de la niñez, desde el 2022 implementamos el proyecto ""Inclusión Educativa para la Vida"" con el apoyo de @ScotiabankPE y la @FCBarcelona, para brindar acceso a una educación de calidad a las niñas y niños. 

#Scotiabank #FundacionBarcelona",2,6,9,0,4.0K
2025-07-17 11:19:34,ScotiabankPE,"Jun 14, 2024","Somos y seremos sus más grandes hinchas. ⚽️Etiquétalo y dile por qué lo eres. ❤️

#ScotiabankPerú #HablemosEnSerio #DíaDelPadre",18,0,4,0,4.0K
2025-07-17 12:42:58,ScotiabankPE,Jul 14,"¡Imperdible!​ 🤗ESPECIAL.21  “SÁCALE PROVECHO A TU GRATI”​

¿Sabías que los expertos recomiendan destinar el 30% al ahorro o inversión?​

¿Cuáles son tus objetivos?  ¿cuál es tu situación financiera? ¿puedes invertir?  Estas y  otras consideraciones  mañana en nuestro especial.…",1,2,1,1,938
2025-07-17 12:42:58,ScotiabankPE,Jul 10,"#EntrevistaSE. El CFO de @ScotiabankPE, Marcelo Rodríguez, cuenta que la reciente emisión por US$400 millones busca transmitir un mensaje de permanencia de largo plazo en el Perú.

Por @cabecitaterri.
semanaeconomica.com/economia-finan…",1,2,3,0,680
2025-07-17 12:42:58,ScotiabankPE,Jun 27,".@ScotiabankPE captó US$400 millones en emisión internacional de bonos subordinados. 

semanaeconomica.com/que-esta-pasan…",3,1,1,0,923
2025-07-17 12:42:58,ScotiabankPE,Jun 24,".@ScotiabankPE lanza roadshow internacional previo a nueva emisión de bonos por US$1,000 millones. Scotiabank contrató a @GoldmanSachs y Scotia Capital para presentar la operación ante inversionistas institucionales.
semanaeconomica.com/que-esta-pasan…",0,1,0,0,907
2025-07-17 12:42:58,ScotiabankPE,Jun 20,"Agradecemos a nuestro auspiciador PLATA 🎊 @ScotiabankPE, quién se une a la 30° edición de #CADEUniversitario, el encuentro de jóvenes líderes más importante del país, y se suma a nuestro compromiso de construir un Perú más desarrollado.

Conoce más aquí 👉…",0,1,2,0,462
2025-07-17 12:42:58,ScotiabankPE,Jun 6,"#BrandedContent.  La alta dirección de @ScotiabankPE, liderada por su CEO global, llegó a Perú y sostuvo reuniones con clientes estratégicos y reafirmó la importancia del mercado peruano en su operación internacional.
semanaeconomica.com/economia-finan…",1,1,2,0,980
2025-07-17 12:42:58,ScotiabankPE,May 26,"#BrandedContent.  La alta dirección de @ScotiabankPE, liderada por su CEO global, llegó a Perú y sostuvo reuniones con clientes estratégicos y reafirmó la importancia del mercado peruano en su operación internacional.
semanaeconomica.com/economia-finan…",1,1,2,1,1.0K
2025-07-17 12:42:58,ScotiabankPE,May 22,"#BrandedContent.  La alta dirección de @ScotiabankPE, liderada por su CEO global, llegó a Perú y sostuvo reuniones con clientes estratégicos y reafirmó la importancia del mercado peruano en su operación internacional. 

Conoce más: acortar.link/oCt094",1,1,3,0,1.0K
2025-07-17 12:42:58,ScotiabankPE,Apr 28,"#NotaInformativa | Buscando fortalecer la inversión privada y dinamizar el crecimiento económico, 📈 el ministro @Jose_SalardiR, junto con el director de Sistema Financiero y Mercado de Capitales de la Dirección General de Mercados Financieros y Previsional Privado, Óscar Orcón,…",1,2,5,1,1.0K
2025-07-17 12:42:58,ScotiabankPE,Mar 26,"#BrandedContent. @ScotiabankPE ha sido reconocido por segundo año consecutivo como líder de Banca Privada en Perú por Global Finance.
semanaeconomica.com/economia-finan…",8,1,0,0,2.0K
2025-07-17 12:42:58,ScotiabankPE,Mar 12,"#BrandedContent. @ScotiabankPE ha sido reconocido por segundo año consecutivo como líder de Banca Privada en Perú por Global Finance.

semanaeconomica.com/economia-finan…",4,2,0,0,2.0K
2025-07-17 12:42:58,ScotiabankPE,Mar 7,"#BrandedContent. @ScotiabankPE ha sido reconocido por segundo año consecutivo como líder de Banca Privada en Perú por Global Finance. Tras el reconocimiento, Patricia Martinez, Head de banca privada en Scotiabank, explica las acciones realizadas para lograr el reconocimiento, así…",6,1,1,0,1.0K
2025-07-17 12:42:58,ScotiabankPE,Mar 7,En Scotiabank te reconocemos tus logros y nos comprometemos a seguir trabajando por la equidad todos los días del año. #8MTodosLosDías. 💜 #8MTODOSLOSDÍAS,14,1,6,0,2.0K
2025-07-17 12:42:58,ScotiabankPE,Oct 16,"#BrandedContent. @ScotiabankPE presentó oficialmente a Sebastián Arcuri como su nuevo CEO, y junto a su CEO Global y Head of International Banking, reforzó su compromiso con sus clientes y el desarrollo del país.

Conoce más: acortar.link/Cg9UF1",19,2,10,1,7.0K
2025-07-17 12:42:58,ScotiabankPE,Sep 10,"Conoce nuestro proyecto en Punchan, Iquitos, Perú🇵🇪, con @scotiabankPE y @WorldVisionPeru, enfocado en mejorar la educación infantil con tecnología, fortalecer el rol familiar con ternura y el apoyo de proyectos juveniles.",2,4,26,1,6.0K
2025-07-17 12:42:58,ScotiabankPE,Aug 29,"Conoce nuestro proyecto en Punchana, Iquitos, Perú🇵🇪, con @ScotiabankPE y @WorldVisionPeru, enfocado en mejorar la educación infantil con tecnología, fortalecer el rol familiar con ternura y el apoyo de proyectos juveniles.",0,4,23,0,5.0K
2025-07-17 12:42:58,ScotiabankPE,Aug 8,Scotiabank lanza Fondo de Impacto Social ScotiaRISE en Perú ⏩n9.cl/bsrmz,6,1,2,0,4.0K
2025-07-17 12:42:58,ScotiabankPE,"Jun 18, 2024","Desde el 2022, hemos implementado el proyecto ""Inclusión Educativa para la Vida"" en Loreto, uno de los departamentos con mayor pobreza monetaria. Esta iniciativa, en alianza con @ScotiabankPE y @FundacioFCB, tiene como objetivo mejorar la calidad educativa de las niñas y niños.",5,1,3,0,5.0K
2025-07-17 12:42:58,ScotiabankPE,"Jun 13, 2024","En nuestro compromiso con el bienestar de la niñez, desde el 2022 implementamos el proyecto ""Inclusión Educativa para la Vida"" con el apoyo de @ScotiabankPE y la @FCBarcelona, para brindar acceso a una educación de calidad a las niñas y niños. 

#Scotiabank #FundacionBarcelona",2,6,9,0,4.0K
2025-07-17 12:42:58,ScotiabankPE,"Jun 14, 2024","Somos y seremos sus más grandes hinchas. ⚽️Etiquétalo y dile por qué lo eres. ❤️

#ScotiabankPerú #HablemosEnSerio #DíaDelPadre",18,0,4,0,4.0K
2025-07-17 13:37:35,ScotiabankPE,Jul 14,"¡Imperdible!​ 🤗ESPECIAL.21  “SÁCALE PROVECHO A TU GRATI”​

¿Sabías que los expertos recomiendan destinar el 30% al ahorro o inversión?​

¿Cuáles son tus objetivos?  ¿cuál es tu situación financiera? ¿puedes invertir?  Estas y  otras consideraciones  mañana en nuestro especial.…",1,2,1,1,940
2025-07-17 13:37:35,ScotiabankPE,Jul 10,"#EntrevistaSE. El CFO de @ScotiabankPE, Marcelo Rodríguez, cuenta que la reciente emisión por US$400 millones busca transmitir un mensaje de permanencia de largo plazo en el Perú.

Por @cabecitaterri.
semanaeconomica.com/economia-finan…",1,2,3,0,681
2025-07-17 13:37:35,ScotiabankPE,Jun 27,".@ScotiabankPE captó US$400 millones en emisión internacional de bonos subordinados. 

semanaeconomica.com/que-esta-pasan…",3,1,1,0,924
2025-07-17 13:37:35,ScotiabankPE,Jun 24,".@ScotiabankPE lanza roadshow internacional previo a nueva emisión de bonos por US$1,000 millones. Scotiabank contrató a @GoldmanSachs y Scotia Capital para presentar la operación ante inversionistas institucionales.
semanaeconomica.com/que-esta-pasan…",0,1,0,0,908
2025-07-17 13:37:35,ScotiabankPE,Jun 20,"Agradecemos a nuestro auspiciador PLATA 🎊 @ScotiabankPE, quién se une a la 30° edición de #CADEUniversitario, el encuentro de jóvenes líderes más importante del país, y se suma a nuestro compromiso de construir un Perú más desarrollado.

Conoce más aquí 👉…",0,1,2,0,463
2025-07-17 13:37:35,ScotiabankPE,Jun 6,"#BrandedContent.  La alta dirección de @ScotiabankPE, liderada por su CEO global, llegó a Perú y sostuvo reuniones con clientes estratégicos y reafirmó la importancia del mercado peruano en su operación internacional.
semanaeconomica.com/economia-finan…",1,1,2,0,981
2025-07-17 13:37:35,ScotiabankPE,May 26,"#BrandedContent.  La alta dirección de @ScotiabankPE, liderada por su CEO global, llegó a Perú y sostuvo reuniones con clientes estratégicos y reafirmó la importancia del mercado peruano en su operación internacional.
semanaeconomica.com/economia-finan…",1,1,2,1,1.0K
2025-07-17 13:37:35,ScotiabankPE,May 22,"#BrandedContent.  La alta dirección de @ScotiabankPE, liderada por su CEO global, llegó a Perú y sostuvo reuniones con clientes estratégicos y reafirmó la importancia del mercado peruano en su operación internacional. 

Conoce más: acortar.link/oCt094",1,1,3,0,1.0K
2025-07-17 13:37:35,ScotiabankPE,Apr 28,"#NotaInformativa | Buscando fortalecer la inversión privada y dinamizar el crecimiento económico, 📈 el ministro @Jose_SalardiR, junto con el director de Sistema Financiero y Mercado de Capitales de la Dirección General de Mercados Financieros y Previsional Privado, Óscar Orcón,…",1,2,5,1,1.0K
2025-07-17 13:37:35,ScotiabankPE,Mar 26,"#BrandedContent. @ScotiabankPE ha sido reconocido por segundo año consecutivo como líder de Banca Privada en Perú por Global Finance.
semanaeconomica.com/economia-finan…",8,1,0,0,2.0K
2025-07-17 13:37:35,ScotiabankPE,Mar 12,"#BrandedContent. @ScotiabankPE ha sido reconocido por segundo año consecutivo como líder de Banca Privada en Perú por Global Finance.

semanaeconomica.com/economia-finan…",4,2,0,0,2.0K
2025-07-17 13:37:35,ScotiabankPE,Mar 7,"#BrandedContent. @ScotiabankPE ha sido reconocido por segundo año consecutivo como líder de Banca Privada en Perú por Global Finance. Tras el reconocimiento, Patricia Martinez, Head de banca privada en Scotiabank, explica las acciones realizadas para lograr el reconocimiento, así…",6,1,1,0,1.0K
2025-07-17 13:37:35,ScotiabankPE,Mar 7,En Scotiabank te reconocemos tus logros y nos comprometemos a seguir trabajando por la equidad todos los días del año. #8MTodosLosDías. 💜 #8MTODOSLOSDÍAS,14,1,6,0,2.0K
2025-07-17 13:37:35,ScotiabankPE,Oct 16,"#BrandedContent. @ScotiabankPE presentó oficialmente a Sebastián Arcuri como su nuevo CEO, y junto a su CEO Global y Head of International Banking, reforzó su compromiso con sus clientes y el desarrollo del país.

Conoce más: acortar.link/Cg9UF1",19,2,10,1,7.0K
2025-07-17 13:37:35,ScotiabankPE,Sep 10,"Conoce nuestro proyecto en Punchan, Iquitos, Perú🇵🇪, con @scotiabankPE y @WorldVisionPeru, enfocado en mejorar la educación infantil con tecnología, fortalecer el rol familiar con ternura y el apoyo de proyectos juveniles.",2,4,26,1,6.0K
2025-07-17 13:37:35,ScotiabankPE,Aug 29,"Conoce nuestro proyecto en Punchana, Iquitos, Perú🇵🇪, con @ScotiabankPE y @WorldVisionPeru, enfocado en mejorar la educación infantil con tecnología, fortalecer el rol familiar con ternura y el apoyo de proyectos juveniles.",0,4,23,0,5.0K
2025-07-17 13:37:35,ScotiabankPE,Aug 8,Scotiabank lanza Fondo de Impacto Social ScotiaRISE en Perú ⏩n9.cl/bsrmz,6,1,2,0,4.0K
2025-07-17 13:37:35,ScotiabankPE,"Jun 18, 2024","Desde el 2022, hemos implementado el proyecto ""Inclusión Educativa para la Vida"" en Loreto, uno de los departamentos con mayor pobreza monetaria. Esta iniciativa, en alianza con @ScotiabankPE y @FundacioFCB, tiene como objetivo mejorar la calidad educativa de las niñas y niños.",5,1,3,0,5.0K
2025-07-17 13:37:35,ScotiabankPE,"Jun 13, 2024","En nuestro compromiso con el bienestar de la niñez, desde el 2022 implementamos el proyecto ""Inclusión Educativa para la Vida"" con el apoyo de @ScotiabankPE y la @FCBarcelona, para brindar acceso a una educación de calidad a las niñas y niños. 

#Scotiabank #FundacionBarcelona",2,6,9,0,4.0K
2025-07-17 13:37:35,ScotiabankPE,"Jun 14, 2024","Somos y seremos sus más grandes hinchas. ⚽️Etiquétalo y dile por qué lo eres. ❤️

#ScotiabankPerú #HablemosEnSerio #DíaDelPadre",18,0,4,0,4.0K
2025-07-17 14:19:56,ScotiabankPE,Jul 14,"¡Imperdible!​ 🤗ESPECIAL.21  “SÁCALE PROVECHO A TU GRATI”​

¿Sabías que los expertos recomiendan destinar el 30% al ahorro o inversión?​

¿Cuáles son tus objetivos?  ¿cuál es tu situación financiera? ¿puedes invertir?  Estas y  otras consideraciones  mañana en nuestro especial.…",1,2,1,1,940
2025-07-17 14:19:56,ScotiabankPE,Jul 10,"#EntrevistaSE. El CFO de @ScotiabankPE, Marcelo Rodríguez, cuenta que la reciente emisión por US$400 millones busca transmitir un mensaje de permanencia de largo plazo en el Perú.

Por @cabecitaterri.
semanaeconomica.com/economia-finan…",1,2,3,0,681
2025-07-17 14:19:56,ScotiabankPE,Jun 27,".@ScotiabankPE captó US$400 millones en emisión internacional de bonos subordinados. 

semanaeconomica.com/que-esta-pasan…",3,1,1,0,924
2025-07-17 14:19:56,ScotiabankPE,Jun 24,".@ScotiabankPE lanza roadshow internacional previo a nueva emisión de bonos por US$1,000 millones. Scotiabank contrató a @GoldmanSachs y Scotia Capital para presentar la operación ante inversionistas institucionales.
semanaeconomica.com/que-esta-pasan…",0,1,0,0,908
2025-07-17 14:19:56,ScotiabankPE,Jun 20,"Agradecemos a nuestro auspiciador PLATA 🎊 @ScotiabankPE, quién se une a la 30° edición de #CADEUniversitario, el encuentro de jóvenes líderes más importante del país, y se suma a nuestro compromiso de construir un Perú más desarrollado.

Conoce más aquí 👉…",0,1,2,0,463
2025-07-17 14:19:56,ScotiabankPE,Jun 6,"#BrandedContent.  La alta dirección de @ScotiabankPE, liderada por su CEO global, llegó a Perú y sostuvo reuniones con clientes estratégicos y reafirmó la importancia del mercado peruano en su operación internacional.
semanaeconomica.com/economia-finan…",1,1,2,0,981
2025-07-17 14:19:56,ScotiabankPE,May 26,"#BrandedContent.  La alta dirección de @ScotiabankPE, liderada por su CEO global, llegó a Perú y sostuvo reuniones con clientes estratégicos y reafirmó la importancia del mercado peruano en su operación internacional.
semanaeconomica.com/economia-finan…",1,1,2,1,1.0K
2025-07-17 14:19:56,ScotiabankPE,May 22,"#BrandedContent.  La alta dirección de @ScotiabankPE, liderada por su CEO global, llegó a Perú y sostuvo reuniones con clientes estratégicos y reafirmó la importancia del mercado peruano en su operación internacional. 

Conoce más: acortar.link/oCt094",1,1,3,0,1.0K
2025-07-17 14:19:56,ScotiabankPE,Apr 28,"#NotaInformativa | Buscando fortalecer la inversión privada y dinamizar el crecimiento económico, 📈 el ministro @Jose_SalardiR, junto con el director de Sistema Financiero y Mercado de Capitales de la Dirección General de Mercados Financieros y Previsional Privado, Óscar Orcón,…",1,2,5,1,1.0K
2025-07-17 14:19:56,ScotiabankPE,Mar 26,"#BrandedContent. @ScotiabankPE ha sido reconocido por segundo año consecutivo como líder de Banca Privada en Perú por Global Finance.
semanaeconomica.com/economia-finan…",8,1,0,0,2.0K
2025-07-17 14:19:56,ScotiabankPE,Mar 12,"#BrandedContent. @ScotiabankPE ha sido reconocido por segundo año consecutivo como líder de Banca Privada en Perú por Global Finance.

semanaeconomica.com/economia-finan…",4,2,0,0,2.0K
2025-07-17 14:19:56,ScotiabankPE,Mar 7,"#BrandedContent. @ScotiabankPE ha sido reconocido por segundo año consecutivo como líder de Banca Privada en Perú por Global Finance. Tras el reconocimiento, Patricia Martinez, Head de banca privada en Scotiabank, explica las acciones realizadas para lograr el reconocimiento, así…",6,1,1,0,1.0K
2025-07-17 14:19:56,ScotiabankPE,Mar 7,En Scotiabank te reconocemos tus logros y nos comprometemos a seguir trabajando por la equidad todos los días del año. #8MTodosLosDías. 💜 #8MTODOSLOSDÍAS,14,1,6,0,2.0K
2025-07-17 14:19:56,ScotiabankPE,Oct 16,"#BrandedContent. @ScotiabankPE presentó oficialmente a Sebastián Arcuri como su nuevo CEO, y junto a su CEO Global y Head of International Banking, reforzó su compromiso con sus clientes y el desarrollo del país.

Conoce más: acortar.link/Cg9UF1",19,2,10,1,7.0K
2025-07-17 14:19:56,ScotiabankPE,Sep 10,"Conoce nuestro proyecto en Punchan, Iquitos, Perú🇵🇪, con @scotiabankPE y @WorldVisionPeru, enfocado en mejorar la educación infantil con tecnología, fortalecer el rol familiar con ternura y el apoyo de proyectos juveniles.",2,4,26,1,6.0K
2025-07-17 14:19:56,ScotiabankPE,Aug 29,"Conoce nuestro proyecto en Punchana, Iquitos, Perú🇵🇪, con @ScotiabankPE y @WorldVisionPeru, enfocado en mejorar la educación infantil con tecnología, fortalecer el rol familiar con ternura y el apoyo de proyectos juveniles.",0,4,23,0,5.0K
2025-07-17 14:19:56,ScotiabankPE,Aug 8,Scotiabank lanza Fondo de Impacto Social ScotiaRISE en Perú ⏩n9.cl/bsrmz,6,1,2,0,4.0K
2025-07-17 14:19:56,ScotiabankPE,"Jun 18, 2024","Desde el 2022, hemos implementado el proyecto ""Inclusión Educativa para la Vida"" en Loreto, uno de los departamentos con mayor pobreza monetaria. Esta iniciativa, en alianza con @ScotiabankPE y @FundacioFCB, tiene como objetivo mejorar la calidad educativa de las niñas y niños.",5,1,3,0,5.0K
2025-07-17 14:19:56,ScotiabankPE,"Jun 13, 2024","En nuestro compromiso con el bienestar de la niñez, desde el 2022 implementamos el proyecto ""Inclusión Educativa para la Vida"" con el apoyo de @ScotiabankPE y la @FCBarcelona, para brindar acceso a una educación de calidad a las niñas y niños. 

#Scotiabank #FundacionBarcelona",2,6,9,0,4.0K
2025-07-17 14:19:56,ScotiabankPE,"Jun 14, 2024","Somos y seremos sus más grandes hinchas. ⚽️Etiquétalo y dile por qué lo eres. ❤️

#ScotiabankPerú #HablemosEnSerio #DíaDelPadre",18,0,4,0,4.0K
2025-07-17 15:23:37,ScotiabankPE,Jul 14,"¡Imperdible!​ 🤗ESPECIAL.21  “SÁCALE PROVECHO A TU GRATI”​

¿Sabías que los expertos recomiendan destinar el 30% al ahorro o inversión?​

¿Cuáles son tus objetivos?  ¿cuál es tu situación financiera? ¿puedes invertir?  Estas y  otras consideraciones  mañana en nuestro especial.…",1,2,1,1,941
2025-07-17 15:23:37,ScotiabankPE,Jul 10,"#EntrevistaSE. El CFO de @ScotiabankPE, Marcelo Rodríguez, cuenta que la reciente emisión por US$400 millones busca transmitir un mensaje de permanencia de largo plazo en el Perú.

Por @cabecitaterri.
semanaeconomica.com/economia-finan…",1,2,3,0,682
2025-07-17 15:23:37,ScotiabankPE,Jun 27,".@ScotiabankPE captó US$400 millones en emisión internacional de bonos subordinados. 

semanaeconomica.com/que-esta-pasan…",3,1,1,0,925
2025-07-17 15:23:37,ScotiabankPE,Jun 24,".@ScotiabankPE lanza roadshow internacional previo a nueva emisión de bonos por US$1,000 millones. Scotiabank contrató a @GoldmanSachs y Scotia Capital para presentar la operación ante inversionistas institucionales.
semanaeconomica.com/que-esta-pasan…",0,1,0,0,909
2025-07-17 15:23:37,ScotiabankPE,Jun 20,"Agradecemos a nuestro auspiciador PLATA 🎊 @ScotiabankPE, quién se une a la 30° edición de #CADEUniversitario, el encuentro de jóvenes líderes más importante del país, y se suma a nuestro compromiso de construir un Perú más desarrollado.

Conoce más aquí 👉…",0,1,2,0,463
2025-07-17 15:23:37,ScotiabankPE,Jun 6,"#BrandedContent.  La alta dirección de @ScotiabankPE, liderada por su CEO global, llegó a Perú y sostuvo reuniones con clientes estratégicos y reafirmó la importancia del mercado peruano en su operación internacional.
semanaeconomica.com/economia-finan…",1,1,2,0,981
2025-07-17 15:23:37,ScotiabankPE,May 26,"#BrandedContent.  La alta dirección de @ScotiabankPE, liderada por su CEO global, llegó a Perú y sostuvo reuniones con clientes estratégicos y reafirmó la importancia del mercado peruano en su operación internacional.
semanaeconomica.com/economia-finan…",1,1,2,1,1.0K
2025-07-17 15:23:37,ScotiabankPE,May 22,"#BrandedContent.  La alta dirección de @ScotiabankPE, liderada por su CEO global, llegó a Perú y sostuvo reuniones con clientes estratégicos y reafirmó la importancia del mercado peruano en su operación internacional. 

Conoce más: acortar.link/oCt094",1,1,3,0,1.0K
2025-07-17 15:23:37,ScotiabankPE,Apr 28,"#NotaInformativa | Buscando fortalecer la inversión privada y dinamizar el crecimiento económico, 📈 el ministro @Jose_SalardiR, junto con el director de Sistema Financiero y Mercado de Capitales de la Dirección General de Mercados Financieros y Previsional Privado, Óscar Orcón,…",1,2,5,1,1.0K
2025-07-17 15:23:37,ScotiabankPE,Mar 26,"#BrandedContent. @ScotiabankPE ha sido reconocido por segundo año consecutivo como líder de Banca Privada en Perú por Global Finance.
semanaeconomica.com/economia-finan…",8,1,0,0,2.0K
2025-07-17 15:23:37,ScotiabankPE,Mar 12,"#BrandedContent. @ScotiabankPE ha sido reconocido por segundo año consecutivo como líder de Banca Privada en Perú por Global Finance.

semanaeconomica.com/economia-finan…",4,2,0,0,2.0K
2025-07-17 15:23:37,ScotiabankPE,Mar 7,"#BrandedContent. @ScotiabankPE ha sido reconocido por segundo año consecutivo como líder de Banca Privada en Perú por Global Finance. Tras el reconocimiento, Patricia Martinez, Head de banca privada en Scotiabank, explica las acciones realizadas para lograr el reconocimiento, así…",6,1,1,0,1.0K
2025-07-17 15:23:37,ScotiabankPE,Mar 7,En Scotiabank te reconocemos tus logros y nos comprometemos a seguir trabajando por la equidad todos los días del año. #8MTodosLosDías. 💜 #8MTODOSLOSDÍAS,14,1,6,0,2.0K
2025-07-17 15:23:37,ScotiabankPE,Oct 16,"#BrandedContent. @ScotiabankPE presentó oficialmente a Sebastián Arcuri como su nuevo CEO, y junto a su CEO Global y Head of International Banking, reforzó su compromiso con sus clientes y el desarrollo del país.

Conoce más: acortar.link/Cg9UF1",19,2,10,1,7.0K
2025-07-17 15:23:37,ScotiabankPE,Sep 10,"Conoce nuestro proyecto en Punchan, Iquitos, Perú🇵🇪, con @scotiabankPE y @WorldVisionPeru, enfocado en mejorar la educación infantil con tecnología, fortalecer el rol familiar con ternura y el apoyo de proyectos juveniles.",2,4,26,1,6.0K
2025-07-17 15:23:37,ScotiabankPE,Aug 29,"Conoce nuestro proyecto en Punchana, Iquitos, Perú🇵🇪, con @ScotiabankPE y @WorldVisionPeru, enfocado en mejorar la educación infantil con tecnología, fortalecer el rol familiar con ternura y el apoyo de proyectos juveniles.",0,4,23,0,5.0K
2025-07-17 15:23:37,ScotiabankPE,Aug 8,Scotiabank lanza Fondo de Impacto Social ScotiaRISE en Perú ⏩n9.cl/bsrmz,6,1,2,0,4.0K
2025-07-17 15:23:37,ScotiabankPE,"Jun 18, 2024","Desde el 2022, hemos implementado el proyecto ""Inclusión Educativa para la Vida"" en Loreto, uno de los departamentos con mayor pobreza monetaria. Esta iniciativa, en alianza con @ScotiabankPE y @FundacioFCB, tiene como objetivo mejorar la calidad educativa de las niñas y niños.",5,1,3,0,5.0K
2025-07-17 15:23:37,ScotiabankPE,"Jun 13, 2024","En nuestro compromiso con el bienestar de la niñez, desde el 2022 implementamos el proyecto ""Inclusión Educativa para la Vida"" con el apoyo de @ScotiabankPE y la @FCBarcelona, para brindar acceso a una educación de calidad a las niñas y niños. 

#Scotiabank #FundacionBarcelona",2,6,9,0,4.0K
2025-07-17 15:23:37,ScotiabankPE,"Jun 14, 2024","Somos y seremos sus más grandes hinchas. ⚽️Etiquétalo y dile por qué lo eres. ❤️

#ScotiabankPerú #HablemosEnSerio #DíaDelPadre",18,0,4,0,4.0K
2025-07-17 16:27:29,ScotiabankPE,Jul 14,"¡Imperdible!​ 🤗ESPECIAL.21  “SÁCALE PROVECHO A TU GRATI”​

¿Sabías que los expertos recomiendan destinar el 30% al ahorro o inversión?​

¿Cuáles son tus objetivos?  ¿cuál es tu situación financiera? ¿puedes invertir?  Estas y  otras consideraciones  mañana en nuestro especial.…",1,2,1,1,942
2025-07-17 16:27:29,ScotiabankPE,Jul 10,"#EntrevistaSE. El CFO de @ScotiabankPE, Marcelo Rodríguez, cuenta que la reciente emisión por US$400 millones busca transmitir un mensaje de permanencia de largo plazo en el Perú.

Por @cabecitaterri.
semanaeconomica.com/economia-finan…",1,2,3,0,684
2025-07-17 16:27:29,ScotiabankPE,Jun 27,".@ScotiabankPE captó US$400 millones en emisión internacional de bonos subordinados. 

semanaeconomica.com/que-esta-pasan…",3,1,1,0,926
2025-07-17 16:27:29,ScotiabankPE,Jun 24,".@ScotiabankPE lanza roadshow internacional previo a nueva emisión de bonos por US$1,000 millones. Scotiabank contrató a @GoldmanSachs y Scotia Capital para presentar la operación ante inversionistas institucionales.
semanaeconomica.com/que-esta-pasan…",0,1,0,0,909
2025-07-17 16:27:29,ScotiabankPE,Jun 20,"Agradecemos a nuestro auspiciador PLATA 🎊 @ScotiabankPE, quién se une a la 30° edición de #CADEUniversitario, el encuentro de jóvenes líderes más importante del país, y se suma a nuestro compromiso de construir un Perú más desarrollado.

Conoce más aquí 👉…",0,1,2,0,463
2025-07-17 16:27:29,ScotiabankPE,Jun 6,"#BrandedContent.  La alta dirección de @ScotiabankPE, liderada por su CEO global, llegó a Perú y sostuvo reuniones con clientes estratégicos y reafirmó la importancia del mercado peruano en su operación internacional.
semanaeconomica.com/economia-finan…",1,1,2,0,981
2025-07-17 16:27:29,ScotiabankPE,May 26,"#BrandedContent.  La alta dirección de @ScotiabankPE, liderada por su CEO global, llegó a Perú y sostuvo reuniones con clientes estratégicos y reafirmó la importancia del mercado peruano en su operación internacional.
semanaeconomica.com/economia-finan…",1,1,2,1,1.0K
2025-07-17 16:27:29,ScotiabankPE,May 22,"#BrandedContent.  La alta dirección de @ScotiabankPE, liderada por su CEO global, llegó a Perú y sostuvo reuniones con clientes estratégicos y reafirmó la importancia del mercado peruano en su operación internacional. 

Conoce más: acortar.link/oCt094",1,1,3,0,1.0K
2025-07-17 16:27:29,ScotiabankPE,Apr 28,"#NotaInformativa | Buscando fortalecer la inversión privada y dinamizar el crecimiento económico, 📈 el ministro @Jose_SalardiR, junto con el director de Sistema Financiero y Mercado de Capitales de la Dirección General de Mercados Financieros y Previsional Privado, Óscar Orcón,…",1,2,5,1,1.0K
2025-07-17 16:27:29,ScotiabankPE,Mar 26,"#BrandedContent. @ScotiabankPE ha sido reconocido por segundo año consecutivo como líder de Banca Privada en Perú por Global Finance.
semanaeconomica.com/economia-finan…",8,1,0,0,2.0K
2025-07-17 16:27:29,ScotiabankPE,Mar 12,"#BrandedContent. @ScotiabankPE ha sido reconocido por segundo año consecutivo como líder de Banca Privada en Perú por Global Finance.

semanaeconomica.com/economia-finan…",4,2,0,0,2.0K
2025-07-17 16:27:29,ScotiabankPE,Mar 7,"#BrandedContent. @ScotiabankPE ha sido reconocido por segundo año consecutivo como líder de Banca Privada en Perú por Global Finance. Tras el reconocimiento, Patricia Martinez, Head de banca privada en Scotiabank, explica las acciones realizadas para lograr el reconocimiento, así…",6,1,1,0,1.0K
2025-07-17 16:27:29,ScotiabankPE,Mar 7,En Scotiabank te reconocemos tus logros y nos comprometemos a seguir trabajando por la equidad todos los días del año. #8MTodosLosDías. 💜 #8MTODOSLOSDÍAS,14,1,6,0,2.0K
2025-07-17 16:27:29,ScotiabankPE,Oct 16,"#BrandedContent. @ScotiabankPE presentó oficialmente a Sebastián Arcuri como su nuevo CEO, y junto a su CEO Global y Head of International Banking, reforzó su compromiso con sus clientes y el desarrollo del país.

Conoce más: acortar.link/Cg9UF1",19,2,10,1,7.0K
2025-07-17 16:27:29,ScotiabankPE,Sep 10,"Conoce nuestro proyecto en Punchan, Iquitos, Perú🇵🇪, con @scotiabankPE y @WorldVisionPeru, enfocado en mejorar la educación infantil con tecnología, fortalecer el rol familiar con ternura y el apoyo de proyectos juveniles.",2,4,26,1,6.0K
2025-07-17 16:27:29,ScotiabankPE,Aug 29,"Conoce nuestro proyecto en Punchana, Iquitos, Perú🇵🇪, con @ScotiabankPE y @WorldVisionPeru, enfocado en mejorar la educación infantil con tecnología, fortalecer el rol familiar con ternura y el apoyo de proyectos juveniles.",0,4,23,0,5.0K
2025-07-17 16:27:29,ScotiabankPE,Aug 8,Scotiabank lanza Fondo de Impacto Social ScotiaRISE en Perú ⏩n9.cl/bsrmz,6,1,2,0,4.0K
2025-07-17 16:27:29,ScotiabankPE,"Jun 18, 2024","Desde el 2022, hemos implementado el proyecto ""Inclusión Educativa para la Vida"" en Loreto, uno de los departamentos con mayor pobreza monetaria. Esta iniciativa, en alianza con @ScotiabankPE y @FundacioFCB, tiene como objetivo mejorar la calidad educativa de las niñas y niños.",5,1,3,0,5.0K
2025-07-17 16:27:29,ScotiabankPE,"Jun 13, 2024","En nuestro compromiso con el bienestar de la niñez, desde el 2022 implementamos el proyecto ""Inclusión Educativa para la Vida"" con el apoyo de @ScotiabankPE y la @FCBarcelona, para brindar acceso a una educación de calidad a las niñas y niños. 

#Scotiabank #FundacionBarcelona",2,6,9,0,4.0K
2025-07-17 16:27:29,ScotiabankPE,"Jun 14, 2024","Somos y seremos sus más grandes hinchas. ⚽️Etiquétalo y dile por qué lo eres. ❤️

#ScotiabankPerú #HablemosEnSerio #DíaDelPadre",18,0,4,0,4.0K
2025-07-17 18:31:14,ScotiabankPE,Jul 14,"¡Imperdible!​ 🤗ESPECIAL.21  “SÁCALE PROVECHO A TU GRATI”​

¿Sabías que los expertos recomiendan destinar el 30% al ahorro o inversión?​

¿Cuáles son tus objetivos?  ¿cuál es tu situación financiera? ¿puedes invertir?  Estas y  otras consideraciones  mañana en nuestro especial.…",1,2,1,1,945
2025-07-17 18:31:14,ScotiabankPE,Jul 10,"#EntrevistaSE. El CFO de @ScotiabankPE, Marcelo Rodríguez, cuenta que la reciente emisión por US$400 millones busca transmitir un mensaje de permanencia de largo plazo en el Perú.

Por @cabecitaterri.
semanaeconomica.com/economia-finan…",1,2,3,0,686
2025-07-17 18:31:14,ScotiabankPE,Jun 27,".@ScotiabankPE captó US$400 millones en emisión internacional de bonos subordinados. 

semanaeconomica.com/que-esta-pasan…",3,1,1,0,926
2025-07-17 18:31:14,ScotiabankPE,Jun 24,".@ScotiabankPE lanza roadshow internacional previo a nueva emisión de bonos por US$1,000 millones. Scotiabank contrató a @GoldmanSachs y Scotia Capital para presentar la operación ante inversionistas institucionales.
semanaeconomica.com/que-esta-pasan…",0,1,0,0,909
2025-07-17 18:31:14,ScotiabankPE,Jun 20,"Agradecemos a nuestro auspiciador PLATA 🎊 @ScotiabankPE, quién se une a la 30° edición de #CADEUniversitario, el encuentro de jóvenes líderes más importante del país, y se suma a nuestro compromiso de construir un Perú más desarrollado.

Conoce más aquí 👉…",0,1,2,0,463
2025-07-17 18:31:14,ScotiabankPE,Jun 6,"#BrandedContent.  La alta dirección de @ScotiabankPE, liderada por su CEO global, llegó a Perú y sostuvo reuniones con clientes estratégicos y reafirmó la importancia del mercado peruano en su operación internacional.
semanaeconomica.com/economia-finan…",1,1,2,0,981
2025-07-17 18:31:14,ScotiabankPE,May 26,"#BrandedContent.  La alta dirección de @ScotiabankPE, liderada por su CEO global, llegó a Perú y sostuvo reuniones con clientes estratégicos y reafirmó la importancia del mercado peruano en su operación internacional.
semanaeconomica.com/economia-finan…",1,1,2,1,1.0K
2025-07-17 18:31:14,ScotiabankPE,May 22,"#BrandedContent.  La alta dirección de @ScotiabankPE, liderada por su CEO global, llegó a Perú y sostuvo reuniones con clientes estratégicos y reafirmó la importancia del mercado peruano en su operación internacional. 

Conoce más: acortar.link/oCt094",1,1,3,0,1.0K
2025-07-17 18:31:14,ScotiabankPE,Apr 28,"#NotaInformativa | Buscando fortalecer la inversión privada y dinamizar el crecimiento económico, 📈 el ministro @Jose_SalardiR, junto con el director de Sistema Financiero y Mercado de Capitales de la Dirección General de Mercados Financieros y Previsional Privado, Óscar Orcón,…",1,2,5,1,1.0K
2025-07-17 18:31:14,ScotiabankPE,Mar 26,"#BrandedContent. @ScotiabankPE ha sido reconocido por segundo año consecutivo como líder de Banca Privada en Perú por Global Finance.
semanaeconomica.com/economia-finan…",8,1,0,0,2.0K
2025-07-17 18:31:14,ScotiabankPE,Mar 12,"#BrandedContent. @ScotiabankPE ha sido reconocido por segundo año consecutivo como líder de Banca Privada en Perú por Global Finance.

semanaeconomica.com/economia-finan…",4,2,0,0,2.0K
2025-07-17 18:31:14,ScotiabankPE,Mar 7,"#BrandedContent. @ScotiabankPE ha sido reconocido por segundo año consecutivo como líder de Banca Privada en Perú por Global Finance. Tras el reconocimiento, Patricia Martinez, Head de banca privada en Scotiabank, explica las acciones realizadas para lograr el reconocimiento, así…",6,1,1,0,1.0K
2025-07-17 18:31:14,ScotiabankPE,Mar 7,En Scotiabank te reconocemos tus logros y nos comprometemos a seguir trabajando por la equidad todos los días del año. #8MTodosLosDías. 💜 #8MTODOSLOSDÍAS,14,1,6,0,2.0K
2025-07-17 18:31:14,ScotiabankPE,Oct 16,"#BrandedContent. @ScotiabankPE presentó oficialmente a Sebastián Arcuri como su nuevo CEO, y junto a su CEO Global y Head of International Banking, reforzó su compromiso con sus clientes y el desarrollo del país.

Conoce más: acortar.link/Cg9UF1",19,2,10,1,7.0K
2025-07-17 18:31:14,ScotiabankPE,Sep 10,"Conoce nuestro proyecto en Punchan, Iquitos, Perú🇵🇪, con @scotiabankPE y @WorldVisionPeru, enfocado en mejorar la educación infantil con tecnología, fortalecer el rol familiar con ternura y el apoyo de proyectos juveniles.",2,4,26,1,6.0K
2025-07-17 18:31:14,ScotiabankPE,Aug 29,"Conoce nuestro proyecto en Punchana, Iquitos, Perú🇵🇪, con @ScotiabankPE y @WorldVisionPeru, enfocado en mejorar la educación infantil con tecnología, fortalecer el rol familiar con ternura y el apoyo de proyectos juveniles.",0,4,23,0,5.0K
2025-07-17 18:31:14,ScotiabankPE,Aug 8,Scotiabank lanza Fondo de Impacto Social ScotiaRISE en Perú ⏩n9.cl/bsrmz,6,1,2,0,4.0K
2025-07-17 18:31:14,ScotiabankPE,"Jun 18, 2024","Desde el 2022, hemos implementado el proyecto ""Inclusión Educativa para la Vida"" en Loreto, uno de los departamentos con mayor pobreza monetaria. Esta iniciativa, en alianza con @ScotiabankPE y @FundacioFCB, tiene como objetivo mejorar la calidad educativa de las niñas y niños.",5,1,3,0,5.0K
2025-07-17 18:31:14,ScotiabankPE,"Jun 13, 2024","En nuestro compromiso con el bienestar de la niñez, desde el 2022 implementamos el proyecto ""Inclusión Educativa para la Vida"" con el apoyo de @ScotiabankPE y la @FCBarcelona, para brindar acceso a una educación de calidad a las niñas y niños. 

#Scotiabank #FundacionBarcelona",2,6,9,0,4.0K
2025-07-17 18:31:14,ScotiabankPE,"Jun 14, 2024","Somos y seremos sus más grandes hinchas. ⚽️Etiquétalo y dile por qué lo eres. ❤️

#ScotiabankPerú #HablemosEnSerio #DíaDelPadre",18,0,4,0,4.0K
2025-07-17 19:18:30,ScotiabankPE,Jul 14,"¡Imperdible!​ 🤗ESPECIAL.21  “SÁCALE PROVECHO A TU GRATI”​

¿Sabías que los expertos recomiendan destinar el 30% al ahorro o inversión?​

¿Cuáles son tus objetivos?  ¿cuál es tu situación financiera? ¿puedes invertir?  Estas y  otras consideraciones  mañana en nuestro especial.…",1,2,1,1,945
2025-07-17 19:18:30,ScotiabankPE,Jul 10,"#EntrevistaSE. El CFO de @ScotiabankPE, Marcelo Rodríguez, cuenta que la reciente emisión por US$400 millones busca transmitir un mensaje de permanencia de largo plazo en el Perú.

Por @cabecitaterri.
semanaeconomica.com/economia-finan…",1,2,3,0,686
2025-07-17 19:18:30,ScotiabankPE,Jun 27,".@ScotiabankPE captó US$400 millones en emisión internacional de bonos subordinados. 

semanaeconomica.com/que-esta-pasan…",3,1,1,0,926
2025-07-17 19:18:30,ScotiabankPE,Jun 24,".@ScotiabankPE lanza roadshow internacional previo a nueva emisión de bonos por US$1,000 millones. Scotiabank contrató a @GoldmanSachs y Scotia Capital para presentar la operación ante inversionistas institucionales.
semanaeconomica.com/que-esta-pasan…",0,1,0,0,909
2025-07-17 19:18:30,ScotiabankPE,Jun 20,"Agradecemos a nuestro auspiciador PLATA 🎊 @ScotiabankPE, quién se une a la 30° edición de #CADEUniversitario, el encuentro de jóvenes líderes más importante del país, y se suma a nuestro compromiso de construir un Perú más desarrollado.

Conoce más aquí 👉…",0,1,2,0,463
2025-07-17 19:18:30,ScotiabankPE,Jun 6,"#BrandedContent.  La alta dirección de @ScotiabankPE, liderada por su CEO global, llegó a Perú y sostuvo reuniones con clientes estratégicos y reafirmó la importancia del mercado peruano en su operación internacional.
semanaeconomica.com/economia-finan…",1,1,2,0,981
2025-07-17 19:18:30,ScotiabankPE,May 26,"#BrandedContent.  La alta dirección de @ScotiabankPE, liderada por su CEO global, llegó a Perú y sostuvo reuniones con clientes estratégicos y reafirmó la importancia del mercado peruano en su operación internacional.
semanaeconomica.com/economia-finan…",1,1,2,1,1.0K
2025-07-17 19:18:30,ScotiabankPE,May 22,"#BrandedContent.  La alta dirección de @ScotiabankPE, liderada por su CEO global, llegó a Perú y sostuvo reuniones con clientes estratégicos y reafirmó la importancia del mercado peruano en su operación internacional. 

Conoce más: acortar.link/oCt094",1,1,3,0,1.0K
2025-07-17 19:18:30,ScotiabankPE,Apr 28,"#NotaInformativa | Buscando fortalecer la inversión privada y dinamizar el crecimiento económico, 📈 el ministro @Jose_SalardiR, junto con el director de Sistema Financiero y Mercado de Capitales de la Dirección General de Mercados Financieros y Previsional Privado, Óscar Orcón,…",1,2,5,1,1.0K
2025-07-17 19:18:30,ScotiabankPE,Mar 26,"#BrandedContent. @ScotiabankPE ha sido reconocido por segundo año consecutivo como líder de Banca Privada en Perú por Global Finance.
semanaeconomica.com/economia-finan…",8,1,0,0,2.0K
2025-07-17 19:18:30,ScotiabankPE,Mar 12,"#BrandedContent. @ScotiabankPE ha sido reconocido por segundo año consecutivo como líder de Banca Privada en Perú por Global Finance.

semanaeconomica.com/economia-finan…",4,2,0,0,2.0K
2025-07-17 19:18:30,ScotiabankPE,Mar 7,"#BrandedContent. @ScotiabankPE ha sido reconocido por segundo año consecutivo como líder de Banca Privada en Perú por Global Finance. Tras el reconocimiento, Patricia Martinez, Head de banca privada en Scotiabank, explica las acciones realizadas para lograr el reconocimiento, así…",6,1,1,0,1.0K
2025-07-17 19:18:30,ScotiabankPE,Mar 7,En Scotiabank te reconocemos tus logros y nos comprometemos a seguir trabajando por la equidad todos los días del año. #8MTodosLosDías. 💜 #8MTODOSLOSDÍAS,14,1,6,0,2.0K
2025-07-17 19:18:30,ScotiabankPE,Oct 16,"#BrandedContent. @ScotiabankPE presentó oficialmente a Sebastián Arcuri como su nuevo CEO, y junto a su CEO Global y Head of International Banking, reforzó su compromiso con sus clientes y el desarrollo del país.

Conoce más: acortar.link/Cg9UF1",19,2,10,1,7.0K
2025-07-17 19:18:30,ScotiabankPE,Sep 10,"Conoce nuestro proyecto en Punchan, Iquitos, Perú🇵🇪, con @scotiabankPE y @WorldVisionPeru, enfocado en mejorar la educación infantil con tecnología, fortalecer el rol familiar con ternura y el apoyo de proyectos juveniles.",2,4,26,1,6.0K
2025-07-17 19:18:30,ScotiabankPE,Aug 29,"Conoce nuestro proyecto en Punchana, Iquitos, Perú🇵🇪, con @ScotiabankPE y @WorldVisionPeru, enfocado en mejorar la educación infantil con tecnología, fortalecer el rol familiar con ternura y el apoyo de proyectos juveniles.",0,4,23,0,5.0K
2025-07-17 19:18:30,ScotiabankPE,Aug 8,Scotiabank lanza Fondo de Impacto Social ScotiaRISE en Perú ⏩n9.cl/bsrmz,6,1,2,0,4.0K
2025-07-17 19:18:30,ScotiabankPE,"Jun 18, 2024","Desde el 2022, hemos implementado el proyecto ""Inclusión Educativa para la Vida"" en Loreto, uno de los departamentos con mayor pobreza monetaria. Esta iniciativa, en alianza con @ScotiabankPE y @FundacioFCB, tiene como objetivo mejorar la calidad educativa de las niñas y niños.",5,1,3,0,5.0K
2025-07-17 19:18:30,ScotiabankPE,"Jun 13, 2024","En nuestro compromiso con el bienestar de la niñez, desde el 2022 implementamos el proyecto ""Inclusión Educativa para la Vida"" con el apoyo de @ScotiabankPE y la @FCBarcelona, para brindar acceso a una educación de calidad a las niñas y niños. 

#Scotiabank #FundacionBarcelona",2,6,9,0,4.0K
2025-07-17 19:18:30,ScotiabankPE,"Jun 14, 2024","Somos y seremos sus más grandes hinchas. ⚽️Etiquétalo y dile por qué lo eres. ❤️

#ScotiabankPerú #HablemosEnSerio #DíaDelPadre",18,0,4,0,4.0K
2025-07-17 20:23:36,ScotiabankPE,Jul 14,"¡Imperdible!​ 🤗ESPECIAL.21  “SÁCALE PROVECHO A TU GRATI”​

¿Sabías que los expertos recomiendan destinar el 30% al ahorro o inversión?​

¿Cuáles son tus objetivos?  ¿cuál es tu situación financiera? ¿puedes invertir?  Estas y  otras consideraciones  mañana en nuestro especial.…",1,2,1,1,949
2025-07-17 20:23:36,ScotiabankPE,Jul 10,"#EntrevistaSE. El CFO de @ScotiabankPE, Marcelo Rodríguez, cuenta que la reciente emisión por US$400 millones busca transmitir un mensaje de permanencia de largo plazo en el Perú.

Por @cabecitaterri.
semanaeconomica.com/economia-finan…",1,2,3,0,690
2025-07-17 20:23:36,ScotiabankPE,Jun 27,".@ScotiabankPE captó US$400 millones en emisión internacional de bonos subordinados. 

semanaeconomica.com/que-esta-pasan…",3,1,1,0,929
2025-07-17 20:23:36,ScotiabankPE,Jun 24,".@ScotiabankPE lanza roadshow internacional previo a nueva emisión de bonos por US$1,000 millones. Scotiabank contrató a @GoldmanSachs y Scotia Capital para presentar la operación ante inversionistas institucionales.
semanaeconomica.com/que-esta-pasan…",0,1,0,0,911
2025-07-17 20:23:36,ScotiabankPE,Jun 20,"Agradecemos a nuestro auspiciador PLATA 🎊 @ScotiabankPE, quién se une a la 30° edición de #CADEUniversitario, el encuentro de jóvenes líderes más importante del país, y se suma a nuestro compromiso de construir un Perú más desarrollado.

Conoce más aquí 👉…",0,1,2,0,463
2025-07-17 20:23:36,ScotiabankPE,Jun 6,"#BrandedContent.  La alta dirección de @ScotiabankPE, liderada por su CEO global, llegó a Perú y sostuvo reuniones con clientes estratégicos y reafirmó la importancia del mercado peruano en su operación internacional.
semanaeconomica.com/economia-finan…",1,1,2,0,981
2025-07-17 20:23:36,ScotiabankPE,May 26,"#BrandedContent.  La alta dirección de @ScotiabankPE, liderada por su CEO global, llegó a Perú y sostuvo reuniones con clientes estratégicos y reafirmó la importancia del mercado peruano en su operación internacional.
semanaeconomica.com/economia-finan…",1,1,2,1,1.0K
2025-07-17 20:23:36,ScotiabankPE,May 22,"#BrandedContent.  La alta dirección de @ScotiabankPE, liderada por su CEO global, llegó a Perú y sostuvo reuniones con clientes estratégicos y reafirmó la importancia del mercado peruano en su operación internacional. 

Conoce más: acortar.link/oCt094",1,1,3,0,1.0K
2025-07-17 20:23:36,ScotiabankPE,Apr 28,"#NotaInformativa | Buscando fortalecer la inversión privada y dinamizar el crecimiento económico, 📈 el ministro @Jose_SalardiR, junto con el director de Sistema Financiero y Mercado de Capitales de la Dirección General de Mercados Financieros y Previsional Privado, Óscar Orcón,…",1,2,5,1,1.0K
2025-07-17 20:23:36,ScotiabankPE,Mar 26,"#BrandedContent. @ScotiabankPE ha sido reconocido por segundo año consecutivo como líder de Banca Privada en Perú por Global Finance.
semanaeconomica.com/economia-finan…",8,1,0,0,2.0K
2025-07-17 20:23:36,ScotiabankPE,Mar 12,"#BrandedContent. @ScotiabankPE ha sido reconocido por segundo año consecutivo como líder de Banca Privada en Perú por Global Finance.

semanaeconomica.com/economia-finan…",4,2,0,0,2.0K
2025-07-17 20:23:36,ScotiabankPE,Mar 7,"#BrandedContent. @ScotiabankPE ha sido reconocido por segundo año consecutivo como líder de Banca Privada en Perú por Global Finance. Tras el reconocimiento, Patricia Martinez, Head de banca privada en Scotiabank, explica las acciones realizadas para lograr el reconocimiento, así…",6,1,1,0,1.0K
2025-07-17 20:23:36,ScotiabankPE,Mar 7,En Scotiabank te reconocemos tus logros y nos comprometemos a seguir trabajando por la equidad todos los días del año. #8MTodosLosDías. 💜 #8MTODOSLOSDÍAS,14,1,6,0,2.0K
2025-07-17 20:23:36,ScotiabankPE,Oct 16,"#BrandedContent. @ScotiabankPE presentó oficialmente a Sebastián Arcuri como su nuevo CEO, y junto a su CEO Global y Head of International Banking, reforzó su compromiso con sus clientes y el desarrollo del país.

Conoce más: acortar.link/Cg9UF1",19,2,10,1,7.0K
2025-07-17 20:23:36,ScotiabankPE,Sep 10,"Conoce nuestro proyecto en Punchan, Iquitos, Perú🇵🇪, con @scotiabankPE y @WorldVisionPeru, enfocado en mejorar la educación infantil con tecnología, fortalecer el rol familiar con ternura y el apoyo de proyectos juveniles.",2,4,26,1,6.0K
2025-07-17 20:23:36,ScotiabankPE,Aug 29,"Conoce nuestro proyecto en Punchana, Iquitos, Perú🇵🇪, con @ScotiabankPE y @WorldVisionPeru, enfocado en mejorar la educación infantil con tecnología, fortalecer el rol familiar con ternura y el apoyo de proyectos juveniles.",0,4,23,0,5.0K
2025-07-17 20:23:36,ScotiabankPE,Aug 8,Scotiabank lanza Fondo de Impacto Social ScotiaRISE en Perú ⏩n9.cl/bsrmz,6,1,2,0,4.0K
2025-07-17 20:23:36,ScotiabankPE,"Jun 18, 2024","Desde el 2022, hemos implementado el proyecto ""Inclusión Educativa para la Vida"" en Loreto, uno de los departamentos con mayor pobreza monetaria. Esta iniciativa, en alianza con @ScotiabankPE y @FundacioFCB, tiene como objetivo mejorar la calidad educativa de las niñas y niños.",5,1,3,0,5.0K
2025-07-17 20:23:36,ScotiabankPE,"Jun 13, 2024","En nuestro compromiso con el bienestar de la niñez, desde el 2022 implementamos el proyecto ""Inclusión Educativa para la Vida"" con el apoyo de @ScotiabankPE y la @FCBarcelona, para brindar acceso a una educación de calidad a las niñas y niños. 

#Scotiabank #FundacionBarcelona",2,6,9,0,4.0K
2025-07-17 20:23:36,ScotiabankPE,"Jun 14, 2024","Somos y seremos sus más grandes hinchas. ⚽️Etiquétalo y dile por qué lo eres. ❤️

#ScotiabankPerú #HablemosEnSerio #DíaDelPadre",18,0,4,0,4.0K
2025-07-17 21:20:20,ScotiabankPE,Jul 14,"¡Imperdible!​ 🤗ESPECIAL.21  “SÁCALE PROVECHO A TU GRATI”​

¿Sabías que los expertos recomiendan destinar el 30% al ahorro o inversión?​

¿Cuáles son tus objetivos?  ¿cuál es tu situación financiera? ¿puedes invertir?  Estas y  otras consideraciones  mañana en nuestro especial.…",1,2,1,1,949
2025-07-17 21:20:20,ScotiabankPE,Jul 10,"#EntrevistaSE. El CFO de @ScotiabankPE, Marcelo Rodríguez, cuenta que la reciente emisión por US$400 millones busca transmitir un mensaje de permanencia de largo plazo en el Perú.

Por @cabecitaterri.
semanaeconomica.com/economia-finan…",1,2,3,0,690
2025-07-17 21:20:20,ScotiabankPE,Jun 27,".@ScotiabankPE captó US$400 millones en emisión internacional de bonos subordinados. 

semanaeconomica.com/que-esta-pasan…",3,1,1,0,929
2025-07-17 21:20:20,ScotiabankPE,Jun 24,".@ScotiabankPE lanza roadshow internacional previo a nueva emisión de bonos por US$1,000 millones. Scotiabank contrató a @GoldmanSachs y Scotia Capital para presentar la operación ante inversionistas institucionales.
semanaeconomica.com/que-esta-pasan…",0,1,0,0,911
2025-07-17 21:20:20,ScotiabankPE,Jun 20,"Agradecemos a nuestro auspiciador PLATA 🎊 @ScotiabankPE, quién se une a la 30° edición de #CADEUniversitario, el encuentro de jóvenes líderes más importante del país, y se suma a nuestro compromiso de construir un Perú más desarrollado.

Conoce más aquí 👉…",0,1,2,0,463
2025-07-17 21:20:20,ScotiabankPE,Jun 6,"#BrandedContent.  La alta dirección de @ScotiabankPE, liderada por su CEO global, llegó a Perú y sostuvo reuniones con clientes estratégicos y reafirmó la importancia del mercado peruano en su operación internacional.
semanaeconomica.com/economia-finan…",1,1,2,0,981
2025-07-17 21:20:20,ScotiabankPE,May 26,"#BrandedContent.  La alta dirección de @ScotiabankPE, liderada por su CEO global, llegó a Perú y sostuvo reuniones con clientes estratégicos y reafirmó la importancia del mercado peruano en su operación internacional.
semanaeconomica.com/economia-finan…",1,1,2,1,1.0K
2025-07-17 21:20:20,ScotiabankPE,May 22,"#BrandedContent.  La alta dirección de @ScotiabankPE, liderada por su CEO global, llegó a Perú y sostuvo reuniones con clientes estratégicos y reafirmó la importancia del mercado peruano en su operación internacional. 

Conoce más: acortar.link/oCt094",1,1,3,0,1.0K
2025-07-17 21:20:20,ScotiabankPE,Apr 28,"#NotaInformativa | Buscando fortalecer la inversión privada y dinamizar el crecimiento económico, 📈 el ministro @Jose_SalardiR, junto con el director de Sistema Financiero y Mercado de Capitales de la Dirección General de Mercados Financieros y Previsional Privado, Óscar Orcón,…",1,2,5,1,1.0K
2025-07-17 21:20:20,ScotiabankPE,Mar 26,"#BrandedContent. @ScotiabankPE ha sido reconocido por segundo año consecutivo como líder de Banca Privada en Perú por Global Finance.
semanaeconomica.com/economia-finan…",8,1,0,0,2.0K
2025-07-17 21:20:20,ScotiabankPE,Mar 12,"#BrandedContent. @ScotiabankPE ha sido reconocido por segundo año consecutivo como líder de Banca Privada en Perú por Global Finance.

semanaeconomica.com/economia-finan…",4,2,0,0,2.0K
2025-07-17 21:20:20,ScotiabankPE,Mar 7,"#BrandedContent. @ScotiabankPE ha sido reconocido por segundo año consecutivo como líder de Banca Privada en Perú por Global Finance. Tras el reconocimiento, Patricia Martinez, Head de banca privada en Scotiabank, explica las acciones realizadas para lograr el reconocimiento, así…",6,1,1,0,1.0K
2025-07-17 21:20:20,ScotiabankPE,Mar 7,En Scotiabank te reconocemos tus logros y nos comprometemos a seguir trabajando por la equidad todos los días del año. #8MTodosLosDías. 💜 #8MTODOSLOSDÍAS,14,1,6,0,2.0K
2025-07-17 21:20:20,ScotiabankPE,Oct 16,"#BrandedContent. @ScotiabankPE presentó oficialmente a Sebastián Arcuri como su nuevo CEO, y junto a su CEO Global y Head of International Banking, reforzó su compromiso con sus clientes y el desarrollo del país.

Conoce más: acortar.link/Cg9UF1",19,2,10,1,7.0K
2025-07-17 21:20:20,ScotiabankPE,Sep 10,"Conoce nuestro proyecto en Punchan, Iquitos, Perú🇵🇪, con @scotiabankPE y @WorldVisionPeru, enfocado en mejorar la educación infantil con tecnología, fortalecer el rol familiar con ternura y el apoyo de proyectos juveniles.",2,4,26,1,6.0K
2025-07-17 21:20:20,ScotiabankPE,Aug 29,"Conoce nuestro proyecto en Punchana, Iquitos, Perú🇵🇪, con @ScotiabankPE y @WorldVisionPeru, enfocado en mejorar la educación infantil con tecnología, fortalecer el rol familiar con ternura y el apoyo de proyectos juveniles.",0,4,23,0,5.0K
2025-07-17 21:20:20,ScotiabankPE,Aug 8,Scotiabank lanza Fondo de Impacto Social ScotiaRISE en Perú ⏩n9.cl/bsrmz,6,1,2,0,4.0K
2025-07-17 21:20:20,ScotiabankPE,"Jun 18, 2024","Desde el 2022, hemos implementado el proyecto ""Inclusión Educativa para la Vida"" en Loreto, uno de los departamentos con mayor pobreza monetaria. Esta iniciativa, en alianza con @ScotiabankPE y @FundacioFCB, tiene como objetivo mejorar la calidad educativa de las niñas y niños.",5,1,3,0,5.0K
2025-07-17 21:20:20,ScotiabankPE,"Jun 13, 2024","En nuestro compromiso con el bienestar de la niñez, desde el 2022 implementamos el proyecto ""Inclusión Educativa para la Vida"" con el apoyo de @ScotiabankPE y la @FCBarcelona, para brindar acceso a una educación de calidad a las niñas y niños. 

#Scotiabank #FundacionBarcelona",2,6,9,0,4.0K
2025-07-17 21:20:20,ScotiabankPE,"Jun 14, 2024","Somos y seremos sus más grandes hinchas. ⚽️Etiquétalo y dile por qué lo eres. ❤️

#ScotiabankPerú #HablemosEnSerio #DíaDelPadre",18,0,4,0,4.0K
2025-07-17 22:20:55,ScotiabankPE,Jul 14,"¡Imperdible!​ 🤗ESPECIAL.21  “SÁCALE PROVECHO A TU GRATI”​

¿Sabías que los expertos recomiendan destinar el 30% al ahorro o inversión?​

¿Cuáles son tus objetivos?  ¿cuál es tu situación financiera? ¿puedes invertir?  Estas y  otras consideraciones  mañana en nuestro especial.…",1,2,1,1,949
2025-07-17 22:20:55,ScotiabankPE,Jul 10,"#EntrevistaSE. El CFO de @ScotiabankPE, Marcelo Rodríguez, cuenta que la reciente emisión por US$400 millones busca transmitir un mensaje de permanencia de largo plazo en el Perú.

Por @cabecitaterri.
semanaeconomica.com/economia-finan…",1,2,3,0,691
2025-07-17 22:20:55,ScotiabankPE,Jun 27,".@ScotiabankPE captó US$400 millones en emisión internacional de bonos subordinados. 

semanaeconomica.com/que-esta-pasan…",3,1,1,0,929
2025-07-17 22:20:55,ScotiabankPE,Jun 24,".@ScotiabankPE lanza roadshow internacional previo a nueva emisión de bonos por US$1,000 millones. Scotiabank contrató a @GoldmanSachs y Scotia Capital para presentar la operación ante inversionistas institucionales.
semanaeconomica.com/que-esta-pasan…",0,1,0,0,911
2025-07-17 22:20:55,ScotiabankPE,Jun 20,"Agradecemos a nuestro auspiciador PLATA 🎊 @ScotiabankPE, quién se une a la 30° edición de #CADEUniversitario, el encuentro de jóvenes líderes más importante del país, y se suma a nuestro compromiso de construir un Perú más desarrollado.

Conoce más aquí 👉…",0,1,2,0,463
2025-07-17 22:20:55,ScotiabankPE,Jun 6,"#BrandedContent.  La alta dirección de @ScotiabankPE, liderada por su CEO global, llegó a Perú y sostuvo reuniones con clientes estratégicos y reafirmó la importancia del mercado peruano en su operación internacional.
semanaeconomica.com/economia-finan…",1,1,2,0,981
2025-07-17 22:20:55,ScotiabankPE,May 26,"#BrandedContent.  La alta dirección de @ScotiabankPE, liderada por su CEO global, llegó a Perú y sostuvo reuniones con clientes estratégicos y reafirmó la importancia del mercado peruano en su operación internacional.
semanaeconomica.com/economia-finan…",1,1,2,1,1.0K
2025-07-17 22:20:55,ScotiabankPE,May 22,"#BrandedContent.  La alta dirección de @ScotiabankPE, liderada por su CEO global, llegó a Perú y sostuvo reuniones con clientes estratégicos y reafirmó la importancia del mercado peruano en su operación internacional. 

Conoce más: acortar.link/oCt094",1,1,3,0,1.0K
2025-07-17 22:20:55,ScotiabankPE,Apr 28,"#NotaInformativa | Buscando fortalecer la inversión privada y dinamizar el crecimiento económico, 📈 el ministro @Jose_SalardiR, junto con el director de Sistema Financiero y Mercado de Capitales de la Dirección General de Mercados Financieros y Previsional Privado, Óscar Orcón,…",1,2,5,1,1.0K
2025-07-17 22:20:55,ScotiabankPE,Mar 26,"#BrandedContent. @ScotiabankPE ha sido reconocido por segundo año consecutivo como líder de Banca Privada en Perú por Global Finance.
semanaeconomica.com/economia-finan…",8,1,0,0,2.0K
2025-07-17 22:20:55,ScotiabankPE,Mar 12,"#BrandedContent. @ScotiabankPE ha sido reconocido por segundo año consecutivo como líder de Banca Privada en Perú por Global Finance.

semanaeconomica.com/economia-finan…",4,2,0,0,2.0K
2025-07-17 22:20:55,ScotiabankPE,Mar 7,"#BrandedContent. @ScotiabankPE ha sido reconocido por segundo año consecutivo como líder de Banca Privada en Perú por Global Finance. Tras el reconocimiento, Patricia Martinez, Head de banca privada en Scotiabank, explica las acciones realizadas para lograr el reconocimiento, así…",6,1,1,0,1.0K
2025-07-17 22:20:55,ScotiabankPE,Mar 7,En Scotiabank te reconocemos tus logros y nos comprometemos a seguir trabajando por la equidad todos los días del año. #8MTodosLosDías. 💜 #8MTODOSLOSDÍAS,14,1,6,0,2.0K
2025-07-17 22:20:55,ScotiabankPE,Oct 16,"#BrandedContent. @ScotiabankPE presentó oficialmente a Sebastián Arcuri como su nuevo CEO, y junto a su CEO Global y Head of International Banking, reforzó su compromiso con sus clientes y el desarrollo del país.

Conoce más: acortar.link/Cg9UF1",19,2,10,1,7.0K
2025-07-17 22:20:55,ScotiabankPE,Sep 10,"Conoce nuestro proyecto en Punchan, Iquitos, Perú🇵🇪, con @scotiabankPE y @WorldVisionPeru, enfocado en mejorar la educación infantil con tecnología, fortalecer el rol familiar con ternura y el apoyo de proyectos juveniles.",2,4,26,1,6.0K
2025-07-17 22:20:55,ScotiabankPE,Aug 29,"Conoce nuestro proyecto en Punchana, Iquitos, Perú🇵🇪, con @ScotiabankPE y @WorldVisionPeru, enfocado en mejorar la educación infantil con tecnología, fortalecer el rol familiar con ternura y el apoyo de proyectos juveniles.",0,4,23,0,5.0K
2025-07-17 22:20:55,ScotiabankPE,Aug 8,Scotiabank lanza Fondo de Impacto Social ScotiaRISE en Perú ⏩n9.cl/bsrmz,6,1,2,0,4.0K
2025-07-17 22:20:55,ScotiabankPE,"Jun 18, 2024","Desde el 2022, hemos implementado el proyecto ""Inclusión Educativa para la Vida"" en Loreto, uno de los departamentos con mayor pobreza monetaria. Esta iniciativa, en alianza con @ScotiabankPE y @FundacioFCB, tiene como objetivo mejorar la calidad educativa de las niñas y niños.",5,1,3,0,5.0K
2025-07-17 22:20:55,ScotiabankPE,"Jun 13, 2024","En nuestro compromiso con el bienestar de la niñez, desde el 2022 implementamos el proyecto ""Inclusión Educativa para la Vida"" con el apoyo de @ScotiabankPE y la @FCBarcelona, para brindar acceso a una educación de calidad a las niñas y niños. 

#Scotiabank #FundacionBarcelona",2,6,9,0,4.0K
2025-07-17 22:20:55,ScotiabankPE,"Jun 14, 2024","Somos y seremos sus más grandes hinchas. ⚽️Etiquétalo y dile por qué lo eres. ❤️

#ScotiabankPerú #HablemosEnSerio #DíaDelPadre",18,0,4,0,4.0K
2025-07-17 23:21:11,ScotiabankPE,Jul 14,"¡Imperdible!​ 🤗ESPECIAL.21  “SÁCALE PROVECHO A TU GRATI”​

¿Sabías que los expertos recomiendan destinar el 30% al ahorro o inversión?​

¿Cuáles son tus objetivos?  ¿cuál es tu situación financiera? ¿puedes invertir?  Estas y  otras consideraciones  mañana en nuestro especial.…",1,2,1,1,949
2025-07-17 23:21:11,ScotiabankPE,Jul 10,"#EntrevistaSE. El CFO de @ScotiabankPE, Marcelo Rodríguez, cuenta que la reciente emisión por US$400 millones busca transmitir un mensaje de permanencia de largo plazo en el Perú.

Por @cabecitaterri.
semanaeconomica.com/economia-finan…",1,2,3,0,691
2025-07-17 23:21:11,ScotiabankPE,Jun 27,".@ScotiabankPE captó US$400 millones en emisión internacional de bonos subordinados. 

semanaeconomica.com/que-esta-pasan…",3,1,1,0,929
2025-07-17 23:21:11,ScotiabankPE,Jun 24,".@ScotiabankPE lanza roadshow internacional previo a nueva emisión de bonos por US$1,000 millones. Scotiabank contrató a @GoldmanSachs y Scotia Capital para presentar la operación ante inversionistas institucionales.
semanaeconomica.com/que-esta-pasan…",0,1,0,0,911
2025-07-17 23:21:11,ScotiabankPE,Jun 20,"Agradecemos a nuestro auspiciador PLATA 🎊 @ScotiabankPE, quién se une a la 30° edición de #CADEUniversitario, el encuentro de jóvenes líderes más importante del país, y se suma a nuestro compromiso de construir un Perú más desarrollado.

Conoce más aquí 👉…",0,1,2,0,463
2025-07-17 23:21:11,ScotiabankPE,Jun 6,"#BrandedContent.  La alta dirección de @ScotiabankPE, liderada por su CEO global, llegó a Perú y sostuvo reuniones con clientes estratégicos y reafirmó la importancia del mercado peruano en su operación internacional.
semanaeconomica.com/economia-finan…",1,1,2,0,981
2025-07-17 23:21:11,ScotiabankPE,May 26,"#BrandedContent.  La alta dirección de @ScotiabankPE, liderada por su CEO global, llegó a Perú y sostuvo reuniones con clientes estratégicos y reafirmó la importancia del mercado peruano en su operación internacional.
semanaeconomica.com/economia-finan…",1,1,2,1,1.0K
2025-07-17 23:21:11,ScotiabankPE,May 22,"#BrandedContent.  La alta dirección de @ScotiabankPE, liderada por su CEO global, llegó a Perú y sostuvo reuniones con clientes estratégicos y reafirmó la importancia del mercado peruano en su operación internacional. 

Conoce más: acortar.link/oCt094",1,1,3,0,1.0K
2025-07-17 23:21:11,ScotiabankPE,Apr 28,"#NotaInformativa | Buscando fortalecer la inversión privada y dinamizar el crecimiento económico, 📈 el ministro @Jose_SalardiR, junto con el director de Sistema Financiero y Mercado de Capitales de la Dirección General de Mercados Financieros y Previsional Privado, Óscar Orcón,…",1,2,5,1,1.0K
2025-07-17 23:21:11,ScotiabankPE,Mar 26,"#BrandedContent. @ScotiabankPE ha sido reconocido por segundo año consecutivo como líder de Banca Privada en Perú por Global Finance.
semanaeconomica.com/economia-finan…",8,1,0,0,2.0K
2025-07-17 23:21:11,ScotiabankPE,Mar 12,"#BrandedContent. @ScotiabankPE ha sido reconocido por segundo año consecutivo como líder de Banca Privada en Perú por Global Finance.

semanaeconomica.com/economia-finan…",4,2,0,0,2.0K
2025-07-17 23:21:11,ScotiabankPE,Mar 7,"#BrandedContent. @ScotiabankPE ha sido reconocido por segundo año consecutivo como líder de Banca Privada en Perú por Global Finance. Tras el reconocimiento, Patricia Martinez, Head de banca privada en Scotiabank, explica las acciones realizadas para lograr el reconocimiento, así…",6,1,1,0,1.0K
2025-07-17 23:21:11,ScotiabankPE,Mar 7,En Scotiabank te reconocemos tus logros y nos comprometemos a seguir trabajando por la equidad todos los días del año. #8MTodosLosDías. 💜 #8MTODOSLOSDÍAS,14,1,6,0,2.0K
2025-07-17 23:21:11,ScotiabankPE,Oct 16,"#BrandedContent. @ScotiabankPE presentó oficialmente a Sebastián Arcuri como su nuevo CEO, y junto a su CEO Global y Head of International Banking, reforzó su compromiso con sus clientes y el desarrollo del país.

Conoce más: acortar.link/Cg9UF1",19,2,10,1,7.0K
2025-07-17 23:21:11,ScotiabankPE,Sep 10,"Conoce nuestro proyecto en Punchan, Iquitos, Perú🇵🇪, con @scotiabankPE y @WorldVisionPeru, enfocado en mejorar la educación infantil con tecnología, fortalecer el rol familiar con ternura y el apoyo de proyectos juveniles.",2,4,26,1,6.0K
2025-07-17 23:21:11,ScotiabankPE,Aug 29,"Conoce nuestro proyecto en Punchana, Iquitos, Perú🇵🇪, con @ScotiabankPE y @WorldVisionPeru, enfocado en mejorar la educación infantil con tecnología, fortalecer el rol familiar con ternura y el apoyo de proyectos juveniles.",0,4,23,0,5.0K
2025-07-17 23:21:11,ScotiabankPE,Aug 8,Scotiabank lanza Fondo de Impacto Social ScotiaRISE en Perú ⏩n9.cl/bsrmz,6,1,2,0,4.0K
2025-07-17 23:21:11,ScotiabankPE,"Jun 18, 2024","Desde el 2022, hemos implementado el proyecto ""Inclusión Educativa para la Vida"" en Loreto, uno de los departamentos con mayor pobreza monetaria. Esta iniciativa, en alianza con @ScotiabankPE y @FundacioFCB, tiene como objetivo mejorar la calidad educativa de las niñas y niños.",5,1,3,0,5.0K
2025-07-17 23:21:11,ScotiabankPE,"Jun 13, 2024","En nuestro compromiso con el bienestar de la niñez, desde el 2022 implementamos el proyecto ""Inclusión Educativa para la Vida"" con el apoyo de @ScotiabankPE y la @FCBarcelona, para brindar acceso a una educación de calidad a las niñas y niños. 

#Scotiabank #FundacionBarcelona",2,6,9,0,4.0K
2025-07-17 23:21:11,ScotiabankPE,"Jun 14, 2024","Somos y seremos sus más grandes hinchas. ⚽️Etiquétalo y dile por qué lo eres. ❤️

#ScotiabankPerú #HablemosEnSerio #DíaDelPadre",18,0,4,0,4.0K
2025-07-18 01:48:16,ScotiabankPE,Jul 14,"¡Imperdible!​ 🤗ESPECIAL.21  “SÁCALE PROVECHO A TU GRATI”​

¿Sabías que los expertos recomiendan destinar el 30% al ahorro o inversión?​

¿Cuáles son tus objetivos?  ¿cuál es tu situación financiera? ¿puedes invertir?  Estas y  otras consideraciones  mañana en nuestro especial.…",2,2,1,1,953
2025-07-18 01:48:16,ScotiabankPE,Jul 10,"#EntrevistaSE. El CFO de @ScotiabankPE, Marcelo Rodríguez, cuenta que la reciente emisión por US$400 millones busca transmitir un mensaje de permanencia de largo plazo en el Perú.

Por @cabecitaterri.
semanaeconomica.com/economia-finan…",1,2,3,0,693
2025-07-18 01:48:16,ScotiabankPE,Jun 27,".@ScotiabankPE captó US$400 millones en emisión internacional de bonos subordinados. 

semanaeconomica.com/que-esta-pasan…",3,1,1,0,931
2025-07-18 01:48:16,ScotiabankPE,Jun 24,".@ScotiabankPE lanza roadshow internacional previo a nueva emisión de bonos por US$1,000 millones. Scotiabank contrató a @GoldmanSachs y Scotia Capital para presentar la operación ante inversionistas institucionales.
semanaeconomica.com/que-esta-pasan…",0,1,0,0,913
2025-07-18 01:48:16,ScotiabankPE,Jun 20,"Agradecemos a nuestro auspiciador PLATA 🎊 @ScotiabankPE, quién se une a la 30° edición de #CADEUniversitario, el encuentro de jóvenes líderes más importante del país, y se suma a nuestro compromiso de construir un Perú más desarrollado.

Conoce más aquí 👉…",0,1,2,0,464
2025-07-18 01:48:16,ScotiabankPE,Jun 6,"#BrandedContent.  La alta dirección de @ScotiabankPE, liderada por su CEO global, llegó a Perú y sostuvo reuniones con clientes estratégicos y reafirmó la importancia del mercado peruano en su operación internacional.
semanaeconomica.com/economia-finan…",1,1,2,0,982
2025-07-18 01:48:16,ScotiabankPE,May 26,"#BrandedContent.  La alta dirección de @ScotiabankPE, liderada por su CEO global, llegó a Perú y sostuvo reuniones con clientes estratégicos y reafirmó la importancia del mercado peruano en su operación internacional.
semanaeconomica.com/economia-finan…",1,1,2,1,1.0K
2025-07-18 01:48:16,ScotiabankPE,May 22,"#BrandedContent.  La alta dirección de @ScotiabankPE, liderada por su CEO global, llegó a Perú y sostuvo reuniones con clientes estratégicos y reafirmó la importancia del mercado peruano en su operación internacional. 

Conoce más: acortar.link/oCt094",1,1,3,0,1.0K
2025-07-18 01:48:16,ScotiabankPE,Apr 28,"#NotaInformativa | Buscando fortalecer la inversión privada y dinamizar el crecimiento económico, 📈 el ministro @Jose_SalardiR, junto con el director de Sistema Financiero y Mercado de Capitales de la Dirección General de Mercados Financieros y Previsional Privado, Óscar Orcón,…",1,2,5,1,1.0K
2025-07-18 01:48:16,ScotiabankPE,Mar 26,"#BrandedContent. @ScotiabankPE ha sido reconocido por segundo año consecutivo como líder de Banca Privada en Perú por Global Finance.
semanaeconomica.com/economia-finan…",8,1,0,0,2.0K
2025-07-18 01:48:16,ScotiabankPE,Mar 12,"#BrandedContent. @ScotiabankPE ha sido reconocido por segundo año consecutivo como líder de Banca Privada en Perú por Global Finance.

semanaeconomica.com/economia-finan…",4,2,0,0,2.0K
2025-07-18 01:48:16,ScotiabankPE,Mar 7,"#BrandedContent. @ScotiabankPE ha sido reconocido por segundo año consecutivo como líder de Banca Privada en Perú por Global Finance. Tras el reconocimiento, Patricia Martinez, Head de banca privada en Scotiabank, explica las acciones realizadas para lograr el reconocimiento, así…",6,1,1,0,1.0K
2025-07-18 01:48:16,ScotiabankPE,Mar 7,En Scotiabank te reconocemos tus logros y nos comprometemos a seguir trabajando por la equidad todos los días del año. #8MTodosLosDías. 💜 #8MTODOSLOSDÍAS,14,1,6,0,2.0K
2025-07-18 01:48:16,ScotiabankPE,Oct 16,"#BrandedContent. @ScotiabankPE presentó oficialmente a Sebastián Arcuri como su nuevo CEO, y junto a su CEO Global y Head of International Banking, reforzó su compromiso con sus clientes y el desarrollo del país.

Conoce más: acortar.link/Cg9UF1",19,2,10,1,7.0K
2025-07-18 01:48:16,ScotiabankPE,Sep 10,"Conoce nuestro proyecto en Punchan, Iquitos, Perú🇵🇪, con @scotiabankPE y @WorldVisionPeru, enfocado en mejorar la educación infantil con tecnología, fortalecer el rol familiar con ternura y el apoyo de proyectos juveniles.",2,4,26,1,6.0K
2025-07-18 01:48:16,ScotiabankPE,Aug 29,"Conoce nuestro proyecto en Punchana, Iquitos, Perú🇵🇪, con @ScotiabankPE y @WorldVisionPeru, enfocado en mejorar la educación infantil con tecnología, fortalecer el rol familiar con ternura y el apoyo de proyectos juveniles.",0,4,23,0,5.0K
2025-07-18 01:48:16,ScotiabankPE,Aug 8,Scotiabank lanza Fondo de Impacto Social ScotiaRISE en Perú ⏩n9.cl/bsrmz,6,1,2,0,4.0K
2025-07-18 01:48:16,ScotiabankPE,"Jun 18, 2024","Desde el 2022, hemos implementado el proyecto ""Inclusión Educativa para la Vida"" en Loreto, uno de los departamentos con mayor pobreza monetaria. Esta iniciativa, en alianza con @ScotiabankPE y @FundacioFCB, tiene como objetivo mejorar la calidad educativa de las niñas y niños.",5,1,3,0,5.0K
2025-07-18 01:48:16,ScotiabankPE,"Jun 13, 2024","En nuestro compromiso con el bienestar de la niñez, desde el 2022 implementamos el proyecto ""Inclusión Educativa para la Vida"" con el apoyo de @ScotiabankPE y la @FCBarcelona, para brindar acceso a una educación de calidad a las niñas y niños. 

#Scotiabank #FundacionBarcelona",2,6,9,0,4.0K
2025-07-18 01:48:16,ScotiabankPE,"Jun 14, 2024","Somos y seremos sus más grandes hinchas. ⚽️Etiquétalo y dile por qué lo eres. ❤️

#ScotiabankPerú #HablemosEnSerio #DíaDelPadre",18,0,4,0,4.0K
2025-07-18 03:38:28,ScotiabankPE,Jul 14,"¡Imperdible!​ 🤗ESPECIAL.21  “SÁCALE PROVECHO A TU GRATI”​

¿Sabías que los expertos recomiendan destinar el 30% al ahorro o inversión?​

¿Cuáles son tus objetivos?  ¿cuál es tu situación financiera? ¿puedes invertir?  Estas y  otras consideraciones  mañana en nuestro especial.…",2,2,1,1,954
2025-07-18 03:38:28,ScotiabankPE,Jul 10,"#EntrevistaSE. El CFO de @ScotiabankPE, Marcelo Rodríguez, cuenta que la reciente emisión por US$400 millones busca transmitir un mensaje de permanencia de largo plazo en el Perú.

Por @cabecitaterri.
semanaeconomica.com/economia-finan…",1,2,3,0,694
2025-07-18 03:38:28,ScotiabankPE,Jun 27,".@ScotiabankPE captó US$400 millones en emisión internacional de bonos subordinados. 

semanaeconomica.com/que-esta-pasan…",3,1,1,0,931
2025-07-18 03:38:28,ScotiabankPE,Jun 24,".@ScotiabankPE lanza roadshow internacional previo a nueva emisión de bonos por US$1,000 millones. Scotiabank contrató a @GoldmanSachs y Scotia Capital para presentar la operación ante inversionistas institucionales.
semanaeconomica.com/que-esta-pasan…",0,1,0,0,913
2025-07-18 03:38:28,ScotiabankPE,Jun 20,"Agradecemos a nuestro auspiciador PLATA 🎊 @ScotiabankPE, quién se une a la 30° edición de #CADEUniversitario, el encuentro de jóvenes líderes más importante del país, y se suma a nuestro compromiso de construir un Perú más desarrollado.

Conoce más aquí 👉…",0,1,2,0,464
2025-07-18 03:38:28,ScotiabankPE,Jun 6,"#BrandedContent.  La alta dirección de @ScotiabankPE, liderada por su CEO global, llegó a Perú y sostuvo reuniones con clientes estratégicos y reafirmó la importancia del mercado peruano en su operación internacional.
semanaeconomica.com/economia-finan…",1,1,2,0,982
2025-07-18 03:38:28,ScotiabankPE,May 26,"#BrandedContent.  La alta dirección de @ScotiabankPE, liderada por su CEO global, llegó a Perú y sostuvo reuniones con clientes estratégicos y reafirmó la importancia del mercado peruano en su operación internacional.
semanaeconomica.com/economia-finan…",1,1,2,1,1.0K
2025-07-18 03:38:28,ScotiabankPE,May 22,"#BrandedContent.  La alta dirección de @ScotiabankPE, liderada por su CEO global, llegó a Perú y sostuvo reuniones con clientes estratégicos y reafirmó la importancia del mercado peruano en su operación internacional. 

Conoce más: acortar.link/oCt094",1,1,3,0,1.0K
2025-07-18 03:38:28,ScotiabankPE,Apr 28,"#NotaInformativa | Buscando fortalecer la inversión privada y dinamizar el crecimiento económico, 📈 el ministro @Jose_SalardiR, junto con el director de Sistema Financiero y Mercado de Capitales de la Dirección General de Mercados Financieros y Previsional Privado, Óscar Orcón,…",1,2,5,1,1.0K
2025-07-18 03:38:28,ScotiabankPE,Mar 26,"#BrandedContent. @ScotiabankPE ha sido reconocido por segundo año consecutivo como líder de Banca Privada en Perú por Global Finance.
semanaeconomica.com/economia-finan…",8,1,0,0,2.0K
2025-07-18 03:38:28,ScotiabankPE,Mar 12,"#BrandedContent. @ScotiabankPE ha sido reconocido por segundo año consecutivo como líder de Banca Privada en Perú por Global Finance.

semanaeconomica.com/economia-finan…",4,2,0,0,2.0K
2025-07-18 03:38:28,ScotiabankPE,Mar 7,"#BrandedContent. @ScotiabankPE ha sido reconocido por segundo año consecutivo como líder de Banca Privada en Perú por Global Finance. Tras el reconocimiento, Patricia Martinez, Head de banca privada en Scotiabank, explica las acciones realizadas para lograr el reconocimiento, así…",6,1,1,0,1.0K
2025-07-18 03:38:28,ScotiabankPE,Mar 7,En Scotiabank te reconocemos tus logros y nos comprometemos a seguir trabajando por la equidad todos los días del año. #8MTodosLosDías. 💜 #8MTODOSLOSDÍAS,14,1,6,0,2.0K
2025-07-18 03:38:28,ScotiabankPE,Oct 16,"#BrandedContent. @ScotiabankPE presentó oficialmente a Sebastián Arcuri como su nuevo CEO, y junto a su CEO Global y Head of International Banking, reforzó su compromiso con sus clientes y el desarrollo del país.

Conoce más: acortar.link/Cg9UF1",19,2,10,1,7.0K
2025-07-18 03:38:28,ScotiabankPE,Sep 10,"Conoce nuestro proyecto en Punchan, Iquitos, Perú🇵🇪, con @scotiabankPE y @WorldVisionPeru, enfocado en mejorar la educación infantil con tecnología, fortalecer el rol familiar con ternura y el apoyo de proyectos juveniles.",2,4,26,1,6.0K
2025-07-18 03:38:28,ScotiabankPE,Aug 29,"Conoce nuestro proyecto en Punchana, Iquitos, Perú🇵🇪, con @ScotiabankPE y @WorldVisionPeru, enfocado en mejorar la educación infantil con tecnología, fortalecer el rol familiar con ternura y el apoyo de proyectos juveniles.",0,4,23,0,5.0K
2025-07-18 03:38:28,ScotiabankPE,Aug 8,Scotiabank lanza Fondo de Impacto Social ScotiaRISE en Perú ⏩n9.cl/bsrmz,6,1,2,0,4.0K
2025-07-18 03:38:28,ScotiabankPE,"Jun 18, 2024","Desde el 2022, hemos implementado el proyecto ""Inclusión Educativa para la Vida"" en Loreto, uno de los departamentos con mayor pobreza monetaria. Esta iniciativa, en alianza con @ScotiabankPE y @FundacioFCB, tiene como objetivo mejorar la calidad educativa de las niñas y niños.",5,1,3,0,5.0K
2025-07-18 03:38:28,ScotiabankPE,"Jun 13, 2024","En nuestro compromiso con el bienestar de la niñez, desde el 2022 implementamos el proyecto ""Inclusión Educativa para la Vida"" con el apoyo de @ScotiabankPE y la @FCBarcelona, para brindar acceso a una educación de calidad a las niñas y niños. 

#Scotiabank #FundacionBarcelona",2,6,9,0,4.0K
2025-07-18 03:38:28,ScotiabankPE,"Jun 14, 2024","Somos y seremos sus más grandes hinchas. ⚽️Etiquétalo y dile por qué lo eres. ❤️

#ScotiabankPerú #HablemosEnSerio #DíaDelPadre",18,0,4,0,4.0K
2025-07-18 04:39:43,ScotiabankPE,Jul 14,"¡Imperdible!​ 🤗ESPECIAL.21  “SÁCALE PROVECHO A TU GRATI”​

¿Sabías que los expertos recomiendan destinar el 30% al ahorro o inversión?​

¿Cuáles son tus objetivos?  ¿cuál es tu situación financiera? ¿puedes invertir?  Estas y  otras consideraciones  mañana en nuestro especial.…",2,2,1,1,956
2025-07-18 04:39:43,ScotiabankPE,Jul 10,"#EntrevistaSE. El CFO de @ScotiabankPE, Marcelo Rodríguez, cuenta que la reciente emisión por US$400 millones busca transmitir un mensaje de permanencia de largo plazo en el Perú.

Por @cabecitaterri.
semanaeconomica.com/economia-finan…",1,2,3,0,696
2025-07-18 04:39:43,ScotiabankPE,Jun 27,".@ScotiabankPE captó US$400 millones en emisión internacional de bonos subordinados. 

semanaeconomica.com/que-esta-pasan…",3,1,1,0,932
2025-07-18 04:39:43,ScotiabankPE,Jun 24,".@ScotiabankPE lanza roadshow internacional previo a nueva emisión de bonos por US$1,000 millones. Scotiabank contrató a @GoldmanSachs y Scotia Capital para presentar la operación ante inversionistas institucionales.
semanaeconomica.com/que-esta-pasan…",0,1,0,0,914
2025-07-18 04:39:43,ScotiabankPE,Jun 20,"Agradecemos a nuestro auspiciador PLATA 🎊 @ScotiabankPE, quién se une a la 30° edición de #CADEUniversitario, el encuentro de jóvenes líderes más importante del país, y se suma a nuestro compromiso de construir un Perú más desarrollado.

Conoce más aquí 👉…",0,1,2,0,465
2025-07-18 04:39:43,ScotiabankPE,Jun 6,"#BrandedContent.  La alta dirección de @ScotiabankPE, liderada por su CEO global, llegó a Perú y sostuvo reuniones con clientes estratégicos y reafirmó la importancia del mercado peruano en su operación internacional.
semanaeconomica.com/economia-finan…",1,1,2,0,983
2025-07-18 04:39:43,ScotiabankPE,May 26,"#BrandedContent.  La alta dirección de @ScotiabankPE, liderada por su CEO global, llegó a Perú y sostuvo reuniones con clientes estratégicos y reafirmó la importancia del mercado peruano en su operación internacional.
semanaeconomica.com/economia-finan…",1,1,2,1,1.0K
2025-07-18 04:39:43,ScotiabankPE,May 22,"#BrandedContent.  La alta dirección de @ScotiabankPE, liderada por su CEO global, llegó a Perú y sostuvo reuniones con clientes estratégicos y reafirmó la importancia del mercado peruano en su operación internacional. 

Conoce más: acortar.link/oCt094",1,1,3,0,1.0K
2025-07-18 04:39:43,ScotiabankPE,Apr 28,"#NotaInformativa | Buscando fortalecer la inversión privada y dinamizar el crecimiento económico, 📈 el ministro @Jose_SalardiR, junto con el director de Sistema Financiero y Mercado de Capitales de la Dirección General de Mercados Financieros y Previsional Privado, Óscar Orcón,…",1,2,5,1,1.0K
2025-07-18 04:39:43,ScotiabankPE,Mar 26,"#BrandedContent. @ScotiabankPE ha sido reconocido por segundo año consecutivo como líder de Banca Privada en Perú por Global Finance.
semanaeconomica.com/economia-finan…",8,1,0,0,2.0K
2025-07-18 04:39:43,ScotiabankPE,Mar 12,"#BrandedContent. @ScotiabankPE ha sido reconocido por segundo año consecutivo como líder de Banca Privada en Perú por Global Finance.

semanaeconomica.com/economia-finan…",4,2,0,0,2.0K
2025-07-18 04:39:43,ScotiabankPE,Mar 7,"#BrandedContent. @ScotiabankPE ha sido reconocido por segundo año consecutivo como líder de Banca Privada en Perú por Global Finance. Tras el reconocimiento, Patricia Martinez, Head de banca privada en Scotiabank, explica las acciones realizadas para lograr el reconocimiento, así…",6,1,1,0,1.0K
2025-07-18 04:39:43,ScotiabankPE,Mar 7,En Scotiabank te reconocemos tus logros y nos comprometemos a seguir trabajando por la equidad todos los días del año. #8MTodosLosDías. 💜 #8MTODOSLOSDÍAS,14,1,6,0,2.0K
2025-07-18 04:39:43,ScotiabankPE,Oct 16,"#BrandedContent. @ScotiabankPE presentó oficialmente a Sebastián Arcuri como su nuevo CEO, y junto a su CEO Global y Head of International Banking, reforzó su compromiso con sus clientes y el desarrollo del país.

Conoce más: acortar.link/Cg9UF1",19,2,10,1,7.0K
2025-07-18 04:39:43,ScotiabankPE,Sep 10,"Conoce nuestro proyecto en Punchan, Iquitos, Perú🇵🇪, con @scotiabankPE y @WorldVisionPeru, enfocado en mejorar la educación infantil con tecnología, fortalecer el rol familiar con ternura y el apoyo de proyectos juveniles.",2,4,26,1,6.0K
2025-07-18 04:39:43,ScotiabankPE,Aug 29,"Conoce nuestro proyecto en Punchana, Iquitos, Perú🇵🇪, con @ScotiabankPE y @WorldVisionPeru, enfocado en mejorar la educación infantil con tecnología, fortalecer el rol familiar con ternura y el apoyo de proyectos juveniles.",0,4,23,0,5.0K
2025-07-18 04:39:43,ScotiabankPE,Aug 8,Scotiabank lanza Fondo de Impacto Social ScotiaRISE en Perú ⏩n9.cl/bsrmz,6,1,2,0,4.0K
2025-07-18 04:39:43,ScotiabankPE,"Jun 18, 2024","Desde el 2022, hemos implementado el proyecto ""Inclusión Educativa para la Vida"" en Loreto, uno de los departamentos con mayor pobreza monetaria. Esta iniciativa, en alianza con @ScotiabankPE y @FundacioFCB, tiene como objetivo mejorar la calidad educativa de las niñas y niños.",5,1,3,0,5.0K
2025-07-18 04:39:43,ScotiabankPE,"Jun 13, 2024","En nuestro compromiso con el bienestar de la niñez, desde el 2022 implementamos el proyecto ""Inclusión Educativa para la Vida"" con el apoyo de @ScotiabankPE y la @FCBarcelona, para brindar acceso a una educación de calidad a las niñas y niños. 

#Scotiabank #FundacionBarcelona",2,6,9,0,4.0K
2025-07-18 04:39:43,ScotiabankPE,"Jun 14, 2024","Somos y seremos sus más grandes hinchas. ⚽️Etiquétalo y dile por qué lo eres. ❤️

#ScotiabankPerú #HablemosEnSerio #DíaDelPadre",18,0,4,0,4.0K
2025-07-18 05:26:41,ScotiabankPE,Jul 14,"¡Imperdible!​ 🤗ESPECIAL.21  “SÁCALE PROVECHO A TU GRATI”​

¿Sabías que los expertos recomiendan destinar el 30% al ahorro o inversión?​

¿Cuáles son tus objetivos?  ¿cuál es tu situación financiera? ¿puedes invertir?  Estas y  otras consideraciones  mañana en nuestro especial.…",2,2,1,1,957
2025-07-18 05:26:41,ScotiabankPE,Jul 10,"#EntrevistaSE. El CFO de @ScotiabankPE, Marcelo Rodríguez, cuenta que la reciente emisión por US$400 millones busca transmitir un mensaje de permanencia de largo plazo en el Perú.

Por @cabecitaterri.
semanaeconomica.com/economia-finan…",1,2,3,0,699
2025-07-18 05:26:41,ScotiabankPE,Jun 27,".@ScotiabankPE captó US$400 millones en emisión internacional de bonos subordinados. 

semanaeconomica.com/que-esta-pasan…",3,1,1,0,933
2025-07-18 05:26:41,ScotiabankPE,Jun 24,".@ScotiabankPE lanza roadshow internacional previo a nueva emisión de bonos por US$1,000 millones. Scotiabank contrató a @GoldmanSachs y Scotia Capital para presentar la operación ante inversionistas institucionales.
semanaeconomica.com/que-esta-pasan…",0,1,0,0,915
2025-07-18 05:26:41,ScotiabankPE,Jun 20,"Agradecemos a nuestro auspiciador PLATA 🎊 @ScotiabankPE, quién se une a la 30° edición de #CADEUniversitario, el encuentro de jóvenes líderes más importante del país, y se suma a nuestro compromiso de construir un Perú más desarrollado.

Conoce más aquí 👉…",0,1,2,0,466
2025-07-18 05:26:41,ScotiabankPE,Jun 6,"#BrandedContent.  La alta dirección de @ScotiabankPE, liderada por su CEO global, llegó a Perú y sostuvo reuniones con clientes estratégicos y reafirmó la importancia del mercado peruano en su operación internacional.
semanaeconomica.com/economia-finan…",1,1,2,0,983
2025-07-18 05:26:41,ScotiabankPE,May 26,"#BrandedContent.  La alta dirección de @ScotiabankPE, liderada por su CEO global, llegó a Perú y sostuvo reuniones con clientes estratégicos y reafirmó la importancia del mercado peruano en su operación internacional.
semanaeconomica.com/economia-finan…",1,1,2,1,1.0K
2025-07-18 05:26:41,ScotiabankPE,May 22,"#BrandedContent.  La alta dirección de @ScotiabankPE, liderada por su CEO global, llegó a Perú y sostuvo reuniones con clientes estratégicos y reafirmó la importancia del mercado peruano en su operación internacional. 

Conoce más: acortar.link/oCt094",1,1,3,0,1.0K
2025-07-18 05:26:41,ScotiabankPE,Apr 28,"#NotaInformativa | Buscando fortalecer la inversión privada y dinamizar el crecimiento económico, 📈 el ministro @Jose_SalardiR, junto con el director de Sistema Financiero y Mercado de Capitales de la Dirección General de Mercados Financieros y Previsional Privado, Óscar Orcón,…",1,2,5,1,1.0K
2025-07-18 05:26:41,ScotiabankPE,Mar 26,"#BrandedContent. @ScotiabankPE ha sido reconocido por segundo año consecutivo como líder de Banca Privada en Perú por Global Finance.
semanaeconomica.com/economia-finan…",8,1,0,0,2.0K
2025-07-18 05:26:41,ScotiabankPE,Mar 12,"#BrandedContent. @ScotiabankPE ha sido reconocido por segundo año consecutivo como líder de Banca Privada en Perú por Global Finance.

semanaeconomica.com/economia-finan…",4,2,0,0,2.0K
2025-07-18 05:26:41,ScotiabankPE,Mar 7,"#BrandedContent. @ScotiabankPE ha sido reconocido por segundo año consecutivo como líder de Banca Privada en Perú por Global Finance. Tras el reconocimiento, Patricia Martinez, Head de banca privada en Scotiabank, explica las acciones realizadas para lograr el reconocimiento, así…",6,1,1,0,1.0K
2025-07-18 05:26:41,ScotiabankPE,Mar 7,En Scotiabank te reconocemos tus logros y nos comprometemos a seguir trabajando por la equidad todos los días del año. #8MTodosLosDías. 💜 #8MTODOSLOSDÍAS,14,1,6,0,2.0K
2025-07-18 05:26:41,ScotiabankPE,Oct 16,"#BrandedContent. @ScotiabankPE presentó oficialmente a Sebastián Arcuri como su nuevo CEO, y junto a su CEO Global y Head of International Banking, reforzó su compromiso con sus clientes y el desarrollo del país.

Conoce más: acortar.link/Cg9UF1",19,2,10,1,7.0K
2025-07-18 05:26:41,ScotiabankPE,Sep 10,"Conoce nuestro proyecto en Punchan, Iquitos, Perú🇵🇪, con @scotiabankPE y @WorldVisionPeru, enfocado en mejorar la educación infantil con tecnología, fortalecer el rol familiar con ternura y el apoyo de proyectos juveniles.",2,4,26,1,6.0K
2025-07-18 05:26:41,ScotiabankPE,Aug 29,"Conoce nuestro proyecto en Punchana, Iquitos, Perú🇵🇪, con @ScotiabankPE y @WorldVisionPeru, enfocado en mejorar la educación infantil con tecnología, fortalecer el rol familiar con ternura y el apoyo de proyectos juveniles.",0,4,23,0,5.0K
2025-07-18 05:26:41,ScotiabankPE,Aug 8,Scotiabank lanza Fondo de Impacto Social ScotiaRISE en Perú ⏩n9.cl/bsrmz,6,1,2,0,4.0K
2025-07-18 05:26:41,ScotiabankPE,"Jun 18, 2024","Desde el 2022, hemos implementado el proyecto ""Inclusión Educativa para la Vida"" en Loreto, uno de los departamentos con mayor pobreza monetaria. Esta iniciativa, en alianza con @ScotiabankPE y @FundacioFCB, tiene como objetivo mejorar la calidad educativa de las niñas y niños.",5,1,3,0,5.0K
2025-07-18 05:26:41,ScotiabankPE,"Jun 13, 2024","En nuestro compromiso con el bienestar de la niñez, desde el 2022 implementamos el proyecto ""Inclusión Educativa para la Vida"" con el apoyo de @ScotiabankPE y la @FCBarcelona, para brindar acceso a una educación de calidad a las niñas y niños. 

#Scotiabank #FundacionBarcelona",2,6,9,0,4.0K
2025-07-18 05:26:41,ScotiabankPE,"Jun 14, 2024","Somos y seremos sus más grandes hinchas. ⚽️Etiquétalo y dile por qué lo eres. ❤️

#ScotiabankPerú #HablemosEnSerio #DíaDelPadre",18,0,4,0,4.0K
2025-07-18 06:32:00,ScotiabankPE,Jul 14,"¡Imperdible!​ 🤗ESPECIAL.21  “SÁCALE PROVECHO A TU GRATI”​

¿Sabías que los expertos recomiendan destinar el 30% al ahorro o inversión?​

¿Cuáles son tus objetivos?  ¿cuál es tu situación financiera? ¿puedes invertir?  Estas y  otras consideraciones  mañana en nuestro especial.…",2,2,1,1,959
2025-07-18 06:32:00,ScotiabankPE,Jul 10,"#EntrevistaSE. El CFO de @ScotiabankPE, Marcelo Rodríguez, cuenta que la reciente emisión por US$400 millones busca transmitir un mensaje de permanencia de largo plazo en el Perú.

Por @cabecitaterri.
semanaeconomica.com/economia-finan…",1,2,3,0,699
2025-07-18 06:32:00,ScotiabankPE,Jun 27,".@ScotiabankPE captó US$400 millones en emisión internacional de bonos subordinados. 

semanaeconomica.com/que-esta-pasan…",3,1,1,0,933
2025-07-18 06:32:00,ScotiabankPE,Jun 24,".@ScotiabankPE lanza roadshow internacional previo a nueva emisión de bonos por US$1,000 millones. Scotiabank contrató a @GoldmanSachs y Scotia Capital para presentar la operación ante inversionistas institucionales.
semanaeconomica.com/que-esta-pasan…",0,1,0,0,915
2025-07-18 06:32:00,ScotiabankPE,Jun 20,"Agradecemos a nuestro auspiciador PLATA 🎊 @ScotiabankPE, quién se une a la 30° edición de #CADEUniversitario, el encuentro de jóvenes líderes más importante del país, y se suma a nuestro compromiso de construir un Perú más desarrollado.

Conoce más aquí 👉…",0,1,2,0,466
2025-07-18 06:32:00,ScotiabankPE,Jun 6,"#BrandedContent.  La alta dirección de @ScotiabankPE, liderada por su CEO global, llegó a Perú y sostuvo reuniones con clientes estratégicos y reafirmó la importancia del mercado peruano en su operación internacional.
semanaeconomica.com/economia-finan…",1,1,2,0,983
2025-07-18 06:32:00,ScotiabankPE,May 26,"#BrandedContent.  La alta dirección de @ScotiabankPE, liderada por su CEO global, llegó a Perú y sostuvo reuniones con clientes estratégicos y reafirmó la importancia del mercado peruano en su operación internacional.
semanaeconomica.com/economia-finan…",1,1,2,1,1.0K
2025-07-18 06:32:00,ScotiabankPE,May 22,"#BrandedContent.  La alta dirección de @ScotiabankPE, liderada por su CEO global, llegó a Perú y sostuvo reuniones con clientes estratégicos y reafirmó la importancia del mercado peruano en su operación internacional. 

Conoce más: acortar.link/oCt094",1,1,3,0,1.0K
2025-07-18 06:32:00,ScotiabankPE,Apr 28,"#NotaInformativa | Buscando fortalecer la inversión privada y dinamizar el crecimiento económico, 📈 el ministro @Jose_SalardiR, junto con el director de Sistema Financiero y Mercado de Capitales de la Dirección General de Mercados Financieros y Previsional Privado, Óscar Orcón,…",1,2,5,1,1.0K
2025-07-18 06:32:00,ScotiabankPE,Mar 26,"#BrandedContent. @ScotiabankPE ha sido reconocido por segundo año consecutivo como líder de Banca Privada en Perú por Global Finance.
semanaeconomica.com/economia-finan…",8,1,0,0,2.0K
2025-07-18 06:32:00,ScotiabankPE,Mar 12,"#BrandedContent. @ScotiabankPE ha sido reconocido por segundo año consecutivo como líder de Banca Privada en Perú por Global Finance.

semanaeconomica.com/economia-finan…",4,2,0,0,2.0K
2025-07-18 06:32:00,ScotiabankPE,Mar 7,"#BrandedContent. @ScotiabankPE ha sido reconocido por segundo año consecutivo como líder de Banca Privada en Perú por Global Finance. Tras el reconocimiento, Patricia Martinez, Head de banca privada en Scotiabank, explica las acciones realizadas para lograr el reconocimiento, así…",6,1,1,0,1.0K
2025-07-18 06:32:00,ScotiabankPE,Mar 7,En Scotiabank te reconocemos tus logros y nos comprometemos a seguir trabajando por la equidad todos los días del año. #8MTodosLosDías. 💜 #8MTODOSLOSDÍAS,14,1,6,0,2.0K
2025-07-18 06:32:00,ScotiabankPE,Oct 16,"#BrandedContent. @ScotiabankPE presentó oficialmente a Sebastián Arcuri como su nuevo CEO, y junto a su CEO Global y Head of International Banking, reforzó su compromiso con sus clientes y el desarrollo del país.

Conoce más: acortar.link/Cg9UF1",19,2,10,1,7.0K
2025-07-18 06:32:00,ScotiabankPE,Sep 10,"Conoce nuestro proyecto en Punchan, Iquitos, Perú🇵🇪, con @scotiabankPE y @WorldVisionPeru, enfocado en mejorar la educación infantil con tecnología, fortalecer el rol familiar con ternura y el apoyo de proyectos juveniles.",2,4,26,1,6.0K
2025-07-18 06:32:00,ScotiabankPE,Aug 29,"Conoce nuestro proyecto en Punchana, Iquitos, Perú🇵🇪, con @ScotiabankPE y @WorldVisionPeru, enfocado en mejorar la educación infantil con tecnología, fortalecer el rol familiar con ternura y el apoyo de proyectos juveniles.",0,4,23,0,5.0K
2025-07-18 06:32:00,ScotiabankPE,Aug 8,Scotiabank lanza Fondo de Impacto Social ScotiaRISE en Perú ⏩n9.cl/bsrmz,6,1,2,0,4.0K
2025-07-18 06:32:00,ScotiabankPE,"Jun 18, 2024","Desde el 2022, hemos implementado el proyecto ""Inclusión Educativa para la Vida"" en Loreto, uno de los departamentos con mayor pobreza monetaria. Esta iniciativa, en alianza con @ScotiabankPE y @FundacioFCB, tiene como objetivo mejorar la calidad educativa de las niñas y niños.",5,1,3,0,5.0K
2025-07-18 06:32:00,ScotiabankPE,"Jun 13, 2024","En nuestro compromiso con el bienestar de la niñez, desde el 2022 implementamos el proyecto ""Inclusión Educativa para la Vida"" con el apoyo de @ScotiabankPE y la @FCBarcelona, para brindar acceso a una educación de calidad a las niñas y niños. 

#Scotiabank #FundacionBarcelona",2,6,9,0,4.0K
2025-07-18 06:32:00,ScotiabankPE,"Jun 14, 2024","Somos y seremos sus más grandes hinchas. ⚽️Etiquétalo y dile por qué lo eres. ❤️

#ScotiabankPerú #HablemosEnSerio #DíaDelPadre",18,0,4,0,4.0K
2025-07-18 07:23:41,ScotiabankPE,Jul 14,"¡Imperdible!​ 🤗ESPECIAL.21  “SÁCALE PROVECHO A TU GRATI”​

¿Sabías que los expertos recomiendan destinar el 30% al ahorro o inversión?​

¿Cuáles son tus objetivos?  ¿cuál es tu situación financiera? ¿puedes invertir?  Estas y  otras consideraciones  mañana en nuestro especial.…",2,2,1,1,959
2025-07-18 07:23:41,ScotiabankPE,Jul 10,"#EntrevistaSE. El CFO de @ScotiabankPE, Marcelo Rodríguez, cuenta que la reciente emisión por US$400 millones busca transmitir un mensaje de permanencia de largo plazo en el Perú.

Por @cabecitaterri.
semanaeconomica.com/economia-finan…",1,2,3,0,699
2025-07-18 07:23:41,ScotiabankPE,Jun 27,".@ScotiabankPE captó US$400 millones en emisión internacional de bonos subordinados. 

semanaeconomica.com/que-esta-pasan…",3,1,1,0,933
2025-07-18 07:23:41,ScotiabankPE,Jun 24,".@ScotiabankPE lanza roadshow internacional previo a nueva emisión de bonos por US$1,000 millones. Scotiabank contrató a @GoldmanSachs y Scotia Capital para presentar la operación ante inversionistas institucionales.
semanaeconomica.com/que-esta-pasan…",0,1,0,0,915
2025-07-18 07:23:41,ScotiabankPE,Jun 20,"Agradecemos a nuestro auspiciador PLATA 🎊 @ScotiabankPE, quién se une a la 30° edición de #CADEUniversitario, el encuentro de jóvenes líderes más importante del país, y se suma a nuestro compromiso de construir un Perú más desarrollado.

Conoce más aquí 👉…",0,1,2,0,466
2025-07-18 07:23:41,ScotiabankPE,Jun 6,"#BrandedContent.  La alta dirección de @ScotiabankPE, liderada por su CEO global, llegó a Perú y sostuvo reuniones con clientes estratégicos y reafirmó la importancia del mercado peruano en su operación internacional.
semanaeconomica.com/economia-finan…",1,1,2,0,983
2025-07-18 07:23:41,ScotiabankPE,May 26,"#BrandedContent.  La alta dirección de @ScotiabankPE, liderada por su CEO global, llegó a Perú y sostuvo reuniones con clientes estratégicos y reafirmó la importancia del mercado peruano en su operación internacional.
semanaeconomica.com/economia-finan…",1,1,2,1,1.0K
2025-07-18 07:23:41,ScotiabankPE,May 22,"#BrandedContent.  La alta dirección de @ScotiabankPE, liderada por su CEO global, llegó a Perú y sostuvo reuniones con clientes estratégicos y reafirmó la importancia del mercado peruano en su operación internacional. 

Conoce más: acortar.link/oCt094",1,1,3,0,1.0K
2025-07-18 07:23:41,ScotiabankPE,Apr 28,"#NotaInformativa | Buscando fortalecer la inversión privada y dinamizar el crecimiento económico, 📈 el ministro @Jose_SalardiR, junto con el director de Sistema Financiero y Mercado de Capitales de la Dirección General de Mercados Financieros y Previsional Privado, Óscar Orcón,…",1,2,5,1,1.0K
2025-07-18 07:23:41,ScotiabankPE,Mar 26,"#BrandedContent. @ScotiabankPE ha sido reconocido por segundo año consecutivo como líder de Banca Privada en Perú por Global Finance.
semanaeconomica.com/economia-finan…",8,1,0,0,2.0K
2025-07-18 07:23:41,ScotiabankPE,Mar 12,"#BrandedContent. @ScotiabankPE ha sido reconocido por segundo año consecutivo como líder de Banca Privada en Perú por Global Finance.

semanaeconomica.com/economia-finan…",4,2,0,0,2.0K
2025-07-18 07:23:41,ScotiabankPE,Mar 7,"#BrandedContent. @ScotiabankPE ha sido reconocido por segundo año consecutivo como líder de Banca Privada en Perú por Global Finance. Tras el reconocimiento, Patricia Martinez, Head de banca privada en Scotiabank, explica las acciones realizadas para lograr el reconocimiento, así…",6,1,1,0,1.0K
2025-07-18 07:23:41,ScotiabankPE,Mar 7,En Scotiabank te reconocemos tus logros y nos comprometemos a seguir trabajando por la equidad todos los días del año. #8MTodosLosDías. 💜 #8MTODOSLOSDÍAS,14,1,6,0,2.0K
2025-07-18 07:23:41,ScotiabankPE,Oct 16,"#BrandedContent. @ScotiabankPE presentó oficialmente a Sebastián Arcuri como su nuevo CEO, y junto a su CEO Global y Head of International Banking, reforzó su compromiso con sus clientes y el desarrollo del país.

Conoce más: acortar.link/Cg9UF1",19,2,10,1,7.0K
2025-07-18 07:23:41,ScotiabankPE,Sep 10,"Conoce nuestro proyecto en Punchan, Iquitos, Perú🇵🇪, con @scotiabankPE y @WorldVisionPeru, enfocado en mejorar la educación infantil con tecnología, fortalecer el rol familiar con ternura y el apoyo de proyectos juveniles.",2,4,26,1,6.0K
2025-07-18 07:23:41,ScotiabankPE,Aug 29,"Conoce nuestro proyecto en Punchana, Iquitos, Perú🇵🇪, con @ScotiabankPE y @WorldVisionPeru, enfocado en mejorar la educación infantil con tecnología, fortalecer el rol familiar con ternura y el apoyo de proyectos juveniles.",0,4,23,0,5.0K
2025-07-18 07:23:41,ScotiabankPE,Aug 8,Scotiabank lanza Fondo de Impacto Social ScotiaRISE en Perú ⏩n9.cl/bsrmz,6,1,2,0,4.0K
2025-07-18 07:23:41,ScotiabankPE,"Jun 18, 2024","Desde el 2022, hemos implementado el proyecto ""Inclusión Educativa para la Vida"" en Loreto, uno de los departamentos con mayor pobreza monetaria. Esta iniciativa, en alianza con @ScotiabankPE y @FundacioFCB, tiene como objetivo mejorar la calidad educativa de las niñas y niños.",5,1,3,0,5.0K
2025-07-18 07:23:41,ScotiabankPE,"Jun 13, 2024","En nuestro compromiso con el bienestar de la niñez, desde el 2022 implementamos el proyecto ""Inclusión Educativa para la Vida"" con el apoyo de @ScotiabankPE y la @FCBarcelona, para brindar acceso a una educación de calidad a las niñas y niños. 

#Scotiabank #FundacionBarcelona",2,6,9,0,4.0K
2025-07-18 07:23:41,ScotiabankPE,"Jun 14, 2024","Somos y seremos sus más grandes hinchas. ⚽️Etiquétalo y dile por qué lo eres. ❤️

#ScotiabankPerú #HablemosEnSerio #DíaDelPadre",18,0,4,0,4.0K
2025-07-18 09:25:38,ScotiabankPE,Jul 14,"¡Imperdible!​ 🤗ESPECIAL.21  “SÁCALE PROVECHO A TU GRATI”​

¿Sabías que los expertos recomiendan destinar el 30% al ahorro o inversión?​

¿Cuáles son tus objetivos?  ¿cuál es tu situación financiera? ¿puedes invertir?  Estas y  otras consideraciones  mañana en nuestro especial.…",2,2,1,1,960
2025-07-18 09:25:38,ScotiabankPE,Jul 10,"#EntrevistaSE. El CFO de @ScotiabankPE, Marcelo Rodríguez, cuenta que la reciente emisión por US$400 millones busca transmitir un mensaje de permanencia de largo plazo en el Perú.

Por @cabecitaterri.
semanaeconomica.com/economia-finan…",1,2,3,0,700
2025-07-18 09:25:38,ScotiabankPE,Jun 27,".@ScotiabankPE captó US$400 millones en emisión internacional de bonos subordinados. 

semanaeconomica.com/que-esta-pasan…",3,1,1,0,933
2025-07-18 09:25:38,ScotiabankPE,Jun 24,".@ScotiabankPE lanza roadshow internacional previo a nueva emisión de bonos por US$1,000 millones. Scotiabank contrató a @GoldmanSachs y Scotia Capital para presentar la operación ante inversionistas institucionales.
semanaeconomica.com/que-esta-pasan…",0,1,0,0,915
2025-07-18 09:25:38,ScotiabankPE,Jun 20,"Agradecemos a nuestro auspiciador PLATA 🎊 @ScotiabankPE, quién se une a la 30° edición de #CADEUniversitario, el encuentro de jóvenes líderes más importante del país, y se suma a nuestro compromiso de construir un Perú más desarrollado.

Conoce más aquí 👉…",0,1,2,0,466
2025-07-18 09:25:38,ScotiabankPE,Jun 6,"#BrandedContent.  La alta dirección de @ScotiabankPE, liderada por su CEO global, llegó a Perú y sostuvo reuniones con clientes estratégicos y reafirmó la importancia del mercado peruano en su operación internacional.
semanaeconomica.com/economia-finan…",1,1,2,0,983
2025-07-18 09:25:38,ScotiabankPE,May 26,"#BrandedContent.  La alta dirección de @ScotiabankPE, liderada por su CEO global, llegó a Perú y sostuvo reuniones con clientes estratégicos y reafirmó la importancia del mercado peruano en su operación internacional.
semanaeconomica.com/economia-finan…",1,1,2,1,1.0K
2025-07-18 09:25:38,ScotiabankPE,May 22,"#BrandedContent.  La alta dirección de @ScotiabankPE, liderada por su CEO global, llegó a Perú y sostuvo reuniones con clientes estratégicos y reafirmó la importancia del mercado peruano en su operación internacional. 

Conoce más: acortar.link/oCt094",1,1,3,0,1.0K
2025-07-18 09:25:38,ScotiabankPE,Apr 28,"#NotaInformativa | Buscando fortalecer la inversión privada y dinamizar el crecimiento económico, 📈 el ministro @Jose_SalardiR, junto con el director de Sistema Financiero y Mercado de Capitales de la Dirección General de Mercados Financieros y Previsional Privado, Óscar Orcón,…",1,2,5,1,1.0K
2025-07-18 09:25:38,ScotiabankPE,Mar 26,"#BrandedContent. @ScotiabankPE ha sido reconocido por segundo año consecutivo como líder de Banca Privada en Perú por Global Finance.
semanaeconomica.com/economia-finan…",8,1,0,0,2.0K
2025-07-18 09:25:38,ScotiabankPE,Mar 12,"#BrandedContent. @ScotiabankPE ha sido reconocido por segundo año consecutivo como líder de Banca Privada en Perú por Global Finance.

semanaeconomica.com/economia-finan…",4,2,0,0,2.0K
2025-07-18 09:25:38,ScotiabankPE,Mar 7,"#BrandedContent. @ScotiabankPE ha sido reconocido por segundo año consecutivo como líder de Banca Privada en Perú por Global Finance. Tras el reconocimiento, Patricia Martinez, Head de banca privada en Scotiabank, explica las acciones realizadas para lograr el reconocimiento, así…",6,1,1,0,1.0K
2025-07-18 09:25:38,ScotiabankPE,Mar 7,En Scotiabank te reconocemos tus logros y nos comprometemos a seguir trabajando por la equidad todos los días del año. #8MTodosLosDías. 💜 #8MTODOSLOSDÍAS,14,1,6,0,2.0K
2025-07-18 09:25:38,ScotiabankPE,Oct 16,"#BrandedContent. @ScotiabankPE presentó oficialmente a Sebastián Arcuri como su nuevo CEO, y junto a su CEO Global y Head of International Banking, reforzó su compromiso con sus clientes y el desarrollo del país.

Conoce más: acortar.link/Cg9UF1",19,2,10,1,7.0K
2025-07-18 09:25:38,ScotiabankPE,Sep 10,"Conoce nuestro proyecto en Punchan, Iquitos, Perú🇵🇪, con @scotiabankPE y @WorldVisionPeru, enfocado en mejorar la educación infantil con tecnología, fortalecer el rol familiar con ternura y el apoyo de proyectos juveniles.",2,4,26,1,6.0K
2025-07-18 09:25:38,ScotiabankPE,Aug 29,"Conoce nuestro proyecto en Punchana, Iquitos, Perú🇵🇪, con @ScotiabankPE y @WorldVisionPeru, enfocado en mejorar la educación infantil con tecnología, fortalecer el rol familiar con ternura y el apoyo de proyectos juveniles.",0,4,23,0,5.0K
2025-07-18 09:25:38,ScotiabankPE,Aug 8,Scotiabank lanza Fondo de Impacto Social ScotiaRISE en Perú ⏩n9.cl/bsrmz,6,1,2,0,4.0K
2025-07-18 09:25:38,ScotiabankPE,"Jun 18, 2024","Desde el 2022, hemos implementado el proyecto ""Inclusión Educativa para la Vida"" en Loreto, uno de los departamentos con mayor pobreza monetaria. Esta iniciativa, en alianza con @ScotiabankPE y @FundacioFCB, tiene como objetivo mejorar la calidad educativa de las niñas y niños.",5,1,3,0,5.0K
2025-07-18 09:25:38,ScotiabankPE,"Jun 13, 2024","En nuestro compromiso con el bienestar de la niñez, desde el 2022 implementamos el proyecto ""Inclusión Educativa para la Vida"" con el apoyo de @ScotiabankPE y la @FCBarcelona, para brindar acceso a una educación de calidad a las niñas y niños. 

#Scotiabank #FundacionBarcelona",2,6,9,0,4.0K
2025-07-18 09:25:38,ScotiabankPE,"Jun 14, 2024","Somos y seremos sus más grandes hinchas. ⚽️Etiquétalo y dile por qué lo eres. ❤️

#ScotiabankPerú #HablemosEnSerio #DíaDelPadre",18,0,4,0,4.0K
2025-07-18 10:23:26,ScotiabankPE,Jul 14,"¡Imperdible!​ 🤗ESPECIAL.21  “SÁCALE PROVECHO A TU GRATI”​

¿Sabías que los expertos recomiendan destinar el 30% al ahorro o inversión?​

¿Cuáles son tus objetivos?  ¿cuál es tu situación financiera? ¿puedes invertir?  Estas y  otras consideraciones  mañana en nuestro especial.…",2,2,1,1,960
2025-07-18 10:23:26,ScotiabankPE,Jul 10,"#EntrevistaSE. El CFO de @ScotiabankPE, Marcelo Rodríguez, cuenta que la reciente emisión por US$400 millones busca transmitir un mensaje de permanencia de largo plazo en el Perú.

Por @cabecitaterri.
semanaeconomica.com/economia-finan…",1,2,3,0,700
2025-07-18 10:23:26,ScotiabankPE,Jun 27,".@ScotiabankPE captó US$400 millones en emisión internacional de bonos subordinados. 

semanaeconomica.com/que-esta-pasan…",3,1,1,0,933
2025-07-18 10:23:26,ScotiabankPE,Jun 24,".@ScotiabankPE lanza roadshow internacional previo a nueva emisión de bonos por US$1,000 millones. Scotiabank contrató a @GoldmanSachs y Scotia Capital para presentar la operación ante inversionistas institucionales.
semanaeconomica.com/que-esta-pasan…",0,1,0,0,915
2025-07-18 10:23:26,ScotiabankPE,Jun 20,"Agradecemos a nuestro auspiciador PLATA 🎊 @ScotiabankPE, quién se une a la 30° edición de #CADEUniversitario, el encuentro de jóvenes líderes más importante del país, y se suma a nuestro compromiso de construir un Perú más desarrollado.

Conoce más aquí 👉…",0,1,2,0,466
2025-07-18 10:23:26,ScotiabankPE,Jun 6,"#BrandedContent.  La alta dirección de @ScotiabankPE, liderada por su CEO global, llegó a Perú y sostuvo reuniones con clientes estratégicos y reafirmó la importancia del mercado peruano en su operación internacional.
semanaeconomica.com/economia-finan…",1,1,2,0,983
2025-07-18 10:23:26,ScotiabankPE,May 26,"#BrandedContent.  La alta dirección de @ScotiabankPE, liderada por su CEO global, llegó a Perú y sostuvo reuniones con clientes estratégicos y reafirmó la importancia del mercado peruano en su operación internacional.
semanaeconomica.com/economia-finan…",1,1,2,1,1.0K
2025-07-18 10:23:26,ScotiabankPE,May 22,"#BrandedContent.  La alta dirección de @ScotiabankPE, liderada por su CEO global, llegó a Perú y sostuvo reuniones con clientes estratégicos y reafirmó la importancia del mercado peruano en su operación internacional. 

Conoce más: acortar.link/oCt094",1,1,3,0,1.0K
2025-07-18 10:23:26,ScotiabankPE,Apr 28,"#NotaInformativa | Buscando fortalecer la inversión privada y dinamizar el crecimiento económico, 📈 el ministro @Jose_SalardiR, junto con el director de Sistema Financiero y Mercado de Capitales de la Dirección General de Mercados Financieros y Previsional Privado, Óscar Orcón,…",1,2,5,1,1.0K
2025-07-18 10:23:26,ScotiabankPE,Mar 26,"#BrandedContent. @ScotiabankPE ha sido reconocido por segundo año consecutivo como líder de Banca Privada en Perú por Global Finance.
semanaeconomica.com/economia-finan…",8,1,0,0,2.0K
2025-07-18 10:23:26,ScotiabankPE,Mar 12,"#BrandedContent. @ScotiabankPE ha sido reconocido por segundo año consecutivo como líder de Banca Privada en Perú por Global Finance.

semanaeconomica.com/economia-finan…",4,2,0,0,2.0K
2025-07-18 10:23:26,ScotiabankPE,Mar 7,"#BrandedContent. @ScotiabankPE ha sido reconocido por segundo año consecutivo como líder de Banca Privada en Perú por Global Finance. Tras el reconocimiento, Patricia Martinez, Head de banca privada en Scotiabank, explica las acciones realizadas para lograr el reconocimiento, así…",6,1,1,0,1.0K
2025-07-18 10:23:26,ScotiabankPE,Mar 7,En Scotiabank te reconocemos tus logros y nos comprometemos a seguir trabajando por la equidad todos los días del año. #8MTodosLosDías. 💜 #8MTODOSLOSDÍAS,14,1,6,0,2.0K
2025-07-18 10:23:26,ScotiabankPE,Oct 16,"#BrandedContent. @ScotiabankPE presentó oficialmente a Sebastián Arcuri como su nuevo CEO, y junto a su CEO Global y Head of International Banking, reforzó su compromiso con sus clientes y el desarrollo del país.

Conoce más: acortar.link/Cg9UF1",19,2,10,1,7.0K
2025-07-18 10:23:26,ScotiabankPE,Sep 10,"Conoce nuestro proyecto en Punchan, Iquitos, Perú🇵🇪, con @scotiabankPE y @WorldVisionPeru, enfocado en mejorar la educación infantil con tecnología, fortalecer el rol familiar con ternura y el apoyo de proyectos juveniles.",2,4,26,1,6.0K
2025-07-18 10:23:26,ScotiabankPE,Aug 29,"Conoce nuestro proyecto en Punchana, Iquitos, Perú🇵🇪, con @ScotiabankPE y @WorldVisionPeru, enfocado en mejorar la educación infantil con tecnología, fortalecer el rol familiar con ternura y el apoyo de proyectos juveniles.",0,4,23,0,5.0K
2025-07-18 10:23:26,ScotiabankPE,Aug 8,Scotiabank lanza Fondo de Impacto Social ScotiaRISE en Perú ⏩n9.cl/bsrmz,6,1,2,0,4.0K
2025-07-18 10:23:26,ScotiabankPE,"Jun 18, 2024","Desde el 2022, hemos implementado el proyecto ""Inclusión Educativa para la Vida"" en Loreto, uno de los departamentos con mayor pobreza monetaria. Esta iniciativa, en alianza con @ScotiabankPE y @FundacioFCB, tiene como objetivo mejorar la calidad educativa de las niñas y niños.",5,1,3,0,5.0K
2025-07-18 10:23:26,ScotiabankPE,"Jun 13, 2024","En nuestro compromiso con el bienestar de la niñez, desde el 2022 implementamos el proyecto ""Inclusión Educativa para la Vida"" con el apoyo de @ScotiabankPE y la @FCBarcelona, para brindar acceso a una educación de calidad a las niñas y niños. 

#Scotiabank #FundacionBarcelona",2,6,9,0,4.0K
2025-07-18 10:23:26,ScotiabankPE,"Jun 14, 2024","Somos y seremos sus más grandes hinchas. ⚽️Etiquétalo y dile por qué lo eres. ❤️

#ScotiabankPerú #HablemosEnSerio #DíaDelPadre",18,0,4,0,4.0K
