,silhouette_score,davies_bouldin_score,calinski_harabasz_score,n_clusters,n_noise
kmeans_elbow,0.6862599676816405,0.4518429112655425,42.70517451427819,3.0,
kmeans_silhouette,0.7068005170753113,0.31563312294130874,102.41778846281316,5.0,
dbscan,0.6112619471822286,0.7436196025812553,13.740549288144418,3.0,6.0
