,silhouette_score,davies_bouldin_score,calinski_harabasz_score,n_clusters
kmeans_elbow,0.6839322532291752,0.3883740742369244,55.626914474204796,3.0
kmeans_silhouette,0.6839322532291752,0.3883740742369244,55.626914474204796,3.0
dbscan,0.0,inf,0.0,1.0
